entryType,eventId,note,accountCode,relatedEntryId,amount_cents,payoutSplitId,credit_cents,codeFlux,stripeEventId,recipientUserId,codeComptable,createdAt,stripeRef,debit_cents,currency,payerUserId,debitCredit,id,created_date,updated_date,created_by_id,created_by,is_sample
"stripe_fees","69fca7dac209ef5fdbe66a06","Frais Stripe dépôt — 5.42$ CAD [Cr stripe_balance]","stripe_balance","69fca93aec99f7bebac193ae","542","","542","DEC-FRAIS","","","5100","2026-05-07T15:01:14.116Z","pi_3TUTMvChRZW5v2uy19LOxekf","0","CAD","","credit","69fca93a4b899ed4f408486b","2026-05-07T15:01:14.575000","2026-05-07T15:01:14.575000","service_720f1ed7-4d53-4623-8377-a9877bf2f722","service+720f1ed7-4d53-4623-8377-a9877bf2f722@no-reply.base44.com","false"
"stripe_fees","69fca7dac209ef5fdbe66a06","Frais Stripe dépôt — 5.42$ CAD [Dr stripe_fees_expense]","stripe_fees_expense","69fca93a4b899ed4f408486b","542","","0","DEC-FRAIS","","","6110","2026-05-07T15:01:14.116Z","pi_3TUTMvChRZW5v2uy19LOxekf","542","CAD","","debit","69fca93aec99f7bebac193ae","2026-05-07T15:01:14.345000","2026-05-07T15:01:14.861000","service_720f1ed7-4d53-4623-8377-a9877bf2f722","service+720f1ed7-4d53-4623-8377-a9877bf2f722@no-reply.base44.com","false"
"escrow_released","69fca7dac209ef5fdbe66a06","Escrow libéré — cachet talent — 138.30$ CAD [Cr stripe_balance]","stripe_balance","69fca939fe5b5f5e559d30d7","13830","","13830","INT-ESCROW","","","5100","2026-05-07T15:01:12.906Z","pi_3TUTMvChRZW5v2uy19LOxekf","0","CAD","","credit","69fca93939e8734b10185478","2026-05-07T15:01:13.412000","2026-05-07T15:01:13.412000","service_720f1ed7-4d53-4623-8377-a9877bf2f722","service+720f1ed7-4d53-4623-8377-a9877bf2f722@no-reply.base44.com","false"
"escrow_released","69fca7dac209ef5fdbe66a06","Escrow libéré — cachet talent — 138.30$ CAD [Dr talent_payable]","talent_payable","69fca93939e8734b10185478","13830","","0","INT-ESCROW","","","4310","2026-05-07T15:01:12.906Z","pi_3TUTMvChRZW5v2uy19LOxekf","13830","CAD","","debit","69fca939fe5b5f5e559d30d7","2026-05-07T15:01:13.181000","2026-05-07T15:01:13.720000","service_720f1ed7-4d53-4623-8377-a9877bf2f722","service+720f1ed7-4d53-4623-8377-a9877bf2f722@no-reply.base44.com","false"
"deposit_captured","69fca7dac209ef5fdbe66a06","Dépôt capturé — event 69fca7dac209ef5fdbe66a06 — 138.30$ CAD [Cr stripe_clearing]","stripe_clearing","69fca93753de70ff6fc6aedd","13830","","13830","INT-CAPTURE","","","5200","2026-05-07T15:01:11.686Z","pi_3TUTMvChRZW5v2uy19LOxekf","0","CAD","","credit","69fca938d19095d85fe5dc83","2026-05-07T15:01:12.304000","2026-05-07T15:01:12.304000","service_720f1ed7-4d53-4623-8377-a9877bf2f722","service+720f1ed7-4d53-4623-8377-a9877bf2f722@no-reply.base44.com","false"
"deposit_captured","69fca7dac209ef5fdbe66a06","Dépôt capturé — event 69fca7dac209ef5fdbe66a06 — 138.30$ CAD [Dr stripe_balance]","stripe_balance","69fca938d19095d85fe5dc83","13830","","0","INT-CAPTURE","","","5100","2026-05-07T15:01:11.686Z","pi_3TUTMvChRZW5v2uy19LOxekf","13830","CAD","","debit","69fca93753de70ff6fc6aedd","2026-05-07T15:01:11.972000","2026-05-07T15:01:12.534000","service_720f1ed7-4d53-4623-8377-a9877bf2f722","service+720f1ed7-4d53-4623-8377-a9877bf2f722@no-reply.base44.com","false"
"stripe_fees","69fca7dac209ef5fdbe66a06","Frais Stripe prélevés par Stripe — 20.92$","stripe_balance","69fca8ea80e7fbf6a0cee44d","2092","","2092","DEC-FRAIS","","","5100","2026-05-07T14:59:53.078Z","pi_3TUTOaChRZW5v2uy0gzllneP","0","CAD","69f2739b8a9489588db01d2c","credit","69fca8ebe82005bf8cb2e254","2026-05-07T14:59:55.151000","2026-05-07T14:59:55.547000","service_720f1ed7-4d53-4623-8377-a9877bf2f722","service+720f1ed7-4d53-4623-8377-a9877bf2f722@no-reply.base44.com","false"
"stripe_fees","69fca7dac209ef5fdbe66a06","Frais Stripe — 20.92$","stripe_fees_expense","69fca8ebe82005bf8cb2e254","2092","","0","DEC-FRAIS","","","6110","2026-05-07T14:59:53.078Z","pi_3TUTOaChRZW5v2uy0gzllneP","2092","CAD","69f2739b8a9489588db01d2c","debit","69fca8ea80e7fbf6a0cee44d","2026-05-07T14:59:54.602000","2026-05-07T14:59:55.373000","service_720f1ed7-4d53-4623-8377-a9877bf2f722","service+720f1ed7-4d53-4623-8377-a9877bf2f722@no-reply.base44.com","false"
"tax_collected","69fca7dac209ef5fdbe66a06","TVQ 9.975% sur commission — 2.65$","tvq_payable","","265","","265","ANA-TAXE","","","4420","2026-05-07T14:59:53.078Z","pi_3TUTOaChRZW5v2uy0gzllneP","0","CAD","69f2739b8a9489588db01d2c","credit","69fca8ea262d5b2eeee86ea4","2026-05-07T14:59:54.355000","2026-05-07T14:59:54.355000","service_720f1ed7-4d53-4623-8377-a9877bf2f722","service+720f1ed7-4d53-4623-8377-a9877bf2f722@no-reply.base44.com","false"
"tax_collected","69fca7dac209ef5fdbe66a06","TPS 5% sur commission — 1.33$","tps_payable","","133","","133","ANA-TAXE","","","4410","2026-05-07T14:59:53.078Z","pi_3TUTOaChRZW5v2uy0gzllneP","0","CAD","69f2739b8a9489588db01d2c","credit","69fca8ea94fc4605f654ae51","2026-05-07T14:59:54.064000","2026-05-07T14:59:54.064000","service_720f1ed7-4d53-4623-8377-a9877bf2f722","service+720f1ed7-4d53-4623-8377-a9877bf2f722@no-reply.base44.com","false"
"commission_earned","69fca7dac209ef5fdbe66a06","Commission MR HT — 26.60$ (5.00%)","commission_revenue","","2660","","2660","ANA-COMMISSION","","","7110","2026-05-07T14:59:53.078Z","pi_3TUTOaChRZW5v2uy0gzllneP","0","CAD","69f2739b8a9489588db01d2c","credit","69fca8e9925183139c6979c7","2026-05-07T14:59:53.769000","2026-05-07T14:59:53.769000","service_720f1ed7-4d53-4623-8377-a9877bf2f722","service+720f1ed7-4d53-4623-8377-a9877bf2f722@no-reply.base44.com","false"
"talent_payable","69fca7dac209ef5fdbe66a06","Cachet talent — 505.40$ (557.34$ × 95.0%)","talent_payable","","50540","","50540","ANA-TALENT","","","4310","2026-05-07T14:59:53.078Z","pi_3TUTOaChRZW5v2uy0gzllneP","0","CAD","69f2739b8a9489588db01d2c","credit","69fca8e905d642e60e63f6a0","2026-05-07T14:59:53.515000","2026-05-07T14:59:53.515000","service_720f1ed7-4d53-4623-8377-a9877bf2f722","service+720f1ed7-4d53-4623-8377-a9877bf2f722@no-reply.base44.com","false"
"balance_received","69fca7dac209ef5fdbe66a06","Balance 80% — event ...e66a06 ""test 99.75$ de commission"" — 557.34$ brut","stripe_balance","","55734","","0","ENC-BALANCE","","","5100","2026-05-07T14:59:53.078Z","pi_3TUTOaChRZW5v2uy0gzllneP","55734","CAD","69f2739b8a9489588db01d2c","debit","69fca8e9aec63e3e749a3b56","2026-05-07T14:59:53.277000","2026-05-07T14:59:53.277000","service_720f1ed7-4d53-4623-8377-a9877bf2f722","service+720f1ed7-4d53-4623-8377-a9877bf2f722@no-reply.base44.com","false"
"tax_collected","69fca7dac209ef5fdbe66a06","TVQ 9.975% sur commission — 0.66$","tvq_payable","","66","","66","ANA-TAXE","","","4420","2026-05-07T14:58:07.884Z","pi_3TUTMvChRZW5v2uy19LOxekf","0","CAD","69f2739b8a9489588db01d2c","credit","69fca881e0558f311c87e5e8","2026-05-07T14:58:09.076000","2026-05-07T14:58:09.076000","service_720f1ed7-4d53-4623-8377-a9877bf2f722","service+720f1ed7-4d53-4623-8377-a9877bf2f722@no-reply.base44.com","false"
"tax_collected","69fca7dac209ef5fdbe66a06","TPS 5% sur commission — 0.33$","tps_payable","","33","","33","ANA-TAXE","","","4410","2026-05-07T14:58:07.884Z","pi_3TUTMvChRZW5v2uy19LOxekf","0","CAD","69f2739b8a9489588db01d2c","credit","69fca880cf768b70c614df62","2026-05-07T14:58:08.844000","2026-05-07T14:58:08.844000","service_720f1ed7-4d53-4623-8377-a9877bf2f722","service+720f1ed7-4d53-4623-8377-a9877bf2f722@no-reply.base44.com","false"
"commission_earned","69fca7dac209ef5fdbe66a06","Commission MR HT — 6.65$ (5.00%)","commission_revenue","","665","","665","ANA-COMMISSION","","","7110","2026-05-07T14:58:07.884Z","pi_3TUTMvChRZW5v2uy19LOxekf","0","CAD","69f2739b8a9489588db01d2c","credit","69fca880413808d28c0b55d3","2026-05-07T14:58:08.561000","2026-05-07T14:58:08.561000","service_720f1ed7-4d53-4623-8377-a9877bf2f722","service+720f1ed7-4d53-4623-8377-a9877bf2f722@no-reply.base44.com","false"
"talent_payable","69fca7dac209ef5fdbe66a06","Cachet talent — 126.35$ (138.30$ × 95.0%)","talent_payable","","12635","","12635","ANA-TALENT","","","4310","2026-05-07T14:58:07.884Z","pi_3TUTMvChRZW5v2uy19LOxekf","0","CAD","69f2739b8a9489588db01d2c","credit","69fca880542876b14e970200","2026-05-07T14:58:08.330000","2026-05-07T14:58:08.330000","service_720f1ed7-4d53-4623-8377-a9877bf2f722","service+720f1ed7-4d53-4623-8377-a9877bf2f722@no-reply.base44.com","false"
"deposit_authorized","69fca7dac209ef5fdbe66a06","Dépôt 20% — event ...e66a06 ""test 99.75$ de commission"" — 138.30$ brut","stripe_clearing","","13830","","0","ENC-DEPOT","","","5200","2026-05-07T14:58:07.884Z","pi_3TUTMvChRZW5v2uy19LOxekf","13830","CAD","69f2739b8a9489588db01d2c","debit","69fca880b6056d6996875ca2","2026-05-07T14:58:08.047000","2026-05-07T14:58:08.047000","service_720f1ed7-4d53-4623-8377-a9877bf2f722","service+720f1ed7-4d53-4623-8377-a9877bf2f722@no-reply.base44.com","false"
"stripe_fees","69fca0713d590690d6058ba1","Frais Stripe dépôt — 1.09$ CAD [Cr stripe_balance]","stripe_balance","69fca1dd6f0ff01ddd4fe089","109","","109","DEC-FRAIS","","","5100","2026-05-07T14:29:48.872Z","pi_3TUSs3ChRZW5v2uy0JqXJ2pY","0","CAD","","credit","69fca1ddf307ed3d49cda4e6","2026-05-07T14:29:49.476000","2026-05-07T14:29:49.476000","service_720f1ed7-4d53-4623-8377-a9877bf2f722","service+720f1ed7-4d53-4623-8377-a9877bf2f722@no-reply.base44.com","false"
"stripe_fees","69fca0713d590690d6058ba1","Frais Stripe dépôt — 1.09$ CAD [Dr stripe_fees_expense]","stripe_fees_expense","69fca1ddf307ed3d49cda4e6","109","","0","DEC-FRAIS","","","6110","2026-05-07T14:29:48.872Z","pi_3TUSs3ChRZW5v2uy0JqXJ2pY","109","CAD","","debit","69fca1dd6f0ff01ddd4fe089","2026-05-07T14:29:49.157000","2026-05-07T14:29:49.733000","service_720f1ed7-4d53-4623-8377-a9877bf2f722","service+720f1ed7-4d53-4623-8377-a9877bf2f722@no-reply.base44.com","false"
"escrow_released","69fca0713d590690d6058ba1","Escrow libéré — cachet talent — 21.22$ CAD [Cr stripe_balance]","stripe_balance","69fca1dbfaeb8cdff1d2f8f5","2122","","2122","INT-ESCROW","","","5100","2026-05-07T14:29:47.103Z","pi_3TUSs3ChRZW5v2uy0JqXJ2pY","0","CAD","","credit","69fca1db18980d2895d47970","2026-05-07T14:29:47.639000","2026-05-07T14:29:47.639000","service_720f1ed7-4d53-4623-8377-a9877bf2f722","service+720f1ed7-4d53-4623-8377-a9877bf2f722@no-reply.base44.com","false"
"escrow_released","69fca0713d590690d6058ba1","Escrow libéré — cachet talent — 21.22$ CAD [Dr talent_payable]","talent_payable","69fca1db18980d2895d47970","2122","","0","INT-ESCROW","","","4310","2026-05-07T14:29:47.103Z","pi_3TUSs3ChRZW5v2uy0JqXJ2pY","2122","CAD","","debit","69fca1dbfaeb8cdff1d2f8f5","2026-05-07T14:29:47.312000","2026-05-07T14:29:47.937000","service_720f1ed7-4d53-4623-8377-a9877bf2f722","service+720f1ed7-4d53-4623-8377-a9877bf2f722@no-reply.base44.com","false"
"deposit_captured","69fca0713d590690d6058ba1","Dépôt capturé — event 69fca0713d590690d6058ba1 — 21.22$ CAD [Cr stripe_clearing]","stripe_clearing","69fca1d9ad539f5cf5e7ca16","2122","","2122","INT-CAPTURE","","","5200","2026-05-07T14:29:45.529Z","pi_3TUSs3ChRZW5v2uy0JqXJ2pY","0","CAD","","credit","69fca1daabfc325e32b08276","2026-05-07T14:29:46.209000","2026-05-07T14:29:46.209000","service_720f1ed7-4d53-4623-8377-a9877bf2f722","service+720f1ed7-4d53-4623-8377-a9877bf2f722@no-reply.base44.com","false"
"deposit_captured","69fca0713d590690d6058ba1","Dépôt capturé — event 69fca0713d590690d6058ba1 — 21.22$ CAD [Dr stripe_balance]","stripe_balance","69fca1daabfc325e32b08276","2122","","0","INT-CAPTURE","","","5100","2026-05-07T14:29:45.529Z","pi_3TUSs3ChRZW5v2uy0JqXJ2pY","2122","CAD","","debit","69fca1d9ad539f5cf5e7ca16","2026-05-07T14:29:45.865000","2026-05-07T14:29:46.707000","service_720f1ed7-4d53-4623-8377-a9877bf2f722","service+720f1ed7-4d53-4623-8377-a9877bf2f722@no-reply.base44.com","false"
"stripe_fees","69fca0713d590690d6058ba1","Frais Stripe prélevés par Stripe — 3.49$","stripe_balance","69fca1543c72622bda430d28","349","","349","DEC-FRAIS","","","5100","2026-05-07T14:27:31.190Z","pi_3TUStTChRZW5v2uy13dXZ06G","0","CAD","69f75ab48443764c81e1d5f8","credit","69fca15582757cb41cdbd0f0","2026-05-07T14:27:33.169000","2026-05-07T14:27:33.721000","service_720f1ed7-4d53-4623-8377-a9877bf2f722","service+720f1ed7-4d53-4623-8377-a9877bf2f722@no-reply.base44.com","false"
"stripe_fees","69fca0713d590690d6058ba1","Frais Stripe — 3.49$","stripe_fees_expense","69fca15582757cb41cdbd0f0","349","","0","DEC-FRAIS","","","6110","2026-05-07T14:27:31.190Z","pi_3TUStTChRZW5v2uy13dXZ06G","349","CAD","69f75ab48443764c81e1d5f8","debit","69fca1543c72622bda430d28","2026-05-07T14:27:32.891000","2026-05-07T14:27:33.389000","service_720f1ed7-4d53-4623-8377-a9877bf2f722","service+720f1ed7-4d53-4623-8377-a9877bf2f722@no-reply.base44.com","false"
"tax_collected","69fca0713d590690d6058ba1","TVQ 9.975% sur commission — 0.80$","tvq_payable","","80","","80","ANA-TAXE","","","4420","2026-05-07T14:27:31.190Z","pi_3TUStTChRZW5v2uy13dXZ06G","0","CAD","69f75ab48443764c81e1d5f8","credit","69fca15422a5a1a3d1e143ca","2026-05-07T14:27:32.642000","2026-05-07T14:27:32.642000","service_720f1ed7-4d53-4623-8377-a9877bf2f722","service+720f1ed7-4d53-4623-8377-a9877bf2f722@no-reply.base44.com","false"
"tax_collected","69fca0713d590690d6058ba1","TPS 5% sur commission — 0.40$","tps_payable","","40","","40","ANA-TAXE","","","4410","2026-05-07T14:27:31.190Z","pi_3TUStTChRZW5v2uy13dXZ06G","0","CAD","69f75ab48443764c81e1d5f8","credit","69fca15474a5794ee3bc8a67","2026-05-07T14:27:32.360000","2026-05-07T14:27:32.360000","service_720f1ed7-4d53-4623-8377-a9877bf2f722","service+720f1ed7-4d53-4623-8377-a9877bf2f722@no-reply.base44.com","false"
"commission_earned","69fca0713d590690d6058ba1","Commission MR HT — 8.00$ (10.00%)","commission_revenue","","800","","800","ANA-COMMISSION","","","7110","2026-05-07T14:27:31.190Z","pi_3TUStTChRZW5v2uy13dXZ06G","0","CAD","69f75ab48443764c81e1d5f8","credit","69fca1548ff02f806ed8a316","2026-05-07T14:27:32.073000","2026-05-07T14:27:32.073000","service_720f1ed7-4d53-4623-8377-a9877bf2f722","service+720f1ed7-4d53-4623-8377-a9877bf2f722@no-reply.base44.com","false"
"talent_payable","69fca0713d590690d6058ba1","Cachet talent — 72.00$ (86.15$ × 90.0%)","talent_payable","","7200","","7200","ANA-TALENT","","","4310","2026-05-07T14:27:31.190Z","pi_3TUStTChRZW5v2uy13dXZ06G","0","CAD","69f75ab48443764c81e1d5f8","credit","69fca153bf4835bfbde5deca","2026-05-07T14:27:31.774000","2026-05-07T14:27:31.774000","service_720f1ed7-4d53-4623-8377-a9877bf2f722","service+720f1ed7-4d53-4623-8377-a9877bf2f722@no-reply.base44.com","false"
"balance_received","69fca0713d590690d6058ba1","Balance 80% — event ...058ba1 ""test nouveaux taux"" — 86.15$ brut","stripe_balance","","8615","","0","ENC-BALANCE","","","5100","2026-05-07T14:27:31.190Z","pi_3TUStTChRZW5v2uy13dXZ06G","8615","CAD","69f75ab48443764c81e1d5f8","debit","69fca153e45916eb8a631c57","2026-05-07T14:27:31.467000","2026-05-07T14:27:31.467000","service_720f1ed7-4d53-4623-8377-a9877bf2f722","service+720f1ed7-4d53-4623-8377-a9877bf2f722@no-reply.base44.com","false"
"tax_collected","69fca0713d590690d6058ba1","TVQ 9.975% sur commission — 0.20$","tvq_payable","","20","","20","ANA-TAXE","","","4420","2026-05-07T14:26:02.561Z","pi_3TUSs3ChRZW5v2uy0JqXJ2pY","0","CAD","69f75ab48443764c81e1d5f8","credit","69fca0fbe481986fc6b9c3c2","2026-05-07T14:26:03.528000","2026-05-07T14:26:03.528000","service_720f1ed7-4d53-4623-8377-a9877bf2f722","service+720f1ed7-4d53-4623-8377-a9877bf2f722@no-reply.base44.com","false"
"tax_collected","69fca0713d590690d6058ba1","TPS 5% sur commission — 0.10$","tps_payable","","10","","10","ANA-TAXE","","","4410","2026-05-07T14:26:02.561Z","pi_3TUSs3ChRZW5v2uy0JqXJ2pY","0","CAD","69f75ab48443764c81e1d5f8","credit","69fca0fb53be8af21cb04edb","2026-05-07T14:26:03.357000","2026-05-07T14:26:03.357000","service_720f1ed7-4d53-4623-8377-a9877bf2f722","service+720f1ed7-4d53-4623-8377-a9877bf2f722@no-reply.base44.com","false"
"commission_earned","69fca0713d590690d6058ba1","Commission MR HT — 2.00$ (10.00%)","commission_revenue","","200","","200","ANA-COMMISSION","","","7110","2026-05-07T14:26:02.561Z","pi_3TUSs3ChRZW5v2uy0JqXJ2pY","0","CAD","69f75ab48443764c81e1d5f8","credit","69fca0fb7b0eb5221fb7ef9e","2026-05-07T14:26:03.142000","2026-05-07T14:26:03.142000","service_720f1ed7-4d53-4623-8377-a9877bf2f722","service+720f1ed7-4d53-4623-8377-a9877bf2f722@no-reply.base44.com","false"
"talent_payable","69fca0713d590690d6058ba1","Cachet talent — 18.00$ (21.22$ × 90.0%)","talent_payable","","1800","","1800","ANA-TALENT","","","4310","2026-05-07T14:26:02.561Z","pi_3TUSs3ChRZW5v2uy0JqXJ2pY","0","CAD","69f75ab48443764c81e1d5f8","credit","69fca0fa33db3084ad9757f1","2026-05-07T14:26:02.957000","2026-05-07T14:26:02.957000","service_720f1ed7-4d53-4623-8377-a9877bf2f722","service+720f1ed7-4d53-4623-8377-a9877bf2f722@no-reply.base44.com","false"
"deposit_authorized","69fca0713d590690d6058ba1","Dépôt 20% — event ...058ba1 ""test nouveaux taux"" — 21.22$ brut","stripe_clearing","","2122","","0","ENC-DEPOT","","","5200","2026-05-07T14:26:02.561Z","pi_3TUSs3ChRZW5v2uy0JqXJ2pY","2122","CAD","69f75ab48443764c81e1d5f8","debit","69fca0faa8ac56bb8fac6381","2026-05-07T14:26:02.699000","2026-05-07T14:26:02.699000","service_720f1ed7-4d53-4623-8377-a9877bf2f722","service+720f1ed7-4d53-4623-8377-a9877bf2f722@no-reply.base44.com","false"
"noshow_refund_issued","69f77a1c312b74a9460d126c","No-show — remboursement payeur — 61.37$ sorti de Stripe","stripe_balance","69fc987621a0e0b87c8a278f","6137","69fa4b9e68eb38a1729fc1d2","6137","DEC-REMB","","","5100","2026-05-07T13:49:42.425Z","re_3TT38EChRZW5v2uy0W8FGTog","0","CAD","","credit","69fc98779ce54dd237ea3927","2026-05-07T13:49:43.050000","2026-05-07T14:08:00.600000","service_720f1ed7-4d53-4623-8377-a9877bf2f722","service+720f1ed7-4d53-4623-8377-a9877bf2f722@no-reply.base44.com","false"
"noshow_refund_issued","69f77a1c312b74a9460d126c","No-show — solde passif talent — 61.37$ — event ...0d126c","talent_payable","69fc98779ce54dd237ea3927","6137","69fa4b9e68eb38a1729fc1d2","0","DEC-REMB","","","4310","2026-05-07T13:49:42.425Z","re_3TT38EChRZW5v2uy0W8FGTog","6137","CAD","","debit","69fc987621a0e0b87c8a278f","2026-05-07T13:49:42.575000","2026-05-07T14:07:38.691000","service_720f1ed7-4d53-4623-8377-a9877bf2f722","service+720f1ed7-4d53-4623-8377-a9877bf2f722@no-reply.base44.com","false"
"noshow_refund_issued","69fb3e06e5ec52f1e0c5d166","No-show — remboursement payeur — 690.41$ sorti de Stripe","stripe_balance","69fc986f85c27f73d47894fe","69041","69fc8bb73652e410d63041be","69041","DEC-REMB","","","5100","2026-05-07T13:49:35.063Z","re_3TU5PHChRZW5v2uy0CDWZuJS","0","CAD","","credit","69fc98702fe432675416364e","2026-05-07T13:49:36.916000","2026-05-07T14:07:50.398000","service_720f1ed7-4d53-4623-8377-a9877bf2f722","service+720f1ed7-4d53-4623-8377-a9877bf2f722@no-reply.base44.com","false"
"noshow_refund_issued","69fb3e06e5ec52f1e0c5d166","No-show — solde passif talent — 690.41$ — event ...c5d166","talent_payable","69fc98702fe432675416364e","69041","69fc8bb73652e410d63041be","0","DEC-REMB","","","4310","2026-05-07T13:49:35.063Z","re_3TU5PHChRZW5v2uy0CDWZuJS","69041","CAD","","debit","69fc986f85c27f73d47894fe","2026-05-07T13:49:35.863000","2026-05-07T14:07:29.023000","service_720f1ed7-4d53-4623-8377-a9877bf2f722","service+720f1ed7-4d53-4623-8377-a9877bf2f722@no-reply.base44.com","false"
"payout_executed","69fb72f19a83df199bb7f9a1","Virement talent sorti — test Confirmstripepayment v33 - 3 — 199.30$","stripe_balance","69fc985382b51c478379f773","19930","69fc91f811d3b743bed5948d","19930","DEC-PAYOUT","","","5100","2026-05-07T13:49:06.959Z","tr_1TUSIXChRZW5v2uyftYLYkpp","0","CAD","","credit","69fc985317ee4dc10c8f3230","2026-05-07T13:49:07.657000","2026-05-07T14:06:07.172000","service_720f1ed7-4d53-4623-8377-a9877bf2f722","service+720f1ed7-4d53-4623-8377-a9877bf2f722@no-reply.base44.com","false"
"payout_executed","69fb72f19a83df199bb7f9a1","Virement talent — test Confirmstripepayment v33 - 3 — 199.30$ → Connect 4eCX15Bv","talent_payable","69fc985317ee4dc10c8f3230","19930","69fc91f811d3b743bed5948d","0","DEC-PAYOUT","","","4310","2026-05-07T13:49:06.959Z","tr_1TUSIXChRZW5v2uyftYLYkpp","19930","CAD","","debit","69fc985382b51c478379f773","2026-05-07T13:49:07.228000","2026-05-07T14:05:59.005000","service_720f1ed7-4d53-4623-8377-a9877bf2f722","service+720f1ed7-4d53-4623-8377-a9877bf2f722@no-reply.base44.com","false"
"stripe_fees","69f615b84b21070e1ca0f945","Frais Stripe dépôt — 1.09$ CAD [Cr stripe_balance]","stripe_balance","69fc92a37d4f9b17323b35cb","109","","109","DEC-FRAIS","","","5100","2026-05-07T13:24:51.749Z","pi_3TURtQChRZW5v2uy0zGe4vXH","0","CAD","","credit","69fc92a4789f12eba59602a1","2026-05-07T13:24:52.043000","2026-05-07T13:24:52.043000","service_720f1ed7-4d53-4623-8377-a9877bf2f722","service+720f1ed7-4d53-4623-8377-a9877bf2f722@no-reply.base44.com","false"
"stripe_fees","69f615b84b21070e1ca0f945","Frais Stripe dépôt — 1.09$ CAD [Dr stripe_fees_expense]","stripe_fees_expense","69fc92a4789f12eba59602a1","109","","0","DEC-FRAIS","","","6110","2026-05-07T13:24:51.749Z","pi_3TURtQChRZW5v2uy0zGe4vXH","109","CAD","","debit","69fc92a37d4f9b17323b35cb","2026-05-07T13:24:51.888000","2026-05-07T13:24:52.273000","service_720f1ed7-4d53-4623-8377-a9877bf2f722","service+720f1ed7-4d53-4623-8377-a9877bf2f722@no-reply.base44.com","false"
"escrow_released","69f615b84b21070e1ca0f945","Escrow libéré — cachet talent — 21.26$ CAD [Cr stripe_balance]","stripe_balance","69fc92a37b63b8a0d8788218","2126","","2126","INT-ESCROW","","","5100","2026-05-07T13:24:50.879Z","pi_3TURtQChRZW5v2uy0zGe4vXH","0","CAD","","credit","69fc92a372b7549674708ef5","2026-05-07T13:24:51.246000","2026-05-07T13:24:51.246000","service_720f1ed7-4d53-4623-8377-a9877bf2f722","service+720f1ed7-4d53-4623-8377-a9877bf2f722@no-reply.base44.com","false"
"escrow_released","69f615b84b21070e1ca0f945","Escrow libéré — cachet talent — 21.26$ CAD [Dr talent_payable]","talent_payable","69fc92a372b7549674708ef5","2126","","0","INT-ESCROW","","","4310","2026-05-07T13:24:50.879Z","pi_3TURtQChRZW5v2uy0zGe4vXH","2126","CAD","","debit","69fc92a37b63b8a0d8788218","2026-05-07T13:24:51.010000","2026-05-07T13:24:51.480000","service_720f1ed7-4d53-4623-8377-a9877bf2f722","service+720f1ed7-4d53-4623-8377-a9877bf2f722@no-reply.base44.com","false"
"deposit_captured","69f615b84b21070e1ca0f945","Dépôt capturé — event 69f615b84b21070e1ca0f945 — 21.26$ CAD [Cr stripe_clearing]","stripe_clearing","69fc92a20ec02726e6466d25","2126","","2126","INT-CAPTURE","","","5200","2026-05-07T13:24:50.054Z","pi_3TURtQChRZW5v2uy0zGe4vXH","0","CAD","","credit","69fc92a2b9f596eabb9273a6","2026-05-07T13:24:50.397000","2026-05-07T13:24:50.397000","service_720f1ed7-4d53-4623-8377-a9877bf2f722","service+720f1ed7-4d53-4623-8377-a9877bf2f722@no-reply.base44.com","false"
"deposit_captured","69f615b84b21070e1ca0f945","Dépôt capturé — event 69f615b84b21070e1ca0f945 — 21.26$ CAD [Dr stripe_balance]","stripe_balance","69fc92a2b9f596eabb9273a6","2126","","0","INT-CAPTURE","","","5100","2026-05-07T13:24:50.054Z","pi_3TURtQChRZW5v2uy0zGe4vXH","2126","CAD","","debit","69fc92a20ec02726e6466d25","2026-05-07T13:24:50.198000","2026-05-07T13:24:50.639000","service_720f1ed7-4d53-4623-8377-a9877bf2f722","service+720f1ed7-4d53-4623-8377-a9877bf2f722@no-reply.base44.com","false"
"stripe_fees","69f615b84b21070e1ca0f945","Frais Stripe prélevés par Stripe — 3.47$","stripe_balance","69fc9280cef9ce3c44a6dd7f","347","","347","DEC-FRAIS","","","5100","2026-05-07T13:24:15.861Z","pi_3TURuIChRZW5v2uy12PUE2V5","0","CAD","69f2739b8a9489588db01d2c","credit","69fc928139ad7d3bc99b786a","2026-05-07T13:24:17.117000","2026-05-07T13:24:17.596000","service_720f1ed7-4d53-4623-8377-a9877bf2f722","service+720f1ed7-4d53-4623-8377-a9877bf2f722@no-reply.base44.com","false"
"stripe_fees","69f615b84b21070e1ca0f945","Frais Stripe — 3.47$","stripe_fees_expense","69fc928139ad7d3bc99b786a","347","","0","DEC-FRAIS","","","6110","2026-05-07T13:24:15.861Z","pi_3TURuIChRZW5v2uy12PUE2V5","347","CAD","69f2739b8a9489588db01d2c","debit","69fc9280cef9ce3c44a6dd7f","2026-05-07T13:24:16.941000","2026-05-07T13:24:17.352000","service_720f1ed7-4d53-4623-8377-a9877bf2f722","service+720f1ed7-4d53-4623-8377-a9877bf2f722@no-reply.base44.com","false"
"tax_collected","69f615b84b21070e1ca0f945","TVQ 9.975% sur commission — 0.40$","tvq_payable","","40","","40","ANA-TAXE","","","4420","2026-05-07T13:24:15.861Z","pi_3TURuIChRZW5v2uy12PUE2V5","0","CAD","69f2739b8a9489588db01d2c","credit","69fc928061ef5ad2e19bf914","2026-05-07T13:24:16.708000","2026-05-07T13:24:16.708000","service_720f1ed7-4d53-4623-8377-a9877bf2f722","service+720f1ed7-4d53-4623-8377-a9877bf2f722@no-reply.base44.com","false"
"tax_collected","69f615b84b21070e1ca0f945","TPS 5% sur commission — 0.20$","tps_payable","","20","","20","ANA-TAXE","","","4410","2026-05-07T13:24:15.861Z","pi_3TURuIChRZW5v2uy12PUE2V5","0","CAD","69f2739b8a9489588db01d2c","credit","69fc9280702c3426297143d7","2026-05-07T13:24:16.467000","2026-05-07T13:24:16.467000","service_720f1ed7-4d53-4623-8377-a9877bf2f722","service+720f1ed7-4d53-4623-8377-a9877bf2f722@no-reply.base44.com","false"
"commission_earned","69f615b84b21070e1ca0f945","Commission MR HT — 4.00$ (5.00%)","commission_revenue","","400","","400","ANA-COMMISSION","","","7110","2026-05-07T13:24:15.861Z","pi_3TURuIChRZW5v2uy12PUE2V5","0","CAD","69f2739b8a9489588db01d2c","credit","69fc928007816e40ecc56ee2","2026-05-07T13:24:16.240000","2026-05-07T13:24:16.240000","service_720f1ed7-4d53-4623-8377-a9877bf2f722","service+720f1ed7-4d53-4623-8377-a9877bf2f722@no-reply.base44.com","false"
"talent_payable","69f615b84b21070e1ca0f945","Cachet talent — 76.00$ (85.68$ × 95.0%)","talent_payable","","7600","","7600","ANA-TALENT","","","4310","2026-05-07T13:24:15.861Z","pi_3TURuIChRZW5v2uy12PUE2V5","0","CAD","69f2739b8a9489588db01d2c","credit","69fc92805903ec72d1ecf745","2026-05-07T13:24:16.115000","2026-05-07T13:24:16.115000","service_720f1ed7-4d53-4623-8377-a9877bf2f722","service+720f1ed7-4d53-4623-8377-a9877bf2f722@no-reply.base44.com","false"
"balance_received","69f615b84b21070e1ca0f945","Balance 80% — event ...a0f945 ""test 105"" — 85.68$ brut","stripe_balance","","8568","","0","ENC-BALANCE","","","5100","2026-05-07T13:24:15.861Z","pi_3TURuIChRZW5v2uy12PUE2V5","8568","CAD","69f2739b8a9489588db01d2c","debit","69fc927fd9364b3d05c30554","2026-05-07T13:24:15.960000","2026-05-07T13:24:15.960000","service_720f1ed7-4d53-4623-8377-a9877bf2f722","service+720f1ed7-4d53-4623-8377-a9877bf2f722@no-reply.base44.com","false"
"tax_collected","69f615b84b21070e1ca0f945","TVQ 9.975% sur commission — 0.10$","tvq_payable","","10","","10","ANA-TAXE","","","4420","2026-05-07T13:23:26.768Z","pi_3TURtQChRZW5v2uy0zGe4vXH","0","CAD","69f2739b8a9489588db01d2c","credit","69fc924f6392858656a90906","2026-05-07T13:23:27.801000","2026-05-07T13:23:27.801000","service_720f1ed7-4d53-4623-8377-a9877bf2f722","service+720f1ed7-4d53-4623-8377-a9877bf2f722@no-reply.base44.com","false"
"tax_collected","69f615b84b21070e1ca0f945","TPS 5% sur commission — 0.05$","tps_payable","","5","","5","ANA-TAXE","","","4410","2026-05-07T13:23:26.768Z","pi_3TURtQChRZW5v2uy0zGe4vXH","0","CAD","69f2739b8a9489588db01d2c","credit","69fc924f2a2562d644f7b1b7","2026-05-07T13:23:27.533000","2026-05-07T13:23:27.533000","service_720f1ed7-4d53-4623-8377-a9877bf2f722","service+720f1ed7-4d53-4623-8377-a9877bf2f722@no-reply.base44.com","false"
"commission_earned","69f615b84b21070e1ca0f945","Commission MR HT — 1.00$ (5.00%)","commission_revenue","","100","","100","ANA-COMMISSION","","","7110","2026-05-07T13:23:26.768Z","pi_3TURtQChRZW5v2uy0zGe4vXH","0","CAD","69f2739b8a9489588db01d2c","credit","69fc924f7667fd8fc83c4038","2026-05-07T13:23:27.291000","2026-05-07T13:23:27.291000","service_720f1ed7-4d53-4623-8377-a9877bf2f722","service+720f1ed7-4d53-4623-8377-a9877bf2f722@no-reply.base44.com","false"
"talent_payable","69f615b84b21070e1ca0f945","Cachet talent — 19.00$ (21.26$ × 95.0%)","talent_payable","","1900","","1900","ANA-TALENT","","","4310","2026-05-07T13:23:26.768Z","pi_3TURtQChRZW5v2uy0zGe4vXH","0","CAD","69f2739b8a9489588db01d2c","credit","69fc924f538fdb15e1d64b6f","2026-05-07T13:23:27.088000","2026-05-07T13:23:27.088000","service_720f1ed7-4d53-4623-8377-a9877bf2f722","service+720f1ed7-4d53-4623-8377-a9877bf2f722@no-reply.base44.com","false"
"deposit_authorized","69f615b84b21070e1ca0f945","Dépôt 20% — event ...a0f945 ""test 105"" — 21.26$ brut","stripe_clearing","","2126","","0","ENC-DEPOT","","","5200","2026-05-07T13:23:26.768Z","pi_3TURtQChRZW5v2uy0zGe4vXH","2126","CAD","69f2739b8a9489588db01d2c","debit","69fc924e1436b78693ab33cd","2026-05-07T13:23:26.899000","2026-05-07T13:23:26.899000","service_720f1ed7-4d53-4623-8377-a9877bf2f722","service+720f1ed7-4d53-4623-8377-a9877bf2f722@no-reply.base44.com","false"
"balance_refunded","69fb72f19a83df199bb7f9a1","Annulation >= J-7 — balance sortie de Stripe 853.49$ — event ...b7f9a1","stripe_balance","","85349","","85349","DEC-REMB","","","5100","2026-05-07T13:21:54.555Z","cancel_balance_69fb72f19a83df199bb7f9a1","0","CAD","","credit","69fc91f3d76c7dff01496b2f","2026-05-07T13:21:55.057000","2026-05-07T13:21:55.057000","service_720f1ed7-4d53-4623-8377-a9877bf2f722","service+720f1ed7-4d53-4623-8377-a9877bf2f722@no-reply.base44.com","false"
"balance_refunded","69fb72f19a83df199bb7f9a1","Annulation >= J-7 — balance remboursée 853.49$ — event ...b7f9a1","talent_payable","","85349","","0","DEC-REMB","","","4310","2026-05-07T13:21:54.555Z","cancel_balance_69fb72f19a83df199bb7f9a1","85349","CAD","","debit","69fc91f2f1a0a5e24aa7a8d3","2026-05-07T13:21:54.809000","2026-05-07T13:21:54.809000","service_720f1ed7-4d53-4623-8377-a9877bf2f722","service+720f1ed7-4d53-4623-8377-a9877bf2f722@no-reply.base44.com","false"
"balance_refunded","69fbe524f616000802723a69","Annulation >= J-7 — balance sortie de Stripe 7860.69$ — event ...723a69","stripe_balance","","786069","","786069","DEC-REMB","","","5100","2026-05-07T13:21:38.104Z","cancel_balance_69fbe524f616000802723a69","0","CAD","","credit","69fc91e34280cfcfbbf60366","2026-05-07T13:21:39.481000","2026-05-07T13:21:39.481000","service_720f1ed7-4d53-4623-8377-a9877bf2f722","service+720f1ed7-4d53-4623-8377-a9877bf2f722@no-reply.base44.com","false"
"balance_refunded","69fbe524f616000802723a69","Annulation >= J-7 — balance remboursée 7860.69$ — event ...723a69","talent_payable","","786069","","0","DEC-REMB","","","4310","2026-05-07T13:21:38.104Z","cancel_balance_69fbe524f616000802723a69","786069","CAD","","debit","69fc91e23bf69c4b528e90f7","2026-05-07T13:21:38.825000","2026-05-07T13:21:38.825000","service_720f1ed7-4d53-4623-8377-a9877bf2f722","service+720f1ed7-4d53-4623-8377-a9877bf2f722@no-reply.base44.com","false"
"stripe_fees","69f6041b11fc961b649e5c6f","Frais Stripe dépôt — 0.58$ CAD [Cr stripe_balance]","stripe_balance","69fc910e9b1680a500f82c60","58","","58","DEC-FRAIS","","","5100","2026-05-07T13:18:06.697Z","pi_3TSeL4ChRZW5v2uy1LmJI6sJ","0","CAD","","credit","69fc910f4e464ef0613cec4d","2026-05-07T13:18:07.125000","2026-05-07T13:18:07.125000","service_720f1ed7-4d53-4623-8377-a9877bf2f722","service+720f1ed7-4d53-4623-8377-a9877bf2f722@no-reply.base44.com","false"
"stripe_fees","69f6041b11fc961b649e5c6f","Frais Stripe dépôt — 0.58$ CAD [Dr stripe_fees_expense]","stripe_fees_expense","69fc910f4e464ef0613cec4d","58","","0","DEC-FRAIS","","","6110","2026-05-07T13:18:06.697Z","pi_3TSeL4ChRZW5v2uy1LmJI6sJ","58","CAD","","debit","69fc910e9b1680a500f82c60","2026-05-07T13:18:06.881000","2026-05-07T13:18:07.328000","service_720f1ed7-4d53-4623-8377-a9877bf2f722","service+720f1ed7-4d53-4623-8377-a9877bf2f722@no-reply.base44.com","false"
"escrow_released","69f6041b11fc961b649e5c6f","Escrow libéré — cachet talent — 7.52$ CAD [Cr stripe_balance]","stripe_balance","69fc910de72ed3cb2fe2e395","752","","752","INT-ESCROW","","","5100","2026-05-07T13:18:05.716Z","pi_3TSeL4ChRZW5v2uy1LmJI6sJ","0","CAD","","credit","69fc910e4f02ce43ee701b56","2026-05-07T13:18:06.208000","2026-05-07T13:18:06.208000","service_720f1ed7-4d53-4623-8377-a9877bf2f722","service+720f1ed7-4d53-4623-8377-a9877bf2f722@no-reply.base44.com","false"
"escrow_released","69f6041b11fc961b649e5c6f","Escrow libéré — cachet talent — 7.52$ CAD [Dr talent_payable]","talent_payable","69fc910e4f02ce43ee701b56","752","","0","INT-ESCROW","","","4310","2026-05-07T13:18:05.716Z","pi_3TSeL4ChRZW5v2uy1LmJI6sJ","752","CAD","","debit","69fc910de72ed3cb2fe2e395","2026-05-07T13:18:05.923000","2026-05-07T13:18:06.433000","service_720f1ed7-4d53-4623-8377-a9877bf2f722","service+720f1ed7-4d53-4623-8377-a9877bf2f722@no-reply.base44.com","false"
"deposit_captured","69f6041b11fc961b649e5c6f","Dépôt capturé — event 69f6041b11fc961b649e5c6f — 7.52$ CAD [Cr stripe_clearing]","stripe_clearing","69fc910c3459315ff0662b11","752","","752","INT-CAPTURE","","","5200","2026-05-07T13:18:04.689Z","pi_3TSeL4ChRZW5v2uy1LmJI6sJ","0","CAD","","credit","69fc910d278058cc595d4e74","2026-05-07T13:18:05.286000","2026-05-07T13:18:05.286000","service_720f1ed7-4d53-4623-8377-a9877bf2f722","service+720f1ed7-4d53-4623-8377-a9877bf2f722@no-reply.base44.com","false"
"deposit_captured","69f6041b11fc961b649e5c6f","Dépôt capturé — event 69f6041b11fc961b649e5c6f — 7.52$ CAD [Dr stripe_balance]","stripe_balance","69fc910d278058cc595d4e74","752","","0","INT-CAPTURE","","","5100","2026-05-07T13:18:04.689Z","pi_3TSeL4ChRZW5v2uy1LmJI6sJ","752","CAD","","debit","69fc910c3459315ff0662b11","2026-05-07T13:18:04.913000","2026-05-07T13:18:05.528000","service_720f1ed7-4d53-4623-8377-a9877bf2f722","service+720f1ed7-4d53-4623-8377-a9877bf2f722@no-reply.base44.com","false"
"stripe_fees","69f6041b11fc961b649e5c6f","Frais Stripe prélevés par Stripe — 1.67$","stripe_balance","69fc90fbefb139219468aa7e","167","","167","DEC-FRAIS","","","5100","2026-05-07T13:17:46.550Z","pi_3TURo1ChRZW5v2uy1PdS3KMo","0","CAD","69f218c618cc26dee7ae01ce","credit","69fc90fcd8839d113bc0d04d","2026-05-07T13:17:48.132000","2026-05-07T13:17:48.563000","service_720f1ed7-4d53-4623-8377-a9877bf2f722","service+720f1ed7-4d53-4623-8377-a9877bf2f722@no-reply.base44.com","false"
"stripe_fees","69f6041b11fc961b649e5c6f","Frais Stripe — 1.67$","stripe_fees_expense","69fc90fcd8839d113bc0d04d","167","","0","DEC-FRAIS","","","6110","2026-05-07T13:17:46.550Z","pi_3TURo1ChRZW5v2uy1PdS3KMo","167","CAD","69f218c618cc26dee7ae01ce","debit","69fc90fbefb139219468aa7e","2026-05-07T13:17:47.886000","2026-05-07T13:17:48.320000","service_720f1ed7-4d53-4623-8377-a9877bf2f722","service+720f1ed7-4d53-4623-8377-a9877bf2f722@no-reply.base44.com","false"
"tax_collected","69f6041b11fc961b649e5c6f","TVQ 9.975% sur commission — 0.32$","tvq_payable","","32","","32","ANA-TAXE","","","4420","2026-05-07T13:17:46.550Z","pi_3TURo1ChRZW5v2uy1PdS3KMo","0","CAD","69f218c618cc26dee7ae01ce","credit","69fc90fbc8a77187f44dd7d8","2026-05-07T13:17:47.630000","2026-05-07T13:17:47.630000","service_720f1ed7-4d53-4623-8377-a9877bf2f722","service+720f1ed7-4d53-4623-8377-a9877bf2f722@no-reply.base44.com","false"
"tax_collected","69f6041b11fc961b649e5c6f","TPS 5% sur commission — 0.16$","tps_payable","","16","","16","ANA-TAXE","","","4410","2026-05-07T13:17:46.550Z","pi_3TURo1ChRZW5v2uy1PdS3KMo","0","CAD","69f218c618cc26dee7ae01ce","credit","69fc90fbdc58208de06bd793","2026-05-07T13:17:47.395000","2026-05-07T13:17:47.395000","service_720f1ed7-4d53-4623-8377-a9877bf2f722","service+720f1ed7-4d53-4623-8377-a9877bf2f722@no-reply.base44.com","false"
"commission_earned","69f6041b11fc961b649e5c6f","Commission MR HT — 3.19$ (11.40%)","commission_revenue","","319","","319","ANA-COMMISSION","","","7110","2026-05-07T13:17:46.550Z","pi_3TURo1ChRZW5v2uy1PdS3KMo","0","CAD","69f218c618cc26dee7ae01ce","credit","69fc90fb3893a6358152076b","2026-05-07T13:17:47.160000","2026-05-07T13:17:47.160000","service_720f1ed7-4d53-4623-8377-a9877bf2f722","service+720f1ed7-4d53-4623-8377-a9877bf2f722@no-reply.base44.com","false"
"talent_payable","69f6041b11fc961b649e5c6f","Cachet talent — 24.81$ (36.97$ × 88.6%)","talent_payable","","2481","","2481","ANA-TALENT","","","4310","2026-05-07T13:17:46.550Z","pi_3TURo1ChRZW5v2uy1PdS3KMo","0","CAD","69f218c618cc26dee7ae01ce","credit","69fc90fa36c56214ff7f7b99","2026-05-07T13:17:46.925000","2026-05-07T13:17:46.925000","service_720f1ed7-4d53-4623-8377-a9877bf2f722","service+720f1ed7-4d53-4623-8377-a9877bf2f722@no-reply.base44.com","false"
"balance_received","69f6041b11fc961b649e5c6f","Balance 80% — event ...9e5c6f ""test 104"" — 36.97$ brut","stripe_balance","","3697","","0","ENC-BALANCE","","","5100","2026-05-07T13:17:46.550Z","pi_3TURo1ChRZW5v2uy1PdS3KMo","3697","CAD","69f218c618cc26dee7ae01ce","debit","69fc90faffa7a8752262c71d","2026-05-07T13:17:46.668000","2026-05-07T13:17:46.669000","service_720f1ed7-4d53-4623-8377-a9877bf2f722","service+720f1ed7-4d53-4623-8377-a9877bf2f722@no-reply.base44.com","false"
"payout_executed","69fa7fbc3685a1e3ae93f54f","Virement talent sorti — test 100$ - taxes ? — 45.50$","stripe_balance","69fc8cdb77b6850b90cfab74","4550","69fc8bc0c950f74aefb5a770","4550","DEC-PAYOUT","","","5100","2026-05-07T13:00:10.976Z","tr_1TURXBChRZW5v2uy4kDw9Ieg","0","CAD","","credit","69fc8cdb90067e7de1053a91","2026-05-07T13:00:11.328000","2026-05-07T13:02:18.458000","service_720f1ed7-4d53-4623-8377-a9877bf2f722","service+720f1ed7-4d53-4623-8377-a9877bf2f722@no-reply.base44.com","false"
"payout_executed","69fa7fbc3685a1e3ae93f54f","Virement talent — test 100$ - taxes ? — 45.50$ → Connect 4eCX15Bv","talent_payable","69fc8cdb90067e7de1053a91","4550","69fc8bc0c950f74aefb5a770","0","DEC-PAYOUT","","","4310","2026-05-07T13:00:10.976Z","tr_1TURXBChRZW5v2uy4kDw9Ieg","4550","CAD","","debit","69fc8cdb77b6850b90cfab74","2026-05-07T13:00:11.113000","2026-05-07T13:02:07.615000","service_720f1ed7-4d53-4623-8377-a9877bf2f722","service+720f1ed7-4d53-4623-8377-a9877bf2f722@no-reply.base44.com","false"
"payout_executed","69fb3e06e5ec52f1e0c5d166","Virement talent sorti — test classic taxe 2 — 182.00$","stripe_balance","69fc8cd72e2dd9a04fd9dab4","18200","69fc8bb7de74766bccdae389","18200","DEC-PAYOUT","","","5100","2026-05-07T13:00:07.773Z","tr_1TURX8ChRZW5v2uyqgY6rPsM","0","CAD","","credit","69fc8cd869e323e4fb9757c1","2026-05-07T13:00:08.151000","2026-05-07T13:01:56.854000","service_720f1ed7-4d53-4623-8377-a9877bf2f722","service+720f1ed7-4d53-4623-8377-a9877bf2f722@no-reply.base44.com","false"
"payout_executed","69fb3e06e5ec52f1e0c5d166","Virement talent — test classic taxe 2 — 182.00$ → Connect 4eCX15Bv","talent_payable","69fc8cd869e323e4fb9757c1","18200","69fc8bb7de74766bccdae389","0","DEC-PAYOUT","","","4310","2026-05-07T13:00:07.773Z","tr_1TURX8ChRZW5v2uyqgY6rPsM","18200","CAD","","debit","69fc8cd72e2dd9a04fd9dab4","2026-05-07T13:00:07.954000","2026-05-07T13:01:48.674000","service_720f1ed7-4d53-4623-8377-a9877bf2f722","service+720f1ed7-4d53-4623-8377-a9877bf2f722@no-reply.base44.com","false"
"payout_executed","69fb5b9b770af414e259d734","Virement talent sorti — Test TTC 04 — 182.00$","stripe_balance","69fc8cd40fb468a53c06d99e","18200","69fc8b9fa79ae26b8427152b","18200","DEC-PAYOUT","","","5100","2026-05-07T13:00:04.109Z","tr_1TURX4ChRZW5v2uyOW2lTgGe","0","CAD","","credit","69fc8cd4769393d78e93fd55","2026-05-07T13:00:04.438000","2026-05-07T13:01:24.781000","service_720f1ed7-4d53-4623-8377-a9877bf2f722","service+720f1ed7-4d53-4623-8377-a9877bf2f722@no-reply.base44.com","false"
"payout_executed","69fb5b9b770af414e259d734","Virement talent — Test TTC 04 — 182.00$ → Connect 4eCX15Bv","talent_payable","69fc8cd4769393d78e93fd55","18200","69fc8b9fa79ae26b8427152b","0","DEC-PAYOUT","","","4310","2026-05-07T13:00:04.109Z","tr_1TURX4ChRZW5v2uyOW2lTgGe","18200","CAD","","debit","69fc8cd40fb468a53c06d99e","2026-05-07T13:00:04.246000","2026-05-07T13:01:14.820000","service_720f1ed7-4d53-4623-8377-a9877bf2f722","service+720f1ed7-4d53-4623-8377-a9877bf2f722@no-reply.base44.com","false"
"payout_executed","69f62ccbbfe7cfd19437a1f6","Virement talent sorti — test 110 — 132.90$","stripe_balance","69fc8371d3e57471db85dcfc","13290","69f68cad24364597680c93cc","13290","DEC-PAYOUT","","","5100","2026-05-07T12:20:01.457Z","tr_1TUQuKChRZW5v2uypBniDocg","0","CAD","","credit","69fc83713f1de06fdaa07446","2026-05-07T12:20:01.734000","2026-05-07T12:44:26.045000","service_720f1ed7-4d53-4623-8377-a9877bf2f722","service+720f1ed7-4d53-4623-8377-a9877bf2f722@no-reply.base44.com","false"
"payout_executed","69f62ccbbfe7cfd19437a1f6","Virement talent — test 110 — 132.90$ → Connect 4eCX15Bv","talent_payable","69fc83713f1de06fdaa07446","13290","69f68cad24364597680c93cc","0","DEC-PAYOUT","","","4310","2026-05-07T12:20:01.457Z","tr_1TUQuKChRZW5v2uypBniDocg","13290","CAD","","debit","69fc8371d3e57471db85dcfc","2026-05-07T12:20:01.584000","2026-05-07T12:43:32.189000","service_720f1ed7-4d53-4623-8377-a9877bf2f722","service+720f1ed7-4d53-4623-8377-a9877bf2f722@no-reply.base44.com","false"
"payout_executed","69f634af3f0bc18f639bd7bf","Virement talent sorti — test 111 — 88.60$","stripe_balance","69fc836e764a5348b60ab923","8860","69f68c9c406bf4577712a6d5","8860","DEC-PAYOUT","","","5100","2026-05-07T12:19:58.650Z","tr_1TUQuHChRZW5v2uyMpIgeAMq","0","CAD","","credit","69fc836e51d6912679ea289e","2026-05-07T12:19:58.954000","2026-05-07T12:44:17.821000","service_720f1ed7-4d53-4623-8377-a9877bf2f722","service+720f1ed7-4d53-4623-8377-a9877bf2f722@no-reply.base44.com","false"
"payout_executed","69f634af3f0bc18f639bd7bf","Virement talent — test 111 — 88.60$ → Connect 4eCX15Bv","talent_payable","69fc836e51d6912679ea289e","8860","69f68c9c406bf4577712a6d5","0","DEC-PAYOUT","","","4310","2026-05-07T12:19:58.650Z","tr_1TUQuHChRZW5v2uyMpIgeAMq","8860","CAD","","debit","69fc836e764a5348b60ab923","2026-05-07T12:19:58.793000","2026-05-07T12:43:23.872000","service_720f1ed7-4d53-4623-8377-a9877bf2f722","service+720f1ed7-4d53-4623-8377-a9877bf2f722@no-reply.base44.com","false"
"payout_executed","69f628a58b137f63df8a0790","Virement talent sorti — test 108 — 88.60$","stripe_balance","69fc836bcfbf8f53b281c5e8","8860","69f68cbd2f1dd8039d0e17a5","8860","DEC-PAYOUT","","","5100","2026-05-07T12:19:55.834Z","tr_1TUQuEChRZW5v2uyrbggFoMI","0","CAD","","credit","69fc836c932893e056ff869e","2026-05-07T12:19:56.137000","2026-05-07T12:44:08.700000","service_720f1ed7-4d53-4623-8377-a9877bf2f722","service+720f1ed7-4d53-4623-8377-a9877bf2f722@no-reply.base44.com","false"
"payout_executed","69f628a58b137f63df8a0790","Virement talent — test 108 — 88.60$ → Connect 4eCX15Bv","talent_payable","69fc836c932893e056ff869e","8860","69f68cbd2f1dd8039d0e17a5","0","DEC-PAYOUT","","","4310","2026-05-07T12:19:55.834Z","tr_1TUQuEChRZW5v2uyrbggFoMI","8860","CAD","","debit","69fc836bcfbf8f53b281c5e8","2026-05-07T12:19:55.961000","2026-05-07T12:43:15.989000","service_720f1ed7-4d53-4623-8377-a9877bf2f722","service+720f1ed7-4d53-4623-8377-a9877bf2f722@no-reply.base44.com","false"
"payout_executed","69fb70c13139d8a6f69ba690","Virement talent sorti — test Confirmstripepayment v33 — 99.81$","stripe_balance","69fc836896a4cc2fe942d646","9981","69fbd2efe749076ac1a1feec","9981","DEC-PAYOUT","","","5100","2026-05-07T12:19:52.842Z","tr_1TUQuBChRZW5v2uyGB5HRvdE","0","CAD","","credit","69fc8369bbe4572d6f4e621a","2026-05-07T12:19:53.180000","2026-05-07T12:43:58.999000","service_720f1ed7-4d53-4623-8377-a9877bf2f722","service+720f1ed7-4d53-4623-8377-a9877bf2f722@no-reply.base44.com","false"
"payout_executed","69fb70c13139d8a6f69ba690","Virement talent — test Confirmstripepayment v33 — 99.81$ → Connect 4eCX15Bv","talent_payable","69fc8369bbe4572d6f4e621a","9981","69fbd2efe749076ac1a1feec","0","DEC-PAYOUT","","","4310","2026-05-07T12:19:52.842Z","tr_1TUQuBChRZW5v2uyGB5HRvdE","9981","CAD","","debit","69fc836896a4cc2fe942d646","2026-05-07T12:19:52.956000","2026-05-07T12:43:08.499000","service_720f1ed7-4d53-4623-8377-a9877bf2f722","service+720f1ed7-4d53-4623-8377-a9877bf2f722@no-reply.base44.com","false"
"payout_executed","69fb6c8563e27c92387e4124","Virement talent sorti — TEST confirmStripePayment V32 — 199.30$","stripe_balance","69fc8366c20e5334108019a7","19930","69fbd3295147705af7565290","19930","DEC-PAYOUT","","","5100","2026-05-07T12:19:50.136Z","tr_1TUQu8ChRZW5v2uyYa33AHxL","0","CAD","","credit","69fc8366aef56db67f0ba871","2026-05-07T12:19:50.512000","2026-05-07T12:43:50.241000","service_720f1ed7-4d53-4623-8377-a9877bf2f722","service+720f1ed7-4d53-4623-8377-a9877bf2f722@no-reply.base44.com","false"
"payout_executed","69fb6c8563e27c92387e4124","Virement talent — TEST confirmStripePayment V32 — 199.30$ → Connect 4eCX15Bv","talent_payable","69fc8366aef56db67f0ba871","19930","69fbd3295147705af7565290","0","DEC-PAYOUT","","","4310","2026-05-07T12:19:50.136Z","tr_1TUQu8ChRZW5v2uyYa33AHxL","19930","CAD","","debit","69fc8366c20e5334108019a7","2026-05-07T12:19:50.285000","2026-05-07T12:42:50.132000","service_720f1ed7-4d53-4623-8377-a9877bf2f722","service+720f1ed7-4d53-4623-8377-a9877bf2f722@no-reply.base44.com","false"
"stripe_fees","69fbe524f616000802723a69","Frais Stripe prélevés par Stripe — 291.15$","stripe_balance","69fbe9289eec37664c7f83ed","29115","","29115","DEC-FRAIS","","","5100","2026-05-07T01:21:43.148Z","pi_3TUGcvChRZW5v2uy0CakHdw1","0","CAD","69f75ab48443764c81e1d5f8","credit","69fbe9283f54f9300637cd16","2026-05-07T01:21:44.898000","2026-05-07T01:21:45.464000","service_720f1ed7-4d53-4623-8377-a9877bf2f722","service+720f1ed7-4d53-4623-8377-a9877bf2f722@no-reply.base44.com","false"
"stripe_fees","69fbe524f616000802723a69","Frais Stripe — 291.15$","stripe_fees_expense","69fbe9283f54f9300637cd16","29115","","0","DEC-FRAIS","","","6110","2026-05-07T01:21:43.148Z","pi_3TUGcvChRZW5v2uy0CakHdw1","29115","CAD","69f75ab48443764c81e1d5f8","debit","69fbe9289eec37664c7f83ed","2026-05-07T01:21:44.672000","2026-05-07T01:21:45.158000","service_720f1ed7-4d53-4623-8377-a9877bf2f722","service+720f1ed7-4d53-4623-8377-a9877bf2f722@no-reply.base44.com","false"
"tax_collected","69fbe524f616000802723a69","TVQ 9.975% sur commission — 73.89$","tvq_payable","","7389","","7389","ANA-TAXE","","","4420","2026-05-07T01:21:43.148Z","pi_3TUGcvChRZW5v2uy0CakHdw1","0","CAD","69f75ab48443764c81e1d5f8","credit","69fbe92880daa7298761b4cf","2026-05-07T01:21:44.404000","2026-05-07T01:21:44.404000","service_720f1ed7-4d53-4623-8377-a9877bf2f722","service+720f1ed7-4d53-4623-8377-a9877bf2f722@no-reply.base44.com","false"
"tax_collected","69fbe524f616000802723a69","TPS 5% sur commission — 37.04$","tps_payable","","3704","","3704","ANA-TAXE","","","4410","2026-05-07T01:21:43.148Z","pi_3TUGcvChRZW5v2uy0CakHdw1","0","CAD","69f75ab48443764c81e1d5f8","credit","69fbe9289928a743b7ccfaad","2026-05-07T01:21:44.141000","2026-05-07T01:21:44.141000","service_720f1ed7-4d53-4623-8377-a9877bf2f722","service+720f1ed7-4d53-4623-8377-a9877bf2f722@no-reply.base44.com","false"
"commission_earned","69fbe524f616000802723a69","Commission MR HT — 740.80$ (10.00%)","commission_revenue","","74080","","74080","ANA-COMMISSION","","","7110","2026-05-07T01:21:43.148Z","pi_3TUGcvChRZW5v2uy0CakHdw1","0","CAD","69f75ab48443764c81e1d5f8","credit","69fbe9274e2c3fc64ff88919","2026-05-07T01:21:43.806000","2026-05-07T01:21:43.806000","service_720f1ed7-4d53-4623-8377-a9877bf2f722","service+720f1ed7-4d53-4623-8377-a9877bf2f722@no-reply.base44.com","false"
"talent_payable","69fbe524f616000802723a69","Cachet talent — 6667.20$ (7860.69$ × 90.0%)","talent_payable","","666720","","666720","ANA-TALENT","","","4310","2026-05-07T01:21:43.148Z","pi_3TUGcvChRZW5v2uy0CakHdw1","0","CAD","69f75ab48443764c81e1d5f8","credit","69fbe927bef58234f09840ff","2026-05-07T01:21:43.633000","2026-05-07T01:21:43.633000","service_720f1ed7-4d53-4623-8377-a9877bf2f722","service+720f1ed7-4d53-4623-8377-a9877bf2f722@no-reply.base44.com","false"
"balance_received","69fbe524f616000802723a69","Balance 80% — event ...723a69 ""Confirmstripepayment v34 deploy · - 01"" — 7860.69$ brut","stripe_balance","","786069","","0","ENC-BALANCE","","","5100","2026-05-07T01:21:43.148Z","pi_3TUGcvChRZW5v2uy0CakHdw1","786069","CAD","69f75ab48443764c81e1d5f8","debit","69fbe92703c116ad4d64046c","2026-05-07T01:21:43.347000","2026-05-07T01:21:43.347000","service_720f1ed7-4d53-4623-8377-a9877bf2f722","service+720f1ed7-4d53-4623-8377-a9877bf2f722@no-reply.base44.com","false"
"tax_collected","69fbe524f616000802723a69","TVQ 9.975% sur commission — 18.47$","tvq_payable","","1847","","1847","ANA-TAXE","","","4420","2026-05-07T01:11:38.113Z","pi_3TUGRlChRZW5v2uy05zblLsz","0","CAD","69f75ab48443764c81e1d5f8","credit","69fbe6cb8907e0adb56c953b","2026-05-07T01:11:39.115000","2026-05-07T01:11:39.115000","service_720f1ed7-4d53-4623-8377-a9877bf2f722","service+720f1ed7-4d53-4623-8377-a9877bf2f722@no-reply.base44.com","false"
"tax_collected","69fbe524f616000802723a69","TPS 5% sur commission — 9.26$","tps_payable","","926","","926","ANA-TAXE","","","4410","2026-05-07T01:11:38.113Z","pi_3TUGRlChRZW5v2uy05zblLsz","0","CAD","69f75ab48443764c81e1d5f8","credit","69fbe6caf8227575dbfc6bb8","2026-05-07T01:11:38.863000","2026-05-07T01:11:38.863000","service_720f1ed7-4d53-4623-8377-a9877bf2f722","service+720f1ed7-4d53-4623-8377-a9877bf2f722@no-reply.base44.com","false"
"commission_earned","69fbe524f616000802723a69","Commission MR HT — 185.20$ (10.00%)","commission_revenue","","18520","","18520","ANA-COMMISSION","","","7110","2026-05-07T01:11:38.113Z","pi_3TUGRlChRZW5v2uy05zblLsz","0","CAD","69f75ab48443764c81e1d5f8","credit","69fbe6ca2475bba7d9bb07ec","2026-05-07T01:11:38.695000","2026-05-07T01:11:38.695000","service_720f1ed7-4d53-4623-8377-a9877bf2f722","service+720f1ed7-4d53-4623-8377-a9877bf2f722@no-reply.base44.com","false"
"talent_payable","69fbe524f616000802723a69","Cachet talent — 1666.80$ (1936.18$ × 90.0%)","talent_payable","","166680","","166680","ANA-TALENT","","","4310","2026-05-07T01:11:38.113Z","pi_3TUGRlChRZW5v2uy05zblLsz","0","CAD","69f75ab48443764c81e1d5f8","credit","69fbe6cafd92a8c8b8c5062a","2026-05-07T01:11:38.443000","2026-05-07T01:11:38.443000","service_720f1ed7-4d53-4623-8377-a9877bf2f722","service+720f1ed7-4d53-4623-8377-a9877bf2f722@no-reply.base44.com","false"
"deposit_authorized","69fbe524f616000802723a69","Dépôt 20% — event ...723a69 ""Confirmstripepayment v34 deploy · - 01"" — 1936.18$ brut","stripe_clearing","","193618","","0","ENC-DEPOT","","","5200","2026-05-07T01:11:38.113Z","pi_3TUGRlChRZW5v2uy05zblLsz","193618","CAD","69f75ab48443764c81e1d5f8","debit","69fbe6cabe858e687e0f6349","2026-05-07T01:11:38.248000","2026-05-07T01:11:38.248000","service_720f1ed7-4d53-4623-8377-a9877bf2f722","service+720f1ed7-4d53-4623-8377-a9877bf2f722@no-reply.base44.com","false"
"stripe_fees","69fbdbb490d487eed858f63b","Frais Stripe dépôt — 71.94$ CAD [Cr stripe_balance]","stripe_balance","69fbdfa1c241f12ed0ccb248","7194","","7194","DEC-FRAIS","","","5100","2026-05-07T00:41:05.412Z","pi_3TUFwbChRZW5v2uy0NFrQttB","0","CAD","","credit","69fbdfa2880318997e329a9d","2026-05-07T00:41:06.525000","2026-05-07T00:41:06.525000","service_720f1ed7-4d53-4623-8377-a9877bf2f722","service+720f1ed7-4d53-4623-8377-a9877bf2f722@no-reply.base44.com","false"
"stripe_fees","69fbdbb490d487eed858f63b","Frais Stripe dépôt — 71.94$ CAD [Dr stripe_fees_expense]","stripe_fees_expense","69fbdfa2880318997e329a9d","7194","","0","DEC-FRAIS","","","6110","2026-05-07T00:41:05.412Z","pi_3TUFwbChRZW5v2uy0NFrQttB","7194","CAD","","debit","69fbdfa1c241f12ed0ccb248","2026-05-07T00:41:05.889000","2026-05-07T00:41:06.766000","service_720f1ed7-4d53-4623-8377-a9877bf2f722","service+720f1ed7-4d53-4623-8377-a9877bf2f722@no-reply.base44.com","false"
"escrow_released","69fbdbb490d487eed858f63b","Escrow libéré — cachet talent — 1936.18$ CAD [Cr stripe_balance]","stripe_balance","69fbdfa0b4203dec4935af2c","193618","","193618","INT-ESCROW","","","5100","2026-05-07T00:41:04.073Z","pi_3TUFwbChRZW5v2uy0NFrQttB","0","CAD","","credit","69fbdfa091066e1d984ae6d0","2026-05-07T00:41:04.803000","2026-05-07T00:41:04.803000","service_720f1ed7-4d53-4623-8377-a9877bf2f722","service+720f1ed7-4d53-4623-8377-a9877bf2f722@no-reply.base44.com","false"
"escrow_released","69fbdbb490d487eed858f63b","Escrow libéré — cachet talent — 1936.18$ CAD [Dr talent_payable]","talent_payable","69fbdfa091066e1d984ae6d0","193618","","0","INT-ESCROW","","","4310","2026-05-07T00:41:04.073Z","pi_3TUFwbChRZW5v2uy0NFrQttB","193618","CAD","","debit","69fbdfa0b4203dec4935af2c","2026-05-07T00:41:04.379000","2026-05-07T00:41:05.027000","service_720f1ed7-4d53-4623-8377-a9877bf2f722","service+720f1ed7-4d53-4623-8377-a9877bf2f722@no-reply.base44.com","false"
"deposit_captured","69fbdbb490d487eed858f63b","Dépôt capturé — event 69fbdbb490d487eed858f63b — 1936.18$ CAD [Cr stripe_clearing]","stripe_clearing","69fbdf9f3aa3741b91324962","193618","","193618","INT-CAPTURE","","","5200","2026-05-07T00:41:03.074Z","pi_3TUFwbChRZW5v2uy0NFrQttB","0","CAD","","credit","69fbdf9fd44f4d35e42ad93a","2026-05-07T00:41:03.532000","2026-05-07T00:41:03.532000","service_720f1ed7-4d53-4623-8377-a9877bf2f722","service+720f1ed7-4d53-4623-8377-a9877bf2f722@no-reply.base44.com","false"
"deposit_captured","69fbdbb490d487eed858f63b","Dépôt capturé — event 69fbdbb490d487eed858f63b — 1936.18$ CAD [Dr stripe_balance]","stripe_balance","69fbdf9fd44f4d35e42ad93a","193618","","0","INT-CAPTURE","","","5100","2026-05-07T00:41:03.074Z","pi_3TUFwbChRZW5v2uy0NFrQttB","193618","CAD","","debit","69fbdf9f3aa3741b91324962","2026-05-07T00:41:03.240000","2026-05-07T00:41:03.783000","service_720f1ed7-4d53-4623-8377-a9877bf2f722","service+720f1ed7-4d53-4623-8377-a9877bf2f722@no-reply.base44.com","false"
"stripe_fees","69fbdbb490d487eed858f63b","Frais Stripe prélevés par Stripe — 291.15$","stripe_balance","69fbdf5478cfaff58e66c53b","29115","","29115","DEC-FRAIS","","","5100","2026-05-07T00:39:46.814Z","pi_3TUFyQChRZW5v2uy11kvV0MW","0","CAD","69f75ab48443764c81e1d5f8","credit","69fbdf546b3aa2db72b4afaa","2026-05-07T00:39:48.335000","2026-05-07T00:39:48.852000","service_720f1ed7-4d53-4623-8377-a9877bf2f722","service+720f1ed7-4d53-4623-8377-a9877bf2f722@no-reply.base44.com","false"
"stripe_fees","69fbdbb490d487eed858f63b","Frais Stripe — 291.15$","stripe_fees_expense","69fbdf546b3aa2db72b4afaa","29115","","0","DEC-FRAIS","","","6110","2026-05-07T00:39:46.814Z","pi_3TUFyQChRZW5v2uy11kvV0MW","29115","CAD","69f75ab48443764c81e1d5f8","debit","69fbdf5478cfaff58e66c53b","2026-05-07T00:39:48.076000","2026-05-07T00:39:48.629000","service_720f1ed7-4d53-4623-8377-a9877bf2f722","service+720f1ed7-4d53-4623-8377-a9877bf2f722@no-reply.base44.com","false"
"tax_collected","69fbdbb490d487eed858f63b","TVQ 9.975% sur commission — 73.89$","tvq_payable","","7389","","7389","ANA-TAXE","","","4420","2026-05-07T00:39:46.814Z","pi_3TUFyQChRZW5v2uy11kvV0MW","0","CAD","69f75ab48443764c81e1d5f8","credit","69fbdf5356e17ef56ded1ffd","2026-05-07T00:39:47.786000","2026-05-07T00:39:47.786000","service_720f1ed7-4d53-4623-8377-a9877bf2f722","service+720f1ed7-4d53-4623-8377-a9877bf2f722@no-reply.base44.com","false"
"tax_collected","69fbdbb490d487eed858f63b","TPS 5% sur commission — 37.04$","tps_payable","","3704","","3704","ANA-TAXE","","","4410","2026-05-07T00:39:46.814Z","pi_3TUFyQChRZW5v2uy11kvV0MW","0","CAD","69f75ab48443764c81e1d5f8","credit","69fbdf53a286ad6906af3c7a","2026-05-07T00:39:47.544000","2026-05-07T00:39:47.544000","service_720f1ed7-4d53-4623-8377-a9877bf2f722","service+720f1ed7-4d53-4623-8377-a9877bf2f722@no-reply.base44.com","false"
"commission_earned","69fbdbb490d487eed858f63b","Commission MR HT — 740.80$ (10.00%)","commission_revenue","","74080","","74080","ANA-COMMISSION","","","7110","2026-05-07T00:39:46.814Z","pi_3TUFyQChRZW5v2uy11kvV0MW","0","CAD","69f75ab48443764c81e1d5f8","credit","69fbdf535e53d53039c0c5fd","2026-05-07T00:39:47.312000","2026-05-07T00:39:47.312000","service_720f1ed7-4d53-4623-8377-a9877bf2f722","service+720f1ed7-4d53-4623-8377-a9877bf2f722@no-reply.base44.com","false"
"talent_payable","69fbdbb490d487eed858f63b","Cachet talent — 6667.20$ (7860.69$ × 90.0%)","talent_payable","","666720","","666720","ANA-TALENT","","","4310","2026-05-07T00:39:46.814Z","pi_3TUFyQChRZW5v2uy11kvV0MW","0","CAD","69f75ab48443764c81e1d5f8","credit","69fbdf53d40a147483d3d119","2026-05-07T00:39:47.139000","2026-05-07T00:39:47.139000","service_720f1ed7-4d53-4623-8377-a9877bf2f722","service+720f1ed7-4d53-4623-8377-a9877bf2f722@no-reply.base44.com","false"
"balance_received","69fbdbb490d487eed858f63b","Balance 80% — event ...58f63b ""Sendpaymentrequest v12 · TS 3"" — 7860.69$ brut","stripe_balance","","786069","","0","ENC-BALANCE","","","5100","2026-05-07T00:39:46.814Z","pi_3TUFyQChRZW5v2uy11kvV0MW","786069","CAD","69f75ab48443764c81e1d5f8","debit","69fbdf52e462a2ca9eea848a","2026-05-07T00:39:46.967000","2026-05-07T00:39:46.967000","service_720f1ed7-4d53-4623-8377-a9877bf2f722","service+720f1ed7-4d53-4623-8377-a9877bf2f722@no-reply.base44.com","false"
"tax_collected","69fbdbb490d487eed858f63b","TVQ 9.975% sur commission — 18.47$","tvq_payable","","1847","","1847","ANA-TAXE","","","4420","2026-05-07T00:37:54.333Z","pi_3TUFwbChRZW5v2uy0NFrQttB","0","CAD","69f75ab48443764c81e1d5f8","credit","69fbdee3c241f12ed0ccb219","2026-05-07T00:37:55.556000","2026-05-07T00:37:55.556000","service_720f1ed7-4d53-4623-8377-a9877bf2f722","service+720f1ed7-4d53-4623-8377-a9877bf2f722@no-reply.base44.com","false"
"tax_collected","69fbdbb490d487eed858f63b","TPS 5% sur commission — 9.26$","tps_payable","","926","","926","ANA-TAXE","","","4410","2026-05-07T00:37:54.333Z","pi_3TUFwbChRZW5v2uy0NFrQttB","0","CAD","69f75ab48443764c81e1d5f8","credit","69fbdee315af8c65001dab66","2026-05-07T00:37:55.329000","2026-05-07T00:37:55.329000","service_720f1ed7-4d53-4623-8377-a9877bf2f722","service+720f1ed7-4d53-4623-8377-a9877bf2f722@no-reply.base44.com","false"
"commission_earned","69fbdbb490d487eed858f63b","Commission MR HT — 185.20$ (10.00%)","commission_revenue","","18520","","18520","ANA-COMMISSION","","","7110","2026-05-07T00:37:54.333Z","pi_3TUFwbChRZW5v2uy0NFrQttB","0","CAD","69f75ab48443764c81e1d5f8","credit","69fbdee367e4cc9fe1b205f5","2026-05-07T00:37:55.062000","2026-05-07T00:37:55.062000","service_720f1ed7-4d53-4623-8377-a9877bf2f722","service+720f1ed7-4d53-4623-8377-a9877bf2f722@no-reply.base44.com","false"
"talent_payable","69fbdbb490d487eed858f63b","Cachet talent — 1666.80$ (1936.18$ × 90.0%)","talent_payable","","166680","","166680","ANA-TALENT","","","4310","2026-05-07T00:37:54.333Z","pi_3TUFwbChRZW5v2uy0NFrQttB","0","CAD","69f75ab48443764c81e1d5f8","credit","69fbdee22e14c579ec589208","2026-05-07T00:37:54.673000","2026-05-07T00:37:54.673000","service_720f1ed7-4d53-4623-8377-a9877bf2f722","service+720f1ed7-4d53-4623-8377-a9877bf2f722@no-reply.base44.com","false"
"deposit_authorized","69fbdbb490d487eed858f63b","Dépôt 20% — event ...58f63b ""Sendpaymentrequest v12 · TS 3"" — 1936.18$ brut","stripe_clearing","","193618","","0","ENC-DEPOT","","","5200","2026-05-07T00:37:54.333Z","pi_3TUFwbChRZW5v2uy0NFrQttB","193618","CAD","69f75ab48443764c81e1d5f8","debit","69fbdee2d3c96988e39d1d00","2026-05-07T00:37:54.483000","2026-05-07T00:37:54.483000","service_720f1ed7-4d53-4623-8377-a9877bf2f722","service+720f1ed7-4d53-4623-8377-a9877bf2f722@no-reply.base44.com","false"
"stripe_fees","69fb4c350e2564f3b8157566","Frais Stripe dépôt — 1.09$ CAD [Cr stripe_balance]","stripe_balance","69fbd3462d86460f0299dc85","109","","109","DEC-FRAIS","","","5100","2026-05-06T23:48:22.714Z","pi_3TU6FiChRZW5v2uy0tek6P3b","0","CAD","","credit","69fbd3475e53d53039c093b6","2026-05-06T23:48:23.089000","2026-05-06T23:48:23.089000","service_720f1ed7-4d53-4623-8377-a9877bf2f722","service+720f1ed7-4d53-4623-8377-a9877bf2f722@no-reply.base44.com","false"
"stripe_fees","69fb4c350e2564f3b8157566","Frais Stripe dépôt — 1.09$ CAD [Dr stripe_fees_expense]","stripe_fees_expense","69fbd3475e53d53039c093b6","109","","0","DEC-FRAIS","","","6110","2026-05-06T23:48:22.714Z","pi_3TU6FiChRZW5v2uy0tek6P3b","109","CAD","","debit","69fbd3462d86460f0299dc85","2026-05-06T23:48:22.857000","2026-05-06T23:48:23.311000","service_720f1ed7-4d53-4623-8377-a9877bf2f722","service+720f1ed7-4d53-4623-8377-a9877bf2f722@no-reply.base44.com","false"
"escrow_released","69fb4c350e2564f3b8157566","Escrow libéré — cachet talent — 21.26$ CAD [Cr stripe_balance]","stripe_balance","69fbd345c411dfaba8fd1ea4","2126","","2126","INT-ESCROW","","","5100","2026-05-06T23:48:21.678Z","pi_3TU6FiChRZW5v2uy0tek6P3b","0","CAD","","credit","69fbd346864e05e040b215fd","2026-05-06T23:48:22.160000","2026-05-06T23:48:22.160000","service_720f1ed7-4d53-4623-8377-a9877bf2f722","service+720f1ed7-4d53-4623-8377-a9877bf2f722@no-reply.base44.com","false"
"escrow_released","69fb4c350e2564f3b8157566","Escrow libéré — cachet talent — 21.26$ CAD [Dr talent_payable]","talent_payable","69fbd346864e05e040b215fd","2126","","0","INT-ESCROW","","","4310","2026-05-06T23:48:21.678Z","pi_3TU6FiChRZW5v2uy0tek6P3b","2126","CAD","","debit","69fbd345c411dfaba8fd1ea4","2026-05-06T23:48:21.902000","2026-05-06T23:48:22.430000","service_720f1ed7-4d53-4623-8377-a9877bf2f722","service+720f1ed7-4d53-4623-8377-a9877bf2f722@no-reply.base44.com","false"
"deposit_captured","69fb4c350e2564f3b8157566","Dépôt capturé — event 69fb4c350e2564f3b8157566 — 21.26$ CAD [Cr stripe_clearing]","stripe_clearing","69fbd34440f957a2d9d898f3","2126","","2126","INT-CAPTURE","","","5200","2026-05-06T23:48:20.632Z","pi_3TU6FiChRZW5v2uy0tek6P3b","0","CAD","","credit","69fbd345e16cebd0e2e66cb8","2026-05-06T23:48:21.065000","2026-05-06T23:48:21.065000","service_720f1ed7-4d53-4623-8377-a9877bf2f722","service+720f1ed7-4d53-4623-8377-a9877bf2f722@no-reply.base44.com","false"
"deposit_captured","69fb4c350e2564f3b8157566","Dépôt capturé — event 69fb4c350e2564f3b8157566 — 21.26$ CAD [Dr stripe_balance]","stripe_balance","69fbd345e16cebd0e2e66cb8","2126","","0","INT-CAPTURE","","","5100","2026-05-06T23:48:20.632Z","pi_3TU6FiChRZW5v2uy0tek6P3b","2126","CAD","","debit","69fbd34440f957a2d9d898f3","2026-05-06T23:48:20.826000","2026-05-06T23:48:21.401000","service_720f1ed7-4d53-4623-8377-a9877bf2f722","service+720f1ed7-4d53-4623-8377-a9877bf2f722@no-reply.base44.com","false"
"balance_refunded","69fb6c8563e27c92387e4124","Annulation >= J-7 — balance sortie de Stripe 844.34$ — event ...7e4124","stripe_balance","","84434","","84434","DEC-REMB","","","5100","2026-05-06T23:47:47.576Z","cancel_balance_69fb6c8563e27c92387e4124","0","CAD","","credit","69fbd3241819c4af9d6f765a","2026-05-06T23:47:48.032000","2026-05-06T23:47:48.032000","service_720f1ed7-4d53-4623-8377-a9877bf2f722","service+720f1ed7-4d53-4623-8377-a9877bf2f722@no-reply.base44.com","false"
"balance_refunded","69fb6c8563e27c92387e4124","Annulation >= J-7 — balance remboursée 844.34$ — event ...7e4124","talent_payable","","84434","","0","DEC-REMB","","","4310","2026-05-06T23:47:47.576Z","cancel_balance_69fb6c8563e27c92387e4124","84434","CAD","","debit","69fbd32357c016d698c782b9","2026-05-06T23:47:47.792000","2026-05-06T23:47:47.792000","service_720f1ed7-4d53-4623-8377-a9877bf2f722","service+720f1ed7-4d53-4623-8377-a9877bf2f722@no-reply.base44.com","false"
"balance_refunded","69fb70c13139d8a6f69ba690","Annulation >= J-7 — balance sortie de Stripe 427.42$ — event ...9ba690","stripe_balance","","42742","","42742","DEC-REMB","","","5100","2026-05-06T23:46:48.650Z","cancel_balance_69fb70c13139d8a6f69ba690","0","CAD","","credit","69fbd2e9c9d4516d2d76bbb2","2026-05-06T23:46:49.143000","2026-05-06T23:46:49.143000","service_720f1ed7-4d53-4623-8377-a9877bf2f722","service+720f1ed7-4d53-4623-8377-a9877bf2f722@no-reply.base44.com","false"
"balance_refunded","69fb70c13139d8a6f69ba690","Annulation >= J-7 — balance remboursée 427.42$ — event ...9ba690","talent_payable","","42742","","0","DEC-REMB","","","4310","2026-05-06T23:46:48.650Z","cancel_balance_69fb70c13139d8a6f69ba690","42742","CAD","","debit","69fbd2e8517b01296937843b","2026-05-06T23:46:48.825000","2026-05-06T23:46:48.825000","service_720f1ed7-4d53-4623-8377-a9877bf2f722","service+720f1ed7-4d53-4623-8377-a9877bf2f722@no-reply.base44.com","false"
"stripe_fees","69fb48b390a8ae02d53a22d1","Frais Stripe dépôt — 1.09$ CAD [Cr stripe_balance]","stripe_balance","69fbd268e0408f906d185bce","109","","109","DEC-FRAIS","","","5100","2026-05-06T23:44:40.818Z","pi_3TU5yVChRZW5v2uy1PMLjMMt","0","CAD","","credit","69fbd269334c11b066a58131","2026-05-06T23:44:41.114000","2026-05-06T23:44:41.114000","service_720f1ed7-4d53-4623-8377-a9877bf2f722","service+720f1ed7-4d53-4623-8377-a9877bf2f722@no-reply.base44.com","false"
"stripe_fees","69fb48b390a8ae02d53a22d1","Frais Stripe dépôt — 1.09$ CAD [Dr stripe_fees_expense]","stripe_fees_expense","69fbd269334c11b066a58131","109","","0","DEC-FRAIS","","","6110","2026-05-06T23:44:40.818Z","pi_3TU5yVChRZW5v2uy1PMLjMMt","109","CAD","","debit","69fbd268e0408f906d185bce","2026-05-06T23:44:40.945000","2026-05-06T23:44:41.423000","service_720f1ed7-4d53-4623-8377-a9877bf2f722","service+720f1ed7-4d53-4623-8377-a9877bf2f722@no-reply.base44.com","false"
"escrow_released","69fb48b390a8ae02d53a22d1","Escrow libéré — cachet talent — 21.26$ CAD [Cr stripe_balance]","stripe_balance","69fbd2682f55ed2c73c47bd2","2126","","2126","INT-ESCROW","","","5100","2026-05-06T23:44:40.008Z","pi_3TU5yVChRZW5v2uy1PMLjMMt","0","CAD","","credit","69fbd268d627d77584b82bc5","2026-05-06T23:44:40.445000","2026-05-06T23:44:40.445000","service_720f1ed7-4d53-4623-8377-a9877bf2f722","service+720f1ed7-4d53-4623-8377-a9877bf2f722@no-reply.base44.com","false"
"escrow_released","69fb48b390a8ae02d53a22d1","Escrow libéré — cachet talent — 21.26$ CAD [Dr talent_payable]","talent_payable","69fbd268d627d77584b82bc5","2126","","0","INT-ESCROW","","","4310","2026-05-06T23:44:40.008Z","pi_3TU5yVChRZW5v2uy1PMLjMMt","2126","CAD","","debit","69fbd2682f55ed2c73c47bd2","2026-05-06T23:44:40.208000","2026-05-06T23:44:40.621000","service_720f1ed7-4d53-4623-8377-a9877bf2f722","service+720f1ed7-4d53-4623-8377-a9877bf2f722@no-reply.base44.com","false"
"deposit_captured","69fb48b390a8ae02d53a22d1","Dépôt capturé — event 69fb48b390a8ae02d53a22d1 — 21.26$ CAD [Cr stripe_clearing]","stripe_clearing","69fbd267eb1579173503406f","2126","","2126","INT-CAPTURE","","","5200","2026-05-06T23:44:39.195Z","pi_3TU5yVChRZW5v2uy1PMLjMMt","0","CAD","","credit","69fbd26769f15cc408ccfe08","2026-05-06T23:44:39.609000","2026-05-06T23:44:39.609000","service_720f1ed7-4d53-4623-8377-a9877bf2f722","service+720f1ed7-4d53-4623-8377-a9877bf2f722@no-reply.base44.com","false"
"deposit_captured","69fb48b390a8ae02d53a22d1","Dépôt capturé — event 69fb48b390a8ae02d53a22d1 — 21.26$ CAD [Dr stripe_balance]","stripe_balance","69fbd26769f15cc408ccfe08","2126","","0","INT-CAPTURE","","","5100","2026-05-06T23:44:39.195Z","pi_3TU5yVChRZW5v2uy1PMLjMMt","2126","CAD","","debit","69fbd267eb1579173503406f","2026-05-06T23:44:39.337000","2026-05-06T23:44:39.808000","service_720f1ed7-4d53-4623-8377-a9877bf2f722","service+720f1ed7-4d53-4623-8377-a9877bf2f722@no-reply.base44.com","false"
"stripe_fees","69fba5bb30364d40c87ed8b2","Frais Stripe dépôt — 8.06$ CAD [Cr stripe_balance]","stripe_balance","69fba6d1f1a2d75917c00bab","806","","806","DEC-FRAIS","","","5100","2026-05-06T20:38:41.127Z","pi_3TUCB2ChRZW5v2uy0WK63cul","0","CAD","","credit","69fba6d190f9cebc1e5444fb","2026-05-06T20:38:41.665000","2026-05-06T20:38:41.665000","service_720f1ed7-4d53-4623-8377-a9877bf2f722","service+720f1ed7-4d53-4623-8377-a9877bf2f722@no-reply.base44.com","false"
"stripe_fees","69fba5bb30364d40c87ed8b2","Frais Stripe dépôt — 8.06$ CAD [Dr stripe_fees_expense]","stripe_fees_expense","69fba6d190f9cebc1e5444fb","806","","0","DEC-FRAIS","","","6110","2026-05-06T20:38:41.127Z","pi_3TUCB2ChRZW5v2uy0WK63cul","806","CAD","","debit","69fba6d1f1a2d75917c00bab","2026-05-06T20:38:41.458000","2026-05-06T20:38:41.890000","service_720f1ed7-4d53-4623-8377-a9877bf2f722","service+720f1ed7-4d53-4623-8377-a9877bf2f722@no-reply.base44.com","false"
"escrow_released","69fba5bb30364d40c87ed8b2","Escrow libéré — cachet talent — 209.79$ CAD [Cr stripe_balance]","stripe_balance","69fba6d0feb057457cc2d92a","20979","","20979","INT-ESCROW","","","5100","2026-05-06T20:38:39.960Z","pi_3TUCB2ChRZW5v2uy0WK63cul","0","CAD","","credit","69fba6d0ac4f24dbc2221c8e","2026-05-06T20:38:40.624000","2026-05-06T20:38:40.624000","service_720f1ed7-4d53-4623-8377-a9877bf2f722","service+720f1ed7-4d53-4623-8377-a9877bf2f722@no-reply.base44.com","false"
"escrow_released","69fba5bb30364d40c87ed8b2","Escrow libéré — cachet talent — 209.79$ CAD [Dr talent_payable]","talent_payable","69fba6d0ac4f24dbc2221c8e","20979","","0","INT-ESCROW","","","4310","2026-05-06T20:38:39.960Z","pi_3TUCB2ChRZW5v2uy0WK63cul","20979","CAD","","debit","69fba6d0feb057457cc2d92a","2026-05-06T20:38:40.313000","2026-05-06T20:38:40.861000","service_720f1ed7-4d53-4623-8377-a9877bf2f722","service+720f1ed7-4d53-4623-8377-a9877bf2f722@no-reply.base44.com","false"
"deposit_captured","69fba5bb30364d40c87ed8b2","Dépôt capturé — event 69fba5bb30364d40c87ed8b2 — 209.79$ CAD [Cr stripe_clearing]","stripe_clearing","69fba6cfd2399d95235da86f","20979","","20979","INT-CAPTURE","","","5200","2026-05-06T20:38:39.052Z","pi_3TUCB2ChRZW5v2uy0WK63cul","0","CAD","","credit","69fba6cf2dc3901750882950","2026-05-06T20:38:39.499000","2026-05-06T20:38:39.499000","service_720f1ed7-4d53-4623-8377-a9877bf2f722","service+720f1ed7-4d53-4623-8377-a9877bf2f722@no-reply.base44.com","false"
"deposit_captured","69fba5bb30364d40c87ed8b2","Dépôt capturé — event 69fba5bb30364d40c87ed8b2 — 209.79$ CAD [Dr stripe_balance]","stripe_balance","69fba6cf2dc3901750882950","20979","","0","INT-CAPTURE","","","5100","2026-05-06T20:38:39.052Z","pi_3TUCB2ChRZW5v2uy0WK63cul","20979","CAD","","debit","69fba6cfd2399d95235da86f","2026-05-06T20:38:39.249000","2026-05-06T20:38:39.760000","service_720f1ed7-4d53-4623-8377-a9877bf2f722","service+720f1ed7-4d53-4623-8377-a9877bf2f722@no-reply.base44.com","false"
"stripe_fees","69fba5bb30364d40c87ed8b2","Frais Stripe prélevés par Stripe — 31.88$","stripe_balance","69fba6ad1252b2da2edaabfa","3188","","3188","DEC-FRAIS","","","5100","2026-05-06T20:38:04.022Z","pi_3TUCC5ChRZW5v2uy0WSVuFOT","0","CAD","69f218c618cc26dee7ae01ce","credit","69fba6adf3cd5d8bf6e26d85","2026-05-06T20:38:05.577000","2026-05-06T20:38:06.117000","service_720f1ed7-4d53-4623-8377-a9877bf2f722","service+720f1ed7-4d53-4623-8377-a9877bf2f722@no-reply.base44.com","false"
"stripe_fees","69fba5bb30364d40c87ed8b2","Frais Stripe — 31.88$","stripe_fees_expense","69fba6adf3cd5d8bf6e26d85","3188","","0","DEC-FRAIS","","","6110","2026-05-06T20:38:04.022Z","pi_3TUCC5ChRZW5v2uy0WSVuFOT","3188","CAD","69f218c618cc26dee7ae01ce","debit","69fba6ad1252b2da2edaabfa","2026-05-06T20:38:05.402000","2026-05-06T20:38:05.871000","service_720f1ed7-4d53-4623-8377-a9877bf2f722","service+720f1ed7-4d53-4623-8377-a9877bf2f722@no-reply.base44.com","false"
"tax_collected","69fba5bb30364d40c87ed8b2","TVQ 9.975% sur commission — 7.98$","tvq_payable","","798","","798","ANA-TAXE","","","4420","2026-05-06T20:38:04.022Z","pi_3TUCC5ChRZW5v2uy0WSVuFOT","0","CAD","69f218c618cc26dee7ae01ce","credit","69fba6ad26d4f4b15bdcb28d","2026-05-06T20:38:05.114000","2026-05-06T20:38:05.114000","service_720f1ed7-4d53-4623-8377-a9877bf2f722","service+720f1ed7-4d53-4623-8377-a9877bf2f722@no-reply.base44.com","false"
"tax_collected","69fba5bb30364d40c87ed8b2","TPS 5% sur commission — 4.00$","tps_payable","","400","","400","ANA-TAXE","","","4410","2026-05-06T20:38:04.022Z","pi_3TUCC5ChRZW5v2uy0WSVuFOT","0","CAD","69f218c618cc26dee7ae01ce","credit","69fba6ac924d1de6472615b5","2026-05-06T20:38:04.953000","2026-05-06T20:38:04.953000","service_720f1ed7-4d53-4623-8377-a9877bf2f722","service+720f1ed7-4d53-4623-8377-a9877bf2f722@no-reply.base44.com","false"
"commission_earned","69fba5bb30364d40c87ed8b2","Commission MR HT — 80.00$ (10.00%)","commission_revenue","","8000","","8000","ANA-COMMISSION","","","7110","2026-05-06T20:38:04.022Z","pi_3TUCC5ChRZW5v2uy0WSVuFOT","0","CAD","69f218c618cc26dee7ae01ce","credit","69fba6ac1252b2da2edaabf8","2026-05-06T20:38:04.684000","2026-05-06T20:38:04.684000","service_720f1ed7-4d53-4623-8377-a9877bf2f722","service+720f1ed7-4d53-4623-8377-a9877bf2f722@no-reply.base44.com","false"
"talent_payable","69fba5bb30364d40c87ed8b2","Cachet talent — 720.00$ (853.49$ × 90.0%)","talent_payable","","72000","","72000","ANA-TALENT","","","4310","2026-05-06T20:38:04.022Z","pi_3TUCC5ChRZW5v2uy0WSVuFOT","0","CAD","69f218c618cc26dee7ae01ce","credit","69fba6acbb57c5b568ae2e38","2026-05-06T20:38:04.473000","2026-05-06T20:38:04.473000","service_720f1ed7-4d53-4623-8377-a9877bf2f722","service+720f1ed7-4d53-4623-8377-a9877bf2f722@no-reply.base44.com","false"
"balance_received","69fba5bb30364d40c87ed8b2","Balance 80% — event ...7ed8b2 ""event S3 de test (budget 1 000 $, SellerTier B 10%"" — 853.49$ brut","stripe_balance","","85349","","0","ENC-BALANCE","","","5100","2026-05-06T20:38:04.022Z","pi_3TUCC5ChRZW5v2uy0WSVuFOT","85349","CAD","69f218c618cc26dee7ae01ce","debit","69fba6acb0b8d146c1468f68","2026-05-06T20:38:04.173000","2026-05-06T20:38:04.173000","service_720f1ed7-4d53-4623-8377-a9877bf2f722","service+720f1ed7-4d53-4623-8377-a9877bf2f722@no-reply.base44.com","false"
"tax_collected","69fba5bb30364d40c87ed8b2","TVQ 9.975% sur commission — 2.00$","tvq_payable","","200","","200","ANA-TAXE","","","4420","2026-05-06T20:36:38.130Z","pi_3TUCB2ChRZW5v2uy0WK63cul","0","CAD","69f218c618cc26dee7ae01ce","credit","69fba657b07d1d986088d08a","2026-05-06T20:36:39.183000","2026-05-06T20:36:39.183000","service_720f1ed7-4d53-4623-8377-a9877bf2f722","service+720f1ed7-4d53-4623-8377-a9877bf2f722@no-reply.base44.com","false"
"tax_collected","69fba5bb30364d40c87ed8b2","TPS 5% sur commission — 1.00$","tps_payable","","100","","100","ANA-TAXE","","","4410","2026-05-06T20:36:38.130Z","pi_3TUCB2ChRZW5v2uy0WK63cul","0","CAD","69f218c618cc26dee7ae01ce","credit","69fba657e57b9d30c55284c9","2026-05-06T20:36:39.007000","2026-05-06T20:36:39.007000","service_720f1ed7-4d53-4623-8377-a9877bf2f722","service+720f1ed7-4d53-4623-8377-a9877bf2f722@no-reply.base44.com","false"
"commission_earned","69fba5bb30364d40c87ed8b2","Commission MR HT — 20.00$ (10.00%)","commission_revenue","","2000","","2000","ANA-COMMISSION","","","7110","2026-05-06T20:36:38.130Z","pi_3TUCB2ChRZW5v2uy0WK63cul","0","CAD","69f218c618cc26dee7ae01ce","credit","69fba656f0e5d3ad100ce694","2026-05-06T20:36:38.788000","2026-05-06T20:36:38.788000","service_720f1ed7-4d53-4623-8377-a9877bf2f722","service+720f1ed7-4d53-4623-8377-a9877bf2f722@no-reply.base44.com","false"
"talent_payable","69fba5bb30364d40c87ed8b2","Cachet talent — 180.00$ (209.79$ × 90.0%)","talent_payable","","18000","","18000","ANA-TALENT","","","4310","2026-05-06T20:36:38.130Z","pi_3TUCB2ChRZW5v2uy0WK63cul","0","CAD","69f218c618cc26dee7ae01ce","credit","69fba656d121cb9677fffd85","2026-05-06T20:36:38.553000","2026-05-06T20:36:38.553000","service_720f1ed7-4d53-4623-8377-a9877bf2f722","service+720f1ed7-4d53-4623-8377-a9877bf2f722@no-reply.base44.com","false"
"deposit_authorized","69fba5bb30364d40c87ed8b2","Dépôt 20% — event ...7ed8b2 ""event S3 de test (budget 1 000 $, SellerTier B 10%"" — 209.79$ brut","stripe_clearing","","20979","","0","ENC-DEPOT","","","5200","2026-05-06T20:36:38.130Z","pi_3TUCB2ChRZW5v2uy0WK63cul","20979","CAD","69f218c618cc26dee7ae01ce","debit","69fba6568ed5b3e436bbbf44","2026-05-06T20:36:38.288000","2026-05-06T20:36:38.288000","service_720f1ed7-4d53-4623-8377-a9877bf2f722","service+720f1ed7-4d53-4623-8377-a9877bf2f722@no-reply.base44.com","false"
"stripe_fees","69fb9d5a2679bf86f9a757c9","Frais Stripe dépôt — 8.06$ CAD [Cr stripe_balance]","stripe_balance","69fb9f1491b55f57637765d6","806","","806","DEC-FRAIS","","","5100","2026-05-06T20:05:40.219Z","pi_3TUBc1ChRZW5v2uy0auf6Gq4","0","CAD","","credit","69fb9f1468d717c3a661e8eb","2026-05-06T20:05:40.574000","2026-05-06T20:05:40.574000","service_720f1ed7-4d53-4623-8377-a9877bf2f722","service+720f1ed7-4d53-4623-8377-a9877bf2f722@no-reply.base44.com","false"
"stripe_fees","69fb9d5a2679bf86f9a757c9","Frais Stripe dépôt — 8.06$ CAD [Dr stripe_fees_expense]","stripe_fees_expense","69fb9f1468d717c3a661e8eb","806","","0","DEC-FRAIS","","","6110","2026-05-06T20:05:40.219Z","pi_3TUBc1ChRZW5v2uy0auf6Gq4","806","CAD","","debit","69fb9f1491b55f57637765d6","2026-05-06T20:05:40.401000","2026-05-06T20:14:15.025000","service_720f1ed7-4d53-4623-8377-a9877bf2f722","service+720f1ed7-4d53-4623-8377-a9877bf2f722@no-reply.base44.com","false"
"escrow_released","69fb9d5a2679bf86f9a757c9","Escrow libéré — cachet talent — 209.79$ CAD [Cr stripe_balance]","stripe_balance","69fb9f13cb0ae5c9b6fe483e","20979","","20979","INT-ESCROW","","","5100","2026-05-06T20:05:39.105Z","pi_3TUBc1ChRZW5v2uy0auf6Gq4","0","CAD","","credit","69fb9f13574963c736c2caa0","2026-05-06T20:05:39.616000","2026-05-06T20:05:39.616000","service_720f1ed7-4d53-4623-8377-a9877bf2f722","service+720f1ed7-4d53-4623-8377-a9877bf2f722@no-reply.base44.com","false"
"escrow_released","69fb9d5a2679bf86f9a757c9","Escrow libéré — cachet talent — 209.79$ CAD [Dr talent_payable]","talent_payable","69fb9f13574963c736c2caa0","20979","","0","INT-ESCROW","","","4310","2026-05-06T20:05:39.105Z","pi_3TUBc1ChRZW5v2uy0auf6Gq4","20979","CAD","","debit","69fb9f13cb0ae5c9b6fe483e","2026-05-06T20:05:39.329000","2026-05-06T20:05:39.878000","service_720f1ed7-4d53-4623-8377-a9877bf2f722","service+720f1ed7-4d53-4623-8377-a9877bf2f722@no-reply.base44.com","false"
"deposit_captured","69fb9d5a2679bf86f9a757c9","Dépôt capturé — event 69fb9d5a2679bf86f9a757c9 — 209.79$ CAD [Cr stripe_clearing]","stripe_clearing","69fb9f124b1e4109f7af1987","20979","","20979","INT-CAPTURE","","","5200","2026-05-06T20:05:38.205Z","pi_3TUBc1ChRZW5v2uy0auf6Gq4","0","CAD","","credit","69fb9f120e7f114f5913246e","2026-05-06T20:05:38.643000","2026-05-06T20:05:38.643000","service_720f1ed7-4d53-4623-8377-a9877bf2f722","service+720f1ed7-4d53-4623-8377-a9877bf2f722@no-reply.base44.com","false"
"deposit_captured","69fb9d5a2679bf86f9a757c9","Dépôt capturé — event 69fb9d5a2679bf86f9a757c9 — 209.79$ CAD [Dr stripe_balance]","stripe_balance","69fb9f120e7f114f5913246e","20979","","0","INT-CAPTURE","","","5100","2026-05-06T20:05:38.205Z","pi_3TUBc1ChRZW5v2uy0auf6Gq4","20979","CAD","","debit","69fb9f124b1e4109f7af1987","2026-05-06T20:05:38.416000","2026-05-06T20:05:38.883000","service_720f1ed7-4d53-4623-8377-a9877bf2f722","service+720f1ed7-4d53-4623-8377-a9877bf2f722@no-reply.base44.com","false"
"stripe_fees","69fb9d5a2679bf86f9a757c9","Frais Stripe prélevés par Stripe — 31.88$","stripe_balance","69fb9e1ca31824cd10e1a1db","3188","","3188","DEC-FRAIS","","","5100","2026-05-06T20:01:31.503Z","pi_3TUBdAChRZW5v2uy1QstY4vM","0","CAD","69f2706d181676bbd6e82a5e","credit","69fb9e1d989d6fb7e64736cc","2026-05-06T20:01:33.061000","2026-05-06T20:01:33.559000","service_720f1ed7-4d53-4623-8377-a9877bf2f722","service+720f1ed7-4d53-4623-8377-a9877bf2f722@no-reply.base44.com","false"
"stripe_fees","69fb9d5a2679bf86f9a757c9","Frais Stripe — 31.88$","stripe_fees_expense","69fb9e1d989d6fb7e64736cc","3188","","0","DEC-FRAIS","","","6110","2026-05-06T20:01:31.503Z","pi_3TUBdAChRZW5v2uy1QstY4vM","3188","CAD","69f2706d181676bbd6e82a5e","debit","69fb9e1ca31824cd10e1a1db","2026-05-06T20:01:32.828000","2026-05-06T20:01:33.324000","service_720f1ed7-4d53-4623-8377-a9877bf2f722","service+720f1ed7-4d53-4623-8377-a9877bf2f722@no-reply.base44.com","false"
"tax_collected","69fb9d5a2679bf86f9a757c9","TVQ 9.975% sur commission — 7.98$","tvq_payable","","798","","798","ANA-TAXE","","","4420","2026-05-06T20:01:31.503Z","pi_3TUBdAChRZW5v2uy1QstY4vM","0","CAD","69f2706d181676bbd6e82a5e","credit","69fb9e1c36e4e746d3967a5b","2026-05-06T20:01:32.560000","2026-05-06T20:01:32.560000","service_720f1ed7-4d53-4623-8377-a9877bf2f722","service+720f1ed7-4d53-4623-8377-a9877bf2f722@no-reply.base44.com","false"
"tax_collected","69fb9d5a2679bf86f9a757c9","TPS 5% sur commission — 4.00$","tps_payable","","400","","400","ANA-TAXE","","","4410","2026-05-06T20:01:31.503Z","pi_3TUBdAChRZW5v2uy1QstY4vM","0","CAD","69f2706d181676bbd6e82a5e","credit","69fb9e1ce5b85722e8a6d1cb","2026-05-06T20:01:32.316000","2026-05-06T20:01:32.316000","service_720f1ed7-4d53-4623-8377-a9877bf2f722","service+720f1ed7-4d53-4623-8377-a9877bf2f722@no-reply.base44.com","false"
"commission_earned","69fb9d5a2679bf86f9a757c9","Commission MR HT — 80.00$ (10.00%)","commission_revenue","","8000","","8000","ANA-COMMISSION","","","7110","2026-05-06T20:01:31.503Z","pi_3TUBdAChRZW5v2uy1QstY4vM","0","CAD","69f2706d181676bbd6e82a5e","credit","69fb9e1c89527d64fabf12f7","2026-05-06T20:01:32.077000","2026-05-06T20:01:32.077000","service_720f1ed7-4d53-4623-8377-a9877bf2f722","service+720f1ed7-4d53-4623-8377-a9877bf2f722@no-reply.base44.com","false"
"talent_payable","69fb9d5a2679bf86f9a757c9","Cachet talent — 720.00$ (853.49$ × 90.0%)","talent_payable","","72000","","72000","ANA-TALENT","","","4310","2026-05-06T20:01:31.503Z","pi_3TUBdAChRZW5v2uy1QstY4vM","0","CAD","69f2706d181676bbd6e82a5e","credit","69fb9e1b329d800a11ae51d4","2026-05-06T20:01:31.884000","2026-05-06T20:01:31.884000","service_720f1ed7-4d53-4623-8377-a9877bf2f722","service+720f1ed7-4d53-4623-8377-a9877bf2f722@no-reply.base44.com","false"
"balance_received","69fb9d5a2679bf86f9a757c9","Balance 80% — event ...a757c9 ""S2 Vendeur Tier B (10%) — payeur ≠ organisateur SellerTier"" — 853.49$ brut","stripe_balance","","85349","","0","ENC-BALANCE","","","5100","2026-05-06T20:01:31.503Z","pi_3TUBdAChRZW5v2uy1QstY4vM","85349","CAD","69f2706d181676bbd6e82a5e","debit","69fb9e1b17a74d981afa16e5","2026-05-06T20:01:31.654000","2026-05-06T20:01:31.654000","service_720f1ed7-4d53-4623-8377-a9877bf2f722","service+720f1ed7-4d53-4623-8377-a9877bf2f722@no-reply.base44.com","false"
"tax_collected","69fb9d5a2679bf86f9a757c9","TVQ 9.975% sur commission — 2.00$","tvq_payable","","200","","200","ANA-TAXE","","","4420","2026-05-06T20:00:31.860Z","pi_3TUBc1ChRZW5v2uy0auf6Gq4","0","CAD","69f2706d181676bbd6e82a5e","credit","69fb9de1b82f088e676ca9e4","2026-05-06T20:00:33.144000","2026-05-06T20:00:33.145000","service_720f1ed7-4d53-4623-8377-a9877bf2f722","service+720f1ed7-4d53-4623-8377-a9877bf2f722@no-reply.base44.com","false"
"tax_collected","69fb9d5a2679bf86f9a757c9","TPS 5% sur commission — 1.00$","tps_payable","","100","","100","ANA-TAXE","","","4410","2026-05-06T20:00:31.860Z","pi_3TUBc1ChRZW5v2uy0auf6Gq4","0","CAD","69f2706d181676bbd6e82a5e","credit","69fb9de036e4e746d3967a07","2026-05-06T20:00:32.815000","2026-05-06T20:00:32.815000","service_720f1ed7-4d53-4623-8377-a9877bf2f722","service+720f1ed7-4d53-4623-8377-a9877bf2f722@no-reply.base44.com","false"
"commission_earned","69fb9d5a2679bf86f9a757c9","Commission MR HT — 20.00$ (10.00%)","commission_revenue","","2000","","2000","ANA-COMMISSION","","","7110","2026-05-06T20:00:31.860Z","pi_3TUBc1ChRZW5v2uy0auf6Gq4","0","CAD","69f2706d181676bbd6e82a5e","credit","69fb9de050db8eef893148e0","2026-05-06T20:00:32.507000","2026-05-06T20:00:32.507000","service_720f1ed7-4d53-4623-8377-a9877bf2f722","service+720f1ed7-4d53-4623-8377-a9877bf2f722@no-reply.base44.com","false"
"talent_payable","69fb9d5a2679bf86f9a757c9","Cachet talent — 180.00$ (209.79$ × 90.0%)","talent_payable","","18000","","18000","ANA-TALENT","","","4310","2026-05-06T20:00:31.860Z","pi_3TUBc1ChRZW5v2uy0auf6Gq4","0","CAD","69f2706d181676bbd6e82a5e","credit","69fb9de0a883c82b3e1d3d49","2026-05-06T20:00:32.269000","2026-05-06T20:00:32.269000","service_720f1ed7-4d53-4623-8377-a9877bf2f722","service+720f1ed7-4d53-4623-8377-a9877bf2f722@no-reply.base44.com","false"
"deposit_authorized","69fb9d5a2679bf86f9a757c9","Dépôt 20% — event ...a757c9 ""S2 Vendeur Tier B (10%) — payeur ≠ organisateur SellerTier"" — 209.79$ brut","stripe_clearing","","20979","","0","ENC-DEPOT","","","5200","2026-05-06T20:00:31.860Z","pi_3TUBc1ChRZW5v2uy0auf6Gq4","20979","CAD","69f2706d181676bbd6e82a5e","debit","69fb9de02e18fd2ce785d2bd","2026-05-06T20:00:32.030000","2026-05-06T20:00:32.030000","service_720f1ed7-4d53-4623-8377-a9877bf2f722","service+720f1ed7-4d53-4623-8377-a9877bf2f722@no-reply.base44.com","false"
"stripe_fees","69fb9bc0e203e66a26c73dcb","Frais Stripe dépôt — 1.86$ CAD [Cr stripe_balance]","stripe_balance","69fb9ce2267d9ad2258aaa06","186","","186","DEC-FRAIS","","","5100","2026-05-06T19:56:18.762Z","pi_3TUBWbChRZW5v2uy1om6X8KU","0","CAD","","credit","69fb9ce3aa612727d50a7cce","2026-05-06T19:56:19.122000","2026-05-06T19:56:19.122000","service_720f1ed7-4d53-4623-8377-a9877bf2f722","service+720f1ed7-4d53-4623-8377-a9877bf2f722@no-reply.base44.com","false"
"stripe_fees","69fb9bc0e203e66a26c73dcb","Frais Stripe dépôt — 1.86$ CAD [Dr stripe_fees_expense]","stripe_fees_expense","69fb9ce3aa612727d50a7cce","186","","0","DEC-FRAIS","","","6110","2026-05-06T19:56:18.762Z","pi_3TUBWbChRZW5v2uy1om6X8KU","186","CAD","","debit","69fb9ce2267d9ad2258aaa06","2026-05-06T19:56:18.955000","2026-05-06T19:56:19.375000","service_720f1ed7-4d53-4623-8377-a9877bf2f722","service+720f1ed7-4d53-4623-8377-a9877bf2f722@no-reply.base44.com","false"
"escrow_released","69fb9bc0e203e66a26c73dcb","Escrow libéré — cachet talent — 42.20$ CAD [Cr stripe_balance]","stripe_balance","69fb9ce28dc10bb135611628","4220","","4220","INT-ESCROW","","","5100","2026-05-06T19:56:17.848Z","pi_3TUBWbChRZW5v2uy1om6X8KU","0","CAD","","credit","69fb9ce202ef1416f053dce6","2026-05-06T19:56:18.285000","2026-05-06T19:56:18.285000","service_720f1ed7-4d53-4623-8377-a9877bf2f722","service+720f1ed7-4d53-4623-8377-a9877bf2f722@no-reply.base44.com","false"
"escrow_released","69fb9bc0e203e66a26c73dcb","Escrow libéré — cachet talent — 42.20$ CAD [Dr talent_payable]","talent_payable","69fb9ce202ef1416f053dce6","4220","","0","INT-ESCROW","","","4310","2026-05-06T19:56:17.848Z","pi_3TUBWbChRZW5v2uy1om6X8KU","4220","CAD","","debit","69fb9ce28dc10bb135611628","2026-05-06T19:56:18.034000","2026-05-06T19:56:18.526000","service_720f1ed7-4d53-4623-8377-a9877bf2f722","service+720f1ed7-4d53-4623-8377-a9877bf2f722@no-reply.base44.com","false"
"deposit_captured","69fb9bc0e203e66a26c73dcb","Dépôt capturé — event 69fb9bc0e203e66a26c73dcb — 42.20$ CAD [Cr stripe_clearing]","stripe_clearing","69fb9ce1ae00b8092684432d","4220","","4220","INT-CAPTURE","","","5200","2026-05-06T19:56:16.844Z","pi_3TUBWbChRZW5v2uy1om6X8KU","0","CAD","","credit","69fb9ce1b6b91a11183ef15e","2026-05-06T19:56:17.370000","2026-05-06T19:56:17.370000","service_720f1ed7-4d53-4623-8377-a9877bf2f722","service+720f1ed7-4d53-4623-8377-a9877bf2f722@no-reply.base44.com","false"
"deposit_captured","69fb9bc0e203e66a26c73dcb","Dépôt capturé — event 69fb9bc0e203e66a26c73dcb — 42.20$ CAD [Dr stripe_balance]","stripe_balance","69fb9ce1b6b91a11183ef15e","4220","","0","INT-CAPTURE","","","5100","2026-05-06T19:56:16.844Z","pi_3TUBWbChRZW5v2uy1om6X8KU","4220","CAD","","debit","69fb9ce1ae00b8092684432d","2026-05-06T19:56:17.083000","2026-05-06T19:56:17.577000","service_720f1ed7-4d53-4623-8377-a9877bf2f722","service+720f1ed7-4d53-4623-8377-a9877bf2f722@no-reply.base44.com","false"
"stripe_fees","69fb9bc0e203e66a26c73dcb","Frais Stripe prélevés par Stripe — 6.65$","stripe_balance","69fb9ccf7916fc8f5499188d","665","","665","DEC-FRAIS","","","5100","2026-05-06T19:55:58.108Z","pi_3TUBXoChRZW5v2uy0EHKJ7DR","0","CAD","69f62cd5271164a83828fd92","credit","69fb9ccf4bd3b9864231b90e","2026-05-06T19:55:59.830000","2026-05-06T19:56:00.431000","service_720f1ed7-4d53-4623-8377-a9877bf2f722","service+720f1ed7-4d53-4623-8377-a9877bf2f722@no-reply.base44.com","false"
"stripe_fees","69fb9bc0e203e66a26c73dcb","Frais Stripe — 6.65$","stripe_fees_expense","69fb9ccf4bd3b9864231b90e","665","","0","DEC-FRAIS","","","6110","2026-05-06T19:55:58.108Z","pi_3TUBXoChRZW5v2uy0EHKJ7DR","665","CAD","69f62cd5271164a83828fd92","debit","69fb9ccf7916fc8f5499188d","2026-05-06T19:55:59.565000","2026-05-06T19:56:00.044000","service_720f1ed7-4d53-4623-8377-a9877bf2f722","service+720f1ed7-4d53-4623-8377-a9877bf2f722@no-reply.base44.com","false"
"tax_collected","69fb9bc0e203e66a26c73dcb","TVQ 9.975% sur commission — 1.82$","tvq_payable","","182","","182","ANA-TAXE","","","4420","2026-05-06T19:55:58.108Z","pi_3TUBXoChRZW5v2uy0EHKJ7DR","0","CAD","69f62cd5271164a83828fd92","credit","69fb9ccfdf5a2db3896437f6","2026-05-06T19:55:59.323000","2026-05-06T19:55:59.323000","service_720f1ed7-4d53-4623-8377-a9877bf2f722","service+720f1ed7-4d53-4623-8377-a9877bf2f722@no-reply.base44.com","false"
"tax_collected","69fb9bc0e203e66a26c73dcb","TPS 5% sur commission — 0.91$","tps_payable","","91","","91","ANA-TAXE","","","4410","2026-05-06T19:55:58.108Z","pi_3TUBXoChRZW5v2uy0EHKJ7DR","0","CAD","69f62cd5271164a83828fd92","credit","69fb9ccfc57fc49cee75f430","2026-05-06T19:55:59.097000","2026-05-06T19:55:59.097000","service_720f1ed7-4d53-4623-8377-a9877bf2f722","service+720f1ed7-4d53-4623-8377-a9877bf2f722@no-reply.base44.com","false"
"commission_earned","69fb9bc0e203e66a26c73dcb","Commission MR HT — 18.24$ (11.40%)","commission_revenue","","1824","","1824","ANA-COMMISSION","","","7110","2026-05-06T19:55:58.108Z","pi_3TUBXoChRZW5v2uy0EHKJ7DR","0","CAD","69f62cd5271164a83828fd92","credit","69fb9cce47281223ed532413","2026-05-06T19:55:58.844000","2026-05-06T19:55:58.844000","service_720f1ed7-4d53-4623-8377-a9877bf2f722","service+720f1ed7-4d53-4623-8377-a9877bf2f722@no-reply.base44.com","false"
"talent_payable","69fb9bc0e203e66a26c73dcb","Cachet talent — 141.76$ (171.68$ × 88.6%)","talent_payable","","14176","","14176","ANA-TALENT","","","4310","2026-05-06T19:55:58.108Z","pi_3TUBXoChRZW5v2uy0EHKJ7DR","0","CAD","69f62cd5271164a83828fd92","credit","69fb9cceb315c3c9cf81ee68","2026-05-06T19:55:58.573000","2026-05-06T19:55:58.573000","service_720f1ed7-4d53-4623-8377-a9877bf2f722","service+720f1ed7-4d53-4623-8377-a9877bf2f722@no-reply.base44.com","false"
"balance_received","69fb9bc0e203e66a26c73dcb","Balance 80% — event ...c73dcb ""S1 Organisateur = payeur, Tier A (12%)"" — 171.68$ brut","stripe_balance","","17168","","0","ENC-BALANCE","","","5100","2026-05-06T19:55:58.108Z","pi_3TUBXoChRZW5v2uy0EHKJ7DR","17168","CAD","69f62cd5271164a83828fd92","debit","69fb9ccef90d4d229aa5dcc1","2026-05-06T19:55:58.280000","2026-05-06T19:55:58.280000","service_720f1ed7-4d53-4623-8377-a9877bf2f722","service+720f1ed7-4d53-4623-8377-a9877bf2f722@no-reply.base44.com","false"
"tax_collected","69fb9bc0e203e66a26c73dcb","TVQ 9.975% sur commission — 0.45$","tvq_payable","","45","","45","ANA-TAXE","","","4420","2026-05-06T19:54:49.636Z","pi_3TUBWbChRZW5v2uy1om6X8KU","0","CAD","69f62cd5271164a83828fd92","credit","69fb9c8c6d9f4d7d81facba4","2026-05-06T19:54:52.517000","2026-05-06T19:54:52.517000","service_720f1ed7-4d53-4623-8377-a9877bf2f722","service+720f1ed7-4d53-4623-8377-a9877bf2f722@no-reply.base44.com","false"
"tax_collected","69fb9bc0e203e66a26c73dcb","TPS 5% sur commission — 0.23$","tps_payable","","23","","23","ANA-TAXE","","","4410","2026-05-06T19:54:49.636Z","pi_3TUBWbChRZW5v2uy1om6X8KU","0","CAD","69f62cd5271164a83828fd92","credit","69fb9c8c6d7d3d689d9b4416","2026-05-06T19:54:52.127000","2026-05-06T19:54:52.127000","service_720f1ed7-4d53-4623-8377-a9877bf2f722","service+720f1ed7-4d53-4623-8377-a9877bf2f722@no-reply.base44.com","false"
"commission_earned","69fb9bc0e203e66a26c73dcb","Commission MR HT — 4.56$ (11.40%)","commission_revenue","","456","","456","ANA-COMMISSION","","","7110","2026-05-06T19:54:49.636Z","pi_3TUBWbChRZW5v2uy1om6X8KU","0","CAD","69f62cd5271164a83828fd92","credit","69fb9c8bc9550889ec3e70cc","2026-05-06T19:54:51.492000","2026-05-06T19:54:51.492000","service_720f1ed7-4d53-4623-8377-a9877bf2f722","service+720f1ed7-4d53-4623-8377-a9877bf2f722@no-reply.base44.com","false"
"talent_payable","69fb9bc0e203e66a26c73dcb","Cachet talent — 35.44$ (42.20$ × 88.6%)","talent_payable","","3544","","3544","ANA-TALENT","","","4310","2026-05-06T19:54:49.636Z","pi_3TUBWbChRZW5v2uy1om6X8KU","0","CAD","69f62cd5271164a83828fd92","credit","69fb9c8a536bf68475e5c70d","2026-05-06T19:54:50.775000","2026-05-06T19:54:50.775000","service_720f1ed7-4d53-4623-8377-a9877bf2f722","service+720f1ed7-4d53-4623-8377-a9877bf2f722@no-reply.base44.com","false"
"deposit_authorized","69fb9bc0e203e66a26c73dcb","Dépôt 20% — event ...c73dcb ""S1 Organisateur = payeur, Tier A (12%)"" — 42.20$ brut","stripe_clearing","","4220","","0","ENC-DEPOT","","","5200","2026-05-06T19:54:49.636Z","pi_3TUBWbChRZW5v2uy1om6X8KU","4220","CAD","69f62cd5271164a83828fd92","debit","69fb9c8a0951102c25e35e38","2026-05-06T19:54:50.343000","2026-05-06T19:54:50.343000","service_720f1ed7-4d53-4623-8377-a9877bf2f722","service+720f1ed7-4d53-4623-8377-a9877bf2f722@no-reply.base44.com","false"
"tax_collected","69fb72f19a83df199bb7f9a1","TVQ 9.975% sur commission — 2.00$","tvq_payable","","200","","200","ANA-TAXE","","","4420","2026-05-06T16:58:46.497Z","pi_3TU8mJChRZW5v2uy16WaT4om","0","CAD","69f2739b8a9489588db01d2c","credit","69fb7347ffa1f0cec0b443c5","2026-05-06T16:58:47.746000","2026-05-06T16:58:47.746000","service_720f1ed7-4d53-4623-8377-a9877bf2f722","service+720f1ed7-4d53-4623-8377-a9877bf2f722@no-reply.base44.com","false"
"tax_collected","69fb72f19a83df199bb7f9a1","TPS 5% sur commission — 1.00$","tps_payable","","100","","100","ANA-TAXE","","","4410","2026-05-06T16:58:46.497Z","pi_3TU8mJChRZW5v2uy16WaT4om","0","CAD","69f2739b8a9489588db01d2c","credit","69fb73472b358e09844be70f","2026-05-06T16:58:47.499000","2026-05-06T16:58:47.499000","service_720f1ed7-4d53-4623-8377-a9877bf2f722","service+720f1ed7-4d53-4623-8377-a9877bf2f722@no-reply.base44.com","false"
"commission_earned","69fb72f19a83df199bb7f9a1","Commission MR HT — 20.00$ (10.00%)","commission_revenue","","2000","","2000","ANA-COMMISSION","","","7110","2026-05-06T16:58:46.497Z","pi_3TU8mJChRZW5v2uy16WaT4om","0","CAD","69f2739b8a9489588db01d2c","credit","69fb7347fee5f696d0cc0944","2026-05-06T16:58:47.303000","2026-05-06T16:58:47.303000","service_720f1ed7-4d53-4623-8377-a9877bf2f722","service+720f1ed7-4d53-4623-8377-a9877bf2f722@no-reply.base44.com","false"
"talent_payable","69fb72f19a83df199bb7f9a1","Cachet talent — 180.00$ (209.79$ × 90.0%)","talent_payable","","18000","","18000","ANA-TALENT","","","4310","2026-05-06T16:58:46.497Z","pi_3TU8mJChRZW5v2uy16WaT4om","0","CAD","69f2739b8a9489588db01d2c","credit","69fb7347375b6f4288281976","2026-05-06T16:58:47.081000","2026-05-06T16:58:47.081000","service_720f1ed7-4d53-4623-8377-a9877bf2f722","service+720f1ed7-4d53-4623-8377-a9877bf2f722@no-reply.base44.com","false"
"deposit_authorized","69fb72f19a83df199bb7f9a1","Dépôt 20% — event ...b7f9a1 ""test Confirmstripepayment v33 - 3"" — 209.79$ brut","stripe_clearing","","20979","","0","ENC-DEPOT","","","5200","2026-05-06T16:58:46.497Z","pi_3TU8mJChRZW5v2uy16WaT4om","20979","CAD","69f2739b8a9489588db01d2c","debit","69fb7346307f63836cf05684","2026-05-06T16:58:46.796000","2026-05-06T16:58:46.796000","service_720f1ed7-4d53-4623-8377-a9877bf2f722","service+720f1ed7-4d53-4623-8377-a9877bf2f722@no-reply.base44.com","false"
"tax_collected","69fb70c13139d8a6f69ba690","TVQ 9.975% sur commission — 1.00$","tvq_payable","","100","","100","ANA-TAXE","","","4420","2026-05-06T16:50:03.516Z","pi_3TU8dpChRZW5v2uy1wGxUL2d","0","CAD","69f2739b8a9489588db01d2c","credit","69fb714147f6842156caa4f9","2026-05-06T16:50:09.443000","2026-05-06T16:50:09.443000","service_720f1ed7-4d53-4623-8377-a9877bf2f722","service+720f1ed7-4d53-4623-8377-a9877bf2f722@no-reply.base44.com","false"
"tax_collected","69fb70c13139d8a6f69ba690","TPS 5% sur commission — 0.50$","tps_payable","","50","","50","ANA-TAXE","","","4410","2026-05-06T16:50:03.516Z","pi_3TU8dpChRZW5v2uy1wGxUL2d","0","CAD","69f2739b8a9489588db01d2c","credit","69fb71414f339057040a4d44","2026-05-06T16:50:09.171000","2026-05-06T16:50:09.171000","service_720f1ed7-4d53-4623-8377-a9877bf2f722","service+720f1ed7-4d53-4623-8377-a9877bf2f722@no-reply.base44.com","false"
"commission_earned","69fb70c13139d8a6f69ba690","Commission MR HT — 10.00$ (10.00%)","commission_revenue","","1000","","1000","ANA-COMMISSION","","","7110","2026-05-06T16:50:03.516Z","pi_3TU8dpChRZW5v2uy1wGxUL2d","0","CAD","69f2739b8a9489588db01d2c","credit","69fb7140776b5c3c5197163b","2026-05-06T16:50:08.929000","2026-05-06T16:50:08.929000","service_720f1ed7-4d53-4623-8377-a9877bf2f722","service+720f1ed7-4d53-4623-8377-a9877bf2f722@no-reply.base44.com","false"
"talent_payable","69fb70c13139d8a6f69ba690","Cachet talent — 90.00$ (105.06$ × 90.0%)","talent_payable","","9000","","9000","ANA-TALENT","","","4310","2026-05-06T16:50:03.516Z","pi_3TU8dpChRZW5v2uy1wGxUL2d","0","CAD","69f2739b8a9489588db01d2c","credit","69fb7140ba052557096d1e05","2026-05-06T16:50:08.642000","2026-05-06T16:50:08.642000","service_720f1ed7-4d53-4623-8377-a9877bf2f722","service+720f1ed7-4d53-4623-8377-a9877bf2f722@no-reply.base44.com","false"
"deposit_authorized","69fb70c13139d8a6f69ba690","Dépôt 20% — event ...9ba690 ""test Confirmstripepayment v33"" — 105.06$ brut","stripe_clearing","","10506","","0","ENC-DEPOT","","","5200","2026-05-06T16:50:03.516Z","pi_3TU8dpChRZW5v2uy1wGxUL2d","10506","CAD","69f2739b8a9489588db01d2c","debit","69fb7140d471efa6eb35258a","2026-05-06T16:50:08.042000","2026-05-06T16:50:08.042000","service_720f1ed7-4d53-4623-8377-a9877bf2f722","service+720f1ed7-4d53-4623-8377-a9877bf2f722@no-reply.base44.com","false"
"stripe_fees","69fb6c8563e27c92387e4124","Frais Stripe prélevés par Stripe — 31.54$","stripe_balance","69fb6d7b22b8418e8bebb396","3154","","3154","DEC-FRAIS","","","5100","2026-05-06T16:34:01.411Z","pi_3TU8OEChRZW5v2uy1Ez35z59","0","CAD","69f2739b8a9489588db01d2c","credit","69fb6d7bf3eb82bc351760a6","2026-05-06T16:34:03.372000","2026-05-06T16:34:05.022000","service_720f1ed7-4d53-4623-8377-a9877bf2f722","service+720f1ed7-4d53-4623-8377-a9877bf2f722@no-reply.base44.com","false"
"stripe_fees","69fb6c8563e27c92387e4124","Frais Stripe — 31.54$","stripe_fees_expense","69fb6d7bf3eb82bc351760a6","3154","","0","DEC-FRAIS","","","6110","2026-05-06T16:34:01.411Z","pi_3TU8OEChRZW5v2uy1Ez35z59","3154","CAD","69f2739b8a9489588db01d2c","debit","69fb6d7b22b8418e8bebb396","2026-05-06T16:34:03.122000","2026-05-06T16:34:04.783000","service_720f1ed7-4d53-4623-8377-a9877bf2f722","service+720f1ed7-4d53-4623-8377-a9877bf2f722@no-reply.base44.com","false"
"tax_collected","69fb6c8563e27c92387e4124","TVQ 9.975% sur commission — 3.98$","tvq_payable","","398","","398","ANA-TAXE","","","4420","2026-05-06T16:34:01.411Z","pi_3TU8OEChRZW5v2uy1Ez35z59","0","CAD","69f2739b8a9489588db01d2c","credit","69fb6d7a856ba40a2278cded","2026-05-06T16:34:02.844000","2026-05-06T16:34:02.844000","service_720f1ed7-4d53-4623-8377-a9877bf2f722","service+720f1ed7-4d53-4623-8377-a9877bf2f722@no-reply.base44.com","false"
"tax_collected","69fb6c8563e27c92387e4124","TPS 5% sur commission — 2.00$","tps_payable","","200","","200","ANA-TAXE","","","4410","2026-05-06T16:34:01.411Z","pi_3TU8OEChRZW5v2uy1Ez35z59","0","CAD","69f2739b8a9489588db01d2c","credit","69fb6d7a89decb294557363f","2026-05-06T16:34:02.166000","2026-05-06T16:34:02.166000","service_720f1ed7-4d53-4623-8377-a9877bf2f722","service+720f1ed7-4d53-4623-8377-a9877bf2f722@no-reply.base44.com","false"
"commission_earned","69fb6c8563e27c92387e4124","Commission MR HT — 39.91$ (5.00%)","commission_revenue","","3991","","3991","ANA-COMMISSION","","","7110","2026-05-06T16:34:01.411Z","pi_3TU8OEChRZW5v2uy1Ez35z59","0","CAD","69f2739b8a9489588db01d2c","credit","69fb6d7960c57f5c092b0580","2026-05-06T16:34:01.990000","2026-05-06T16:34:01.990000","service_720f1ed7-4d53-4623-8377-a9877bf2f722","service+720f1ed7-4d53-4623-8377-a9877bf2f722@no-reply.base44.com","false"
"talent_payable","69fb6c8563e27c92387e4124","Cachet talent — 758.36$ (844.34$ × 95.0%)","talent_payable","","75836","","75836","ANA-TALENT","","","4310","2026-05-06T16:34:01.411Z","pi_3TU8OEChRZW5v2uy1Ez35z59","0","CAD","69f2739b8a9489588db01d2c","credit","69fb6d79636d42492491f5af","2026-05-06T16:34:01.709000","2026-05-06T16:34:01.709000","service_720f1ed7-4d53-4623-8377-a9877bf2f722","service+720f1ed7-4d53-4623-8377-a9877bf2f722@no-reply.base44.com","false"
"balance_received","69fb6c8563e27c92387e4124","Balance 80% — event ...7e4124 ""TEST confirmStripePayment V32"" — 844.34$ brut","stripe_balance","","84434","","0","ENC-BALANCE","","","5100","2026-05-06T16:34:01.411Z","pi_3TU8OEChRZW5v2uy1Ez35z59","84434","CAD","69f2739b8a9489588db01d2c","debit","69fb6d793a55d90bbd2ff0b8","2026-05-06T16:34:01.529000","2026-05-06T16:34:01.529000","service_720f1ed7-4d53-4623-8377-a9877bf2f722","service+720f1ed7-4d53-4623-8377-a9877bf2f722@no-reply.base44.com","false"
"stripe_fees","69fb6c8563e27c92387e4124","Frais Stripe dépôt — 8.06$ CAD [Cr stripe_balance]","stripe_balance","69fb6d382460f3e945e0dbef","806","","806","DEC-FRAIS","","","5100","2026-05-06T16:32:56.188Z","pi_3TU8MlChRZW5v2uy0ZPHoGaD","0","CAD","","credit","69fb6d38847e2bf150ba1f87","2026-05-06T16:32:56.761000","2026-05-06T16:32:56.761000","service_720f1ed7-4d53-4623-8377-a9877bf2f722","service+720f1ed7-4d53-4623-8377-a9877bf2f722@no-reply.base44.com","false"
"stripe_fees","69fb6c8563e27c92387e4124","Frais Stripe dépôt — 8.06$ CAD [Dr stripe_fees_expense]","stripe_fees_expense","69fb6d38847e2bf150ba1f87","806","","0","DEC-FRAIS","","","6110","2026-05-06T16:32:56.188Z","pi_3TU8MlChRZW5v2uy0ZPHoGaD","806","CAD","","debit","69fb6d382460f3e945e0dbef","2026-05-06T16:32:56.422000","2026-05-06T16:32:57.021000","service_720f1ed7-4d53-4623-8377-a9877bf2f722","service+720f1ed7-4d53-4623-8377-a9877bf2f722@no-reply.base44.com","false"
"escrow_released","69fb6c8563e27c92387e4124","Escrow libéré — cachet talent — 209.79$ CAD [Cr stripe_balance]","stripe_balance","69fb6d37ddabc354ec8d271f","20979","","20979","INT-ESCROW","","","5100","2026-05-06T16:32:55.220Z","pi_3TU8MlChRZW5v2uy0ZPHoGaD","0","CAD","","credit","69fb6d370885832c1522f4b6","2026-05-06T16:32:55.668000","2026-05-06T16:32:55.668000","service_720f1ed7-4d53-4623-8377-a9877bf2f722","service+720f1ed7-4d53-4623-8377-a9877bf2f722@no-reply.base44.com","false"
"escrow_released","69fb6c8563e27c92387e4124","Escrow libéré — cachet talent — 209.79$ CAD [Dr talent_payable]","talent_payable","69fb6d370885832c1522f4b6","20979","","0","INT-ESCROW","","","4310","2026-05-06T16:32:55.220Z","pi_3TU8MlChRZW5v2uy0ZPHoGaD","20979","CAD","","debit","69fb6d37ddabc354ec8d271f","2026-05-06T16:32:55.440000","2026-05-06T16:32:55.926000","service_720f1ed7-4d53-4623-8377-a9877bf2f722","service+720f1ed7-4d53-4623-8377-a9877bf2f722@no-reply.base44.com","false"
"deposit_captured","69fb6c8563e27c92387e4124","Dépôt capturé — event 69fb6c8563e27c92387e4124 — 209.79$ CAD [Cr stripe_clearing]","stripe_clearing","69fb6d36c40b9062b8d85409","20979","","20979","INT-CAPTURE","","","5200","2026-05-06T16:32:54.305Z","pi_3TU8MlChRZW5v2uy0ZPHoGaD","0","CAD","","credit","69fb6d3674b2a0cedc9fe365","2026-05-06T16:32:54.674000","2026-05-06T16:32:54.674000","service_720f1ed7-4d53-4623-8377-a9877bf2f722","service+720f1ed7-4d53-4623-8377-a9877bf2f722@no-reply.base44.com","false"
"deposit_captured","69fb6c8563e27c92387e4124","Dépôt capturé — event 69fb6c8563e27c92387e4124 — 209.79$ CAD [Dr stripe_balance]","stripe_balance","69fb6d3674b2a0cedc9fe365","20979","","0","INT-CAPTURE","","","5100","2026-05-06T16:32:54.305Z","pi_3TU8MlChRZW5v2uy0ZPHoGaD","20979","CAD","","debit","69fb6d36c40b9062b8d85409","2026-05-06T16:32:54.489000","2026-05-06T16:32:54.928000","service_720f1ed7-4d53-4623-8377-a9877bf2f722","service+720f1ed7-4d53-4623-8377-a9877bf2f722@no-reply.base44.com","false"
"tax_collected","69fb6c8563e27c92387e4124","TVQ 9.975% sur commission — 1.00$","tvq_payable","","100","","100","ANA-TAXE","","","4420","2026-05-06T16:32:30.276Z","pi_3TU8MlChRZW5v2uy0ZPHoGaD","0","CAD","69f2739b8a9489588db01d2c","credit","69fb6d1fe4eee3c3bd6d6568","2026-05-06T16:32:31.505000","2026-05-06T16:32:31.505000","service_720f1ed7-4d53-4623-8377-a9877bf2f722","service+720f1ed7-4d53-4623-8377-a9877bf2f722@no-reply.base44.com","false"
"tax_collected","69fb6c8563e27c92387e4124","TPS 5% sur commission — 0.50$","tps_payable","","50","","50","ANA-TAXE","","","4410","2026-05-06T16:32:30.276Z","pi_3TU8MlChRZW5v2uy0ZPHoGaD","0","CAD","69f2739b8a9489588db01d2c","credit","69fb6d1f22b8418e8bebb38b","2026-05-06T16:32:31.280000","2026-05-06T16:32:31.280000","service_720f1ed7-4d53-4623-8377-a9877bf2f722","service+720f1ed7-4d53-4623-8377-a9877bf2f722@no-reply.base44.com","false"
"commission_earned","69fb6c8563e27c92387e4124","Commission MR HT — 10.00$ (5.00%)","commission_revenue","","1000","","1000","ANA-COMMISSION","","","7110","2026-05-06T16:32:30.276Z","pi_3TU8MlChRZW5v2uy0ZPHoGaD","0","CAD","69f2739b8a9489588db01d2c","credit","69fb6d1fe477ed17a710b331","2026-05-06T16:32:31.128000","2026-05-06T16:32:31.128000","service_720f1ed7-4d53-4623-8377-a9877bf2f722","service+720f1ed7-4d53-4623-8377-a9877bf2f722@no-reply.base44.com","false"
"talent_payable","69fb6c8563e27c92387e4124","Cachet talent — 190.00$ (209.79$ × 95.0%)","talent_payable","","19000","","19000","ANA-TALENT","","","4310","2026-05-06T16:32:30.276Z","pi_3TU8MlChRZW5v2uy0ZPHoGaD","0","CAD","69f2739b8a9489588db01d2c","credit","69fb6d1e97b409dce92d89b0","2026-05-06T16:32:30.870000","2026-05-06T16:32:30.870000","service_720f1ed7-4d53-4623-8377-a9877bf2f722","service+720f1ed7-4d53-4623-8377-a9877bf2f722@no-reply.base44.com","false"
"deposit_authorized","69fb6c8563e27c92387e4124","Dépôt 20% — event ...7e4124 ""TEST confirmStripePayment V32"" — 209.79$ brut","stripe_clearing","","20979","","0","ENC-DEPOT","","","5200","2026-05-06T16:32:30.276Z","pi_3TU8MlChRZW5v2uy0ZPHoGaD","20979","CAD","69f2739b8a9489588db01d2c","debit","69fb6d1e42318266db01287f","2026-05-06T16:32:30.388000","2026-05-06T16:32:30.388000","service_720f1ed7-4d53-4623-8377-a9877bf2f722","service+720f1ed7-4d53-4623-8377-a9877bf2f722@no-reply.base44.com","false"
"escrow_released","69fb62aa2821929a81655b71","Escrow libéré — event 69fb62aa2821929a81655b71 — 63.15$ CAD [Cr stripe_balance]","stripe_balance","69fb63856c37e0f6a0bca00b","6315","","0","","","","","2026-05-06T15:51:33.294Z","pi_3TU7hGChRZW5v2uy19XNss1S","0","CAD","","credit","69fb6385b3927bbecb13174b","2026-05-06T15:51:33.766000","2026-05-06T15:51:33.766000","service_720f1ed7-4d53-4623-8377-a9877bf2f722","service+720f1ed7-4d53-4623-8377-a9877bf2f722@no-reply.base44.com","false"
"escrow_released","69fb62aa2821929a81655b71","Escrow libéré — event 69fb62aa2821929a81655b71 — 63.15$ CAD [Dr escrow_liability]","escrow_liability","69fb6385b3927bbecb13174b","6315","","0","","","","","2026-05-06T15:51:33.294Z","pi_3TU7hGChRZW5v2uy19XNss1S","0","CAD","","debit","69fb63856c37e0f6a0bca00b","2026-05-06T15:51:33.523000","2026-05-06T15:51:34.018000","service_720f1ed7-4d53-4623-8377-a9877bf2f722","service+720f1ed7-4d53-4623-8377-a9877bf2f722@no-reply.base44.com","false"
"deposit_captured","69fb62aa2821929a81655b71","Dépôt capturé — event 69fb62aa2821929a81655b71 — 63.15$ CAD [Cr stripe_clearing]","stripe_clearing","69fb6384e15c3d203f0c5be0","6315","","0","","","","","2026-05-06T15:51:32.266Z","pi_3TU7hGChRZW5v2uy19XNss1S","0","CAD","","credit","69fb6384b782e6ef39d56175","2026-05-06T15:51:32.697000","2026-05-06T15:51:32.697000","service_720f1ed7-4d53-4623-8377-a9877bf2f722","service+720f1ed7-4d53-4623-8377-a9877bf2f722@no-reply.base44.com","false"
"deposit_captured","69fb62aa2821929a81655b71","Dépôt capturé — event 69fb62aa2821929a81655b71 — 63.15$ CAD [Dr stripe_balance]","stripe_balance","69fb6384b782e6ef39d56175","6315","","0","","","","","2026-05-06T15:51:32.266Z","pi_3TU7hGChRZW5v2uy19XNss1S","0","CAD","","debit","69fb6384e15c3d203f0c5be0","2026-05-06T15:51:32.483000","2026-05-06T15:51:33.008000","service_720f1ed7-4d53-4623-8377-a9877bf2f722","service+720f1ed7-4d53-4623-8377-a9877bf2f722@no-reply.base44.com","false"
"stripe_fees","69fb62aa2821929a81655b71","Frais Stripe prélevés par Stripe — 9.81$","stripe_balance","69fb635cfcbe4ce7ead06fdf","981","","981","DEC-FRAIS","","","5100","2026-05-06T15:50:51.355Z","pi_3TU7idChRZW5v2uy0wPdiaqS","0","CAD","69f2739b8a9489588db01d2c","credit","69fb635dd75f8ad1ae80da3b","2026-05-06T15:50:53.001000","2026-05-06T15:50:53.511000","service_720f1ed7-4d53-4623-8377-a9877bf2f722","service+720f1ed7-4d53-4623-8377-a9877bf2f722@no-reply.base44.com","false"
"stripe_fees","69fb62aa2821929a81655b71","Frais Stripe — 9.81$","stripe_fees_expense","69fb635dd75f8ad1ae80da3b","981","","0","DEC-FRAIS","","","6110","2026-05-06T15:50:51.355Z","pi_3TU7idChRZW5v2uy0wPdiaqS","981","CAD","69f2739b8a9489588db01d2c","debit","69fb635cfcbe4ce7ead06fdf","2026-05-06T15:50:52.753000","2026-05-06T15:50:53.272000","service_720f1ed7-4d53-4623-8377-a9877bf2f722","service+720f1ed7-4d53-4623-8377-a9877bf2f722@no-reply.base44.com","false"
"tax_collected","69fb62aa2821929a81655b71","TVQ 9.975% sur commission — 2.73$","tvq_payable","","273","","273","ANA-TAXE","","","4420","2026-05-06T15:50:51.355Z","pi_3TU7idChRZW5v2uy0wPdiaqS","0","CAD","69f2739b8a9489588db01d2c","credit","69fb635cf69c59b3e0224ca0","2026-05-06T15:50:52.541000","2026-05-06T15:50:52.541000","service_720f1ed7-4d53-4623-8377-a9877bf2f722","service+720f1ed7-4d53-4623-8377-a9877bf2f722@no-reply.base44.com","false"
"tax_collected","69fb62aa2821929a81655b71","TPS 5% sur commission — 1.37$","tps_payable","","137","","137","ANA-TAXE","","","4410","2026-05-06T15:50:51.355Z","pi_3TU7idChRZW5v2uy0wPdiaqS","0","CAD","69f2739b8a9489588db01d2c","credit","69fb635cdc032127355142c0","2026-05-06T15:50:52.286000","2026-05-06T15:50:52.286000","service_720f1ed7-4d53-4623-8377-a9877bf2f722","service+720f1ed7-4d53-4623-8377-a9877bf2f722@no-reply.base44.com","false"
"commission_earned","69fb62aa2821929a81655b71","Commission MR HT — 27.36$ (11.40%)","commission_revenue","","2736","","2736","ANA-COMMISSION","","","7110","2026-05-06T15:50:51.355Z","pi_3TU7idChRZW5v2uy0wPdiaqS","0","CAD","69f2739b8a9489588db01d2c","credit","69fb635c7a86841261185900","2026-05-06T15:50:52.078000","2026-05-06T15:50:52.078000","service_720f1ed7-4d53-4623-8377-a9877bf2f722","service+720f1ed7-4d53-4623-8377-a9877bf2f722@no-reply.base44.com","false"
"talent_payable","69fb62aa2821929a81655b71","Cachet talent — 212.64$ (256.92$ × 88.6%)","talent_payable","","21264","","21264","ANA-TALENT","","","4310","2026-05-06T15:50:51.355Z","pi_3TU7idChRZW5v2uy0wPdiaqS","0","CAD","69f2739b8a9489588db01d2c","credit","69fb635b7c8b12cb34458ab8","2026-05-06T15:50:51.844000","2026-05-06T15:50:51.844000","service_720f1ed7-4d53-4623-8377-a9877bf2f722","service+720f1ed7-4d53-4623-8377-a9877bf2f722@no-reply.base44.com","false"
"balance_received","69fb62aa2821929a81655b71","Balance 80% — event ...655b71 ""test TTC 05"" — 256.92$ brut","stripe_balance","","25692","","0","ENC-BALANCE","","","5100","2026-05-06T15:50:51.355Z","pi_3TU7idChRZW5v2uy0wPdiaqS","25692","CAD","69f2739b8a9489588db01d2c","debit","69fb635bac7f40cec20977e9","2026-05-06T15:50:51.526000","2026-05-06T15:50:51.526000","service_720f1ed7-4d53-4623-8377-a9877bf2f722","service+720f1ed7-4d53-4623-8377-a9877bf2f722@no-reply.base44.com","false"
"tax_collected","69fb62aa2821929a81655b71","TVQ 9.975% sur commission — 0.68$","tvq_payable","","68","","68","ANA-TAXE","","","4420","2026-05-06T15:49:51.588Z","pi_3TU7hGChRZW5v2uy19XNss1S","0","CAD","69f2739b8a9489588db01d2c","credit","69fb6320c08a37e4ab121040","2026-05-06T15:49:52.671000","2026-05-06T15:49:52.671000","service_720f1ed7-4d53-4623-8377-a9877bf2f722","service+720f1ed7-4d53-4623-8377-a9877bf2f722@no-reply.base44.com","false"
"tax_collected","69fb62aa2821929a81655b71","TPS 5% sur commission — 0.34$","tps_payable","","34","","34","ANA-TAXE","","","4410","2026-05-06T15:49:51.588Z","pi_3TU7hGChRZW5v2uy19XNss1S","0","CAD","69f2739b8a9489588db01d2c","credit","69fb63201198b68d7ec161ba","2026-05-06T15:49:52.453000","2026-05-06T15:49:52.453000","service_720f1ed7-4d53-4623-8377-a9877bf2f722","service+720f1ed7-4d53-4623-8377-a9877bf2f722@no-reply.base44.com","false"
"commission_earned","69fb62aa2821929a81655b71","Commission MR HT — 6.84$ (11.40%)","commission_revenue","","684","","684","ANA-COMMISSION","","","7110","2026-05-06T15:49:51.588Z","pi_3TU7hGChRZW5v2uy19XNss1S","0","CAD","69f2739b8a9489588db01d2c","credit","69fb6320d9defeac8fbe593d","2026-05-06T15:49:52.225000","2026-05-06T15:49:52.225000","service_720f1ed7-4d53-4623-8377-a9877bf2f722","service+720f1ed7-4d53-4623-8377-a9877bf2f722@no-reply.base44.com","false"
"talent_payable","69fb62aa2821929a81655b71","Cachet talent — 53.16$ (63.15$ × 88.6%)","talent_payable","","5316","","5316","ANA-TALENT","","","4310","2026-05-06T15:49:51.588Z","pi_3TU7hGChRZW5v2uy19XNss1S","0","CAD","69f2739b8a9489588db01d2c","credit","69fb631fe1e23af3c209a3f4","2026-05-06T15:49:51.928000","2026-05-06T15:49:51.928000","service_720f1ed7-4d53-4623-8377-a9877bf2f722","service+720f1ed7-4d53-4623-8377-a9877bf2f722@no-reply.base44.com","false"
"deposit_authorized","69fb62aa2821929a81655b71","Dépôt 20% — event ...655b71 ""test TTC 05"" — 63.15$ brut","stripe_clearing","","6315","","0","ENC-DEPOT","","","5200","2026-05-06T15:49:51.588Z","pi_3TU7hGChRZW5v2uy19XNss1S","6315","CAD","69f2739b8a9489588db01d2c","debit","69fb631fc6cda13fdbaa2df7","2026-05-06T15:49:51.752000","2026-05-06T15:49:51.752000","service_720f1ed7-4d53-4623-8377-a9877bf2f722","service+720f1ed7-4d53-4623-8377-a9877bf2f722@no-reply.base44.com","false"
"escrow_released","69fb5b9b770af414e259d734","Escrow libéré — event 69fb5b9b770af414e259d734 — 42.20$ CAD [Cr stripe_balance]","stripe_balance","69fb5cd5984efb3e840027af","4220","","0","","","","","2026-05-06T15:23:01.179Z","pi_3TU7EkChRZW5v2uy0KizDzIS","0","CAD","","credit","69fb5cd5f69c59b3e0224890","2026-05-06T15:23:01.905000","2026-05-06T15:23:01.905000","service_720f1ed7-4d53-4623-8377-a9877bf2f722","service+720f1ed7-4d53-4623-8377-a9877bf2f722@no-reply.base44.com","false"
"escrow_released","69fb5b9b770af414e259d734","Escrow libéré — event 69fb5b9b770af414e259d734 — 42.20$ CAD [Dr escrow_liability]","escrow_liability","69fb5cd5f69c59b3e0224890","4220","","0","","","","","2026-05-06T15:23:01.179Z","pi_3TU7EkChRZW5v2uy0KizDzIS","0","CAD","","debit","69fb5cd5984efb3e840027af","2026-05-06T15:23:01.504000","2026-05-06T15:23:02.173000","service_720f1ed7-4d53-4623-8377-a9877bf2f722","service+720f1ed7-4d53-4623-8377-a9877bf2f722@no-reply.base44.com","false"
"deposit_captured","69fb5b9b770af414e259d734","Dépôt capturé — event 69fb5b9b770af414e259d734 — 42.20$ CAD [Cr stripe_clearing]","stripe_clearing","69fb5cd4104129419a1981e8","4220","","0","","","","","2026-05-06T15:23:00.097Z","pi_3TU7EkChRZW5v2uy0KizDzIS","0","CAD","","credit","69fb5cd40f3b25da8151f15d","2026-05-06T15:23:00.587000","2026-05-06T15:23:00.587000","service_720f1ed7-4d53-4623-8377-a9877bf2f722","service+720f1ed7-4d53-4623-8377-a9877bf2f722@no-reply.base44.com","false"
"deposit_captured","69fb5b9b770af414e259d734","Dépôt capturé — event 69fb5b9b770af414e259d734 — 42.20$ CAD [Dr stripe_balance]","stripe_balance","69fb5cd40f3b25da8151f15d","4220","","0","","","","","2026-05-06T15:23:00.097Z","pi_3TU7EkChRZW5v2uy0KizDzIS","0","CAD","","debit","69fb5cd4104129419a1981e8","2026-05-06T15:23:00.316000","2026-05-06T15:23:00.813000","service_720f1ed7-4d53-4623-8377-a9877bf2f722","service+720f1ed7-4d53-4623-8377-a9877bf2f722@no-reply.base44.com","false"
"stripe_fees","69fb5b9b770af414e259d734","Frais Stripe prélevés par Stripe — 6.65$","stripe_balance","69fb5c97e972ac88c1dc58c9","665","","665","DEC-FRAIS","","","5100","2026-05-06T15:21:57.671Z","pi_3TU7GVChRZW5v2uy0pJCa6jC","0","CAD","69f2739b8a9489588db01d2c","credit","69fb5c97c23a2964bee8def6","2026-05-06T15:21:59.866000","2026-05-06T15:22:00.299000","service_720f1ed7-4d53-4623-8377-a9877bf2f722","service+720f1ed7-4d53-4623-8377-a9877bf2f722@no-reply.base44.com","false"
"stripe_fees","69fb5b9b770af414e259d734","Frais Stripe — 6.65$","stripe_fees_expense","69fb5c97c23a2964bee8def6","665","","0","DEC-FRAIS","","","6110","2026-05-06T15:21:57.671Z","pi_3TU7GVChRZW5v2uy0pJCa6jC","665","CAD","69f2739b8a9489588db01d2c","debit","69fb5c97e972ac88c1dc58c9","2026-05-06T15:21:59.655000","2026-05-06T15:22:00.031000","service_720f1ed7-4d53-4623-8377-a9877bf2f722","service+720f1ed7-4d53-4623-8377-a9877bf2f722@no-reply.base44.com","false"
"tax_collected","69fb5b9b770af414e259d734","TVQ 9.975% sur commission — 1.82$","tvq_payable","","182","","182","ANA-TAXE","","","4420","2026-05-06T15:21:57.671Z","pi_3TU7GVChRZW5v2uy0pJCa6jC","0","CAD","69f2739b8a9489588db01d2c","credit","69fb5c97ca4271cfe09edee5","2026-05-06T15:21:59.465000","2026-05-06T15:21:59.465000","service_720f1ed7-4d53-4623-8377-a9877bf2f722","service+720f1ed7-4d53-4623-8377-a9877bf2f722@no-reply.base44.com","false"
"tax_collected","69fb5b9b770af414e259d734","TPS 5% sur commission — 0.91$","tps_payable","","91","","91","ANA-TAXE","","","4410","2026-05-06T15:21:57.671Z","pi_3TU7GVChRZW5v2uy0pJCa6jC","0","CAD","69f2739b8a9489588db01d2c","credit","69fb5c978b83085dc51d111c","2026-05-06T15:21:59.087000","2026-05-06T15:21:59.087000","service_720f1ed7-4d53-4623-8377-a9877bf2f722","service+720f1ed7-4d53-4623-8377-a9877bf2f722@no-reply.base44.com","false"
"commission_earned","69fb5b9b770af414e259d734","Commission MR HT — 18.24$ (11.40%)","commission_revenue","","1824","","1824","ANA-COMMISSION","","","7110","2026-05-06T15:21:57.671Z","pi_3TU7GVChRZW5v2uy0pJCa6jC","0","CAD","69f2739b8a9489588db01d2c","credit","69fb5c966c37e0f6a0bc9b84","2026-05-06T15:21:58.724000","2026-05-06T15:21:58.724000","service_720f1ed7-4d53-4623-8377-a9877bf2f722","service+720f1ed7-4d53-4623-8377-a9877bf2f722@no-reply.base44.com","false"
"talent_payable","69fb5b9b770af414e259d734","Cachet talent — 141.76$ (171.68$ × 88.6%)","talent_payable","","14176","","14176","ANA-TALENT","","","4310","2026-05-06T15:21:57.671Z","pi_3TU7GVChRZW5v2uy0pJCa6jC","0","CAD","69f2739b8a9489588db01d2c","credit","69fb5c961631c3b27bb74f16","2026-05-06T15:21:58.196000","2026-05-06T15:21:58.196000","service_720f1ed7-4d53-4623-8377-a9877bf2f722","service+720f1ed7-4d53-4623-8377-a9877bf2f722@no-reply.base44.com","false"
"balance_received","69fb5b9b770af414e259d734","Balance 80% — event ...59d734 ""Test TTC 04"" — 171.68$ brut","stripe_balance","","17168","","0","ENC-BALANCE","","","5100","2026-05-06T15:21:57.671Z","pi_3TU7GVChRZW5v2uy0pJCa6jC","17168","CAD","69f2739b8a9489588db01d2c","debit","69fb5c95d3b31e3c33dbf0ef","2026-05-06T15:21:57.950000","2026-05-06T15:21:57.950000","service_720f1ed7-4d53-4623-8377-a9877bf2f722","service+720f1ed7-4d53-4623-8377-a9877bf2f722@no-reply.base44.com","false"
"tax_collected","69fb5b9b770af414e259d734","TVQ 9.975% sur commission — 0.45$","tvq_payable","","45","","45","ANA-TAXE","","","4420","2026-05-06T15:20:13.566Z","pi_3TU7EkChRZW5v2uy0KizDzIS","0","CAD","69f2739b8a9489588db01d2c","credit","69fb5c2e13502183c1add223","2026-05-06T15:20:14.606000","2026-05-06T15:20:14.606000","service_720f1ed7-4d53-4623-8377-a9877bf2f722","service+720f1ed7-4d53-4623-8377-a9877bf2f722@no-reply.base44.com","false"
"tax_collected","69fb5b9b770af414e259d734","TPS 5% sur commission — 0.23$","tps_payable","","23","","23","ANA-TAXE","","","4410","2026-05-06T15:20:13.566Z","pi_3TU7EkChRZW5v2uy0KizDzIS","0","CAD","69f2739b8a9489588db01d2c","credit","69fb5c2ed75f8ad1ae80d753","2026-05-06T15:20:14.373000","2026-05-06T15:20:14.373000","service_720f1ed7-4d53-4623-8377-a9877bf2f722","service+720f1ed7-4d53-4623-8377-a9877bf2f722@no-reply.base44.com","false"
"commission_earned","69fb5b9b770af414e259d734","Commission MR HT — 4.56$ (11.40%)","commission_revenue","","456","","456","ANA-COMMISSION","","","7110","2026-05-06T15:20:13.566Z","pi_3TU7EkChRZW5v2uy0KizDzIS","0","CAD","69f2739b8a9489588db01d2c","credit","69fb5c2eb3330396ab5b35d7","2026-05-06T15:20:14.184000","2026-05-06T15:20:14.184000","service_720f1ed7-4d53-4623-8377-a9877bf2f722","service+720f1ed7-4d53-4623-8377-a9877bf2f722@no-reply.base44.com","false"
"talent_payable","69fb5b9b770af414e259d734","Cachet talent — 35.44$ (42.20$ × 88.6%)","talent_payable","","3544","","3544","ANA-TALENT","","","4310","2026-05-06T15:20:13.566Z","pi_3TU7EkChRZW5v2uy0KizDzIS","0","CAD","69f2739b8a9489588db01d2c","credit","69fb5c2dcffd5b8f08e44007","2026-05-06T15:20:13.946000","2026-05-06T15:20:13.946000","service_720f1ed7-4d53-4623-8377-a9877bf2f722","service+720f1ed7-4d53-4623-8377-a9877bf2f722@no-reply.base44.com","false"
"deposit_authorized","69fb5b9b770af414e259d734","Dépôt 20% — event ...59d734 ""Test TTC 04"" — 42.20$ brut","stripe_clearing","","4220","","0","ENC-DEPOT","","","5200","2026-05-06T15:20:13.566Z","pi_3TU7EkChRZW5v2uy0KizDzIS","4220","CAD","69f2739b8a9489588db01d2c","debit","69fb5c2d00c499df85df7150","2026-05-06T15:20:13.740000","2026-05-06T15:20:13.740000","service_720f1ed7-4d53-4623-8377-a9877bf2f722","service+720f1ed7-4d53-4623-8377-a9877bf2f722@no-reply.base44.com","false"
"tax_collected","69fb4c350e2564f3b8157566","TPS 5% sur commission dépôt — commHT 2.42$ × 5% = 0.12$","tps_payable","","12","","12","ANA-TAXE","","","4410","2026-05-06T14:17:33.315Z","pi_3TU6FiChRZW5v2uy0tek6P3b","0","CAD","69f2739b8a9489588db01d2c","credit","69fb5912d55915b3e775ff37","2026-05-06T15:06:58.047000","2026-05-06T15:06:58.047000","69f218c618cc26dee7ae01ce","frederik.gelin@gmail.com","false"
"tax_collected","69fb4c350e2564f3b8157566","TPS 5% sur commission balance — commHT 9.43$ × 5% = 0.47$","tps_payable","","47","","47","ANA-TAXE","","","4410","2026-05-06T14:18:30.663Z","pi_3TU6H9ChRZW5v2uy0R2OEOHC","0","CAD","69f2739b8a9489588db01d2c","credit","69fb5912d55915b3e775ff39","2026-05-06T15:06:58.047000","2026-05-06T15:06:58.047000","69f218c618cc26dee7ae01ce","frederik.gelin@gmail.com","false"
"tax_collected","69fb4c350e2564f3b8157566","TVQ 9.975% sur commission dépôt — commHT 2.42$ × 9.975% = 0.24$","tvq_payable","","24","","24","ANA-TAXE","","","4420","2026-05-06T14:17:33.315Z","pi_3TU6FiChRZW5v2uy0tek6P3b","0","CAD","69f2739b8a9489588db01d2c","credit","69fb5912d55915b3e775ff38","2026-05-06T15:06:58.047000","2026-05-06T15:06:58.047000","69f218c618cc26dee7ae01ce","frederik.gelin@gmail.com","false"
"tax_collected","69fb4c350e2564f3b8157566","TVQ 9.975% sur commission balance — commHT 9.43$ × 9.975% = 0.94$","tvq_payable","","94","","94","ANA-TAXE","","","4420","2026-05-06T14:18:30.663Z","pi_3TU6H9ChRZW5v2uy0R2OEOHC","0","CAD","69f2739b8a9489588db01d2c","credit","69fb5912d55915b3e775ff3a","2026-05-06T15:06:58.047000","2026-05-06T15:06:58.047000","69f218c618cc26dee7ae01ce","frederik.gelin@gmail.com","false"
"stripe_fees","69fb4c350e2564f3b8157566","Frais Stripe prélevés par Stripe — 3.36$","stripe_balance","69fb4db72bbb7652823f9289","336","","336","DEC-FRAIS","","","5100","2026-05-06T14:18:30.663Z","pi_3TU6H9ChRZW5v2uy0R2OEOHC","0","CAD","69f2739b8a9489588db01d2c","credit","69fb4db719a1476baf1ebec3","2026-05-06T14:18:31.552000","2026-05-06T14:18:31.947000","service_720f1ed7-4d53-4623-8377-a9877bf2f722","service+720f1ed7-4d53-4623-8377-a9877bf2f722@no-reply.base44.com","false"
"stripe_fees","69fb4c350e2564f3b8157566","Frais Stripe — 3.36$","stripe_fees_expense","69fb4db719a1476baf1ebec3","336","","0","DEC-FRAIS","","","6110","2026-05-06T14:18:30.663Z","pi_3TU6H9ChRZW5v2uy0R2OEOHC","336","CAD","69f2739b8a9489588db01d2c","debit","69fb4db72bbb7652823f9289","2026-05-06T14:18:31.388000","2026-05-06T14:18:31.765000","service_720f1ed7-4d53-4623-8377-a9877bf2f722","service+720f1ed7-4d53-4623-8377-a9877bf2f722@no-reply.base44.com","false"
"commission_earned","69fb4c350e2564f3b8157566","Commission MR HT — 9.43$ (11.40%)","commission_revenue","","943","","943","ANA-COMMISSION","","","7110","2026-05-06T14:18:30.663Z","pi_3TU6H9ChRZW5v2uy0R2OEOHC","0","CAD","69f2739b8a9489588db01d2c","credit","69fb4db7d893d192c30be6e8","2026-05-06T14:18:31.185000","2026-05-06T14:18:31.185000","service_720f1ed7-4d53-4623-8377-a9877bf2f722","service+720f1ed7-4d53-4623-8377-a9877bf2f722@no-reply.base44.com","false"
"talent_payable","69fb4c350e2564f3b8157566","Cachet talent — 73.26$ (82.69$ × 88.6%)","talent_payable","","7326","","7326","ANA-TALENT","","","4310","2026-05-06T14:18:30.663Z","pi_3TU6H9ChRZW5v2uy0R2OEOHC","0","CAD","69f2739b8a9489588db01d2c","credit","69fb4db685ebd6b3cb9687f7","2026-05-06T14:18:30.999000","2026-05-06T14:18:30.999000","service_720f1ed7-4d53-4623-8377-a9877bf2f722","service+720f1ed7-4d53-4623-8377-a9877bf2f722@no-reply.base44.com","false"
"balance_received","69fb4c350e2564f3b8157566","Balance 80% — event ...157566 ""test TTC 02"" — 82.69$ brut","stripe_balance","","8269","","0","ENC-BALANCE","","","5100","2026-05-06T14:18:30.663Z","pi_3TU6H9ChRZW5v2uy0R2OEOHC","8269","CAD","69f2739b8a9489588db01d2c","debit","69fb4db63dfeec95e16ad4be","2026-05-06T14:18:30.793000","2026-05-06T14:18:30.793000","service_720f1ed7-4d53-4623-8377-a9877bf2f722","service+720f1ed7-4d53-4623-8377-a9877bf2f722@no-reply.base44.com","false"
"commission_earned","69fb4c350e2564f3b8157566","Commission MR HT — 2.42$ (11.40%)","commission_revenue","","242","","242","ANA-COMMISSION","","","7110","2026-05-06T14:17:33.315Z","pi_3TU6FiChRZW5v2uy0tek6P3b","0","CAD","69f2739b8a9489588db01d2c","credit","69fb4d7db897ff42319230aa","2026-05-06T14:17:33.773000","2026-05-06T14:17:33.773000","service_720f1ed7-4d53-4623-8377-a9877bf2f722","service+720f1ed7-4d53-4623-8377-a9877bf2f722@no-reply.base44.com","false"
"talent_payable","69fb4c350e2564f3b8157566","Cachet talent — 18.84$ (21.26$ × 88.6%)","talent_payable","","1884","","1884","ANA-TALENT","","","4310","2026-05-06T14:17:33.315Z","pi_3TU6FiChRZW5v2uy0tek6P3b","0","CAD","69f2739b8a9489588db01d2c","credit","69fb4d7db9b64168243f0eb2","2026-05-06T14:17:33.599000","2026-05-06T14:17:33.599000","service_720f1ed7-4d53-4623-8377-a9877bf2f722","service+720f1ed7-4d53-4623-8377-a9877bf2f722@no-reply.base44.com","false"
"deposit_authorized","69fb4c350e2564f3b8157566","Dépôt 20% — event ...157566 ""test TTC 02"" — 21.26$ brut","stripe_clearing","","2126","","0","ENC-DEPOT","","","5200","2026-05-06T14:17:33.315Z","pi_3TU6FiChRZW5v2uy0tek6P3b","2126","CAD","69f2739b8a9489588db01d2c","debit","69fb4d7d41c679d0d966fa72","2026-05-06T14:17:33.416000","2026-05-06T14:17:33.416000","service_720f1ed7-4d53-4623-8377-a9877bf2f722","service+720f1ed7-4d53-4623-8377-a9877bf2f722@no-reply.base44.com","false"
"stripe_fees","69fb48b390a8ae02d53a22d1","Frais Stripe prélevés par Stripe — 3.36$","stripe_balance","69fb49772465510dcea41176","336","","336","DEC-FRAIS","","","5100","2026-05-06T14:00:22.291Z","pi_3TU5zeChRZW5v2uy0E3Srv6T","0","CAD","69f75ab48443764c81e1d5f8","credit","69fb4977c32c77790aaaab96","2026-05-06T14:00:23.661000","2026-05-06T14:00:24.082000","service_720f1ed7-4d53-4623-8377-a9877bf2f722","service+720f1ed7-4d53-4623-8377-a9877bf2f722@no-reply.base44.com","false"
"stripe_fees","69fb48b390a8ae02d53a22d1","Frais Stripe — 3.36$","stripe_fees_expense","69fb4977c32c77790aaaab96","336","","0","DEC-FRAIS","","","6110","2026-05-06T14:00:22.291Z","pi_3TU5zeChRZW5v2uy0E3Srv6T","336","CAD","69f75ab48443764c81e1d5f8","debit","69fb49772465510dcea41176","2026-05-06T14:00:23.448000","2026-05-06T14:00:23.831000","service_720f1ed7-4d53-4623-8377-a9877bf2f722","service+720f1ed7-4d53-4623-8377-a9877bf2f722@no-reply.base44.com","false"
"tax_collected","69fb48b390a8ae02d53a22d1","TVQ 9.975% sur commission — 0.94$","tvq_payable","","94","","94","ANA-TAXE","","","4420","2026-05-06T14:00:22.291Z","pi_3TU5zeChRZW5v2uy0E3Srv6T","0","CAD","69f75ab48443764c81e1d5f8","credit","69fb4977cacfe207e929efc9","2026-05-06T14:00:23.212000","2026-05-06T14:00:23.212000","service_720f1ed7-4d53-4623-8377-a9877bf2f722","service+720f1ed7-4d53-4623-8377-a9877bf2f722@no-reply.base44.com","false"
"tax_collected","69fb48b390a8ae02d53a22d1","TPS 5% sur commission — 0.47$","tps_payable","","47","","47","ANA-TAXE","","","4410","2026-05-06T14:00:22.291Z","pi_3TU5zeChRZW5v2uy0E3Srv6T","0","CAD","69f75ab48443764c81e1d5f8","credit","69fb49771f47b871fa89331b","2026-05-06T14:00:23.045000","2026-05-06T14:00:23.045000","service_720f1ed7-4d53-4623-8377-a9877bf2f722","service+720f1ed7-4d53-4623-8377-a9877bf2f722@no-reply.base44.com","false"
"commission_earned","69fb48b390a8ae02d53a22d1","Commission MR HT — 9.43$ (11.40%)","commission_revenue","","943","","943","ANA-COMMISSION","","","7110","2026-05-06T14:00:22.291Z","pi_3TU5zeChRZW5v2uy0E3Srv6T","0","CAD","69f75ab48443764c81e1d5f8","credit","69fb4976fdc2a7e6c361e27f","2026-05-06T14:00:22.808000","2026-05-06T14:00:22.808000","service_720f1ed7-4d53-4623-8377-a9877bf2f722","service+720f1ed7-4d53-4623-8377-a9877bf2f722@no-reply.base44.com","false"
"talent_payable","69fb48b390a8ae02d53a22d1","Cachet talent — 73.26$ (82.69$ × 88.6%)","talent_payable","","7326","","7326","ANA-TALENT","","","4310","2026-05-06T14:00:22.291Z","pi_3TU5zeChRZW5v2uy0E3Srv6T","0","CAD","69f75ab48443764c81e1d5f8","credit","69fb4976249907cb26b8da86","2026-05-06T14:00:22.639000","2026-05-06T14:00:22.639000","service_720f1ed7-4d53-4623-8377-a9877bf2f722","service+720f1ed7-4d53-4623-8377-a9877bf2f722@no-reply.base44.com","false"
"balance_received","69fb48b390a8ae02d53a22d1","Balance 80% — event ...3a22d1 ""test TTC 01"" — 82.69$ brut","stripe_balance","","8269","","0","ENC-BALANCE","","","5100","2026-05-06T14:00:22.291Z","pi_3TU5zeChRZW5v2uy0E3Srv6T","8269","CAD","69f75ab48443764c81e1d5f8","debit","69fb49762705a1f5d6be40cb","2026-05-06T14:00:22.410000","2026-05-06T14:00:22.410000","service_720f1ed7-4d53-4623-8377-a9877bf2f722","service+720f1ed7-4d53-4623-8377-a9877bf2f722@no-reply.base44.com","false"
"tax_collected","69fb48b390a8ae02d53a22d1","TVQ 9.975% sur commission — 0.24$","tvq_payable","","24","","24","ANA-TAXE","","","4420","2026-05-06T13:59:12.741Z","pi_3TU5yVChRZW5v2uy1PMLjMMt","0","CAD","69f75ab48443764c81e1d5f8","credit","69fb49313eab777218a7f313","2026-05-06T13:59:13.867000","2026-05-06T13:59:13.867000","service_720f1ed7-4d53-4623-8377-a9877bf2f722","service+720f1ed7-4d53-4623-8377-a9877bf2f722@no-reply.base44.com","false"
"tax_collected","69fb48b390a8ae02d53a22d1","TPS 5% sur commission — 0.12$","tps_payable","","12","","12","ANA-TAXE","","","4410","2026-05-06T13:59:12.741Z","pi_3TU5yVChRZW5v2uy1PMLjMMt","0","CAD","69f75ab48443764c81e1d5f8","credit","69fb4931f4b4e7ba54dbe75d","2026-05-06T13:59:13.636000","2026-05-06T13:59:13.636000","service_720f1ed7-4d53-4623-8377-a9877bf2f722","service+720f1ed7-4d53-4623-8377-a9877bf2f722@no-reply.base44.com","false"
"commission_earned","69fb48b390a8ae02d53a22d1","Commission MR HT — 2.42$ (11.40%)","commission_revenue","","242","","242","ANA-COMMISSION","","","7110","2026-05-06T13:59:12.741Z","pi_3TU5yVChRZW5v2uy1PMLjMMt","0","CAD","69f75ab48443764c81e1d5f8","credit","69fb4931224f16bfb4a241ba","2026-05-06T13:59:13.383000","2026-05-06T13:59:13.383000","service_720f1ed7-4d53-4623-8377-a9877bf2f722","service+720f1ed7-4d53-4623-8377-a9877bf2f722@no-reply.base44.com","false"
"talent_payable","69fb48b390a8ae02d53a22d1","Cachet talent — 18.84$ (21.26$ × 88.6%)","talent_payable","","1884","","1884","ANA-TALENT","","","4310","2026-05-06T13:59:12.741Z","pi_3TU5yVChRZW5v2uy1PMLjMMt","0","CAD","69f75ab48443764c81e1d5f8","credit","69fb493110fd2c4bda5f8a6a","2026-05-06T13:59:13.147000","2026-05-06T13:59:13.147000","service_720f1ed7-4d53-4623-8377-a9877bf2f722","service+720f1ed7-4d53-4623-8377-a9877bf2f722@no-reply.base44.com","false"
"deposit_authorized","69fb48b390a8ae02d53a22d1","Dépôt 20% — event ...3a22d1 ""test TTC 01"" — 21.26$ brut","stripe_clearing","","2126","","0","ENC-DEPOT","","","5200","2026-05-06T13:59:12.741Z","pi_3TU5yVChRZW5v2uy1PMLjMMt","2126","CAD","69f75ab48443764c81e1d5f8","debit","69fb49304652b67f01d2fb72","2026-05-06T13:59:12.901000","2026-05-06T13:59:12.901000","service_720f1ed7-4d53-4623-8377-a9877bf2f722","service+720f1ed7-4d53-4623-8377-a9877bf2f722@no-reply.base44.com","false"
"escrow_released","69fb3e06e5ec52f1e0c5d166","Escrow libéré — event 69fb3e06e5ec52f1e0c5d166 — 206.28$ CAD [Cr stripe_balance]","stripe_balance","69fb40b6f91761a513379f4d","20628","","0","","","","","2026-05-06T13:23:02.278Z","pi_3TU5LkChRZW5v2uy1VxDVKsW","0","CAD","","credit","69fb40b60f2e9ca9c314f2aa","2026-05-06T13:23:02.811000","2026-05-06T13:23:02.811000","service_720f1ed7-4d53-4623-8377-a9877bf2f722","service+720f1ed7-4d53-4623-8377-a9877bf2f722@no-reply.base44.com","false"
"escrow_released","69fb3e06e5ec52f1e0c5d166","Escrow libéré — event 69fb3e06e5ec52f1e0c5d166 — 206.28$ CAD [Dr escrow_liability]","escrow_liability","69fb40b60f2e9ca9c314f2aa","20628","","0","","","","","2026-05-06T13:23:02.278Z","pi_3TU5LkChRZW5v2uy1VxDVKsW","0","CAD","","debit","69fb40b6f91761a513379f4d","2026-05-06T13:23:02.648000","2026-05-06T13:23:03.019000","service_720f1ed7-4d53-4623-8377-a9877bf2f722","service+720f1ed7-4d53-4623-8377-a9877bf2f722@no-reply.base44.com","false"
"deposit_captured","69fb3e06e5ec52f1e0c5d166","Dépôt capturé — event 69fb3e06e5ec52f1e0c5d166 — 206.28$ CAD [Cr stripe_clearing]","stripe_clearing","69fb40b51588bf4cb1f70a98","20628","","0","","","","","2026-05-06T13:23:01.297Z","pi_3TU5LkChRZW5v2uy1VxDVKsW","0","CAD","","credit","69fb40b59e42e65028817685","2026-05-06T13:23:01.820000","2026-05-06T13:23:01.820000","service_720f1ed7-4d53-4623-8377-a9877bf2f722","service+720f1ed7-4d53-4623-8377-a9877bf2f722@no-reply.base44.com","false"
"deposit_captured","69fb3e06e5ec52f1e0c5d166","Dépôt capturé — event 69fb3e06e5ec52f1e0c5d166 — 206.28$ CAD [Dr stripe_balance]","stripe_balance","69fb40b59e42e65028817685","20628","","0","","","","","2026-05-06T13:23:01.297Z","pi_3TU5LkChRZW5v2uy1VxDVKsW","0","CAD","","debit","69fb40b51588bf4cb1f70a98","2026-05-06T13:23:01.590000","2026-05-06T13:23:02.071000","service_720f1ed7-4d53-4623-8377-a9877bf2f722","service+720f1ed7-4d53-4623-8377-a9877bf2f722@no-reply.base44.com","false"
"stripe_fees","69fb3e06e5ec52f1e0c5d166","Frais Stripe prélevés par Stripe — 30.80$","stripe_balance","69fb40a56a8965da17ec4f6f","3080","","3080","","","","5100","2026-05-06T13:22:44.703Z","pi_3TU5PHChRZW5v2uy0mQN0muw","0","CAD","69f2739b8a9489588db01d2c","credit","69fb40a5440ee8a2dfa983c5","2026-05-06T13:22:45.682000","2026-05-06T13:22:46.234000","service_720f1ed7-4d53-4623-8377-a9877bf2f722","service+720f1ed7-4d53-4623-8377-a9877bf2f722@no-reply.base44.com","false"
"stripe_fees","69fb3e06e5ec52f1e0c5d166","Frais Stripe — 30.80$","stripe_fees_expense","69fb40a5440ee8a2dfa983c5","3080","","0","","","","6110","2026-05-06T13:22:44.703Z","pi_3TU5PHChRZW5v2uy0mQN0muw","3080","CAD","69f2739b8a9489588db01d2c","debit","69fb40a56a8965da17ec4f6f","2026-05-06T13:22:45.402000","2026-05-06T13:22:45.921000","service_720f1ed7-4d53-4623-8377-a9877bf2f722","service+720f1ed7-4d53-4623-8377-a9877bf2f722@no-reply.base44.com","false"
"commission_earned","69fb3e06e5ec52f1e0c5d166","Commission MR HT — 93.96$ (11.40%)","commission_revenue","","9396","","9396","","","","7110","2026-05-06T13:22:44.703Z","pi_3TU5PHChRZW5v2uy0mQN0muw","0","CAD","69f2739b8a9489588db01d2c","credit","69fb40a55f312a8e0e4cb18e","2026-05-06T13:22:45.205000","2026-05-06T13:22:45.205000","service_720f1ed7-4d53-4623-8377-a9877bf2f722","service+720f1ed7-4d53-4623-8377-a9877bf2f722@no-reply.base44.com","false"
"talent_payable","69fb3e06e5ec52f1e0c5d166","Cachet talent — 730.23$ (824.19$ × 88.6%)","talent_payable","","73023","","73023","","","","4310","2026-05-06T13:22:44.703Z","pi_3TU5PHChRZW5v2uy0mQN0muw","0","CAD","69f2739b8a9489588db01d2c","credit","69fb40a558f1a01e46799862","2026-05-06T13:22:45.025000","2026-05-06T13:22:45.025000","service_720f1ed7-4d53-4623-8377-a9877bf2f722","service+720f1ed7-4d53-4623-8377-a9877bf2f722@no-reply.base44.com","false"
"balance_received","69fb3e06e5ec52f1e0c5d166","Balance 80% — event ...c5d166 ""test classic taxe 2"" — 824.19$ brut","stripe_balance","","82419","","0","","","","5100","2026-05-06T13:22:44.703Z","pi_3TU5PHChRZW5v2uy0mQN0muw","82419","CAD","69f2739b8a9489588db01d2c","debit","69fb40a44c3df850ca8d4083","2026-05-06T13:22:44.855000","2026-05-06T13:22:44.855000","service_720f1ed7-4d53-4623-8377-a9877bf2f722","service+720f1ed7-4d53-4623-8377-a9877bf2f722@no-reply.base44.com","false"
"commission_earned","69fb3e06e5ec52f1e0c5d166","Commission MR HT — 23.52$ (11.40%)","commission_revenue","","2352","","2352","","","","7110","2026-05-06T13:19:25.972Z","pi_3TU5LkChRZW5v2uy1VxDVKsW","0","CAD","69f2739b8a9489588db01d2c","credit","69fb3fdf43fde8cbc65bcbf2","2026-05-06T13:19:27.593000","2026-05-06T13:19:27.593000","service_720f1ed7-4d53-4623-8377-a9877bf2f722","service+720f1ed7-4d53-4623-8377-a9877bf2f722@no-reply.base44.com","false"
"talent_payable","69fb3e06e5ec52f1e0c5d166","Cachet talent — 182.76$ (206.28$ × 88.6%)","talent_payable","","18276","","18276","","","","4310","2026-05-06T13:19:25.972Z","pi_3TU5LkChRZW5v2uy1VxDVKsW","0","CAD","69f2739b8a9489588db01d2c","credit","69fb3fdfafb60fc96c464d94","2026-05-06T13:19:27.087000","2026-05-06T13:19:27.087000","service_720f1ed7-4d53-4623-8377-a9877bf2f722","service+720f1ed7-4d53-4623-8377-a9877bf2f722@no-reply.base44.com","false"
"deposit_authorized","69fb3e06e5ec52f1e0c5d166","Dépôt 20% — event ...c5d166 ""test classic taxe 2"" — 206.28$ brut","stripe_clearing","","20628","","0","","","","5200","2026-05-06T13:19:25.972Z","pi_3TU5LkChRZW5v2uy1VxDVKsW","20628","CAD","69f2739b8a9489588db01d2c","debit","69fb3fded96b4e0eab84a70e","2026-05-06T13:19:26.253000","2026-05-06T13:19:26.253000","service_720f1ed7-4d53-4623-8377-a9877bf2f722","service+720f1ed7-4d53-4623-8377-a9877bf2f722@no-reply.base44.com","false"
"saas_revenue","","[BACKFILL] SaaS MR-PLAN-B-2024-01 — 192.00$ TTC — invoiceId=in_1TT2zsChRZW5v2uyVdq3Cgp2 — revenu HT 166.99$","saas_revenue","","16699","","16699","","","","","2026-05-06T12:21:35.962Z","pi_3TT2ztChRZW5v2uy0A7L0zNe","0","CAD","69f62cd5271164a83828fd92","credit","69fb32500099485520a34fea","2026-05-06T12:21:36.107000","2026-05-06T12:21:36.107000","service_720f1ed7-4d53-4623-8377-a9877bf2f722","service+720f1ed7-4d53-4623-8377-a9877bf2f722@no-reply.base44.com","false"
"stripe_fees","69fa7fbc3685a1e3ae93f54f","[BACKFILL] Frais Stripe prélevés — 1.07$","stripe_balance","69fb323eac75455e2f8474a5","107","","107","DEC-FRAIS","","","5100","2026-05-06T12:21:18.206Z","pi_3TTsaRChRZW5v2uy1o6DP2pV","0","CAD","69f2739b8a9489588db01d2c","credit","69fb323e8476756370e0f8fb","2026-05-06T12:21:18.514000","2026-05-06T12:21:18.936000","service_720f1ed7-4d53-4623-8377-a9877bf2f722","service+720f1ed7-4d53-4623-8377-a9877bf2f722@no-reply.base44.com","false"
"stripe_fees","69fa7fbc3685a1e3ae93f54f","[BACKFILL] Frais Stripe — 1.07$","stripe_fees_expense","69fb323e8476756370e0f8fb","107","","0","DEC-FRAIS","","","6110","2026-05-06T12:21:18.206Z","pi_3TTsaRChRZW5v2uy1o6DP2pV","107","CAD","69f2739b8a9489588db01d2c","debit","69fb323eac75455e2f8474a5","2026-05-06T12:21:18.343000","2026-05-06T12:21:18.714000","service_720f1ed7-4d53-4623-8377-a9877bf2f722","service+720f1ed7-4d53-4623-8377-a9877bf2f722@no-reply.base44.com","false"
"escrow_released","69fa7fbc3685a1e3ae93f54f","Escrow libéré — event 69fa7fbc3685a1e3ae93f54f — 20.91$ CAD [Cr stripe_balance]","stripe_balance","69fa808ef8afa6c06efdd21d","2091","","0","INT-ESCROW","","","","2026-05-05T23:43:10.634Z","pi_3TTsaRChRZW5v2uy1o6DP2pV","0","CAD","","credit","69fa808f7b80cdf00aca9ef5","2026-05-05T23:43:11.123000","2026-05-06T11:45:51.691000","service_720f1ed7-4d53-4623-8377-a9877bf2f722","service+720f1ed7-4d53-4623-8377-a9877bf2f722@no-reply.base44.com","false"
"escrow_released","69fa7fbc3685a1e3ae93f54f","Escrow libéré — event 69fa7fbc3685a1e3ae93f54f — 20.91$ CAD [Dr escrow_liability]","escrow_liability","69fa808f7b80cdf00aca9ef5","2091","","0","INT-ESCROW","","","","2026-05-05T23:43:10.634Z","pi_3TTsaRChRZW5v2uy1o6DP2pV","0","CAD","","debit","69fa808ef8afa6c06efdd21d","2026-05-05T23:43:10.821000","2026-05-06T11:45:51.890000","service_720f1ed7-4d53-4623-8377-a9877bf2f722","service+720f1ed7-4d53-4623-8377-a9877bf2f722@no-reply.base44.com","false"
"deposit_captured","69fa7fbc3685a1e3ae93f54f","Dépôt capturé — event 69fa7fbc3685a1e3ae93f54f — 20.91$ CAD [Cr stripe_clearing]","stripe_clearing","69fa808d477c8d13b9f42e69","2091","","0","INT-CAPTURE","","","","2026-05-05T23:43:09.707Z","pi_3TTsaRChRZW5v2uy1o6DP2pV","0","CAD","","credit","69fa808e56fb6f83bc5b1cf1","2026-05-05T23:43:10.127000","2026-05-06T11:45:52.063000","service_720f1ed7-4d53-4623-8377-a9877bf2f722","service+720f1ed7-4d53-4623-8377-a9877bf2f722@no-reply.base44.com","false"
"deposit_captured","69fa7fbc3685a1e3ae93f54f","Dépôt capturé — event 69fa7fbc3685a1e3ae93f54f — 20.91$ CAD [Dr stripe_balance]","stripe_balance","69fa808e56fb6f83bc5b1cf1","2091","","0","INT-CAPTURE","","","","2026-05-05T23:43:09.707Z","pi_3TTsaRChRZW5v2uy1o6DP2pV","0","CAD","","debit","69fa808d477c8d13b9f42e69","2026-05-05T23:43:09.904000","2026-05-06T11:45:52.267000","service_720f1ed7-4d53-4623-8377-a9877bf2f722","service+720f1ed7-4d53-4623-8377-a9877bf2f722@no-reply.base44.com","false"
"stripe_fees","69fa7fbc3685a1e3ae93f54f","Frais Stripe prélevés par Stripe — 3.36$","stripe_balance","69fa806d6d53099eeab91bc0","336","","336","DEC-FRAIS","","","5100","2026-05-05T23:42:36.876Z","pi_3TTsbaChRZW5v2uy1fgxl15A","0","CAD","69f2739b8a9489588db01d2c","credit","69fa806d17091e1778035b28","2026-05-05T23:42:37.966000","2026-05-06T11:45:52.463000","service_720f1ed7-4d53-4623-8377-a9877bf2f722","service+720f1ed7-4d53-4623-8377-a9877bf2f722@no-reply.base44.com","false"
"stripe_fees","69fa7fbc3685a1e3ae93f54f","Frais Stripe — 3.36$","stripe_fees_expense","69fa806d17091e1778035b28","336","","0","DEC-FRAIS","","","6110","2026-05-05T23:42:36.876Z","pi_3TTsbaChRZW5v2uy1fgxl15A","336","CAD","69f2739b8a9489588db01d2c","debit","69fa806d6d53099eeab91bc0","2026-05-05T23:42:37.728000","2026-05-06T11:45:52.622000","service_720f1ed7-4d53-4623-8377-a9877bf2f722","service+720f1ed7-4d53-4623-8377-a9877bf2f722@no-reply.base44.com","false"
"commission_earned","69fa7fbc3685a1e3ae93f54f","Commission MR HT — 9.43$ (11.40%)","commission_revenue","","943","","943","ANA-COMMISSION","","","7110","2026-05-05T23:42:36.876Z","pi_3TTsbaChRZW5v2uy1fgxl15A","0","CAD","69f2739b8a9489588db01d2c","credit","69fa806d68b2c3f08776b64e","2026-05-05T23:42:37.447000","2026-05-06T11:45:52.818000","service_720f1ed7-4d53-4623-8377-a9877bf2f722","service+720f1ed7-4d53-4623-8377-a9877bf2f722@no-reply.base44.com","false"
"talent_payable","69fa7fbc3685a1e3ae93f54f","Cachet talent — 73.26$ (82.69$ × 88.6%)","talent_payable","","7326","","7326","ANA-TALENT","","","4310","2026-05-05T23:42:36.876Z","pi_3TTsbaChRZW5v2uy1fgxl15A","0","CAD","69f2739b8a9489588db01d2c","credit","69fa806d9e7eb06d416b5909","2026-05-05T23:42:37.205000","2026-05-06T11:45:52.976000","service_720f1ed7-4d53-4623-8377-a9877bf2f722","service+720f1ed7-4d53-4623-8377-a9877bf2f722@no-reply.base44.com","false"
"balance_received","69fa7fbc3685a1e3ae93f54f","Balance 80% — event ...93f54f ""test 100$ - taxes ?"" — 82.69$ brut","stripe_balance","","8269","","0","ENC-BALANCE","","","5100","2026-05-05T23:42:36.876Z","pi_3TTsbaChRZW5v2uy1fgxl15A","8269","CAD","69f2739b8a9489588db01d2c","debit","69fa806dff11331a1b5a71e6","2026-05-05T23:42:37.019000","2026-05-06T11:45:53.148000","service_720f1ed7-4d53-4623-8377-a9877bf2f722","service+720f1ed7-4d53-4623-8377-a9877bf2f722@no-reply.base44.com","false"
"commission_earned","69fa7fbc3685a1e3ae93f54f","Commission MR HT — 2.38$ (11.40%)","commission_revenue","","238","","238","ANA-COMMISSION","","","7110","2026-05-05T23:41:27.476Z","pi_3TTsaRChRZW5v2uy1o6DP2pV","0","CAD","69f2739b8a9489588db01d2c","credit","69fa80288c1cd474277721e4","2026-05-05T23:41:28.198000","2026-05-06T11:45:53.344000","service_720f1ed7-4d53-4623-8377-a9877bf2f722","service+720f1ed7-4d53-4623-8377-a9877bf2f722@no-reply.base44.com","false"
"talent_payable","69fa7fbc3685a1e3ae93f54f","Cachet talent — 18.53$ (20.91$ × 88.6%)","talent_payable","","1853","","1853","ANA-TALENT","","","4310","2026-05-05T23:41:27.476Z","pi_3TTsaRChRZW5v2uy1o6DP2pV","0","CAD","69f2739b8a9489588db01d2c","credit","69fa80272cf30262f98fe8eb","2026-05-05T23:41:27.875000","2026-05-06T11:45:55.513000","service_720f1ed7-4d53-4623-8377-a9877bf2f722","service+720f1ed7-4d53-4623-8377-a9877bf2f722@no-reply.base44.com","false"
"deposit_authorized","69fa7fbc3685a1e3ae93f54f","Dépôt 20% — event ...93f54f ""test 100$ - taxes ?"" — 20.91$ brut","stripe_clearing","","2091","","0","ENC-DEPOT","","","5200","2026-05-05T23:41:27.476Z","pi_3TTsaRChRZW5v2uy1o6DP2pV","2091","CAD","69f2739b8a9489588db01d2c","debit","69fa8027d5ba67a3d204ca1f","2026-05-05T23:41:27.631000","2026-05-06T11:45:55.698000","service_720f1ed7-4d53-4623-8377-a9877bf2f722","service+720f1ed7-4d53-4623-8377-a9877bf2f722@no-reply.base44.com","false"
"saas_revenue_recognized","","Reconnaissance revenu différé 2026-05 — MR-PLAN-B-2024-01 — 13.92$/mois [Cr saas_revenue 7210]","saas_revenue","69fa61597b06206419ade007","1392","","1392","ANA-SAAS-REV","","","7210","2026-05-05T21:30:01.283Z","deferred_sub_1TT2zrChRZW5v2uy1ZlBau6P_2026-05","0","CAD","69f62cd5271164a83828fd92","credit","69fa61594c24256fae8cca2a","2026-05-05T21:30:01.515000","2026-05-05T21:30:01.872000","service_720f1ed7-4d53-4623-8377-a9877bf2f722","service+720f1ed7-4d53-4623-8377-a9877bf2f722@no-reply.base44.com","false"
"saas_revenue_recognized","","Reconnaissance revenu différé 2026-05 — MR-PLAN-B-2024-01 — 13.92$/mois [Dr deferred_revenue 4530]","deferred_revenue","69fa61594c24256fae8cca2a","1392","","0","ANA-SAAS-AMORT","","","4530","2026-05-05T21:30:01.283Z","deferred_sub_1TT2zrChRZW5v2uy1ZlBau6P_2026-05","1392","CAD","69f62cd5271164a83828fd92","debit","69fa61597b06206419ade007","2026-05-05T21:30:01.383000","2026-05-05T21:30:01.690000","service_720f1ed7-4d53-4623-8377-a9877bf2f722","service+720f1ed7-4d53-4623-8377-a9877bf2f722@no-reply.base44.com","false"
"payout_executed","69f5f19663a02779cf4fa08b","Virement talent sorti — test 102 — 4.21$","stripe_balance","69fa543a3ec06f409003ca28","421","69f5ffd91e5c49ceafec6dc4","421","DEC-PAYOUT","","","5100","2026-05-05T20:34:02.868Z","tr_1TTpfJChRZW5v2uyNv2NtBQD","0","CAD","","credit","69fa543b841ee5d056dcf640","2026-05-05T20:34:03.175000","2026-05-05T20:34:03.594000","service_720f1ed7-4d53-4623-8377-a9877bf2f722","service+720f1ed7-4d53-4623-8377-a9877bf2f722@no-reply.base44.com","false"
"payout_executed","69f5f19663a02779cf4fa08b","Virement talent — test 102 — 4.21$ → Connect qXXgBko8","talent_payable","69fa543b841ee5d056dcf640","421","69f5ffd91e5c49ceafec6dc4","0","DEC-PAYOUT","","","4310","2026-05-05T20:34:02.868Z","tr_1TTpfJChRZW5v2uyNv2NtBQD","421","CAD","","debit","69fa543a3ec06f409003ca28","2026-05-05T20:34:02.987000","2026-05-05T20:34:03.375000","service_720f1ed7-4d53-4623-8377-a9877bf2f722","service+720f1ed7-4d53-4623-8377-a9877bf2f722@no-reply.base44.com","false"
"payout_executed","69f6261577278f600ed8ca2e","Virement talent sorti — test 107 — 132.90$","stripe_balance","69fa54359b8318377044b83b","13290","69f68da26a307720f7695787","13290","DEC-PAYOUT","","","5100","2026-05-05T20:33:57.085Z","tr_1TTpfEChRZW5v2uynPFYg8K6","0","CAD","","credit","69fa5435ee004702213b6827","2026-05-05T20:33:57.355000","2026-05-05T20:33:57.738000","service_720f1ed7-4d53-4623-8377-a9877bf2f722","service+720f1ed7-4d53-4623-8377-a9877bf2f722@no-reply.base44.com","false"
"payout_executed","69f6261577278f600ed8ca2e","Virement talent — test 107 — 132.90$ → Connect 4eCX15Bv","talent_payable","69fa5435ee004702213b6827","13290","69f68da26a307720f7695787","0","DEC-PAYOUT","","","4310","2026-05-05T20:33:57.085Z","tr_1TTpfEChRZW5v2uynPFYg8K6","13290","CAD","","debit","69fa54359b8318377044b83b","2026-05-05T20:33:57.187000","2026-05-05T20:33:57.564000","service_720f1ed7-4d53-4623-8377-a9877bf2f722","service+720f1ed7-4d53-4623-8377-a9877bf2f722@no-reply.base44.com","false"
"payout_executed","69f74283836e62b5bf65c905","Virement talent sorti — test 121 - SCÉNARIO 3 — ANNULATION >= J-7 — 19.71$","stripe_balance","69fa54328c2585ee16a189fa","1971","69f745985267dafa8fc8961c","1971","DEC-PAYOUT","","","5100","2026-05-05T20:33:54.342Z","tr_1TTpfBChRZW5v2uy72clNjAL","0","CAD","","credit","69fa5432f124ffc5bfead075","2026-05-05T20:33:54.610000","2026-05-05T20:33:55.076000","service_720f1ed7-4d53-4623-8377-a9877bf2f722","service+720f1ed7-4d53-4623-8377-a9877bf2f722@no-reply.base44.com","false"
"payout_executed","69f74283836e62b5bf65c905","Virement talent — test 121 - SCÉNARIO 3 — ANNULATION >= J-7 — 19.71$ → Connect qXXgBko8","talent_payable","69fa5432f124ffc5bfead075","1971","69f745985267dafa8fc8961c","0","DEC-PAYOUT","","","4310","2026-05-05T20:33:54.342Z","tr_1TTpfBChRZW5v2uy72clNjAL","1971","CAD","","debit","69fa54328c2585ee16a189fa","2026-05-05T20:33:54.461000","2026-05-05T20:33:54.830000","service_720f1ed7-4d53-4623-8377-a9877bf2f722","service+720f1ed7-4d53-4623-8377-a9877bf2f722@no-reply.base44.com","false"
"payout_executed","69f74283836e62b5bf65c905","Virement talent sorti — test 121 - SCÉNARIO 3 — ANNULATION >= J-7 — 19.71$","stripe_balance","69fa542f310b2b087911c5cc","1971","69f745982fa797e34f0c4fb1","1971","DEC-PAYOUT","","","5100","2026-05-05T20:33:51.560Z","tr_1TTpf8ChRZW5v2uybbi865nW","0","CAD","","credit","69fa542f4d15e713ba214716","2026-05-05T20:33:51.871000","2026-05-05T20:33:52.267000","service_720f1ed7-4d53-4623-8377-a9877bf2f722","service+720f1ed7-4d53-4623-8377-a9877bf2f722@no-reply.base44.com","false"
"payout_executed","69f74283836e62b5bf65c905","Virement talent — test 121 - SCÉNARIO 3 — ANNULATION >= J-7 — 19.71$ → Connect 4eCX15Bv","talent_payable","69fa542f4d15e713ba214716","1971","69f745982fa797e34f0c4fb1","0","DEC-PAYOUT","","","4310","2026-05-05T20:33:51.560Z","tr_1TTpf8ChRZW5v2uybbi865nW","1971","CAD","","debit","69fa542f310b2b087911c5cc","2026-05-05T20:33:51.651000","2026-05-05T20:33:52.054000","service_720f1ed7-4d53-4623-8377-a9877bf2f722","service+720f1ed7-4d53-4623-8377-a9877bf2f722@no-reply.base44.com","false"
"payout_executed","69f75180ac78024b59cd0de7","Virement talent sorti — test 124 - SCÉNARIO 6 — MULTI-TALENTS (non testé) — 149.60$","stripe_balance","69fa542cc5de8f5db8cad4aa","14960","69fa4b80f347990f821f2572","14960","DEC-PAYOUT","","","5100","2026-05-05T20:33:48.762Z","tr_1TTpf5ChRZW5v2uyDBYPo9BG","0","CAD","","credit","69fa542dd1d7ca41fcf6d44e","2026-05-05T20:33:49.040000","2026-05-05T20:33:49.398000","service_720f1ed7-4d53-4623-8377-a9877bf2f722","service+720f1ed7-4d53-4623-8377-a9877bf2f722@no-reply.base44.com","false"
"payout_executed","69f75180ac78024b59cd0de7","Virement talent — test 124 - SCÉNARIO 6 — MULTI-TALENTS (non testé) — 149.60$ → Connect 4eCX15Bv","talent_payable","69fa542dd1d7ca41fcf6d44e","14960","69fa4b80f347990f821f2572","0","DEC-PAYOUT","","","4310","2026-05-05T20:33:48.762Z","tr_1TTpf5ChRZW5v2uyDBYPo9BG","14960","CAD","","debit","69fa542cc5de8f5db8cad4aa","2026-05-05T20:33:48.893000","2026-05-05T20:33:49.217000","service_720f1ed7-4d53-4623-8377-a9877bf2f722","service+720f1ed7-4d53-4623-8377-a9877bf2f722@no-reply.base44.com","false"
"payout_executed","69f77a1c312b74a9460d126c","Virement talent sorti — tesat 130 - MULTI TALENT ( 1 NO SHOW ) — 61.60$","stripe_balance","69fa542a17091e1778034b2e","6160","69fa4b9f5d6d9755a3b41554","6160","DEC-PAYOUT","","","5100","2026-05-05T20:33:45.941Z","tr_1TTpf2ChRZW5v2uyoUaqWXUj","0","CAD","","credit","69fa542abb551a1d2740f7f2","2026-05-05T20:33:46.169000","2026-05-05T20:33:46.558000","service_720f1ed7-4d53-4623-8377-a9877bf2f722","service+720f1ed7-4d53-4623-8377-a9877bf2f722@no-reply.base44.com","false"
"payout_executed","69f77a1c312b74a9460d126c","Virement talent — tesat 130 - MULTI TALENT ( 1 NO SHOW ) — 61.60$ → Connect 4eCX15Bv","talent_payable","69fa542abb551a1d2740f7f2","6160","69fa4b9f5d6d9755a3b41554","0","DEC-PAYOUT","","","4310","2026-05-05T20:33:45.941Z","tr_1TTpf2ChRZW5v2uyoUaqWXUj","6160","CAD","","debit","69fa542a17091e1778034b2e","2026-05-05T20:33:46.024000","2026-05-05T20:33:46.385000","service_720f1ed7-4d53-4623-8377-a9877bf2f722","service+720f1ed7-4d53-4623-8377-a9877bf2f722@no-reply.base44.com","false"
"payout_executed","69f9059341ae2adfeef80403","Virement talent sorti — test classic taxe 2 — 88.00$","stripe_balance","69fa5427a8a83d4f3eea37f6","8800","69fa4b1ee4bc2311d768c6a7","8800","DEC-PAYOUT","","","5100","2026-05-05T20:33:42.976Z","tr_1TTpezChRZW5v2uyY3smOp7k","0","CAD","","credit","69fa5427a834e8f8eb4e57c6","2026-05-05T20:33:43.326000","2026-05-05T20:33:43.699000","service_720f1ed7-4d53-4623-8377-a9877bf2f722","service+720f1ed7-4d53-4623-8377-a9877bf2f722@no-reply.base44.com","false"
"payout_executed","69f9059341ae2adfeef80403","Virement talent — test classic taxe 2 — 88.00$ → Connect 4eCX15Bv","talent_payable","69fa5427a834e8f8eb4e57c6","8800","69fa4b1ee4bc2311d768c6a7","0","DEC-PAYOUT","","","4310","2026-05-05T20:33:42.976Z","tr_1TTpezChRZW5v2uyY3smOp7k","8800","CAD","","debit","69fa5427a8a83d4f3eea37f6","2026-05-05T20:33:43.124000","2026-05-05T20:33:43.515000","service_720f1ed7-4d53-4623-8377-a9877bf2f722","service+720f1ed7-4d53-4623-8377-a9877bf2f722@no-reply.base44.com","false"
"reversal","69f5f19663a02779cf4fa08b","[REVERSAL LEGACY] Neutralisation double-comptage — entrée originale 360b11dc (deposit_authorized escrow_liability credit 4.43$)","escrow_liability","","443","","0","INT-REVERSAL","","","4310","2026-05-05T15:39:52.347Z","reversal_legacy_69f5f55d56805c2e360b11dc","443","CAD","","debit","69fa0f57b951c38b493690cd","2026-05-05T15:40:07.646000","2026-05-05T17:59:40.588000","service_720f1ed7-4d53-4623-8377-a9877bf2f722","service+720f1ed7-4d53-4623-8377-a9877bf2f722@no-reply.base44.com","false"
"reversal","69f6041b11fc961b649e5c6f","[REVERSAL LEGACY] Neutralisation double-comptage — entrée originale b756a12f (deposit_authorized escrow_liability credit 7.52$)","escrow_liability","","752","","0","INT-REVERSAL","","","4310","2026-05-05T15:39:52.347Z","reversal_legacy_69f60743819b09a7b756a12f","752","CAD","","debit","69fa0f55ff8c5651513ba575","2026-05-05T15:40:05.443000","2026-05-05T17:59:41.285000","service_720f1ed7-4d53-4623-8377-a9877bf2f722","service+720f1ed7-4d53-4623-8377-a9877bf2f722@no-reply.base44.com","false"
"reversal","69f628a58b137f63df8a0790","[REVERSAL LEGACY] Neutralisation double-comptage — entrée originale 6b2097d9 (deposit_authorized escrow_liability credit 20.91$)","escrow_liability","","2091","","0","INT-REVERSAL","","","4310","2026-05-05T15:39:52.347Z","reversal_legacy_69f628fc67ea13826b2097d9","2091","CAD","","debit","69fa0f554f7e1417a982e8b5","2026-05-05T15:40:05.151000","2026-05-05T17:59:41.867000","service_720f1ed7-4d53-4623-8377-a9877bf2f722","service+720f1ed7-4d53-4623-8377-a9877bf2f722@no-reply.base44.com","false"
"reversal","69f62ccbbfe7cfd19437a1f6","[REVERSAL LEGACY] Neutralisation double-comptage — entrée originale de2ee47b (deposit_authorized escrow_liability credit 31.20$)","escrow_liability","","3120","","0","INT-REVERSAL","","","4310","2026-05-05T15:39:52.347Z","reversal_legacy_69f62d60a58b532cde2ee47b","3120","CAD","","debit","69fa0f544f1568a9fa793001","2026-05-05T15:40:04.980000","2026-05-05T17:59:42.148000","service_720f1ed7-4d53-4623-8377-a9877bf2f722","service+720f1ed7-4d53-4623-8377-a9877bf2f722@no-reply.base44.com","false"
"reversal","69f62ccbbfe7cfd19437a1f6","[REVERSAL LEGACY] Neutralisation double-comptage — entrée originale 40fc9093 (balance_received balance_liability credit 123.89$)","balance_liability","","12389","","0","INT-REVERSAL","","","4310","2026-05-05T15:39:52.347Z","reversal_legacy_69f62decb147bcad40fc9093","12389","CAD","","debit","69fa0f54095b926782ec8172","2026-05-05T15:40:04.807000","2026-05-05T17:59:42.469000","service_720f1ed7-4d53-4623-8377-a9877bf2f722","service+720f1ed7-4d53-4623-8377-a9877bf2f722@no-reply.base44.com","false"
"reversal","69f62ccbbfe7cfd19437a1f6","[REVERSAL LEGACY] Neutralisation double-comptage — entrée originale 1c650c62 (escrow_released escrow_liability debit 31.20$)","escrow_liability","","3120","","3120","INT-REVERSAL","","","4310","2026-05-05T15:39:52.347Z","reversal_legacy_69f62ebf67dfd4f11c650c62","0","CAD","","credit","69fa0f54583c229d74093c94","2026-05-05T15:40:04.648000","2026-05-05T17:59:42.794000","service_720f1ed7-4d53-4623-8377-a9877bf2f722","service+720f1ed7-4d53-4623-8377-a9877bf2f722@no-reply.base44.com","false"
"reversal","69f634af3f0bc18f639bd7bf","[REVERSAL LEGACY] Neutralisation double-comptage — entrée originale 49955a74 (deposit_authorized escrow_liability credit 20.91$)","escrow_liability","","2091","","0","INT-REVERSAL","","","4310","2026-05-05T15:39:52.347Z","reversal_legacy_69f63515667c1a9549955a74","2091","CAD","","debit","69fa0f543788b03b94fd74c1","2026-05-05T15:40:04.454000","2026-05-05T17:59:43.055000","service_720f1ed7-4d53-4623-8377-a9877bf2f722","service+720f1ed7-4d53-4623-8377-a9877bf2f722@no-reply.base44.com","false"
"reversal","69f634af3f0bc18f639bd7bf","[REVERSAL LEGACY] Neutralisation double-comptage — entrée originale 8f251cf8 (balance_received balance_liability credit 82.70$)","balance_liability","","8270","","0","INT-REVERSAL","","","4310","2026-05-05T15:39:52.347Z","reversal_legacy_69f63557ae23482e8f251cf8","8270","CAD","","debit","69fa0f54b8ccf1cd673924ac","2026-05-05T15:40:04.278000","2026-05-05T17:59:43.326000","service_720f1ed7-4d53-4623-8377-a9877bf2f722","service+720f1ed7-4d53-4623-8377-a9877bf2f722@no-reply.base44.com","false"
"reversal","69f634af3f0bc18f639bd7bf","[REVERSAL LEGACY] Neutralisation double-comptage — entrée originale 173bc8ae (escrow_released escrow_liability debit 20.91$)","escrow_liability","","2091","","2091","INT-REVERSAL","","","4310","2026-05-05T15:39:52.347Z","reversal_legacy_69f6360eabd969a8173bc8ae","0","CAD","","credit","69fa0f54aa317e8dd07d4d48","2026-05-05T15:40:04.070000","2026-05-05T17:59:43.528000","service_720f1ed7-4d53-4623-8377-a9877bf2f722","service+720f1ed7-4d53-4623-8377-a9877bf2f722@no-reply.base44.com","false"
"reversal","69f628a58b137f63df8a0790","[REVERSAL LEGACY] Neutralisation double-comptage — entrée originale 6eb223fa (balance_received balance_liability credit 103.30$)","balance_liability","","10330","","0","INT-REVERSAL","","","4310","2026-05-05T15:39:52.347Z","reversal_legacy_69f677f1b84f23266eb223fa","10330","CAD","","debit","69fa0f53aad52dfb8d890f66","2026-05-05T15:40:03.893000","2026-05-05T17:59:43.788000","service_720f1ed7-4d53-4623-8377-a9877bf2f722","service+720f1ed7-4d53-4623-8377-a9877bf2f722@no-reply.base44.com","false"
"reversal","69f628a58b137f63df8a0790","[REVERSAL LEGACY] Neutralisation double-comptage — entrée originale c62d57a8 (escrow_released escrow_liability debit 20.91$)","escrow_liability","","2091","","2091","INT-REVERSAL","","","4310","2026-05-05T15:39:52.347Z","reversal_legacy_69f6780824acab3fc62d57a8","0","CAD","","credit","69fa0f537179e5273a5d7a05","2026-05-05T15:40:03.737000","2026-05-05T17:59:47.196000","service_720f1ed7-4d53-4623-8377-a9877bf2f722","service+720f1ed7-4d53-4623-8377-a9877bf2f722@no-reply.base44.com","false"
"reversal","69f6261577278f600ed8ca2e","[REVERSAL LEGACY] Neutralisation double-comptage — entrée originale 3eec57b9 (deposit_authorized escrow_liability credit 31.20$)","escrow_liability","","3120","","0","INT-REVERSAL","","","4310","2026-05-05T15:39:52.347Z","reversal_legacy_69f678a0b93a91973eec57b9","3120","CAD","","debit","69fa0f51fcf67b687601ce9b","2026-05-05T15:40:01.553000","2026-05-05T17:59:47.427000","service_720f1ed7-4d53-4623-8377-a9877bf2f722","service+720f1ed7-4d53-4623-8377-a9877bf2f722@no-reply.base44.com","false"
"reversal","69f6261577278f600ed8ca2e","[REVERSAL LEGACY] Neutralisation double-comptage — entrée originale 82f10a0b (balance_received balance_liability credit 123.89$)","balance_liability","","12389","","0","INT-REVERSAL","","","4310","2026-05-05T15:39:52.347Z","reversal_legacy_69f679229b4357c982f10a0b","12389","CAD","","debit","69fa0f51a7ddff68d76f5489","2026-05-05T15:40:01.354000","2026-05-05T17:59:47.739000","service_720f1ed7-4d53-4623-8377-a9877bf2f722","service+720f1ed7-4d53-4623-8377-a9877bf2f722@no-reply.base44.com","false"
"reversal","69f6261577278f600ed8ca2e","[REVERSAL LEGACY] Neutralisation double-comptage — entrée originale 0c106f2f (escrow_released escrow_liability debit 31.20$)","escrow_liability","","3120","","3120","INT-REVERSAL","","","4310","2026-05-05T15:39:52.347Z","reversal_legacy_69f679495eb40d650c106f2f","0","CAD","","credit","69fa0f51f6ebf0753bf683b5","2026-05-05T15:40:01.152000","2026-05-05T17:59:48.428000","service_720f1ed7-4d53-4623-8377-a9877bf2f722","service+720f1ed7-4d53-4623-8377-a9877bf2f722@no-reply.base44.com","false"
"reversal","69f61a9031cab8fcbbdbbf37","[REVERSAL LEGACY] Neutralisation double-comptage — entrée originale a5086aaf (deposit_authorized escrow_liability credit 43.56$)","escrow_liability","","4356","","0","INT-REVERSAL","","","4310","2026-05-05T15:39:52.347Z","reversal_legacy_69f691c2426ee9d4a5086aaf","4356","CAD","","debit","69fa0f50a7a56f500955b098","2026-05-05T15:40:00.950000","2026-05-05T17:59:48.944000","service_720f1ed7-4d53-4623-8377-a9877bf2f722","service+720f1ed7-4d53-4623-8377-a9877bf2f722@no-reply.base44.com","false"
"reversal","69f69253ae23482e8f256790","[REVERSAL LEGACY] Neutralisation double-comptage — entrée originale 9de01a6d (deposit_authorized escrow_liability credit 24.61$)","escrow_liability","","2461","","0","INT-REVERSAL","","","4310","2026-05-05T15:39:52.347Z","reversal_legacy_69f69466361ad8039de01a6d","2461","CAD","","debit","69fa0f506d04a2297a7c1bb3","2026-05-05T15:40:00.288000","2026-05-05T17:59:49.183000","service_720f1ed7-4d53-4623-8377-a9877bf2f722","service+720f1ed7-4d53-4623-8377-a9877bf2f722@no-reply.base44.com","false"
"reversal","69f69253ae23482e8f256790","[REVERSAL LEGACY] Neutralisation double-comptage — entrée originale 05291d06 (balance_received balance_liability credit 97.53$)","balance_liability","","9753","","0","INT-REVERSAL","","","4310","2026-05-05T15:39:52.347Z","reversal_legacy_69f6949ed4f68ab005291d06","9753","CAD","","debit","69fa0f4d3b9403537ffacec5","2026-05-05T15:39:57.233000","2026-05-05T17:59:49.812000","service_720f1ed7-4d53-4623-8377-a9877bf2f722","service+720f1ed7-4d53-4623-8377-a9877bf2f722@no-reply.base44.com","false"
"reversal","69f69253ae23482e8f256790","[REVERSAL LEGACY] Neutralisation double-comptage — entrée originale 40713249 (escrow_released escrow_liability debit 24.61$)","escrow_liability","","2461","","2461","INT-REVERSAL","","","4310","2026-05-05T15:39:52.347Z","reversal_legacy_69f694b8f183ec9840713249","0","CAD","","credit","69fa0f4d3328c46ce0b5b31c","2026-05-05T15:39:57.072000","2026-05-05T17:59:50.050000","service_720f1ed7-4d53-4623-8377-a9877bf2f722","service+720f1ed7-4d53-4623-8377-a9877bf2f722@no-reply.base44.com","false"
"reversal","69f74283836e62b5bf65c905","[REVERSAL LEGACY] Neutralisation double-comptage — entrée originale ec070396 (deposit_authorized escrow_liability credit 41.50$)","escrow_liability","","4150","","0","INT-REVERSAL","","","4320","2026-05-05T15:39:52.347Z","reversal_legacy_69f7437d3e828fe1ec070396","4150","CAD","","debit","69fa0f4c46b0c551ff2c3b48","2026-05-05T15:39:56.873000","2026-05-05T17:59:50.390000","service_720f1ed7-4d53-4623-8377-a9877bf2f722","service+720f1ed7-4d53-4623-8377-a9877bf2f722@no-reply.base44.com","false"
"reversal","69f74283836e62b5bf65c905","[REVERSAL LEGACY] Neutralisation double-comptage — entrée originale 3f2445fe (balance_received balance_liability credit 165.09$)","balance_liability","","16509","","0","INT-REVERSAL","","","4320","2026-05-05T15:39:52.347Z","reversal_legacy_69f743ba9c88222c3f2445fe","16509","CAD","","debit","69fa0f4ca0aaa2ae0fb33ca5","2026-05-05T15:39:56.709000","2026-05-05T17:59:50.579000","service_720f1ed7-4d53-4623-8377-a9877bf2f722","service+720f1ed7-4d53-4623-8377-a9877bf2f722@no-reply.base44.com","false"
"reversal","69f74d9a94e6705490a1dfca","[REVERSAL LEGACY] Neutralisation double-comptage — entrée originale 9d1474bf (deposit_authorized escrow_liability credit 20.91$)","escrow_liability","","2091","","0","INT-REVERSAL","","","4310","2026-05-05T15:39:52.347Z","reversal_legacy_69f74e00c0441efe9d1474bf","2091","CAD","","debit","69fa0f4c750f3a04ea492b1f","2026-05-05T15:39:56.472000","2026-05-05T17:59:52.969000","service_720f1ed7-4d53-4623-8377-a9877bf2f722","service+720f1ed7-4d53-4623-8377-a9877bf2f722@no-reply.base44.com","false"
"reversal","69f74e5f1c0bf0580ac178ea","[REVERSAL LEGACY] Neutralisation double-comptage — entrée originale 51d6e47e (deposit_authorized escrow_liability credit 41.50$)","escrow_liability","","4150","","0","INT-REVERSAL","","","4310","2026-05-05T15:39:52.347Z","reversal_legacy_69f74ed55f3e25c851d6e47e","4150","CAD","","debit","69fa0f4abb9dd26f366d0b4b","2026-05-05T15:39:54.306000","2026-05-05T17:59:53.218000","service_720f1ed7-4d53-4623-8377-a9877bf2f722","service+720f1ed7-4d53-4623-8377-a9877bf2f722@no-reply.base44.com","false"
"reversal","69f75180ac78024b59cd0de7","[REVERSAL LEGACY] Neutralisation double-comptage — entrée originale f70cebe2 (deposit_authorized escrow_liability credit 49.74$)","escrow_liability","","4974","","0","INT-REVERSAL","","","4310","2026-05-05T15:39:52.347Z","reversal_legacy_69f752f458d1b803f70cebe2","4974","CAD","","debit","69fa0f4abb9dd26f366d0b49","2026-05-05T15:39:54.061000","2026-05-05T17:59:53.579000","service_720f1ed7-4d53-4623-8377-a9877bf2f722","service+720f1ed7-4d53-4623-8377-a9877bf2f722@no-reply.base44.com","false"
"reversal","69f75180ac78024b59cd0de7","[REVERSAL LEGACY] Neutralisation double-comptage — entrée originale 6c0e0546 (balance_received balance_liability credit 198.04$)","balance_liability","","19804","","0","INT-REVERSAL","","","4310","2026-05-05T15:39:52.347Z","reversal_legacy_69f7533cfd897b206c0e0546","19804","CAD","","debit","69fa0f494e290c82fb39bf3d","2026-05-05T15:39:53.791000","2026-05-05T17:59:53.873000","service_720f1ed7-4d53-4623-8377-a9877bf2f722","service+720f1ed7-4d53-4623-8377-a9877bf2f722@no-reply.base44.com","false"
"reversal","69f75180ac78024b59cd0de7","[REVERSAL LEGACY] Neutralisation double-comptage — entrée originale 461c8650 (escrow_released escrow_liability debit 49.74$)","escrow_liability","","4974","","4974","INT-REVERSAL","","","4310","2026-05-05T15:39:52.347Z","reversal_legacy_69f755b038bba479461c8650","0","CAD","","credit","69fa0f499d3bd58a33645619","2026-05-05T15:39:53.580000","2026-05-05T17:59:54.117000","service_720f1ed7-4d53-4623-8377-a9877bf2f722","service+720f1ed7-4d53-4623-8377-a9877bf2f722@no-reply.base44.com","false"
"reversal","69f77a1c312b74a9460d126c","[REVERSAL LEGACY] Neutralisation double-comptage — entrée originale 13c24572 (deposit_authorized escrow_liability credit 37.38$)","escrow_liability","","3738","","0","INT-REVERSAL","","","4310","2026-05-05T15:39:52.347Z","reversal_legacy_69f77b45fe6514a013c24572","3738","CAD","","debit","69fa0f499e4b161f408ca9fc","2026-05-05T15:39:53.399000","2026-05-05T17:59:54.392000","service_720f1ed7-4d53-4623-8377-a9877bf2f722","service+720f1ed7-4d53-4623-8377-a9877bf2f722@no-reply.base44.com","false"
"reversal","69f77a1c312b74a9460d126c","[REVERSAL LEGACY] Neutralisation double-comptage — entrée originale 78ae7cf6 (balance_received balance_liability credit 148.60$)","balance_liability","","14860","","0","INT-REVERSAL","","","4310","2026-05-05T15:39:52.347Z","reversal_legacy_69f77b81736d3a9078ae7cf6","14860","CAD","","debit","69fa0f4992eed5adac72ca7b","2026-05-05T15:39:53.220000","2026-05-05T17:59:54.605000","service_720f1ed7-4d53-4623-8377-a9877bf2f722","service+720f1ed7-4d53-4623-8377-a9877bf2f722@no-reply.base44.com","false"
"reversal","69f77a1c312b74a9460d126c","[REVERSAL LEGACY] Neutralisation double-comptage — entrée originale 35fc221e (escrow_released escrow_liability debit 37.38$)","escrow_liability","","3738","","3738","INT-REVERSAL","","","4310","2026-05-05T15:39:52.347Z","reversal_legacy_69f77ba8ceb7b06635fc221e","0","CAD","","credit","69fa0f494a583c2fae4907d1","2026-05-05T15:39:53.027000","2026-05-05T17:59:54.880000","service_720f1ed7-4d53-4623-8377-a9877bf2f722","service+720f1ed7-4d53-4623-8377-a9877bf2f722@no-reply.base44.com","false"
"reversal","69f9059341ae2adfeef80403","[REVERSAL LEGACY] Neutralisation double-comptage — entrée originale fba92efa (deposit_authorized escrow_liability credit 20.91$)","escrow_liability","","2091","","0","INT-REVERSAL","","","4310","2026-05-05T15:39:52.347Z","reversal_legacy_69f906477f4df570fba92efa","2091","CAD","","debit","69fa0f48e3288184969c63f9","2026-05-05T15:39:52.847000","2026-05-05T17:59:55.095000","service_720f1ed7-4d53-4623-8377-a9877bf2f722","service+720f1ed7-4d53-4623-8377-a9877bf2f722@no-reply.base44.com","false"
"reversal","69f9059341ae2adfeef80403","[REVERSAL LEGACY] Neutralisation double-comptage — entrée originale a5f704bb (balance_received balance_liability credit 82.69$)","balance_liability","","8269","","0","INT-REVERSAL","","","4310","2026-05-05T15:39:52.347Z","reversal_legacy_69f906758cffd54ba5f704bb","8269","CAD","","debit","69fa0f4848473248177d10b9","2026-05-05T15:39:52.688000","2026-05-05T17:59:55.298000","service_720f1ed7-4d53-4623-8377-a9877bf2f722","service+720f1ed7-4d53-4623-8377-a9877bf2f722@no-reply.base44.com","false"
"reversal","69f9059341ae2adfeef80403","[REVERSAL LEGACY] Neutralisation double-comptage — entrée originale 5f48cc61 (escrow_released escrow_liability debit 20.91$)","escrow_liability","","2091","","2091","INT-REVERSAL","","","4310","2026-05-05T15:39:52.347Z","reversal_legacy_69f9068300e6f11e5f48cc61","0","CAD","","credit","69fa0f4816c2939469f66ba6","2026-05-05T15:39:52.490000","2026-05-05T17:59:57.514000","service_720f1ed7-4d53-4623-8377-a9877bf2f722","service+720f1ed7-4d53-4623-8377-a9877bf2f722@no-reply.base44.com","false"
"stripe_fees","","[BACKFILL] SaaS MR-PLAN-B-2024-01 — 20.00$ TTC — invoiceId=in_1TT2OaChRZW5v2uyNKZanG74 — frais Stripe prélevés","stripe_balance","69f9f37e5b848724eeda3ef3","104","","104","DEC-FRAIS","","","5100","2026-05-05T13:41:17.699Z","pi_3TT2ObChRZW5v2uy1OADZ6mi","0","CAD","69f7701d31890c3d20e8c9d7","credit","69f9f37e874012d83ed7995e","2026-05-05T13:41:18.439000","2026-05-05T17:59:57.734000","service_720f1ed7-4d53-4623-8377-a9877bf2f722","service+720f1ed7-4d53-4623-8377-a9877bf2f722@no-reply.base44.com","false"
"stripe_fees","","[BACKFILL] SaaS MR-PLAN-B-2024-01 — 20.00$ TTC — invoiceId=in_1TT2OaChRZW5v2uyNKZanG74 — frais Stripe 1.04$","stripe_fees_expense","69f9f37e874012d83ed7995e","104","","0","DEC-FRAIS","","","6120","2026-05-05T13:41:17.699Z","pi_3TT2ObChRZW5v2uy1OADZ6mi","104","CAD","69f7701d31890c3d20e8c9d7","debit","69f9f37e5b848724eeda3ef3","2026-05-05T13:41:18.247000","2026-05-06T20:47:11.727000","service_720f1ed7-4d53-4623-8377-a9877bf2f722","service+720f1ed7-4d53-4623-8377-a9877bf2f722@no-reply.base44.com","false"
"saas_revenue","","[BACKFILL] SaaS MR-PLAN-B-2024-01 — 20.00$ TTC — invoiceId=in_1TT2OaChRZW5v2uyNKZanG74 — revenu HT 17.40$","saas_revenue","","1740","","1740","ANA-SAAS-REV","","","7210","2026-05-05T13:41:17.699Z","pi_3TT2ObChRZW5v2uy1OADZ6mi","0","CAD","69f7701d31890c3d20e8c9d7","credit","69f9f37e978ed412d94e29e0","2026-05-05T13:41:18.062000","2026-05-05T17:59:58.187000","service_720f1ed7-4d53-4623-8377-a9877bf2f722","service+720f1ed7-4d53-4623-8377-a9877bf2f722@no-reply.base44.com","false"
"saas_cash_in","","[BACKFILL] SaaS MR-PLAN-B-2024-01 — 20.00$ TTC — invoiceId=in_1TT2OaChRZW5v2uyNKZanG74 [Dr stripe_clearing]","stripe_clearing","","2000","","0","ENC-SAAS","","","5200","2026-05-05T13:41:17.699Z","pi_3TT2ObChRZW5v2uy1OADZ6mi","2000","CAD","69f7701d31890c3d20e8c9d7","debit","69f9f37dacd9bc1ec02822e5","2026-05-05T13:41:17.889000","2026-05-05T17:59:58.418000","service_720f1ed7-4d53-4623-8377-a9877bf2f722","service+720f1ed7-4d53-4623-8377-a9877bf2f722@no-reply.base44.com","false"
"stripe_fees","","[BACKFILL] SaaS MR-PLAN-B-2024-01 — 192.00$ TTC — invoiceId=in_1TT2zsChRZW5v2uyVdq3Cgp2 — frais Stripe prélevés","stripe_balance","69f9f37cc838f18af40dda88","740","","740","DEC-FRAIS","","","5100","2026-05-05T13:41:15.187Z","pi_3TT2ztChRZW5v2uy0A7L0zNe","0","CAD","69f62cd5271164a83828fd92","credit","69f9f37cc938e402cddaa51f","2026-05-05T13:41:16.316000","2026-05-05T17:59:58.654000","service_720f1ed7-4d53-4623-8377-a9877bf2f722","service+720f1ed7-4d53-4623-8377-a9877bf2f722@no-reply.base44.com","false"
"stripe_fees","","[BACKFILL] SaaS MR-PLAN-B-2024-01 — 192.00$ TTC — invoiceId=in_1TT2zsChRZW5v2uyVdq3Cgp2 — frais Stripe 7.40$","stripe_fees_expense","69f9f37cc938e402cddaa51f","740","","0","DEC-FRAIS","","","6120","2026-05-05T13:41:15.187Z","pi_3TT2ztChRZW5v2uy0A7L0zNe","740","CAD","69f62cd5271164a83828fd92","debit","69f9f37cc838f18af40dda88","2026-05-05T13:41:16.095000","2026-05-06T20:47:56.310000","service_720f1ed7-4d53-4623-8377-a9877bf2f722","service+720f1ed7-4d53-4623-8377-a9877bf2f722@no-reply.base44.com","false"
"saas_deferred","","[BACKFILL] SaaS MR-PLAN-B-2024-01 — 192.00$ TTC — invoiceId=in_1TT2zsChRZW5v2uyVdq3Cgp2 — revenu HT 166.99$","deferred_revenue","","16699","","16699","ANA-SAAS-DEF","","","4530","2026-05-05T13:41:15.187Z","pi_3TT2ztChRZW5v2uy0A7L0zNe","0","CAD","69f62cd5271164a83828fd92","credit","69f9f37bf5884f15b96dbbcc","2026-05-05T13:41:15.714000","2026-05-05T21:37:30.134000","service_720f1ed7-4d53-4623-8377-a9877bf2f722","service+720f1ed7-4d53-4623-8377-a9877bf2f722@no-reply.base44.com","false"
"saas_cash_in","","[BACKFILL] SaaS MR-PLAN-B-2024-01 — 192.00$ TTC — invoiceId=in_1TT2zsChRZW5v2uyVdq3Cgp2 [Dr stripe_clearing]","stripe_clearing","","19200","","0","ENC-SAAS","","","5200","2026-05-05T13:41:15.187Z","pi_3TT2ztChRZW5v2uy0A7L0zNe","19200","CAD","69f62cd5271164a83828fd92","debit","69f9f37b25d23375bc37f61d","2026-05-05T13:41:15.331000","2026-05-05T17:59:59.269000","service_720f1ed7-4d53-4623-8377-a9877bf2f722","service+720f1ed7-4d53-4623-8377-a9877bf2f722@no-reply.base44.com","false"
"stripe_fees","","[BACKFILL] SaaS MR-PLAN-B-2024-01 — 20.00$ TTC — invoiceId=in_1TT18KChRZW5v2uyH4KvpUmt — frais Stripe prélevés","stripe_balance","69f9f379da17d9396fe00723","104","","104","DEC-FRAIS","","","5100","2026-05-05T13:41:13.444Z","pi_3TT18LChRZW5v2uy0crL7hoN","0","CAD","69f75ab48443764c81e1d5f8","credit","69f9f37a1c851cc0c973df19","2026-05-05T13:41:14.144000","2026-05-05T17:59:59.468000","service_720f1ed7-4d53-4623-8377-a9877bf2f722","service+720f1ed7-4d53-4623-8377-a9877bf2f722@no-reply.base44.com","false"
"stripe_fees","","[BACKFILL] SaaS MR-PLAN-B-2024-01 — 20.00$ TTC — invoiceId=in_1TT18KChRZW5v2uyH4KvpUmt — frais Stripe 1.04$","stripe_fees_expense","69f9f37a1c851cc0c973df19","104","","0","DEC-FRAIS","","","6120","2026-05-05T13:41:13.444Z","pi_3TT18LChRZW5v2uy0crL7hoN","104","CAD","69f75ab48443764c81e1d5f8","debit","69f9f379da17d9396fe00723","2026-05-05T13:41:13.915000","2026-05-06T20:47:59.357000","service_720f1ed7-4d53-4623-8377-a9877bf2f722","service+720f1ed7-4d53-4623-8377-a9877bf2f722@no-reply.base44.com","false"
"saas_revenue","","[BACKFILL] SaaS MR-PLAN-B-2024-01 — 20.00$ TTC — invoiceId=in_1TT18KChRZW5v2uyH4KvpUmt — revenu HT 17.40$","saas_revenue","","1740","","1740","ANA-SAAS-REV","","","7210","2026-05-05T13:41:13.444Z","pi_3TT18LChRZW5v2uy0crL7hoN","0","CAD","69f75ab48443764c81e1d5f8","credit","69f9f379cc30b40718ed44ba","2026-05-05T13:41:13.728000","2026-05-05T18:00:01.939000","service_720f1ed7-4d53-4623-8377-a9877bf2f722","service+720f1ed7-4d53-4623-8377-a9877bf2f722@no-reply.base44.com","false"
"saas_cash_in","","[BACKFILL] SaaS MR-PLAN-B-2024-01 — 20.00$ TTC — invoiceId=in_1TT18KChRZW5v2uyH4KvpUmt [Dr stripe_clearing]","stripe_clearing","","2000","","0","ENC-SAAS","","","5200","2026-05-05T13:41:13.444Z","pi_3TT18LChRZW5v2uy0crL7hoN","2000","CAD","69f75ab48443764c81e1d5f8","debit","69f9f3793aa7434fd448dd31","2026-05-05T13:41:13.567000","2026-05-05T18:00:02.202000","service_720f1ed7-4d53-4623-8377-a9877bf2f722","service+720f1ed7-4d53-4623-8377-a9877bf2f722@no-reply.base44.com","false"
"stripe_fees","","[BACKFILL] SaaS MR-PLAN-B-2024-01 — 20.00$ TTC — invoiceId=in_1TT3wrChRZW5v2uyf8Jfxo9F — frais Stripe prélevés","stripe_balance","69f9f37894ff6c0e84e6fce6","104","","104","DEC-FRAIS","","","5100","2026-05-05T13:41:11.536Z","pi_3TT3wsChRZW5v2uy1yqvexUN","0","CAD","69f2739b8a9489588db01d2c","credit","69f9f3780fa0e254ca4812cc","2026-05-05T13:41:12.448000","2026-05-05T18:00:02.393000","service_720f1ed7-4d53-4623-8377-a9877bf2f722","service+720f1ed7-4d53-4623-8377-a9877bf2f722@no-reply.base44.com","false"
"stripe_fees","","[BACKFILL] SaaS MR-PLAN-B-2024-01 — 20.00$ TTC — invoiceId=in_1TT3wrChRZW5v2uyf8Jfxo9F — frais Stripe 1.04$","stripe_fees_expense","69f9f3780fa0e254ca4812cc","104","","0","DEC-FRAIS","","","6120","2026-05-05T13:41:11.536Z","pi_3TT3wsChRZW5v2uy1yqvexUN","104","CAD","69f2739b8a9489588db01d2c","debit","69f9f37894ff6c0e84e6fce6","2026-05-05T13:41:12.237000","2026-05-06T20:48:03.274000","service_720f1ed7-4d53-4623-8377-a9877bf2f722","service+720f1ed7-4d53-4623-8377-a9877bf2f722@no-reply.base44.com","false"
"saas_revenue","","[BACKFILL] SaaS MR-PLAN-B-2024-01 — 20.00$ TTC — invoiceId=in_1TT3wrChRZW5v2uyf8Jfxo9F — revenu HT 17.40$","saas_revenue","","1740","","1740","ANA-SAAS-REV","","","7210","2026-05-05T13:41:11.536Z","pi_3TT3wsChRZW5v2uy1yqvexUN","0","CAD","69f2739b8a9489588db01d2c","credit","69f9f378501b33ec837f7c08","2026-05-05T13:41:12.007000","2026-05-05T18:00:02.831000","service_720f1ed7-4d53-4623-8377-a9877bf2f722","service+720f1ed7-4d53-4623-8377-a9877bf2f722@no-reply.base44.com","false"
"saas_cash_in","","[BACKFILL] SaaS MR-PLAN-B-2024-01 — 20.00$ TTC — invoiceId=in_1TT3wrChRZW5v2uyf8Jfxo9F [Dr stripe_clearing]","stripe_clearing","","2000","","0","ENC-SAAS","","","5200","2026-05-05T13:41:11.536Z","pi_3TT3wsChRZW5v2uy1yqvexUN","2000","CAD","69f2739b8a9489588db01d2c","debit","69f9f377abbc9b0bb0f56f9f","2026-05-05T13:41:11.749000","2026-05-05T18:00:03.079000","service_720f1ed7-4d53-4623-8377-a9877bf2f722","service+720f1ed7-4d53-4623-8377-a9877bf2f722@no-reply.base44.com","false"
"stripe_fees","","[BACKFILL] SaaS MR-PLAN-B-2024-01 — 20.00$ TTC — invoiceId=in_1TT1JxChRZW5v2uyrAynVsQ6 — frais Stripe prélevés","stripe_balance","69f9f37652a84e83b51d74ac","104","","104","DEC-FRAIS","","","5100","2026-05-05T13:41:09.832Z","pi_3TT1JyChRZW5v2uy1iZFzY3l","0","CAD","69f62cd5271164a83828fd92","credit","69f9f37673d55d3f59dae460","2026-05-05T13:41:10.495000","2026-05-05T18:00:03.285000","service_720f1ed7-4d53-4623-8377-a9877bf2f722","service+720f1ed7-4d53-4623-8377-a9877bf2f722@no-reply.base44.com","false"
"stripe_fees","","[BACKFILL] SaaS MR-PLAN-B-2024-01 — 20.00$ TTC — invoiceId=in_1TT1JxChRZW5v2uyrAynVsQ6 — frais Stripe 1.04$","stripe_fees_expense","69f9f37673d55d3f59dae460","104","","0","DEC-FRAIS","","","6120","2026-05-05T13:41:09.832Z","pi_3TT1JyChRZW5v2uy1iZFzY3l","104","CAD","69f62cd5271164a83828fd92","debit","69f9f37652a84e83b51d74ac","2026-05-05T13:41:10.327000","2026-05-06T20:47:25.858000","service_720f1ed7-4d53-4623-8377-a9877bf2f722","service+720f1ed7-4d53-4623-8377-a9877bf2f722@no-reply.base44.com","false"
"saas_revenue","","[BACKFILL] SaaS MR-PLAN-B-2024-01 — 20.00$ TTC — invoiceId=in_1TT1JxChRZW5v2uyrAynVsQ6 — revenu HT 17.40$","saas_revenue","","1740","","1740","ANA-SAAS-REV","","","7210","2026-05-05T13:41:09.832Z","pi_3TT1JyChRZW5v2uy1iZFzY3l","0","CAD","69f62cd5271164a83828fd92","credit","69f9f37615436f35204f746f","2026-05-05T13:41:10.171000","2026-05-05T18:00:08.552000","service_720f1ed7-4d53-4623-8377-a9877bf2f722","service+720f1ed7-4d53-4623-8377-a9877bf2f722@no-reply.base44.com","false"
"saas_cash_in","","[BACKFILL] SaaS MR-PLAN-B-2024-01 — 20.00$ TTC — invoiceId=in_1TT1JxChRZW5v2uyrAynVsQ6 [Dr stripe_clearing]","stripe_clearing","","2000","","0","ENC-SAAS","","","5200","2026-05-05T13:41:09.832Z","pi_3TT1JyChRZW5v2uy1iZFzY3l","2000","CAD","69f62cd5271164a83828fd92","debit","69f9f3755e550f2e6e7504ef","2026-05-05T13:41:09.959000","2026-05-05T18:00:10.903000","service_720f1ed7-4d53-4623-8377-a9877bf2f722","service+720f1ed7-4d53-4623-8377-a9877bf2f722@no-reply.base44.com","false"
"stripe_fees","69f5f19663a02779cf4fa08b","[BACKFILL] Frais Stripe prélevés — 0.46$","stripe_balance","69f9e19e64764086a507af89","46","","46","DEC-FRAIS","","","5100","2026-05-05T12:25:01.939Z","pi_3TSd1cChRZW5v2uy0vGGYY6h","0","CAD","69f2706d181676bbd6e82a5e","credit","69f9e19e1b8fb49a623a6848","2026-05-05T12:25:02.536000","2026-05-05T18:00:11.137000","service_720f1ed7-4d53-4623-8377-a9877bf2f722","service+720f1ed7-4d53-4623-8377-a9877bf2f722@no-reply.base44.com","false"
"stripe_fees","69f5f19663a02779cf4fa08b","[BACKFILL] Frais Stripe — 0.46$","stripe_fees_expense","69f9e19e1b8fb49a623a6848","46","","0","DEC-FRAIS","","","6110","2026-05-05T12:25:01.939Z","pi_3TSd1cChRZW5v2uy0vGGYY6h","46","CAD","69f2706d181676bbd6e82a5e","debit","69f9e19e64764086a507af89","2026-05-05T12:25:02.382000","2026-05-05T18:00:11.348000","service_720f1ed7-4d53-4623-8377-a9877bf2f722","service+720f1ed7-4d53-4623-8377-a9877bf2f722@no-reply.base44.com","false"
"commission_earned","69f5f19663a02779cf4fa08b","[BACKFILL] Commission MR HT — 0.51$ (11.40%)","commission_revenue","","51","","51","ANA-COMMISSION","","","7110","2026-05-05T12:25:01.939Z","pi_3TSd1cChRZW5v2uy0vGGYY6h","0","CAD","69f2706d181676bbd6e82a5e","credit","69f9e19e950d4b5440628485","2026-05-05T12:25:02.226000","2026-05-05T18:00:11.607000","service_720f1ed7-4d53-4623-8377-a9877bf2f722","service+720f1ed7-4d53-4623-8377-a9877bf2f722@no-reply.base44.com","false"
"talent_payable","69f5f19663a02779cf4fa08b","[BACKFILL] Cachet talent — 3.92$ (taux 88.6%)","talent_payable","","392","","392","ANA-TALENT","","","4310","2026-05-05T12:25:01.939Z","pi_3TSd1cChRZW5v2uy0vGGYY6h","0","CAD","69f2706d181676bbd6e82a5e","credit","69f9e19ef2ce200005967de0","2026-05-05T12:25:02.068000","2026-05-05T18:00:11.835000","service_720f1ed7-4d53-4623-8377-a9877bf2f722","service+720f1ed7-4d53-4623-8377-a9877bf2f722@no-reply.base44.com","false"
"commission_earned","69f6041b11fc961b649e5c6f","[BACKFILL] Commission MR HT — 0.86$ (11.40%)","commission_revenue","","86","","86","ANA-COMMISSION","","","7110","2026-05-05T12:25:01.034Z","pi_3TSeL4ChRZW5v2uy1LmJI6sJ","0","CAD","69f218c618cc26dee7ae01ce","credit","69f9e19d5691f8e5267627f2","2026-05-05T12:25:01.339000","2026-05-05T18:00:12.327000","service_720f1ed7-4d53-4623-8377-a9877bf2f722","service+720f1ed7-4d53-4623-8377-a9877bf2f722@no-reply.base44.com","false"
"talent_payable","69f6041b11fc961b649e5c6f","[BACKFILL] Cachet talent — 6.66$ (taux 88.6%)","talent_payable","","666","","666","ANA-TALENT","","","4310","2026-05-05T12:25:01.034Z","pi_3TSeL4ChRZW5v2uy1LmJI6sJ","0","CAD","69f218c618cc26dee7ae01ce","credit","69f9e19d80828c75fbcaf005","2026-05-05T12:25:01.159000","2026-05-05T18:00:12.645000","service_720f1ed7-4d53-4623-8377-a9877bf2f722","service+720f1ed7-4d53-4623-8377-a9877bf2f722@no-reply.base44.com","false"
"commission_earned","69f61a9031cab8fcbbdbbf37","[BACKFILL] Commission MR HT — 2.62$ (11.40%)","commission_revenue","","262","","262","ANA-COMMISSION","","","7110","2026-05-05T12:24:59.908Z","pi_3TSgGDChRZW5v2uy1qhNzs9r","0","CAD","69f218c618cc26dee7ae01ce","credit","69f9e19c9c5e0d8c93d20d96","2026-05-05T12:25:00.412000","2026-05-05T18:00:13.006000","service_720f1ed7-4d53-4623-8377-a9877bf2f722","service+720f1ed7-4d53-4623-8377-a9877bf2f722@no-reply.base44.com","false"
"talent_payable","69f61a9031cab8fcbbdbbf37","[BACKFILL] Cachet talent — 20.35$ (taux 88.6%)","talent_payable","","2035","","2035","ANA-TALENT","","","4310","2026-05-05T12:24:59.908Z","pi_3TSgGDChRZW5v2uy1qhNzs9r","0","CAD","69f218c618cc26dee7ae01ce","credit","69f9e19c99ee79481215b137","2026-05-05T12:25:00.241000","2026-05-05T18:00:13.245000","service_720f1ed7-4d53-4623-8377-a9877bf2f722","service+720f1ed7-4d53-4623-8377-a9877bf2f722@no-reply.base44.com","false"
"deposit_authorized","69f61a9031cab8fcbbdbbf37","[BACKFILL] deposit — 22.97$ brut — event ...dbbf37 ""test 106""","stripe_clearing","","2297","","0","ENC-DEPOT","","","5200","2026-05-05T12:24:59.908Z","pi_3TSgGDChRZW5v2uy1qhNzs9r","2297","CAD","69f218c618cc26dee7ae01ce","debit","69f9e19cce992f84e2fe1be1","2026-05-05T12:25:00.065000","2026-05-05T18:00:13.583000","service_720f1ed7-4d53-4623-8377-a9877bf2f722","service+720f1ed7-4d53-4623-8377-a9877bf2f722@no-reply.base44.com","false"
"stripe_fees","69f628a58b137f63df8a0790","[BACKFILL] Frais Stripe prélevés — 1.07$","stripe_balance","69f9e19a1d731ee46b6a850b","107","","107","DEC-FRAIS","","","5100","2026-05-05T12:24:58.255Z","pi_3TSgaOChRZW5v2uy1bcv8EjI","0","CAD","69f218c618cc26dee7ae01ce","credit","69f9e19ad87f1055cd8390a3","2026-05-05T12:24:58.935000","2026-05-05T18:00:16.065000","service_720f1ed7-4d53-4623-8377-a9877bf2f722","service+720f1ed7-4d53-4623-8377-a9877bf2f722@no-reply.base44.com","false"
"stripe_fees","69f628a58b137f63df8a0790","[BACKFILL] Frais Stripe — 1.07$","stripe_fees_expense","69f9e19ad87f1055cd8390a3","107","","0","DEC-FRAIS","","","6110","2026-05-05T12:24:58.255Z","pi_3TSgaOChRZW5v2uy1bcv8EjI","107","CAD","69f218c618cc26dee7ae01ce","debit","69f9e19a1d731ee46b6a850b","2026-05-05T12:24:58.777000","2026-05-05T18:00:16.253000","service_720f1ed7-4d53-4623-8377-a9877bf2f722","service+720f1ed7-4d53-4623-8377-a9877bf2f722@no-reply.base44.com","false"
"commission_earned","69f628a58b137f63df8a0790","[BACKFILL] Commission MR HT — 2.38$ (11.40%)","commission_revenue","","238","","238","ANA-COMMISSION","","","7110","2026-05-05T12:24:58.255Z","pi_3TSgaOChRZW5v2uy1bcv8EjI","0","CAD","69f218c618cc26dee7ae01ce","credit","69f9e19a3ee93917b0f7f11c","2026-05-05T12:24:58.583000","2026-05-05T18:00:16.464000","service_720f1ed7-4d53-4623-8377-a9877bf2f722","service+720f1ed7-4d53-4623-8377-a9877bf2f722@no-reply.base44.com","false"
"talent_payable","69f628a58b137f63df8a0790","[BACKFILL] Cachet talent — 18.53$ (taux 88.6%)","talent_payable","","1853","","1853","ANA-TALENT","","","4310","2026-05-05T12:24:58.255Z","pi_3TSgaOChRZW5v2uy1bcv8EjI","0","CAD","69f218c618cc26dee7ae01ce","credit","69f9e19a35ebaec90ce44b3d","2026-05-05T12:24:58.383000","2026-05-05T18:00:16.751000","service_720f1ed7-4d53-4623-8377-a9877bf2f722","service+720f1ed7-4d53-4623-8377-a9877bf2f722@no-reply.base44.com","false"
"stripe_fees","69f62ccbbfe7cfd19437a1f6","[BACKFILL] Frais Stripe prélevés — 1.45$","stripe_balance","69f9e1986a2e28af4a8c2aea","145","","145","DEC-FRAIS","","","5100","2026-05-05T12:24:56.386Z","pi_3TSgsVChRZW5v2uy0xRjPssD","0","CAD","69f218c618cc26dee7ae01ce","credit","69f9e1995cc7f6c9cc7909cb","2026-05-05T12:24:57.050000","2026-05-05T18:00:16.994000","service_720f1ed7-4d53-4623-8377-a9877bf2f722","service+720f1ed7-4d53-4623-8377-a9877bf2f722@no-reply.base44.com","false"
"stripe_fees","69f62ccbbfe7cfd19437a1f6","[BACKFILL] Frais Stripe — 1.45$","stripe_fees_expense","69f9e1995cc7f6c9cc7909cb","145","","0","DEC-FRAIS","","","6110","2026-05-05T12:24:56.386Z","pi_3TSgsVChRZW5v2uy0xRjPssD","145","CAD","69f218c618cc26dee7ae01ce","debit","69f9e1986a2e28af4a8c2aea","2026-05-05T12:24:56.820000","2026-05-05T18:00:17.202000","service_720f1ed7-4d53-4623-8377-a9877bf2f722","service+720f1ed7-4d53-4623-8377-a9877bf2f722@no-reply.base44.com","false"
"commission_earned","69f62ccbbfe7cfd19437a1f6","[BACKFILL] Commission MR HT — 3.56$ (11.40%)","commission_revenue","","356","","356","ANA-COMMISSION","","","7110","2026-05-05T12:24:56.386Z","pi_3TSgsVChRZW5v2uy0xRjPssD","0","CAD","69f218c618cc26dee7ae01ce","credit","69f9e19842d4e16244fbce77","2026-05-05T12:24:56.651000","2026-05-05T18:00:17.391000","service_720f1ed7-4d53-4623-8377-a9877bf2f722","service+720f1ed7-4d53-4623-8377-a9877bf2f722@no-reply.base44.com","false"
"talent_payable","69f62ccbbfe7cfd19437a1f6","[BACKFILL] Cachet talent — 27.64$ (taux 88.6%)","talent_payable","","2764","","2764","ANA-TALENT","","","4310","2026-05-05T12:24:56.386Z","pi_3TSgsVChRZW5v2uy0xRjPssD","0","CAD","69f218c618cc26dee7ae01ce","credit","69f9e1987b6df026585e0eec","2026-05-05T12:24:56.502000","2026-05-05T18:00:17.875000","service_720f1ed7-4d53-4623-8377-a9877bf2f722","service+720f1ed7-4d53-4623-8377-a9877bf2f722@no-reply.base44.com","false"
"stripe_fees","69f62ccbbfe7cfd19437a1f6","[BACKFILL] Frais Stripe prélevés — 4.88$","stripe_balance","69f9e1975b854fe2fdeeabc7","488","","488","DEC-FRAIS","","","5100","2026-05-05T12:24:54.356Z","pi_3TSgunChRZW5v2uy11OEpz2V","0","CAD","69f218c618cc26dee7ae01ce","credit","69f9e197ae955526f24b97a1","2026-05-05T12:24:55.183000","2026-05-05T18:00:18.101000","service_720f1ed7-4d53-4623-8377-a9877bf2f722","service+720f1ed7-4d53-4623-8377-a9877bf2f722@no-reply.base44.com","false"
"stripe_fees","69f62ccbbfe7cfd19437a1f6","[BACKFILL] Frais Stripe — 4.88$","stripe_fees_expense","69f9e197ae955526f24b97a1","488","","0","DEC-FRAIS","","","6110","2026-05-05T12:24:54.356Z","pi_3TSgunChRZW5v2uy11OEpz2V","488","CAD","69f218c618cc26dee7ae01ce","debit","69f9e1975b854fe2fdeeabc7","2026-05-05T12:24:55.006000","2026-05-05T18:00:18.340000","service_720f1ed7-4d53-4623-8377-a9877bf2f722","service+720f1ed7-4d53-4623-8377-a9877bf2f722@no-reply.base44.com","false"
"commission_earned","69f62ccbbfe7cfd19437a1f6","[BACKFILL] Commission MR HT — 14.12$ (11.40%)","commission_revenue","","1412","","1412","ANA-COMMISSION","","","7110","2026-05-05T12:24:54.356Z","pi_3TSgunChRZW5v2uy11OEpz2V","0","CAD","69f218c618cc26dee7ae01ce","credit","69f9e19659946f82b79cd610","2026-05-05T12:24:54.812000","2026-05-05T18:00:20.544000","service_720f1ed7-4d53-4623-8377-a9877bf2f722","service+720f1ed7-4d53-4623-8377-a9877bf2f722@no-reply.base44.com","false"
"talent_payable","69f62ccbbfe7cfd19437a1f6","[BACKFILL] Cachet talent — 109.77$ (taux 88.6%)","talent_payable","","10977","","10977","ANA-TALENT","","","4310","2026-05-05T12:24:54.356Z","pi_3TSgunChRZW5v2uy11OEpz2V","0","CAD","69f218c618cc26dee7ae01ce","credit","69f9e196bf7adaf0ff53c9f8","2026-05-05T12:24:54.637000","2026-05-05T18:00:20.728000","service_720f1ed7-4d53-4623-8377-a9877bf2f722","service+720f1ed7-4d53-4623-8377-a9877bf2f722@no-reply.base44.com","false"
"stripe_fees","69f634af3f0bc18f639bd7bf","[BACKFILL] Frais Stripe prélevés — 1.07$","stripe_balance","69f9e1950de5788c396ef697","107","","107","DEC-FRAIS","","","5100","2026-05-05T12:24:52.576Z","pi_3TShOJChRZW5v2uy13XR7dXr","0","CAD","69f218c618cc26dee7ae01ce","credit","69f9e195100c548ae1a38d83","2026-05-05T12:24:53.199000","2026-05-05T18:00:21.003000","service_720f1ed7-4d53-4623-8377-a9877bf2f722","service+720f1ed7-4d53-4623-8377-a9877bf2f722@no-reply.base44.com","false"
"stripe_fees","69f634af3f0bc18f639bd7bf","[BACKFILL] Frais Stripe — 1.07$","stripe_fees_expense","69f9e195100c548ae1a38d83","107","","0","DEC-FRAIS","","","6110","2026-05-05T12:24:52.576Z","pi_3TShOJChRZW5v2uy13XR7dXr","107","CAD","69f218c618cc26dee7ae01ce","debit","69f9e1950de5788c396ef697","2026-05-05T12:24:53.034000","2026-05-05T18:00:21.288000","service_720f1ed7-4d53-4623-8377-a9877bf2f722","service+720f1ed7-4d53-4623-8377-a9877bf2f722@no-reply.base44.com","false"
"commission_earned","69f634af3f0bc18f639bd7bf","[BACKFILL] Commission MR HT — 2.38$ (11.40%)","commission_revenue","","238","","238","ANA-COMMISSION","","","7110","2026-05-05T12:24:52.576Z","pi_3TShOJChRZW5v2uy13XR7dXr","0","CAD","69f218c618cc26dee7ae01ce","credit","69f9e194913511304746c7b1","2026-05-05T12:24:52.876000","2026-05-05T18:00:21.500000","service_720f1ed7-4d53-4623-8377-a9877bf2f722","service+720f1ed7-4d53-4623-8377-a9877bf2f722@no-reply.base44.com","false"
"talent_payable","69f634af3f0bc18f639bd7bf","[BACKFILL] Cachet talent — 18.53$ (taux 88.6%)","talent_payable","","1853","","1853","ANA-TALENT","","","4310","2026-05-05T12:24:52.576Z","pi_3TShOJChRZW5v2uy13XR7dXr","0","CAD","69f218c618cc26dee7ae01ce","credit","69f9e1945c4e585c67aa4809","2026-05-05T12:24:52.706000","2026-05-05T18:00:22.147000","service_720f1ed7-4d53-4623-8377-a9877bf2f722","service+720f1ed7-4d53-4623-8377-a9877bf2f722@no-reply.base44.com","false"
"stripe_fees","69f634af3f0bc18f639bd7bf","[BACKFILL] Frais Stripe prélevés — 3.36$","stripe_balance","69f9e193efa59b40fe3a2d3e","336","","336","DEC-FRAIS","","","5100","2026-05-05T12:24:50.148Z","pi_3TShPSChRZW5v2uy0gsiAtQy","0","CAD","69f218c618cc26dee7ae01ce","credit","69f9e1935f46b16474d137ef","2026-05-05T12:24:51.596000","2026-05-05T18:00:22.368000","service_720f1ed7-4d53-4623-8377-a9877bf2f722","service+720f1ed7-4d53-4623-8377-a9877bf2f722@no-reply.base44.com","false"
"stripe_fees","69f634af3f0bc18f639bd7bf","[BACKFILL] Frais Stripe — 3.36$","stripe_fees_expense","69f9e1935f46b16474d137ef","336","","0","DEC-FRAIS","","","6110","2026-05-05T12:24:50.148Z","pi_3TShPSChRZW5v2uy0gsiAtQy","336","CAD","69f218c618cc26dee7ae01ce","debit","69f9e193efa59b40fe3a2d3e","2026-05-05T12:24:51.412000","2026-05-05T18:00:22.664000","service_720f1ed7-4d53-4623-8377-a9877bf2f722","service+720f1ed7-4d53-4623-8377-a9877bf2f722@no-reply.base44.com","false"
"commission_earned","69f634af3f0bc18f639bd7bf","[BACKFILL] Commission MR HT — 9.43$ (11.40%)","commission_revenue","","943","","943","ANA-COMMISSION","","","7110","2026-05-05T12:24:50.148Z","pi_3TShPSChRZW5v2uy0gsiAtQy","0","CAD","69f218c618cc26dee7ae01ce","credit","69f9e193bf7adaf0ff53c9f7","2026-05-05T12:24:51.208000","2026-05-05T18:00:22.883000","service_720f1ed7-4d53-4623-8377-a9877bf2f722","service+720f1ed7-4d53-4623-8377-a9877bf2f722@no-reply.base44.com","false"
"talent_payable","69f634af3f0bc18f639bd7bf","[BACKFILL] Cachet talent — 73.27$ (taux 88.6%)","talent_payable","","7327","","7327","ANA-TALENT","","","4310","2026-05-05T12:24:50.148Z","pi_3TShPSChRZW5v2uy0gsiAtQy","0","CAD","69f218c618cc26dee7ae01ce","credit","69f9e192029969d638ec7a60","2026-05-05T12:24:50.935000","2026-05-05T18:00:23.078000","service_720f1ed7-4d53-4623-8377-a9877bf2f722","service+720f1ed7-4d53-4623-8377-a9877bf2f722@no-reply.base44.com","false"
"stripe_fees","69f628a58b137f63df8a0790","[BACKFILL] Frais Stripe prélevés — 4.12$","stripe_balance","69f9e190f42a5837d37f1f27","412","","412","DEC-FRAIS","","","5100","2026-05-05T12:24:48.255Z","pi_3TSlqSChRZW5v2uy0aw3rfMs","0","CAD","69f218c618cc26dee7ae01ce","credit","69f9e19066ea6962e1e9b7b8","2026-05-05T12:24:48.928000","2026-05-05T18:00:25.481000","service_720f1ed7-4d53-4623-8377-a9877bf2f722","service+720f1ed7-4d53-4623-8377-a9877bf2f722@no-reply.base44.com","false"
"stripe_fees","69f628a58b137f63df8a0790","[BACKFILL] Frais Stripe — 4.12$","stripe_fees_expense","69f9e19066ea6962e1e9b7b8","412","","0","DEC-FRAIS","","","6110","2026-05-05T12:24:48.255Z","pi_3TSlqSChRZW5v2uy0aw3rfMs","412","CAD","69f218c618cc26dee7ae01ce","debit","69f9e190f42a5837d37f1f27","2026-05-05T12:24:48.768000","2026-05-05T18:00:25.978000","service_720f1ed7-4d53-4623-8377-a9877bf2f722","service+720f1ed7-4d53-4623-8377-a9877bf2f722@no-reply.base44.com","false"
"commission_earned","69f628a58b137f63df8a0790","[BACKFILL] Commission MR HT — 11.78$ (11.40%)","commission_revenue","","1178","","1178","ANA-COMMISSION","","","7110","2026-05-05T12:24:48.255Z","pi_3TSlqSChRZW5v2uy0aw3rfMs","0","CAD","69f218c618cc26dee7ae01ce","credit","69f9e190720cb150ddfaa669","2026-05-05T12:24:48.605000","2026-05-05T18:00:26.252000","service_720f1ed7-4d53-4623-8377-a9877bf2f722","service+720f1ed7-4d53-4623-8377-a9877bf2f722@no-reply.base44.com","false"
"talent_payable","69f628a58b137f63df8a0790","[BACKFILL] Cachet talent — 91.52$ (taux 88.6%)","talent_payable","","9152","","9152","ANA-TALENT","","","4310","2026-05-05T12:24:48.255Z","pi_3TSlqSChRZW5v2uy0aw3rfMs","0","CAD","69f218c618cc26dee7ae01ce","credit","69f9e1905136595909a64026","2026-05-05T12:24:48.401000","2026-05-05T18:00:26.838000","service_720f1ed7-4d53-4623-8377-a9877bf2f722","service+720f1ed7-4d53-4623-8377-a9877bf2f722@no-reply.base44.com","false"
"stripe_fees","69f6261577278f600ed8ca2e","[BACKFILL] Frais Stripe prélevés — 1.45$","stripe_balance","69f9e18f5ff529ea2c021337","145","","145","DEC-FRAIS","","","5100","2026-05-05T12:24:46.628Z","pi_3TSlt8ChRZW5v2uy17BmqI5B","0","CAD","69f2706d181676bbd6e82a5e","credit","69f9e18fede00fb705a4daf3","2026-05-05T12:24:47.318000","2026-05-05T18:00:27.152000","service_720f1ed7-4d53-4623-8377-a9877bf2f722","service+720f1ed7-4d53-4623-8377-a9877bf2f722@no-reply.base44.com","false"
"stripe_fees","69f6261577278f600ed8ca2e","[BACKFILL] Frais Stripe — 1.45$","stripe_fees_expense","69f9e18fede00fb705a4daf3","145","","0","DEC-FRAIS","","","6110","2026-05-05T12:24:46.628Z","pi_3TSlt8ChRZW5v2uy17BmqI5B","145","CAD","69f2706d181676bbd6e82a5e","debit","69f9e18f5ff529ea2c021337","2026-05-05T12:24:47.133000","2026-05-05T18:00:27.803000","service_720f1ed7-4d53-4623-8377-a9877bf2f722","service+720f1ed7-4d53-4623-8377-a9877bf2f722@no-reply.base44.com","false"
"commission_earned","69f6261577278f600ed8ca2e","[BACKFILL] Commission MR HT — 3.56$ (11.40%)","commission_revenue","","356","","356","ANA-COMMISSION","","","7110","2026-05-05T12:24:46.628Z","pi_3TSlt8ChRZW5v2uy17BmqI5B","0","CAD","69f2706d181676bbd6e82a5e","credit","69f9e18e24bbb2819f29a5e4","2026-05-05T12:24:46.887000","2026-05-05T18:00:28.033000","service_720f1ed7-4d53-4623-8377-a9877bf2f722","service+720f1ed7-4d53-4623-8377-a9877bf2f722@no-reply.base44.com","false"
"talent_payable","69f6261577278f600ed8ca2e","[BACKFILL] Cachet talent — 27.64$ (taux 88.6%)","talent_payable","","2764","","2764","ANA-TALENT","","","4310","2026-05-05T12:24:46.628Z","pi_3TSlt8ChRZW5v2uy17BmqI5B","0","CAD","69f2706d181676bbd6e82a5e","credit","69f9e18e07e203c6b0ccde68","2026-05-05T12:24:46.744000","2026-05-05T18:00:28.256000","service_720f1ed7-4d53-4623-8377-a9877bf2f722","service+720f1ed7-4d53-4623-8377-a9877bf2f722@no-reply.base44.com","false"
"stripe_fees","69f6261577278f600ed8ca2e","[BACKFILL] Frais Stripe prélevés — 4.88$","stripe_balance","69f9e18debd4035c36d4d150","488","","488","DEC-FRAIS","","","5100","2026-05-05T12:24:45.028Z","pi_3TSlvLChRZW5v2uy1H8GFp9i","0","CAD","69f2706d181676bbd6e82a5e","credit","69f9e18db6595eeff352195f","2026-05-05T12:24:45.676000","2026-05-05T18:00:28.574000","service_720f1ed7-4d53-4623-8377-a9877bf2f722","service+720f1ed7-4d53-4623-8377-a9877bf2f722@no-reply.base44.com","false"
"stripe_fees","69f6261577278f600ed8ca2e","[BACKFILL] Frais Stripe — 4.88$","stripe_fees_expense","69f9e18db6595eeff352195f","488","","0","DEC-FRAIS","","","6110","2026-05-05T12:24:45.028Z","pi_3TSlvLChRZW5v2uy1H8GFp9i","488","CAD","69f2706d181676bbd6e82a5e","debit","69f9e18debd4035c36d4d150","2026-05-05T12:24:45.517000","2026-05-05T18:00:28.814000","service_720f1ed7-4d53-4623-8377-a9877bf2f722","service+720f1ed7-4d53-4623-8377-a9877bf2f722@no-reply.base44.com","false"
"commission_earned","69f6261577278f600ed8ca2e","[BACKFILL] Commission MR HT — 14.12$ (11.40%)","commission_revenue","","1412","","1412","ANA-COMMISSION","","","7110","2026-05-05T12:24:45.028Z","pi_3TSlvLChRZW5v2uy1H8GFp9i","0","CAD","69f2706d181676bbd6e82a5e","credit","69f9e18d4b00ec5f014a98e1","2026-05-05T12:24:45.345000","2026-05-05T18:00:31.084000","service_720f1ed7-4d53-4623-8377-a9877bf2f722","service+720f1ed7-4d53-4623-8377-a9877bf2f722@no-reply.base44.com","false"
"talent_payable","69f6261577278f600ed8ca2e","[BACKFILL] Cachet talent — 109.77$ (taux 88.6%)","talent_payable","","10977","","10977","ANA-TALENT","","","4310","2026-05-05T12:24:45.028Z","pi_3TSlvLChRZW5v2uy1H8GFp9i","0","CAD","69f2706d181676bbd6e82a5e","credit","69f9e18ddf1432c42a698551","2026-05-05T12:24:45.184000","2026-05-05T18:00:31.271000","service_720f1ed7-4d53-4623-8377-a9877bf2f722","service+720f1ed7-4d53-4623-8377-a9877bf2f722@no-reply.base44.com","false"
"commission_earned","69f61a9031cab8fcbbdbbf37","[BACKFILL] Commission MR HT — 4.97$ (11.40%)","commission_revenue","","497","","497","ANA-COMMISSION","","","7110","2026-05-05T12:24:44.138Z","pi_3TSnYxChRZW5v2uy0rMAUvug","0","CAD","","credit","69f9e18c4a62cf45c6ffd780","2026-05-05T12:24:44.409000","2026-05-05T18:00:31.459000","service_720f1ed7-4d53-4623-8377-a9877bf2f722","service+720f1ed7-4d53-4623-8377-a9877bf2f722@no-reply.base44.com","false"
"talent_payable","69f61a9031cab8fcbbdbbf37","[BACKFILL] Cachet talent — 38.59$ (taux 88.6%)","talent_payable","","3859","","3859","ANA-TALENT","","","4310","2026-05-05T12:24:44.138Z","pi_3TSnYxChRZW5v2uy0rMAUvug","0","CAD","","credit","69f9e18c3036fad98772e93e","2026-05-05T12:24:44.262000","2026-05-05T18:00:31.668000","service_720f1ed7-4d53-4623-8377-a9877bf2f722","service+720f1ed7-4d53-4623-8377-a9877bf2f722@no-reply.base44.com","false"
"stripe_fees","69f69253ae23482e8f256790","[BACKFILL] Frais Stripe prélevés — 1.21$","stripe_balance","69f9e18b45f5daf02edc4759","121","","121","DEC-FRAIS","","","5100","2026-05-05T12:24:42.470Z","pi_3TSnjtChRZW5v2uy1C6dCSl1","0","CAD","69f218c618cc26dee7ae01ce","credit","69f9e18be39459bf1ed6a5a6","2026-05-05T12:24:43.203000","2026-05-05T18:00:33.513000","service_720f1ed7-4d53-4623-8377-a9877bf2f722","service+720f1ed7-4d53-4623-8377-a9877bf2f722@no-reply.base44.com","false"
"stripe_fees","69f69253ae23482e8f256790","[BACKFILL] Frais Stripe — 1.21$","stripe_fees_expense","69f9e18be39459bf1ed6a5a6","121","","0","DEC-FRAIS","","","6110","2026-05-05T12:24:42.470Z","pi_3TSnjtChRZW5v2uy1C6dCSl1","121","CAD","69f218c618cc26dee7ae01ce","debit","69f9e18b45f5daf02edc4759","2026-05-05T12:24:43.020000","2026-05-05T18:00:33.813000","service_720f1ed7-4d53-4623-8377-a9877bf2f722","service+720f1ed7-4d53-4623-8377-a9877bf2f722@no-reply.base44.com","false"
"commission_earned","69f69253ae23482e8f256790","[BACKFILL] Commission MR HT — 2.81$ (11.40%)","commission_revenue","","281","","281","ANA-COMMISSION","","","7110","2026-05-05T12:24:42.470Z","pi_3TSnjtChRZW5v2uy1C6dCSl1","0","CAD","69f218c618cc26dee7ae01ce","credit","69f9e18a31997c23c126abe2","2026-05-05T12:24:42.860000","2026-05-05T18:00:34.024000","service_720f1ed7-4d53-4623-8377-a9877bf2f722","service+720f1ed7-4d53-4623-8377-a9877bf2f722@no-reply.base44.com","false"
"talent_payable","69f69253ae23482e8f256790","[BACKFILL] Cachet talent — 21.80$ (taux 88.6%)","talent_payable","","2180","","2180","ANA-TALENT","","","4310","2026-05-05T12:24:42.470Z","pi_3TSnjtChRZW5v2uy1C6dCSl1","0","CAD","69f218c618cc26dee7ae01ce","credit","69f9e18a808a773857d2bd54","2026-05-05T12:24:42.624000","2026-05-05T18:00:34.254000","service_720f1ed7-4d53-4623-8377-a9877bf2f722","service+720f1ed7-4d53-4623-8377-a9877bf2f722@no-reply.base44.com","false"
"stripe_fees","69f69253ae23482e8f256790","[BACKFILL] Frais Stripe prélevés — 3.91$","stripe_balance","69f9e1895facda407f94a298","391","","391","DEC-FRAIS","","","5100","2026-05-05T12:24:40.842Z","pi_3TSnkrChRZW5v2uy0ZGWQXXL","0","CAD","69f218c618cc26dee7ae01ce","credit","69f9e18927902a0eb098e48b","2026-05-05T12:24:41.477000","2026-05-05T18:00:34.481000","service_720f1ed7-4d53-4623-8377-a9877bf2f722","service+720f1ed7-4d53-4623-8377-a9877bf2f722@no-reply.base44.com","false"
"stripe_fees","69f69253ae23482e8f256790","[BACKFILL] Frais Stripe — 3.91$","stripe_fees_expense","69f9e18927902a0eb098e48b","391","","0","DEC-FRAIS","","","6110","2026-05-05T12:24:40.842Z","pi_3TSnkrChRZW5v2uy0ZGWQXXL","391","CAD","69f218c618cc26dee7ae01ce","debit","69f9e1895facda407f94a298","2026-05-05T12:24:41.277000","2026-05-05T18:00:34.849000","service_720f1ed7-4d53-4623-8377-a9877bf2f722","service+720f1ed7-4d53-4623-8377-a9877bf2f722@no-reply.base44.com","false"
"commission_earned","69f69253ae23482e8f256790","[BACKFILL] Commission MR HT — 11.12$ (11.40%)","commission_revenue","","1112","","1112","ANA-COMMISSION","","","7110","2026-05-05T12:24:40.842Z","pi_3TSnkrChRZW5v2uy0ZGWQXXL","0","CAD","69f218c618cc26dee7ae01ce","credit","69f9e189b901f2ef7565778a","2026-05-05T12:24:41.116000","2026-05-05T18:14:21.958000","service_720f1ed7-4d53-4623-8377-a9877bf2f722","service+720f1ed7-4d53-4623-8377-a9877bf2f722@no-reply.base44.com","false"
"talent_payable","69f69253ae23482e8f256790","[BACKFILL] Cachet talent — 86.41$ (taux 88.6%)","talent_payable","","8641","","8641","ANA-TALENT","","","4310","2026-05-05T12:24:40.842Z","pi_3TSnkrChRZW5v2uy0ZGWQXXL","0","CAD","69f218c618cc26dee7ae01ce","credit","69f9e1883b77accbe8395b74","2026-05-05T12:24:40.965000","2026-05-05T18:14:22.189000","service_720f1ed7-4d53-4623-8377-a9877bf2f722","service+720f1ed7-4d53-4623-8377-a9877bf2f722@no-reply.base44.com","false"
"commission_earned","69f74283836e62b5bf65c905","[BACKFILL] Commission MR HT — 4.73$ (11.40%)","commission_revenue","","473","","473","ANA-COMMISSION","","","7120","2026-05-05T12:24:39.790Z","pi_3TSzOqChRZW5v2uy13iLHn8M","0","CAD","69f62dd4479edabdf08b12ee","credit","69f9e18860be078a296eb6d1","2026-05-05T12:24:40.176000","2026-05-05T18:14:22.418000","service_720f1ed7-4d53-4623-8377-a9877bf2f722","service+720f1ed7-4d53-4623-8377-a9877bf2f722@no-reply.base44.com","false"
"talent_payable","69f74283836e62b5bf65c905","[BACKFILL] Cachet talent — 36.77$ (taux 88.6%)","talent_payable","","3677","","3677","ANA-TALENT","","","4320","2026-05-05T12:24:39.790Z","pi_3TSzOqChRZW5v2uy13iLHn8M","0","CAD","69f62dd4479edabdf08b12ee","credit","69f9e187dc1b3e466b0afb8b","2026-05-05T12:24:39.954000","2026-05-05T18:14:22.644000","service_720f1ed7-4d53-4623-8377-a9877bf2f722","service+720f1ed7-4d53-4623-8377-a9877bf2f722@no-reply.base44.com","false"
"stripe_fees","69f74283836e62b5bf65c905","[BACKFILL] Frais Stripe prélevés — 6.41$","stripe_balance","69f9e186f02af0d23e2e0c7a","641","","641","DEC-FRAIS","","","5100","2026-05-05T12:24:38.265Z","pi_3TSzPsChRZW5v2uy1LiX2JDp","0","CAD","69f62dd4479edabdf08b12ee","credit","69f9e186640e53941f8b46e4","2026-05-05T12:24:38.875000","2026-05-05T18:14:22.922000","service_720f1ed7-4d53-4623-8377-a9877bf2f722","service+720f1ed7-4d53-4623-8377-a9877bf2f722@no-reply.base44.com","false"
"stripe_fees","69f74283836e62b5bf65c905","[BACKFILL] Frais Stripe — 6.41$","stripe_fees_expense","69f9e186640e53941f8b46e4","641","","0","DEC-FRAIS","","","6110","2026-05-05T12:24:38.265Z","pi_3TSzPsChRZW5v2uy1LiX2JDp","641","CAD","69f62dd4479edabdf08b12ee","debit","69f9e186f02af0d23e2e0c7a","2026-05-05T12:24:38.711000","2026-05-05T18:14:23.134000","service_720f1ed7-4d53-4623-8377-a9877bf2f722","service+720f1ed7-4d53-4623-8377-a9877bf2f722@no-reply.base44.com","false"
"commission_earned","69f74283836e62b5bf65c905","[BACKFILL] Commission MR HT — 18.82$ (11.40%)","commission_revenue","","1882","","1882","ANA-COMMISSION","","","7120","2026-05-05T12:24:38.265Z","pi_3TSzPsChRZW5v2uy1LiX2JDp","0","CAD","69f62dd4479edabdf08b12ee","credit","69f9e186c79852ba24374d9c","2026-05-05T12:24:38.560000","2026-05-05T18:14:23.345000","service_720f1ed7-4d53-4623-8377-a9877bf2f722","service+720f1ed7-4d53-4623-8377-a9877bf2f722@no-reply.base44.com","false"
"talent_payable","69f74283836e62b5bf65c905","[BACKFILL] Cachet talent — 146.27$ (taux 88.6%)","talent_payable","","14627","","14627","ANA-TALENT","","","4320","2026-05-05T12:24:38.265Z","pi_3TSzPsChRZW5v2uy1LiX2JDp","0","CAD","69f62dd4479edabdf08b12ee","credit","69f9e186dc1b3e466b0afb89","2026-05-05T12:24:38.399000","2026-05-05T18:14:23.525000","service_720f1ed7-4d53-4623-8377-a9877bf2f722","service+720f1ed7-4d53-4623-8377-a9877bf2f722@no-reply.base44.com","false"
"commission_earned","69f74d9a94e6705490a1dfca","[BACKFILL] Commission MR HT — 2.38$ (11.40%)","commission_revenue","","238","","238","ANA-COMMISSION","","","7110","2026-05-05T12:24:37.345Z","pi_3TT06GChRZW5v2uy03oV8pVz","0","CAD","","credit","69f9e1856b1c311d2e625f92","2026-05-05T12:24:37.677000","2026-05-05T18:14:23.703000","service_720f1ed7-4d53-4623-8377-a9877bf2f722","service+720f1ed7-4d53-4623-8377-a9877bf2f722@no-reply.base44.com","false"
"talent_payable","69f74d9a94e6705490a1dfca","[BACKFILL] Cachet talent — 18.53$ (taux 88.6%)","talent_payable","","1853","","1853","ANA-TALENT","","","4310","2026-05-05T12:24:37.345Z","pi_3TT06GChRZW5v2uy03oV8pVz","0","CAD","","credit","69f9e185abbbcce11b144627","2026-05-05T12:24:37.495000","2026-05-05T18:14:23.892000","service_720f1ed7-4d53-4623-8377-a9877bf2f722","service+720f1ed7-4d53-4623-8377-a9877bf2f722@no-reply.base44.com","false"
"commission_earned","69f74e5f1c0bf0580ac178ea","[BACKFILL] Commission MR HT — 4.73$ (11.40%)","commission_revenue","","473","","473","ANA-COMMISSION","","","7110","2026-05-05T12:24:36.425Z","pi_3TT09fChRZW5v2uy1Vmc8YKp","0","CAD","","credit","69f9e18446b46d448b919935","2026-05-05T12:24:36.738000","2026-05-05T18:00:41.386000","service_720f1ed7-4d53-4623-8377-a9877bf2f722","service+720f1ed7-4d53-4623-8377-a9877bf2f722@no-reply.base44.com","false"
"talent_payable","69f74e5f1c0bf0580ac178ea","[BACKFILL] Cachet talent — 36.77$ (taux 88.6%)","talent_payable","","3677","","3677","ANA-TALENT","","","4310","2026-05-05T12:24:36.425Z","pi_3TT09fChRZW5v2uy1Vmc8YKp","0","CAD","","credit","69f9e18459db422b4718d180","2026-05-05T12:24:36.574000","2026-05-05T18:00:41.610000","service_720f1ed7-4d53-4623-8377-a9877bf2f722","service+720f1ed7-4d53-4623-8377-a9877bf2f722@no-reply.base44.com","false"
"stripe_fees","69f75180ac78024b59cd0de7","[BACKFILL] Frais Stripe prélevés — 2.14$","stripe_balance","69f9e183d0fe8c93f87426cc","214","","214","DEC-FRAIS","","","5100","2026-05-05T12:24:34.858Z","pi_3TT0QhChRZW5v2uy1JDttTEQ","0","CAD","69f218c618cc26dee7ae01ce","credit","69f9e183c6a09f967acdabe6","2026-05-05T12:24:35.474000","2026-05-05T18:00:41.960000","service_720f1ed7-4d53-4623-8377-a9877bf2f722","service+720f1ed7-4d53-4623-8377-a9877bf2f722@no-reply.base44.com","false"
"stripe_fees","69f75180ac78024b59cd0de7","[BACKFILL] Frais Stripe — 2.14$","stripe_fees_expense","69f9e183c6a09f967acdabe6","214","","0","DEC-FRAIS","","","6110","2026-05-05T12:24:34.858Z","pi_3TT0QhChRZW5v2uy1JDttTEQ","214","CAD","69f218c618cc26dee7ae01ce","debit","69f9e183d0fe8c93f87426cc","2026-05-05T12:24:35.320000","2026-05-05T18:00:42.264000","service_720f1ed7-4d53-4623-8377-a9877bf2f722","service+720f1ed7-4d53-4623-8377-a9877bf2f722@no-reply.base44.com","false"
"commission_earned","69f75180ac78024b59cd0de7","[BACKFILL] Commission MR HT — 5.67$ (11.40%)","commission_revenue","","567","","567","ANA-COMMISSION","","","7110","2026-05-05T12:24:34.858Z","pi_3TT0QhChRZW5v2uy1JDttTEQ","0","CAD","69f218c618cc26dee7ae01ce","credit","69f9e18333b137f4bb1e9999","2026-05-05T12:24:35.155000","2026-05-05T18:00:42.485000","service_720f1ed7-4d53-4623-8377-a9877bf2f722","service+720f1ed7-4d53-4623-8377-a9877bf2f722@no-reply.base44.com","false"
"talent_payable","69f75180ac78024b59cd0de7","[BACKFILL] Cachet talent — 44.07$ (taux 88.6%)","talent_payable","","4407","","4407","ANA-TALENT","","","4310","2026-05-05T12:24:34.858Z","pi_3TT0QhChRZW5v2uy1JDttTEQ","0","CAD","69f218c618cc26dee7ae01ce","credit","69f9e182d99370b4fd865ceb","2026-05-05T12:24:34.997000","2026-05-05T18:00:42.680000","service_720f1ed7-4d53-4623-8377-a9877bf2f722","service+720f1ed7-4d53-4623-8377-a9877bf2f722@no-reply.base44.com","false"
"stripe_fees","69f75180ac78024b59cd0de7","[BACKFILL] Frais Stripe prélevés — 7.63$","stripe_balance","69f9e181a82fdc3ce9df38df","763","","763","DEC-FRAIS","","","5100","2026-05-05T12:24:33.314Z","pi_3TT0RrChRZW5v2uy0K3BAnCA","0","CAD","69f218c618cc26dee7ae01ce","credit","69f9e181eca462f5e3beec44","2026-05-05T12:24:33.906000","2026-05-05T18:14:26.093000","service_720f1ed7-4d53-4623-8377-a9877bf2f722","service+720f1ed7-4d53-4623-8377-a9877bf2f722@no-reply.base44.com","false"
"stripe_fees","69f75180ac78024b59cd0de7","[BACKFILL] Frais Stripe — 7.63$","stripe_fees_expense","69f9e181eca462f5e3beec44","763","","0","DEC-FRAIS","","","6110","2026-05-05T12:24:33.314Z","pi_3TT0RrChRZW5v2uy0K3BAnCA","763","CAD","69f218c618cc26dee7ae01ce","debit","69f9e181a82fdc3ce9df38df","2026-05-05T12:24:33.741000","2026-05-05T18:00:43.067000","service_720f1ed7-4d53-4623-8377-a9877bf2f722","service+720f1ed7-4d53-4623-8377-a9877bf2f722@no-reply.base44.com","false"
"commission_earned","69f75180ac78024b59cd0de7","[BACKFILL] Commission MR HT — 22.58$ (11.40%)","commission_revenue","","2258","","2258","ANA-COMMISSION","","","7110","2026-05-05T12:24:33.314Z","pi_3TT0RrChRZW5v2uy0K3BAnCA","0","CAD","69f218c618cc26dee7ae01ce","credit","69f9e181b31425fcd88a4770","2026-05-05T12:24:33.584000","2026-05-05T18:14:26.310000","service_720f1ed7-4d53-4623-8377-a9877bf2f722","service+720f1ed7-4d53-4623-8377-a9877bf2f722@no-reply.base44.com","false"
"talent_payable","69f75180ac78024b59cd0de7","[BACKFILL] Cachet talent — 175.46$ (taux 88.6%)","talent_payable","","17546","","17546","ANA-TALENT","","","4310","2026-05-05T12:24:33.314Z","pi_3TT0RrChRZW5v2uy0K3BAnCA","0","CAD","69f218c618cc26dee7ae01ce","credit","69f9e181181703428220f7de","2026-05-05T12:24:33.434000","2026-05-05T18:00:43.454000","service_720f1ed7-4d53-4623-8377-a9877bf2f722","service+720f1ed7-4d53-4623-8377-a9877bf2f722@no-reply.base44.com","false"
"stripe_fees","69f77a1c312b74a9460d126c","[BACKFILL] Frais Stripe prélevés — 1.68$","stripe_balance","69f9e180e556e58b0b008b30","168","","168","DEC-FRAIS","","","5100","2026-05-05T12:24:31.519Z","pi_3TT37AChRZW5v2uy1MnYjTE8","0","CAD","69f62dd4479edabdf08b12ee","credit","69f9e180cc44ac113d476440","2026-05-05T12:24:32.214000","2026-05-05T18:00:45.898000","service_720f1ed7-4d53-4623-8377-a9877bf2f722","service+720f1ed7-4d53-4623-8377-a9877bf2f722@no-reply.base44.com","false"
"stripe_fees","69f77a1c312b74a9460d126c","[BACKFILL] Frais Stripe — 1.68$","stripe_fees_expense","69f9e180cc44ac113d476440","168","","0","DEC-FRAIS","","","6110","2026-05-05T12:24:31.519Z","pi_3TT37AChRZW5v2uy1MnYjTE8","168","CAD","69f62dd4479edabdf08b12ee","debit","69f9e180e556e58b0b008b30","2026-05-05T12:24:32.038000","2026-05-05T18:00:46.257000","service_720f1ed7-4d53-4623-8377-a9877bf2f722","service+720f1ed7-4d53-4623-8377-a9877bf2f722@no-reply.base44.com","false"
"commission_earned","69f77a1c312b74a9460d126c","[BACKFILL] Commission MR HT — 4.26$ (11.40%)","commission_revenue","","426","","426","ANA-COMMISSION","","","7110","2026-05-05T12:24:31.519Z","pi_3TT37AChRZW5v2uy1MnYjTE8","0","CAD","69f62dd4479edabdf08b12ee","credit","69f9e17f11f8c52ccfb44e69","2026-05-05T12:24:31.873000","2026-05-05T18:14:26.507000","service_720f1ed7-4d53-4623-8377-a9877bf2f722","service+720f1ed7-4d53-4623-8377-a9877bf2f722@no-reply.base44.com","false"
"talent_payable","69f77a1c312b74a9460d126c","[BACKFILL] Cachet talent — 33.12$ (taux 88.6%)","talent_payable","","3312","","3312","ANA-TALENT","","","4310","2026-05-05T12:24:31.519Z","pi_3TT37AChRZW5v2uy1MnYjTE8","0","CAD","69f62dd4479edabdf08b12ee","credit","69f9e17f620eb3a8a3c81cd1","2026-05-05T12:24:31.688000","2026-05-05T18:14:26.708000","service_720f1ed7-4d53-4623-8377-a9877bf2f722","service+720f1ed7-4d53-4623-8377-a9877bf2f722@no-reply.base44.com","false"
"stripe_fees","69f77a1c312b74a9460d126c","[BACKFILL] Frais Stripe prélevés — 5.80$","stripe_balance","69f9e17e8343dd53b94bcfb5","580","","580","DEC-FRAIS","","","5100","2026-05-05T12:24:29.663Z","pi_3TT38EChRZW5v2uy0DKkmGaN","0","CAD","69f62dd4479edabdf08b12ee","credit","69f9e17e2c1c3aea23b50d7e","2026-05-05T12:24:30.476000","2026-05-05T18:00:47.547000","service_720f1ed7-4d53-4623-8377-a9877bf2f722","service+720f1ed7-4d53-4623-8377-a9877bf2f722@no-reply.base44.com","false"
"stripe_fees","69f77a1c312b74a9460d126c","[BACKFILL] Frais Stripe — 5.80$","stripe_fees_expense","69f9e17e2c1c3aea23b50d7e","580","","0","DEC-FRAIS","","","6110","2026-05-05T12:24:29.663Z","pi_3TT38EChRZW5v2uy0DKkmGaN","580","CAD","69f62dd4479edabdf08b12ee","debit","69f9e17e8343dd53b94bcfb5","2026-05-05T12:24:30.277000","2026-05-05T18:00:47.776000","service_720f1ed7-4d53-4623-8377-a9877bf2f722","service+720f1ed7-4d53-4623-8377-a9877bf2f722@no-reply.base44.com","false"
"commission_earned","69f77a1c312b74a9460d126c","[BACKFILL] Commission MR HT — 16.94$ (11.40%)","commission_revenue","","1694","","1694","ANA-COMMISSION","","","7110","2026-05-05T12:24:29.663Z","pi_3TT38EChRZW5v2uy0DKkmGaN","0","CAD","69f62dd4479edabdf08b12ee","credit","69f9e17e534fdd78995e9a49","2026-05-05T12:24:30.097000","2026-05-05T18:00:48.050000","service_720f1ed7-4d53-4623-8377-a9877bf2f722","service+720f1ed7-4d53-4623-8377-a9877bf2f722@no-reply.base44.com","false"
"talent_payable","69f77a1c312b74a9460d126c","[BACKFILL] Cachet talent — 131.66$ (taux 88.6%)","talent_payable","","13166","","13166","ANA-TALENT","","","4310","2026-05-05T12:24:29.663Z","pi_3TT38EChRZW5v2uy0DKkmGaN","0","CAD","69f62dd4479edabdf08b12ee","credit","69f9e17d6ff5c70f16be447d","2026-05-05T12:24:29.904000","2026-05-05T18:14:26.907000","service_720f1ed7-4d53-4623-8377-a9877bf2f722","service+720f1ed7-4d53-4623-8377-a9877bf2f722@no-reply.base44.com","false"
"stripe_fees","69f9059341ae2adfeef80403","[BACKFILL] Frais Stripe prélevés — 1.07$","stripe_balance","69f9e17cd99370b4fd865ce7","107","","107","DEC-FRAIS","","","5100","2026-05-05T12:24:28.014Z","pi_3TTTQBChRZW5v2uy0RpDCAE7","0","CAD","69f2739b8a9489588db01d2c","credit","69f9e17ccce682980d9c377c","2026-05-05T12:24:28.682000","2026-05-05T18:00:48.662000","service_720f1ed7-4d53-4623-8377-a9877bf2f722","service+720f1ed7-4d53-4623-8377-a9877bf2f722@no-reply.base44.com","false"
"stripe_fees","69f9059341ae2adfeef80403","[BACKFILL] Frais Stripe — 1.07$","stripe_fees_expense","69f9e17ccce682980d9c377c","107","","0","DEC-FRAIS","","","6110","2026-05-05T12:24:28.014Z","pi_3TTTQBChRZW5v2uy0RpDCAE7","107","CAD","69f2739b8a9489588db01d2c","debit","69f9e17cd99370b4fd865ce7","2026-05-05T12:24:28.517000","2026-05-05T18:00:48.969000","service_720f1ed7-4d53-4623-8377-a9877bf2f722","service+720f1ed7-4d53-4623-8377-a9877bf2f722@no-reply.base44.com","false"
"commission_earned","69f9059341ae2adfeef80403","[BACKFILL] Commission MR HT — 2.38$ (11.40%)","commission_revenue","","238","","238","ANA-COMMISSION","","","7110","2026-05-05T12:24:28.014Z","pi_3TTTQBChRZW5v2uy0RpDCAE7","0","CAD","69f2739b8a9489588db01d2c","credit","69f9e17c78fb0ffe31dc48e5","2026-05-05T12:24:28.324000","2026-05-05T18:00:51.171000","service_720f1ed7-4d53-4623-8377-a9877bf2f722","service+720f1ed7-4d53-4623-8377-a9877bf2f722@no-reply.base44.com","false"
"talent_payable","69f9059341ae2adfeef80403","[BACKFILL] Cachet talent — 18.53$ (taux 88.6%)","talent_payable","","1853","","1853","ANA-TALENT","","","4310","2026-05-05T12:24:28.014Z","pi_3TTTQBChRZW5v2uy0RpDCAE7","0","CAD","69f2739b8a9489588db01d2c","credit","69f9e17cc58f9fc87b9817b9","2026-05-05T12:24:28.161000","2026-05-05T18:00:51.579000","service_720f1ed7-4d53-4623-8377-a9877bf2f722","service+720f1ed7-4d53-4623-8377-a9877bf2f722@no-reply.base44.com","false"
"stripe_fees","69f9059341ae2adfeef80403","[BACKFILL] Frais Stripe prélevés — 3.36$","stripe_balance","69f9e17a5a2129c25b4054a8","336","","336","DEC-FRAIS","","","5100","2026-05-05T12:24:26.325Z","pi_3TTTQuChRZW5v2uy0ypCohKm","0","CAD","69f2739b8a9489588db01d2c","credit","69f9e17a84487e511c055ab0","2026-05-05T12:24:26.980000","2026-05-05T18:00:51.904000","service_720f1ed7-4d53-4623-8377-a9877bf2f722","service+720f1ed7-4d53-4623-8377-a9877bf2f722@no-reply.base44.com","false"
"stripe_fees","69f9059341ae2adfeef80403","[BACKFILL] Frais Stripe — 3.36$","stripe_fees_expense","69f9e17a84487e511c055ab0","336","","0","DEC-FRAIS","","","6110","2026-05-05T12:24:26.325Z","pi_3TTTQuChRZW5v2uy0ypCohKm","336","CAD","69f2739b8a9489588db01d2c","debit","69f9e17a5a2129c25b4054a8","2026-05-05T12:24:26.822000","2026-05-05T18:00:52.128000","service_720f1ed7-4d53-4623-8377-a9877bf2f722","service+720f1ed7-4d53-4623-8377-a9877bf2f722@no-reply.base44.com","false"
"commission_earned","69f9059341ae2adfeef80403","[BACKFILL] Commission MR HT — 9.43$ (11.40%)","commission_revenue","","943","","943","ANA-COMMISSION","","","7110","2026-05-05T12:24:26.325Z","pi_3TTTQuChRZW5v2uy0ypCohKm","0","CAD","69f2739b8a9489588db01d2c","credit","69f9e17adb75fdd533e6d166","2026-05-05T12:24:26.636000","2026-05-05T18:00:52.418000","service_720f1ed7-4d53-4623-8377-a9877bf2f722","service+720f1ed7-4d53-4623-8377-a9877bf2f722@no-reply.base44.com","false"
"talent_payable","69f9059341ae2adfeef80403","[BACKFILL] Cachet talent — 73.26$ (taux 88.6%)","talent_payable","","7326","","7326","ANA-TALENT","","","4310","2026-05-05T12:24:26.325Z","pi_3TTTQuChRZW5v2uy0ypCohKm","0","CAD","69f2739b8a9489588db01d2c","credit","69f9e17a43ecbf62287e6a7e","2026-05-05T12:24:26.449000","2026-05-05T18:00:53.006000","service_720f1ed7-4d53-4623-8377-a9877bf2f722","service+720f1ed7-4d53-4623-8377-a9877bf2f722@no-reply.base44.com","false"
"escrow_released","69f9059341ae2adfeef80403","Escrow libéré — event 69f9059341ae2adfeef80403 — 20.91$ CAD [Cr stripe_balance]","stripe_balance","69f9068300e6f11e5f48cc61","2091","","2091","INT-ESCROW","","","5100","2026-05-04T20:50:10.993Z","pi_3TTTQBChRZW5v2uy0RpDCAE7","0","CAD","","credit","69f906836c775416afa6a761","2026-05-04T20:50:11.439000","2026-05-05T18:00:53.250000","service_720f1ed7-4d53-4623-8377-a9877bf2f722","service+720f1ed7-4d53-4623-8377-a9877bf2f722@no-reply.base44.com","false"
"escrow_released","69f9059341ae2adfeef80403","Escrow libéré — event 69f9059341ae2adfeef80403 — 20.91$ CAD [Dr escrow_liability]","escrow_liability","69f906836c775416afa6a761","2091","","0","INT-ESCROW","","","4310","2026-05-04T20:50:10.993Z","pi_3TTTQBChRZW5v2uy0RpDCAE7","2091","CAD","","debit","69f9068300e6f11e5f48cc61","2026-05-04T20:50:11.202000","2026-05-05T18:00:53.488000","service_720f1ed7-4d53-4623-8377-a9877bf2f722","service+720f1ed7-4d53-4623-8377-a9877bf2f722@no-reply.base44.com","false"
"deposit_captured","69f9059341ae2adfeef80403","Dépôt capturé — event 69f9059341ae2adfeef80403 — 20.91$ CAD [Cr stripe_clearing]","stripe_clearing","69f9068287aaf27d938e0af0","2091","","2091","INT-CAPTURE","","","5200","2026-05-04T20:50:09.984Z","pi_3TTTQBChRZW5v2uy0RpDCAE7","0","CAD","","credit","69f906827e2e373fbfd20ecc","2026-05-04T20:50:10.458000","2026-05-05T18:14:27.082000","service_720f1ed7-4d53-4623-8377-a9877bf2f722","service+720f1ed7-4d53-4623-8377-a9877bf2f722@no-reply.base44.com","false"
"deposit_captured","69f9059341ae2adfeef80403","Dépôt capturé — event 69f9059341ae2adfeef80403 — 20.91$ CAD [Dr stripe_balance]","stripe_balance","69f906827e2e373fbfd20ecc","2091","","0","INT-CAPTURE","","","5100","2026-05-04T20:50:09.984Z","pi_3TTTQBChRZW5v2uy0RpDCAE7","2091","CAD","","debit","69f9068287aaf27d938e0af0","2026-05-04T20:50:10.193000","2026-05-05T18:00:53.926000","service_720f1ed7-4d53-4623-8377-a9877bf2f722","service+720f1ed7-4d53-4623-8377-a9877bf2f722@no-reply.base44.com","false"
"balance_received","69f9059341ae2adfeef80403","Balance 80% reçue — event 69f9059341ae2adfeef80403 ""test classic taxe 2"" — 82.69$ CAD [Cr balance_liability]","balance_liability","69f90675a900a3bc59409cf9","8269","","8269","ENC-BALANCE","","","4310","2026-05-04T20:49:56.889Z","pi_3TTTQuChRZW5v2uy0ypCohKm","0","CAD","69f2739b8a9489588db01d2c","credit","69f906758cffd54ba5f704bb","2026-05-04T20:49:57.381000","2026-05-05T18:00:56.113000","service_720f1ed7-4d53-4623-8377-a9877bf2f722","service+720f1ed7-4d53-4623-8377-a9877bf2f722@no-reply.base44.com","false"
"balance_received","69f9059341ae2adfeef80403","Balance 80% reçue — event 69f9059341ae2adfeef80403 ""test classic taxe 2"" — 82.69$ CAD [Dr stripe_balance]","stripe_balance","69f906758cffd54ba5f704bb","8269","","0","ENC-BALANCE","","","5100","2026-05-04T20:49:56.889Z","pi_3TTTQuChRZW5v2uy0ypCohKm","8269","CAD","69f2739b8a9489588db01d2c","debit","69f90675a900a3bc59409cf9","2026-05-04T20:49:57.180000","2026-05-05T18:00:56.325000","service_720f1ed7-4d53-4623-8377-a9877bf2f722","service+720f1ed7-4d53-4623-8377-a9877bf2f722@no-reply.base44.com","false"
"deposit_authorized","69f9059341ae2adfeef80403","Dépôt 20% autorisé (requires_capture) — event 69f9059341ae2adfeef80403 ""test classic taxe 2"" — 20.91$ CAD [Cr escrow_liability]","escrow_liability","69f906471a8c315c536a70df","2091","","2091","ENC-DEPOT","","","4310","2026-05-04T20:49:11.222Z","pi_3TTTQBChRZW5v2uy0RpDCAE7","0","CAD","69f2739b8a9489588db01d2c","credit","69f906477f4df570fba92efa","2026-05-04T20:49:11.601000","2026-05-05T18:00:56.540000","service_720f1ed7-4d53-4623-8377-a9877bf2f722","service+720f1ed7-4d53-4623-8377-a9877bf2f722@no-reply.base44.com","false"
"deposit_authorized","69f9059341ae2adfeef80403","Dépôt 20% autorisé (requires_capture) — event 69f9059341ae2adfeef80403 ""test classic taxe 2"" — 20.91$ CAD [Dr stripe_clearing]","stripe_clearing","69f906477f4df570fba92efa","2091","","0","ENC-DEPOT","","","5200","2026-05-04T20:49:11.222Z","pi_3TTTQBChRZW5v2uy0RpDCAE7","2091","CAD","69f2739b8a9489588db01d2c","debit","69f906471a8c315c536a70df","2026-05-04T20:49:11.324000","2026-05-05T18:00:56.754000","service_720f1ed7-4d53-4623-8377-a9877bf2f722","service+720f1ed7-4d53-4623-8377-a9877bf2f722@no-reply.base44.com","false"
"escrow_released","69f77a1c312b74a9460d126c","Escrow libéré — event 69f77a1c312b74a9460d126c — 37.38$ CAD [Cr stripe_balance]","stripe_balance","69f77ba8ceb7b06635fc221e","3738","","3738","INT-ESCROW","","","5100","2026-05-03T16:45:28.044Z","pi_3TT37AChRZW5v2uy1MnYjTE8","0","CAD","","credit","69f77ba8312b74a9460d135d","2026-05-03T16:45:28.498000","2026-05-05T18:00:56.938000","service_720f1ed7-4d53-4623-8377-a9877bf2f722","service+720f1ed7-4d53-4623-8377-a9877bf2f722@no-reply.base44.com","false"
"escrow_released","69f77a1c312b74a9460d126c","Escrow libéré — event 69f77a1c312b74a9460d126c — 37.38$ CAD [Dr escrow_liability]","escrow_liability","69f77ba8312b74a9460d135d","3738","","0","INT-ESCROW","","","4310","2026-05-03T16:45:28.044Z","pi_3TT37AChRZW5v2uy1MnYjTE8","3738","CAD","","debit","69f77ba8ceb7b06635fc221e","2026-05-03T16:45:28.194000","2026-05-05T18:00:57.141000","service_720f1ed7-4d53-4623-8377-a9877bf2f722","service+720f1ed7-4d53-4623-8377-a9877bf2f722@no-reply.base44.com","false"
"deposit_captured","69f77a1c312b74a9460d126c","Dépôt capturé — event 69f77a1c312b74a9460d126c — 37.38$ CAD [Cr stripe_clearing]","stripe_clearing","69f77ba752c0d4cb9aa1165c","3738","","3738","INT-CAPTURE","","","5200","2026-05-03T16:45:27.192Z","pi_3TT37AChRZW5v2uy1MnYjTE8","0","CAD","","credit","69f77ba73e7847e860b87ffe","2026-05-03T16:45:27.606000","2026-05-05T18:14:27.306000","service_720f1ed7-4d53-4623-8377-a9877bf2f722","service+720f1ed7-4d53-4623-8377-a9877bf2f722@no-reply.base44.com","false"
"deposit_captured","69f77a1c312b74a9460d126c","Dépôt capturé — event 69f77a1c312b74a9460d126c — 37.38$ CAD [Dr stripe_balance]","stripe_balance","69f77ba73e7847e860b87ffe","3738","","0","INT-CAPTURE","","","5100","2026-05-03T16:45:27.192Z","pi_3TT37AChRZW5v2uy1MnYjTE8","3738","CAD","","debit","69f77ba752c0d4cb9aa1165c","2026-05-03T16:45:27.402000","2026-05-05T18:00:57.564000","service_720f1ed7-4d53-4623-8377-a9877bf2f722","service+720f1ed7-4d53-4623-8377-a9877bf2f722@no-reply.base44.com","false"
"balance_received","69f77a1c312b74a9460d126c","Balance 80% reçue — event 69f77a1c312b74a9460d126c ""tesat 130 - MULTI TALENT ( 1 NO SHOW )"" — 148.60$ CAD [Cr balance_liability]","balance_liability","69f77b81cfdef761f25078b5","14860","","14860","ENC-BALANCE","","","4310","2026-05-03T16:44:49.023Z","pi_3TT38EChRZW5v2uy0DKkmGaN","0","CAD","69f62dd4479edabdf08b12ee","credit","69f77b81736d3a9078ae7cf6","2026-05-03T16:44:49.280000","2026-05-05T18:00:57.823000","service_720f1ed7-4d53-4623-8377-a9877bf2f722","service+720f1ed7-4d53-4623-8377-a9877bf2f722@no-reply.base44.com","false"
"balance_received","69f77a1c312b74a9460d126c","Balance 80% reçue — event 69f77a1c312b74a9460d126c ""tesat 130 - MULTI TALENT ( 1 NO SHOW )"" — 148.60$ CAD [Dr stripe_balance]","stripe_balance","69f77b81736d3a9078ae7cf6","14860","","0","ENC-BALANCE","","","5100","2026-05-03T16:44:49.023Z","pi_3TT38EChRZW5v2uy0DKkmGaN","14860","CAD","69f62dd4479edabdf08b12ee","debit","69f77b81cfdef761f25078b5","2026-05-03T16:44:49.108000","2026-05-05T18:00:58.078000","service_720f1ed7-4d53-4623-8377-a9877bf2f722","service+720f1ed7-4d53-4623-8377-a9877bf2f722@no-reply.base44.com","false"
"deposit_authorized","69f77a1c312b74a9460d126c","Dépôt 20% autorisé (requires_capture) — event 69f77a1c312b74a9460d126c ""tesat 130 - MULTI TALENT ( 1 NO SHOW )"" — 37.38$ CAD [Cr escrow_liability]","escrow_liability","69f77b45f9a97e87e3b70a29","3738","","3738","ENC-DEPOT","","","4310","2026-05-03T16:43:49.571Z","pi_3TT37AChRZW5v2uy1MnYjTE8","0","CAD","69f62dd4479edabdf08b12ee","credit","69f77b45fe6514a013c24572","2026-05-03T16:43:49.901000","2026-05-05T18:01:00.285000","service_720f1ed7-4d53-4623-8377-a9877bf2f722","service+720f1ed7-4d53-4623-8377-a9877bf2f722@no-reply.base44.com","false"
"deposit_authorized","69f77a1c312b74a9460d126c","Dépôt 20% autorisé (requires_capture) — event 69f77a1c312b74a9460d126c ""tesat 130 - MULTI TALENT ( 1 NO SHOW )"" — 37.38$ CAD [Dr stripe_clearing]","stripe_clearing","69f77b45fe6514a013c24572","3738","","0","ENC-DEPOT","","","5200","2026-05-03T16:43:49.571Z","pi_3TT37AChRZW5v2uy1MnYjTE8","3738","CAD","69f62dd4479edabdf08b12ee","debit","69f77b45f9a97e87e3b70a29","2026-05-03T16:43:49.726000","2026-05-05T18:01:00.569000","service_720f1ed7-4d53-4623-8377-a9877bf2f722","service+720f1ed7-4d53-4623-8377-a9877bf2f722@no-reply.base44.com","false"
"escrow_released","69f75180ac78024b59cd0de7","Escrow libéré — event 69f75180ac78024b59cd0de7 — 49.74$ CAD [Cr stripe_balance]","stripe_balance","69f755b038bba479461c8650","4974","","4974","INT-ESCROW","","","5100","2026-05-03T14:03:28.732Z","pi_3TT0QhChRZW5v2uy1JDttTEQ","0","CAD","","credit","69f755b13bd6562df319e2c4","2026-05-03T14:03:29.038000","2026-05-05T18:01:01.555000","service_720f1ed7-4d53-4623-8377-a9877bf2f722","service+720f1ed7-4d53-4623-8377-a9877bf2f722@no-reply.base44.com","false"
"escrow_released","69f75180ac78024b59cd0de7","Escrow libéré — event 69f75180ac78024b59cd0de7 — 49.74$ CAD [Dr escrow_liability]","escrow_liability","69f755b13bd6562df319e2c4","4974","","0","INT-ESCROW","","","4310","2026-05-03T14:03:28.732Z","pi_3TT0QhChRZW5v2uy1JDttTEQ","4974","CAD","","debit","69f755b038bba479461c8650","2026-05-03T14:03:28.859000","2026-05-05T18:01:01.857000","service_720f1ed7-4d53-4623-8377-a9877bf2f722","service+720f1ed7-4d53-4623-8377-a9877bf2f722@no-reply.base44.com","false"
"deposit_captured","69f75180ac78024b59cd0de7","Dépôt capturé — event 69f75180ac78024b59cd0de7 — 49.74$ CAD [Cr stripe_clearing]","stripe_clearing","69f755af82be46d1a0be5c76","4974","","4974","INT-CAPTURE","","","5200","2026-05-03T14:03:27.467Z","pi_3TT0QhChRZW5v2uy1JDttTEQ","0","CAD","","credit","69f755af47ec8d544cd18714","2026-05-03T14:03:27.954000","2026-05-05T18:01:02.145000","service_720f1ed7-4d53-4623-8377-a9877bf2f722","service+720f1ed7-4d53-4623-8377-a9877bf2f722@no-reply.base44.com","false"
"deposit_captured","69f75180ac78024b59cd0de7","Dépôt capturé — event 69f75180ac78024b59cd0de7 — 49.74$ CAD [Dr stripe_balance]","stripe_balance","69f755af47ec8d544cd18714","4974","","0","INT-CAPTURE","","","5100","2026-05-03T14:03:27.467Z","pi_3TT0QhChRZW5v2uy1JDttTEQ","4974","CAD","","debit","69f755af82be46d1a0be5c76","2026-05-03T14:03:27.702000","2026-05-05T18:01:02.394000","service_720f1ed7-4d53-4623-8377-a9877bf2f722","service+720f1ed7-4d53-4623-8377-a9877bf2f722@no-reply.base44.com","false"
"balance_received","69f75180ac78024b59cd0de7","Balance 80% reçue — event 69f75180ac78024b59cd0de7 ""test 124 - SCÉNARIO 6 — MULTI-TALENTS (non testé)"" — 198.04$ CAD [Cr balance_liability]","balance_liability","69f7533c3638292cd8d21181","19804","","19804","ENC-BALANCE","","","4310","2026-05-03T13:53:00.377Z","pi_3TT0RrChRZW5v2uy0K3BAnCA","0","CAD","69f218c618cc26dee7ae01ce","credit","69f7533cfd897b206c0e0546","2026-05-03T13:53:00.688000","2026-05-05T18:01:02.732000","service_720f1ed7-4d53-4623-8377-a9877bf2f722","service+720f1ed7-4d53-4623-8377-a9877bf2f722@no-reply.base44.com","false"
"balance_received","69f75180ac78024b59cd0de7","Balance 80% reçue — event 69f75180ac78024b59cd0de7 ""test 124 - SCÉNARIO 6 — MULTI-TALENTS (non testé)"" — 198.04$ CAD [Dr stripe_balance]","stripe_balance","69f7533cfd897b206c0e0546","19804","","0","ENC-BALANCE","","","5100","2026-05-03T13:53:00.377Z","pi_3TT0RrChRZW5v2uy0K3BAnCA","19804","CAD","69f218c618cc26dee7ae01ce","debit","69f7533c3638292cd8d21181","2026-05-03T13:53:00.526000","2026-05-05T18:01:03.109000","service_720f1ed7-4d53-4623-8377-a9877bf2f722","service+720f1ed7-4d53-4623-8377-a9877bf2f722@no-reply.base44.com","false"
"deposit_authorized","69f75180ac78024b59cd0de7","Dépôt 20% autorisé (requires_capture) — event 69f75180ac78024b59cd0de7 ""test 124 - SCÉNARIO 6 — MULTI-TALENTS (non testé)"" — 49.74$ CAD [Cr escrow_liability]","escrow_liability","69f752f404ab8196fe09655b","4974","","4974","ENC-DEPOT","","","4310","2026-05-03T13:51:48.190Z","pi_3TT0QhChRZW5v2uy1JDttTEQ","0","CAD","69f218c618cc26dee7ae01ce","credit","69f752f458d1b803f70cebe2","2026-05-03T13:51:48.526000","2026-05-05T18:01:03.354000","service_720f1ed7-4d53-4623-8377-a9877bf2f722","service+720f1ed7-4d53-4623-8377-a9877bf2f722@no-reply.base44.com","false"
"deposit_authorized","69f75180ac78024b59cd0de7","Dépôt 20% autorisé (requires_capture) — event 69f75180ac78024b59cd0de7 ""test 124 - SCÉNARIO 6 — MULTI-TALENTS (non testé)"" — 49.74$ CAD [Dr stripe_clearing]","stripe_clearing","69f752f458d1b803f70cebe2","4974","","0","ENC-DEPOT","","","5200","2026-05-03T13:51:48.190Z","pi_3TT0QhChRZW5v2uy1JDttTEQ","4974","CAD","69f218c618cc26dee7ae01ce","debit","69f752f404ab8196fe09655b","2026-05-03T13:51:48.342000","2026-05-05T18:01:03.636000","service_720f1ed7-4d53-4623-8377-a9877bf2f722","service+720f1ed7-4d53-4623-8377-a9877bf2f722@no-reply.base44.com","false"
"deposit_authorized","69f74e5f1c0bf0580ac178ea","Dépôt 20% autorisé (requires_capture) — event 69f74e5f1c0bf0580ac178ea ""test 123 - SCÉNARIO 4 — BALANCE NON PAYÉE À J-7 (cancelUnpaidBalances)"" — 41.50$ CAD [Cr escrow_liability]","escrow_liability","69f74ed46ad70a47439d1fb7","4150","","4150","ENC-DEPOT","","","4310","2026-05-03T13:34:12.755Z","pi_3TT09fChRZW5v2uy1Vmc8YKp","0","CAD","","credit","69f74ed55f3e25c851d6e47e","2026-05-03T13:34:13.094000","2026-05-05T18:01:05.862000","service_720f1ed7-4d53-4623-8377-a9877bf2f722","service+720f1ed7-4d53-4623-8377-a9877bf2f722@no-reply.base44.com","false"
"deposit_authorized","69f74e5f1c0bf0580ac178ea","Dépôt 20% autorisé (requires_capture) — event 69f74e5f1c0bf0580ac178ea ""test 123 - SCÉNARIO 4 — BALANCE NON PAYÉE À J-7 (cancelUnpaidBalances)"" — 41.50$ CAD [Dr stripe_clearing]","stripe_clearing","69f74ed55f3e25c851d6e47e","4150","","0","ENC-DEPOT","","","5200","2026-05-03T13:34:12.755Z","pi_3TT09fChRZW5v2uy1Vmc8YKp","4150","CAD","","debit","69f74ed46ad70a47439d1fb7","2026-05-03T13:34:12.914000","2026-05-05T18:01:06.042000","service_720f1ed7-4d53-4623-8377-a9877bf2f722","service+720f1ed7-4d53-4623-8377-a9877bf2f722@no-reply.base44.com","false"
"deposit_authorized","69f74d9a94e6705490a1dfca","Dépôt 20% autorisé (requires_capture) — event 69f74d9a94e6705490a1dfca ""test 122 - SCÉNARIO 4 — BALANCE NON PAYÉE À J-7 (cancelUnpaidBalances)"" — 20.91$ CAD [Cr escrow_liability]","escrow_liability","69f74e00f9f3cd42d3194cbf","2091","","2091","ENC-DEPOT","","","4310","2026-05-03T13:30:40.139Z","pi_3TT06GChRZW5v2uy03oV8pVz","0","CAD","","credit","69f74e00c0441efe9d1474bf","2026-05-03T13:30:40.506000","2026-05-05T18:01:06.237000","service_720f1ed7-4d53-4623-8377-a9877bf2f722","service+720f1ed7-4d53-4623-8377-a9877bf2f722@no-reply.base44.com","false"
"deposit_authorized","69f74d9a94e6705490a1dfca","Dépôt 20% autorisé (requires_capture) — event 69f74d9a94e6705490a1dfca ""test 122 - SCÉNARIO 4 — BALANCE NON PAYÉE À J-7 (cancelUnpaidBalances)"" — 20.91$ CAD [Dr stripe_clearing]","stripe_clearing","69f74e00c0441efe9d1474bf","2091","","0","ENC-DEPOT","","","5200","2026-05-03T13:30:40.139Z","pi_3TT06GChRZW5v2uy03oV8pVz","2091","CAD","","debit","69f74e00f9f3cd42d3194cbf","2026-05-03T13:30:40.301000","2026-05-05T18:01:06.461000","service_720f1ed7-4d53-4623-8377-a9877bf2f722","service+720f1ed7-4d53-4623-8377-a9877bf2f722@no-reply.base44.com","false"
"balance_received","69f74283836e62b5bf65c905","Balance 80% reçue — event 69f74283836e62b5bf65c905 ""test 121"" — 165.09$ CAD [Cr balance_liability]","balance_liability","69f743ba5612543697e4d5df","16509","","16509","ENC-BALANCE","","","4320","2026-05-03T12:46:49.764Z","pi_3TSzPsChRZW5v2uy1LiX2JDp","0","CAD","69f62dd4479edabdf08b12ee","credit","69f743ba9c88222c3f2445fe","2026-05-03T12:46:50.266000","2026-05-05T18:01:06.716000","service_720f1ed7-4d53-4623-8377-a9877bf2f722","service+720f1ed7-4d53-4623-8377-a9877bf2f722@no-reply.base44.com","false"
"balance_received","69f74283836e62b5bf65c905","Balance 80% reçue — event 69f74283836e62b5bf65c905 ""test 121"" — 165.09$ CAD [Dr stripe_balance]","stripe_balance","69f743ba9c88222c3f2445fe","16509","","0","ENC-BALANCE","","","5100","2026-05-03T12:46:49.764Z","pi_3TSzPsChRZW5v2uy1LiX2JDp","16509","CAD","69f62dd4479edabdf08b12ee","debit","69f743ba5612543697e4d5df","2026-05-03T12:46:50.042000","2026-05-05T18:01:06.916000","service_720f1ed7-4d53-4623-8377-a9877bf2f722","service+720f1ed7-4d53-4623-8377-a9877bf2f722@no-reply.base44.com","false"
"deposit_authorized","69f74283836e62b5bf65c905","Dépôt 20% autorisé (requires_capture) — event 69f74283836e62b5bf65c905 ""test 121"" — 41.50$ CAD [Cr escrow_liability]","escrow_liability","69f7437c9ea9b45be6762a8d","4150","","4150","ENC-DEPOT","","","4320","2026-05-03T12:45:48.608Z","pi_3TSzOqChRZW5v2uy13iLHn8M","0","CAD","69f62dd4479edabdf08b12ee","credit","69f7437d3e828fe1ec070396","2026-05-03T12:45:49.005000","2026-05-05T18:14:27.509000","service_720f1ed7-4d53-4623-8377-a9877bf2f722","service+720f1ed7-4d53-4623-8377-a9877bf2f722@no-reply.base44.com","false"
"deposit_authorized","69f74283836e62b5bf65c905","Dépôt 20% autorisé (requires_capture) — event 69f74283836e62b5bf65c905 ""test 121"" — 41.50$ CAD [Dr stripe_clearing]","stripe_clearing","69f7437d3e828fe1ec070396","4150","","0","ENC-DEPOT","","","5200","2026-05-03T12:45:48.608Z","pi_3TSzOqChRZW5v2uy13iLHn8M","4150","CAD","69f62dd4479edabdf08b12ee","debit","69f7437c9ea9b45be6762a8d","2026-05-03T12:45:48.783000","2026-05-05T18:14:27.692000","service_720f1ed7-4d53-4623-8377-a9877bf2f722","service+720f1ed7-4d53-4623-8377-a9877bf2f722@no-reply.base44.com","false"
"escrow_released","69f69253ae23482e8f256790","Escrow libéré — event 69f69253ae23482e8f256790 — 24.61$ CAD [Cr stripe_balance]","stripe_balance","69f694b8f183ec9840713249","2461","","2461","INT-ESCROW","","","5100","2026-05-03T00:20:08.036Z","pi_3TSnjtChRZW5v2uy1C6dCSl1","0","CAD","","credit","69f694b8115c8f1863f9aa39","2026-05-03T00:20:08.578000","2026-05-05T18:14:27.886000","service_720f1ed7-4d53-4623-8377-a9877bf2f722","service+720f1ed7-4d53-4623-8377-a9877bf2f722@no-reply.base44.com","false"
"escrow_released","69f69253ae23482e8f256790","Escrow libéré — event 69f69253ae23482e8f256790 — 24.61$ CAD [Dr escrow_liability]","escrow_liability","69f694b8115c8f1863f9aa39","2461","","0","INT-ESCROW","","","4310","2026-05-03T00:20:08.036Z","pi_3TSnjtChRZW5v2uy1C6dCSl1","2461","CAD","","debit","69f694b8f183ec9840713249","2026-05-03T00:20:08.279000","2026-05-05T18:14:30.148000","service_720f1ed7-4d53-4623-8377-a9877bf2f722","service+720f1ed7-4d53-4623-8377-a9877bf2f722@no-reply.base44.com","false"
"deposit_captured","69f69253ae23482e8f256790","Dépôt capturé — event 69f69253ae23482e8f256790 — 24.61$ CAD [Cr stripe_clearing]","stripe_clearing","69f694b774907bf8eec203c7","2461","","2461","INT-CAPTURE","","","5200","2026-05-03T00:20:07.195Z","pi_3TSnjtChRZW5v2uy1C6dCSl1","0","CAD","","credit","69f694b7612b47a44289bdf1","2026-05-03T00:20:07.570000","2026-05-05T18:01:10.116000","service_720f1ed7-4d53-4623-8377-a9877bf2f722","service+720f1ed7-4d53-4623-8377-a9877bf2f722@no-reply.base44.com","false"
"deposit_captured","69f69253ae23482e8f256790","Dépôt capturé — event 69f69253ae23482e8f256790 — 24.61$ CAD [Dr stripe_balance]","stripe_balance","69f694b7612b47a44289bdf1","2461","","0","INT-CAPTURE","","","5100","2026-05-03T00:20:07.195Z","pi_3TSnjtChRZW5v2uy1C6dCSl1","2461","CAD","","debit","69f694b774907bf8eec203c7","2026-05-03T00:20:07.390000","2026-05-05T18:14:30.424000","service_720f1ed7-4d53-4623-8377-a9877bf2f722","service+720f1ed7-4d53-4623-8377-a9877bf2f722@no-reply.base44.com","false"
"balance_received","69f69253ae23482e8f256790","Balance 80% reçue — event 69f69253ae23482e8f256790 ""test 116"" — 97.53$ CAD [Cr balance_liability]","balance_liability","69f6949e28e3ffd3e699aae8","9753","","9753","ENC-BALANCE","","","4310","2026-05-03T00:19:42.285Z","pi_3TSnkrChRZW5v2uy0ZGWQXXL","0","CAD","69f218c618cc26dee7ae01ce","credit","69f6949ed4f68ab005291d06","2026-05-03T00:19:42.653000","2026-05-05T18:14:30.692000","service_720f1ed7-4d53-4623-8377-a9877bf2f722","service+720f1ed7-4d53-4623-8377-a9877bf2f722@no-reply.base44.com","false"
"balance_received","69f69253ae23482e8f256790","Balance 80% reçue — event 69f69253ae23482e8f256790 ""test 116"" — 97.53$ CAD [Dr stripe_balance]","stripe_balance","69f6949ed4f68ab005291d06","9753","","0","ENC-BALANCE","","","5100","2026-05-03T00:19:42.285Z","pi_3TSnkrChRZW5v2uy0ZGWQXXL","9753","CAD","69f218c618cc26dee7ae01ce","debit","69f6949e28e3ffd3e699aae8","2026-05-03T00:19:42.460000","2026-05-05T18:14:30.890000","service_720f1ed7-4d53-4623-8377-a9877bf2f722","service+720f1ed7-4d53-4623-8377-a9877bf2f722@no-reply.base44.com","false"
"deposit_authorized","69f69253ae23482e8f256790","Dépôt 20% autorisé (requires_capture) — event 69f69253ae23482e8f256790 ""test 116"" — 24.61$ CAD [Cr escrow_liability]","escrow_liability","69f69465c525e39523d46dce","2461","","2461","ENC-DEPOT","","","4310","2026-05-03T00:18:45.770Z","pi_3TSnjtChRZW5v2uy1C6dCSl1","0","CAD","69f218c618cc26dee7ae01ce","credit","69f69466361ad8039de01a6d","2026-05-03T00:18:46.107000","2026-05-05T18:01:10.988000","service_720f1ed7-4d53-4623-8377-a9877bf2f722","service+720f1ed7-4d53-4623-8377-a9877bf2f722@no-reply.base44.com","false"
"deposit_authorized","69f69253ae23482e8f256790","Dépôt 20% autorisé (requires_capture) — event 69f69253ae23482e8f256790 ""test 116"" — 24.61$ CAD [Dr stripe_clearing]","stripe_clearing","69f69466361ad8039de01a6d","2461","","0","ENC-DEPOT","","","5200","2026-05-03T00:18:45.770Z","pi_3TSnjtChRZW5v2uy1C6dCSl1","2461","CAD","69f218c618cc26dee7ae01ce","debit","69f69465c525e39523d46dce","2026-05-03T00:18:45.925000","2026-05-05T18:01:11.183000","service_720f1ed7-4d53-4623-8377-a9877bf2f722","service+720f1ed7-4d53-4623-8377-a9877bf2f722@no-reply.base44.com","false"
"deposit_authorized","69f61a9031cab8fcbbdbbf37","Dépôt 20% autorisé (requires_capture) — event 69f61a9031cab8fcbbdbbf37 ""test 106"" — 43.56$ CAD [Cr escrow_liability]","escrow_liability","69f691c1d40bed7a4f4553fa","4356","","4356","ENC-DEPOT","","","4310","2026-05-03T00:07:29.767Z","pi_3TSnYxChRZW5v2uy0rMAUvug","0","CAD","","credit","69f691c2426ee9d4a5086aaf","2026-05-03T00:07:30.063000","2026-05-05T18:01:11.509000","service_720f1ed7-4d53-4623-8377-a9877bf2f722","service+720f1ed7-4d53-4623-8377-a9877bf2f722@no-reply.base44.com","false"
"deposit_authorized","69f61a9031cab8fcbbdbbf37","Dépôt 20% autorisé (requires_capture) — event 69f61a9031cab8fcbbdbbf37 ""test 106"" — 43.56$ CAD [Dr stripe_clearing]","stripe_clearing","69f691c2426ee9d4a5086aaf","4356","","0","ENC-DEPOT","","","5200","2026-05-03T00:07:29.767Z","pi_3TSnYxChRZW5v2uy0rMAUvug","4356","CAD","","debit","69f691c1d40bed7a4f4553fa","2026-05-03T00:07:29.914000","2026-05-05T18:01:11.745000","service_720f1ed7-4d53-4623-8377-a9877bf2f722","service+720f1ed7-4d53-4623-8377-a9877bf2f722@no-reply.base44.com","false"
"escrow_released","69f6261577278f600ed8ca2e","Escrow libéré — event 69f6261577278f600ed8ca2e — 31.20$ CAD [Cr stripe_balance]","stripe_balance","69f679495eb40d650c106f2f","3120","","3120","INT-ESCROW","","","5100","2026-05-02T22:23:05.027Z","pi_3TSlt8ChRZW5v2uy17BmqI5B","0","CAD","","credit","69f6794994e5191cdb65d0c4","2026-05-02T22:23:05.419000","2026-05-05T18:01:11.946000","service_720f1ed7-4d53-4623-8377-a9877bf2f722","service+720f1ed7-4d53-4623-8377-a9877bf2f722@no-reply.base44.com","false"
"escrow_released","69f6261577278f600ed8ca2e","Escrow libéré — event 69f6261577278f600ed8ca2e — 31.20$ CAD [Dr escrow_liability]","escrow_liability","69f6794994e5191cdb65d0c4","3120","","0","INT-ESCROW","","","4310","2026-05-02T22:23:05.027Z","pi_3TSlt8ChRZW5v2uy17BmqI5B","3120","CAD","","debit","69f679495eb40d650c106f2f","2026-05-02T22:23:05.209000","2026-05-05T18:14:31.082000","service_720f1ed7-4d53-4623-8377-a9877bf2f722","service+720f1ed7-4d53-4623-8377-a9877bf2f722@no-reply.base44.com","false"
"deposit_captured","69f6261577278f600ed8ca2e","Dépôt capturé — event 69f6261577278f600ed8ca2e — 31.20$ CAD [Cr stripe_clearing]","stripe_clearing","69f67948780f549232ff2358","3120","","3120","INT-CAPTURE","","","5200","2026-05-02T22:23:04.005Z","pi_3TSlt8ChRZW5v2uy17BmqI5B","0","CAD","","credit","69f67948a439b6de15d0a7d4","2026-05-02T22:23:04.503000","2026-05-05T18:01:14.588000","service_720f1ed7-4d53-4623-8377-a9877bf2f722","service+720f1ed7-4d53-4623-8377-a9877bf2f722@no-reply.base44.com","false"
"deposit_captured","69f6261577278f600ed8ca2e","Dépôt capturé — event 69f6261577278f600ed8ca2e — 31.20$ CAD [Dr stripe_balance]","stripe_balance","69f67948a439b6de15d0a7d4","3120","","0","INT-CAPTURE","","","5100","2026-05-02T22:23:04.005Z","pi_3TSlt8ChRZW5v2uy17BmqI5B","3120","CAD","","debit","69f67948780f549232ff2358","2026-05-02T22:23:04.217000","2026-05-05T18:01:14.907000","service_720f1ed7-4d53-4623-8377-a9877bf2f722","service+720f1ed7-4d53-4623-8377-a9877bf2f722@no-reply.base44.com","false"
"balance_received","69f6261577278f600ed8ca2e","Balance 80% reçue — event 69f6261577278f600ed8ca2e ""test 107"" — 123.89$ CAD [Cr balance_liability]","balance_liability","69f67921eeb1eeaed1ff1e77","12389","","12389","ENC-BALANCE","","","4310","2026-05-02T22:22:25.607Z","pi_3TSlvLChRZW5v2uy1H8GFp9i","0","CAD","69f2706d181676bbd6e82a5e","credit","69f679229b4357c982f10a0b","2026-05-02T22:22:26.044000","2026-05-05T18:01:15.154000","service_720f1ed7-4d53-4623-8377-a9877bf2f722","service+720f1ed7-4d53-4623-8377-a9877bf2f722@no-reply.base44.com","false"
"balance_received","69f6261577278f600ed8ca2e","Balance 80% reçue — event 69f6261577278f600ed8ca2e ""test 107"" — 123.89$ CAD [Dr stripe_balance]","stripe_balance","69f679229b4357c982f10a0b","12389","","0","ENC-BALANCE","","","5100","2026-05-02T22:22:25.607Z","pi_3TSlvLChRZW5v2uy1H8GFp9i","12389","CAD","69f2706d181676bbd6e82a5e","debit","69f67921eeb1eeaed1ff1e77","2026-05-02T22:22:25.811000","2026-05-05T18:01:15.372000","service_720f1ed7-4d53-4623-8377-a9877bf2f722","service+720f1ed7-4d53-4623-8377-a9877bf2f722@no-reply.base44.com","false"
"deposit_authorized","69f6261577278f600ed8ca2e","Dépôt 20% autorisé (requires_capture) — event 69f6261577278f600ed8ca2e ""test 107"" — 31.20$ CAD [Cr escrow_liability]","escrow_liability","69f678a0ee63e6af273b2408","3120","","3120","ENC-DEPOT","","","4310","2026-05-02T22:20:15.882Z","pi_3TSlt8ChRZW5v2uy17BmqI5B","0","CAD","69f2706d181676bbd6e82a5e","credit","69f678a0b93a91973eec57b9","2026-05-02T22:20:16.240000","2026-05-05T18:01:15.573000","service_720f1ed7-4d53-4623-8377-a9877bf2f722","service+720f1ed7-4d53-4623-8377-a9877bf2f722@no-reply.base44.com","false"
"deposit_authorized","69f6261577278f600ed8ca2e","Dépôt 20% autorisé (requires_capture) — event 69f6261577278f600ed8ca2e ""test 107"" — 31.20$ CAD [Dr stripe_clearing]","stripe_clearing","69f678a0b93a91973eec57b9","3120","","0","ENC-DEPOT","","","5200","2026-05-02T22:20:15.882Z","pi_3TSlt8ChRZW5v2uy17BmqI5B","3120","CAD","69f2706d181676bbd6e82a5e","debit","69f678a0ee63e6af273b2408","2026-05-02T22:20:16.051000","2026-05-05T18:14:31.329000","service_720f1ed7-4d53-4623-8377-a9877bf2f722","service+720f1ed7-4d53-4623-8377-a9877bf2f722@no-reply.base44.com","false"
"escrow_released","69f628a58b137f63df8a0790","Escrow libéré — event 69f628a58b137f63df8a0790 — 20.91$ CAD [Cr stripe_balance]","stripe_balance","69f6780824acab3fc62d57a8","2091","","2091","INT-ESCROW","","","5100","2026-05-02T22:17:44.550Z","pi_3TSgaOChRZW5v2uy1bcv8EjI","0","CAD","","credit","69f67808d6c513c6c9982d38","2026-05-02T22:17:44.954000","2026-05-05T18:14:31.509000","service_720f1ed7-4d53-4623-8377-a9877bf2f722","service+720f1ed7-4d53-4623-8377-a9877bf2f722@no-reply.base44.com","false"
"escrow_released","69f628a58b137f63df8a0790","Escrow libéré — event 69f628a58b137f63df8a0790 — 20.91$ CAD [Dr escrow_liability]","escrow_liability","69f67808d6c513c6c9982d38","2091","","0","INT-ESCROW","","","4310","2026-05-02T22:17:44.550Z","pi_3TSgaOChRZW5v2uy1bcv8EjI","2091","CAD","","debit","69f6780824acab3fc62d57a8","2026-05-02T22:17:44.757000","2026-05-05T18:01:16.135000","service_720f1ed7-4d53-4623-8377-a9877bf2f722","service+720f1ed7-4d53-4623-8377-a9877bf2f722@no-reply.base44.com","false"
"deposit_captured","69f628a58b137f63df8a0790","Dépôt capturé — event 69f628a58b137f63df8a0790 — 20.91$ CAD [Cr stripe_clearing]","stripe_clearing","69f6780711e0403b23defb0b","2091","","2091","INT-CAPTURE","","","5200","2026-05-02T22:17:43.647Z","pi_3TSgaOChRZW5v2uy1bcv8EjI","0","CAD","","credit","69f67808654c51ccd27cdc8d","2026-05-02T22:17:44.105000","2026-05-05T18:01:17.750000","service_720f1ed7-4d53-4623-8377-a9877bf2f722","service+720f1ed7-4d53-4623-8377-a9877bf2f722@no-reply.base44.com","false"
"deposit_captured","69f628a58b137f63df8a0790","Dépôt capturé — event 69f628a58b137f63df8a0790 — 20.91$ CAD [Dr stripe_balance]","stripe_balance","69f67808654c51ccd27cdc8d","2091","","0","INT-CAPTURE","","","5100","2026-05-02T22:17:43.647Z","pi_3TSgaOChRZW5v2uy1bcv8EjI","2091","CAD","","debit","69f6780711e0403b23defb0b","2026-05-02T22:17:43.865000","2026-05-05T18:01:18.071000","service_720f1ed7-4d53-4623-8377-a9877bf2f722","service+720f1ed7-4d53-4623-8377-a9877bf2f722@no-reply.base44.com","false"
"balance_received","69f628a58b137f63df8a0790","Balance 80% reçue — event 69f628a58b137f63df8a0790 ""test 108"" — 103.30$ CAD [Cr balance_liability]","balance_liability","69f677f122d2d3720940e4d4","10330","","10330","ENC-BALANCE","","","4310","2026-05-02T22:17:21.193Z","pi_3TSlqSChRZW5v2uy0aw3rfMs","0","CAD","69f218c618cc26dee7ae01ce","credit","69f677f1b84f23266eb223fa","2026-05-02T22:17:21.609000","2026-05-05T18:01:20.309000","service_720f1ed7-4d53-4623-8377-a9877bf2f722","service+720f1ed7-4d53-4623-8377-a9877bf2f722@no-reply.base44.com","false"
"balance_received","69f628a58b137f63df8a0790","Balance 80% reçue — event 69f628a58b137f63df8a0790 ""test 108"" — 103.30$ CAD [Dr stripe_balance]","stripe_balance","69f677f1b84f23266eb223fa","10330","","0","ENC-BALANCE","","","5100","2026-05-02T22:17:21.193Z","pi_3TSlqSChRZW5v2uy0aw3rfMs","10330","CAD","69f218c618cc26dee7ae01ce","debit","69f677f122d2d3720940e4d4","2026-05-02T22:17:21.393000","2026-05-05T18:01:20.493000","service_720f1ed7-4d53-4623-8377-a9877bf2f722","service+720f1ed7-4d53-4623-8377-a9877bf2f722@no-reply.base44.com","false"
"escrow_released","69f634af3f0bc18f639bd7bf","Escrow libéré — event 69f634af3f0bc18f639bd7bf — 20.91$ CAD [Cr stripe_balance]","stripe_balance","69f6360eabd969a8173bc8ae","2091","","2091","INT-ESCROW","","","5100","2026-05-02T17:36:14.747Z","pi_3TShOJChRZW5v2uy13XR7dXr","0","CAD","","credit","69f6360f260c48b1109bac76","2026-05-02T17:36:15.109000","2026-05-05T18:01:20.683000","service_720f1ed7-4d53-4623-8377-a9877bf2f722","service+720f1ed7-4d53-4623-8377-a9877bf2f722@no-reply.base44.com","false"
"escrow_released","69f634af3f0bc18f639bd7bf","Escrow libéré — event 69f634af3f0bc18f639bd7bf — 20.91$ CAD [Dr escrow_liability]","escrow_liability","69f6360f260c48b1109bac76","2091","","0","INT-ESCROW","","","4310","2026-05-02T17:36:14.747Z","pi_3TShOJChRZW5v2uy13XR7dXr","2091","CAD","","debit","69f6360eabd969a8173bc8ae","2026-05-02T17:36:14.922000","2026-05-05T18:01:20.889000","service_720f1ed7-4d53-4623-8377-a9877bf2f722","service+720f1ed7-4d53-4623-8377-a9877bf2f722@no-reply.base44.com","false"
"deposit_captured","69f634af3f0bc18f639bd7bf","Dépôt capturé — event 69f634af3f0bc18f639bd7bf — 20.91$ CAD [Cr stripe_clearing]","stripe_clearing","69f6360eb35ff9509c2d2427","2091","","2091","INT-CAPTURE","","","5200","2026-05-02T17:36:13.859Z","pi_3TShOJChRZW5v2uy13XR7dXr","0","CAD","","credit","69f6360e6927ac7188950b26","2026-05-02T17:36:14.230000","2026-05-05T18:01:21.214000","service_720f1ed7-4d53-4623-8377-a9877bf2f722","service+720f1ed7-4d53-4623-8377-a9877bf2f722@no-reply.base44.com","false"
"deposit_captured","69f634af3f0bc18f639bd7bf","Dépôt capturé — event 69f634af3f0bc18f639bd7bf — 20.91$ CAD [Dr stripe_balance]","stripe_balance","69f6360e6927ac7188950b26","2091","","0","INT-CAPTURE","","","5100","2026-05-02T17:36:13.859Z","pi_3TShOJChRZW5v2uy13XR7dXr","2091","CAD","","debit","69f6360eb35ff9509c2d2427","2026-05-02T17:36:14.063000","2026-05-05T18:01:21.415000","service_720f1ed7-4d53-4623-8377-a9877bf2f722","service+720f1ed7-4d53-4623-8377-a9877bf2f722@no-reply.base44.com","false"
"balance_received","69f634af3f0bc18f639bd7bf","Balance 80% reçue — event 69f634af3f0bc18f639bd7bf ""test 111"" — 82.70$ CAD [Cr balance_liability]","balance_liability","69f63557d021da80d950712d","8270","","8270","ENC-BALANCE","","","4310","2026-05-02T17:33:10.947Z","pi_3TShPSChRZW5v2uy0gsiAtQy","0","CAD","69f218c618cc26dee7ae01ce","credit","69f63557ae23482e8f251cf8","2026-05-02T17:33:11.347000","2026-05-05T18:01:21.614000","service_720f1ed7-4d53-4623-8377-a9877bf2f722","service+720f1ed7-4d53-4623-8377-a9877bf2f722@no-reply.base44.com","false"
"balance_received","69f634af3f0bc18f639bd7bf","Balance 80% reçue — event 69f634af3f0bc18f639bd7bf ""test 111"" — 82.70$ CAD [Dr stripe_balance]","stripe_balance","69f63557ae23482e8f251cf8","8270","","0","ENC-BALANCE","","","5100","2026-05-02T17:33:10.947Z","pi_3TShPSChRZW5v2uy0gsiAtQy","8270","CAD","69f218c618cc26dee7ae01ce","debit","69f63557d021da80d950712d","2026-05-02T17:33:11.148000","2026-05-05T18:01:21.895000","service_720f1ed7-4d53-4623-8377-a9877bf2f722","service+720f1ed7-4d53-4623-8377-a9877bf2f722@no-reply.base44.com","false"
"deposit_authorized","69f634af3f0bc18f639bd7bf","Dépôt 20% autorisé (requires_capture) — event 69f634af3f0bc18f639bd7bf ""test 111"" — 20.91$ CAD [Cr escrow_liability]","escrow_liability","69f6351524b0a32ac4002fe2","2091","","2091","ENC-DEPOT","","","4310","2026-05-02T17:32:05.466Z","pi_3TShOJChRZW5v2uy13XR7dXr","0","CAD","69f218c618cc26dee7ae01ce","credit","69f63515667c1a9549955a74","2026-05-02T17:32:05.768000","2026-05-05T18:01:22.104000","service_720f1ed7-4d53-4623-8377-a9877bf2f722","service+720f1ed7-4d53-4623-8377-a9877bf2f722@no-reply.base44.com","false"
"deposit_authorized","69f634af3f0bc18f639bd7bf","Dépôt 20% autorisé (requires_capture) — event 69f634af3f0bc18f639bd7bf ""test 111"" — 20.91$ CAD [Dr stripe_clearing]","stripe_clearing","69f63515667c1a9549955a74","2091","","0","ENC-DEPOT","","","5200","2026-05-02T17:32:05.466Z","pi_3TShOJChRZW5v2uy13XR7dXr","2091","CAD","69f218c618cc26dee7ae01ce","debit","69f6351524b0a32ac4002fe2","2026-05-02T17:32:05.615000","2026-05-05T18:01:22.318000","service_720f1ed7-4d53-4623-8377-a9877bf2f722","service+720f1ed7-4d53-4623-8377-a9877bf2f722@no-reply.base44.com","false"
"escrow_released","69f62ccbbfe7cfd19437a1f6","Escrow libéré — event 69f62ccbbfe7cfd19437a1f6 — 31.20$ CAD [Cr stripe_balance]","stripe_balance","69f62ebf67dfd4f11c650c62","3120","","3120","INT-ESCROW","","","5100","2026-05-02T17:05:03.688Z","pi_3TSgsVChRZW5v2uy0xRjPssD","0","CAD","","credit","69f62ec08d5e4901f69e43f9","2026-05-02T17:05:04.101000","2026-05-05T18:01:26.589000","service_720f1ed7-4d53-4623-8377-a9877bf2f722","service+720f1ed7-4d53-4623-8377-a9877bf2f722@no-reply.base44.com","false"
"escrow_released","69f62ccbbfe7cfd19437a1f6","Escrow libéré — event 69f62ccbbfe7cfd19437a1f6 — 31.20$ CAD [Dr escrow_liability]","escrow_liability","69f62ec08d5e4901f69e43f9","3120","","0","INT-ESCROW","","","4310","2026-05-02T17:05:03.688Z","pi_3TSgsVChRZW5v2uy0xRjPssD","3120","CAD","","debit","69f62ebf67dfd4f11c650c62","2026-05-02T17:05:03.888000","2026-05-05T18:01:27.076000","service_720f1ed7-4d53-4623-8377-a9877bf2f722","service+720f1ed7-4d53-4623-8377-a9877bf2f722@no-reply.base44.com","false"
"deposit_captured","69f62ccbbfe7cfd19437a1f6","Dépôt capturé — event 69f62ccbbfe7cfd19437a1f6 — 31.20$ CAD [Cr stripe_clearing]","stripe_clearing","69f62ebf8f16be5ec457c318","3120","","3120","INT-CAPTURE","","","5200","2026-05-02T17:05:02.858Z","pi_3TSgsVChRZW5v2uy0xRjPssD","0","CAD","","credit","69f62ebf465ea3adb1bdec8c","2026-05-02T17:05:03.267000","2026-05-05T18:01:27.307000","service_720f1ed7-4d53-4623-8377-a9877bf2f722","service+720f1ed7-4d53-4623-8377-a9877bf2f722@no-reply.base44.com","false"
"deposit_captured","69f62ccbbfe7cfd19437a1f6","Dépôt capturé — event 69f62ccbbfe7cfd19437a1f6 — 31.20$ CAD [Dr stripe_balance]","stripe_balance","69f62ebf465ea3adb1bdec8c","3120","","0","INT-CAPTURE","","","5100","2026-05-02T17:05:02.858Z","pi_3TSgsVChRZW5v2uy0xRjPssD","3120","CAD","","debit","69f62ebf8f16be5ec457c318","2026-05-02T17:05:03.042000","2026-05-05T18:01:27.510000","service_720f1ed7-4d53-4623-8377-a9877bf2f722","service+720f1ed7-4d53-4623-8377-a9877bf2f722@no-reply.base44.com","false"
"balance_received","69f62ccbbfe7cfd19437a1f6","Balance 80% reçue — event 69f62ccbbfe7cfd19437a1f6 ""test 110"" — 123.89$ CAD [Cr balance_liability]","balance_liability","69f62decc39441809b442175","12389","","12389","ENC-BALANCE","","","4310","2026-05-02T17:01:32.157Z","pi_3TSgunChRZW5v2uy11OEpz2V","0","CAD","69f218c618cc26dee7ae01ce","credit","69f62decb147bcad40fc9093","2026-05-02T17:01:32.526000","2026-05-05T18:01:27.724000","service_720f1ed7-4d53-4623-8377-a9877bf2f722","service+720f1ed7-4d53-4623-8377-a9877bf2f722@no-reply.base44.com","false"
"balance_received","69f62ccbbfe7cfd19437a1f6","Balance 80% reçue — event 69f62ccbbfe7cfd19437a1f6 ""test 110"" — 123.89$ CAD [Dr stripe_balance]","stripe_balance","69f62decb147bcad40fc9093","12389","","0","ENC-BALANCE","","","5100","2026-05-02T17:01:32.157Z","pi_3TSgunChRZW5v2uy11OEpz2V","12389","CAD","69f218c618cc26dee7ae01ce","debit","69f62decc39441809b442175","2026-05-02T17:01:32.359000","2026-05-05T18:01:27.937000","service_720f1ed7-4d53-4623-8377-a9877bf2f722","service+720f1ed7-4d53-4623-8377-a9877bf2f722@no-reply.base44.com","false"
"deposit_authorized","69f62ccbbfe7cfd19437a1f6","Dépôt 20% autorisé (requires_capture) — event 69f62ccbbfe7cfd19437a1f6 ""test 110"" — 31.20$ CAD [Cr escrow_liability]","escrow_liability","69f62d5fe5887137fa3d6370","3120","","3120","ENC-DEPOT","","","4310","2026-05-02T16:59:11.669Z","pi_3TSgsVChRZW5v2uy0xRjPssD","0","CAD","69f218c618cc26dee7ae01ce","credit","69f62d60a58b532cde2ee47b","2026-05-02T16:59:12.052000","2026-05-05T18:01:28.123000","service_720f1ed7-4d53-4623-8377-a9877bf2f722","service+720f1ed7-4d53-4623-8377-a9877bf2f722@no-reply.base44.com","false"
"deposit_authorized","69f62ccbbfe7cfd19437a1f6","Dépôt 20% autorisé (requires_capture) — event 69f62ccbbfe7cfd19437a1f6 ""test 110"" — 31.20$ CAD [Dr stripe_clearing]","stripe_clearing","69f62d60a58b532cde2ee47b","3120","","0","ENC-DEPOT","","","5200","2026-05-02T16:59:11.669Z","pi_3TSgsVChRZW5v2uy0xRjPssD","3120","CAD","69f218c618cc26dee7ae01ce","debit","69f62d5fe5887137fa3d6370","2026-05-02T16:59:11.833000","2026-05-05T18:01:28.370000","service_720f1ed7-4d53-4623-8377-a9877bf2f722","service+720f1ed7-4d53-4623-8377-a9877bf2f722@no-reply.base44.com","false"
"deposit_authorized","69f628a58b137f63df8a0790","Dépôt 20% autorisé (requires_capture) — event 69f628a58b137f63df8a0790 ""test 108"" — 20.91$ CAD [Cr escrow_liability]","escrow_liability","69f628fc90452171b3d401e0","2091","","2091","ENC-DEPOT","","","4310","2026-05-02T16:40:27.872Z","pi_3TSgaOChRZW5v2uy1bcv8EjI","0","CAD","69f218c618cc26dee7ae01ce","credit","69f628fc67ea13826b2097d9","2026-05-02T16:40:28.148000","2026-05-05T18:01:28.592000","service_720f1ed7-4d53-4623-8377-a9877bf2f722","service+720f1ed7-4d53-4623-8377-a9877bf2f722@no-reply.base44.com","false"
"deposit_authorized","69f628a58b137f63df8a0790","Dépôt 20% autorisé (requires_capture) — event 69f628a58b137f63df8a0790 ""test 108"" — 20.91$ CAD [Dr stripe_clearing]","stripe_clearing","69f628fc67ea13826b2097d9","2091","","0","ENC-DEPOT","","","5200","2026-05-02T16:40:27.872Z","pi_3TSgaOChRZW5v2uy1bcv8EjI","2091","CAD","69f218c618cc26dee7ae01ce","debit","69f628fc90452171b3d401e0","2026-05-02T16:40:28.008000","2026-05-05T18:01:28.782000","service_720f1ed7-4d53-4623-8377-a9877bf2f722","service+720f1ed7-4d53-4623-8377-a9877bf2f722@no-reply.base44.com","false"
"deposit_authorized","69f6041b11fc961b649e5c6f","Dépôt 20% autorisé (requires_capture) — event 69f6041b11fc961b649e5c6f ""test 104"" — 7.52$ CAD [Cr escrow_liability]","escrow_liability","69f60742b1dcb4962136f282","752","","752","ENC-DEPOT","","","4310","2026-05-02T14:16:34.803Z","pi_3TSeL4ChRZW5v2uy1LmJI6sJ","0","CAD","69f218c618cc26dee7ae01ce","credit","69f60743819b09a7b756a12f","2026-05-02T14:16:35.139000","2026-05-05T18:01:31.081000","service_720f1ed7-4d53-4623-8377-a9877bf2f722","service+720f1ed7-4d53-4623-8377-a9877bf2f722@no-reply.base44.com","false"
"deposit_authorized","69f6041b11fc961b649e5c6f","Dépôt 20% autorisé (requires_capture) — event 69f6041b11fc961b649e5c6f ""test 104"" — 7.52$ CAD [Dr stripe_clearing]","stripe_clearing","69f60743819b09a7b756a12f","752","","0","ENC-DEPOT","","","5200","2026-05-02T14:16:34.803Z","pi_3TSeL4ChRZW5v2uy1LmJI6sJ","752","CAD","69f218c618cc26dee7ae01ce","debit","69f60742b1dcb4962136f282","2026-05-02T14:16:34.951000","2026-05-05T18:01:31.271000","service_720f1ed7-4d53-4623-8377-a9877bf2f722","service+720f1ed7-4d53-4623-8377-a9877bf2f722@no-reply.base44.com","false"
"deposit_authorized","69f5f19663a02779cf4fa08b","Dépôt 20% autorisé (requires_capture) — event 69f5f19663a02779cf4fa08b ""test 102"" — 4.43$ CAD [Cr escrow_liability]","escrow_liability","69f5f55dc3746108038d99d1","443","","443","ENC-DEPOT","","","4310","2026-05-02T13:00:13.314Z","pi_3TSd1cChRZW5v2uy0vGGYY6h","0","CAD","69f2706d181676bbd6e82a5e","credit","69f5f55d56805c2e360b11dc","2026-05-02T13:00:13.618000","2026-05-05T18:01:31.510000","service_720f1ed7-4d53-4623-8377-a9877bf2f722","service+720f1ed7-4d53-4623-8377-a9877bf2f722@no-reply.base44.com","false"
"deposit_authorized","69f5f19663a02779cf4fa08b","Dépôt 20% autorisé (requires_capture) — event 69f5f19663a02779cf4fa08b ""test 102"" — 4.43$ CAD [Dr stripe_clearing]","stripe_clearing","69f5f55d56805c2e360b11dc","443","","0","ENC-DEPOT","","","5200","2026-05-02T13:00:13.314Z","pi_3TSd1cChRZW5v2uy0vGGYY6h","443","CAD","69f2706d181676bbd6e82a5e","debit","69f5f55dc3746108038d99d1","2026-05-02T13:00:13.447000","2026-05-05T18:01:31.790000","service_720f1ed7-4d53-4623-8377-a9877bf2f722","service+720f1ed7-4d53-4623-8377-a9877bf2f722@no-reply.base44.com","false"