actualEndAt,hostUserId,moodFilterSnapshot,lockedAt,launchRequestedAt,sessionType,captainUserId,actualStartAt,startAt,participants,eventId,maxPlayers,scheduledStartAt,minPlayers,referrerId,checkpointLockedAt,totalPresenceCount,audienceCountFrozen,originContext,lobbyOpenedAt,slots,checkpointSystemId,artistCount,sotsSubmittedBy,launchedByUserId,audienceCount,checkpointLockedByUserId,status,id,created_date,updated_date,created_by_id,created_by,is_sample
"","69f2706d181676bbd6e82a5e","{""lineupScenes"":[{""sceneId"":""sc-1"",""label"":""Scène principale"",""icon"":""🎛""}],""lineupSchedule"":[{""plageId"":""p-1"",""label"":""Peak"",""timeStart"":""2027-03-01T10:00:00.000Z"",""timeEnd"":""2027-03-01T13:00:00.000Z""}],""lineupPlacements"":{""SL-69fca7db3897a437cd3ce6ab-0:69f62cd5271164a83828fd92:sc-1:p-1"":{""slotId"":""SL-69fca7db3897a437cd3ce6ab-0"",""userId"":""69f62cd5271164a83828fd92"",""sceneId"":""sc-1"",""plageId"":""p-1"",""roleSystemId"":""RL-000002"",""assignedPrice"":665,""assignedStyleSystemIds"":[],""isPlaced"":true,""_pricingMeta"":{""hourlyRate"":87.12,""workedMin"":180,""requiredMin"":180,""billableMin"":180,""allocationRatio"":1,""blockSize"":1},""_primeMeta"":{""sots"":""+5%"",""xp"":""+4% (niv.6)"",""offreDemande"":""N/A""},""_primeMultiplier"":1.089,""priceIsOverridden"":true,""priceOverridedAt"":""2026-05-07T14:56:03.666Z"",""calculatedPrice"":261,""proposalId"":""69fca8072eaed0e40f10e3e9"",""proposalStatus"":""accepted"",""proposedBy"":""69f2706d181676bbd6e82a5e"",""proposedAt"":""2026-05-07T14:56:03.666Z"",""talentCounterPrice"":665,""talentResponseNote"":null}}}","","","event","","2026-05-07T15:01:17.438Z","","[{""submittedBallot"":false,""roleSystemId"":""RL-000002"",""styleSystemIds"":[],""joinedAt"":""2026-05-07T14:55:39.902Z"",""styleSystemId"":null,""sotsSubmitted"":null,""userId"":""69f62cd5271164a83828fd92"",""isNoShow"":null,""status"":""confirmed""},{""submittedBallot"":false,""roleSystemId"":""RL-ORGANIZER"",""styleSystemIds"":[],""joinedAt"":""2026-05-07T15:01:17.438Z"",""styleSystemId"":null,""sotsSubmitted"":false,""userId"":""69f2706d181676bbd6e82a5e"",""isNoShow"":null,""status"":""confirmed""}]","69fca7dac209ef5fdbe66a06","6","","2","","","5","","","","[{""roleSystemId"":""RL-000002"",""candidateUserId"":""69f62cd5271164a83828fd92"",""confirmedBy"":""69f2706d181676bbd6e82a5e"",""candidateStyleSystemIds"":[],""slotId"":""SL-69fca7db3897a437cd3ce6ab-0"",""confirmedAt"":""2026-05-07T14:55:51.542Z"",""status"":""confirmed""}]","NC-0000000165","4","[]","","0","","in_progress","69fca7db3897a437cd3ce6ab","2026-05-07T14:55:23.995000","2026-05-08T13:38:53.645000","service_720f1ed7-4d53-4623-8377-a9877bf2f722","service+720f1ed7-4d53-4623-8377-a9877bf2f722@no-reply.base44.com","false"
"2026-05-07T14:30:25.944Z","69f62cd5271164a83828fd92","{""lineupScenes"":[{""sceneId"":""sc-1"",""label"":""Scène principale"",""icon"":""🎛""}],""lineupSchedule"":[{""plageId"":""p-1"",""label"":""Warmup"",""timeStart"":""2026-07-07T15:00:00.000Z"",""timeEnd"":""2026-07-07T15:36:00.000Z""},{""plageId"":""p-2"",""label"":""Peak"",""timeStart"":""2026-07-07T15:36:00.000Z"",""timeEnd"":""2026-07-07T17:00:00.000Z""}],""lineupPlacements"":{""SL-69fca07373400e80ce966100-0:69f2706d181676bbd6e82a5e:sc-1:p-1"":{""slotId"":""SL-69fca07373400e80ce966100-0"",""userId"":""69f2706d181676bbd6e82a5e"",""sceneId"":""sc-1"",""plageId"":""p-1"",""roleSystemId"":""RL-000008"",""assignedPrice"":100,""assignedStyleSystemIds"":[],""isPlaced"":true,""_pricingMeta"":{""hourlyRate"":104.24,""workedMin"":36,""requiredMin"":36,""billableMin"":36,""allocationRatio"":1,""blockSize"":1},""_primeMeta"":{""sots"":""+10%"",""xp"":""+3% (niv.5)"",""saison"":""+15%"",""offreDemande"":""N/A""},""_primeMultiplier"":1.303,""priceIsOverridden"":true,""priceOverridedAt"":""2026-05-07T14:24:25.232Z"",""calculatedPrice"":63,""proposalId"":""69fca09cd2b42892e087ce0e"",""proposalStatus"":""accepted"",""proposedBy"":""69f62cd5271164a83828fd92"",""proposedAt"":""2026-05-07T14:24:25.232Z"",""talentCounterPrice"":100,""talentResponseNote"":null}}}","","","event","","2026-05-07T14:29:51.190Z","","[{""submittedBallot"":false,""roleSystemId"":""RL-000008"",""styleSystemIds"":[],""joinedAt"":""2026-05-07T14:24:05.784Z"",""styleSystemId"":null,""sotsSubmitted"":null,""userId"":""69f2706d181676bbd6e82a5e"",""isNoShow"":null,""status"":""confirmed""},{""submittedBallot"":false,""roleSystemId"":""RL-ORGANIZER"",""styleSystemIds"":[],""joinedAt"":""2026-05-07T14:29:51.190Z"",""styleSystemId"":null,""sotsSubmitted"":false,""userId"":""69f62cd5271164a83828fd92"",""isNoShow"":null,""status"":""confirmed""}]","69fca0713d590690d6058ba1","6","","2","","","2","0","","","[{""roleSystemId"":""RL-000008"",""candidateUserId"":""69f2706d181676bbd6e82a5e"",""confirmedBy"":""69f62cd5271164a83828fd92"",""candidateStyleSystemIds"":[],""slotId"":""SL-69fca07373400e80ce966100-0"",""confirmedAt"":""2026-05-07T14:24:13.312Z"",""status"":""confirmed""}]","NC-0000000131","1","[]","","0","","completed","69fca07373400e80ce966100","2026-05-07T14:23:47.697000","2026-05-07T14:30:31.088000","service_720f1ed7-4d53-4623-8377-a9877bf2f722","service+720f1ed7-4d53-4623-8377-a9877bf2f722@no-reply.base44.com","false"
"","69f62cd5271164a83828fd92","{""lineupScenes"":[{""sceneId"":""sc-1"",""label"":""Scène principale"",""icon"":""🎛""}],""lineupSchedule"":[{""plageId"":""p-1"",""label"":""Peak"",""timeStart"":""2026-12-02T17:00:00.000Z"",""timeEnd"":""2026-12-02T23:00:00.000Z""}],""lineupPlacements"":{""SL-69fbe9589a64b1eceaa01786-0:69f2706d181676bbd6e82a5e:sc-1:p-1"":{""slotId"":""SL-69fbe9589a64b1eceaa01786-0"",""userId"":""69f2706d181676bbd6e82a5e"",""sceneId"":""sc-1"",""plageId"":""p-1"",""roleSystemId"":""RL-000005"",""assignedPrice"":920,""assignedStyleSystemIds"":[],""isPlaced"":true,""_pricingMeta"":{""hourlyRate"":98.8,""workedMin"":360,""requiredMin"":360,""billableMin"":360,""allocationRatio"":1,""blockSize"":1},""_primeMeta"":{""sots"":""+5%"",""xp"":""+2% (niv.4)"",""saison"":""+15%"",""offreDemande"":""N/A""},""_primeMultiplier"":1.235,""priceIsOverridden"":true,""priceOverridedAt"":""2026-05-07T01:32:21.320Z"",""calculatedPrice"":593,""proposalId"":""69fbebaa858b73d9da247d05"",""proposalStatus"":""accepted"",""proposedBy"":""69f62cd5271164a83828fd92"",""proposedAt"":""2026-05-07T01:32:21.320Z"",""talentCounterPrice"":null,""talentResponseNote"":null}}}","","","event","","","","[{""submittedBallot"":false,""roleSystemId"":""RL-000005"",""styleSystemIds"":[],""joinedAt"":""2026-05-07T01:27:24.272Z"",""styleSystemId"":null,""sotsSubmitted"":null,""userId"":""69f2706d181676bbd6e82a5e"",""isNoShow"":null,""status"":""confirmed""}]","69fbe957da428e030ab90f22","6","","2","","","","","","","[{""roleSystemId"":""RL-000005"",""candidateUserId"":""69f2706d181676bbd6e82a5e"",""confirmedBy"":""69f62cd5271164a83828fd92"",""candidateStyleSystemIds"":[],""slotId"":""SL-69fbe9589a64b1eceaa01786-0"",""confirmedAt"":""2026-05-07T01:27:44.513Z"",""status"":""confirmed""}]","NC-0000000131","","[]","","","","aborted","69fbe9589a64b1eceaa01786","2026-05-07T01:22:32.816000","2026-05-07T13:21:27.591000","service_720f1ed7-4d53-4623-8377-a9877bf2f722","service+720f1ed7-4d53-4623-8377-a9877bf2f722@no-reply.base44.com","false"
"","69f62cd5271164a83828fd92","{""lineupScenes"":[{""sceneId"":""sc-1"",""label"":""Scène principale"",""icon"":""🎛""}],""lineupSchedule"":[{""plageId"":""p-1"",""label"":""Peak"",""timeStart"":""2027-09-11T16:00:00.000Z"",""timeEnd"":""2027-09-11T18:00:00.000Z""}],""lineupPlacements"":{""SL-69fbe52531ef0b45bf50bc6e-0:69f2739b8a9489588db01d2c:sc-1:p-1"":{""slotId"":""SL-69fbe52531ef0b45bf50bc6e-0"",""userId"":""69f2739b8a9489588db01d2c"",""sceneId"":""sc-1"",""plageId"":""p-1"",""roleSystemId"":""RL-000001"",""assignedPrice"":9260,""assignedStyleSystemIds"":[],""isPlaced"":true,""_pricingMeta"":{""hourlyRate"":195.48,""workedMin"":120,""requiredMin"":120,""billableMin"":120,""allocationRatio"":1,""blockSize"":1},""_primeMeta"":{""sots"":""0%"",""jour"":""+10% (WE)"",""xp"":""+2% (niv.3)"",""offreDemande"":""N/A""},""_primeMultiplier"":1.117,""priceIsOverridden"":true,""priceOverridedAt"":""2026-05-07T01:05:28.472Z"",""calculatedPrice"":391,""proposalId"":""69fbe55b9133b5067bca2335"",""proposalStatus"":""accepted"",""proposedBy"":""69f62cd5271164a83828fd92"",""proposedAt"":""2026-05-07T01:05:28.472Z"",""talentCounterPrice"":9260,""talentResponseNote"":null}}}","","","event","","","","[{""submittedBallot"":false,""roleSystemId"":""RL-000001"",""styleSystemIds"":[],""joinedAt"":""2026-05-07T01:05:09.385Z"",""styleSystemId"":null,""sotsSubmitted"":null,""userId"":""69f2739b8a9489588db01d2c"",""isNoShow"":null,""status"":""confirmed""}]","69fbe524f616000802723a69","6","","2","","","","","","","[{""roleSystemId"":""RL-000001"",""candidateUserId"":""69f2739b8a9489588db01d2c"",""confirmedBy"":""69f62cd5271164a83828fd92"",""candidateStyleSystemIds"":[],""slotId"":""SL-69fbe52531ef0b45bf50bc6e-0"",""confirmedAt"":""2026-05-07T01:05:20.363Z"",""status"":""confirmed""}]","NC-0000000131","","[]","","","","aborted","69fbe52531ef0b45bf50bc6e","2026-05-07T01:04:37.743000","2026-05-07T13:21:36.673000","service_720f1ed7-4d53-4623-8377-a9877bf2f722","service+720f1ed7-4d53-4623-8377-a9877bf2f722@no-reply.base44.com","false"
"2026-05-07T00:43:10.269Z","69f62cd5271164a83828fd92","{""lineupScenes"":[{""sceneId"":""sc-1"",""label"":""Scène principale"",""icon"":""🎛""},{""sceneId"":""sc-1778113456398"",""label"":""Micro"",""icon"":""🎤""}],""lineupSchedule"":[{""plageId"":""p-1"",""label"":""Warmup"",""timeStart"":""2026-07-09T14:00:00.000Z"",""timeEnd"":""2026-07-09T15:30:00.000Z""},{""plageId"":""p-2"",""label"":""Peak"",""timeStart"":""2026-07-09T15:30:00.000Z"",""timeEnd"":""2026-07-09T19:00:00.000Z""}],""lineupPlacements"":{""SL-69fbdbb62a999217b81b51ea-0:69f2739b8a9489588db01d2c:sc-1:p-2"":{""slotId"":""SL-69fbdbb62a999217b81b51ea-0"",""userId"":""69f2739b8a9489588db01d2c"",""sceneId"":""sc-1"",""plageId"":""p-2"",""roleSystemId"":""RL-000001"",""assignedPrice"":9260,""assignedStyleSystemIds"":[],""isPlaced"":true,""_pricingMeta"":{""hourlyRate"":204.23,""workedMin"":210,""requiredMin"":210,""billableMin"":210,""allocationRatio"":1,""blockSize"":1},""_primeMeta"":{""sots"":""0%"",""xp"":""+2% (niv.3)"",""saison"":""+15%"",""offreDemande"":""N/A""},""_primeMultiplier"":1.167,""priceIsOverridden"":true,""priceOverridedAt"":""2026-05-07T00:25:57.291Z"",""calculatedPrice"":715,""proposalId"":""69fbdc180cf5cbfb0b5f4c0c"",""proposalStatus"":""accepted"",""proposedBy"":""69f62cd5271164a83828fd92"",""proposedAt"":""2026-05-07T00:25:57.291Z"",""talentCounterPrice"":9260,""talentResponseNote"":null}}}","","","event","","2026-05-07T00:41:08.328Z","","[{""submittedBallot"":false,""roleSystemId"":""RL-000001"",""styleSystemIds"":[],""joinedAt"":""2026-05-07T00:25:16.369Z"",""styleSystemId"":null,""sotsSubmitted"":null,""userId"":""69f2739b8a9489588db01d2c"",""isNoShow"":null,""status"":""confirmed""},{""submittedBallot"":true,""roleSystemId"":""RL-ORGANIZER"",""styleSystemIds"":[],""joinedAt"":""2026-05-07T00:41:08.328Z"",""styleSystemId"":null,""sotsSubmitted"":true,""userId"":""69f62cd5271164a83828fd92"",""isNoShow"":null,""status"":""confirmed""}]","69fbdbb490d487eed858f63b","6","","2","","","3","1","","","[{""roleSystemId"":""RL-000001"",""candidateUserId"":""69f2739b8a9489588db01d2c"",""confirmedBy"":""69f62cd5271164a83828fd92"",""candidateStyleSystemIds"":[],""slotId"":""SL-69fbdbb62a999217b81b51ea-0"",""confirmedAt"":""2026-05-07T00:25:31.271Z"",""status"":""confirmed""}]","NC-0000000058","1","[""69f218c618cc26dee7ae01ce"",""69f62cd5271164a83828fd92""]","","1","","completed","69fbdbb62a999217b81b51ea","2026-05-07T00:24:22.374000","2026-05-07T01:02:49.801000","service_720f1ed7-4d53-4623-8377-a9877bf2f722","service+720f1ed7-4d53-4623-8377-a9877bf2f722@no-reply.base44.com","false"
"","69f62cd5271164a83828fd92","{""lineupScenes"":[{""sceneId"":""sc-1"",""label"":""Scène principale"",""icon"":""🎛""}],""lineupSchedule"":[{""plageId"":""p-1"",""label"":""Peak"",""timeStart"":""2026-09-05T15:00:00.000Z"",""timeEnd"":""2026-09-05T18:00:00.000Z""}],""lineupPlacements"":{""SL-69fbda86bacae598cfec1368-0:69f2739b8a9489588db01d2c:sc-1:p-1"":{""slotId"":""SL-69fbda86bacae598cfec1368-0"",""userId"":""69f2739b8a9489588db01d2c"",""sceneId"":""sc-1"",""plageId"":""p-1"",""roleSystemId"":""RL-000001"",""assignedPrice"":500,""assignedStyleSystemIds"":[],""isPlaced"":true,""_pricingMeta"":{""hourlyRate"":195.48,""workedMin"":180,""requiredMin"":180,""billableMin"":180,""allocationRatio"":1,""blockSize"":1},""_primeMeta"":{""sots"":""0%"",""jour"":""+10% (WE)"",""xp"":""+2% (niv.3)"",""offreDemande"":""N/A""},""_primeMultiplier"":1.117,""priceIsOverridden"":true,""priceOverridedAt"":""2026-05-07T00:20:33.137Z"",""calculatedPrice"":586,""proposalId"":""69fbdad4313121c04cb574a5"",""proposalStatus"":""accepted"",""proposedBy"":""69f62cd5271164a83828fd92"",""proposedAt"":""2026-05-07T00:20:33.137Z"",""talentCounterPrice"":null,""talentResponseNote"":null}}}","","","event","","","","[{""submittedBallot"":false,""roleSystemId"":""RL-000001"",""styleSystemIds"":[],""joinedAt"":""2026-05-07T00:20:07.023Z"",""styleSystemId"":null,""sotsSubmitted"":null,""userId"":""69f2739b8a9489588db01d2c"",""isNoShow"":null,""status"":""confirmed""},{""submittedBallot"":false,""roleSystemId"":""RL-000001"",""styleSystemIds"":[],""joinedAt"":""2026-05-07T00:23:26.476Z"",""styleSystemId"":null,""sotsSubmitted"":null,""userId"":""69f2706d181676bbd6e82a5e"",""isNoShow"":null,""status"":""lobby""}]","69fbda84410ec6e3f06b0210","6","","2","","","","","","","[{""roleSystemId"":""RL-000001"",""candidateUserId"":""69f2739b8a9489588db01d2c"",""confirmedBy"":""69f62cd5271164a83828fd92"",""candidateStyleSystemIds"":[],""slotId"":""SL-69fbda86bacae598cfec1368-0"",""confirmedAt"":""2026-05-07T00:20:15.349Z"",""status"":""confirmed""}]","NC-0000000208","","[]","","","","aborted","69fbda86bacae598cfec1368","2026-05-07T00:19:18.161000","2026-05-07T13:22:28.959000","service_720f1ed7-4d53-4623-8377-a9877bf2f722","service+720f1ed7-4d53-4623-8377-a9877bf2f722@no-reply.base44.com","false"
"","69f62cd5271164a83828fd92","{""lineupScenes"":[{""sceneId"":""sc-1"",""label"":""Scène principale"",""icon"":""🎛""}],""lineupSchedule"":[{""plageId"":""p-1"",""label"":""Peak"",""timeStart"":""2026-09-02T06:00:00.000Z"",""timeEnd"":""2026-09-02T10:00:00.000Z""}],""lineupPlacements"":{""SL-69fbd536cd4df8c14c59c18e-0:69f2739b8a9489588db01d2c:sc-1:p-1"":{""slotId"":""SL-69fbd536cd4df8c14c59c18e-0"",""userId"":""69f2739b8a9489588db01d2c"",""sceneId"":""sc-1"",""plageId"":""p-1"",""roleSystemId"":""RL-000001"",""assignedPrice"":1000,""assignedStyleSystemIds"":[],""isPlaced"":true,""_pricingMeta"":{""hourlyRate"":177.62,""workedMin"":240,""requiredMin"":240,""billableMin"":240,""allocationRatio"":1,""blockSize"":1},""_primeMeta"":{""sots"":""0%"",""xp"":""+2% (niv.3)"",""offreDemande"":""N/A""},""_primeMultiplier"":1.015,""priceIsOverridden"":true,""priceOverridedAt"":""2026-05-06T23:57:31.249Z"",""calculatedPrice"":710,""proposalId"":""69fbd56e7db0037154bcaff9"",""proposalStatus"":""accepted"",""proposedBy"":""69f62cd5271164a83828fd92"",""proposedAt"":""2026-05-06T23:57:31.249Z"",""talentCounterPrice"":null,""talentResponseNote"":null}}}","","","event","","","","[{""submittedBallot"":false,""roleSystemId"":""RL-000001"",""styleSystemIds"":[""ST-000133""],""joinedAt"":""2026-05-06T23:57:03.663Z"",""styleSystemId"":null,""sotsSubmitted"":null,""userId"":""69f2739b8a9489588db01d2c"",""isNoShow"":null,""status"":""confirmed""}]","69fbd5358907e0adb56c8758","6","","2","","","","","","","[{""roleSystemId"":""RL-000001"",""candidateUserId"":""69f2739b8a9489588db01d2c"",""confirmedBy"":""69f62cd5271164a83828fd92"",""candidateStyleSystemIds"":[""ST-000133""],""slotId"":""SL-69fbd536cd4df8c14c59c18e-0"",""confirmedAt"":""2026-05-06T23:57:20.277Z"",""status"":""confirmed""}]","NC-0000000131","","[]","","","","aborted","69fbd536cd4df8c14c59c18e","2026-05-06T23:56:38.842000","2026-05-07T13:22:19.249000","service_720f1ed7-4d53-4623-8377-a9877bf2f722","service+720f1ed7-4d53-4623-8377-a9877bf2f722@no-reply.base44.com","false"
"","69f62cd5271164a83828fd92","{""lineupScenes"":[{""sceneId"":""sc-1"",""label"":""Scène principale"",""icon"":""🎛""}],""lineupSchedule"":[{""plageId"":""p-1"",""label"":""Peak"",""timeStart"":""2026-06-03T15:00:00.000Z"",""timeEnd"":""2026-06-03T18:00:00.000Z""}],""lineupPlacements"":{""SL-69fbd117892f6e0738e4da5c-0:69f2739b8a9489588db01d2c:sc-1:p-1"":{""slotId"":""SL-69fbd117892f6e0738e4da5c-0"",""userId"":""69f2739b8a9489588db01d2c"",""sceneId"":""sc-1"",""plageId"":""p-1"",""roleSystemId"":""RL-000001"",""assignedPrice"":1000,""assignedStyleSystemIds"":[],""isPlaced"":true,""_pricingMeta"":{""hourlyRate"":202.83,""workedMin"":180,""requiredMin"":180,""billableMin"":180,""allocationRatio"":1,""blockSize"":1},""_primeMeta"":{""sots"":""0%"",""xp"":""+1% (niv.2)"",""saison"":""+15%"",""offreDemande"":""N/A""},""_primeMultiplier"":1.159,""priceIsOverridden"":true,""priceOverridedAt"":""2026-05-06T23:39:59.225Z"",""calculatedPrice"":608,""proposalId"":""69fbd152f0999f515ab5c800"",""proposalStatus"":""accepted"",""proposedBy"":""69f62cd5271164a83828fd92"",""proposedAt"":""2026-05-06T23:39:59.225Z"",""talentCounterPrice"":null,""talentResponseNote"":null}}}","","","event","","","","[{""submittedBallot"":false,""roleSystemId"":""RL-000001"",""styleSystemIds"":[],""joinedAt"":""2026-05-06T23:39:29.321Z"",""styleSystemId"":null,""sotsSubmitted"":null,""userId"":""69f2739b8a9489588db01d2c"",""isNoShow"":null,""status"":""confirmed""}]","69fbd115f1cebe0fac03d432","6","","2","","","","","","","[{""roleSystemId"":""RL-000001"",""candidateUserId"":""69f2739b8a9489588db01d2c"",""confirmedBy"":""69f62cd5271164a83828fd92"",""candidateStyleSystemIds"":[],""slotId"":""SL-69fbd117892f6e0738e4da5c-0"",""confirmedAt"":""2026-05-06T23:39:44.625Z"",""status"":""confirmed""}]","NC-0000000302","","[]","","","","aborted","69fbd117892f6e0738e4da5c","2026-05-06T23:39:03.134000","2026-05-06T23:55:33.667000","service_720f1ed7-4d53-4623-8377-a9877bf2f722","service+720f1ed7-4d53-4623-8377-a9877bf2f722@no-reply.base44.com","false"
"","69f62cd5271164a83828fd92","{""lineupScenes"":[{""sceneId"":""sc-1"",""label"":""Scène principale"",""icon"":""🎛""}],""lineupSchedule"":[{""plageId"":""p-1"",""label"":""Peak"",""timeStart"":""2026-08-03T05:00:00.000Z"",""timeEnd"":""2026-08-03T07:00:00.000Z""}],""lineupPlacements"":{""SL-69fbca120a018f0044d17bde-0:69f2739b8a9489588db01d2c:sc-1:p-1"":{""slotId"":""SL-69fbca120a018f0044d17bde-0"",""userId"":""69f2739b8a9489588db01d2c"",""sceneId"":""sc-1"",""plageId"":""p-1"",""roleSystemId"":""RL-000001"",""assignedPrice"":1000,""assignedStyleSystemIds"":[],""isPlaced"":true,""_pricingMeta"":{""hourlyRate"":202.83,""workedMin"":120,""requiredMin"":120,""billableMin"":120,""allocationRatio"":1,""blockSize"":1},""_primeMeta"":{""sots"":""0%"",""xp"":""+1% (niv.2)"",""saison"":""+15%"",""offreDemande"":""N/A""},""_primeMultiplier"":1.159,""priceIsOverridden"":true,""priceOverridedAt"":""2026-05-06T23:14:10.888Z"",""calculatedPrice"":406,""proposalId"":""69fbcb46d95fd3473128d3ee"",""proposalStatus"":""accepted"",""proposedBy"":""69f62cd5271164a83828fd92"",""proposedAt"":""2026-05-06T23:14:10.888Z"",""talentCounterPrice"":1000,""talentResponseNote"":null}}}","","","event","","","","[{""submittedBallot"":false,""roleSystemId"":""RL-000001"",""styleSystemIds"":[],""joinedAt"":""2026-05-06T23:13:35.419Z"",""styleSystemId"":null,""sotsSubmitted"":null,""userId"":""69f2739b8a9489588db01d2c"",""isNoShow"":null,""status"":""confirmed""}]","69fbca11058919c34084beb1","6","","2","","","","","","","[{""roleSystemId"":""RL-000001"",""candidateUserId"":""69f2739b8a9489588db01d2c"",""confirmedBy"":""69f62cd5271164a83828fd92"",""candidateStyleSystemIds"":[],""slotId"":""SL-69fbca120a018f0044d17bde-0"",""confirmedAt"":""2026-05-06T23:13:52.900Z"",""status"":""confirmed""}]","NC-0000000137","","[]","","","","aborted","69fbca120a018f0044d17bde","2026-05-06T23:09:06.799000","2026-05-06T23:55:41.316000","service_720f1ed7-4d53-4623-8377-a9877bf2f722","service+720f1ed7-4d53-4623-8377-a9877bf2f722@no-reply.base44.com","false"
"","69f62cd5271164a83828fd92","{""lineupScenes"":[{""sceneId"":""sc-1"",""label"":""Scène principale"",""icon"":""🎛""}],""lineupSchedule"":[{""plageId"":""p-1"",""label"":""Warmup"",""timeStart"":""2026-05-26T00:00:00.000Z"",""timeEnd"":""2026-05-26T00:54:00.000Z""},{""plageId"":""p-2"",""label"":""Peak"",""timeStart"":""2026-05-26T00:54:00.000Z"",""timeEnd"":""2026-05-26T03:00:00.000Z""}],""lineupPlacements"":{""SL-69fbbce3b1a0803aa08cffd4-0:69f2739b8a9489588db01d2c:sc-1:p-1"":{""slotId"":""SL-69fbbce3b1a0803aa08cffd4-0"",""userId"":""69f2739b8a9489588db01d2c"",""sceneId"":""sc-1"",""plageId"":""p-1"",""roleSystemId"":""RL-000001"",""assignedPrice"":300,""assignedStyleSystemIds"":[],""isPlaced"":true,""_pricingMeta"":{""hourlyRate"":176.4,""workedMin"":54,""requiredMin"":180,""billableMin"":180,""allocationRatio"":0.3,""blockSize"":2},""_primeMeta"":{""sots"":""0%"",""xp"":""+1% (niv.2)"",""offreDemande"":""N/A""},""_primeMultiplier"":1.008,""priceIsOverridden"":true,""priceOverridedAt"":""2026-05-06T22:14:49.066Z"",""calculatedPrice"":159,""proposalId"":""69fbbd5cb1a0803aa08cfffc"",""proposalStatus"":""accepted"",""proposedBy"":""69f62cd5271164a83828fd92"",""proposedAt"":""2026-05-06T22:14:49.066Z"",""talentCounterPrice"":null,""talentResponseNote"":null},""SL-69fbbce3b1a0803aa08cffd4-0:69f2739b8a9489588db01d2c:sc-1:p-2"":{""slotId"":""SL-69fbbce3b1a0803aa08cffd4-0"",""userId"":""69f2739b8a9489588db01d2c"",""sceneId"":""sc-1"",""plageId"":""p-2"",""roleSystemId"":""RL-000001"",""assignedPrice"":700,""assignedStyleSystemIds"":[],""isPlaced"":true,""_pricingMeta"":{""hourlyRate"":176.4,""workedMin"":126,""requiredMin"":180,""billableMin"":180,""allocationRatio"":0.7,""blockSize"":2},""_primeMeta"":{""sots"":""0%"",""xp"":""+1% (niv.2)"",""offreDemande"":""N/A""},""_primeMultiplier"":1.008,""priceIsOverridden"":true,""priceOverridedAt"":""2026-05-06T22:15:10.778Z"",""calculatedPrice"":370,""proposalId"":""69fbbd74a99448070e4fb65c"",""proposalStatus"":""accepted"",""proposedBy"":""69f62cd5271164a83828fd92"",""proposedAt"":""2026-05-06T22:15:10.778Z"",""talentCounterPrice"":null,""talentResponseNote"":null}}}","","","event","","","","[{""submittedBallot"":false,""roleSystemId"":""RL-000001"",""styleSystemIds"":[],""joinedAt"":""2026-05-06T22:13:32.998Z"",""styleSystemId"":null,""sotsSubmitted"":null,""userId"":""69f2739b8a9489588db01d2c"",""isNoShow"":null,""status"":""confirmed""}]","69fbbce11d1b1bd6670a7ee3","6","","2","","","","","","","[{""roleSystemId"":""RL-000001"",""candidateUserId"":""69f2739b8a9489588db01d2c"",""confirmedBy"":""69f62cd5271164a83828fd92"",""candidateStyleSystemIds"":[],""slotId"":""SL-69fbbce3b1a0803aa08cffd4-0"",""confirmedAt"":""2026-05-06T22:13:37.607Z"",""status"":""confirmed""}]","NC-0000000025","","[]","","","","aborted","69fbbce3b1a0803aa08cffd4","2026-05-06T22:12:51.040000","2026-05-06T23:55:49.911000","service_720f1ed7-4d53-4623-8377-a9877bf2f722","service+720f1ed7-4d53-4623-8377-a9877bf2f722@no-reply.base44.com","false"
"2026-05-06T20:39:01.601Z","69f62cd5271164a83828fd92","{""lineupScenes"":[{""sceneId"":""sc-1"",""label"":""Scène principale"",""icon"":""🎛""}],""lineupSchedule"":[{""plageId"":""p-1"",""label"":""Peak"",""timeStart"":""2027-02-02T07:00:00.000Z"",""timeEnd"":""2027-02-02T10:00:00.000Z""}],""lineupPlacements"":{""SL-69fba5bdb3fe16025f4aea60-0:69f2706d181676bbd6e82a5e:sc-1:p-1"":{""slotId"":""SL-69fba5bdb3fe16025f4aea60-0"",""userId"":""69f2706d181676bbd6e82a5e"",""sceneId"":""sc-1"",""plageId"":""p-1"",""roleSystemId"":""RL-000001"",""assignedPrice"":1000,""assignedStyleSystemIds"":[],""isPlaced"":true,""_pricingMeta"":{""hourlyRate"":161.1,""workedMin"":180,""requiredMin"":180,""billableMin"":180,""allocationRatio"":1,""blockSize"":1},""_primeMeta"":{""sots"":""+5%"",""xp"":""+2% (niv.4)"",""offreDemande"":""N/A""},""_primeMultiplier"":1.074,""priceIsOverridden"":true,""priceOverridedAt"":""2026-05-06T20:35:11.600Z"",""calculatedPrice"":483,""proposalId"":""69fba60231a610a8c7dbb64a"",""proposalStatus"":""accepted"",""proposedBy"":""69f62cd5271164a83828fd92"",""proposedAt"":""2026-05-06T20:35:11.600Z"",""talentCounterPrice"":1000,""talentResponseNote"":null}}}","","","event","","2026-05-06T20:38:43.479Z","","[{""submittedBallot"":false,""roleSystemId"":""RL-000001"",""styleSystemIds"":[""ST-000246""],""joinedAt"":""2026-05-06T20:34:55.259Z"",""styleSystemId"":null,""sotsSubmitted"":null,""userId"":""69f2706d181676bbd6e82a5e"",""isNoShow"":null,""status"":""confirmed""},{""submittedBallot"":false,""roleSystemId"":""RL-ORGANIZER"",""styleSystemIds"":[""ST-000246""],""joinedAt"":""2026-05-06T20:38:43.479Z"",""styleSystemId"":null,""sotsSubmitted"":false,""userId"":""69f62cd5271164a83828fd92"",""isNoShow"":null,""status"":""confirmed""}]","69fba5bb30364d40c87ed8b2","6","","2","","","3","0","","","[{""roleSystemId"":""RL-000001"",""candidateUserId"":""69f2706d181676bbd6e82a5e"",""confirmedBy"":""69f62cd5271164a83828fd92"",""candidateStyleSystemIds"":[""ST-000246""],""slotId"":""SL-69fba5bdb3fe16025f4aea60-0"",""confirmedAt"":""2026-05-06T20:35:03.079Z"",""status"":""confirmed""}]","NC-0000000101","1","[]","","0","","completed","69fba5bdb3fe16025f4aea60","2026-05-06T20:34:05.520000","2026-05-06T20:39:10.503000","service_720f1ed7-4d53-4623-8377-a9877bf2f722","service+720f1ed7-4d53-4623-8377-a9877bf2f722@no-reply.base44.com","false"
"2026-05-06T20:06:14.104Z","69f62cd5271164a83828fd92","{""lineupScenes"":[{""sceneId"":""sc-1"",""label"":""Scène principale"",""icon"":""🎛""}],""lineupSchedule"":[{""plageId"":""p-1"",""label"":""Peak"",""timeStart"":""2028-09-03T09:00:00.000Z"",""timeEnd"":""2028-09-03T13:00:00.000Z""}],""lineupPlacements"":{""SL-69fb9d5bea4986fc1d59d273-0:69f2706d181676bbd6e82a5e:sc-1:p-1"":{""slotId"":""SL-69fb9d5bea4986fc1d59d273-0"",""userId"":""69f2706d181676bbd6e82a5e"",""sceneId"":""sc-1"",""plageId"":""p-1"",""roleSystemId"":""RL-000001"",""assignedPrice"":1000,""assignedStyleSystemIds"":[],""isPlaced"":true,""_pricingMeta"":{""hourlyRate"":177.15,""workedMin"":240,""requiredMin"":240,""billableMin"":240,""allocationRatio"":1,""blockSize"":1},""_primeMeta"":{""sots"":""+5%"",""jour"":""+10% (WE)"",""xp"":""+2% (niv.4)"",""offreDemande"":""N/A""},""_primeMultiplier"":1.181,""priceIsOverridden"":true,""priceOverridedAt"":""2026-05-06T19:58:56.540Z"",""calculatedPrice"":709,""proposalId"":""69fb9d84d1c7dd9404b4c82e"",""proposalStatus"":""accepted"",""proposedBy"":""69f62cd5271164a83828fd92"",""proposedAt"":""2026-05-06T19:58:56.540Z"",""talentCounterPrice"":null,""talentResponseNote"":null}}}","","","event","","2026-05-06T20:05:44.728Z","","[{""submittedBallot"":false,""roleSystemId"":""RL-000001"",""styleSystemIds"":[],""joinedAt"":""2026-05-06T19:58:36.980Z"",""styleSystemId"":null,""sotsSubmitted"":null,""userId"":""69f2706d181676bbd6e82a5e"",""isNoShow"":null,""status"":""confirmed""},{""submittedBallot"":false,""roleSystemId"":""RL-ORGANIZER"",""styleSystemIds"":[],""joinedAt"":""2026-05-06T20:05:44.728Z"",""styleSystemId"":null,""sotsSubmitted"":false,""userId"":""69f62cd5271164a83828fd92"",""isNoShow"":null,""status"":""confirmed""}]","69fb9d5a2679bf86f9a757c9","6","","2","","","2","0","","","[{""roleSystemId"":""RL-000001"",""candidateUserId"":""69f2706d181676bbd6e82a5e"",""confirmedBy"":""69f62cd5271164a83828fd92"",""candidateStyleSystemIds"":[],""slotId"":""SL-69fb9d5bea4986fc1d59d273-0"",""confirmedAt"":""2026-05-06T19:58:42.989Z"",""status"":""confirmed""}]","NC-0000000058","1","[]","","0","","completed","69fb9d5bea4986fc1d59d273","2026-05-06T19:58:19.533000","2026-05-06T20:06:22.226000","service_720f1ed7-4d53-4623-8377-a9877bf2f722","service+720f1ed7-4d53-4623-8377-a9877bf2f722@no-reply.base44.com","false"
"2026-05-06T19:57:05.034Z","69f62cd5271164a83828fd92","{""lineupScenes"":[{""sceneId"":""sc-1"",""label"":""Scène principale"",""icon"":""🎛""}],""lineupSchedule"":[{""plageId"":""p-1"",""label"":""Peak"",""timeStart"":""2026-12-10T15:00:00.000Z"",""timeEnd"":""2026-12-10T16:00:00.000Z""}],""lineupPlacements"":{""SL-69fb9bc15beeb1df6b276714-0:69f2706d181676bbd6e82a5e:sc-1:p-1"":{""slotId"":""SL-69fb9bc15beeb1df6b276714-0"",""userId"":""69f2706d181676bbd6e82a5e"",""sceneId"":""sc-1"",""plageId"":""p-1"",""roleSystemId"":""RL-000001"",""assignedPrice"":200,""assignedStyleSystemIds"":[],""isPlaced"":true,""_pricingMeta"":{""hourlyRate"":185.25,""workedMin"":60,""requiredMin"":60,""billableMin"":60,""allocationRatio"":1,""blockSize"":1},""_primeMeta"":{""sots"":""+5%"",""xp"":""+2% (niv.4)"",""saison"":""+15%"",""offreDemande"":""N/A""},""_primeMultiplier"":1.235,""priceIsOverridden"":true,""priceOverridedAt"":""2026-05-06T19:52:15.723Z"",""calculatedPrice"":185,""proposalId"":""69fb9bf33965c090618505b7"",""proposalStatus"":""accepted"",""proposedBy"":""69f62cd5271164a83828fd92"",""proposedAt"":""2026-05-06T19:52:15.723Z"",""talentCounterPrice"":null,""talentResponseNote"":null}}}","","","event","","2026-05-06T19:56:20.798Z","","[{""submittedBallot"":true,""roleSystemId"":""RL-000001"",""styleSystemIds"":[],""joinedAt"":""2026-05-06T19:51:58.522Z"",""styleSystemId"":null,""sotsSubmitted"":true,""userId"":""69f2706d181676bbd6e82a5e"",""isNoShow"":null,""status"":""confirmed""},{""submittedBallot"":true,""roleSystemId"":""RL-ORGANIZER"",""styleSystemIds"":[],""joinedAt"":""2026-05-06T19:56:20.798Z"",""styleSystemId"":null,""sotsSubmitted"":true,""userId"":""69f62cd5271164a83828fd92"",""isNoShow"":null,""status"":""confirmed""}]","69fb9bc0e203e66a26c73dcb","6","","2","","","2","0","","","[{""roleSystemId"":""RL-000001"",""candidateUserId"":""69f2706d181676bbd6e82a5e"",""confirmedBy"":""69f62cd5271164a83828fd92"",""candidateStyleSystemIds"":[],""slotId"":""SL-69fb9bc15beeb1df6b276714-0"",""confirmedAt"":""2026-05-06T19:52:05.077Z"",""status"":""confirmed""}]","NC-0000000097","1","[""69f62cd5271164a83828fd92"",""69f2706d181676bbd6e82a5e""]","","0","","sots_submitted","69fb9bc15beeb1df6b276714","2026-05-06T19:51:29.959000","2026-05-06T19:57:29.358000","service_720f1ed7-4d53-4623-8377-a9877bf2f722","service+720f1ed7-4d53-4623-8377-a9877bf2f722@no-reply.base44.com","false"
"","69f62cd5271164a83828fd92","{""lineupScenes"":[{""sceneId"":""sc-1"",""label"":""Scène principale"",""icon"":""🎛""}],""lineupSchedule"":[{""plageId"":""p-1"",""label"":""Peak"",""timeStart"":""2028-04-04T08:00:00.000Z"",""timeEnd"":""2028-04-04T12:00:00.000Z""}],""lineupPlacements"":{""SL-69fb72f3175b83736b3d7061-0:69f2706d181676bbd6e82a5e:sc-1:p-1"":{""slotId"":""SL-69fb72f3175b83736b3d7061-0"",""userId"":""69f2706d181676bbd6e82a5e"",""sceneId"":""sc-1"",""plageId"":""p-1"",""roleSystemId"":""RL-000001"",""assignedPrice"":1000,""assignedStyleSystemIds"":[],""isPlaced"":true,""_pricingMeta"":{""hourlyRate"":161.1,""workedMin"":240,""requiredMin"":240,""billableMin"":240,""allocationRatio"":1,""blockSize"":1},""_primeMeta"":{""sots"":""+5%"",""xp"":""+2% (niv.4)"",""offreDemande"":""N/A""},""_primeMultiplier"":1.074,""priceIsOverridden"":true,""priceOverridedAt"":""2026-05-06T16:57:58.044Z"",""calculatedPrice"":644,""proposalId"":""69fb731bd7f226febc84b39b"",""proposalStatus"":""accepted"",""proposedBy"":""69f62cd5271164a83828fd92"",""proposedAt"":""2026-05-06T16:57:58.044Z"",""talentCounterPrice"":null,""talentResponseNote"":null}}}","","","event","","","","[{""submittedBallot"":false,""roleSystemId"":""RL-000001"",""styleSystemIds"":[],""joinedAt"":""2026-05-06T16:57:37.718Z"",""styleSystemId"":null,""sotsSubmitted"":null,""userId"":""69f2706d181676bbd6e82a5e"",""isNoShow"":null,""status"":""confirmed""}]","69fb72f19a83df199bb7f9a1","6","","2","","","","","","","[{""roleSystemId"":""RL-000001"",""candidateUserId"":""69f2706d181676bbd6e82a5e"",""confirmedBy"":""69f62cd5271164a83828fd92"",""candidateStyleSystemIds"":[],""slotId"":""SL-69fb72f3175b83736b3d7061-0"",""confirmedAt"":""2026-05-06T16:57:46.758Z"",""status"":""confirmed""}]","NC-0000000131","","[]","","","","aborted","69fb72f3175b83736b3d7061","2026-05-06T16:57:23.313000","2026-05-07T13:21:53.062000","service_720f1ed7-4d53-4623-8377-a9877bf2f722","service+720f1ed7-4d53-4623-8377-a9877bf2f722@no-reply.base44.com","false"
"","69f62cd5271164a83828fd92","{""lineupScenes"":[{""sceneId"":""sc-1"",""label"":""Scène principale"",""icon"":""🎛""}],""lineupSchedule"":[{""plageId"":""p-1"",""label"":""Arrivée"",""timeStart"":""2026-07-03T05:00:00.000Z"",""timeEnd"":""2026-07-03T05:18:00.000Z""},{""plageId"":""p-2"",""label"":""Warmup"",""timeStart"":""2026-07-03T05:18:00.000Z"",""timeEnd"":""2026-07-03T05:50:24.000Z""},{""plageId"":""p-3"",""label"":""Build"",""timeStart"":""2026-07-03T05:50:24.000Z"",""timeEnd"":""2026-07-03T06:33:36.000Z""},{""plageId"":""p-4"",""label"":""Peak"",""timeStart"":""2026-07-03T06:33:36.000Z"",""timeEnd"":""2026-07-03T07:27:36.000Z""},{""plageId"":""p-5"",""label"":""Closer"",""timeStart"":""2026-07-03T07:27:36.000Z"",""timeEnd"":""2026-07-03T08:00:00.000Z""}],""lineupPlacements"":{""SL-69fb71f4f16af932af322d1d-0:69f2706d181676bbd6e82a5e:sc-1:p-5"":{""slotId"":""SL-69fb71f4f16af932af322d1d-0"",""userId"":""69f2706d181676bbd6e82a5e"",""sceneId"":""sc-1"",""plageId"":""p-5"",""roleSystemId"":""RL-000001"",""assignedPrice"":500,""assignedStyleSystemIds"":[],""isPlaced"":true,""_pricingMeta"":{""hourlyRate"":185.25,""workedMin"":32.4,""requiredMin"":32.4,""billableMin"":32.4,""allocationRatio"":1,""blockSize"":1},""_primeMeta"":{""sots"":""+5%"",""xp"":""+2% (niv.4)"",""saison"":""+15%"",""offreDemande"":""N/A""},""_primeMultiplier"":1.235,""priceIsOverridden"":true,""priceOverridedAt"":""2026-05-06T16:53:38.730Z"",""calculatedPrice"":100,""proposalId"":""69fb7216184d5ab30ce13e0c"",""proposalStatus"":""accepted"",""proposedBy"":""69f62cd5271164a83828fd92"",""proposedAt"":""2026-05-06T16:53:38.730Z"",""talentCounterPrice"":500,""talentResponseNote"":null},""SL-69fb71f4f16af932af322d1d-0:69f2706d181676bbd6e82a5e:sc-1:p-1"":{""slotId"":""SL-69fb71f4f16af932af322d1d-0"",""userId"":""69f2706d181676bbd6e82a5e"",""sceneId"":""sc-1"",""plageId"":""p-1"",""roleSystemId"":""RL-000001"",""assignedPrice"":400,""assignedStyleSystemIds"":[],""isPlaced"":true,""_pricingMeta"":{""hourlyRate"":185.25,""workedMin"":18,""requiredMin"":18,""billableMin"":30,""allocationRatio"":1,""blockSize"":1},""_primeMeta"":{""sots"":""+5%"",""xp"":""+2% (niv.4)"",""saison"":""+15%"",""offreDemande"":""N/A""},""_primeMultiplier"":1.235,""priceIsOverridden"":true,""priceOverridedAt"":""2026-05-06T16:53:51.800Z"",""calculatedPrice"":93,""proposalId"":""69fb7222076cfe83f2fc8f43"",""proposalStatus"":""accepted"",""proposedBy"":""69f62cd5271164a83828fd92"",""proposedAt"":""2026-05-06T16:53:51.800Z"",""talentCounterPrice"":400,""talentResponseNote"":null},""SL-69fb71f4f16af932af322d1d-0:69f2706d181676bbd6e82a5e:sc-1:p-3"":{""slotId"":""SL-69fb71f4f16af932af322d1d-0"",""userId"":""69f2706d181676bbd6e82a5e"",""sceneId"":""sc-1"",""plageId"":""p-3"",""roleSystemId"":""RL-000001"",""assignedPrice"":133,""assignedStyleSystemIds"":[],""isPlaced"":true,""_pricingMeta"":{""hourlyRate"":185.25,""workedMin"":43.2,""requiredMin"":43.2,""billableMin"":43.2,""allocationRatio"":1,""blockSize"":1},""_primeMeta"":{""sots"":""+5%"",""xp"":""+2% (niv.4)"",""saison"":""+15%"",""offreDemande"":""N/A""},""_primeMultiplier"":1.235}}}","","","event","","","","[{""submittedBallot"":false,""roleSystemId"":""RL-000001"",""styleSystemIds"":[],""joinedAt"":""2026-05-06T16:53:19.536Z"",""styleSystemId"":null,""sotsSubmitted"":null,""userId"":""69f2706d181676bbd6e82a5e"",""isNoShow"":null,""status"":""confirmed""}]","69fb71f37ee96e9982b47493","6","","2","","","","","","","[{""roleSystemId"":""RL-000001"",""candidateUserId"":""69f2706d181676bbd6e82a5e"",""confirmedBy"":""69f62cd5271164a83828fd92"",""candidateStyleSystemIds"":[],""slotId"":""SL-69fb71f4f16af932af322d1d-0"",""confirmedAt"":""2026-05-06T16:53:30.465Z"",""status"":""confirmed""}]","NC-0000000025","","[]","","","","aborted","69fb71f4f16af932af322d1d","2026-05-06T16:53:08.998000","2026-05-06T23:46:39.866000","service_720f1ed7-4d53-4623-8377-a9877bf2f722","service+720f1ed7-4d53-4623-8377-a9877bf2f722@no-reply.base44.com","false"
"","69f62cd5271164a83828fd92","{""lineupScenes"":[{""sceneId"":""sc-1"",""label"":""Scène principale"",""icon"":""🎛""}],""lineupSchedule"":[{""plageId"":""p-1"",""label"":""Warmup"",""timeStart"":""2028-01-01T09:00:00.000Z"",""timeEnd"":""2028-01-01T09:36:00.000Z""},{""plageId"":""p-2"",""label"":""Peak"",""timeStart"":""2028-01-01T09:36:00.000Z"",""timeEnd"":""2028-01-01T11:00:00.000Z""}],""lineupPlacements"":{""SL-69fb70c21886a4bc8a76d573-0:69f2706d181676bbd6e82a5e:sc-1:p-2"":{""slotId"":""SL-69fb70c21886a4bc8a76d573-0"",""userId"":""69f2706d181676bbd6e82a5e"",""sceneId"":""sc-1"",""plageId"":""p-2"",""roleSystemId"":""RL-000001"",""assignedPrice"":400,""assignedStyleSystemIds"":[],""isPlaced"":true,""_pricingMeta"":{""hourlyRate"":193.2,""workedMin"":84,""requiredMin"":120,""billableMin"":120,""allocationRatio"":0.7,""blockSize"":2},""_primeMeta"":{""sots"":""+5%"",""jour"":""+20% (férié)"",""xp"":""+2% (niv.4)"",""offreDemande"":""N/A""},""_primeMultiplier"":1.288,""priceIsOverridden"":true,""priceOverridedAt"":""2026-05-06T16:48:50.196Z"",""calculatedPrice"":270,""proposalId"":""69fb70f544e29d108d8a8e18"",""proposalStatus"":""pending_talent"",""proposedBy"":""69f62cd5271164a83828fd92"",""proposedAt"":""2026-05-06T16:48:50.196Z"",""talentCounterPrice"":null,""talentResponseNote"":null},""SL-69fb70c21886a4bc8a76d573-0:69f2706d181676bbd6e82a5e:sc-1:p-1"":{""slotId"":""SL-69fb70c21886a4bc8a76d573-0"",""userId"":""69f2706d181676bbd6e82a5e"",""sceneId"":""sc-1"",""plageId"":""p-1"",""roleSystemId"":""RL-000001"",""assignedPrice"":100,""assignedStyleSystemIds"":[],""isPlaced"":true,""_pricingMeta"":{""hourlyRate"":193.2,""workedMin"":36,""requiredMin"":120,""billableMin"":120,""allocationRatio"":0.3,""blockSize"":2},""_primeMeta"":{""sots"":""+5%"",""jour"":""+20% (férié)"",""xp"":""+2% (niv.4)"",""offreDemande"":""N/A""},""_primeMultiplier"":1.288,""priceIsOverridden"":true,""priceOverridedAt"":""2026-05-06T16:49:03.085Z"",""calculatedPrice"":116,""proposalId"":""69fb71020bec8ab64fc46a3c"",""proposalStatus"":""pending_talent"",""proposedBy"":""69f62cd5271164a83828fd92"",""proposedAt"":""2026-05-06T16:49:03.085Z"",""talentCounterPrice"":null,""talentResponseNote"":null}}}","","","event","","","","[{""submittedBallot"":false,""roleSystemId"":""RL-000001"",""styleSystemIds"":[],""joinedAt"":""2026-05-06T16:48:23.287Z"",""styleSystemId"":null,""sotsSubmitted"":null,""userId"":""69f2706d181676bbd6e82a5e"",""isNoShow"":null,""status"":""confirmed""}]","69fb70c13139d8a6f69ba690","6","","2","","","","","","","[{""roleSystemId"":""RL-000001"",""candidateUserId"":""69f2706d181676bbd6e82a5e"",""confirmedBy"":""69f62cd5271164a83828fd92"",""candidateStyleSystemIds"":[],""slotId"":""SL-69fb70c21886a4bc8a76d573-0"",""confirmedAt"":""2026-05-06T16:48:35.054Z"",""status"":""confirmed""}]","NC-0000000131","","[]","","","","aborted","69fb70c21886a4bc8a76d573","2026-05-06T16:48:02.800000","2026-05-06T23:46:47.005000","service_720f1ed7-4d53-4623-8377-a9877bf2f722","service+720f1ed7-4d53-4623-8377-a9877bf2f722@no-reply.base44.com","false"
"","69f62cd5271164a83828fd92","{""lineupScenes"":[{""sceneId"":""sc-1"",""label"":""Scène principale"",""icon"":""🎛""}],""lineupSchedule"":[{""plageId"":""p-1"",""label"":""Peak"",""timeStart"":""2026-05-31T19:00:00.000Z"",""timeEnd"":""2026-06-01T05:00:00.000Z""}],""lineupPlacements"":{""SL-69fb6c86bc81242e14a6105f-0:69f2706d181676bbd6e82a5e:sc-1:p-1"":{""slotId"":""SL-69fb6c86bc81242e14a6105f-0"",""userId"":""69f2706d181676bbd6e82a5e"",""sceneId"":""sc-1"",""plageId"":""p-1"",""roleSystemId"":""RL-000001"",""assignedPrice"":1000,""assignedStyleSystemIds"":[],""isPlaced"":true,""_pricingMeta"":{""hourlyRate"":177.15,""workedMin"":600,""requiredMin"":600,""billableMin"":600,""allocationRatio"":1,""blockSize"":1},""_primeMeta"":{""sots"":""+5%"",""jour"":""+10% (WE)"",""xp"":""+2% (niv.4)"",""offreDemande"":""N/A""},""_primeMultiplier"":1.181,""priceIsOverridden"":true,""priceOverridedAt"":""2026-05-06T16:31:00.145Z"",""calculatedPrice"":1772,""proposalId"":""69fb6cc7184d5ab30ce13cfd"",""proposalStatus"":""accepted"",""proposedBy"":""69f62cd5271164a83828fd92"",""proposedAt"":""2026-05-06T16:31:00.145Z"",""talentCounterPrice"":null,""talentResponseNote"":null}}}","","","event","","","","[{""submittedBallot"":false,""roleSystemId"":""RL-000001"",""styleSystemIds"":[""ST-000246""],""joinedAt"":""2026-05-06T16:30:26.994Z"",""styleSystemId"":null,""sotsSubmitted"":null,""userId"":""69f2706d181676bbd6e82a5e"",""isNoShow"":null,""status"":""confirmed""}]","69fb6c8563e27c92387e4124","6","","2","","","","","","","[{""roleSystemId"":""RL-000001"",""candidateUserId"":""69f2706d181676bbd6e82a5e"",""confirmedBy"":""69f62cd5271164a83828fd92"",""candidateStyleSystemIds"":[""ST-000246""],""slotId"":""SL-69fb6c86bc81242e14a6105f-0"",""confirmedAt"":""2026-05-06T16:30:35.683Z"",""status"":""confirmed""}]","NC-0000000101","","[]","","","","aborted","69fb6c86bc81242e14a6105f","2026-05-06T16:29:58.628000","2026-05-06T23:47:46.030000","service_720f1ed7-4d53-4623-8377-a9877bf2f722","service+720f1ed7-4d53-4623-8377-a9877bf2f722@no-reply.base44.com","false"
"2026-05-06T15:59:41.342Z","69f62cd5271164a83828fd92","{""lineupScenes"":[{""sceneId"":""sc-1"",""label"":""Scène principale"",""icon"":""🎛""}],""lineupSchedule"":[{""plageId"":""p-1"",""label"":""Peak"",""timeStart"":""2026-11-10T15:00:00.000Z"",""timeEnd"":""2026-11-10T17:00:00.000Z""}],""lineupPlacements"":{""SL-69fb62ac23d082847ccfbca7-0:69f2739b8a9489588db01d2c:sc-1:p-1"":{""slotId"":""SL-69fb62ac23d082847ccfbca7-0"",""userId"":""69f2739b8a9489588db01d2c"",""sceneId"":""sc-1"",""plageId"":""p-1"",""roleSystemId"":""RL-000002"",""assignedPrice"":300,""assignedStyleSystemIds"":[],""isPlaced"":true,""_pricingMeta"":{""hourlyRate"":88,""workedMin"":120,""requiredMin"":120,""billableMin"":120,""allocationRatio"":1,""blockSize"":1},""_primeMeta"":{""sots"":""+10%"",""offreDemande"":""N/A""},""_primeMultiplier"":1.1,""priceIsOverridden"":true,""priceOverridedAt"":""2026-05-06T15:48:39.954Z"",""calculatedPrice"":176,""proposalId"":""69fb62db847b295e23e90b90"",""proposalStatus"":""accepted"",""proposedBy"":""69f62cd5271164a83828fd92"",""proposedAt"":""2026-05-06T15:48:39.954Z"",""talentCounterPrice"":null,""talentResponseNote"":null}}}","","","event","","2026-05-06T15:51:35.516Z","","[{""submittedBallot"":true,""roleSystemId"":""RL-000002"",""styleSystemIds"":[],""joinedAt"":""2026-05-06T15:48:17.870Z"",""styleSystemId"":null,""sotsSubmitted"":true,""userId"":""69f2739b8a9489588db01d2c"",""isNoShow"":null,""status"":""confirmed""},{""submittedBallot"":true,""roleSystemId"":""RL-ORGANIZER"",""styleSystemIds"":[],""joinedAt"":""2026-05-06T15:51:35.516Z"",""styleSystemId"":null,""sotsSubmitted"":true,""userId"":""69f62cd5271164a83828fd92"",""isNoShow"":null,""status"":""confirmed""}]","69fb62aa2821929a81655b71","6","","2","","","2","0","","","[{""roleSystemId"":""RL-000002"",""candidateUserId"":""69f2739b8a9489588db01d2c"",""confirmedBy"":""69f62cd5271164a83828fd92"",""candidateStyleSystemIds"":[],""slotId"":""SL-69fb62ac23d082847ccfbca7-0"",""confirmedAt"":""2026-05-06T15:48:27.673Z"",""status"":""confirmed""}]","","1","[""69f62cd5271164a83828fd92"",""69f2739b8a9489588db01d2c""]","","0","","sots_submitted","69fb62ac23d082847ccfbca7","2026-05-06T15:47:56.413000","2026-05-06T16:00:03.453000","service_720f1ed7-4d53-4623-8377-a9877bf2f722","service+720f1ed7-4d53-4623-8377-a9877bf2f722@no-reply.base44.com","false"
"2026-05-06T15:33:13.358Z","69f62cd5271164a83828fd92","{""lineupScenes"":[{""sceneId"":""sc-1"",""label"":""Scène principale"",""icon"":""🎛""}],""lineupSchedule"":[{""plageId"":""p-1"",""label"":""Warmup"",""timeStart"":""2026-07-01T18:00:00.000Z"",""timeEnd"":""2026-07-01T18:36:00.000Z""},{""plageId"":""p-2"",""label"":""Peak"",""timeStart"":""2026-07-01T18:36:00.000Z"",""timeEnd"":""2026-07-01T20:00:00.000Z""}],""lineupPlacements"":{""SL-69fb5b9ddd37ce78fda74ff6-0:69f2706d181676bbd6e82a5e:sc-1:p-2"":{""slotId"":""SL-69fb5b9ddd37ce78fda74ff6-0"",""userId"":""69f2706d181676bbd6e82a5e"",""sceneId"":""sc-1"",""plageId"":""p-2"",""roleSystemId"":""RL-000003"",""assignedPrice"":200,""assignedStyleSystemIds"":[],""isPlaced"":true,""_pricingMeta"":{""hourlyRate"":124.16,""workedMin"":84,""requiredMin"":84,""billableMin"":84,""allocationRatio"":1,""blockSize"":1},""_primeMeta"":{""sots"":""+10%"",""jour"":""+20% (férié)"",""xp"":""+2% (niv.4)"",""saison"":""+15%"",""offreDemande"":""N/A""},""_primeMultiplier"":1.552,""priceIsOverridden"":true,""priceOverridedAt"":""2026-05-06T15:18:26.733Z"",""calculatedPrice"":174,""proposalId"":""69fb5bc6d361a1fa9dd4db1b"",""proposalStatus"":""accepted"",""proposedBy"":""69f62cd5271164a83828fd92"",""proposedAt"":""2026-05-06T15:18:26.733Z"",""talentCounterPrice"":null,""talentResponseNote"":null}}}","","","event","","2026-05-06T15:23:04.030Z","","[{""submittedBallot"":false,""roleSystemId"":""RL-000003"",""styleSystemIds"":[],""joinedAt"":""2026-05-06T15:18:07.372Z"",""styleSystemId"":null,""sotsSubmitted"":null,""userId"":""69f2706d181676bbd6e82a5e"",""isNoShow"":null,""status"":""confirmed""},{""submittedBallot"":true,""roleSystemId"":""RL-ORGANIZER"",""styleSystemIds"":[],""joinedAt"":""2026-05-06T15:23:04.030Z"",""styleSystemId"":null,""sotsSubmitted"":true,""userId"":""69f62cd5271164a83828fd92"",""isNoShow"":null,""status"":""confirmed""}]","69fb5b9b770af414e259d734","6","","2","","","1","0","","","[{""roleSystemId"":""RL-000003"",""candidateUserId"":""69f2706d181676bbd6e82a5e"",""confirmedBy"":""69f62cd5271164a83828fd92"",""candidateStyleSystemIds"":[],""slotId"":""SL-69fb5b9ddd37ce78fda74ff6-0"",""confirmedAt"":""2026-05-06T15:18:14.779Z"",""status"":""confirmed""}]","NC-0000000097","0","[""69f62cd5271164a83828fd92""]","","0","","completed","69fb5b9ddd37ce78fda74ff6","2026-05-06T15:17:49.082000","2026-05-06T15:33:32.810000","service_720f1ed7-4d53-4623-8377-a9877bf2f722","service+720f1ed7-4d53-4623-8377-a9877bf2f722@no-reply.base44.com","false"
"2026-05-06T23:49:12.015Z","69f62cd5271164a83828fd92","{""lineupScenes"":[{""sceneId"":""sc-1"",""label"":""Scène principale"",""icon"":""🎛""}],""lineupSchedule"":[{""plageId"":""p-1"",""label"":""Peak"",""timeStart"":""2026-07-03T12:00:00.000Z"",""timeEnd"":""2026-07-03T12:45:00.000Z""}],""lineupPlacements"":{""SL-69fb4c367fe5403a94bb7979-0:69f2739b8a9489588db01d2c:sc-1:p-1"":{""slotId"":""SL-69fb4c367fe5403a94bb7979-0"",""userId"":""69f2739b8a9489588db01d2c"",""sceneId"":""sc-1"",""plageId"":""p-1"",""roleSystemId"":""RL-000001"",""assignedPrice"":100,""assignedStyleSystemIds"":[],""isPlaced"":true,""_pricingMeta"":{""hourlyRate"":221.37,""workedMin"":45,""requiredMin"":45,""billableMin"":45,""allocationRatio"":1,""blockSize"":1},""_primeMeta"":{""sots"":""+10%"",""saison"":""+15%"",""offreDemande"":""N/A""},""_primeMultiplier"":1.265,""priceIsOverridden"":true,""priceOverridedAt"":""2026-05-06T14:13:20.753Z"",""calculatedPrice"":166,""proposalId"":""69fb4c8ccd221b80f49fb4dc"",""proposalStatus"":""accepted"",""proposedBy"":""69f62cd5271164a83828fd92"",""proposedAt"":""2026-05-06T14:13:20.753Z"",""talentCounterPrice"":null,""talentResponseNote"":null}}}","","","event","","2026-05-06T23:48:25.768Z","","[{""submittedBallot"":true,""roleSystemId"":""RL-000001"",""styleSystemIds"":[],""joinedAt"":""2026-05-06T14:12:42.110Z"",""styleSystemId"":null,""sotsSubmitted"":true,""userId"":""69f2739b8a9489588db01d2c"",""isNoShow"":null,""status"":""confirmed""},{""submittedBallot"":true,""roleSystemId"":""RL-ORGANIZER"",""styleSystemIds"":[],""joinedAt"":""2026-05-06T23:48:25.768Z"",""styleSystemId"":null,""sotsSubmitted"":true,""userId"":""69f62cd5271164a83828fd92"",""isNoShow"":null,""status"":""confirmed""}]","69fb4c350e2564f3b8157566","6","","2","","","2","0","","","[{""roleSystemId"":""RL-000001"",""candidateUserId"":""69f2739b8a9489588db01d2c"",""confirmedBy"":""69f62cd5271164a83828fd92"",""candidateStyleSystemIds"":[],""slotId"":""SL-69fb4c367fe5403a94bb7979-0"",""confirmedAt"":""2026-05-06T14:13:01.928Z"",""status"":""confirmed""}]","NC-0000000165","1","[""69f62cd5271164a83828fd92"",""69f2739b8a9489588db01d2c""]","","0","","sots_submitted","69fb4c367fe5403a94bb7979","2026-05-06T14:12:06.390000","2026-05-06T23:49:32.788000","service_720f1ed7-4d53-4623-8377-a9877bf2f722","service+720f1ed7-4d53-4623-8377-a9877bf2f722@no-reply.base44.com","false"
"2026-05-06T23:45:18.042Z","69f62cd5271164a83828fd92","{""lineupScenes"":[{""sceneId"":""sc-1"",""label"":""Scène principale"",""icon"":""🎛""}],""lineupSchedule"":[{""plageId"":""p-1"",""label"":""Warmup"",""timeStart"":""2026-09-03T05:02:00.000Z"",""timeEnd"":""2026-09-03T05:55:24.000Z""},{""plageId"":""p-2"",""label"":""Peak"",""timeStart"":""2026-09-03T05:55:24.000Z"",""timeEnd"":""2026-09-03T08:00:00.000Z""}],""lineupPlacements"":{""SL-69fb48b5d135886933200c9f-0:69f2739b8a9489588db01d2c:sc-1:p-1"":{""slotId"":""SL-69fb48b5d135886933200c9f-0"",""userId"":""69f2739b8a9489588db01d2c"",""sceneId"":""sc-1"",""plageId"":""p-1"",""roleSystemId"":""RL-000003"",""assignedPrice"":100,""assignedStyleSystemIds"":[],""isPlaced"":true,""_pricingMeta"":{""hourlyRate"":88,""workedMin"":53.4,""requiredMin"":53.4,""billableMin"":53.4,""allocationRatio"":1,""blockSize"":1},""_primeMeta"":{""sots"":""+10%"",""offreDemande"":""N/A""},""_primeMultiplier"":1.1,""priceIsOverridden"":true,""priceOverridedAt"":""2026-05-06T13:57:58.168Z"",""calculatedPrice"":78,""proposalId"":""69fb48e891cd1d4aab46eca0"",""proposalStatus"":""accepted"",""proposedBy"":""69f62cd5271164a83828fd92"",""proposedAt"":""2026-05-06T13:57:58.168Z"",""talentCounterPrice"":null,""talentResponseNote"":null}}}","","","event","","2026-05-06T23:44:43.031Z","","[{""submittedBallot"":true,""roleSystemId"":""RL-000003"",""styleSystemIds"":[],""joinedAt"":""2026-05-06T13:57:36.164Z"",""styleSystemId"":null,""sotsSubmitted"":true,""userId"":""69f2739b8a9489588db01d2c"",""isNoShow"":null,""status"":""confirmed""},{""submittedBallot"":true,""roleSystemId"":""RL-ORGANIZER"",""styleSystemIds"":[],""joinedAt"":""2026-05-06T23:44:43.031Z"",""styleSystemId"":null,""sotsSubmitted"":true,""userId"":""69f62cd5271164a83828fd92"",""isNoShow"":null,""status"":""confirmed""}]","69fb48b390a8ae02d53a22d1","6","","2","","","3","1","","","[{""roleSystemId"":""RL-000003"",""candidateUserId"":""69f2739b8a9489588db01d2c"",""confirmedBy"":""69f62cd5271164a83828fd92"",""candidateStyleSystemIds"":[],""slotId"":""SL-69fb48b5d135886933200c9f-0"",""confirmedAt"":""2026-05-06T13:57:48.108Z"",""status"":""confirmed""}]","NC-0000000165","1","[""69f62cd5271164a83828fd92"",""69f2706d181676bbd6e82a5e"",""69f2739b8a9489588db01d2c""]","","1","","sots_submitted","69fb48b5d135886933200c9f","2026-05-06T13:57:09.215000","2026-05-06T23:45:48.341000","service_720f1ed7-4d53-4623-8377-a9877bf2f722","service+720f1ed7-4d53-4623-8377-a9877bf2f722@no-reply.base44.com","false"
"2026-05-06T13:55:22.080Z","69f62cd5271164a83828fd92","{""lineupScenes"":[{""sceneId"":""sc-1"",""label"":""Scène principale"",""icon"":""🎛""}],""lineupSchedule"":[{""plageId"":""p-1"",""label"":""Warmup"",""timeStart"":""2028-08-04T13:00:00.000Z"",""timeEnd"":""2028-08-04T14:48:00.000Z""},{""plageId"":""p-2"",""label"":""Peak"",""timeStart"":""2028-08-04T14:48:00.000Z"",""timeEnd"":""2028-08-04T19:00:00.000Z""}],""lineupPlacements"":{""SL-69fb3e083034fe9978e9761d-0:69f62dd4479edabdf08b12ee:sc-1:p-1"":{""slotId"":""SL-69fb3e083034fe9978e9761d-0"",""userId"":""69f62dd4479edabdf08b12ee"",""sceneId"":""sc-1"",""plageId"":""p-1"",""roleSystemId"":""RL-000001"",""assignedPrice"":400,""assignedStyleSystemIds"":[],""isPlaced"":true,""_pricingMeta"":{""hourlyRate"":243.4,""workedMin"":108,""requiredMin"":360,""billableMin"":360,""allocationRatio"":0.3,""blockSize"":2},""_primeMeta"":{""sots"":""+5%"",""xp"":""+1% (niv.2)"",""saison"":""+15%"",""offreDemande"":""N/A""},""_primeMultiplier"":1.217,""priceIsOverridden"":true,""priceOverridedAt"":""2026-05-06T13:16:19.863Z"",""calculatedPrice"":438,""proposalId"":""69fb3f2709c55569cd3c9b0a"",""proposalStatus"":""accepted"",""proposedBy"":""69f62cd5271164a83828fd92"",""proposedAt"":""2026-05-06T13:16:19.863Z"",""talentCounterPrice"":null,""talentResponseNote"":null},""SL-69fb3e083034fe9978e9761d-1:69f2706d181676bbd6e82a5e:sc-1:p-2"":{""slotId"":""SL-69fb3e083034fe9978e9761d-1"",""userId"":""69f2706d181676bbd6e82a5e"",""sceneId"":""sc-1"",""plageId"":""p-2"",""roleSystemId"":""RL-000005"",""assignedPrice"":200,""assignedStyleSystemIds"":[],""isPlaced"":true,""_pricingMeta"":{""hourlyRate"":98.8,""workedMin"":252,""requiredMin"":252,""billableMin"":252,""allocationRatio"":1,""blockSize"":1},""_primeMeta"":{""sots"":""+5%"",""xp"":""+2% (niv.4)"",""saison"":""+15%"",""offreDemande"":""N/A""},""_primeMultiplier"":1.235,""priceIsOverridden"":true,""priceOverridedAt"":""2026-05-06T13:16:38.379Z"",""calculatedPrice"":415,""proposalId"":""69fb3f3979884bf1503bdf0b"",""proposalStatus"":""accepted"",""proposedBy"":""69f62cd5271164a83828fd92"",""proposedAt"":""2026-05-06T13:16:38.379Z"",""talentCounterPrice"":null,""talentResponseNote"":null},""SL-69fb3e083034fe9978e9761d-0:69f62dd4479edabdf08b12ee:sc-1:p-2"":{""slotId"":""SL-69fb3e083034fe9978e9761d-0"",""userId"":""69f62dd4479edabdf08b12ee"",""sceneId"":""sc-1"",""plageId"":""p-2"",""roleSystemId"":""RL-000001"",""assignedPrice"":400,""assignedStyleSystemIds"":[],""isPlaced"":true,""_pricingMeta"":{""hourlyRate"":243.4,""workedMin"":252,""requiredMin"":360,""billableMin"":360,""allocationRatio"":0.7,""blockSize"":2},""_primeMeta"":{""sots"":""+5%"",""xp"":""+1% (niv.2)"",""saison"":""+15%"",""offreDemande"":""N/A""},""_primeMultiplier"":1.217,""priceIsOverridden"":true,""priceOverridedAt"":""2026-05-06T13:17:01.179Z"",""calculatedPrice"":1022,""proposalId"":""69fb3f4f26623881d7d1e858"",""proposalStatus"":""accepted"",""proposedBy"":""69f62cd5271164a83828fd92"",""proposedAt"":""2026-05-06T13:17:01.179Z"",""talentCounterPrice"":null,""talentResponseNote"":null}}}","","","event","","2026-05-06T13:23:45.074Z","","[{""submittedBallot"":false,""roleSystemId"":""RL-000001"",""styleSystemIds"":[""ST-000134""],""joinedAt"":""2026-05-06T13:14:12.170Z"",""styleSystemId"":null,""sotsSubmitted"":null,""userId"":""69f62dd4479edabdf08b12ee"",""isNoShow"":null,""status"":""confirmed""},{""submittedBallot"":true,""roleSystemId"":""RL-000005"",""styleSystemIds"":[""ST-000184""],""joinedAt"":""2026-05-06T13:15:47.941Z"",""styleSystemId"":null,""sotsSubmitted"":true,""userId"":""69f2706d181676bbd6e82a5e"",""isNoShow"":null,""status"":""confirmed""},{""submittedBallot"":true,""roleSystemId"":""RL-ORGANIZER"",""styleSystemIds"":[""ST-000134"",""ST-000184""],""joinedAt"":""2026-05-06T13:23:45.074Z"",""styleSystemId"":null,""sotsSubmitted"":true,""userId"":""69f62cd5271164a83828fd92"",""isNoShow"":null,""status"":""confirmed""}]","69fb3e06e5ec52f1e0c5d166","6","","2","","","4","2","","","[{""roleSystemId"":""RL-000001"",""candidateUserId"":""69f62dd4479edabdf08b12ee"",""confirmedBy"":""69f62cd5271164a83828fd92"",""candidateStyleSystemIds"":[""ST-000134""],""slotId"":""SL-69fb3e083034fe9978e9761d-0"",""confirmedAt"":""2026-05-06T13:14:39.846Z"",""status"":""confirmed""},{""roleSystemId"":""RL-000005"",""candidateUserId"":""69f2706d181676bbd6e82a5e"",""confirmedBy"":""69f62cd5271164a83828fd92"",""candidateStyleSystemIds"":[""ST-000184""],""slotId"":""SL-69fb3e083034fe9978e9761d-1"",""confirmedAt"":""2026-05-06T13:15:55.430Z"",""status"":""confirmed""},{""roleSystemId"":""RL-000007"",""candidateUserId"":null,""confirmedBy"":null,""candidateStyleSystemIds"":[],""slotId"":""SL-69fb3e083034fe9978e9761d-2"",""confirmedAt"":null,""status"":""open""}]","NC-0000000165","1","[""69f2706d181676bbd6e82a5e"",""69f62cd5271164a83828fd92"",""69f2739b8a9489588db01d2c""]","","2","","completed","69fb3e083034fe9978e9761d","2026-05-06T13:11:36.246000","2026-05-06T13:56:12.010000","service_720f1ed7-4d53-4623-8377-a9877bf2f722","service+720f1ed7-4d53-4623-8377-a9877bf2f722@no-reply.base44.com","false"
"2026-05-06T03:36:39.462Z","69f62cd5271164a83828fd92","{""lineupScenes"":[{""sceneId"":""sc-1"",""label"":""Scène principale"",""icon"":""🎛""}],""lineupSchedule"":[{""plageId"":""p-1"",""label"":""Warmup"",""timeStart"":""2027-01-02T15:00:00.000Z"",""timeEnd"":""2027-01-02T15:36:00.000Z""},{""plageId"":""p-2"",""label"":""Peak"",""timeStart"":""2027-01-02T15:36:00.000Z"",""timeEnd"":""2027-01-02T17:00:00.000Z""}],""lineupPlacements"":{""SL-69fa7fbdc41ed8087c4392f3-0:69f2706d181676bbd6e82a5e:sc-1:p-1"":{""slotId"":""SL-69fa7fbdc41ed8087c4392f3-0"",""userId"":""69f2706d181676bbd6e82a5e"",""sceneId"":""sc-1"",""plageId"":""p-1"",""roleSystemId"":""RL-000003"",""assignedPrice"":50,""assignedStyleSystemIds"":[],""isPlaced"":true,""_pricingMeta"":{""hourlyRate"":93.76,""workedMin"":36,""requiredMin"":120,""billableMin"":120,""allocationRatio"":0.3,""blockSize"":2},""_primeMeta"":{""sots"":""+5%"",""jour"":""+10% (WE)"",""xp"":""+2% (niv.3)"",""offreDemande"":""N/A""},""_primeMultiplier"":1.172,""priceIsOverridden"":true,""priceOverridedAt"":""2026-05-05T23:40:16.658Z"",""calculatedPrice"":56,""proposalId"":""69fa7fe49c0fdd6280f5e03c"",""proposalStatus"":""accepted"",""proposedBy"":""69f62cd5271164a83828fd92"",""proposedAt"":""2026-05-05T23:40:16.658Z"",""talentCounterPrice"":null,""talentResponseNote"":null},""SL-69fa7fbdc41ed8087c4392f3-0:69f2706d181676bbd6e82a5e:sc-1:p-2"":{""slotId"":""SL-69fa7fbdc41ed8087c4392f3-0"",""userId"":""69f2706d181676bbd6e82a5e"",""sceneId"":""sc-1"",""plageId"":""p-2"",""roleSystemId"":""RL-000003"",""assignedPrice"":50,""assignedStyleSystemIds"":[],""isPlaced"":true,""_pricingMeta"":{""hourlyRate"":93.76,""workedMin"":84,""requiredMin"":120,""billableMin"":120,""allocationRatio"":0.7,""blockSize"":2},""_primeMeta"":{""sots"":""+5%"",""jour"":""+10% (WE)"",""xp"":""+2% (niv.3)"",""offreDemande"":""N/A""},""_primeMultiplier"":1.172,""priceIsOverridden"":true,""priceOverridedAt"":""2026-05-05T23:40:29.316Z"",""calculatedPrice"":131,""proposalId"":""69fa7ff0b95d22b82c3b2155"",""proposalStatus"":""accepted"",""proposedBy"":""69f62cd5271164a83828fd92"",""proposedAt"":""2026-05-05T23:40:29.316Z"",""talentCounterPrice"":null,""talentResponseNote"":null}}}","","","event","","2026-05-05T23:43:12.754Z","","[{""submittedBallot"":false,""roleSystemId"":""RL-000003"",""styleSystemIds"":[],""joinedAt"":""2026-05-05T23:39:53.085Z"",""styleSystemId"":null,""sotsSubmitted"":null,""userId"":""69f2706d181676bbd6e82a5e"",""isNoShow"":null,""status"":""confirmed""},{""submittedBallot"":true,""roleSystemId"":""RL-ORGANIZER"",""styleSystemIds"":[],""joinedAt"":""2026-05-05T23:43:12.754Z"",""styleSystemId"":null,""sotsSubmitted"":true,""userId"":""69f62cd5271164a83828fd92"",""isNoShow"":null,""status"":""confirmed""}]","69fa7fbc3685a1e3ae93f54f","6","","2","","","3","1","","","[{""roleSystemId"":""RL-000003"",""candidateUserId"":""69f2706d181676bbd6e82a5e"",""confirmedBy"":""69f62cd5271164a83828fd92"",""candidateStyleSystemIds"":[],""slotId"":""SL-69fa7fbdc41ed8087c4392f3-0"",""confirmedAt"":""2026-05-05T23:40:05.042Z"",""status"":""confirmed""}]","NC-0000000165","1","[""69f62cd5271164a83828fd92"",""69f62dd4479edabdf08b12ee""]","","1","","completed","69fa7fbdc41ed8087c4392f3","2026-05-05T23:39:41.999000","2026-05-06T03:37:06.404000","service_720f1ed7-4d53-4623-8377-a9877bf2f722","service+720f1ed7-4d53-4623-8377-a9877bf2f722@no-reply.base44.com","false"
"","69f62cd5271164a83828fd92","{""lineupScenes"":[{""sceneId"":""sc-1"",""label"":""Scène principale"",""icon"":""🎛""},{""sceneId"":""sc-1778024241559"",""label"":""Micro"",""icon"":""🎤""}],""lineupSchedule"":[{""plageId"":""p-1"",""label"":""Warmup"",""timeStart"":""2027-01-01T20:00:00.000Z"",""timeEnd"":""2026-09-14T08:36:00.000Z""},{""plageId"":""p-2"",""label"":""Peak"",""timeStart"":""2026-09-14T08:36:00.000Z"",""timeEnd"":""2026-01-01T22:00:00.000Z""}],""lineupPlacements"":{""SL-69fa7f47d05b7f64adcb3adf-0:69f2706d181676bbd6e82a5e:sc-1:p-1"":{""slotId"":""SL-69fa7f47d05b7f64adcb3adf-0"",""userId"":""69f2706d181676bbd6e82a5e"",""sceneId"":""sc-1"",""plageId"":""p-1"",""roleSystemId"":""RL-000003"",""assignedPrice"":50,""assignedStyleSystemIds"":[],""isPlaced"":true,""_primeMeta"":{""sots"":""+5%"",""jour"":""+20% (férié)"",""xp"":""+2% (niv.3)"",""offreDemande"":""N/A""},""_primeMultiplier"":1.279,""priceIsOverridden"":true,""priceOverridedAt"":""2026-05-05T23:38:45.331Z"",""calculatedPrice"":0,""proposalId"":""69fa7f88d8f29b2096f83b48"",""proposalStatus"":""pending_talent"",""proposedBy"":""69f62cd5271164a83828fd92"",""proposedAt"":""2026-05-05T23:38:45.331Z"",""talentCounterPrice"":null,""talentResponseNote"":null}}}","","","event","","","","[{""submittedBallot"":false,""roleSystemId"":""RL-000003"",""styleSystemIds"":[],""joinedAt"":""2026-05-05T23:38:25.819Z"",""styleSystemId"":null,""sotsSubmitted"":null,""userId"":""69f2706d181676bbd6e82a5e"",""isNoShow"":null,""status"":""confirmed""}]","69fa7f457e447d83424eb6d4","6","","2","","","","","","","[{""roleSystemId"":""RL-000003"",""candidateUserId"":""69f2706d181676bbd6e82a5e"",""confirmedBy"":""69f62cd5271164a83828fd92"",""candidateStyleSystemIds"":[],""slotId"":""SL-69fa7f47d05b7f64adcb3adf-0"",""confirmedAt"":""2026-05-05T23:38:34.717Z"",""status"":""confirmed""}]","NC-0000000165","","[]","","","","aborted","69fa7f47d05b7f64adcb3adf","2026-05-05T23:37:43.531000","2026-05-05T23:39:08.622000","service_720f1ed7-4d53-4623-8377-a9877bf2f722","service+720f1ed7-4d53-4623-8377-a9877bf2f722@no-reply.base44.com","false"
"2026-05-04T21:49:33.054Z","69f62cd5271164a83828fd92","{""lineupScenes"":[{""sceneId"":""sc-1"",""label"":""Scène principale"",""icon"":""🎛""}],""lineupSchedule"":[{""plageId"":""p-1"",""label"":""Warmup"",""timeStart"":""2026-09-03T09:00:00.000Z"",""timeEnd"":""2026-09-03T09:36:00.000Z""},{""plageId"":""p-2"",""label"":""Peak"",""timeStart"":""2026-09-03T09:36:00.000Z"",""timeEnd"":""2026-09-03T11:00:00.000Z""}],""lineupPlacements"":{""SL-69f9059418c71b10d6b34f63-0:69f2706d181676bbd6e82a5e:sc-1:p-2"":{""slotId"":""SL-69f9059418c71b10d6b34f63-0"",""userId"":""69f2706d181676bbd6e82a5e"",""sceneId"":""sc-1"",""plageId"":""p-2"",""roleSystemId"":""RL-000003"",""assignedPrice"":100,""assignedStyleSystemIds"":[],""isPlaced"":true,""_pricingMeta"":{""hourlyRate"":85.28,""workedMin"":84,""requiredMin"":84,""billableMin"":84,""allocationRatio"":1,""blockSize"":1},""_primeMeta"":{""sots"":""+5%"",""xp"":""+2% (niv.3)"",""offreDemande"":""N/A""},""_primeMultiplier"":1.066,""priceIsOverridden"":true,""priceOverridedAt"":""2026-05-04T20:46:56.875Z"",""calculatedPrice"":119,""proposalId"":""69f905c4e4b1901bdace9f0f"",""proposalStatus"":""accepted"",""proposedBy"":""69f62cd5271164a83828fd92"",""proposedAt"":""2026-05-04T20:46:56.875Z"",""talentCounterPrice"":null,""talentResponseNote"":null}}}","","","event","","2026-05-04T20:50:13.105Z","","[{""submittedBallot"":true,""roleSystemId"":""RL-000003"",""styleSystemIds"":[],""joinedAt"":""2026-05-04T20:46:39.023Z"",""styleSystemId"":null,""sotsSubmitted"":true,""userId"":""69f2706d181676bbd6e82a5e"",""isNoShow"":null,""status"":""confirmed""},{""submittedBallot"":true,""roleSystemId"":""RL-ORGANIZER"",""styleSystemIds"":[],""joinedAt"":""2026-05-04T20:50:13.105Z"",""styleSystemId"":null,""sotsSubmitted"":true,""userId"":""69f62cd5271164a83828fd92"",""isNoShow"":null,""status"":""confirmed""}]","69f9059341ae2adfeef80403","6","","2","","","2","0","","","[{""roleSystemId"":""RL-000003"",""candidateUserId"":""69f2706d181676bbd6e82a5e"",""confirmedBy"":""69f62cd5271164a83828fd92"",""candidateStyleSystemIds"":[],""slotId"":""SL-69f9059418c71b10d6b34f63-0"",""confirmedAt"":""2026-05-04T20:46:44.715Z"",""status"":""confirmed""}]","NC-0000000165","1","[""69f62cd5271164a83828fd92"",""69f2706d181676bbd6e82a5e""]","","0","","sots_submitted","69f9059418c71b10d6b34f63","2026-05-04T20:46:12.872000","2026-05-04T21:51:31.767000","service_720f1ed7-4d53-4623-8377-a9877bf2f722","service+720f1ed7-4d53-4623-8377-a9877bf2f722@no-reply.base44.com","false"
"","69f218c618cc26dee7ae01ce","{""lineupScenes"":[{""sceneId"":""sc-1"",""label"":""Scène principale"",""icon"":""🎛""}],""lineupSchedule"":[{""plageId"":""p-1"",""label"":""Warmup"",""timeStart"":""2026-07-09T14:00:00.000Z"",""timeEnd"":""2026-07-09T14:36:00.000Z""},{""plageId"":""p-2"",""label"":""Peak"",""timeStart"":""2026-07-09T14:36:00.000Z"",""timeEnd"":""2026-07-09T16:00:00.000Z""}]}","","","event","","","","[{""submittedBallot"":false,""roleSystemId"":""RL-000005"",""styleSystemIds"":[],""joinedAt"":""2026-05-04T20:45:16.624Z"",""styleSystemId"":null,""sotsSubmitted"":null,""userId"":""69f62cd5271164a83828fd92"",""isNoShow"":null,""status"":""lobby""}]","69f9053e9f11d93ca67b60af","6","","2","","","","","","","[{""roleSystemId"":""RL-000005"",""candidateUserId"":null,""confirmedBy"":null,""candidateStyleSystemIds"":[],""slotId"":""SL-69f90540a552771f19ba7bb2-0"",""confirmedAt"":null,""status"":""pending""}]","NC-0000000165","","[]","","","","aborted","69f90540a552771f19ba7bb2","2026-05-04T20:44:48.560000","2026-05-07T13:16:38.459000","service_720f1ed7-4d53-4623-8377-a9877bf2f722","service+720f1ed7-4d53-4623-8377-a9877bf2f722@no-reply.base44.com","false"
"2026-05-03T17:17:32.322Z","69f62cd5271164a83828fd92","{""lineupScenes"":[{""sceneId"":""sc-1"",""label"":""Scène principale"",""icon"":""🎛""}],""lineupSchedule"":[{""plageId"":""p-1"",""label"":""Warmup"",""timeStart"":""2026-07-02T09:00:00.000Z"",""timeEnd"":""2026-07-02T09:36:00.000Z""},{""plageId"":""p-2"",""label"":""Peak"",""timeStart"":""2026-07-02T09:36:00.000Z"",""timeEnd"":""2026-07-02T10:30:00.000Z""},{""plageId"":""p-3"",""label"":""Closer"",""timeStart"":""2026-07-02T10:30:00.000Z"",""timeEnd"":""2026-07-02T11:00:00.000Z""}],""lineupPlacements"":{""SL-69f77a1da63e0c7d0ef141e3-1:69f7701d31890c3d20e8c9d7:sc-1:p-1"":{""slotId"":""SL-69f77a1da63e0c7d0ef141e3-1"",""userId"":""69f7701d31890c3d20e8c9d7"",""sceneId"":""sc-1"",""plageId"":""p-1"",""roleSystemId"":""RL-000001"",""assignedPrice"":50,""assignedStyleSystemIds"":[],""isPlaced"":true,""_pricingMeta"":{""hourlyRate"":92,""workedMin"":36,""requiredMin"":36,""billableMin"":36,""allocationRatio"":1,""blockSize"":1},""_primeMeta"":{""saison"":""+15%"",""offreDemande"":""N/A""},""_primeMultiplier"":1.15,""priceIsOverridden"":true,""priceOverridedAt"":""2026-05-03T16:41:57.689Z"",""calculatedPrice"":55,""proposalId"":""69f77ad8fdb2efb959e88b85"",""proposalStatus"":""accepted"",""proposedBy"":""69f62cd5271164a83828fd92"",""proposedAt"":""2026-05-03T16:41:57.689Z"",""talentCounterPrice"":null,""talentResponseNote"":null},""SL-69f77a1da63e0c7d0ef141e3-0:69f62dd4479edabdf08b12ee:sc-1:p-2"":{""slotId"":""SL-69f77a1da63e0c7d0ef141e3-0"",""userId"":""69f62dd4479edabdf08b12ee"",""sceneId"":""sc-1"",""plageId"":""p-2"",""roleSystemId"":""RL-000005"",""assignedPrice"":60,""assignedStyleSystemIds"":[],""isPlaced"":true,""_pricingMeta"":{""hourlyRate"":92.72,""workedMin"":54,""requiredMin"":54,""billableMin"":54,""allocationRatio"":1,""blockSize"":1},""_primeMeta"":{""sots"":""0%"",""xp"":""+1% (niv.2)"",""saison"":""+15%"",""offreDemande"":""N/A""},""_primeMultiplier"":1.159,""priceIsOverridden"":true,""priceOverridedAt"":""2026-05-03T16:42:08.858Z"",""calculatedPrice"":83,""proposalId"":""69f77ae3ebf917bd62b3b93a"",""proposalStatus"":""accepted"",""proposedBy"":""69f62cd5271164a83828fd92"",""proposedAt"":""2026-05-03T16:42:08.858Z"",""talentCounterPrice"":null,""talentResponseNote"":null},""SL-69f77a1da63e0c7d0ef141e3-1:69f2706d181676bbd6e82a5e:sc-1:p-3"":{""slotId"":""SL-69f77a1da63e0c7d0ef141e3-1"",""userId"":""69f2706d181676bbd6e82a5e"",""sceneId"":""sc-1"",""plageId"":""p-3"",""roleSystemId"":""RL-000001"",""assignedPrice"":70,""assignedStyleSystemIds"":[],""isPlaced"":true,""_pricingMeta"":{""hourlyRate"":192.6,""workedMin"":30,""requiredMin"":30,""billableMin"":30,""allocationRatio"":1,""blockSize"":1},""_primeMeta"":{""sots"":""+10%"",""xp"":""+2% (niv.3)"",""saison"":""+15%"",""offreDemande"":""N/A""},""_primeMultiplier"":1.284,""priceIsOverridden"":true,""priceOverridedAt"":""2026-05-03T16:42:29.234Z"",""calculatedPrice"":96,""proposalId"":""69f77af83f7457ee56bacf69"",""proposalStatus"":""accepted"",""proposedBy"":""69f62cd5271164a83828fd92"",""proposedAt"":""2026-05-03T16:42:29.234Z"",""talentCounterPrice"":null,""talentResponseNote"":null}}}","","","event","","2026-05-03T16:45:42.292Z","","[{""submittedBallot"":true,""roleSystemId"":""RL-000001"",""styleSystemIds"":[],""joinedAt"":""2026-05-03T16:40:47.815Z"",""styleSystemId"":null,""sotsSubmitted"":true,""userId"":""69f7701d31890c3d20e8c9d7"",""isNoShow"":null,""status"":""confirmed""},{""submittedBallot"":false,""roleSystemId"":""RL-000005"",""styleSystemIds"":[],""joinedAt"":""2026-05-03T16:41:02.109Z"",""styleSystemId"":null,""sotsSubmitted"":null,""userId"":""69f62dd4479edabdf08b12ee"",""isNoShow"":null,""status"":""confirmed""},{""submittedBallot"":true,""roleSystemId"":""RL-000001"",""styleSystemIds"":[],""joinedAt"":""2026-05-03T16:41:37.142Z"",""styleSystemId"":null,""sotsSubmitted"":true,""userId"":""69f2706d181676bbd6e82a5e"",""isNoShow"":null,""status"":""confirmed""},{""submittedBallot"":true,""roleSystemId"":""RL-ORGANIZER"",""styleSystemIds"":[],""joinedAt"":""2026-05-03T16:45:42.292Z"",""styleSystemId"":null,""sotsSubmitted"":true,""userId"":""69f62cd5271164a83828fd92"",""isNoShow"":null,""status"":""confirmed""}]","69f77a1c312b74a9460d126c","6","","2","","","3","0","","","[{""roleSystemId"":""RL-000005"",""candidateUserId"":""69f62dd4479edabdf08b12ee"",""confirmedBy"":""69f62cd5271164a83828fd92"",""candidateStyleSystemIds"":[],""slotId"":""SL-69f77a1da63e0c7d0ef141e3-0"",""confirmedAt"":""2026-05-03T16:41:17.389Z"",""status"":""confirmed""},{""roleSystemId"":""RL-000001"",""candidateUserId"":""69f7701d31890c3d20e8c9d7"",""confirmedBy"":""69f62cd5271164a83828fd92"",""candidateStyleSystemIds"":[],""slotId"":""SL-69f77a1da63e0c7d0ef141e3-1"",""confirmedAt"":""2026-05-03T16:40:58.827Z"",""status"":""confirmed""}]","NC-0000000165","2","[""69f2706d181676bbd6e82a5e"",""69f7701d31890c3d20e8c9d7"",""69f62cd5271164a83828fd92""]","","0","","completed","69f77a1da63e0c7d0ef141e3","2026-05-03T16:38:53.438000","2026-05-03T20:01:17.271000","service_720f1ed7-4d53-4623-8377-a9877bf2f722","service+720f1ed7-4d53-4623-8377-a9877bf2f722@no-reply.base44.com","false"
"2026-05-03T14:40:48.421Z","69f62cd5271164a83828fd92","{""lineupScenes"":[{""sceneId"":""sc-1"",""label"":""Scène principale"",""icon"":""🎛""}],""lineupSchedule"":[{""plageId"":""p-1"",""label"":""Warmup"",""timeStart"":""2026-08-08T18:00:00.000Z"",""timeEnd"":""2026-08-08T19:12:00.000Z""},{""plageId"":""p-2"",""label"":""Peak"",""timeStart"":""2026-08-08T19:12:00.000Z"",""timeEnd"":""2026-08-08T21:00:00.000Z""},{""plageId"":""p-3"",""label"":""Closer"",""timeStart"":""2026-08-08T21:00:00.000Z"",""timeEnd"":""2026-08-08T22:00:00.000Z""}],""lineupPlacements"":{""SL-69f751813e778879b5ffa82b-1:69f2706d181676bbd6e82a5e:sc-1:p-3"":{""slotId"":""SL-69f751813e778879b5ffa82b-1"",""userId"":""69f2706d181676bbd6e82a5e"",""sceneId"":""sc-1"",""plageId"":""p-3"",""roleSystemId"":""RL-000001"",""assignedPrice"":170,""assignedStyleSystemIds"":[],""isPlaced"":true,""_pricingMeta"":{""hourlyRate"":211.8,""workedMin"":60,""requiredMin"":60,""billableMin"":60,""allocationRatio"":1,""blockSize"":1},""_primeMeta"":{""sots"":""+10%"",""jour"":""+10% (WE)"",""xp"":""+2% (niv.3)"",""saison"":""+15%"",""offreDemande"":""N/A""},""_primeMultiplier"":1.412,""priceIsOverridden"":true,""priceOverridedAt"":""2026-05-03T13:48:32.995Z"",""calculatedPrice"":212,""proposalId"":""69f7523450715faffd444c22"",""proposalStatus"":""accepted"",""proposedBy"":""69f62cd5271164a83828fd92"",""proposedAt"":""2026-05-03T13:48:32.995Z"",""talentCounterPrice"":170,""talentResponseNote"":null},""SL-69f751813e778879b5ffa82b-0:69f62dd4479edabdf08b12ee:sc-1:p-2"":{""slotId"":""SL-69f751813e778879b5ffa82b-0"",""userId"":""69f62dd4479edabdf08b12ee"",""sceneId"":""sc-1"",""plageId"":""p-2"",""roleSystemId"":""RL-000008"",""assignedPrice"":30,""assignedStyleSystemIds"":[],""isPlaced"":true,""_pricingMeta"":{""hourlyRate"":101.2,""workedMin"":108,""requiredMin"":240,""billableMin"":240,""allocationRatio"":0.45,""blockSize"":3},""_primeMeta"":{""jour"":""+10% (WE)"",""saison"":""+15%"",""offreDemande"":""N/A""},""_primeMultiplier"":1.265,""priceIsOverridden"":true,""priceOverridedAt"":""2026-05-03T13:49:12.032Z"",""calculatedPrice"":182,""proposalId"":""69f7525beacdecfa90b07b38"",""proposalStatus"":""accepted"",""proposedBy"":""69f62cd5271164a83828fd92"",""proposedAt"":""2026-05-03T13:49:12.032Z"",""talentCounterPrice"":null,""talentResponseNote"":null},""SL-69f751813e778879b5ffa82b-0:69f62dd4479edabdf08b12ee:sc-1:p-1"":{""slotId"":""SL-69f751813e778879b5ffa82b-0"",""userId"":""69f62dd4479edabdf08b12ee"",""sceneId"":""sc-1"",""plageId"":""p-1"",""roleSystemId"":""RL-000008"",""assignedPrice"":20,""assignedStyleSystemIds"":[],""isPlaced"":true,""_pricingMeta"":{""hourlyRate"":101.2,""workedMin"":72,""requiredMin"":240,""billableMin"":240,""allocationRatio"":0.3,""blockSize"":3},""_primeMeta"":{""jour"":""+10% (WE)"",""saison"":""+15%"",""offreDemande"":""N/A""},""_primeMultiplier"":1.265,""priceIsOverridden"":true,""priceOverridedAt"":""2026-05-03T13:49:33.722Z"",""calculatedPrice"":121,""proposalId"":""69f7526f36900caaa730f8d6"",""proposalStatus"":""accepted"",""proposedBy"":""69f62cd5271164a83828fd92"",""proposedAt"":""2026-05-03T13:49:33.722Z"",""talentCounterPrice"":null,""talentResponseNote"":null},""SL-69f751813e778879b5ffa82b-0:69f62dd4479edabdf08b12ee:sc-1:p-3"":{""slotId"":""SL-69f751813e778879b5ffa82b-0"",""userId"":""69f62dd4479edabdf08b12ee"",""sceneId"":""sc-1"",""plageId"":""p-3"",""roleSystemId"":""RL-000008"",""assignedPrice"":20,""assignedStyleSystemIds"":[],""isPlaced"":true,""_pricingMeta"":{""hourlyRate"":101.2,""workedMin"":60,""requiredMin"":240,""billableMin"":240,""allocationRatio"":0.25,""blockSize"":3},""_primeMeta"":{""jour"":""+10% (WE)"",""saison"":""+15%"",""offreDemande"":""N/A""},""_primeMultiplier"":1.265,""priceIsOverridden"":true,""priceOverridedAt"":""2026-05-03T13:49:47.298Z"",""calculatedPrice"":101,""proposalId"":""69f7527d1d127926b973ec4e"",""proposalStatus"":""accepted"",""proposedBy"":""69f62cd5271164a83828fd92"",""proposedAt"":""2026-05-03T13:49:47.298Z"",""talentCounterPrice"":null,""talentResponseNote"":null}}}","","","event","","2026-05-03T14:03:30.417Z","","[{""submittedBallot"":true,""roleSystemId"":""RL-000001"",""styleSystemIds"":[""ST-000246"",""ST-000247""],""joinedAt"":""2026-05-03T13:47:46.565Z"",""styleSystemId"":null,""sotsSubmitted"":true,""userId"":""69f2706d181676bbd6e82a5e"",""isNoShow"":null,""status"":""confirmed""},{""submittedBallot"":true,""roleSystemId"":""RL-000008"",""styleSystemIds"":[],""joinedAt"":""2026-05-03T13:48:51.514Z"",""styleSystemId"":null,""sotsSubmitted"":true,""userId"":""69f62dd4479edabdf08b12ee"",""isNoShow"":null,""status"":""confirmed""},{""submittedBallot"":true,""roleSystemId"":""RL-ORGANIZER"",""styleSystemIds"":[""ST-000246"",""ST-000247""],""joinedAt"":""2026-05-03T14:03:30.417Z"",""styleSystemId"":null,""sotsSubmitted"":true,""userId"":""69f62cd5271164a83828fd92"",""isNoShow"":null,""status"":""confirmed""}]","69f75180ac78024b59cd0de7","6","","2","","","4","1","","","[{""roleSystemId"":""RL-000008"",""candidateUserId"":""69f62dd4479edabdf08b12ee"",""confirmedBy"":""69f62cd5271164a83828fd92"",""candidateStyleSystemIds"":[],""slotId"":""SL-69f751813e778879b5ffa82b-0"",""confirmedAt"":""2026-05-03T13:48:58.788Z"",""status"":""confirmed""},{""roleSystemId"":""RL-000001"",""candidateUserId"":""69f2706d181676bbd6e82a5e"",""confirmedBy"":""69f62cd5271164a83828fd92"",""candidateStyleSystemIds"":[""ST-000246"",""ST-000247""],""slotId"":""SL-69f751813e778879b5ffa82b-1"",""confirmedAt"":""2026-05-03T13:48:19.634Z"",""status"":""confirmed""}]","NC-0000000165","2","[""69f62cd5271164a83828fd92"",""69f2706d181676bbd6e82a5e"",""69f62dd4479edabdf08b12ee""]","","1","","sots_submitted","69f751813e778879b5ffa82b","2026-05-03T13:45:37.553000","2026-05-03T14:41:21.043000","service_720f1ed7-4d53-4623-8377-a9877bf2f722","service+720f1ed7-4d53-4623-8377-a9877bf2f722@no-reply.base44.com","false"
"","69f62cd5271164a83828fd92","{""lineupScenes"":[{""sceneId"":""sc-1"",""label"":""Scène principale"",""icon"":""🎛""}],""lineupSchedule"":[{""plageId"":""p-1"",""label"":""Warmup"",""timeStart"":""2026-05-11T00:00:00.000Z"",""timeEnd"":""2026-05-11T00:36:00.000Z""},{""plageId"":""p-2"",""label"":""Peak"",""timeStart"":""2026-05-11T00:36:00.000Z"",""timeEnd"":""2026-05-11T02:00:00.000Z""}],""lineupPlacements"":{""SL-69f74e61607d2fc65e4c0b23-0:69f2706d181676bbd6e82a5e:sc-1:p-2"":{""slotId"":""SL-69f74e61607d2fc65e4c0b23-0"",""userId"":""69f2706d181676bbd6e82a5e"",""sceneId"":""sc-1"",""plageId"":""p-2"",""roleSystemId"":""RL-000001"",""assignedPrice"":200,""assignedStyleSystemIds"":[],""isPlaced"":true,""_pricingMeta"":{""hourlyRate"":167.55,""workedMin"":84,""requiredMin"":84,""billableMin"":84,""allocationRatio"":1,""blockSize"":1},""_primeMeta"":{""sots"":""+10%"",""xp"":""+2% (niv.3)"",""offreDemande"":""N/A""},""_primeMultiplier"":1.117,""priceIsOverridden"":true,""priceOverridedAt"":""2026-05-03T13:33:07.975Z"",""calculatedPrice"":235,""proposalId"":""69f74e96cfd2edcecabe1fc7"",""proposalStatus"":""accepted"",""proposedBy"":""69f62cd5271164a83828fd92"",""proposedAt"":""2026-05-03T13:33:07.975Z"",""talentCounterPrice"":null,""talentResponseNote"":null}}}","","","event","","","","[{""submittedBallot"":false,""roleSystemId"":""RL-000001"",""styleSystemIds"":[],""joinedAt"":""2026-05-03T13:32:38.911Z"",""styleSystemId"":null,""sotsSubmitted"":null,""userId"":""69f2706d181676bbd6e82a5e"",""isNoShow"":null,""status"":""confirmed""}]","69f74e5f1c0bf0580ac178ea","6","","2","","","","","","","[{""roleSystemId"":""RL-000001"",""candidateUserId"":""69f2706d181676bbd6e82a5e"",""confirmedBy"":""69f62cd5271164a83828fd92"",""candidateStyleSystemIds"":[],""slotId"":""SL-69f74e61607d2fc65e4c0b23-0"",""confirmedAt"":""2026-05-03T13:32:51.082Z"",""status"":""confirmed""}]","NC-0000000097","","[]","","","","lobby","69f74e61607d2fc65e4c0b23","2026-05-03T13:32:17.052000","2026-05-03T13:33:22.557000","service_720f1ed7-4d53-4623-8377-a9877bf2f722","service+720f1ed7-4d53-4623-8377-a9877bf2f722@no-reply.base44.com","false"
"","69f62cd5271164a83828fd92","{""lineupScenes"":[{""sceneId"":""sc-1"",""label"":""Scène principale"",""icon"":""🎛""},{""sceneId"":""sc-1777814933217"",""label"":""Micro"",""icon"":""🎤""}],""lineupSchedule"":[{""plageId"":""p-1"",""label"":""Warmup"",""timeStart"":""2026-05-11T13:00:00.000Z"",""timeEnd"":""2026-05-11T13:36:00.000Z""},{""plageId"":""p-2"",""label"":""Peak"",""timeStart"":""2026-05-11T13:36:00.000Z"",""timeEnd"":""2026-05-11T15:00:00.000Z""}],""lineupPlacements"":{""SL-69f74d9c81d52c153d493af0-0:69f2706d181676bbd6e82a5e:sc-1777814933217:p-2"":{""slotId"":""SL-69f74d9c81d52c153d493af0-0"",""userId"":""69f2706d181676bbd6e82a5e"",""sceneId"":""sc-1777814933217"",""plageId"":""p-2"",""roleSystemId"":""RL-000008"",""assignedPrice"":100,""assignedStyleSystemIds"":[],""isPlaced"":true,""_pricingMeta"":{""hourlyRate"":89.36,""workedMin"":84,""requiredMin"":84,""billableMin"":84,""allocationRatio"":1,""blockSize"":1},""_primeMeta"":{""sots"":""+10%"",""xp"":""+2% (niv.3)"",""offreDemande"":""N/A""},""_primeMultiplier"":1.117,""priceIsOverridden"":true,""priceOverridedAt"":""2026-05-03T13:29:48.087Z"",""calculatedPrice"":125,""proposalId"":""69f74dd0b1ffba673e0a63cb"",""proposalStatus"":""accepted"",""proposedBy"":""69f62cd5271164a83828fd92"",""proposedAt"":""2026-05-03T13:29:48.087Z"",""talentCounterPrice"":null,""talentResponseNote"":null}}}","","","event","","","","[{""submittedBallot"":false,""roleSystemId"":""RL-000008"",""styleSystemIds"":[],""joinedAt"":""2026-05-03T13:29:29.373Z"",""styleSystemId"":null,""sotsSubmitted"":null,""userId"":""69f2706d181676bbd6e82a5e"",""isNoShow"":null,""status"":""confirmed""}]","69f74d9a94e6705490a1dfca","6","","2","","","","","","","[{""roleSystemId"":""RL-000008"",""candidateUserId"":""69f2706d181676bbd6e82a5e"",""confirmedBy"":""69f62cd5271164a83828fd92"",""candidateStyleSystemIds"":[],""slotId"":""SL-69f74d9c81d52c153d493af0-0"",""confirmedAt"":""2026-05-03T13:29:35.413Z"",""status"":""confirmed""}]","NC-0000000057","","[]","","","","lobby","69f74d9c81d52c153d493af0","2026-05-03T13:29:00.137000","2026-05-03T13:30:04.101000","service_720f1ed7-4d53-4623-8377-a9877bf2f722","service+720f1ed7-4d53-4623-8377-a9877bf2f722@no-reply.base44.com","false"
"","69f62cd5271164a83828fd92","{""lineupScenes"":[{""sceneId"":""sc-1"",""label"":""Scène principale"",""icon"":""🎛""},{""sceneId"":""sc-1777812094320"",""label"":""Micro"",""icon"":""🎤""}],""lineupSchedule"":[{""plageId"":""p-1"",""label"":""Warmup"",""timeStart"":""2026-12-10T15:00:00.000Z"",""timeEnd"":""2026-12-10T15:18:00.000Z""},{""plageId"":""p-2"",""label"":""Peak"",""timeStart"":""2026-12-10T15:18:00.000Z"",""timeEnd"":""2026-12-10T16:00:00.000Z""}],""lineupPlacements"":{""SL-69f7428545d664675d32cc0f-0:69f2706d181676bbd6e82a5e:sc-1:p-2"":{""slotId"":""SL-69f7428545d664675d32cc0f-0"",""userId"":""69f2706d181676bbd6e82a5e"",""sceneId"":""sc-1"",""plageId"":""p-2"",""roleSystemId"":""RL-000005"",""assignedPrice"":100,""assignedStyleSystemIds"":[],""isPlaced"":true,""_pricingMeta"":{""hourlyRate"":102.72,""workedMin"":42,""requiredMin"":42,""billableMin"":42,""allocationRatio"":1,""blockSize"":1},""_primeMeta"":{""sots"":""+10%"",""xp"":""+2% (niv.3)"",""saison"":""+15%"",""offreDemande"":""N/A""},""_primeMultiplier"":1.284,""priceIsOverridden"":true,""priceOverridedAt"":""2026-05-03T12:44:06.744Z"",""calculatedPrice"":72,""proposalId"":""69f74319ed35f59fdfa1afef"",""proposalStatus"":""accepted"",""proposedBy"":""69f62cd5271164a83828fd92"",""proposedAt"":""2026-05-03T12:44:06.744Z"",""talentCounterPrice"":null,""talentResponseNote"":null},""SL-69f7428545d664675d32cc0f-0:69f218c618cc26dee7ae01ce:sc-1777812094320:p-2"":{""slotId"":""SL-69f7428545d664675d32cc0f-0"",""userId"":""69f218c618cc26dee7ae01ce"",""sceneId"":""sc-1777812094320"",""plageId"":""p-2"",""roleSystemId"":""RL-000005"",""assignedPrice"":100,""assignedStyleSystemIds"":[],""isPlaced"":true,""_pricingMeta"":{""hourlyRate"":93.36,""workedMin"":42,""requiredMin"":42,""billableMin"":42,""allocationRatio"":1,""blockSize"":1},""_primeMeta"":{""sots"":""0%"",""xp"":""+2% (niv.3)"",""saison"":""+15%"",""offreDemande"":""N/A""},""_primeMultiplier"":1.167,""priceIsOverridden"":true,""priceOverridedAt"":""2026-05-03T12:45:07.052Z"",""calculatedPrice"":65,""proposalId"":""69f74356189e69bab52bd68d"",""proposalStatus"":""accepted"",""proposedBy"":""69f62cd5271164a83828fd92"",""proposedAt"":""2026-05-03T12:45:07.052Z"",""talentCounterPrice"":null,""talentResponseNote"":null}}}","","","event","","","","[{""submittedBallot"":false,""roleSystemId"":""RL-000005"",""styleSystemIds"":[],""joinedAt"":""2026-05-03T12:43:10.935Z"",""styleSystemId"":null,""sotsSubmitted"":null,""userId"":""69f2706d181676bbd6e82a5e"",""isNoShow"":null,""status"":""confirmed""},{""submittedBallot"":false,""roleSystemId"":""RL-000005"",""styleSystemIds"":[],""joinedAt"":""2026-05-03T12:44:33.917Z"",""styleSystemId"":null,""sotsSubmitted"":null,""userId"":""69f218c618cc26dee7ae01ce"",""isNoShow"":null,""status"":""confirmed""}]","69f74283836e62b5bf65c905","6","","2","","","","","","","[{""roleSystemId"":""RL-000005"",""candidateUserId"":""69f2706d181676bbd6e82a5e"",""confirmedBy"":""69f62cd5271164a83828fd92"",""candidateStyleSystemIds"":[],""slotId"":""SL-69f7428545d664675d32cc0f-0"",""confirmedAt"":""2026-05-03T12:43:35.532Z"",""status"":""confirmed""}]","NC-0000000021","","[]","","","","aborted","69f7428545d664675d32cc0f","2026-05-03T12:41:41.287000","2026-05-03T12:54:41.688000","service_720f1ed7-4d53-4623-8377-a9877bf2f722","service+720f1ed7-4d53-4623-8377-a9877bf2f722@no-reply.base44.com","false"
"2026-05-03T01:29:55.561Z","69f2706d181676bbd6e82a5e","{""lineupScenes"":[{""sceneId"":""sc-1"",""label"":""Scène principale"",""icon"":""🎛""}],""lineupSchedule"":[{""plageId"":""p-1"",""label"":""Warmup"",""timeStart"":""2026-09-01T14:00:00.000Z"",""timeEnd"":""2026-09-01T14:36:00.000Z""},{""plageId"":""p-2"",""label"":""Peak"",""timeStart"":""2026-09-01T14:36:00.000Z"",""timeEnd"":""2026-09-01T16:00:00.000Z""}],""lineupPlacements"":{""SL-69f69254f392f7e661cef876-0:69f62cd5271164a83828fd92:sc-1:p-1"":{""slotId"":""SL-69f69254f392f7e661cef876-0"",""userId"":""69f62cd5271164a83828fd92"",""sceneId"":""sc-1"",""plageId"":""p-1"",""roleSystemId"":""RL-000002"",""assignedPrice"":30,""assignedStyleSystemIds"":[],""isPlaced"":true,""_pricingMeta"":{""hourlyRate"":96,""workedMin"":36,""requiredMin"":36,""billableMin"":36,""allocationRatio"":1,""blockSize"":1},""_primeMeta"":{""jour"":""+20% (férié)"",""offreDemande"":""N/A""},""_primeMultiplier"":1.2,""priceIsOverridden"":true,""priceOverridedAt"":""2026-05-03T00:10:45.032Z"",""calculatedPrice"":58,""proposalId"":""69f69287318a7ff596dcbdf3"",""proposalStatus"":""accepted"",""proposedBy"":""69f2706d181676bbd6e82a5e"",""proposedAt"":""2026-05-03T00:10:45.032Z"",""talentCounterPrice"":30,""talentResponseNote"":null},""SL-69f69254f392f7e661cef876-0:69f2739b8a9489588db01d2c:sc-1:p-1"":{""slotId"":""SL-69f69254f392f7e661cef876-0"",""userId"":""69f2739b8a9489588db01d2c"",""sceneId"":""sc-1"",""plageId"":""p-1"",""roleSystemId"":""RL-000002"",""assignedPrice"":70,""assignedStyleSystemIds"":[],""isPlaced"":true,""_pricingMeta"":{""hourlyRate"":96,""workedMin"":36,""requiredMin"":36,""billableMin"":36,""allocationRatio"":1,""blockSize"":1},""_primeMeta"":{""jour"":""+20% (férié)"",""offreDemande"":""N/A""},""_primeMultiplier"":1.2,""priceIsOverridden"":true,""priceOverridedAt"":""2026-05-03T00:17:26.853Z"",""calculatedPrice"":58,""proposalId"":""69f694197b67301bb5ccd9de"",""proposalStatus"":""accepted"",""proposedBy"":""69f2706d181676bbd6e82a5e"",""proposedAt"":""2026-05-03T00:17:26.853Z"",""talentCounterPrice"":null,""talentResponseNote"":null}}}","","","event","","2026-05-03T00:21:01.431Z","","[{""submittedBallot"":true,""roleSystemId"":""RL-000002"",""styleSystemIds"":[],""joinedAt"":""2026-05-03T00:10:16.684Z"",""styleSystemId"":null,""sotsSubmitted"":true,""userId"":""69f62cd5271164a83828fd92"",""isNoShow"":null,""status"":""confirmed""},{""submittedBallot"":false,""roleSystemId"":""RL-000002"",""styleSystemIds"":[],""joinedAt"":""2026-05-03T00:17:06.137Z"",""styleSystemId"":null,""sotsSubmitted"":null,""userId"":""69f2739b8a9489588db01d2c"",""isNoShow"":null,""status"":""confirmed""},{""submittedBallot"":false,""roleSystemId"":""RL-ORGANIZER"",""styleSystemIds"":[],""joinedAt"":""2026-05-03T00:21:01.431Z"",""styleSystemId"":null,""sotsSubmitted"":false,""userId"":""69f2706d181676bbd6e82a5e"",""isNoShow"":null,""status"":""confirmed""}]","69f69253ae23482e8f256790","6","","2","","","3","0","","","[{""roleSystemId"":""RL-000002"",""candidateUserId"":""69f62cd5271164a83828fd92"",""confirmedBy"":""69f2706d181676bbd6e82a5e"",""candidateStyleSystemIds"":[],""slotId"":""SL-69f69254f392f7e661cef876-0"",""confirmedAt"":""2026-05-03T00:10:26.456Z"",""status"":""confirmed""}]","NC-0000000165","2","[""69f62cd5271164a83828fd92""]","","0","","disputed","69f69254f392f7e661cef876","2026-05-03T00:09:56.327000","2026-05-03T01:51:06.467000","service_720f1ed7-4d53-4623-8377-a9877bf2f722","service+720f1ed7-4d53-4623-8377-a9877bf2f722@no-reply.base44.com","false"
"","69f218c618cc26dee7ae01ce","{""lineupScenes"":[{""sceneId"":""sc-1"",""label"":""Scène principale"",""icon"":""🎛""}],""lineupSchedule"":[{""plageId"":""p-1"",""label"":""Warmup"",""timeStart"":""2026-08-08T09:00:00.000Z"",""timeEnd"":""2026-08-08T09:54:00.000Z""},{""plageId"":""p-2"",""label"":""Peak"",""timeStart"":""2026-08-08T09:54:00.000Z"",""timeEnd"":""2026-08-08T12:00:00.000Z""}]}","","","event","","","","[]","69f6920fce95c34ff167e32a","6","","2","","","","","","","[{""roleSystemId"":""RL-000007"",""candidateUserId"":null,""confirmedBy"":null,""candidateStyleSystemIds"":[],""slotId"":""SL-69f69210d491073092c17cf3-0"",""confirmedAt"":null,""status"":""open""}]","NC-0000000165","","[]","","","","aborted","69f69210d491073092c17cf3","2026-05-03T00:08:48.642000","2026-05-07T13:16:44.636000","service_720f1ed7-4d53-4623-8377-a9877bf2f722","service+720f1ed7-4d53-4623-8377-a9877bf2f722@no-reply.base44.com","false"
"2026-05-02T17:36:39.690Z","69f218c618cc26dee7ae01ce","{""lineupScenes"":[{""sceneId"":""sc-1"",""label"":""Scène principale"",""icon"":""🎛""}],""lineupSchedule"":[{""plageId"":""p-1"",""label"":""Peak"",""timeStart"":""2026-08-01T09:00:00.000Z"",""timeEnd"":""2026-08-01T10:00:00.000Z""}],""lineupPlacements"":{""SL-69f634b0abd969a8173bc805-0:69f2706d181676bbd6e82a5e:sc-1:p-1"":{""slotId"":""SL-69f634b0abd969a8173bc805-0"",""userId"":""69f2706d181676bbd6e82a5e"",""sceneId"":""sc-1"",""plageId"":""p-1"",""roleSystemId"":""RL-000003"",""assignedPrice"":100,""assignedStyleSystemIds"":[],""isPlaced"":true,""_pricingMeta"":{""hourlyRate"":101.2,""workedMin"":60,""requiredMin"":60,""billableMin"":60,""allocationRatio"":1,""blockSize"":1},""_primeMeta"":{""sots"":""0%"",""jour"":""+10% (WE)"",""saison"":""+15%"",""offreDemande"":""N/A""},""_primeMultiplier"":1.265,""priceIsOverridden"":true,""priceOverridedAt"":""2026-05-02T17:31:03.096Z"",""calculatedPrice"":101,""proposalId"":""69f634da6985ec56a9673642"",""proposalStatus"":""accepted"",""proposedBy"":""69f218c618cc26dee7ae01ce"",""proposedAt"":""2026-05-02T17:31:03.096Z"",""talentCounterPrice"":null,""talentResponseNote"":null}}}","","","event","","2026-05-02T17:36:16.979Z","","[{""submittedBallot"":true,""roleSystemId"":""RL-000003"",""styleSystemIds"":[],""joinedAt"":""2026-05-02T17:30:37.331Z"",""styleSystemId"":null,""sotsSubmitted"":true,""userId"":""69f2706d181676bbd6e82a5e"",""isNoShow"":null,""status"":""confirmed""},{""submittedBallot"":true,""roleSystemId"":""RL-ORGANIZER"",""styleSystemIds"":[],""joinedAt"":""2026-05-02T17:36:16.979Z"",""styleSystemId"":null,""sotsSubmitted"":true,""userId"":""69f218c618cc26dee7ae01ce"",""isNoShow"":null,""status"":""confirmed""}]","69f634af3f0bc18f639bd7bf","6","","2","","","2","0","","","[{""roleSystemId"":""RL-000003"",""candidateUserId"":""69f2706d181676bbd6e82a5e"",""confirmedBy"":""69f218c618cc26dee7ae01ce"",""candidateStyleSystemIds"":[],""slotId"":""SL-69f634b0abd969a8173bc805-0"",""confirmedAt"":""2026-05-02T17:30:53.233Z"",""status"":""confirmed""}]","NC-0000000160","1","[""69f218c618cc26dee7ae01ce"",""69f2706d181676bbd6e82a5e""]","","0","","sots_submitted","69f634b0abd969a8173bc805","2026-05-02T17:30:24.978000","2026-05-02T17:36:59.924000","service_720f1ed7-4d53-4623-8377-a9877bf2f722","service+720f1ed7-4d53-4623-8377-a9877bf2f722@no-reply.base44.com","false"
"2026-05-02T17:07:09.408Z","69f218c618cc26dee7ae01ce","{""lineupScenes"":[{""sceneId"":""sc-1"",""label"":""Scène principale"",""icon"":""🎛""}],""lineupSchedule"":[{""plageId"":""p-1"",""label"":""Peak"",""timeStart"":""2026-09-02T06:00:00.000Z"",""timeEnd"":""2026-09-02T07:00:00.000Z""}],""lineupPlacements"":{""SL-69f62ccc71d655dd418527d6-1:69f2706d181676bbd6e82a5e:sc-1:p-1"":{""slotId"":""SL-69f62ccc71d655dd418527d6-1"",""userId"":""69f2706d181676bbd6e82a5e"",""sceneId"":""sc-1"",""plageId"":""p-1"",""roleSystemId"":""RL-000001"",""assignedPrice"":150,""assignedStyleSystemIds"":[],""isPlaced"":true,""_pricingMeta"":{""hourlyRate"":150,""workedMin"":60,""requiredMin"":60,""billableMin"":60,""allocationRatio"":1,""blockSize"":1},""_primeMeta"":{""offreDemande"":""N/A""},""_primeMultiplier"":1,""priceIsOverridden"":true,""priceOverridedAt"":""2026-05-02T16:58:16.536Z"",""calculatedPrice"":150,""proposalId"":""69f62d2beb55dba1468227ad"",""proposalStatus"":""accepted"",""proposedBy"":""69f218c618cc26dee7ae01ce"",""proposedAt"":""2026-05-02T16:58:16.536Z"",""talentCounterPrice"":null,""talentResponseNote"":null}}}","","","event","","2026-05-02T17:05:06.063Z","","[{""submittedBallot"":true,""roleSystemId"":""RL-000001"",""styleSystemIds"":[],""joinedAt"":""2026-05-02T16:58:03.172Z"",""styleSystemId"":null,""sotsSubmitted"":true,""userId"":""69f2706d181676bbd6e82a5e"",""isNoShow"":null,""status"":""confirmed""},{""submittedBallot"":true,""roleSystemId"":""RL-ORGANIZER"",""styleSystemIds"":[],""joinedAt"":""2026-05-02T17:05:06.063Z"",""styleSystemId"":null,""sotsSubmitted"":true,""userId"":""69f218c618cc26dee7ae01ce"",""isNoShow"":null,""status"":""confirmed""}]","69f62ccbbfe7cfd19437a1f6","6","","2","","","5","2","","","[{""roleSystemId"":""RL-000006"",""candidateUserId"":null,""confirmedBy"":null,""candidateStyleSystemIds"":[],""slotId"":""SL-69f62ccc71d655dd418527d6-0"",""confirmedAt"":null,""status"":""open""},{""roleSystemId"":""RL-000001"",""candidateUserId"":""69f2706d181676bbd6e82a5e"",""confirmedBy"":""69f218c618cc26dee7ae01ce"",""candidateStyleSystemIds"":[],""slotId"":""SL-69f62ccc71d655dd418527d6-1"",""confirmedAt"":""2026-05-02T16:58:09.833Z"",""status"":""confirmed""}]","NC-0000000025","1","[""69f218c618cc26dee7ae01ce"",""69f2706d181676bbd6e82a5e""]","","2","","sots_submitted","69f62ccc71d655dd418527d6","2026-05-02T16:56:44.691000","2026-05-02T17:07:37.828000","service_720f1ed7-4d53-4623-8377-a9877bf2f722","service+720f1ed7-4d53-4623-8377-a9877bf2f722@no-reply.base44.com","false"
"2026-05-02T22:18:40.435Z","69f218c618cc26dee7ae01ce","{""lineupScenes"":[{""sceneId"":""sc-1"",""label"":""Scène principale"",""icon"":""🎛""}],""lineupSchedule"":[{""plageId"":""p-1"",""label"":""Warmup"",""timeStart"":""2028-01-01T05:00:00.000Z"",""timeEnd"":""2028-01-01T05:18:00.000Z""},{""plageId"":""p-2"",""label"":""Peak"",""timeStart"":""2028-01-01T05:18:00.000Z"",""timeEnd"":""2028-01-01T06:00:00.000Z""}],""lineupPlacements"":{""SL-69f628a7847b151a2e90e8ec-0:69f2706d181676bbd6e82a5e:sc-1:p-2"":{""slotId"":""SL-69f628a7847b151a2e90e8ec-0"",""userId"":""69f2706d181676bbd6e82a5e"",""sceneId"":""sc-1"",""plageId"":""p-2"",""roleSystemId"":""RL-000001"",""assignedPrice"":100,""assignedStyleSystemIds"":[],""isPlaced"":true,""_pricingMeta"":{""hourlyRate"":180,""workedMin"":42,""requiredMin"":42,""billableMin"":42,""allocationRatio"":1,""blockSize"":1},""_primeMeta"":{""jour"":""+20% (férié)"",""offreDemande"":""N/A""},""_primeMultiplier"":1.2,""priceIsOverridden"":true,""priceOverridedAt"":""2026-05-02T16:39:45.172Z"",""calculatedPrice"":126,""proposalId"":""69f628d30b6de7490ea9dd1f"",""proposalStatus"":""accepted"",""proposedBy"":""69f218c618cc26dee7ae01ce"",""proposedAt"":""2026-05-02T16:39:45.172Z"",""talentCounterPrice"":null,""talentResponseNote"":null}}}","","","event","","2026-05-02T22:17:46.588Z","","[{""submittedBallot"":true,""roleSystemId"":""RL-000001"",""styleSystemIds"":[],""joinedAt"":""2026-05-02T16:39:23.308Z"",""styleSystemId"":null,""sotsSubmitted"":true,""userId"":""69f2706d181676bbd6e82a5e"",""isNoShow"":null,""status"":""confirmed""},{""submittedBallot"":true,""roleSystemId"":""RL-ORGANIZER"",""styleSystemIds"":[],""joinedAt"":""2026-05-02T22:17:46.588Z"",""styleSystemId"":null,""sotsSubmitted"":true,""userId"":""69f218c618cc26dee7ae01ce"",""isNoShow"":null,""status"":""confirmed""}]","69f628a58b137f63df8a0790","6","","2","","","3","1","","","[{""roleSystemId"":""RL-000001"",""candidateUserId"":""69f2706d181676bbd6e82a5e"",""confirmedBy"":""69f218c618cc26dee7ae01ce"",""candidateStyleSystemIds"":[],""slotId"":""SL-69f628a7847b151a2e90e8ec-0"",""confirmedAt"":""2026-05-02T16:39:30.424Z"",""status"":""confirmed""}]","NC-0000000122","1","[""69f218c618cc26dee7ae01ce"",""69f62dd4479edabdf08b12ee"",""69f2706d181676bbd6e82a5e""]","","1","","sots_submitted","69f628a7847b151a2e90e8ec","2026-05-02T16:39:03.578000","2026-05-02T22:19:07.613000","service_720f1ed7-4d53-4623-8377-a9877bf2f722","service+720f1ed7-4d53-4623-8377-a9877bf2f722@no-reply.base44.com","false"
"2026-05-02T22:30:44.475Z","69f218c618cc26dee7ae01ce","{""lineupScenes"":[{""sceneId"":""sc-1"",""label"":""Scène principale"",""icon"":""🎛""}],""lineupSchedule"":[{""plageId"":""p-1"",""label"":""Peak"",""timeStart"":""2026-09-01T13:00:00.000Z"",""timeEnd"":""2026-09-01T14:00:00.000Z""}],""lineupPlacements"":{""SL-69f62616b3fbeeabb8b1ba56-0:69f2706d181676bbd6e82a5e:sc-1:p-1"":{""slotId"":""SL-69f62616b3fbeeabb8b1ba56-0"",""userId"":""69f2706d181676bbd6e82a5e"",""sceneId"":""sc-1"",""plageId"":""p-1"",""roleSystemId"":""RL-000001"",""assignedPrice"":150,""assignedStyleSystemIds"":[],""isPlaced"":true,""_pricingMeta"":{""hourlyRate"":180,""workedMin"":60,""requiredMin"":60,""billableMin"":60,""allocationRatio"":1,""blockSize"":1},""_primeMeta"":{""jour"":""+20% (férié)"",""offreDemande"":""N/A""},""_primeMultiplier"":1.2,""priceIsOverridden"":true,""priceOverridedAt"":""2026-05-02T16:28:36.692Z"",""calculatedPrice"":180,""proposalId"":""69f62637fb2385488a9ff38b"",""proposalStatus"":""accepted"",""proposedBy"":""69f218c618cc26dee7ae01ce"",""proposedAt"":""2026-05-02T16:28:36.692Z"",""talentCounterPrice"":null,""talentResponseNote"":null}}}","","","event","","2026-05-02T22:23:07.233Z","","[{""submittedBallot"":false,""roleSystemId"":""RL-000001"",""styleSystemIds"":[],""joinedAt"":""2026-05-02T16:28:17.266Z"",""styleSystemId"":null,""sotsSubmitted"":null,""userId"":""69f2706d181676bbd6e82a5e"",""isNoShow"":null,""status"":""confirmed""},{""submittedBallot"":true,""roleSystemId"":""RL-ORGANIZER"",""styleSystemIds"":[],""joinedAt"":""2026-05-02T22:23:07.233Z"",""styleSystemId"":null,""sotsSubmitted"":true,""userId"":""69f218c618cc26dee7ae01ce"",""isNoShow"":null,""status"":""confirmed""}]","69f6261577278f600ed8ca2e","6","","2","","","3","1","","","[{""roleSystemId"":""RL-000001"",""candidateUserId"":""69f2706d181676bbd6e82a5e"",""confirmedBy"":""69f218c618cc26dee7ae01ce"",""candidateStyleSystemIds"":[],""slotId"":""SL-69f62616b3fbeeabb8b1ba56-0"",""confirmedAt"":""2026-05-02T16:28:27.808Z"",""status"":""confirmed""}]","NC-0000000101","1","[""69f218c618cc26dee7ae01ce"",""69f62cd5271164a83828fd92""]","","1","","completed","69f62616b3fbeeabb8b1ba56","2026-05-02T16:28:06.786000","2026-05-02T22:31:06.678000","service_720f1ed7-4d53-4623-8377-a9877bf2f722","service+720f1ed7-4d53-4623-8377-a9877bf2f722@no-reply.base44.com","false"
"","69f218c618cc26dee7ae01ce","{""lineupScenes"":[{""sceneId"":""sc-1"",""label"":""Scène principale"",""icon"":""🎛""}],""lineupSchedule"":[{""plageId"":""p-1"",""label"":""Warmup"",""timeStart"":""2026-07-08T14:00:00.000Z"",""timeEnd"":""2026-07-08T14:36:00.000Z""},{""plageId"":""p-2"",""label"":""Peak"",""timeStart"":""2026-07-08T14:36:00.000Z"",""timeEnd"":""2026-07-08T16:00:00.000Z""}],""lineupPlacements"":{""SL-69f61a916dd4b698d16617d4-0:69f2706d181676bbd6e82a5e:sc-1:p-1"":{""slotId"":""SL-69f61a916dd4b698d16617d4-0"",""userId"":""69f2706d181676bbd6e82a5e"",""sceneId"":""sc-1"",""plageId"":""p-1"",""roleSystemId"":""RL-000001"",""assignedPrice"":110,""assignedStyleSystemIds"":[],""isPlaced"":true,""_pricingMeta"":{""hourlyRate"":172.5,""workedMin"":36,""requiredMin"":36,""billableMin"":36,""allocationRatio"":1,""blockSize"":1},""_primeMeta"":{""saison"":""+15%"",""offreDemande"":""N/A""},""_primeMultiplier"":1.15,""priceIsOverridden"":true,""priceOverridedAt"":""2026-05-02T15:39:31.318Z"",""calculatedPrice"":104,""proposalId"":""69f61ab67d286564e25f2a0f"",""proposalStatus"":""pending_talent"",""proposedBy"":""69f218c618cc26dee7ae01ce"",""proposedAt"":""2026-05-02T15:39:31.318Z"",""talentCounterPrice"":null,""talentResponseNote"":null},""SL-69f61a916dd4b698d16617d4-0:69f62cd5271164a83828fd92:sc-1:p-2"":{""slotId"":""SL-69f61a916dd4b698d16617d4-0"",""userId"":""69f62cd5271164a83828fd92"",""sceneId"":""sc-1"",""plageId"":""p-2"",""roleSystemId"":""RL-000001"",""assignedPrice"":100,""assignedStyleSystemIds"":[],""isPlaced"":true,""_pricingMeta"":{""hourlyRate"":92,""workedMin"":84,""requiredMin"":84,""billableMin"":84,""allocationRatio"":1,""blockSize"":1},""_primeMeta"":{""saison"":""+15%"",""offreDemande"":""N/A""},""_primeMultiplier"":1.15,""priceIsOverridden"":true,""priceOverridedAt"":""2026-05-03T00:06:20.115Z"",""calculatedPrice"":129,""proposalId"":""69f6917f7e2e410bbbb5cb6b"",""proposalStatus"":""accepted"",""proposedBy"":""69f218c618cc26dee7ae01ce"",""proposedAt"":""2026-05-03T00:06:20.115Z"",""talentCounterPrice"":null,""talentResponseNote"":null}}}","","","event","","","","[{""submittedBallot"":false,""roleSystemId"":""RL-000001"",""styleSystemIds"":[],""joinedAt"":""2026-05-02T15:39:15.258Z"",""styleSystemId"":null,""sotsSubmitted"":null,""userId"":""69f2706d181676bbd6e82a5e"",""isNoShow"":null,""status"":""confirmed""},{""submittedBallot"":false,""roleSystemId"":""RL-000001"",""styleSystemIds"":[],""joinedAt"":""2026-05-03T00:05:59.529Z"",""styleSystemId"":null,""sotsSubmitted"":null,""userId"":""69f62cd5271164a83828fd92"",""isNoShow"":null,""status"":""confirmed""}]","69f61a9031cab8fcbbdbbf37","6","","2","","","","","","","[{""roleSystemId"":""RL-000001"",""candidateUserId"":""69f2706d181676bbd6e82a5e"",""confirmedBy"":""69f218c618cc26dee7ae01ce"",""candidateStyleSystemIds"":[],""slotId"":""SL-69f61a916dd4b698d16617d4-0"",""confirmedAt"":""2026-05-02T15:39:19.336Z"",""status"":""confirmed""}]","NC-0000000054","","[]","","","","aborted","69f61a916dd4b698d16617d4","2026-05-02T15:38:57.544000","2026-05-07T13:16:41.966000","service_720f1ed7-4d53-4623-8377-a9877bf2f722","service+720f1ed7-4d53-4623-8377-a9877bf2f722@no-reply.base44.com","false"
"2026-05-07T13:34:55.913Z","69f218c618cc26dee7ae01ce","{""lineupScenes"":[{""sceneId"":""sc-1"",""label"":""Scène principale"",""icon"":""🎛""}],""lineupSchedule"":[{""plageId"":""p-1"",""label"":""Warmup"",""timeStart"":""2026-07-08T14:00:00.000Z"",""timeEnd"":""2026-07-08T15:12:00.000Z""},{""plageId"":""p-2"",""label"":""Peak"",""timeStart"":""2026-07-08T15:12:00.000Z"",""timeEnd"":""2026-07-08T18:00:00.000Z""}],""lineupPlacements"":{""SL-69f615b959bdb5b53e2a55d7-0:69f2706d181676bbd6e82a5e:sc-1:p-1"":{""slotId"":""SL-69f615b959bdb5b53e2a55d7-0"",""userId"":""69f2706d181676bbd6e82a5e"",""sceneId"":""sc-1"",""plageId"":""p-1"",""roleSystemId"":""RL-000007"",""assignedPrice"":100,""assignedStyleSystemIds"":[],""isPlaced"":true,""_pricingMeta"":{""hourlyRate"":92,""workedMin"":72,""requiredMin"":72,""billableMin"":72,""allocationRatio"":1,""blockSize"":1},""_primeMeta"":{""saison"":""+15%"",""offreDemande"":""N/A""},""_primeMultiplier"":1.15,""priceIsOverridden"":true,""priceOverridedAt"":""2026-05-02T15:18:49.227Z"",""calculatedPrice"":110,""proposalId"":""69f615dc1554e8513ebe438f"",""proposalStatus"":""accepted"",""proposedBy"":""69f218c618cc26dee7ae01ce"",""proposedAt"":""2026-05-02T15:18:49.227Z"",""talentCounterPrice"":null,""talentResponseNote"":null}}}","","","event","","2026-05-07T13:24:54.596Z","","[{""submittedBallot"":true,""roleSystemId"":""RL-000007"",""styleSystemIds"":[],""joinedAt"":""2026-05-02T15:18:33.968Z"",""styleSystemId"":null,""sotsSubmitted"":true,""userId"":""69f2706d181676bbd6e82a5e"",""isNoShow"":null,""status"":""confirmed""},{""submittedBallot"":true,""roleSystemId"":""RL-ORGANIZER"",""styleSystemIds"":[],""joinedAt"":""2026-05-07T13:24:54.596Z"",""styleSystemId"":null,""sotsSubmitted"":true,""userId"":""69f218c618cc26dee7ae01ce"",""isNoShow"":null,""status"":""confirmed""}]","69f615b84b21070e1ca0f945","6","","2","","","3","0","","","[{""roleSystemId"":""RL-000007"",""candidateUserId"":""69f2706d181676bbd6e82a5e"",""confirmedBy"":""69f218c618cc26dee7ae01ce"",""candidateStyleSystemIds"":[],""slotId"":""SL-69f615b959bdb5b53e2a55d7-0"",""confirmedAt"":""2026-05-02T15:18:39.858Z"",""status"":""confirmed""}]","NC-0000000161","2","[""69f62cd5271164a83828fd92"",""69f218c618cc26dee7ae01ce"",""69f2706d181676bbd6e82a5e""]","","0","","sots_submitted","69f615b959bdb5b53e2a55d7","2026-05-02T15:18:17.878000","2026-05-07T13:35:25.973000","service_720f1ed7-4d53-4623-8377-a9877bf2f722","service+720f1ed7-4d53-4623-8377-a9877bf2f722@no-reply.base44.com","false"
"2026-05-07T13:21:45.162Z","69f218c618cc26dee7ae01ce","{""lineupScenes"":[{""sceneId"":""sc-1"",""label"":""Scène principale"",""icon"":""🎛""},{""sceneId"":""sc-1777730583610"",""label"":""Micro"",""icon"":""🎤""}],""lineupSchedule"":[{""plageId"":""p-1"",""label"":""Warmup"",""timeStart"":""2026-07-07T05:00:00.000Z"",""timeEnd"":""2026-07-07T05:36:00.000Z""},{""plageId"":""p-2"",""label"":""Peak"",""timeStart"":""2026-07-07T05:36:00.000Z"",""timeEnd"":""2026-07-07T07:00:00.000Z""}],""lineupPlacements"":{""SL-69f6041c8f9287ae5e807a1d-0:69f2706d181676bbd6e82a5e:sc-1:p-1"":{""slotId"":""SL-69f6041c8f9287ae5e807a1d-0"",""userId"":""69f2706d181676bbd6e82a5e"",""sceneId"":""sc-1"",""plageId"":""p-1"",""roleSystemId"":""RL-000002"",""assignedPrice"":35,""assignedStyleSystemIds"":[],""isPlaced"":true,""_pricingMeta"":{""hourlyRate"":92,""workedMin"":36,""requiredMin"":36,""billableMin"":36,""allocationRatio"":1,""blockSize"":1},""_primeMeta"":{""saison"":""+15%"",""offreDemande"":""N/A""},""_primeMultiplier"":1.15,""priceIsOverridden"":true,""priceOverridedAt"":""2026-05-02T14:03:45.008Z"",""calculatedPrice"":55,""proposalId"":""69f60444599a81276322b631"",""proposalStatus"":""accepted"",""proposedBy"":""69f218c618cc26dee7ae01ce"",""proposedAt"":""2026-05-02T14:03:45.008Z"",""talentCounterPrice"":35,""talentResponseNote"":null}}}","","","event","","2026-05-07T13:18:08.641Z","","[{""submittedBallot"":true,""roleSystemId"":""RL-000002"",""styleSystemIds"":[],""joinedAt"":""2026-05-02T14:03:19.267Z"",""styleSystemId"":null,""sotsSubmitted"":true,""userId"":""69f2706d181676bbd6e82a5e"",""isNoShow"":null,""status"":""confirmed""},{""submittedBallot"":true,""roleSystemId"":""RL-ORGANIZER"",""styleSystemIds"":[],""joinedAt"":""2026-05-07T13:18:08.641Z"",""styleSystemId"":null,""sotsSubmitted"":true,""userId"":""69f218c618cc26dee7ae01ce"",""isNoShow"":null,""status"":""confirmed""}]","69f6041b11fc961b649e5c6f","6","","2","","","3","1","","","[{""roleSystemId"":""RL-000002"",""candidateUserId"":""69f2706d181676bbd6e82a5e"",""confirmedBy"":""69f218c618cc26dee7ae01ce"",""candidateStyleSystemIds"":[],""slotId"":""SL-69f6041c8f9287ae5e807a1d-0"",""confirmedAt"":""2026-05-02T14:03:30.805Z"",""status"":""confirmed""}]","NC-0000000058","1","[""69f2706d181676bbd6e82a5e"",""69f218c618cc26dee7ae01ce""]","","1","","sots_submitted","69f6041c8f9287ae5e807a1d","2026-05-02T14:03:08.357000","2026-05-07T13:22:08.837000","service_720f1ed7-4d53-4623-8377-a9877bf2f722","service+720f1ed7-4d53-4623-8377-a9877bf2f722@no-reply.base44.com","false"
"","69f2706d181676bbd6e82a5e","{""lineupScenes"":[{""sceneId"":""sc-1"",""label"":""Scène principale"",""icon"":""🎛""}],""lineupSchedule"":[{""plageId"":""p-1"",""label"":""Warmup"",""timeStart"":""2026-06-06T10:00:00.000Z"",""timeEnd"":""2026-06-06T10:36:00.000Z""},{""plageId"":""p-2"",""label"":""Peak"",""timeStart"":""2026-06-06T10:36:00.000Z"",""timeEnd"":""2026-06-06T12:00:00.000Z""}],""lineupPlacements"":{""SL-69f5faa411e66c76135217ce-0:69f218c618cc26dee7ae01ce:sc-1:p-1"":{""slotId"":""SL-69f5faa411e66c76135217ce-0"",""userId"":""69f218c618cc26dee7ae01ce"",""sceneId"":""sc-1"",""plageId"":""p-1"",""roleSystemId"":""RL-000006"",""assignedPrice"":30,""assignedStyleSystemIds"":[],""isPlaced"":true,""_pricingMeta"":{""hourlyRate"":103.44,""workedMin"":36,""requiredMin"":36,""billableMin"":36,""allocationRatio"":1,""blockSize"":1},""_primeMeta"":{""sots"":""0%"",""jour"":""+10% (WE)"",""xp"":""+2% (niv.4)"",""saison"":""+15%"",""offreDemande"":""N/A""},""_primeMultiplier"":1.293,""priceIsOverridden"":true,""priceOverridedAt"":""2026-05-02T13:26:55.073Z"",""calculatedPrice"":61,""proposalId"":""69f5fba2b2c41f6d93403e14"",""proposalStatus"":""accepted"",""proposedBy"":""69f2706d181676bbd6e82a5e"",""proposedAt"":""2026-05-02T13:26:55.073Z"",""talentCounterPrice"":null,""talentResponseNote"":null},""SL-69f5faa411e66c76135217ce-0:69f62cd5271164a83828fd92:sc-1:p-2"":{""slotId"":""SL-69f5faa411e66c76135217ce-0"",""userId"":""69f62cd5271164a83828fd92"",""sceneId"":""sc-1"",""plageId"":""p-2"",""roleSystemId"":""RL-000006"",""assignedPrice"":665,""assignedStyleSystemIds"":[],""isPlaced"":true,""_pricingMeta"":{""hourlyRate"":110.24,""workedMin"":84,""requiredMin"":84,""billableMin"":84,""allocationRatio"":1,""blockSize"":1},""_primeMeta"":{""sots"":""+5%"",""jour"":""+10% (WE)"",""xp"":""+4% (niv.6)"",""saison"":""+15%"",""offreDemande"":""N/A""},""_primeMultiplier"":1.378,""priceIsOverridden"":true,""priceOverridedAt"":""2026-05-07T14:49:39.733Z"",""calculatedPrice"":154,""proposalId"":""69fca68723583106cd1a9692"",""proposalStatus"":""accepted"",""proposedBy"":""69f2706d181676bbd6e82a5e"",""proposedAt"":""2026-05-07T14:49:39.733Z"",""talentCounterPrice"":665,""talentResponseNote"":null}}}","","","event","","","","[{""submittedBallot"":false,""roleSystemId"":""RL-000006"",""styleSystemIds"":[],""joinedAt"":""2026-05-02T13:23:17.427Z"",""styleSystemId"":null,""sotsSubmitted"":null,""userId"":""69f218c618cc26dee7ae01ce"",""isNoShow"":null,""status"":""confirmed""},{""submittedBallot"":false,""roleSystemId"":""RL-000006"",""styleSystemIds"":[],""joinedAt"":""2026-05-07T14:48:09.366Z"",""styleSystemId"":null,""sotsSubmitted"":null,""userId"":""69f62cd5271164a83828fd92"",""isNoShow"":null,""status"":""confirmed""}]","69f5faa236e8ec608ae3a167","6","","2","","","","","","","[{""roleSystemId"":""RL-000006"",""candidateUserId"":""69f218c618cc26dee7ae01ce"",""confirmedBy"":""69f2706d181676bbd6e82a5e"",""candidateStyleSystemIds"":[],""slotId"":""SL-69f5faa411e66c76135217ce-0"",""confirmedAt"":""2026-05-02T13:23:25.669Z"",""status"":""confirmed""}]","NC-0000000131","","[]","","","","aborted","69f5faa411e66c76135217ce","2026-05-02T13:22:44.290000","2026-05-07T14:53:18.037000","service_720f1ed7-4d53-4623-8377-a9877bf2f722","service+720f1ed7-4d53-4623-8377-a9877bf2f722@no-reply.base44.com","false"
"","69f2706d181676bbd6e82a5e","{""lineupScenes"":[{""sceneId"":""sc-1"",""label"":""Scène principale"",""icon"":""🎛""},{""sceneId"":""sc-1777725842721"",""label"":""Micro"",""icon"":""🎤""}],""lineupSchedule"":[{""plageId"":""p-1"",""label"":""Warmup"",""timeStart"":""2026-09-09T05:00:00.000Z"",""timeEnd"":""2026-09-09T05:54:00.000Z""},{""plageId"":""p-2"",""label"":""Peak"",""timeStart"":""2026-09-09T05:54:00.000Z"",""timeEnd"":""2026-09-09T08:00:00.000Z""}],""lineupPlacements"":{""SL-69f5f1984b21070e1ca0bb26-0:69f218c618cc26dee7ae01ce:sc-1:p-1"":{""slotId"":""SL-69f5f1984b21070e1ca0bb26-0"",""userId"":""69f218c618cc26dee7ae01ce"",""sceneId"":""sc-1"",""plageId"":""p-1"",""roleSystemId"":""RL-000011"",""assignedPrice"":20,""assignedStyleSystemIds"":[],""isPlaced"":true,""_pricingMeta"":{""hourlyRate"":80,""workedMin"":54,""requiredMin"":54,""billableMin"":54,""allocationRatio"":1,""blockSize"":1},""_primeMeta"":{""offreDemande"":""N/A""},""_primeMultiplier"":1,""priceIsOverridden"":true,""priceOverridedAt"":""2026-05-02T12:44:39.688Z"",""calculatedPrice"":72,""proposalId"":""69f5f1bb153f9ba6d52e0c0c"",""proposalStatus"":""accepted"",""proposedBy"":""69f2706d181676bbd6e82a5e"",""proposedAt"":""2026-05-02T12:44:39.688Z"",""talentCounterPrice"":null,""talentResponseNote"":null}}}","","","event","","","","[{""submittedBallot"":false,""roleSystemId"":""RL-000011"",""styleSystemIds"":[],""joinedAt"":""2026-05-02T12:44:20.779Z"",""styleSystemId"":null,""sotsSubmitted"":null,""userId"":""69f218c618cc26dee7ae01ce"",""isNoShow"":null,""status"":""confirmed""}]","69f5f19663a02779cf4fa08b","6","","2","","","","","","","[{""roleSystemId"":""RL-000011"",""candidateUserId"":""69f218c618cc26dee7ae01ce"",""confirmedBy"":""69f2706d181676bbd6e82a5e"",""candidateStyleSystemIds"":[],""slotId"":""SL-69f5f1984b21070e1ca0bb26-0"",""confirmedAt"":""2026-05-02T12:44:26.827Z"",""status"":""confirmed""}]","NC-0000000165","","[]","","","","aborted","69f5f1984b21070e1ca0bb26","2026-05-02T12:44:08.011000","2026-05-02T13:44:54.462000","service_720f1ed7-4d53-4623-8377-a9877bf2f722","service+720f1ed7-4d53-4623-8377-a9877bf2f722@no-reply.base44.com","false"