eventId,note,systemId,metadata,executedAt,lineIndex,reconciliationKey,subSkuCode,economicEvent,transactionType,stripeTransferId,createdAt,amountCents,talentUserId,flowCode,transactionGroupId,financialStatement,currency,engagementId,skuCode,account,direction,id,created_date,updated_date,created_by_id,created_by,is_sample
"EVT-Q4KUZB-7NVDKR","Extinction créance organisateur ENG-T75C5V-NF5RRR — balance","LDG-9FHZ9R-HLPUTF","{""stripeEventId"":""pi_3Tc2Hz2eLVUrCnnJ1lnhMK81"",""txgId"":""TXG-ENC-T75C5V-NF5RRR-nhMK81"",""lineCount"":2}","","1","stripe:pi_3Tc2Hz2eLVUrCnnJ1lnhMK81","SUB-COURT-BALANCE","encaissement_balance","encaissement_solde","","2026-05-28T11:39:53.558Z","80000","","ENC-BALANCE","TXG-ENC-T75C5V-NF5RRR-nhMK81","FLUX","cad","ENG-T75C5V-NF5RRR","SKU-COURTAGE","4110","CREDIT","6a18298a6cc15310662bda26","2026-05-28T11:39:54.807000","2026-05-28T11:39:54.807000","6a09b5c6ace6051fecd365af","frederik.gelin@gmail.com","false"
"EVT-Q4KUZB-7NVDKR","Encaissement balance Stripe — 800.00$","LDG-ZMR2HV-LW25G8","{""stripeEventId"":""pi_3Tc2Hz2eLVUrCnnJ1lnhMK81"",""txgId"":""TXG-ENC-T75C5V-NF5RRR-nhMK81"",""lineCount"":2}","","0","stripe:pi_3Tc2Hz2eLVUrCnnJ1lnhMK81","SUB-COURT-BALANCE","encaissement_balance","encaissement_solde","","2026-05-28T11:39:53.558Z","80000","","ENC-BALANCE","TXG-ENC-T75C5V-NF5RRR-nhMK81","FLUX","cad","ENG-T75C5V-NF5RRR","SKU-COURTAGE","5200","DEBIT","6a18298abc1da9b3cd9c9a86","2026-05-28T11:39:54.650000","2026-05-28T11:39:54.650000","6a09b5c6ace6051fecd365af","frederik.gelin@gmail.com","false"
"EVT-Q4KUZB-7NVDKR","Extinction créance organisateur ENG-T75C5V-NF5RRR — dépôt","LDG-THQ94N-WXPXWY","{""stripeEventId"":""pi_3Tc2HO2eLVUrCnnJ0NvpPLrA"",""txgId"":""TXG-ENC-T75C5V-NF5RRR-vpPLrA"",""lineCount"":2}","","1","stripe:pi_3Tc2HO2eLVUrCnnJ0NvpPLrA","SUB-COURT-DEPOT","encaissement_depot","encaissement_depot","","2026-05-28T11:39:17.480Z","20000","","ENC-DEPOT","TXG-ENC-T75C5V-NF5RRR-vpPLrA","FLUX","cad","ENG-T75C5V-NF5RRR","SKU-COURTAGE","4110","CREDIT","6a18296604cfdfc8ebc80976","2026-05-28T11:39:18.736000","2026-05-28T11:39:18.736000","6a09b5c6ace6051fecd365af","frederik.gelin@gmail.com","false"
"EVT-Q4KUZB-7NVDKR","Encaissement dépôt Stripe — 200.00$","LDG-A5RQL8-BSW4BR","{""stripeEventId"":""pi_3Tc2HO2eLVUrCnnJ0NvpPLrA"",""txgId"":""TXG-ENC-T75C5V-NF5RRR-vpPLrA"",""lineCount"":2}","","0","stripe:pi_3Tc2HO2eLVUrCnnJ0NvpPLrA","SUB-COURT-DEPOT","encaissement_depot","encaissement_depot","","2026-05-28T11:39:17.480Z","20000","","ENC-DEPOT","TXG-ENC-T75C5V-NF5RRR-vpPLrA","FLUX","cad","ENG-T75C5V-NF5RRR","SKU-COURTAGE","5200","DEBIT","6a1829666e3786857461e335","2026-05-28T11:39:18.577000","2026-05-28T11:39:18.577000","6a09b5c6ace6051fecd365af","frederik.gelin@gmail.com","false"
"EVT-Q4KUZB-7NVDKR","Commission MR différée 12.0% — escrow jusqu'à archivage","LDG-AAZLC5-5AFRNX","{""transactionGroupId"":""TXG-T75C5V-NF5RRR"",""lineCount"":3}","","2","journal:placement-ENG-T75C5V-NF5RRR","SUB-COURT-USR-MPIG0A","placement_engagement","placement_engagement","","2026-05-28T11:38:44.698Z","12000","","","TXG-T75C5V-NF5RRR","BILAN","cad","ENG-T75C5V-NF5RRR","SKU-COURTAGE","4530","CREDIT","6a182946eac157ac0cffb74e","2026-05-28T11:38:46.437000","2026-05-28T11:38:46.437000","6a09b5c6ace6051fecd365af","frederik.gelin@gmail.com","false"
"EVT-Q4KUZB-7NVDKR","Cachet net talent — 880.00$","LDG-6V5VB4-P68K2M","{""transactionGroupId"":""TXG-T75C5V-NF5RRR"",""lineCount"":3}","","1","journal:placement-ENG-T75C5V-NF5RRR","SUB-COURT-USR-MPIG0A","placement_engagement","placement_engagement","","2026-05-28T11:38:44.698Z","88000","","","TXG-T75C5V-NF5RRR","BILAN","cad","ENG-T75C5V-NF5RRR","SKU-COURTAGE","4310","CREDIT","6a1829464a3f3af19d89cf4e","2026-05-28T11:38:46.252000","2026-05-28T11:38:46.252000","6a09b5c6ace6051fecd365af","frederik.gelin@gmail.com","false"
"EVT-Q4KUZB-7NVDKR","Placement ENG-T75C5V-NF5RRR — créance organisateur 1000.00$","LDG-66G5WF-AGULVE","{""transactionGroupId"":""TXG-T75C5V-NF5RRR"",""lineCount"":3,""waterfall"":{""cachetSigneCents"":100000,""commissionMrCents"":12000,""talentNetCents"":88000,""tauxPpm"":120000}}","","0","journal:placement-ENG-T75C5V-NF5RRR","SUB-COURT-USR-MPIG0A","placement_engagement","placement_engagement","","2026-05-28T11:38:44.698Z","100000","","","TXG-T75C5V-NF5RRR","BILAN","cad","ENG-T75C5V-NF5RRR","SKU-COURTAGE","4110","DEBIT","6a1829462e6b2a4a6550a61c","2026-05-28T11:38:46.017000","2026-05-28T11:38:46.017000","6a09b5c6ace6051fecd365af","frederik.gelin@gmail.com","false"
"EVT-ASXPW3-MY7QWZ","Commission MR différée 12.0% — escrow jusqu'à archivage","LDG-V8YFX8-SHRBAV","{""transactionGroupId"":""TXG-PSSMWE-D4BZZL"",""lineCount"":3}","","2","journal:placement-ENG-PSSMWE-D4BZZL","SUB-COURT-TEST","placement_engagement","placement_engagement","","2026-05-28T11:29:22.283Z","1800","","","TXG-PSSMWE-D4BZZL","BILAN","cad","ENG-PSSMWE-D4BZZL","SKU-COURTAGE","4530","CREDIT","6a18271360ed53f0db029f5d","2026-05-28T11:29:23.870000","2026-05-28T11:29:23.870000","6a09b5c6ace6051fecd365af","frederik.gelin@gmail.com","false"
"EVT-ASXPW3-MY7QWZ","Cachet net talent — 132.00$","LDG-Z547CG-KTJC9B","{""transactionGroupId"":""TXG-PSSMWE-D4BZZL"",""lineCount"":3}","","1","journal:placement-ENG-PSSMWE-D4BZZL","SUB-COURT-TEST","placement_engagement","placement_engagement","","2026-05-28T11:29:22.283Z","13200","","","TXG-PSSMWE-D4BZZL","BILAN","cad","ENG-PSSMWE-D4BZZL","SKU-COURTAGE","4310","CREDIT","6a1827134fb497c5249979f5","2026-05-28T11:29:23.677000","2026-05-28T11:29:23.677000","6a09b5c6ace6051fecd365af","frederik.gelin@gmail.com","false"
"EVT-ASXPW3-MY7QWZ","Placement ENG-PSSMWE-D4BZZL — créance organisateur 150.00$","LDG-PCWGTW-LM9W86","{""transactionGroupId"":""TXG-PSSMWE-D4BZZL"",""lineCount"":3,""waterfall"":{""cachetSigneCents"":15000,""commissionMrCents"":1800,""talentNetCents"":13200,""tauxPpm"":120000}}","","0","journal:placement-ENG-PSSMWE-D4BZZL","SUB-COURT-TEST","placement_engagement","placement_engagement","","2026-05-28T11:29:22.283Z","15000","","","TXG-PSSMWE-D4BZZL","BILAN","cad","ENG-PSSMWE-D4BZZL","SKU-COURTAGE","4110","DEBIT","6a1827136cc15310662bd8a8","2026-05-28T11:29:23.487000","2026-05-28T11:29:23.487000","6a09b5c6ace6051fecd365af","frederik.gelin@gmail.com","false"
"EVT-M4DQPA-USTS3F","Extinction créance organisateur ENG-CPN768-BTNAQV — balance","LDG-9A24SB-PUMAUR","{""stripeEventId"":""pi_3TbtzJ2eLVUrCnnJ0KFtAevg"",""txgId"":""TXG-ENC-CPN768-BTNAQV-FtAevg"",""lineCount"":2}","","1","stripe:pi_3TbtzJ2eLVUrCnnJ0KFtAevg","SUB-COURT-BALANCE","encaissement_balance","encaissement_solde","","2026-05-28T02:48:09.511Z","32000","","ENC-BALANCE","TXG-ENC-CPN768-BTNAQV-FtAevg","FLUX","cad","ENG-CPN768-BTNAQV","SKU-COURTAGE","4110","CREDIT","6a17aceb94ce136b5adba199","2026-05-28T02:48:11.909000","2026-05-28T02:48:11.909000","6a09b5c6ace6051fecd365af","frederik.gelin@gmail.com","false"
"EVT-M4DQPA-USTS3F","Encaissement balance Stripe — 320.00$","LDG-778769-LE4GDE","{""stripeEventId"":""pi_3TbtzJ2eLVUrCnnJ0KFtAevg"",""txgId"":""TXG-ENC-CPN768-BTNAQV-FtAevg"",""lineCount"":2}","","0","stripe:pi_3TbtzJ2eLVUrCnnJ0KFtAevg","SUB-COURT-BALANCE","encaissement_balance","encaissement_solde","","2026-05-28T02:48:09.511Z","32000","","ENC-BALANCE","TXG-ENC-CPN768-BTNAQV-FtAevg","FLUX","cad","ENG-CPN768-BTNAQV","SKU-COURTAGE","5200","DEBIT","6a17aceb64a53532d50b6130","2026-05-28T02:48:11.671000","2026-05-28T02:48:11.671000","6a09b5c6ace6051fecd365af","frederik.gelin@gmail.com","false"
"EVT-M4DQPA-USTS3F","Extinction créance organisateur ENG-CPN768-BTNAQV — dépôt","LDG-4Y8SPX-85UR8U","{""stripeEventId"":""pi_3Tbtym2eLVUrCnnJ0CjfWgJ8"",""txgId"":""TXG-ENC-CPN768-BTNAQV-jfWgJ8"",""lineCount"":2}","","1","stripe:pi_3Tbtym2eLVUrCnnJ0CjfWgJ8","SUB-COURT-DEPOT","encaissement_depot","encaissement_depot","","2026-05-28T02:47:31.824Z","8000","","ENC-DEPOT","TXG-ENC-CPN768-BTNAQV-jfWgJ8","FLUX","cad","ENG-CPN768-BTNAQV","SKU-COURTAGE","4110","CREDIT","6a17acc56a22f4115d5edf98","2026-05-28T02:47:33.255000","2026-05-28T02:47:33.255000","6a09b5c6ace6051fecd365af","frederik.gelin@gmail.com","false"
"EVT-M4DQPA-USTS3F","Encaissement dépôt Stripe — 80.00$","LDG-LK6AUW-ED3VMG","{""stripeEventId"":""pi_3Tbtym2eLVUrCnnJ0CjfWgJ8"",""txgId"":""TXG-ENC-CPN768-BTNAQV-jfWgJ8"",""lineCount"":2}","","0","stripe:pi_3Tbtym2eLVUrCnnJ0CjfWgJ8","SUB-COURT-DEPOT","encaissement_depot","encaissement_depot","","2026-05-28T02:47:31.824Z","8000","","ENC-DEPOT","TXG-ENC-CPN768-BTNAQV-jfWgJ8","FLUX","cad","ENG-CPN768-BTNAQV","SKU-COURTAGE","5200","DEBIT","6a17acc4ad412351a8954930","2026-05-28T02:47:32.947000","2026-05-28T02:47:32.947000","6a09b5c6ace6051fecd365af","frederik.gelin@gmail.com","false"
"EVT-M4DQPA-USTS3F","Commission MR différée 12.0% — escrow jusqu'à archivage","LDG-JKRSW7-SALABZ","{""transactionGroupId"":""TXG-CPN768-BTNAQV"",""lineCount"":3}","","2","journal:placement-ENG-CPN768-BTNAQV","SUB-COURT-DJ","placement_engagement","placement_engagement","","2026-05-28T02:46:47.596Z","4800","","","TXG-CPN768-BTNAQV","BILAN","cad","ENG-CPN768-BTNAQV","SKU-COURTAGE","4530","CREDIT","6a17ac991499b93fd98b82e3","2026-05-28T02:46:49.639000","2026-05-28T02:46:49.639000","6a09b5c6ace6051fecd365af","frederik.gelin@gmail.com","false"
"EVT-M4DQPA-USTS3F","Cachet net talent — 352.00$","LDG-EDJ4Y9-WCJ2RJ","{""transactionGroupId"":""TXG-CPN768-BTNAQV"",""lineCount"":3}","","1","journal:placement-ENG-CPN768-BTNAQV","SUB-COURT-DJ","placement_engagement","placement_engagement","","2026-05-28T02:46:47.596Z","35200","","","TXG-CPN768-BTNAQV","BILAN","cad","ENG-CPN768-BTNAQV","SKU-COURTAGE","4310","CREDIT","6a17ac99f5a7bf635c50c6e0","2026-05-28T02:46:49.281000","2026-05-28T02:46:49.281000","6a09b5c6ace6051fecd365af","frederik.gelin@gmail.com","false"
"EVT-M4DQPA-USTS3F","Placement ENG-CPN768-BTNAQV — créance organisateur 400.00$","LDG-526H2X-RJKRFP","{""transactionGroupId"":""TXG-CPN768-BTNAQV"",""lineCount"":3,""waterfall"":{""cachetSigneCents"":40000,""commissionMrCents"":4800,""talentNetCents"":35200,""tauxPpm"":120000}}","","0","journal:placement-ENG-CPN768-BTNAQV","SUB-COURT-DJ","placement_engagement","placement_engagement","","2026-05-28T02:46:47.596Z","40000","","","TXG-CPN768-BTNAQV","BILAN","cad","ENG-CPN768-BTNAQV","SKU-COURTAGE","4110","DEBIT","6a17ac99776e4156848ceeb2","2026-05-28T02:46:49","2026-05-28T02:46:49","6a09b5c6ace6051fecd365af","frederik.gelin@gmail.com","false"
"EVT-SPNLFJ-QZ29HD","Extinction créance organisateur ENG-9UURMF-GZD7G6 — balance","LDG-7436Q9-F4KSV3","{""stripeEventId"":""pi_3TbtZk2eLVUrCnnJ1Owot6hz"",""txgId"":""TXG-ENC-9UURMF-GZD7G6-wot6hz"",""lineCount"":2}","","1","stripe:pi_3TbtZk2eLVUrCnnJ1Owot6hz","SUB-COURT-BALANCE","encaissement_balance","encaissement_solde","","2026-05-28T02:21:38.904Z","24000","","ENC-BALANCE","TXG-ENC-9UURMF-GZD7G6-wot6hz","FLUX","cad","ENG-9UURMF-GZD7G6","SKU-COURTAGE","4110","CREDIT","6a17a6b488b4e2215c0cb44d","2026-05-28T02:21:40.778000","2026-05-28T02:21:40.778000","6a09b5c6ace6051fecd365af","frederik.gelin@gmail.com","false"
"EVT-SPNLFJ-QZ29HD","Encaissement balance Stripe — 240.00$","LDG-VFBBF7-7CWMW8","{""stripeEventId"":""pi_3TbtZk2eLVUrCnnJ1Owot6hz"",""txgId"":""TXG-ENC-9UURMF-GZD7G6-wot6hz"",""lineCount"":2}","","0","stripe:pi_3TbtZk2eLVUrCnnJ1Owot6hz","SUB-COURT-BALANCE","encaissement_balance","encaissement_solde","","2026-05-28T02:21:38.904Z","24000","","ENC-BALANCE","TXG-ENC-9UURMF-GZD7G6-wot6hz","FLUX","cad","ENG-9UURMF-GZD7G6","SKU-COURTAGE","5200","DEBIT","6a17a6b4ee7139a622789ea1","2026-05-28T02:21:40.522000","2026-05-28T02:21:40.522000","6a09b5c6ace6051fecd365af","frederik.gelin@gmail.com","false"
"EVT-SPNLFJ-QZ29HD","Extinction créance organisateur ENG-9UURMF-GZD7G6 — dépôt","LDG-HL6AUW-S6K8UX","{""stripeEventId"":""pi_3TbtI62eLVUrCnnJ1otQm6to"",""txgId"":""TXG-ENC-9UURMF-GZD7G6-tQm6to"",""lineCount"":2}","","1","stripe:pi_3TbtI62eLVUrCnnJ1otQm6to","SUB-COURT-DEPOT","encaissement_depot","encaissement_depot","","2026-05-28T02:03:30.425Z","6000","","ENC-DEPOT","TXG-ENC-9UURMF-GZD7G6-tQm6to","FLUX","cad","ENG-9UURMF-GZD7G6","SKU-COURTAGE","4110","CREDIT","6a17a27509ff2fab5d317898","2026-05-28T02:03:33.955000","2026-05-28T02:03:33.955000","6a09b5c6ace6051fecd365af","frederik.gelin@gmail.com","false"
"EVT-SPNLFJ-QZ29HD","Encaissement dépôt Stripe — 60.00$","LDG-UXE8J4-T7RZV3","{""stripeEventId"":""pi_3TbtI62eLVUrCnnJ1otQm6to"",""txgId"":""TXG-ENC-9UURMF-GZD7G6-tQm6to"",""lineCount"":2}","","0","stripe:pi_3TbtI62eLVUrCnnJ1otQm6to","SUB-COURT-DEPOT","encaissement_depot","encaissement_depot","","2026-05-28T02:03:30.425Z","6000","","ENC-DEPOT","TXG-ENC-9UURMF-GZD7G6-tQm6to","FLUX","cad","ENG-9UURMF-GZD7G6","SKU-COURTAGE","5200","DEBIT","6a17a2759d60eb0a38995950","2026-05-28T02:03:33.719000","2026-05-28T02:03:33.719000","6a09b5c6ace6051fecd365af","frederik.gelin@gmail.com","false"
"EVT-SPNLFJ-QZ29HD","Commission MR différée 12.0% — escrow jusqu'à archivage","LDG-CY7X2Z-F4KFDN","{""transactionGroupId"":""TXG-9UURMF-GZD7G6"",""lineCount"":3}","","2","journal:placement-ENG-9UURMF-GZD7G6","SUB-COURT-USR-MPIG0A","placement_engagement","placement_engagement","","2026-05-28T02:02:50.816Z","3600","","","TXG-9UURMF-GZD7G6","BILAN","cad","ENG-9UURMF-GZD7G6","SKU-COURTAGE","4530","CREDIT","6a17a24d57e6675851c99bcc","2026-05-28T02:02:53.480000","2026-05-28T02:02:53.480000","6a09b5c6ace6051fecd365af","frederik.gelin@gmail.com","false"
"EVT-SPNLFJ-QZ29HD","Cachet net talent — 264.00$","LDG-JEMB6W-9GETHE","{""transactionGroupId"":""TXG-9UURMF-GZD7G6"",""lineCount"":3}","","1","journal:placement-ENG-9UURMF-GZD7G6","SUB-COURT-USR-MPIG0A","placement_engagement","placement_engagement","","2026-05-28T02:02:50.816Z","26400","","","TXG-9UURMF-GZD7G6","BILAN","cad","ENG-9UURMF-GZD7G6","SKU-COURTAGE","4310","CREDIT","6a17a24c8ce26d02622c37bf","2026-05-28T02:02:52.507000","2026-05-28T02:02:52.507000","6a09b5c6ace6051fecd365af","frederik.gelin@gmail.com","false"
"EVT-SPNLFJ-QZ29HD","Placement ENG-9UURMF-GZD7G6 — créance organisateur 300.00$","LDG-CQG2A3-BMTWAM","{""transactionGroupId"":""TXG-9UURMF-GZD7G6"",""lineCount"":3,""waterfall"":{""cachetSigneCents"":30000,""commissionMrCents"":3600,""talentNetCents"":26400,""tauxPpm"":120000}}","","0","journal:placement-ENG-9UURMF-GZD7G6","SUB-COURT-USR-MPIG0A","placement_engagement","placement_engagement","","2026-05-28T02:02:50.816Z","30000","","","TXG-9UURMF-GZD7G6","BILAN","cad","ENG-9UURMF-GZD7G6","SKU-COURTAGE","4110","DEBIT","6a17a24cbe95365bf89c809e","2026-05-28T02:02:52.245000","2026-05-28T02:02:52.245000","6a09b5c6ace6051fecd365af","frederik.gelin@gmail.com","false"
"EVT-PUM85A-F4H7Y4","Extinction créance organisateur ENG-HN4B2V-56Z3H9 — dépôt","LDG-YBL3ET-TUDAXM","{""stripeEventId"":""pi_3Tbt0S2eLVUrCnnJ0Yh7xXaA"",""txgId"":""TXG-ENC-HN4B2V-56Z3H9-h7xXaA"",""lineCount"":2}","","1","stripe:pi_3Tbt0S2eLVUrCnnJ0Yh7xXaA","SUB-COURT-DEPOT","encaissement_depot","encaissement_depot","","2026-05-28T01:45:12.896Z","2000","","ENC-DEPOT","TXG-ENC-HN4B2V-56Z3H9-h7xXaA","FLUX","cad","ENG-HN4B2V-56Z3H9","SKU-COURTAGE","4110","CREDIT","6a179e2a112ee4660d4309d0","2026-05-28T01:45:14.337000","2026-05-28T01:45:14.337000","6a09b5c6ace6051fecd365af","frederik.gelin@gmail.com","false"
"EVT-PUM85A-F4H7Y4","Encaissement dépôt Stripe — 20.00$","LDG-VP6FNL-FGZEZ7","{""stripeEventId"":""pi_3Tbt0S2eLVUrCnnJ0Yh7xXaA"",""txgId"":""TXG-ENC-HN4B2V-56Z3H9-h7xXaA"",""lineCount"":2}","","0","stripe:pi_3Tbt0S2eLVUrCnnJ0Yh7xXaA","SUB-COURT-DEPOT","encaissement_depot","encaissement_depot","","2026-05-28T01:45:12.896Z","2000","","ENC-DEPOT","TXG-ENC-HN4B2V-56Z3H9-h7xXaA","FLUX","cad","ENG-HN4B2V-56Z3H9","SKU-COURTAGE","5200","DEBIT","6a179e2a37de9d3abf5579e9","2026-05-28T01:45:14.045000","2026-05-28T01:45:14.045000","6a09b5c6ace6051fecd365af","frederik.gelin@gmail.com","false"
"EVT-PUM85A-F4H7Y4","Commission MR différée 12.0% — escrow jusqu'à archivage","LDG-3L3GLE-YL4JLS","{""transactionGroupId"":""TXG-HN4B2V-56Z3H9"",""lineCount"":3}","","2","journal:placement-ENG-HN4B2V-56Z3H9","SUB-COURT-TEST","placement_engagement","placement_engagement","","2026-05-28T01:44:36.263Z","1200","","","TXG-HN4B2V-56Z3H9","BILAN","cad","ENG-HN4B2V-56Z3H9","SKU-COURTAGE","4530","CREDIT","6a179e060f0c9a08e3059522","2026-05-28T01:44:38.830000","2026-05-28T01:44:38.830000","6a09b5c6ace6051fecd365af","frederik.gelin@gmail.com","false"
"EVT-PUM85A-F4H7Y4","Cachet net talent — 88.00$","LDG-64LGUJ-USY5HW","{""transactionGroupId"":""TXG-HN4B2V-56Z3H9"",""lineCount"":3}","","1","journal:placement-ENG-HN4B2V-56Z3H9","SUB-COURT-TEST","placement_engagement","placement_engagement","","2026-05-28T01:44:36.263Z","8800","","","TXG-HN4B2V-56Z3H9","BILAN","cad","ENG-HN4B2V-56Z3H9","SKU-COURTAGE","4310","CREDIT","6a179e06251592ec3f141889","2026-05-28T01:44:38.566000","2026-05-28T01:44:38.566000","6a09b5c6ace6051fecd365af","frederik.gelin@gmail.com","false"
"EVT-PUM85A-F4H7Y4","Placement ENG-HN4B2V-56Z3H9 — créance organisateur 100.00$","LDG-4SX4N4-4F8PX3","{""transactionGroupId"":""TXG-HN4B2V-56Z3H9"",""lineCount"":3,""waterfall"":{""cachetSigneCents"":10000,""commissionMrCents"":1200,""talentNetCents"":8800,""tauxPpm"":120000}}","","0","journal:placement-ENG-HN4B2V-56Z3H9","SUB-COURT-TEST","placement_engagement","placement_engagement","","2026-05-28T01:44:36.263Z","10000","","","TXG-HN4B2V-56Z3H9","BILAN","cad","ENG-HN4B2V-56Z3H9","SKU-COURTAGE","4110","DEBIT","6a179e0637beb67edcaa4f5a","2026-05-28T01:44:38.293000","2026-05-28T01:44:38.293000","6a09b5c6ace6051fecd365af","frederik.gelin@gmail.com","false"
"EVT-NYLBNX-UBTU5E","Extinction créance organisateur ENG-JE5TKN-N9QFCZ — dépôt","LDG-6LH2XJ-LEFYY8","{""stripeEventId"":""pi_3TbsmF2eLVUrCnnJ0pDN3vId"",""txgId"":""TXG-ENC-JE5TKN-N9QFCZ-DN3vId"",""lineCount"":2}","","1","stripe:pi_3TbsmF2eLVUrCnnJ0pDN3vId","SUB-COURT-DEPOT","encaissement_depot","encaissement_depot","","2026-05-28T01:30:35.807Z","2000","","ENC-DEPOT","TXG-ENC-JE5TKN-N9QFCZ-DN3vId","FLUX","cad","ENG-JE5TKN-N9QFCZ","SKU-COURTAGE","4110","CREDIT","6a179abd7262d3765e3c6dcf","2026-05-28T01:30:37.009000","2026-05-28T01:30:37.009000","6a09b5c6ace6051fecd365af","frederik.gelin@gmail.com","false"
"EVT-NYLBNX-UBTU5E","Encaissement dépôt Stripe — 20.00$","LDG-6837F8-QR98R4","{""stripeEventId"":""pi_3TbsmF2eLVUrCnnJ0pDN3vId"",""txgId"":""TXG-ENC-JE5TKN-N9QFCZ-DN3vId"",""lineCount"":2}","","0","stripe:pi_3TbsmF2eLVUrCnnJ0pDN3vId","SUB-COURT-DEPOT","encaissement_depot","encaissement_depot","","2026-05-28T01:30:35.807Z","2000","","ENC-DEPOT","TXG-ENC-JE5TKN-N9QFCZ-DN3vId","FLUX","cad","ENG-JE5TKN-N9QFCZ","SKU-COURTAGE","5200","DEBIT","6a179abc0ebeaeab2c752d7d","2026-05-28T01:30:36.815000","2026-05-28T01:30:36.815000","6a09b5c6ace6051fecd365af","frederik.gelin@gmail.com","false"
"EVT-NYLBNX-UBTU5E","Commission MR différée 12.0% — escrow jusqu'à archivage","LDG-DKQCMZ-VELAJN","{""transactionGroupId"":""TXG-JE5TKN-N9QFCZ"",""lineCount"":3}","","2","journal:placement-ENG-JE5TKN-N9QFCZ","SUB-COURT-TEST","placement_engagement","placement_engagement","","2026-05-28T01:29:11.181Z","1200","","","TXG-JE5TKN-N9QFCZ","BILAN","cad","ENG-JE5TKN-N9QFCZ","SKU-COURTAGE","4530","CREDIT","6a179a690a20e67b009ac6f8","2026-05-28T01:29:13.255000","2026-05-28T01:29:13.255000","6a09b5c6ace6051fecd365af","frederik.gelin@gmail.com","false"
"EVT-NYLBNX-UBTU5E","Cachet net talent — 88.00$","LDG-288NTP-Y5DEBM","{""transactionGroupId"":""TXG-JE5TKN-N9QFCZ"",""lineCount"":3}","","1","journal:placement-ENG-JE5TKN-N9QFCZ","SUB-COURT-TEST","placement_engagement","placement_engagement","","2026-05-28T01:29:11.181Z","8800","","","TXG-JE5TKN-N9QFCZ","BILAN","cad","ENG-JE5TKN-N9QFCZ","SKU-COURTAGE","4310","CREDIT","6a179a683aef8ec08a8eaece","2026-05-28T01:29:12.973000","2026-05-28T01:29:12.973000","6a09b5c6ace6051fecd365af","frederik.gelin@gmail.com","false"
"EVT-NYLBNX-UBTU5E","Placement ENG-JE5TKN-N9QFCZ — créance organisateur 100.00$","LDG-Y4VLEG-VF3NKD","{""transactionGroupId"":""TXG-JE5TKN-N9QFCZ"",""lineCount"":3,""waterfall"":{""cachetSigneCents"":10000,""commissionMrCents"":1200,""talentNetCents"":8800,""tauxPpm"":120000}}","","0","journal:placement-ENG-JE5TKN-N9QFCZ","SUB-COURT-TEST","placement_engagement","placement_engagement","","2026-05-28T01:29:11.181Z","10000","","","TXG-JE5TKN-N9QFCZ","BILAN","cad","ENG-JE5TKN-N9QFCZ","SKU-COURTAGE","4110","DEBIT","6a179a68a2617b025327afa0","2026-05-28T01:29:12.608000","2026-05-28T01:29:12.608000","6a09b5c6ace6051fecd365af","frederik.gelin@gmail.com","false"
"EVT-A5UAQF-65KCLX","Extinction créance organisateur ENG-ZWUD2V-2CY8QV — dépôt","LDG-TJ8742-MSH7NN","{""stripeEventId"":""pi_3TbUFT2eLVUrCnnJ0gTn3pWY"",""txgId"":""TXG-ENC-ZWUD2V-2CY8QV-Tn3pWY"",""lineCount"":2}","","1","stripe:pi_3TbUFT2eLVUrCnnJ0gTn3pWY","SUB-COURT-DEPOT","encaissement_depot","encaissement_depot","","2026-05-26T23:19:02.375Z","2000","","ENC-DEPOT","TXG-ENC-ZWUD2V-2CY8QV-Tn3pWY","FLUX","cad","ENG-ZWUD2V-2CY8QV","SKU-COURTAGE","4110","CREDIT","6a162a68e92bb8924b8bd499","2026-05-26T23:19:04.237000","2026-05-26T23:19:04.237000","6a09b5c6ace6051fecd365af","frederik.gelin@gmail.com","false"
"EVT-A5UAQF-65KCLX","Encaissement dépôt Stripe — 20.00$","LDG-ELZXG2-QBAPT4","{""stripeEventId"":""pi_3TbUFT2eLVUrCnnJ0gTn3pWY"",""txgId"":""TXG-ENC-ZWUD2V-2CY8QV-Tn3pWY"",""lineCount"":2}","","0","stripe:pi_3TbUFT2eLVUrCnnJ0gTn3pWY","SUB-COURT-DEPOT","encaissement_depot","encaissement_depot","","2026-05-26T23:19:02.375Z","2000","","ENC-DEPOT","TXG-ENC-ZWUD2V-2CY8QV-Tn3pWY","FLUX","cad","ENG-ZWUD2V-2CY8QV","SKU-COURTAGE","5200","DEBIT","6a162a67496c90989103262c","2026-05-26T23:19:03.903000","2026-05-26T23:19:03.903000","6a09b5c6ace6051fecd365af","frederik.gelin@gmail.com","false"
"EVT-8KX8XG-48N8SQ","Extinction créance organisateur ENG-C7F6CR-WAYE3N — dépôt","LDG-32SFD7-KGAGM7","{""stripeEventId"":""pi_3TbUE72eLVUrCnnJ1b9bU7uo"",""txgId"":""TXG-ENC-C7F6CR-WAYE3N-9bU7uo"",""lineCount"":2}","","1","stripe:pi_3TbUE72eLVUrCnnJ1b9bU7uo","SUB-COURT-DEPOT","encaissement_depot","encaissement_depot","","2026-05-26T23:17:37.682Z","2000","","ENC-DEPOT","TXG-ENC-C7F6CR-WAYE3N-9bU7uo","FLUX","cad","ENG-C7F6CR-WAYE3N","SKU-COURTAGE","4110","CREDIT","6a162a13ec1971c7b0cfeefb","2026-05-26T23:17:39.105000","2026-05-26T23:17:39.105000","6a09b5c6ace6051fecd365af","frederik.gelin@gmail.com","false"
"EVT-8KX8XG-48N8SQ","Encaissement dépôt Stripe — 20.00$","LDG-E584H8-QY54KX","{""stripeEventId"":""pi_3TbUE72eLVUrCnnJ1b9bU7uo"",""txgId"":""TXG-ENC-C7F6CR-WAYE3N-9bU7uo"",""lineCount"":2}","","0","stripe:pi_3TbUE72eLVUrCnnJ1b9bU7uo","SUB-COURT-DEPOT","encaissement_depot","encaissement_depot","","2026-05-26T23:17:37.682Z","2000","","ENC-DEPOT","TXG-ENC-C7F6CR-WAYE3N-9bU7uo","FLUX","cad","ENG-C7F6CR-WAYE3N","SKU-COURTAGE","5200","DEBIT","6a162a12c13a2430d557c184","2026-05-26T23:17:38.825000","2026-05-26T23:17:38.825000","6a09b5c6ace6051fecd365af","frederik.gelin@gmail.com","false"
"EVT-A5UAQF-65KCLX","Commission MR différée 12.0% — escrow jusqu'à archivage","LDG-VJNUVT-BABJJ2","{""transactionGroupId"":""TXG-ZWUD2V-2CY8QV"",""lineCount"":3}","","2","journal:placement-ENG-ZWUD2V-2CY8QV","SUB-COURT-100","placement_engagement","placement_engagement","","2026-05-26T23:14:55.700Z","1200","","","TXG-ZWUD2V-2CY8QV","BILAN","cad","ENG-ZWUD2V-2CY8QV","SKU-COURTAGE","4530","CREDIT","6a162971064ecc002f9984ee","2026-05-26T23:14:57.494000","2026-05-26T23:14:57.494000","6a09b5c6ace6051fecd365af","frederik.gelin@gmail.com","false"
"EVT-A5UAQF-65KCLX","Cachet net talent — 88.00$","LDG-JPT4WN-KZ3B2P","{""transactionGroupId"":""TXG-ZWUD2V-2CY8QV"",""lineCount"":3}","","1","journal:placement-ENG-ZWUD2V-2CY8QV","SUB-COURT-100","placement_engagement","placement_engagement","","2026-05-26T23:14:55.700Z","8800","","","TXG-ZWUD2V-2CY8QV","BILAN","cad","ENG-ZWUD2V-2CY8QV","SKU-COURTAGE","4310","CREDIT","6a1629711def70cce1c9b7fa","2026-05-26T23:14:57.330000","2026-05-26T23:14:57.330000","6a09b5c6ace6051fecd365af","frederik.gelin@gmail.com","false"
"EVT-A5UAQF-65KCLX","Placement ENG-ZWUD2V-2CY8QV — créance organisateur 100.00$","LDG-E68FKE-CQH3Z9","{""transactionGroupId"":""TXG-ZWUD2V-2CY8QV"",""lineCount"":3,""waterfall"":{""cachetSigneCents"":10000,""commissionMrCents"":1200,""talentNetCents"":8800,""tauxPpm"":120000}}","","0","journal:placement-ENG-ZWUD2V-2CY8QV","SUB-COURT-100","placement_engagement","placement_engagement","","2026-05-26T23:14:55.700Z","10000","","","TXG-ZWUD2V-2CY8QV","BILAN","cad","ENG-ZWUD2V-2CY8QV","SKU-COURTAGE","4110","DEBIT","6a1629711fe3462282dc692e","2026-05-26T23:14:57.098000","2026-05-26T23:14:57.098000","6a09b5c6ace6051fecd365af","frederik.gelin@gmail.com","false"
"EVT-GBJTBA-399ES6","Extinction créance organisateur ENG-WE66GU-AASWFD — dépôt","LDG-H9QTJ3-4R6C2B","{""stripeEventId"":""pi_3TbL3A2eLVUrCnnJ1sUq1oI2"",""txgId"":""TXG-ENC-WE66GU-AASWFD-Uq1oI2"",""lineCount"":2}","","1","stripe:pi_3TbL3A2eLVUrCnnJ1sUq1oI2","SUB-COURT-DEPOT","encaissement_depot","encaissement_depot","","2026-05-26T13:29:43.293Z","20000","","ENC-DEPOT","TXG-ENC-WE66GU-AASWFD-Uq1oI2","FLUX","cad","ENG-WE66GU-AASWFD","SKU-COURTAGE","4110","CREDIT","6a15a048937991672ae115d1","2026-05-26T13:29:44.471000","2026-05-26T13:29:44.471000","6a09b5c6ace6051fecd365af","frederik.gelin@gmail.com","false"
"EVT-GBJTBA-399ES6","Encaissement dépôt Stripe — 200.00$","LDG-G55QDV-7DURYQ","{""stripeEventId"":""pi_3TbL3A2eLVUrCnnJ1sUq1oI2"",""txgId"":""TXG-ENC-WE66GU-AASWFD-Uq1oI2"",""lineCount"":2}","","0","stripe:pi_3TbL3A2eLVUrCnnJ1sUq1oI2","SUB-COURT-DEPOT","encaissement_depot","encaissement_depot","","2026-05-26T13:29:43.293Z","20000","","ENC-DEPOT","TXG-ENC-WE66GU-AASWFD-Uq1oI2","FLUX","cad","ENG-WE66GU-AASWFD","SKU-COURTAGE","5200","DEBIT","6a15a048a18458bd6cdb0619","2026-05-26T13:29:44.231000","2026-05-26T13:29:44.231000","6a09b5c6ace6051fecd365af","frederik.gelin@gmail.com","false"
"EVT-GBJTBA-399ES6","Commission MR différée 12.0% — escrow jusqu'à archivage","LDG-246FC9-WB3KZ7","{""transactionGroupId"":""TXG-WE66GU-AASWFD"",""lineCount"":3}","","2","journal:placement-ENG-WE66GU-AASWFD","SUB-COURT-DJ","placement_engagement","placement_engagement","","2026-05-26T13:29:14.679Z","12000","","","TXG-WE66GU-AASWFD","BILAN","cad","ENG-WE66GU-AASWFD","SKU-COURTAGE","4530","CREDIT","6a15a02c4fdb57804bb1382b","2026-05-26T13:29:16.725000","2026-05-26T13:29:16.725000","6a09b5c6ace6051fecd365af","frederik.gelin@gmail.com","false"
"EVT-GBJTBA-399ES6","Cachet net talent — 880.00$","LDG-PGJV32-L8AY5J","{""transactionGroupId"":""TXG-WE66GU-AASWFD"",""lineCount"":3}","","1","journal:placement-ENG-WE66GU-AASWFD","SUB-COURT-DJ","placement_engagement","placement_engagement","","2026-05-26T13:29:14.679Z","88000","","","TXG-WE66GU-AASWFD","BILAN","cad","ENG-WE66GU-AASWFD","SKU-COURTAGE","4310","CREDIT","6a15a02c238ba40928bf4c60","2026-05-26T13:29:16.545000","2026-05-26T13:29:16.545000","6a09b5c6ace6051fecd365af","frederik.gelin@gmail.com","false"
"EVT-GBJTBA-399ES6","Placement ENG-WE66GU-AASWFD — créance organisateur 1000.00$","LDG-T56WBY-TPLUBS","{""transactionGroupId"":""TXG-WE66GU-AASWFD"",""lineCount"":3,""waterfall"":{""cachetSigneCents"":100000,""commissionMrCents"":12000,""talentNetCents"":88000,""tauxPpm"":120000}}","","0","journal:placement-ENG-WE66GU-AASWFD","SUB-COURT-DJ","placement_engagement","placement_engagement","","2026-05-26T13:29:14.679Z","100000","","","TXG-WE66GU-AASWFD","BILAN","cad","ENG-WE66GU-AASWFD","SKU-COURTAGE","4110","DEBIT","6a15a02c40cad7d2d84afef6","2026-05-26T13:29:16.261000","2026-05-26T13:29:16.261000","6a09b5c6ace6051fecd365af","frederik.gelin@gmail.com","false"
"EVT-8SMQ5D-2UMA6W","Extinction frais Stripe différés 4190 → charge 6110 reconnue.","LDG-9DBWJL-5AVFXC","{""piloteEvent"":""Event-0B"",""decision"":""Frédérik Gélin, 26 mai 2026 — Option 1: régularisation append-only"",""stripeDetails"":[{""stripeId"":""txn_3TbIRu2eLVUrCnnJ1Krb5WoA"",""phase"":""depot"",""gross"":10000,""fee"":400},{""stripeId"":""txn_3TbJ2w2eLVUrCnnJ0E4zvEOC"",""phase"":""balance"",""gross"":40000,""fee"":1510}],""doctrine"":""payment_fees_tax_treatment=DEBOURS, LedgerCodeMap 4190/6110""}","","1","stripe-fees:ENG-H5V66Q-WBJ7N2","SUB-COURT-FEE","regularisation","regularisation_stripe_fees","","2026-05-26T13:21:12.680Z","1910","","","TXG-FEES-EXP-H5V66Q-WBJ7N2","BILAN","cad","ENG-H5V66Q-WBJ7N2","SKU-COURTAGE","4190","CREDIT","6a159e4a4e485b8b0a90027b","2026-05-26T13:21:14.085000","2026-05-26T13:21:14.085000","6a09b5c6ace6051fecd365af","frederik.gelin@gmail.com","false"
"EVT-8SMQ5D-2UMA6W","Frais Stripe reconnus en charge — 2,9% sur 500$ + 0,30$ × 2 = 19,10$ (doctrine DEBOURS).","LDG-97CLVX-28T39W","{""piloteEvent"":""Event-0B"",""decision"":""Frédérik Gélin, 26 mai 2026 — Option 1: régularisation append-only"",""stripeDetails"":[{""stripeId"":""txn_3TbIRu2eLVUrCnnJ1Krb5WoA"",""phase"":""depot"",""gross"":10000,""fee"":400},{""stripeId"":""txn_3TbJ2w2eLVUrCnnJ0E4zvEOC"",""phase"":""balance"",""gross"":40000,""fee"":1510}],""doctrine"":""payment_fees_tax_treatment=DEBOURS, LedgerCodeMap 4190/6110""}","","0","stripe-fees:ENG-H5V66Q-WBJ7N2","SUB-COURT-FEE","regularisation","regularisation_stripe_fees","","2026-05-26T13:21:12.680Z","1910","","","TXG-FEES-EXP-H5V66Q-WBJ7N2","RESULTAT","cad","ENG-H5V66Q-WBJ7N2","SKU-COURTAGE","6110","DEBIT","6a159e492c6d35af9ac2ec25","2026-05-26T13:21:13.891000","2026-05-26T13:21:13.891000","6a09b5c6ace6051fecd365af","frederik.gelin@gmail.com","false"
"EVT-8SMQ5D-2UMA6W","Correction 5200 surévalué — ramène Stripe en attente de 500,00$ à 480,90$ (net réel).","LDG-3X7BYV-NWW8D2","{""piloteEvent"":""Event-0B"",""decision"":""Frédérik Gélin, 26 mai 2026 — Option 1: régularisation append-only"",""stripeDetails"":[{""stripeId"":""txn_3TbIRu2eLVUrCnnJ1Krb5WoA"",""phase"":""depot"",""gross"":10000,""fee"":400},{""stripeId"":""txn_3TbJ2w2eLVUrCnnJ0E4zvEOC"",""phase"":""balance"",""gross"":40000,""fee"":1510}],""doctrine"":""payment_fees_tax_treatment=DEBOURS, LedgerCodeMap 4190/6110""}","","1","stripe-fees:ENG-H5V66Q-WBJ7N2","SUB-COURT-FEE","regularisation","regularisation_stripe_fees","","2026-05-26T13:21:12.680Z","1910","","ENC-CORR","TXG-FEES-CORR-H5V66Q-WBJ7N2","FLUX","cad","ENG-H5V66Q-WBJ7N2","SKU-COURTAGE","5200","CREDIT","6a159e4923118f600382a7ec","2026-05-26T13:21:13.756000","2026-05-26T13:21:13.756000","6a09b5c6ace6051fecd365af","frederik.gelin@gmail.com","false"
"EVT-8SMQ5D-2UMA6W","Frais Stripe différés — 4,00$+15,10$=19,10$ prélevés par Stripe non gravés à l'encaissement. Correction pilote.","LDG-VT77UA-SPTUDL","{""piloteEvent"":""Event-0B"",""decision"":""Frédérik Gélin, 26 mai 2026 — Option 1: régularisation append-only"",""stripeDetails"":[{""stripeId"":""txn_3TbIRu2eLVUrCnnJ1Krb5WoA"",""phase"":""depot"",""gross"":10000,""fee"":400},{""stripeId"":""txn_3TbJ2w2eLVUrCnnJ0E4zvEOC"",""phase"":""balance"",""gross"":40000,""fee"":1510}],""doctrine"":""payment_fees_tax_treatment=DEBOURS, LedgerCodeMap 4190/6110""}","","0","stripe-fees:ENG-H5V66Q-WBJ7N2","SUB-COURT-FEE","regularisation","regularisation_stripe_fees","","2026-05-26T13:21:12.680Z","1910","","","TXG-FEES-CORR-H5V66Q-WBJ7N2","BILAN","cad","ENG-H5V66Q-WBJ7N2","SKU-COURTAGE","4190","DEBIT","6a159e4954867db3192db5fd","2026-05-26T13:21:13.608000","2026-05-26T13:21:13.608000","6a09b5c6ace6051fecd365af","frederik.gelin@gmail.com","false"
"EVT-8SMQ5D-2UMA6W","Sortie fonds Stripe → talent 012 (méthode manuelle — DEC-PAYOUT)","LDG-9CVGV8-8CEVEP","{""txgId"":""TXG-PAYOUT-MANUAL-H5V66Q-WBJ7N2"",""payoutMethod"":""manual_interac""}","","1","manual:ENG-H5V66Q-WBJ7N2","SUB-COURT-PAYOUT","payout_talent","payout_executed","","2026-05-26T13:21:03.992Z","44000","","DEC-PAYOUT","TXG-PAYOUT-MANUAL-H5V66Q-WBJ7N2","FLUX","cad","ENG-H5V66Q-WBJ7N2","SKU-COURTAGE","5100","CREDIT","6a159e41902666a5c4bf5cee","2026-05-26T13:21:05.242000","2026-05-26T13:21:05.242000","6a09b5c6ace6051fecd365af","frederik.gelin@gmail.com","false"
"EVT-8SMQ5D-2UMA6W","Payout talent 012 — dette éteinte 440.00$ (virement manuel hors-Stripe, pilote E2E)","LDG-VC7CH7-DV833Q","{""txgId"":""TXG-PAYOUT-MANUAL-H5V66Q-WBJ7N2"",""payoutMethod"":""manual_interac"",""piloteEvent"":""Event-0B"",""decision"":""Frédérik Gélin, 26 mai 2026 — Option A: virement hors-Stripe""}","","0","manual:ENG-H5V66Q-WBJ7N2","SUB-COURT-PAYOUT","payout_talent","payout_executed","","2026-05-26T13:21:03.992Z","44000","","","TXG-PAYOUT-MANUAL-H5V66Q-WBJ7N2","BILAN","cad","ENG-H5V66Q-WBJ7N2","SKU-COURTAGE","4310","DEBIT","6a159e40f3e58e2803453b62","2026-05-26T13:21:04.887000","2026-05-26T13:21:04.887000","6a09b5c6ace6051fecd365af","frederik.gelin@gmail.com","false"
"EVT-8SMQ5D-2UMA6W","Revenu courtage reconnu — engagement ENG-H5V66Q-WBJ7N2 archivé","LDG-48YAEW-HJV5J8","{""txgId"":""TXG-REV-H5V66Q-WBJ7N2"",""lineCount"":2}","","1","journal:recognition-ENG-H5V66Q-WBJ7N2","SUB-COURT-REVENU","reconnaissance_revenu","revenue_recognition","","2026-05-26T12:28:40.338Z","6000","","","TXG-REV-H5V66Q-WBJ7N2","RESULTAT","cad","ENG-H5V66Q-WBJ7N2","SKU-COURTAGE","7110","CREDIT","6a1591f8086dab7f1706bc79","2026-05-26T12:28:40.691000","2026-05-26T12:28:40.691000","6a09b5c6ace6051fecd365af","frederik.gelin@gmail.com","false"
"EVT-8SMQ5D-2UMA6W","Libération escrow commission MR — 60.00$ reconnu","LDG-F2PP8A-TFVFLC","{""txgId"":""TXG-REV-H5V66Q-WBJ7N2"",""lineCount"":2,""commissionCents"":6000}","","0","journal:recognition-ENG-H5V66Q-WBJ7N2","SUB-COURT-REVENU","reconnaissance_revenu","revenue_recognition","","2026-05-26T12:28:40.338Z","6000","","","TXG-REV-H5V66Q-WBJ7N2","RESULTAT","cad","ENG-H5V66Q-WBJ7N2","SKU-COURTAGE","4530","DEBIT","6a1591f848a413e69b16aab7","2026-05-26T12:28:40.456000","2026-05-26T12:28:40.456000","6a09b5c6ace6051fecd365af","frederik.gelin@gmail.com","false"
"EVT-8SMQ5D-2UMA6W","Extinction créance organisateur ENG-H5V66Q-WBJ7N2 — balance","LDG-XPA9M2-QDWJZL","{""stripeEventId"":""pi_3TbJ2w2eLVUrCnnJ0ziYoT7k"",""txgId"":""TXG-ENC-H5V66Q-WBJ7N2-iYoT7k"",""lineCount"":2}","","1","stripe:pi_3TbJ2w2eLVUrCnnJ0ziYoT7k","SUB-COURT-BALANCE","encaissement_balance","encaissement_solde","","2026-05-26T11:21:20.784Z","40000","","ENC-BALANCE","TXG-ENC-H5V66Q-WBJ7N2-iYoT7k","FLUX","cad","ENG-H5V66Q-WBJ7N2","SKU-COURTAGE","4110","CREDIT","6a15823267f643e9ca3c5cb6","2026-05-26T11:21:22.101000","2026-05-26T11:21:22.101000","6a09b5c6ace6051fecd365af","frederik.gelin@gmail.com","false"
"EVT-8SMQ5D-2UMA6W","Encaissement balance Stripe — 400.00$","LDG-63HHR4-6DZZ3X","{""stripeEventId"":""pi_3TbJ2w2eLVUrCnnJ0ziYoT7k"",""txgId"":""TXG-ENC-H5V66Q-WBJ7N2-iYoT7k"",""lineCount"":2}","","0","stripe:pi_3TbJ2w2eLVUrCnnJ0ziYoT7k","SUB-COURT-BALANCE","encaissement_balance","encaissement_solde","","2026-05-26T11:21:20.784Z","40000","","ENC-BALANCE","TXG-ENC-H5V66Q-WBJ7N2-iYoT7k","FLUX","cad","ENG-H5V66Q-WBJ7N2","SKU-COURTAGE","5200","DEBIT","6a1582316c5818f35cfe026d","2026-05-26T11:21:21.856000","2026-05-26T11:21:21.856000","6a09b5c6ace6051fecd365af","frederik.gelin@gmail.com","false"
"EVT-8SMQ5D-2UMA6W","Extinction créance organisateur ENG-H5V66Q-WBJ7N2 — dépôt","LDG-E8LUQF-6QR4M6","{""stripeEventId"":""pi_3TbIRu2eLVUrCnnJ1NVWDGaj"",""txgId"":""TXG-ENC-H5V66Q-WBJ7N2-VWDGaj"",""lineCount"":2}","","1","stripe:pi_3TbIRu2eLVUrCnnJ1NVWDGaj","SUB-COURT-DEPOT","encaissement_depot","encaissement_depot","","2026-05-26T10:43:05.295Z","10000","","ENC-DEPOT","TXG-ENC-H5V66Q-WBJ7N2-VWDGaj","FLUX","cad","ENG-H5V66Q-WBJ7N2","SKU-COURTAGE","4110","CREDIT","6a15793a7e1fce97122774fb","2026-05-26T10:43:06.659000","2026-05-26T10:43:06.659000","6a09b5c6ace6051fecd365af","frederik.gelin@gmail.com","false"
"EVT-8SMQ5D-2UMA6W","Encaissement dépôt Stripe — 100.00$","LDG-KWZ7ZS-J7S5LH","{""stripeEventId"":""pi_3TbIRu2eLVUrCnnJ1NVWDGaj"",""txgId"":""TXG-ENC-H5V66Q-WBJ7N2-VWDGaj"",""lineCount"":2}","","0","stripe:pi_3TbIRu2eLVUrCnnJ1NVWDGaj","SUB-COURT-DEPOT","encaissement_depot","encaissement_depot","","2026-05-26T10:43:05.295Z","10000","","ENC-DEPOT","TXG-ENC-H5V66Q-WBJ7N2-VWDGaj","FLUX","cad","ENG-H5V66Q-WBJ7N2","SKU-COURTAGE","5200","DEBIT","6a15793a06b8b9a8aecf0ead","2026-05-26T10:43:06.418000","2026-05-26T10:43:06.418000","6a09b5c6ace6051fecd365af","frederik.gelin@gmail.com","false"
"EVT-8SMQ5D-2UMA6W","Commission MR différée 12.0% — escrow jusqu'à archivage","LDG-9HJHGN-D6CW33","{""transactionGroupId"":""TXG-H5V66Q-WBJ7N2"",""lineCount"":3}","","2","journal:placement-ENG-H5V66Q-WBJ7N2","SUB-COURT-01","placement_engagement","placement_engagement","","2026-05-26T10:42:40.440Z","6000","","","TXG-H5V66Q-WBJ7N2","BILAN","cad","ENG-H5V66Q-WBJ7N2","SKU-COURTAGE","4530","CREDIT","6a157922688522558f5742e5","2026-05-26T10:42:42.200000","2026-05-26T10:42:42.200000","6a09b5c6ace6051fecd365af","frederik.gelin@gmail.com","false"
"EVT-8SMQ5D-2UMA6W","Cachet net talent — 440.00$","LDG-GV2MM5-FVUR3Q","{""transactionGroupId"":""TXG-H5V66Q-WBJ7N2"",""lineCount"":3}","","1","journal:placement-ENG-H5V66Q-WBJ7N2","SUB-COURT-01","placement_engagement","placement_engagement","","2026-05-26T10:42:40.440Z","44000","","","TXG-H5V66Q-WBJ7N2","BILAN","cad","ENG-H5V66Q-WBJ7N2","SKU-COURTAGE","4310","CREDIT","6a1579217ec3182c9b0c83d4","2026-05-26T10:42:41.971000","2026-05-26T10:42:41.971000","6a09b5c6ace6051fecd365af","frederik.gelin@gmail.com","false"
"EVT-8SMQ5D-2UMA6W","Placement ENG-H5V66Q-WBJ7N2 — créance organisateur 500.00$","LDG-67VZ3B-92UM7D","{""transactionGroupId"":""TXG-H5V66Q-WBJ7N2"",""lineCount"":3,""waterfall"":{""cachetSigneCents"":50000,""commissionMrCents"":6000,""talentNetCents"":44000,""tauxPpm"":120000}}","","0","journal:placement-ENG-H5V66Q-WBJ7N2","SUB-COURT-01","placement_engagement","placement_engagement","","2026-05-26T10:42:40.440Z","50000","","","TXG-H5V66Q-WBJ7N2","BILAN","cad","ENG-H5V66Q-WBJ7N2","SKU-COURTAGE","4110","DEBIT","6a157921d6f53a928c927182","2026-05-26T10:42:41.745000","2026-05-26T10:42:41.745000","6a09b5c6ace6051fecd365af","frederik.gelin@gmail.com","false"
"EVT-VGGTKP-D6LCDH","Commission MR différée 12.0% — escrow jusqu'à archivage","LDG-3L9T96-26TBX3","{""transactionGroupId"":""TXG-DE7N8P-J43SUH"",""lineCount"":3}","","2","journal:placement-ENG-DE7N8P-J43SUH","SUB-COURT-DJ","placement_engagement","placement_engagement","","2026-05-26T10:41:01.191Z","6000","","","TXG-DE7N8P-J43SUH","BILAN","cad","ENG-DE7N8P-J43SUH","SKU-COURTAGE","4530","CREDIT","6a1578be1428d5bea5154e38","2026-05-26T10:41:02.756000","2026-05-26T10:41:02.756000","6a09b5c6ace6051fecd365af","frederik.gelin@gmail.com","false"
"EVT-VGGTKP-D6LCDH","Cachet net talent — 440.00$","LDG-37EBUY-VLHJ28","{""transactionGroupId"":""TXG-DE7N8P-J43SUH"",""lineCount"":3}","","1","journal:placement-ENG-DE7N8P-J43SUH","SUB-COURT-DJ","placement_engagement","placement_engagement","","2026-05-26T10:41:01.191Z","44000","","","TXG-DE7N8P-J43SUH","BILAN","cad","ENG-DE7N8P-J43SUH","SKU-COURTAGE","4310","CREDIT","6a1578be6b9dabf879a2f95b","2026-05-26T10:41:02.596000","2026-05-26T10:41:02.596000","6a09b5c6ace6051fecd365af","frederik.gelin@gmail.com","false"
"EVT-VGGTKP-D6LCDH","Placement ENG-DE7N8P-J43SUH — créance organisateur 500.00$","LDG-9C2XJP-ND2PFZ","{""transactionGroupId"":""TXG-DE7N8P-J43SUH"",""lineCount"":3,""waterfall"":{""cachetSigneCents"":50000,""commissionMrCents"":6000,""talentNetCents"":44000,""tauxPpm"":120000}}","","0","journal:placement-ENG-DE7N8P-J43SUH","SUB-COURT-DJ","placement_engagement","placement_engagement","","2026-05-26T10:41:01.191Z","50000","","","TXG-DE7N8P-J43SUH","BILAN","cad","ENG-DE7N8P-J43SUH","SKU-COURTAGE","4110","DEBIT","6a1578bea698e4d9e4555e81","2026-05-26T10:41:02.356000","2026-05-26T10:41:02.356000","6a09b5c6ace6051fecd365af","frederik.gelin@gmail.com","false"
"EVT-ULQ4EB-NA5QCY","Correction encaissement_depot ENG-RWCJXU-3BW5WX — extinction créance organisateur 4110 (D-038) — 60.00$","LDG-BV7JCF-9VJWAU","{""originalTxgId"":""TXG-ENC-RWCJXU-3BW5WX-W41TO6"",""originalEconomicEvent"":""encaissement_depot"",""correctionReason"":""webhook_v3_credited_4335_instead_of_4110"",""doctrineRef"":""D-038"",""scriptVersion"":""correction-encaissements-4335-to-4110@v1""}","","1","reversal:TXG-ENC-RWCJXU-3BW5WX-W41TO6","SUB-COURT-DEPOT","regularisation","reversal","","2026-05-26T10:33:24.494Z","6000","","","TXG-CORR-ENC-RWCJXU-3BW5WX-W41TO6","BILAN","cad","ENG-RWCJXU-3BW5WX","SKU-COURTAGE","4110","CREDIT","6a1576f505ce2c0776e63423","2026-05-26T10:33:25.547000","2026-05-26T10:33:25.547000","6a09b5c6ace6051fecd365af","frederik.gelin@gmail.com","false"
"EVT-ULQ4EB-NA5QCY","Correction encaissement_depot ENG-RWCJXU-3BW5WX — neutralisation 4335 (clearing v3 erroné) — 60.00$","LDG-25X9BY-493TV8","{""originalTxgId"":""TXG-ENC-RWCJXU-3BW5WX-W41TO6"",""originalEconomicEvent"":""encaissement_depot"",""correctionReason"":""webhook_v3_credited_4335_instead_of_4110"",""doctrineRef"":""D-038"",""scriptVersion"":""correction-encaissements-4335-to-4110@v1""}","","0","reversal:TXG-ENC-RWCJXU-3BW5WX-W41TO6","SUB-COURT-DEPOT","regularisation","reversal","","2026-05-26T10:33:24.494Z","6000","","","TXG-CORR-ENC-RWCJXU-3BW5WX-W41TO6","BILAN","cad","ENG-RWCJXU-3BW5WX","SKU-COURTAGE","4335","DEBIT","6a1576f58a67b1e0b884df89","2026-05-26T10:33:25.376000","2026-05-26T10:33:25.376000","6a09b5c6ace6051fecd365af","frederik.gelin@gmail.com","false"
"EVT-76J43J-H2K2J7","Correction encaissement_depot ENG-ZFRSMB-M6MBS9 — extinction créance organisateur 4110 (D-038) — 200.00$","LDG-4LSUQ4-ZVW3DP","{""originalTxgId"":""TXG-ENC-ZFRSMB-M6MBS9-IQnEpj"",""originalEconomicEvent"":""encaissement_depot"",""correctionReason"":""webhook_v3_credited_4335_instead_of_4110"",""doctrineRef"":""D-038"",""scriptVersion"":""correction-encaissements-4335-to-4110@v1""}","","1","reversal:TXG-ENC-ZFRSMB-M6MBS9-IQnEpj","SUB-COURT-DEPOT","regularisation","reversal","","2026-05-26T10:33:23.945Z","20000","","","TXG-CORR-ENC-ZFRSMB-M6MBS9-IQnEpj","BILAN","cad","ENG-ZFRSMB-M6MBS9","SKU-COURTAGE","4110","CREDIT","6a1576f55483aae136f5a2a6","2026-05-26T10:33:25.083000","2026-05-26T10:33:25.083000","6a09b5c6ace6051fecd365af","frederik.gelin@gmail.com","false"
"EVT-76J43J-H2K2J7","Correction encaissement_depot ENG-ZFRSMB-M6MBS9 — neutralisation 4335 (clearing v3 erroné) — 200.00$","LDG-KRE8U9-ED83LC","{""originalTxgId"":""TXG-ENC-ZFRSMB-M6MBS9-IQnEpj"",""originalEconomicEvent"":""encaissement_depot"",""correctionReason"":""webhook_v3_credited_4335_instead_of_4110"",""doctrineRef"":""D-038"",""scriptVersion"":""correction-encaissements-4335-to-4110@v1""}","","0","reversal:TXG-ENC-ZFRSMB-M6MBS9-IQnEpj","SUB-COURT-DEPOT","regularisation","reversal","","2026-05-26T10:33:23.945Z","20000","","","TXG-CORR-ENC-ZFRSMB-M6MBS9-IQnEpj","BILAN","cad","ENG-ZFRSMB-M6MBS9","SKU-COURTAGE","4335","DEBIT","6a1576f4a79ef0a9b4448ef3","2026-05-26T10:33:24.886000","2026-05-26T10:33:24.886000","6a09b5c6ace6051fecd365af","frederik.gelin@gmail.com","false"
"EVT-76J43J-H2K2J7","Clearing encaissement dépôt — affectation engagement ENG-ZFRSMB-M6MBS9","LDG-NET9UZ-NGGLAQ","{""stripeEventId"":""pi_3Tb5lm2eLVUrCnnJ0UIQnEpj"",""txgId"":""TXG-ENC-ZFRSMB-M6MBS9-IQnEpj"",""lineCount"":2}","","1","stripe:pi_3Tb5lm2eLVUrCnnJ0UIQnEpj","SUB-COURT-DEPOT","encaissement_depot","encaissement_depot","","2026-05-25T21:10:45.132Z","20000","","ENC-DEPOT","TXG-ENC-ZFRSMB-M6MBS9-IQnEpj","FLUX","cad","ENG-ZFRSMB-M6MBS9","SKU-COURTAGE","4335","CREDIT","6a14bad6776224fe8439a7b0","2026-05-25T21:10:46.744000","2026-05-25T21:10:46.744000","6a09b5c6ace6051fecd365af","frederik.gelin@gmail.com","false"
"EVT-76J43J-H2K2J7","Encaissement dépôt Stripe — 200.00$","LDG-C7CGRX-SZX949","{""stripeEventId"":""pi_3Tb5lm2eLVUrCnnJ0UIQnEpj"",""txgId"":""TXG-ENC-ZFRSMB-M6MBS9-IQnEpj"",""lineCount"":2}","","0","stripe:pi_3Tb5lm2eLVUrCnnJ0UIQnEpj","SUB-COURT-DEPOT","encaissement_depot","encaissement_depot","","2026-05-25T21:10:45.132Z","20000","","ENC-DEPOT","TXG-ENC-ZFRSMB-M6MBS9-IQnEpj","FLUX","cad","ENG-ZFRSMB-M6MBS9","SKU-COURTAGE","5200","DEBIT","6a14bad6ea7624bac66e092d","2026-05-25T21:10:46.482000","2026-05-25T21:10:46.482000","6a09b5c6ace6051fecd365af","frederik.gelin@gmail.com","false"
"EVT-76J43J-H2K2J7","Commission MR différée 12.0% — escrow jusqu'à archivage","LDG-NF9RLE-9KMA42","{""transactionGroupId"":""TXG-ZFRSMB-M6MBS9"",""lineCount"":3}","","2","journal:placement-ENG-ZFRSMB-M6MBS9","SUB-COURT-1000","placement_engagement","placement_engagement","","2026-05-25T21:08:18.771Z","12000","","","TXG-ZFRSMB-M6MBS9","BILAN","cad","ENG-ZFRSMB-M6MBS9","SKU-COURTAGE","4530","CREDIT","6a14ba449f355b45a3041c7a","2026-05-25T21:08:20.604000","2026-05-25T21:08:20.604000","6a09b5c6ace6051fecd365af","frederik.gelin@gmail.com","false"
"EVT-76J43J-H2K2J7","Cachet net talent — 880.00$","LDG-5M3QYH-ARNCXW","{""transactionGroupId"":""TXG-ZFRSMB-M6MBS9"",""lineCount"":3}","","1","journal:placement-ENG-ZFRSMB-M6MBS9","SUB-COURT-1000","placement_engagement","placement_engagement","","2026-05-25T21:08:18.771Z","88000","","","TXG-ZFRSMB-M6MBS9","BILAN","cad","ENG-ZFRSMB-M6MBS9","SKU-COURTAGE","4310","CREDIT","6a14ba4457085df6c86b626e","2026-05-25T21:08:20.433000","2026-05-25T21:08:20.433000","6a09b5c6ace6051fecd365af","frederik.gelin@gmail.com","false"
"EVT-76J43J-H2K2J7","Placement ENG-ZFRSMB-M6MBS9 — créance organisateur 1000.00$","LDG-WJ4YFN-LR63AZ","{""transactionGroupId"":""TXG-ZFRSMB-M6MBS9"",""lineCount"":3,""waterfall"":{""cachetSigneCents"":100000,""commissionMrCents"":12000,""talentNetCents"":88000,""tauxPpm"":120000}}","","0","journal:placement-ENG-ZFRSMB-M6MBS9","SUB-COURT-1000","placement_engagement","placement_engagement","","2026-05-25T21:08:18.771Z","100000","","","TXG-ZFRSMB-M6MBS9","BILAN","cad","ENG-ZFRSMB-M6MBS9","SKU-COURTAGE","4110","DEBIT","6a14ba44914fb006c8f17c8e","2026-05-25T21:08:20.245000","2026-05-25T21:08:20.245000","6a09b5c6ace6051fecd365af","frederik.gelin@gmail.com","false"
"EVT-ULQ4EB-NA5QCY","Clearing encaissement dépôt — affectation engagement ENG-RWCJXU-3BW5WX","LDG-JG6NV9-AF9R4S","{""stripeEventId"":""pi_3Tb5dz2eLVUrCnnJ05W41TO6"",""txgId"":""TXG-ENC-RWCJXU-3BW5WX-W41TO6"",""lineCount"":2}","","1","stripe:pi_3Tb5dz2eLVUrCnnJ05W41TO6","SUB-COURT-DEPOT","encaissement_depot","encaissement_depot","","2026-05-25T21:02:47.592Z","6000","","ENC-DEPOT","TXG-ENC-RWCJXU-3BW5WX-W41TO6","FLUX","cad","ENG-RWCJXU-3BW5WX","SKU-COURTAGE","4335","CREDIT","6a14b8f917e0083f44565f2e","2026-05-25T21:02:49.213000","2026-05-25T21:02:49.213000","6a09b5c6ace6051fecd365af","frederik.gelin@gmail.com","false"
"EVT-ULQ4EB-NA5QCY","Encaissement dépôt Stripe — 60.00$","LDG-QFY2ML-RBSWE2","{""stripeEventId"":""pi_3Tb5dz2eLVUrCnnJ05W41TO6"",""txgId"":""TXG-ENC-RWCJXU-3BW5WX-W41TO6"",""lineCount"":2}","","0","stripe:pi_3Tb5dz2eLVUrCnnJ05W41TO6","SUB-COURT-DEPOT","encaissement_depot","encaissement_depot","","2026-05-25T21:02:47.592Z","6000","","ENC-DEPOT","TXG-ENC-RWCJXU-3BW5WX-W41TO6","FLUX","cad","ENG-RWCJXU-3BW5WX","SKU-COURTAGE","5200","DEBIT","6a14b8f8991169c69a752eeb","2026-05-25T21:02:48.934000","2026-05-25T21:02:48.934000","6a09b5c6ace6051fecd365af","frederik.gelin@gmail.com","false"
"EVT-GMWGKX-6C7MXB","Commission MR différée 12.0% — escrow jusqu'à archivage","LDG-FB5RU4-HBWYHJ","{""transactionGroupId"":""TXG-SPGY3W-N4YWUH"",""lineCount"":3}","","2","journal:placement-ENG-SPGY3W-N4YWUH","SUB-COURT-06","placement_engagement","placement_engagement","","2026-05-25T21:00:17.310Z","720","","","TXG-SPGY3W-N4YWUH","BILAN","cad","ENG-SPGY3W-N4YWUH","SKU-COURTAGE","4530","CREDIT","6a14b863ffadf393af67a3f3","2026-05-25T21:00:19.117000","2026-05-25T21:00:19.117000","6a09b5c6ace6051fecd365af","frederik.gelin@gmail.com","false"
"EVT-GMWGKX-6C7MXB","Cachet net talent — 52.80$","LDG-92W94Q-KTKXPM","{""transactionGroupId"":""TXG-SPGY3W-N4YWUH"",""lineCount"":3}","","1","journal:placement-ENG-SPGY3W-N4YWUH","SUB-COURT-06","placement_engagement","placement_engagement","","2026-05-25T21:00:17.310Z","5280","","","TXG-SPGY3W-N4YWUH","BILAN","cad","ENG-SPGY3W-N4YWUH","SKU-COURTAGE","4310","CREDIT","6a14b86289782bcf16da9ffe","2026-05-25T21:00:18.857000","2026-05-25T21:00:18.857000","6a09b5c6ace6051fecd365af","frederik.gelin@gmail.com","false"
"EVT-GMWGKX-6C7MXB","Placement ENG-SPGY3W-N4YWUH — créance organisateur 60.00$","LDG-MLJ3VU-QNRNSN","{""transactionGroupId"":""TXG-SPGY3W-N4YWUH"",""lineCount"":3,""waterfall"":{""cachetSigneCents"":6000,""commissionMrCents"":720,""talentNetCents"":5280,""tauxPpm"":120000}}","","0","journal:placement-ENG-SPGY3W-N4YWUH","SUB-COURT-06","placement_engagement","placement_engagement","","2026-05-25T21:00:17.310Z","6000","","","TXG-SPGY3W-N4YWUH","BILAN","cad","ENG-SPGY3W-N4YWUH","SKU-COURTAGE","4110","DEBIT","6a14b8622bef3c58b3b553b9","2026-05-25T21:00:18.634000","2026-05-25T21:00:18.634000","6a09b5c6ace6051fecd365af","frederik.gelin@gmail.com","false"
"EVT-ULQ4EB-NA5QCY","Commission MR différée 12.0% — escrow jusqu'à archivage","LDG-TR8J4E-85XWAN","{""transactionGroupId"":""TXG-RWCJXU-3BW5WX"",""lineCount"":3}","","2","journal:placement-ENG-RWCJXU-3BW5WX","SUB-COURT-05","placement_engagement","placement_engagement","","2026-05-25T20:56:47.252Z","3600","","","TXG-RWCJXU-3BW5WX","BILAN","cad","ENG-RWCJXU-3BW5WX","SKU-COURTAGE","4530","CREDIT","6a14b7917966dd6956e92334","2026-05-25T20:56:49.241000","2026-05-25T20:56:49.241000","6a09b5c6ace6051fecd365af","frederik.gelin@gmail.com","false"
"EVT-ULQ4EB-NA5QCY","Cachet net talent — 264.00$","LDG-HSETFJ-PKU2P4","{""transactionGroupId"":""TXG-RWCJXU-3BW5WX"",""lineCount"":3}","","1","journal:placement-ENG-RWCJXU-3BW5WX","SUB-COURT-05","placement_engagement","placement_engagement","","2026-05-25T20:56:47.252Z","26400","","","TXG-RWCJXU-3BW5WX","BILAN","cad","ENG-RWCJXU-3BW5WX","SKU-COURTAGE","4310","CREDIT","6a14b79027931366a05b0195","2026-05-25T20:56:48.966000","2026-05-25T20:56:48.966000","6a09b5c6ace6051fecd365af","frederik.gelin@gmail.com","false"
"EVT-ULQ4EB-NA5QCY","Placement ENG-RWCJXU-3BW5WX — créance organisateur 300.00$","LDG-5GZNF4-BLG4ZG","{""transactionGroupId"":""TXG-RWCJXU-3BW5WX"",""lineCount"":3,""waterfall"":{""cachetSigneCents"":30000,""commissionMrCents"":3600,""talentNetCents"":26400,""tauxPpm"":120000}}","","0","journal:placement-ENG-RWCJXU-3BW5WX","SUB-COURT-05","placement_engagement","placement_engagement","","2026-05-25T20:56:47.252Z","30000","","","TXG-RWCJXU-3BW5WX","BILAN","cad","ENG-RWCJXU-3BW5WX","SKU-COURTAGE","4110","DEBIT","6a14b790c87266a0aeb1844e","2026-05-25T20:56:48.647000","2026-05-25T20:56:48.647000","6a09b5c6ace6051fecd365af","frederik.gelin@gmail.com","false"
"EVT-JBY42M-92DF9P","Commission MR différée 12.0% — escrow jusqu'à archivage","LDG-AM6XLH-CEP3DC","{""transactionGroupId"":""TXG-E26QBU-PKE3AM"",""lineCount"":3}","","2","journal:placement-ENG-E26QBU-PKE3AM","SUB-COURT-111","placement_engagement","placement_engagement","","2026-05-25T20:45:09.373Z","2400","","","TXG-E26QBU-PKE3AM","BILAN","cad","ENG-E26QBU-PKE3AM","SKU-COURTAGE","4530","CREDIT","6a14b4d7b6d078990f5ef16a","2026-05-25T20:45:11.398000","2026-05-25T20:45:11.398000","6a09b5c6ace6051fecd365af","frederik.gelin@gmail.com","false"
"EVT-JBY42M-92DF9P","Cachet net talent — 176.00$","LDG-TAENYR-RNUPNQ","{""transactionGroupId"":""TXG-E26QBU-PKE3AM"",""lineCount"":3}","","1","journal:placement-ENG-E26QBU-PKE3AM","SUB-COURT-111","placement_engagement","placement_engagement","","2026-05-25T20:45:09.373Z","17600","","","TXG-E26QBU-PKE3AM","BILAN","cad","ENG-E26QBU-PKE3AM","SKU-COURTAGE","4310","CREDIT","6a14b4d741a8b2f590b4f358","2026-05-25T20:45:11.198000","2026-05-25T20:45:11.198000","6a09b5c6ace6051fecd365af","frederik.gelin@gmail.com","false"
"EVT-JBY42M-92DF9P","Placement ENG-E26QBU-PKE3AM — créance organisateur 200.00$","LDG-THV329-V9BQBV","{""transactionGroupId"":""TXG-E26QBU-PKE3AM"",""lineCount"":3,""waterfall"":{""cachetSigneCents"":20000,""commissionMrCents"":2400,""talentNetCents"":17600,""tauxPpm"":120000}}","","0","journal:placement-ENG-E26QBU-PKE3AM","SUB-COURT-111","placement_engagement","placement_engagement","","2026-05-25T20:45:09.373Z","20000","","","TXG-E26QBU-PKE3AM","BILAN","cad","ENG-E26QBU-PKE3AM","SKU-COURTAGE","4110","DEBIT","6a14b4d66c6245d891d2be80","2026-05-25T20:45:10.928000","2026-05-25T20:45:10.928000","6a09b5c6ace6051fecd365af","frederik.gelin@gmail.com","false"
"EVT-F48945-6J775Q","Commission MR différée 12.0% — escrow jusqu'à archivage","LDG-5WCWEH-RN3ZLP","{""transactionGroupId"":""TXG-MFVVW6-NN46MB"",""lineCount"":3}","","2","journal:placement-ENG-MFVVW6-NN46MB","SUB-COURT-DJ","placement_engagement","placement_engagement","","2026-05-25T20:37:59.609Z","1200","","","TXG-MFVVW6-NN46MB","BILAN","cad","ENG-MFVVW6-NN46MB","SKU-COURTAGE","4530","CREDIT","6a14b329026b1724d6cd1bbb","2026-05-25T20:38:01.577000","2026-05-25T20:38:01.577000","6a09b5c6ace6051fecd365af","frederik.gelin@gmail.com","false"
"EVT-F48945-6J775Q","Cachet net talent — 88.00$","LDG-MGK5UY-BT8B5J","{""transactionGroupId"":""TXG-MFVVW6-NN46MB"",""lineCount"":3}","","1","journal:placement-ENG-MFVVW6-NN46MB","SUB-COURT-DJ","placement_engagement","placement_engagement","","2026-05-25T20:37:59.609Z","8800","","","TXG-MFVVW6-NN46MB","BILAN","cad","ENG-MFVVW6-NN46MB","SKU-COURTAGE","4310","CREDIT","6a14b329e2b9c0c9cd205835","2026-05-25T20:38:01.329000","2026-05-25T20:38:01.329000","6a09b5c6ace6051fecd365af","frederik.gelin@gmail.com","false"
"EVT-F48945-6J775Q","Placement ENG-MFVVW6-NN46MB — créance organisateur 100.00$","LDG-BV23Z7-H5JLGB","{""transactionGroupId"":""TXG-MFVVW6-NN46MB"",""lineCount"":3,""waterfall"":{""cachetSigneCents"":10000,""commissionMrCents"":1200,""talentNetCents"":8800,""tauxPpm"":120000}}","","0","journal:placement-ENG-MFVVW6-NN46MB","SUB-COURT-DJ","placement_engagement","placement_engagement","","2026-05-25T20:37:59.609Z","10000","","","TXG-MFVVW6-NN46MB","BILAN","cad","ENG-MFVVW6-NN46MB","SKU-COURTAGE","4110","DEBIT","6a14b32994b8528c14bf0832","2026-05-25T20:38:01.058000","2026-05-25T20:38:01.058000","6a09b5c6ace6051fecd365af","frederik.gelin@gmail.com","false"
"EVT-6S6H4Q-JEGCC3","Commission MR différée 12.0% — escrow jusqu'à archivage","LDG-BAWVCL-32MYFK","{""transactionGroupId"":""TXG-GP68Y3-FHXFSG"",""lineCount"":3}","","2","journal:placement-ENG-GP68Y3-FHXFSG","SUB-COURT-DJ","placement_engagement","placement_engagement","","2026-05-25T20:04:09.008Z","1200","","","TXG-GP68Y3-FHXFSG","BILAN","cad","ENG-GP68Y3-FHXFSG","SKU-COURTAGE","4530","CREDIT","6a14ab3a005435d0f22e24b7","2026-05-25T20:04:10.971000","2026-05-25T20:04:10.971000","6a09b5c6ace6051fecd365af","frederik.gelin@gmail.com","false"
"EVT-6S6H4Q-JEGCC3","Cachet net talent — 88.00$","LDG-73RCS4-GQ3J6E","{""transactionGroupId"":""TXG-GP68Y3-FHXFSG"",""lineCount"":3}","","1","journal:placement-ENG-GP68Y3-FHXFSG","SUB-COURT-DJ","placement_engagement","placement_engagement","","2026-05-25T20:04:09.008Z","8800","","","TXG-GP68Y3-FHXFSG","BILAN","cad","ENG-GP68Y3-FHXFSG","SKU-COURTAGE","4310","CREDIT","6a14ab3ad700adc42b4a7ad1","2026-05-25T20:04:10.760000","2026-05-25T20:04:10.760000","6a09b5c6ace6051fecd365af","frederik.gelin@gmail.com","false"
"EVT-6S6H4Q-JEGCC3","Placement ENG-GP68Y3-FHXFSG — créance organisateur 100.00$","LDG-9HMP7A-YU4GUM","{""transactionGroupId"":""TXG-GP68Y3-FHXFSG"",""lineCount"":3,""waterfall"":{""cachetSigneCents"":10000,""commissionMrCents"":1200,""talentNetCents"":8800,""tauxPpm"":120000}}","","0","journal:placement-ENG-GP68Y3-FHXFSG","SUB-COURT-DJ","placement_engagement","placement_engagement","","2026-05-25T20:04:09.008Z","10000","","","TXG-GP68Y3-FHXFSG","BILAN","cad","ENG-GP68Y3-FHXFSG","SKU-COURTAGE","4110","DEBIT","6a14ab3a1c58f0e657356df4","2026-05-25T20:04:10.482000","2026-05-25T20:04:10.482000","6a09b5c6ace6051fecd365af","frederik.gelin@gmail.com","false"
"EVT-QBQZTC-UVKDGF","Commission MR différée 12.0% — escrow jusqu'à archivage","LDG-FHWU3V-GR7DFZ","{""transactionGroupId"":""TXG-7DPFM4-ZHKD4G"",""lineCount"":3}","","2","journal:placement-ENG-7DPFM4-ZHKD4G","SUB-COURT-TEST","placement_engagement","placement_engagement","","2026-05-25T16:46:42.846Z","1200","","","TXG-7DPFM4-ZHKD4G","BILAN","cad","ENG-7DPFM4-ZHKD4G","SKU-COURTAGE","4530","CREDIT","6a147cf4a64fa7dde85feb8b","2026-05-25T16:46:44.663000","2026-05-25T16:46:44.663000","6a09b5c6ace6051fecd365af","frederik.gelin@gmail.com","false"
"EVT-QBQZTC-UVKDGF","Cachet net talent — 88.00$","LDG-6K98E2-NJKZCK","{""transactionGroupId"":""TXG-7DPFM4-ZHKD4G"",""lineCount"":3}","","1","journal:placement-ENG-7DPFM4-ZHKD4G","SUB-COURT-TEST","placement_engagement","placement_engagement","","2026-05-25T16:46:42.846Z","8800","","","TXG-7DPFM4-ZHKD4G","BILAN","cad","ENG-7DPFM4-ZHKD4G","SKU-COURTAGE","4310","CREDIT","6a147cf402c82ba84f8bf6f7","2026-05-25T16:46:44.409000","2026-05-25T16:46:44.409000","6a09b5c6ace6051fecd365af","frederik.gelin@gmail.com","false"
"EVT-QBQZTC-UVKDGF","Placement ENG-7DPFM4-ZHKD4G — créance organisateur 100.00$","LDG-XCF2GE-XKRK23","{""transactionGroupId"":""TXG-7DPFM4-ZHKD4G"",""lineCount"":3,""waterfall"":{""cachetSigneCents"":10000,""commissionMrCents"":1200,""talentNetCents"":8800,""tauxPpm"":120000}}","","0","journal:placement-ENG-7DPFM4-ZHKD4G","SUB-COURT-TEST","placement_engagement","placement_engagement","","2026-05-25T16:46:42.846Z","10000","","","TXG-7DPFM4-ZHKD4G","BILAN","cad","ENG-7DPFM4-ZHKD4G","SKU-COURTAGE","4110","DEBIT","6a147cf434101cc210665ce2","2026-05-25T16:46:44.223000","2026-05-25T16:46:44.223000","6a09b5c6ace6051fecd365af","frederik.gelin@gmail.com","false"
"EVT-MPIGOBK2-C0RXZ5","Annulation débit 4335 erroné (passif Stripe Connect, hors-doctrine au placement).","LDG-YWBPTK-VENJDN","{""correctionOf"":""TXG-MPIGOBUZ-N084HN"",""originalAccount"":""4335"",""newAccount"":""4110""}","","1","journal:corr-4335-to-4110-TXG-MPIGOBUZ-N084HN","SUB-COURT-DJ","regularisation","correction_waterfall_4335_to_4110","","2026-05-25T13:05:46.950Z","20000","","","TXG-CORR-MPIGOBUZ-N084HN","BILAN","cad","ENG-MPIGOBUZ-N084HN","SKU-COURTAGE","4335","CREDIT","6a14492c01912794a88bb12a","2026-05-25T13:05:48.179000","2026-05-25T13:05:48.179000","6a09b5c6ace6051fecd365af","frederik.gelin@gmail.com","false"
"EVT-MPIGOBK2-C0RXZ5","Correction waterfall — reclassement 4335→4110 (créance organisateur). D-038.","LDG-DE6H4C-4R4VP3","{""correctionOf"":""TXG-MPIGOBUZ-N084HN"",""originalAccount"":""4335"",""newAccount"":""4110"",""reason"":""4335 hors-doctrine au placement — remplacé par 4110 selon D-038""}","","0","journal:corr-4335-to-4110-TXG-MPIGOBUZ-N084HN","SUB-COURT-DJ","regularisation","correction_waterfall_4335_to_4110","","2026-05-25T13:05:46.950Z","20000","","","TXG-CORR-MPIGOBUZ-N084HN","BILAN","cad","ENG-MPIGOBUZ-N084HN","SKU-COURTAGE","4110","DEBIT","6a14492b97e79c29bf3b9230","2026-05-25T13:05:47.861000","2026-05-25T13:05:47.861000","6a09b5c6ace6051fecd365af","frederik.gelin@gmail.com","false"
"EVT-8KX8XG-48N8SQ","Annulation débit 4335 erroné (passif Stripe Connect, hors-doctrine au placement).","LDG-DLTVKH-ETNHQS","{""correctionOf"":""TXG-C7F6CR-WAYE3N"",""originalAccount"":""4335"",""newAccount"":""4110""}","","1","journal:corr-4335-to-4110-TXG-C7F6CR-WAYE3N","SUB-COURT-DJ","regularisation","correction_waterfall_4335_to_4110","","2026-05-25T13:05:46.668Z","10000","","","TXG-CORR-C7F6CR-WAYE3N","BILAN","cad","ENG-C7F6CR-WAYE3N","SKU-COURTAGE","4335","CREDIT","6a14492b5751a1f445e511e4","2026-05-25T13:05:47.685000","2026-05-25T13:05:47.685000","6a09b5c6ace6051fecd365af","frederik.gelin@gmail.com","false"
"EVT-8KX8XG-48N8SQ","Correction waterfall — reclassement 4335→4110 (créance organisateur). D-038.","LDG-JGTMPB-STHM7S","{""correctionOf"":""TXG-C7F6CR-WAYE3N"",""originalAccount"":""4335"",""newAccount"":""4110"",""reason"":""4335 hors-doctrine au placement — remplacé par 4110 selon D-038""}","","0","journal:corr-4335-to-4110-TXG-C7F6CR-WAYE3N","SUB-COURT-DJ","regularisation","correction_waterfall_4335_to_4110","","2026-05-25T13:05:46.668Z","10000","","","TXG-CORR-C7F6CR-WAYE3N","BILAN","cad","ENG-C7F6CR-WAYE3N","SKU-COURTAGE","4110","DEBIT","6a14492b4ee96f9d7730304d","2026-05-25T13:05:47.547000","2026-05-25T13:05:47.547000","6a09b5c6ace6051fecd365af","frederik.gelin@gmail.com","false"
"EVT-63Z26K-964EDR","Annulation débit 4335 erroné (passif Stripe Connect, hors-doctrine au placement).","LDG-TJZ9TS-S5PEUD","{""correctionOf"":""TXG-4CVN7W-KP9VWM"",""originalAccount"":""4335"",""newAccount"":""4110""}","","1","journal:corr-4335-to-4110-TXG-4CVN7W-KP9VWM","SUB-COURT-DJ","regularisation","correction_waterfall_4335_to_4110","","2026-05-25T13:05:46.322Z","10000","","","TXG-CORR-4CVN7W-KP9VWM","BILAN","cad","ENG-4CVN7W-KP9VWM","SKU-COURTAGE","4335","CREDIT","6a14492b655353536685fed8","2026-05-25T13:05:47.389000","2026-05-25T13:05:47.389000","6a09b5c6ace6051fecd365af","frederik.gelin@gmail.com","false"
"EVT-63Z26K-964EDR","Correction waterfall — reclassement 4335→4110 (créance organisateur). D-038.","LDG-HVTSV4-855DTQ","{""correctionOf"":""TXG-4CVN7W-KP9VWM"",""originalAccount"":""4335"",""newAccount"":""4110"",""reason"":""4335 hors-doctrine au placement — remplacé par 4110 selon D-038""}","","0","journal:corr-4335-to-4110-TXG-4CVN7W-KP9VWM","SUB-COURT-DJ","regularisation","correction_waterfall_4335_to_4110","","2026-05-25T13:05:46.322Z","10000","","","TXG-CORR-4CVN7W-KP9VWM","BILAN","cad","ENG-4CVN7W-KP9VWM","SKU-COURTAGE","4110","DEBIT","6a14492b6c1fb228fd02b4e8","2026-05-25T13:05:47.234000","2026-05-25T13:05:47.234000","6a09b5c6ace6051fecd365af","frederik.gelin@gmail.com","false"
"EVT-GUHYJ7-4QZUPU","Annulation débit 4335 erroné (passif Stripe Connect, hors-doctrine au placement).","LDG-5NUJR4-36J6C9","{""correctionOf"":""TXG-SW6ENJ-HBY5N6"",""originalAccount"":""4335"",""newAccount"":""4110""}","","1","journal:corr-4335-to-4110-TXG-SW6ENJ-HBY5N6","SUB-COURT-TEST","regularisation","correction_waterfall_4335_to_4110","","2026-05-25T13:05:45.997Z","15000","","","TXG-CORR-SW6ENJ-HBY5N6","BILAN","cad","ENG-SW6ENJ-HBY5N6","SKU-COURTAGE","4335","CREDIT","6a14492bafccf94315b7d2f5","2026-05-25T13:05:47.062000","2026-05-25T13:05:47.062000","6a09b5c6ace6051fecd365af","frederik.gelin@gmail.com","false"
"EVT-GUHYJ7-4QZUPU","Correction waterfall — reclassement 4335→4110 (créance organisateur). D-038.","LDG-VRECN9-AJDJJC","{""correctionOf"":""TXG-SW6ENJ-HBY5N6"",""originalAccount"":""4335"",""newAccount"":""4110"",""reason"":""4335 hors-doctrine au placement — remplacé par 4110 selon D-038""}","","0","journal:corr-4335-to-4110-TXG-SW6ENJ-HBY5N6","SUB-COURT-TEST","regularisation","correction_waterfall_4335_to_4110","","2026-05-25T13:05:45.997Z","15000","","","TXG-CORR-SW6ENJ-HBY5N6","BILAN","cad","ENG-SW6ENJ-HBY5N6","SKU-COURTAGE","4110","DEBIT","6a14492ac4d37517cd1f24bc","2026-05-25T13:05:46.874000","2026-05-25T13:05:46.874000","6a09b5c6ace6051fecd365af","frederik.gelin@gmail.com","false"
"EVT-GYST6X-8N4PD5","Annulation débit 4335 erroné (passif Stripe Connect, hors-doctrine au placement).","LDG-HTXUB9-2DYKQD","{""correctionOf"":""TXG-SRQ48C-TKRQ27"",""originalAccount"":""4335"",""newAccount"":""4110""}","","1","journal:corr-4335-to-4110-TXG-SRQ48C-TKRQ27","SUB-COURT-TEST","regularisation","correction_waterfall_4335_to_4110","","2026-05-25T13:05:45.693Z","50000","","","TXG-CORR-SRQ48C-TKRQ27","BILAN","cad","ENG-SRQ48C-TKRQ27","SKU-COURTAGE","4335","CREDIT","6a14492a4e8020e92dda9524","2026-05-25T13:05:46.743000","2026-05-25T13:05:46.743000","6a09b5c6ace6051fecd365af","frederik.gelin@gmail.com","false"
"EVT-GYST6X-8N4PD5","Correction waterfall — reclassement 4335→4110 (créance organisateur). D-038.","LDG-CWST9T-3FJY8M","{""correctionOf"":""TXG-SRQ48C-TKRQ27"",""originalAccount"":""4335"",""newAccount"":""4110"",""reason"":""4335 hors-doctrine au placement — remplacé par 4110 selon D-038""}","","0","journal:corr-4335-to-4110-TXG-SRQ48C-TKRQ27","SUB-COURT-TEST","regularisation","correction_waterfall_4335_to_4110","","2026-05-25T13:05:45.693Z","50000","","","TXG-CORR-SRQ48C-TKRQ27","BILAN","cad","ENG-SRQ48C-TKRQ27","SKU-COURTAGE","4110","DEBIT","6a14492abda2548366554fde","2026-05-25T13:05:46.581000","2026-05-25T13:05:46.581000","6a09b5c6ace6051fecd365af","frederik.gelin@gmail.com","false"
"EVT-2KDAB7-64XLAJ","Annulation débit 4335 erroné (passif Stripe Connect, hors-doctrine au placement).","LDG-PK8NMR-6XCYGD","{""correctionOf"":""TXG-AUJBY3-CUZFZL"",""originalAccount"":""4335"",""newAccount"":""4110""}","","1","journal:corr-4335-to-4110-TXG-AUJBY3-CUZFZL","SUB-COURT-DH","regularisation","correction_waterfall_4335_to_4110","","2026-05-25T13:05:45.409Z","10000","","","TXG-CORR-AUJBY3-CUZFZL","BILAN","cad","ENG-AUJBY3-CUZFZL","SKU-COURTAGE","4335","CREDIT","6a14492a71ee4899e26182bd","2026-05-25T13:05:46.437000","2026-05-25T13:05:46.437000","6a09b5c6ace6051fecd365af","frederik.gelin@gmail.com","false"
"EVT-2KDAB7-64XLAJ","Correction waterfall — reclassement 4335→4110 (créance organisateur). D-038.","LDG-4KR4AG-VVKNN5","{""correctionOf"":""TXG-AUJBY3-CUZFZL"",""originalAccount"":""4335"",""newAccount"":""4110"",""reason"":""4335 hors-doctrine au placement — remplacé par 4110 selon D-038""}","","0","journal:corr-4335-to-4110-TXG-AUJBY3-CUZFZL","SUB-COURT-DH","regularisation","correction_waterfall_4335_to_4110","","2026-05-25T13:05:45.409Z","10000","","","TXG-CORR-AUJBY3-CUZFZL","BILAN","cad","ENG-AUJBY3-CUZFZL","SKU-COURTAGE","4110","DEBIT","6a14492a2a00b4224ed353fc","2026-05-25T13:05:46.288000","2026-05-25T13:05:46.288000","6a09b5c6ace6051fecd365af","frederik.gelin@gmail.com","false"
"EVT-QBBW5D-6ZN6Z5","Annulation débit 4335 erroné (passif Stripe Connect, hors-doctrine au placement).","LDG-DCEHB2-6EYV28","{""correctionOf"":""TXG-F5RBCN-JS3DEH"",""originalAccount"":""4335"",""newAccount"":""4110""}","","1","journal:corr-4335-to-4110-TXG-F5RBCN-JS3DEH","SUB-COURT-DJ","regularisation","correction_waterfall_4335_to_4110","","2026-05-25T13:05:45.117Z","10000","","","TXG-CORR-F5RBCN-JS3DEH","BILAN","cad","ENG-F5RBCN-JS3DEH","SKU-COURTAGE","4335","CREDIT","6a14492ad25b1b4505beb3ce","2026-05-25T13:05:46.149000","2026-05-25T13:05:46.149000","6a09b5c6ace6051fecd365af","frederik.gelin@gmail.com","false"
"EVT-QBBW5D-6ZN6Z5","Correction waterfall — reclassement 4335→4110 (créance organisateur). D-038.","LDG-MMJW8K-6D9ZM4","{""correctionOf"":""TXG-F5RBCN-JS3DEH"",""originalAccount"":""4335"",""newAccount"":""4110"",""reason"":""4335 hors-doctrine au placement — remplacé par 4110 selon D-038""}","","0","journal:corr-4335-to-4110-TXG-F5RBCN-JS3DEH","SUB-COURT-DJ","regularisation","correction_waterfall_4335_to_4110","","2026-05-25T13:05:45.117Z","10000","","","TXG-CORR-F5RBCN-JS3DEH","BILAN","cad","ENG-F5RBCN-JS3DEH","SKU-COURTAGE","4110","DEBIT","6a14492a4aea3a9f006a46c8","2026-05-25T13:05:46.004000","2026-05-25T13:05:46.004000","6a09b5c6ace6051fecd365af","frederik.gelin@gmail.com","false"
"EVT-SWVNPW-Y8D8M6","Annulation débit 4335 erroné (passif Stripe Connect, hors-doctrine au placement).","LDG-D2PMB5-FGY65R","{""correctionOf"":""TXG-VZQR3R-N4KMYY"",""originalAccount"":""4335"",""newAccount"":""4110""}","","1","journal:corr-4335-to-4110-TXG-VZQR3R-N4KMYY","SUB-COURT-2000","regularisation","correction_waterfall_4335_to_4110","","2026-05-25T13:05:44.760Z","10000","","","TXG-CORR-VZQR3R-N4KMYY","BILAN","cad","ENG-VZQR3R-N4KMYY","SKU-COURTAGE","4335","CREDIT","6a144929aa1b0e709e6e4241","2026-05-25T13:05:45.851000","2026-05-25T13:05:45.851000","6a09b5c6ace6051fecd365af","frederik.gelin@gmail.com","false"
"EVT-SWVNPW-Y8D8M6","Correction waterfall — reclassement 4335→4110 (créance organisateur). D-038.","LDG-9V8SUW-9ENTLZ","{""correctionOf"":""TXG-VZQR3R-N4KMYY"",""originalAccount"":""4335"",""newAccount"":""4110"",""reason"":""4335 hors-doctrine au placement — remplacé par 4110 selon D-038""}","","0","journal:corr-4335-to-4110-TXG-VZQR3R-N4KMYY","SUB-COURT-2000","regularisation","correction_waterfall_4335_to_4110","","2026-05-25T13:05:44.760Z","10000","","","TXG-CORR-VZQR3R-N4KMYY","BILAN","cad","ENG-VZQR3R-N4KMYY","SKU-COURTAGE","4110","DEBIT","6a144929d55ef30ae0c4bfa1","2026-05-25T13:05:45.643000","2026-05-25T13:05:45.643000","6a09b5c6ace6051fecd365af","frederik.gelin@gmail.com","false"
"EVT-MBETX8-85MJMD","Annulation débit 4335 erroné (passif Stripe Connect, hors-doctrine au placement).","LDG-LUGL2Z-8MBUVQ","{""correctionOf"":""TXG-EELYFH-WY9JGK"",""originalAccount"":""4335"",""newAccount"":""4110""}","","1","journal:corr-4335-to-4110-TXG-EELYFH-WY9JGK","SUB-COURT-133","regularisation","correction_waterfall_4335_to_4110","","2026-05-25T13:05:44.458Z","10000","","","TXG-CORR-EELYFH-WY9JGK","BILAN","cad","ENG-EELYFH-WY9JGK","SKU-COURTAGE","4335","CREDIT","6a144929e13936facc17398e","2026-05-25T13:05:45.503000","2026-05-25T13:05:45.503000","6a09b5c6ace6051fecd365af","frederik.gelin@gmail.com","false"
"EVT-MBETX8-85MJMD","Correction waterfall — reclassement 4335→4110 (créance organisateur). D-038.","LDG-526Q64-V56SYR","{""correctionOf"":""TXG-EELYFH-WY9JGK"",""originalAccount"":""4335"",""newAccount"":""4110"",""reason"":""4335 hors-doctrine au placement — remplacé par 4110 selon D-038""}","","0","journal:corr-4335-to-4110-TXG-EELYFH-WY9JGK","SUB-COURT-133","regularisation","correction_waterfall_4335_to_4110","","2026-05-25T13:05:44.458Z","10000","","","TXG-CORR-EELYFH-WY9JGK","BILAN","cad","ENG-EELYFH-WY9JGK","SKU-COURTAGE","4110","DEBIT","6a14492958543ec1658c3325","2026-05-25T13:05:45.350000","2026-05-25T13:05:45.350000","6a09b5c6ace6051fecd365af","frederik.gelin@gmail.com","false"
"EVT-QJXYD9-MF4H8J","Annulation débit 4335 erroné (passif Stripe Connect, hors-doctrine au placement).","LDG-H49XNZ-FFBHFK","{""correctionOf"":""TXG-SY7RQA-5TGN8X"",""originalAccount"":""4335"",""newAccount"":""4110""}","","1","journal:corr-4335-to-4110-TXG-SY7RQA-5TGN8X","SUB-COURT-1000","regularisation","correction_waterfall_4335_to_4110","","2026-05-25T13:05:44.155Z","100000","","","TXG-CORR-SY7RQA-5TGN8X","BILAN","cad","ENG-SY7RQA-5TGN8X","SKU-COURTAGE","4335","CREDIT","6a1449299f441bb57421767d","2026-05-25T13:05:45.198000","2026-05-25T13:05:45.198000","6a09b5c6ace6051fecd365af","frederik.gelin@gmail.com","false"
"EVT-QJXYD9-MF4H8J","Correction waterfall — reclassement 4335→4110 (créance organisateur). D-038.","LDG-QFFWB6-3SDWPN","{""correctionOf"":""TXG-SY7RQA-5TGN8X"",""originalAccount"":""4335"",""newAccount"":""4110"",""reason"":""4335 hors-doctrine au placement — remplacé par 4110 selon D-038""}","","0","journal:corr-4335-to-4110-TXG-SY7RQA-5TGN8X","SUB-COURT-1000","regularisation","correction_waterfall_4335_to_4110","","2026-05-25T13:05:44.155Z","100000","","","TXG-CORR-SY7RQA-5TGN8X","BILAN","cad","ENG-SY7RQA-5TGN8X","SKU-COURTAGE","4110","DEBIT","6a1449292865b535963d1c13","2026-05-25T13:05:45.037000","2026-05-25T13:05:45.037000","6a09b5c6ace6051fecd365af","frederik.gelin@gmail.com","false"
"EVT-5MGX67-TYR37M","Annulation débit 4335 erroné (passif Stripe Connect, hors-doctrine au placement).","LDG-J4V4BB-RDPXML","{""correctionOf"":""TXG-294P63-BH4D8L"",""originalAccount"":""4335"",""newAccount"":""4110""}","","1","journal:corr-4335-to-4110-TXG-294P63-BH4D8L","SUB-COURT-10","regularisation","correction_waterfall_4335_to_4110","","2026-05-25T13:05:43.849Z","21000","","","TXG-CORR-294P63-BH4D8L","BILAN","cad","ENG-294P63-BH4D8L","SKU-COURTAGE","4335","CREDIT","6a144928b5c1b7be28935704","2026-05-25T13:05:44.886000","2026-05-25T13:05:44.886000","6a09b5c6ace6051fecd365af","frederik.gelin@gmail.com","false"
"EVT-5MGX67-TYR37M","Correction waterfall — reclassement 4335→4110 (créance organisateur). D-038.","LDG-9Z777B-R2UZEH","{""correctionOf"":""TXG-294P63-BH4D8L"",""originalAccount"":""4335"",""newAccount"":""4110"",""reason"":""4335 hors-doctrine au placement — remplacé par 4110 selon D-038""}","","0","journal:corr-4335-to-4110-TXG-294P63-BH4D8L","SUB-COURT-10","regularisation","correction_waterfall_4335_to_4110","","2026-05-25T13:05:43.849Z","21000","","","TXG-CORR-294P63-BH4D8L","BILAN","cad","ENG-294P63-BH4D8L","SKU-COURTAGE","4110","DEBIT","6a1449287c0ee6951e5a7ed1","2026-05-25T13:05:44.744000","2026-05-25T13:05:44.744000","6a09b5c6ace6051fecd365af","frederik.gelin@gmail.com","false"
"EVT-46Z836-U3KPNN","Annulation débit 4335 erroné (passif Stripe Connect, hors-doctrine au placement).","LDG-G7X8Q3-2PUFUP","{""correctionOf"":""TXG-WG9RS3-MEB3LG"",""originalAccount"":""4335"",""newAccount"":""4110""}","","1","journal:corr-4335-to-4110-TXG-WG9RS3-MEB3LG","SUB-COURT-TEST","regularisation","correction_waterfall_4335_to_4110","","2026-05-25T13:05:43.433Z","100000","","","TXG-CORR-WG9RS3-MEB3LG","BILAN","cad","ENG-WG9RS3-MEB3LG","SKU-COURTAGE","4335","CREDIT","6a144928177101f8c5f82ebe","2026-05-25T13:05:44.593000","2026-05-25T13:05:44.593000","6a09b5c6ace6051fecd365af","frederik.gelin@gmail.com","false"
"EVT-46Z836-U3KPNN","Correction waterfall — reclassement 4335→4110 (créance organisateur). D-038.","LDG-LEB222-G2HM2Q","{""correctionOf"":""TXG-WG9RS3-MEB3LG"",""originalAccount"":""4335"",""newAccount"":""4110"",""reason"":""4335 hors-doctrine au placement — remplacé par 4110 selon D-038""}","","0","journal:corr-4335-to-4110-TXG-WG9RS3-MEB3LG","SUB-COURT-TEST","regularisation","correction_waterfall_4335_to_4110","","2026-05-25T13:05:43.433Z","100000","","","TXG-CORR-WG9RS3-MEB3LG","BILAN","cad","ENG-WG9RS3-MEB3LG","SKU-COURTAGE","4110","DEBIT","6a144928026119a7a9fe7df2","2026-05-25T13:05:44.393000","2026-05-25T13:05:44.393000","6a09b5c6ace6051fecd365af","frederik.gelin@gmail.com","false"
"EVT-MPIGOBK2-C0RXZ5","[BACKFILL] Commission MR différée 12.0%","LDG-7R3NGX-RBMUB4","{""transactionGroupId"":""TXG-MPIGOBUZ-N084HN"",""lineCount"":3,""backfill"":true}","","2","journal:backfill-placement-ENG-MPIGOBUZ-N084HN","SUB-COURT-DJ","placement_engagement","backfill_placement","","2026-05-25T00:34:30.053Z","2400","","","TXG-MPIGOBUZ-N084HN","BILAN","cad","ENG-MPIGOBUZ-N084HN","SKU-COURTAGE","4530","CREDIT","6a139916e53e0da20f774436","2026-05-25T00:34:30.792000","2026-05-25T00:34:30.792000","6a09b5c6ace6051fecd365af","frederik.gelin@gmail.com","false"
"EVT-MPIGOBK2-C0RXZ5","[BACKFILL] Cachet net talent 176.00$","LDG-AXC3RQ-JNRCYC","{""transactionGroupId"":""TXG-MPIGOBUZ-N084HN"",""lineCount"":3,""backfill"":true}","","1","journal:backfill-placement-ENG-MPIGOBUZ-N084HN","SUB-COURT-DJ","placement_engagement","backfill_placement","","2026-05-25T00:34:30.053Z","17600","","","TXG-MPIGOBUZ-N084HN","BILAN","cad","ENG-MPIGOBUZ-N084HN","SKU-COURTAGE","4310","CREDIT","6a13991654010d359debfee0","2026-05-25T00:34:30.552000","2026-05-25T00:34:30.552000","6a09b5c6ace6051fecd365af","frederik.gelin@gmail.com","false"
"EVT-MPIGOBK2-C0RXZ5","[BACKFILL] Clearing waterfall 200.00$ — Backfill 2026-05-25 — engagement créé avant correction schéma LedgerRecord","LDG-LNYJKR-KGFL8W","{""transactionGroupId"":""TXG-MPIGOBUZ-N084HN"",""lineCount"":3,""backfill"":true,""backfillDate"":""2026-05-25T00:34:30.053Z"",""waterfall"":{""cachetCents"":20000,""commCents"":2400,""talentNetCents"":17600,""tauxPpm"":120000}}","","0","journal:backfill-placement-ENG-MPIGOBUZ-N084HN","SUB-COURT-DJ","placement_engagement","backfill_placement","","2026-05-25T00:34:30.053Z","20000","","","TXG-MPIGOBUZ-N084HN","BILAN","cad","ENG-MPIGOBUZ-N084HN","SKU-COURTAGE","4335","DEBIT","6a139916d5e1413151704c20","2026-05-25T00:34:30.355000","2026-05-25T00:34:30.355000","6a09b5c6ace6051fecd365af","frederik.gelin@gmail.com","false"
"EVT-8KX8XG-48N8SQ","[BACKFILL] Commission MR différée 12.0%","LDG-9EN3XL-DU2DD6","{""transactionGroupId"":""TXG-C7F6CR-WAYE3N"",""lineCount"":3,""backfill"":true}","","2","journal:backfill-placement-ENG-C7F6CR-WAYE3N","SUB-COURT-DJ","placement_engagement","backfill_placement","","2026-05-25T00:34:29.597Z","1200","","","TXG-C7F6CR-WAYE3N","BILAN","cad","ENG-C7F6CR-WAYE3N","SKU-COURTAGE","4530","CREDIT","6a139916c0308ac630a5e55e","2026-05-25T00:34:30.183000","2026-05-25T00:34:30.183000","6a09b5c6ace6051fecd365af","frederik.gelin@gmail.com","false"
"EVT-8KX8XG-48N8SQ","[BACKFILL] Cachet net talent 88.00$","LDG-X4DMDK-3RZHQM","{""transactionGroupId"":""TXG-C7F6CR-WAYE3N"",""lineCount"":3,""backfill"":true}","","1","journal:backfill-placement-ENG-C7F6CR-WAYE3N","SUB-COURT-DJ","placement_engagement","backfill_placement","","2026-05-25T00:34:29.597Z","8800","","","TXG-C7F6CR-WAYE3N","BILAN","cad","ENG-C7F6CR-WAYE3N","SKU-COURTAGE","4310","CREDIT","6a139916827e61dd009276ff","2026-05-25T00:34:30.003000","2026-05-25T00:34:30.003000","6a09b5c6ace6051fecd365af","frederik.gelin@gmail.com","false"
"EVT-8KX8XG-48N8SQ","[BACKFILL] Clearing waterfall 100.00$ — Backfill 2026-05-25 — engagement créé avant correction schéma LedgerRecord","LDG-RKY3QC-MBZJRQ","{""transactionGroupId"":""TXG-C7F6CR-WAYE3N"",""lineCount"":3,""backfill"":true,""backfillDate"":""2026-05-25T00:34:29.597Z"",""waterfall"":{""cachetCents"":10000,""commCents"":1200,""talentNetCents"":8800,""tauxPpm"":120000}}","","0","journal:backfill-placement-ENG-C7F6CR-WAYE3N","SUB-COURT-DJ","placement_engagement","backfill_placement","","2026-05-25T00:34:29.597Z","10000","","","TXG-C7F6CR-WAYE3N","BILAN","cad","ENG-C7F6CR-WAYE3N","SKU-COURTAGE","4335","DEBIT","6a1399157a4f477ba859e3f5","2026-05-25T00:34:29.861000","2026-05-25T00:34:29.861000","6a09b5c6ace6051fecd365af","frederik.gelin@gmail.com","false"
"EVT-63Z26K-964EDR","[BACKFILL] Commission MR différée 12.0%","LDG-9YWG39-QHKC84","{""transactionGroupId"":""TXG-4CVN7W-KP9VWM"",""lineCount"":3,""backfill"":true}","","2","journal:backfill-placement-ENG-4CVN7W-KP9VWM","SUB-COURT-DJ","placement_engagement","backfill_placement","","2026-05-25T00:34:28.995Z","1200","","","TXG-4CVN7W-KP9VWM","BILAN","cad","ENG-4CVN7W-KP9VWM","SKU-COURTAGE","4530","CREDIT","6a139915a7a81e27766ff35e","2026-05-25T00:34:29.677000","2026-05-25T00:34:29.677000","6a09b5c6ace6051fecd365af","frederik.gelin@gmail.com","false"
"EVT-63Z26K-964EDR","[BACKFILL] Cachet net talent 88.00$","LDG-YA9RTA-ZJY9SC","{""transactionGroupId"":""TXG-4CVN7W-KP9VWM"",""lineCount"":3,""backfill"":true}","","1","journal:backfill-placement-ENG-4CVN7W-KP9VWM","SUB-COURT-DJ","placement_engagement","backfill_placement","","2026-05-25T00:34:28.995Z","8800","","","TXG-4CVN7W-KP9VWM","BILAN","cad","ENG-4CVN7W-KP9VWM","SKU-COURTAGE","4310","CREDIT","6a13991516cd58cc33000849","2026-05-25T00:34:29.421000","2026-05-25T00:34:29.421000","6a09b5c6ace6051fecd365af","frederik.gelin@gmail.com","false"
"EVT-63Z26K-964EDR","[BACKFILL] Clearing waterfall 100.00$ — Backfill 2026-05-25 — engagement créé avant correction schéma LedgerRecord","LDG-8R52FF-NW7JUN","{""transactionGroupId"":""TXG-4CVN7W-KP9VWM"",""lineCount"":3,""backfill"":true,""backfillDate"":""2026-05-25T00:34:28.995Z"",""waterfall"":{""cachetCents"":10000,""commCents"":1200,""talentNetCents"":8800,""tauxPpm"":120000}}","","0","journal:backfill-placement-ENG-4CVN7W-KP9VWM","SUB-COURT-DJ","placement_engagement","backfill_placement","","2026-05-25T00:34:28.995Z","10000","","","TXG-4CVN7W-KP9VWM","BILAN","cad","ENG-4CVN7W-KP9VWM","SKU-COURTAGE","4335","DEBIT","6a1399158406f4d340744b4e","2026-05-25T00:34:29.264000","2026-05-25T00:34:29.264000","6a09b5c6ace6051fecd365af","frederik.gelin@gmail.com","false"
"EVT-GUHYJ7-4QZUPU","[BACKFILL] Commission MR différée 12.0%","LDG-UU4C9H-SZHSQ7","{""transactionGroupId"":""TXG-SW6ENJ-HBY5N6"",""lineCount"":3,""backfill"":true}","","2","journal:backfill-placement-ENG-SW6ENJ-HBY5N6","SUB-COURT-TEST","placement_engagement","backfill_placement","","2026-05-25T00:34:28.505Z","1800","","","TXG-SW6ENJ-HBY5N6","BILAN","cad","ENG-SW6ENJ-HBY5N6","SKU-COURTAGE","4530","CREDIT","6a1399152448db312a6bcfee","2026-05-25T00:34:29.096000","2026-05-25T00:34:29.096000","6a09b5c6ace6051fecd365af","frederik.gelin@gmail.com","false"
"EVT-GUHYJ7-4QZUPU","[BACKFILL] Cachet net talent 132.00$","LDG-FMBTCY-A5C9LK","{""transactionGroupId"":""TXG-SW6ENJ-HBY5N6"",""lineCount"":3,""backfill"":true}","","1","journal:backfill-placement-ENG-SW6ENJ-HBY5N6","SUB-COURT-TEST","placement_engagement","backfill_placement","","2026-05-25T00:34:28.505Z","13200","","","TXG-SW6ENJ-HBY5N6","BILAN","cad","ENG-SW6ENJ-HBY5N6","SKU-COURTAGE","4310","CREDIT","6a13991478a06945c03434da","2026-05-25T00:34:28.933000","2026-05-25T00:34:28.933000","6a09b5c6ace6051fecd365af","frederik.gelin@gmail.com","false"
"EVT-GUHYJ7-4QZUPU","[BACKFILL] Clearing waterfall 150.00$ — Backfill 2026-05-25 — engagement créé avant correction schéma LedgerRecord","LDG-9BLPSN-4A6PP3","{""transactionGroupId"":""TXG-SW6ENJ-HBY5N6"",""lineCount"":3,""backfill"":true,""backfillDate"":""2026-05-25T00:34:28.505Z"",""waterfall"":{""cachetCents"":15000,""commCents"":1800,""talentNetCents"":13200,""tauxPpm"":120000}}","","0","journal:backfill-placement-ENG-SW6ENJ-HBY5N6","SUB-COURT-TEST","placement_engagement","backfill_placement","","2026-05-25T00:34:28.505Z","15000","","","TXG-SW6ENJ-HBY5N6","BILAN","cad","ENG-SW6ENJ-HBY5N6","SKU-COURTAGE","4335","DEBIT","6a139914fcef763582c13679","2026-05-25T00:34:28.777000","2026-05-25T00:34:28.777000","6a09b5c6ace6051fecd365af","frederik.gelin@gmail.com","false"
"EVT-GYST6X-8N4PD5","[BACKFILL] Commission MR différée 12.0%","LDG-H84X5F-7UDRDE","{""transactionGroupId"":""TXG-SRQ48C-TKRQ27"",""lineCount"":3,""backfill"":true}","","2","journal:backfill-placement-ENG-SRQ48C-TKRQ27","SUB-COURT-TEST","placement_engagement","backfill_placement","","2026-05-25T00:34:28.049Z","6000","","","TXG-SRQ48C-TKRQ27","BILAN","cad","ENG-SRQ48C-TKRQ27","SKU-COURTAGE","4530","CREDIT","6a139914515e9fca21380255","2026-05-25T00:34:28.636000","2026-05-25T00:34:28.636000","6a09b5c6ace6051fecd365af","frederik.gelin@gmail.com","false"
"EVT-GYST6X-8N4PD5","[BACKFILL] Cachet net talent 440.00$","LDG-SMVWSV-SQHRZ6","{""transactionGroupId"":""TXG-SRQ48C-TKRQ27"",""lineCount"":3,""backfill"":true}","","1","journal:backfill-placement-ENG-SRQ48C-TKRQ27","SUB-COURT-TEST","placement_engagement","backfill_placement","","2026-05-25T00:34:28.049Z","44000","","","TXG-SRQ48C-TKRQ27","BILAN","cad","ENG-SRQ48C-TKRQ27","SKU-COURTAGE","4310","CREDIT","6a139914b56b4e09b31f224b","2026-05-25T00:34:28.459000","2026-05-25T00:34:28.459000","6a09b5c6ace6051fecd365af","frederik.gelin@gmail.com","false"
"EVT-GYST6X-8N4PD5","[BACKFILL] Clearing waterfall 500.00$ — Backfill 2026-05-25 — engagement créé avant correction schéma LedgerRecord","LDG-CRLN2U-A4CC7W","{""transactionGroupId"":""TXG-SRQ48C-TKRQ27"",""lineCount"":3,""backfill"":true,""backfillDate"":""2026-05-25T00:34:28.049Z"",""waterfall"":{""cachetCents"":50000,""commCents"":6000,""talentNetCents"":44000,""tauxPpm"":120000}}","","0","journal:backfill-placement-ENG-SRQ48C-TKRQ27","SUB-COURT-TEST","placement_engagement","backfill_placement","","2026-05-25T00:34:28.049Z","50000","","","TXG-SRQ48C-TKRQ27","BILAN","cad","ENG-SRQ48C-TKRQ27","SKU-COURTAGE","4335","DEBIT","6a139914990f6d69e708e0c2","2026-05-25T00:34:28.325000","2026-05-25T00:34:28.325000","6a09b5c6ace6051fecd365af","frederik.gelin@gmail.com","false"
"EVT-2KDAB7-64XLAJ","[BACKFILL] Commission MR différée 12.0%","LDG-UD6QFJ-GNHBWG","{""transactionGroupId"":""TXG-AUJBY3-CUZFZL"",""lineCount"":3,""backfill"":true}","","2","journal:backfill-placement-ENG-AUJBY3-CUZFZL","SUB-COURT-DH","placement_engagement","backfill_placement","","2026-05-25T00:34:27.599Z","1200","","","TXG-AUJBY3-CUZFZL","BILAN","cad","ENG-AUJBY3-CUZFZL","SKU-COURTAGE","4530","CREDIT","6a13991456e04f9001895bad","2026-05-25T00:34:28.173000","2026-05-25T00:34:28.173000","6a09b5c6ace6051fecd365af","frederik.gelin@gmail.com","false"
"EVT-2KDAB7-64XLAJ","[BACKFILL] Cachet net talent 88.00$","LDG-E58QTT-FHCQAG","{""transactionGroupId"":""TXG-AUJBY3-CUZFZL"",""lineCount"":3,""backfill"":true}","","1","journal:backfill-placement-ENG-AUJBY3-CUZFZL","SUB-COURT-DH","placement_engagement","backfill_placement","","2026-05-25T00:34:27.599Z","8800","","","TXG-AUJBY3-CUZFZL","BILAN","cad","ENG-AUJBY3-CUZFZL","SKU-COURTAGE","4310","CREDIT","6a139914d5e1413151704c1e","2026-05-25T00:34:28.040000","2026-05-25T00:34:28.040000","6a09b5c6ace6051fecd365af","frederik.gelin@gmail.com","false"
"EVT-2KDAB7-64XLAJ","[BACKFILL] Clearing waterfall 100.00$ — Backfill 2026-05-25 — engagement créé avant correction schéma LedgerRecord","LDG-NVS3NA-7CL2M8","{""transactionGroupId"":""TXG-AUJBY3-CUZFZL"",""lineCount"":3,""backfill"":true,""backfillDate"":""2026-05-25T00:34:27.599Z"",""waterfall"":{""cachetCents"":10000,""commCents"":1200,""talentNetCents"":8800,""tauxPpm"":120000}}","","0","journal:backfill-placement-ENG-AUJBY3-CUZFZL","SUB-COURT-DH","placement_engagement","backfill_placement","","2026-05-25T00:34:27.599Z","10000","","","TXG-AUJBY3-CUZFZL","BILAN","cad","ENG-AUJBY3-CUZFZL","SKU-COURTAGE","4335","DEBIT","6a139913113805b38ee73071","2026-05-25T00:34:27.877000","2026-05-25T00:34:27.877000","6a09b5c6ace6051fecd365af","frederik.gelin@gmail.com","false"
"EVT-QBBW5D-6ZN6Z5","[BACKFILL] Commission MR différée 12.0%","LDG-N7M32F-ZAAGFA","{""transactionGroupId"":""TXG-F5RBCN-JS3DEH"",""lineCount"":3,""backfill"":true}","","2","journal:backfill-placement-ENG-F5RBCN-JS3DEH","SUB-COURT-DJ","placement_engagement","backfill_placement","","2026-05-25T00:34:27.074Z","1200","","","TXG-F5RBCN-JS3DEH","BILAN","cad","ENG-F5RBCN-JS3DEH","SKU-COURTAGE","4530","CREDIT","6a139913097b7687d20b3b14","2026-05-25T00:34:27.670000","2026-05-25T00:34:27.670000","6a09b5c6ace6051fecd365af","frederik.gelin@gmail.com","false"
"EVT-QBBW5D-6ZN6Z5","[BACKFILL] Cachet net talent 88.00$","LDG-33X8QK-Q4TNA8","{""transactionGroupId"":""TXG-F5RBCN-JS3DEH"",""lineCount"":3,""backfill"":true}","","1","journal:backfill-placement-ENG-F5RBCN-JS3DEH","SUB-COURT-DJ","placement_engagement","backfill_placement","","2026-05-25T00:34:27.074Z","8800","","","TXG-F5RBCN-JS3DEH","BILAN","cad","ENG-F5RBCN-JS3DEH","SKU-COURTAGE","4310","CREDIT","6a1399131f74e6a01115c2e4","2026-05-25T00:34:27.505000","2026-05-25T00:34:27.505000","6a09b5c6ace6051fecd365af","frederik.gelin@gmail.com","false"
"EVT-QBBW5D-6ZN6Z5","[BACKFILL] Clearing waterfall 100.00$ — Backfill 2026-05-25 — engagement créé avant correction schéma LedgerRecord","LDG-UHQBXC-HEGW6G","{""transactionGroupId"":""TXG-F5RBCN-JS3DEH"",""lineCount"":3,""backfill"":true,""backfillDate"":""2026-05-25T00:34:27.074Z"",""waterfall"":{""cachetCents"":10000,""commCents"":1200,""talentNetCents"":8800,""tauxPpm"":120000}}","","0","journal:backfill-placement-ENG-F5RBCN-JS3DEH","SUB-COURT-DJ","placement_engagement","backfill_placement","","2026-05-25T00:34:27.074Z","10000","","","TXG-F5RBCN-JS3DEH","BILAN","cad","ENG-F5RBCN-JS3DEH","SKU-COURTAGE","4335","DEBIT","6a13991364fdf34e758d5d6a","2026-05-25T00:34:27.350000","2026-05-25T00:34:27.350000","6a09b5c6ace6051fecd365af","frederik.gelin@gmail.com","false"
"EVT-SWVNPW-Y8D8M6","[BACKFILL] Commission MR différée 12.0%","LDG-2N7ZB5-7T29HP","{""transactionGroupId"":""TXG-VZQR3R-N4KMYY"",""lineCount"":3,""backfill"":true}","","2","journal:backfill-placement-ENG-VZQR3R-N4KMYY","SUB-COURT-2000","placement_engagement","backfill_placement","","2026-05-25T00:34:26.584Z","1200","","","TXG-VZQR3R-N4KMYY","BILAN","cad","ENG-VZQR3R-N4KMYY","SKU-COURTAGE","4530","CREDIT","6a1399133a2b24fb9971745f","2026-05-25T00:34:27.202000","2026-05-25T00:34:27.202000","6a09b5c6ace6051fecd365af","frederik.gelin@gmail.com","false"
"EVT-SWVNPW-Y8D8M6","[BACKFILL] Cachet net talent 88.00$","LDG-QZ42QZ-CBHKAV","{""transactionGroupId"":""TXG-VZQR3R-N4KMYY"",""lineCount"":3,""backfill"":true}","","1","journal:backfill-placement-ENG-VZQR3R-N4KMYY","SUB-COURT-2000","placement_engagement","backfill_placement","","2026-05-25T00:34:26.584Z","8800","","","TXG-VZQR3R-N4KMYY","BILAN","cad","ENG-VZQR3R-N4KMYY","SKU-COURTAGE","4310","CREDIT","6a13991336e4071cd2a12fc9","2026-05-25T00:34:27.018000","2026-05-25T00:34:27.018000","6a09b5c6ace6051fecd365af","frederik.gelin@gmail.com","false"
"EVT-SWVNPW-Y8D8M6","[BACKFILL] Clearing waterfall 100.00$ — Backfill 2026-05-25 — engagement créé avant correction schéma LedgerRecord","LDG-FC3DYX-3FAZJN","{""transactionGroupId"":""TXG-VZQR3R-N4KMYY"",""lineCount"":3,""backfill"":true,""backfillDate"":""2026-05-25T00:34:26.584Z"",""waterfall"":{""cachetCents"":10000,""commCents"":1200,""talentNetCents"":8800,""tauxPpm"":120000}}","","0","journal:backfill-placement-ENG-VZQR3R-N4KMYY","SUB-COURT-2000","placement_engagement","backfill_placement","","2026-05-25T00:34:26.584Z","10000","","","TXG-VZQR3R-N4KMYY","BILAN","cad","ENG-VZQR3R-N4KMYY","SKU-COURTAGE","4335","DEBIT","6a139912a3ac6813b9593474","2026-05-25T00:34:26.882000","2026-05-25T00:34:26.882000","6a09b5c6ace6051fecd365af","frederik.gelin@gmail.com","false"
"EVT-MBETX8-85MJMD","[BACKFILL] Commission MR différée 12.0%","LDG-V9BN2V-LSJLCY","{""transactionGroupId"":""TXG-EELYFH-WY9JGK"",""lineCount"":3,""backfill"":true}","","2","journal:backfill-placement-ENG-EELYFH-WY9JGK","SUB-COURT-133","placement_engagement","backfill_placement","","2026-05-25T00:34:26.133Z","1200","","","TXG-EELYFH-WY9JGK","BILAN","cad","ENG-EELYFH-WY9JGK","SKU-COURTAGE","4530","CREDIT","6a1399125fbf141fd1ce7cca","2026-05-25T00:34:26.710000","2026-05-25T00:34:26.710000","6a09b5c6ace6051fecd365af","frederik.gelin@gmail.com","false"
"EVT-MBETX8-85MJMD","[BACKFILL] Cachet net talent 88.00$","LDG-PF6EWQ-NUC8A4","{""transactionGroupId"":""TXG-EELYFH-WY9JGK"",""lineCount"":3,""backfill"":true}","","1","journal:backfill-placement-ENG-EELYFH-WY9JGK","SUB-COURT-133","placement_engagement","backfill_placement","","2026-05-25T00:34:26.133Z","8800","","","TXG-EELYFH-WY9JGK","BILAN","cad","ENG-EELYFH-WY9JGK","SKU-COURTAGE","4310","CREDIT","6a139912bf0eab45ae565aea","2026-05-25T00:34:26.578000","2026-05-25T00:34:26.578000","6a09b5c6ace6051fecd365af","frederik.gelin@gmail.com","false"
"EVT-MBETX8-85MJMD","[BACKFILL] Clearing waterfall 100.00$ — Backfill 2026-05-25 — engagement créé avant correction schéma LedgerRecord","LDG-KNABYP-AQGPW2","{""transactionGroupId"":""TXG-EELYFH-WY9JGK"",""lineCount"":3,""backfill"":true,""backfillDate"":""2026-05-25T00:34:26.133Z"",""waterfall"":{""cachetCents"":10000,""commCents"":1200,""talentNetCents"":8800,""tauxPpm"":120000}}","","0","journal:backfill-placement-ENG-EELYFH-WY9JGK","SUB-COURT-133","placement_engagement","backfill_placement","","2026-05-25T00:34:26.133Z","10000","","","TXG-EELYFH-WY9JGK","BILAN","cad","ENG-EELYFH-WY9JGK","SKU-COURTAGE","4335","DEBIT","6a139912169dd2d4e35df10a","2026-05-25T00:34:26.419000","2026-05-25T00:34:26.419000","6a09b5c6ace6051fecd365af","frederik.gelin@gmail.com","false"
"EVT-QJXYD9-MF4H8J","[BACKFILL] Commission MR différée 12.0%","LDG-8FPJTP-JUBQ3Q","{""transactionGroupId"":""TXG-SY7RQA-5TGN8X"",""lineCount"":3,""backfill"":true}","","2","journal:backfill-placement-ENG-SY7RQA-5TGN8X","SUB-COURT-1000","placement_engagement","backfill_placement","","2026-05-25T00:34:25.682Z","12000","","","TXG-SY7RQA-5TGN8X","BILAN","cad","ENG-SY7RQA-5TGN8X","SKU-COURTAGE","4530","CREDIT","6a1399128070fbccfd277ee6","2026-05-25T00:34:26.255000","2026-05-25T00:34:26.255000","6a09b5c6ace6051fecd365af","frederik.gelin@gmail.com","false"
"EVT-QJXYD9-MF4H8J","[BACKFILL] Cachet net talent 880.00$","LDG-R2BTPH-2D9RTV","{""transactionGroupId"":""TXG-SY7RQA-5TGN8X"",""lineCount"":3,""backfill"":true}","","1","journal:backfill-placement-ENG-SY7RQA-5TGN8X","SUB-COURT-1000","placement_engagement","backfill_placement","","2026-05-25T00:34:25.682Z","88000","","","TXG-SY7RQA-5TGN8X","BILAN","cad","ENG-SY7RQA-5TGN8X","SKU-COURTAGE","4310","CREDIT","6a139912d11d5938a40a5300","2026-05-25T00:34:26.123000","2026-05-25T00:34:26.123000","6a09b5c6ace6051fecd365af","frederik.gelin@gmail.com","false"
"EVT-QJXYD9-MF4H8J","[BACKFILL] Clearing waterfall 1000.00$ — Backfill 2026-05-25 — engagement créé avant correction schéma LedgerRecord","LDG-HM95U4-KVSZD8","{""transactionGroupId"":""TXG-SY7RQA-5TGN8X"",""lineCount"":3,""backfill"":true,""backfillDate"":""2026-05-25T00:34:25.682Z"",""waterfall"":{""cachetCents"":100000,""commCents"":12000,""talentNetCents"":88000,""tauxPpm"":120000}}","","0","journal:backfill-placement-ENG-SY7RQA-5TGN8X","SUB-COURT-1000","placement_engagement","backfill_placement","","2026-05-25T00:34:25.682Z","100000","","","TXG-SY7RQA-5TGN8X","BILAN","cad","ENG-SY7RQA-5TGN8X","SKU-COURTAGE","4335","DEBIT","6a1399113733eafdc2191095","2026-05-25T00:34:25.947000","2026-05-25T00:34:25.947000","6a09b5c6ace6051fecd365af","frederik.gelin@gmail.com","false"
"EVT-5MGX67-TYR37M","[BACKFILL] Commission MR différée 12.0%","LDG-5JJ5VS-RGB32N","{""transactionGroupId"":""TXG-294P63-BH4D8L"",""lineCount"":3,""backfill"":true}","","2","journal:backfill-placement-ENG-294P63-BH4D8L","SUB-COURT-10","placement_engagement","backfill_placement","","2026-05-25T00:34:25.079Z","2520","","","TXG-294P63-BH4D8L","BILAN","cad","ENG-294P63-BH4D8L","SKU-COURTAGE","4530","CREDIT","6a139911e0d076dd54ef78ab","2026-05-25T00:34:25.789000","2026-05-25T00:34:25.789000","6a09b5c6ace6051fecd365af","frederik.gelin@gmail.com","false"
"EVT-5MGX67-TYR37M","[BACKFILL] Cachet net talent 184.80$","LDG-XY48WH-G9M8QX","{""transactionGroupId"":""TXG-294P63-BH4D8L"",""lineCount"":3,""backfill"":true}","","1","journal:backfill-placement-ENG-294P63-BH4D8L","SUB-COURT-10","placement_engagement","backfill_placement","","2026-05-25T00:34:25.079Z","18480","","","TXG-294P63-BH4D8L","BILAN","cad","ENG-294P63-BH4D8L","SKU-COURTAGE","4310","CREDIT","6a139911c7a41081a1bb921c","2026-05-25T00:34:25.604000","2026-05-25T00:34:25.604000","6a09b5c6ace6051fecd365af","frederik.gelin@gmail.com","false"
"EVT-5MGX67-TYR37M","[BACKFILL] Clearing waterfall 210.00$ — Backfill 2026-05-25 — engagement créé avant correction schéma LedgerRecord","LDG-PHGGUA-384WR5","{""transactionGroupId"":""TXG-294P63-BH4D8L"",""lineCount"":3,""backfill"":true,""backfillDate"":""2026-05-25T00:34:25.079Z"",""waterfall"":{""cachetCents"":21000,""commCents"":2520,""talentNetCents"":18480,""tauxPpm"":120000}}","","0","journal:backfill-placement-ENG-294P63-BH4D8L","SUB-COURT-10","placement_engagement","backfill_placement","","2026-05-25T00:34:25.079Z","21000","","","TXG-294P63-BH4D8L","BILAN","cad","ENG-294P63-BH4D8L","SKU-COURTAGE","4335","DEBIT","6a13991123ba6ffc817e3329","2026-05-25T00:34:25.360000","2026-05-25T00:34:25.360000","6a09b5c6ace6051fecd365af","frederik.gelin@gmail.com","false"
"EVT-46Z836-U3KPNN","Commission MR différée 12.0% — escrow jusqu'à archivage","LDG-C5J3BQ-A67MYR","{""transactionGroupId"":""TXG-WG9RS3-MEB3LG"",""lineCount"":3}","","2","journal:legacy-TXG-WG9RS3-MEB3LG-L2","SUB-COURT-TEST","placement_engagement","placement_engagement","","2026-05-24T23:14:29.798Z","12000","","","TXG-WG9RS3-MEB3LG","BILAN","cad","ENG-WG9RS3-MEB3LG","SKU-COURTAGE","4530","CREDIT","6a138657dffddfa498b8a4a0","2026-05-24T23:14:31.608000","2026-05-25T01:09:50.116000","6a09b5c6ace6051fecd365af","frederik.gelin@gmail.com","false"
"EVT-46Z836-U3KPNN","Cachet net talent — 880.00$","LDG-RKPXR2-TDJR5L","{""transactionGroupId"":""TXG-WG9RS3-MEB3LG"",""lineCount"":3}","","1","journal:legacy-TXG-WG9RS3-MEB3LG-L1","SUB-COURT-TEST","placement_engagement","placement_engagement","","2026-05-24T23:14:29.798Z","88000","","","TXG-WG9RS3-MEB3LG","BILAN","cad","ENG-WG9RS3-MEB3LG","SKU-COURTAGE","4310","CREDIT","6a138657ed033fb538dbd1bd","2026-05-24T23:14:31.349000","2026-05-25T01:09:49.952000","6a09b5c6ace6051fecd365af","frederik.gelin@gmail.com","false"
"EVT-46Z836-U3KPNN","Placement ENG-WG9RS3-MEB3LG — clearing waterfall 1000.00$","LDG-BWGPSX-U3VT2F","{""transactionGroupId"":""TXG-WG9RS3-MEB3LG"",""lineCount"":3,""waterfall"":{""cachetSigneCents"":100000,""commissionMrCents"":12000,""talentNetCents"":88000,""tauxPpm"":120000}}","","0","journal:legacy-TXG-WG9RS3-MEB3LG-L0","SUB-COURT-TEST","placement_engagement","placement_engagement","","2026-05-24T23:14:29.798Z","100000","","","TXG-WG9RS3-MEB3LG","BILAN","cad","ENG-WG9RS3-MEB3LG","SKU-COURTAGE","4335","DEBIT","6a1386579ee0f670231851af","2026-05-24T23:14:31.100000","2026-05-25T01:09:49.767000","6a09b5c6ace6051fecd365af","frederik.gelin@gmail.com","false"
"EVT-MPIGOBK2-C0RXZ5","Revenu courtage complété — 36.00$ — LOI LEDGER-01 archivage","LDG-MPJ3B8YV-ISPN66","{""pilote"":true,""stripeTransferId"":""tr_1TaHDt2eLVUrCnnJyDflLNEa"",""payoutExecutionRecordId"":""PAY-MPIHYIID-0VYYNQ"",""transactionGroupId"":""TXG-MPJ3B8J8-69GJJ1"",""lineCount"":4}","","3","stripe:tr_1TaHDt2eLVUrCnnJyDflLNEa","SUB-COURT-DJ","reconnaissance_revenu","retroactive_pierre_de_rosette","tr_1TaHDt2eLVUrCnnJyDflLNEa","2026-05-24T01:19:48.980Z","3600","","","TXG-MPJ3B8J8-69GJJ1","RESULTAT","cad","ENG-MPIG0BUZ-N084HN","SKU-COURTAGE","7110","CREDIT","6a125235d301f4fcd70ea567","2026-05-24T01:19:49.240000","2026-05-25T01:09:49.602000","6a09b5c6ace6051fecd365af","frederik.gelin@gmail.com","false"
"EVT-MPIGOBK2-C0RXZ5","Transfer Stripe tr_1TaHDt2eLVUrCnnJyDflLNEa — 264.00$","LDG-MPJ3B8UX-DYYEUP","{""pilote"":true,""stripeTransferId"":""tr_1TaHDt2eLVUrCnnJyDflLNEa"",""payoutExecutionRecordId"":""PAY-MPIHYIID-0VYYNQ"",""transactionGroupId"":""TXG-MPJ3B8J8-69GJJ1"",""lineCount"":4}","","2","stripe:tr_1TaHDt2eLVUrCnnJyDflLNEa","SUB-COURT-DJ","payout_talent","retroactive_pierre_de_rosette","tr_1TaHDt2eLVUrCnnJyDflLNEa","2026-05-24T01:19:48.980Z","26400","","DEC-PAYOUT","TXG-MPJ3B8J8-69GJJ1","FLUX","cad","ENG-MPIG0BUZ-N084HN","SKU-COURTAGE","5100","CREDIT","6a1252358ce54a50d69ef3d1","2026-05-24T01:19:49.088000","2026-05-25T01:09:49.456000","6a09b5c6ace6051fecd365af","frederik.gelin@gmail.com","false"
"EVT-MPIGOBK2-C0RXZ5","Reconnaissance revenu courtage — 36.00$ → 7110","LDG-MPJ3B8PC-WC80ZW","{""pilote"":true,""stripeTransferId"":""tr_1TaHDt2eLVUrCnnJyDflLNEa"",""payoutExecutionRecordId"":""PAY-MPIHYIID-0VYYNQ"",""transactionGroupId"":""TXG-MPJ3B8J8-69GJJ1"",""lineCount"":4}","","1","stripe:tr_1TaHDt2eLVUrCnnJyDflLNEa","SUB-COURT-DJ","placement_engagement","retroactive_pierre_de_rosette","tr_1TaHDt2eLVUrCnnJyDflLNEa","2026-05-24T01:19:48.980Z","3600","","","TXG-MPJ3B8J8-69GJJ1","BILAN","cad","ENG-MPIG0BUZ-N084HN","SKU-COURTAGE","4530","DEBIT","6a125234946ec8fc97f4358f","2026-05-24T01:19:48.948000","2026-05-25T01:09:49.269000","6a09b5c6ace6051fecd365af","frederik.gelin@gmail.com","false"
"EVT-MPIGOBK2-C0RXZ5","Payout DJ Alex — 264.00$ → Stripe Connect","LDG-MPJ3B8J8-T9D21P","{""pilote"":true,""stripeTransferId"":""tr_1TaHDt2eLVUrCnnJyDflLNEa"",""payoutExecutionRecordId"":""PAY-MPIHYIID-0VYYNQ"",""transactionGroupId"":""TXG-MPJ3B8J8-69GJJ1"",""lineCount"":4}","","0","stripe:tr_1TaHDt2eLVUrCnnJyDflLNEa","SUB-COURT-DJ","placement_engagement","retroactive_pierre_de_rosette","tr_1TaHDt2eLVUrCnnJyDflLNEa","2026-05-24T01:19:48.980Z","26400","","","TXG-MPJ3B8J8-69GJJ1","BILAN","cad","ENG-MPIG0BUZ-N084HN","SKU-COURTAGE","4310","DEBIT","6a1252347f3d22381081195e","2026-05-24T01:19:48.736000","2026-05-25T01:09:49.134000","6a09b5c6ace6051fecd365af","frederik.gelin@gmail.com","false"
"EVT-MPIGOBK2-C0RXZ5","TVQ à remettre (9.975% sur commission) — 3.59$","LDG-MPJ3B8EW-F0NDQS","{""pilote"":true,""interventionType"":""RETROACTIVE_REGULARIZATION"",""stripeCheckout"":false,""organizerPayment"":""hors_systeme_pilote"",""waterfall"":{""cachetSigneCents"":20000,""prixVenduClientCents"":30000,""coefficientPpm"":1500000,""cachetBrutFinalCents"":30000,""commissionMrCents"":3600,""talentNetCents"":26400,""tpsCents"":180,""tvqCents"":359,""stripeFeeCents"":0},""transactionGroupId"":""TXG-MPJ3B7II-D51OEQ"",""lineCount"":5}","","4","journal:retro-TXG-MPJ3B7II-D51OEQ-L4","SUB-COURT-DJ","placement_engagement","retroactive_pierre_de_rosette","","2026-05-24T01:19:47.658Z","359","","","TXG-MPJ3B7II-D51OEQ","BILAN","cad","ENG-MPIG0BUZ-N084HN","SKU-COURTAGE","4420","CREDIT","6a125234980fd1a90169373d","2026-05-24T01:19:48.519000","2026-05-25T01:09:48.959000","6a09b5c6ace6051fecd365af","frederik.gelin@gmail.com","false"
"EVT-MPIGOBK2-C0RXZ5","TPS à remettre (5% sur commission) — 1.80$","LDG-MPJ3B88V-KEC24B","{""pilote"":true,""interventionType"":""RETROACTIVE_REGULARIZATION"",""stripeCheckout"":false,""organizerPayment"":""hors_systeme_pilote"",""waterfall"":{""cachetSigneCents"":20000,""prixVenduClientCents"":30000,""coefficientPpm"":1500000,""cachetBrutFinalCents"":30000,""commissionMrCents"":3600,""talentNetCents"":26400,""tpsCents"":180,""tvqCents"":359,""stripeFeeCents"":0},""transactionGroupId"":""TXG-MPJ3B7II-D51OEQ"",""lineCount"":5}","","3","journal:retro-TXG-MPJ3B7II-D51OEQ-L3","SUB-COURT-DJ","placement_engagement","retroactive_pierre_de_rosette","","2026-05-24T01:19:47.658Z","180","","","TXG-MPJ3B7II-D51OEQ","BILAN","cad","ENG-MPIG0BUZ-N084HN","SKU-COURTAGE","4410","CREDIT","6a1252343f77a78f276c2951","2026-05-24T01:19:48.325000","2026-05-25T01:09:48.811000","6a09b5c6ace6051fecd365af","frederik.gelin@gmail.com","false"
"EVT-MPIGOBK2-C0RXZ5","Commission MR différée (12%) — 36.00$ — LOI LEDGER-01","LDG-MPJ3B84Z-PHIOB0","{""pilote"":true,""interventionType"":""RETROACTIVE_REGULARIZATION"",""stripeCheckout"":false,""organizerPayment"":""hors_systeme_pilote"",""waterfall"":{""cachetSigneCents"":20000,""prixVenduClientCents"":30000,""coefficientPpm"":1500000,""cachetBrutFinalCents"":30000,""commissionMrCents"":3600,""talentNetCents"":26400,""tpsCents"":180,""tvqCents"":359,""stripeFeeCents"":0},""transactionGroupId"":""TXG-MPJ3B7II-D51OEQ"",""lineCount"":5}","","2","journal:retro-TXG-MPJ3B7II-D51OEQ-L2","SUB-COURT-DJ","placement_engagement","retroactive_pierre_de_rosette","","2026-05-24T01:19:47.658Z","3600","","","TXG-MPJ3B7II-D51OEQ","BILAN","cad","ENG-MPIG0BUZ-N084HN","SKU-COURTAGE","4530","CREDIT","6a125234c29aa0482fff54c8","2026-05-24T01:19:48.152000","2026-05-25T01:09:48.567000","6a09b5c6ace6051fecd365af","frederik.gelin@gmail.com","false"
"EVT-MPIGOBK2-C0RXZ5","Talent payable DJ Alex — 264.00$","LDG-MPJ3B80Y-PWREX1","{""pilote"":true,""interventionType"":""RETROACTIVE_REGULARIZATION"",""stripeCheckout"":false,""organizerPayment"":""hors_systeme_pilote"",""waterfall"":{""cachetSigneCents"":20000,""prixVenduClientCents"":30000,""coefficientPpm"":1500000,""cachetBrutFinalCents"":30000,""commissionMrCents"":3600,""talentNetCents"":26400,""tpsCents"":180,""tvqCents"":359,""stripeFeeCents"":0},""transactionGroupId"":""TXG-MPJ3B7II-D51OEQ"",""lineCount"":5}","","1","journal:retro-TXG-MPJ3B7II-D51OEQ-L1","SUB-COURT-DJ","placement_engagement","retroactive_pierre_de_rosette","","2026-05-24T01:19:47.658Z","26400","","","TXG-MPJ3B7II-D51OEQ","BILAN","cad","ENG-MPIG0BUZ-N084HN","SKU-COURTAGE","4310","CREDIT","6a125234d9546d7bc6bf784b","2026-05-24T01:19:48.016000","2026-05-25T01:09:48.393000","6a09b5c6ace6051fecd365af","frederik.gelin@gmail.com","false"
"EVT-MPIGOBK2-C0RXZ5","Encaissement régularisé — 305.39$ (pilote hors Checkout)","LDG-MPJ3B7IJ-QEN5S8","{""pilote"":true,""interventionType"":""RETROACTIVE_REGULARIZATION"",""stripeCheckout"":false,""organizerPayment"":""hors_systeme_pilote"",""waterfall"":{""cachetSigneCents"":20000,""prixVenduClientCents"":30000,""coefficientPpm"":1500000,""cachetBrutFinalCents"":30000,""commissionMrCents"":3600,""talentNetCents"":26400,""tpsCents"":180,""tvqCents"":359,""stripeFeeCents"":0},""transactionGroupId"":""TXG-MPJ3B7II-D51OEQ"",""lineCount"":5}","","0","journal:retro-TXG-MPJ3B7II-D51OEQ-L0","SUB-COURT-DJ","encaissement_depot","retroactive_pierre_de_rosette","","2026-05-24T01:19:47.658Z","30539","","ENC-DEPOT","TXG-MPJ3B7II-D51OEQ","FLUX","cad","ENG-MPIG0BUZ-N084HN","SKU-COURTAGE","5200","DEBIT","6a125233655e051b779d0bcf","2026-05-24T01:19:47.845000","2026-05-25T01:09:48.254000","6a09b5c6ace6051fecd365af","frederik.gelin@gmail.com","false"
"EVT-MPIGOBK2-C0RXZ5","INT-CAPTURE — sortie Stripe en attente → disponible — 264.00$","LDG-MPIZUILN-N8RD45","{""pilote"":true,""fluxCode"":""INT-CAPTURE"",""stripeTransferId"":""tr_1TaHDt2eLVUrCnnJyDflLNEa"",""stripeAccountId"":""acct_1TaGqTKCWuw3ufQV"",""amountCents"":26400,""sourceAccount"":""5200"",""destinationAccount"":""5100"",""note"":""Fonds rendus disponibles depuis Stripe pending avant exécution du transfer Connect."",""transactionGroupId"":""TXG-MPIZUI9Z-37HRLO"",""lineCount"":2}","","1","stripe:tr_1TaHDt2eLVUrCnnJyDflLNEa","SUB-COURT-DJ","capture_interne","int_capture","tr_1TaHDt2eLVUrCnnJyDflLNEa","2026-05-23T23:42:49.607Z","26400","","INT-CAPTURE","TXG-MPIZUI9Z-37HRLO","FLUX","cad","ENG-MPIG0BUZ-N084HN","SKU-COURTAGE","5200","CREDIT","6a123b7928548ec8f64ce229","2026-05-23T23:42:49.736000","2026-05-25T01:09:48.105000","6a09b5c6ace6051fecd365af","frederik.gelin@gmail.com","false"
"EVT-MPIGOBK2-C0RXZ5","INT-CAPTURE — fonds libérés dans Stripe disponible pour payout tr_1TaHDt2eLVUrCnnJyDflLNEa","LDG-MPIZUIA0-ASXNXS","{""pilote"":true,""fluxCode"":""INT-CAPTURE"",""stripeTransferId"":""tr_1TaHDt2eLVUrCnnJyDflLNEa"",""stripeAccountId"":""acct_1TaGqTKCWuw3ufQV"",""amountCents"":26400,""sourceAccount"":""5200"",""destinationAccount"":""5100"",""note"":""Fonds rendus disponibles depuis Stripe pending avant exécution du transfer Connect."",""transactionGroupId"":""TXG-MPIZUI9Z-37HRLO"",""lineCount"":2}","","0","stripe:tr_1TaHDt2eLVUrCnnJyDflLNEa","SUB-COURT-DJ","capture_interne","int_capture","tr_1TaHDt2eLVUrCnnJyDflLNEa","2026-05-23T23:42:49.607Z","26400","","INT-CAPTURE","TXG-MPIZUI9Z-37HRLO","FLUX","cad","ENG-MPIG0BUZ-N084HN","SKU-COURTAGE","5100","DEBIT","6a123b79ad0ef5b9669430ac","2026-05-23T23:42:49.565000","2026-05-25T01:09:47.954000","6a09b5c6ace6051fecd365af","frederik.gelin@gmail.com","false"
"EVT-MPIGOBK2-C0RXZ5","TVQ à remettre RQ — 9,975 % sur 300.00$ HT — dette fiscale née à la fourniture","LDG-MPIXR17P-3KHEZF","{""pilote"":true,""interventionType"":""FISCAL_ABSORPTION_PRINCIPAL"",""doctrine"":""PRINCIPAL"",""decisionGestion"":""Prix pilote 300$ considéré HT. Taxes non facturées au client. MR absorbe."",""baseHTCents"":30000,""tpsPpm"":50000,""tvqPpm"":99750,""tpsCents"":1500,""tvqCents"":2992,""totalAbsorbeCents"":4492,""compteCharge"":""6690 — Autres pertes non récurrentes"",""detteFiscale"":{""4410"":1500,""4420"":2992},""resultatNetPilote"":{""commissionBrute"":3600,""taxesAbsorbees"":4492,""resultatNet"":-892,""interpretation"":""Coût net du pilote pour MR : −8,92 $ (assumé et documenté)""},""noteArrondi"":""TVQ = 2 992 ¢ (floor de 29,925 $). Différence de 1 ¢ vs calculs antérieurs car base correcte = prix vendu (30 000 ¢), non commission (3 600 ¢)."",""transactionGroupId"":""TXG-MPIXR0Q8-C0WVDF"",""lineCount"":3}","","2","journal:fiscal-TXG-MPIXR0Q8-C0WVDF-L2","SUB-COURT-DJ","absorption_fiscale","fiscal_absorption_pilote","","2026-05-23T22:44:07.664Z","2992","","","TXG-MPIXR0Q8-C0WVDF","BILAN","cad","ENG-MPIG0BUZ-N084HN","SKU-COURTAGE","4420","CREDIT","6a122db8d0a0fa83ffc27906","2026-05-23T22:44:08.021000","2026-05-25T01:09:47.754000","6a09b5c6ace6051fecd365af","frederik.gelin@gmail.com","false"
"EVT-MPIGOBK2-C0RXZ5","TPS à remettre ARC — 5 % sur 300.00$ HT — dette fiscale née à la fourniture","LDG-MPIXR127-PQOPWE","{""pilote"":true,""interventionType"":""FISCAL_ABSORPTION_PRINCIPAL"",""doctrine"":""PRINCIPAL"",""decisionGestion"":""Prix pilote 300$ considéré HT. Taxes non facturées au client. MR absorbe."",""baseHTCents"":30000,""tpsPpm"":50000,""tvqPpm"":99750,""tpsCents"":1500,""tvqCents"":2992,""totalAbsorbeCents"":4492,""compteCharge"":""6690 — Autres pertes non récurrentes"",""detteFiscale"":{""4410"":1500,""4420"":2992},""resultatNetPilote"":{""commissionBrute"":3600,""taxesAbsorbees"":4492,""resultatNet"":-892,""interpretation"":""Coût net du pilote pour MR : −8,92 $ (assumé et documenté)""},""noteArrondi"":""TVQ = 2 992 ¢ (floor de 29,925 $). Différence de 1 ¢ vs calculs antérieurs car base correcte = prix vendu (30 000 ¢), non commission (3 600 ¢)."",""transactionGroupId"":""TXG-MPIXR0Q8-C0WVDF"",""lineCount"":3}","","1","journal:fiscal-TXG-MPIXR0Q8-C0WVDF-L1","SUB-COURT-DJ","absorption_fiscale","fiscal_absorption_pilote","","2026-05-23T22:44:07.664Z","1500","","","TXG-MPIXR0Q8-C0WVDF","BILAN","cad","ENG-MPIG0BUZ-N084HN","SKU-COURTAGE","4410","CREDIT","6a122db7697deddd77f6cc1b","2026-05-23T22:44:07.855000","2026-05-25T01:09:47.608000","6a09b5c6ace6051fecd365af","frederik.gelin@gmail.com","false"
"EVT-MPIGOBK2-C0RXZ5","Perte non récurrente — TPS (15.00$) + TVQ (29.92$) absorbées par MR — pilote hors Checkout — doctrine Principal","LDG-MPIXR0Q9-B46UX3","{""pilote"":true,""interventionType"":""FISCAL_ABSORPTION_PRINCIPAL"",""doctrine"":""PRINCIPAL"",""decisionGestion"":""Prix pilote 300$ considéré HT. Taxes non facturées au client. MR absorbe."",""baseHTCents"":30000,""tpsPpm"":50000,""tvqPpm"":99750,""tpsCents"":1500,""tvqCents"":2992,""totalAbsorbeCents"":4492,""compteCharge"":""6690 — Autres pertes non récurrentes"",""detteFiscale"":{""4410"":1500,""4420"":2992},""resultatNetPilote"":{""commissionBrute"":3600,""taxesAbsorbees"":4492,""resultatNet"":-892,""interpretation"":""Coût net du pilote pour MR : −8,92 $ (assumé et documenté)""},""noteArrondi"":""TVQ = 2 992 ¢ (floor de 29,925 $). Différence de 1 ¢ vs calculs antérieurs car base correcte = prix vendu (30 000 ¢), non commission (3 600 ¢)."",""transactionGroupId"":""TXG-MPIXR0Q8-C0WVDF"",""lineCount"":3}","","0","journal:fiscal-TXG-MPIXR0Q8-C0WVDF-L0","SUB-COURT-DJ","absorption_fiscale","fiscal_absorption_pilote","","2026-05-23T22:44:07.664Z","4492","","","TXG-MPIXR0Q8-C0WVDF","RESULTAT","cad","ENG-MPIG0BUZ-N084HN","SKU-COURTAGE","6690","DEBIT","6a122db73d36cbeb87c19c64","2026-05-23T22:44:07.638000","2026-05-25T01:09:47.451000","6a09b5c6ace6051fecd365af","frederik.gelin@gmail.com","false"
"EVT-MPIGOBK2-C0RXZ5","Commission MR différée (12%) — 36.00$ — LOI LEDGER-01","LDG-MPIX16NT-BZYMWF","{""pilote"":true,""interventionType"":""CORRECTION_POST_REVERSAL"",""corrigeGroupe"":""TXG-MPIUM30W-0ZN0UV"",""reversalGroupe"":""voir Groupe 3 — transactionGroupId dans le ledger"",""stripeCheckout"":false,""organizerPayment"":""hors_systeme_pilote"",""taxesPercues"":false,""raisonSansTaxes"":""Transaction pilote hors Stripe Checkout — aucune taxe facturée au client"",""waterfall"":{""prixVenduClientCents"":30000,""commissionMrCents"":3600,""talentNetCents"":26400,""tpsCents"":0,""tvqCents"":0,""stripeFeeCents"":0},""transactionGroupId"":""TXG-MPIX16EG-4R4SQ4"",""lineCount"":3}","","2","journal:retro-TXG-MPIX16EG-4R4SQ4-L2","SUB-COURT-DJ","placement_engagement","retroactive_pierre_de_rosette","","2026-05-23T22:24:01.960Z","3600","","","TXG-MPIX16EG-4R4SQ4","BILAN","cad","ENG-MPIG0BUZ-N084HN","SKU-COURTAGE","4530","CREDIT","6a122902e0ad113104f7a663","2026-05-23T22:24:02.068000","2026-05-25T01:09:47.299000","6a09b5c6ace6051fecd365af","frederik.gelin@gmail.com","false"
"EVT-MPIGOBK2-C0RXZ5","Talent payable DJ Alex — 264.00$","LDG-MPIX16JR-2Z956I","{""pilote"":true,""interventionType"":""CORRECTION_POST_REVERSAL"",""corrigeGroupe"":""TXG-MPIUM30W-0ZN0UV"",""reversalGroupe"":""voir Groupe 3 — transactionGroupId dans le ledger"",""stripeCheckout"":false,""organizerPayment"":""hors_systeme_pilote"",""taxesPercues"":false,""raisonSansTaxes"":""Transaction pilote hors Stripe Checkout — aucune taxe facturée au client"",""waterfall"":{""prixVenduClientCents"":30000,""commissionMrCents"":3600,""talentNetCents"":26400,""tpsCents"":0,""tvqCents"":0,""stripeFeeCents"":0},""transactionGroupId"":""TXG-MPIX16EG-4R4SQ4"",""lineCount"":3}","","1","journal:retro-TXG-MPIX16EG-4R4SQ4-L1","SUB-COURT-DJ","placement_engagement","retroactive_pierre_de_rosette","","2026-05-23T22:24:01.960Z","26400","","","TXG-MPIX16EG-4R4SQ4","BILAN","cad","ENG-MPIG0BUZ-N084HN","SKU-COURTAGE","4310","CREDIT","6a122901bb136528c5a797f3","2026-05-23T22:24:01.878000","2026-05-25T01:09:47.129000","6a09b5c6ace6051fecd365af","frederik.gelin@gmail.com","false"
"EVT-MPIGOBK2-C0RXZ5","Encaissement réel — 300.00$ (pilote hors Checkout, sans taxes)","LDG-MPIX16EG-75XFKV","{""pilote"":true,""interventionType"":""CORRECTION_POST_REVERSAL"",""corrigeGroupe"":""TXG-MPIUM30W-0ZN0UV"",""reversalGroupe"":""voir Groupe 3 — transactionGroupId dans le ledger"",""stripeCheckout"":false,""organizerPayment"":""hors_systeme_pilote"",""taxesPercues"":false,""raisonSansTaxes"":""Transaction pilote hors Stripe Checkout — aucune taxe facturée au client"",""waterfall"":{""prixVenduClientCents"":30000,""commissionMrCents"":3600,""talentNetCents"":26400,""tpsCents"":0,""tvqCents"":0,""stripeFeeCents"":0},""transactionGroupId"":""TXG-MPIX16EG-4R4SQ4"",""lineCount"":3}","","0","journal:retro-TXG-MPIX16EG-4R4SQ4-L0","SUB-COURT-DJ","encaissement_depot","retroactive_pierre_de_rosette","","2026-05-23T22:24:01.960Z","30000","","ENC-DEPOT","TXG-MPIX16EG-4R4SQ4","FLUX","cad","ENG-MPIG0BUZ-N084HN","SKU-COURTAGE","5200","DEBIT","6a1229011c5c75c1e3fb8d85","2026-05-23T22:24:01.731000","2026-05-25T01:09:46.898000","6a09b5c6ace6051fecd365af","frederik.gelin@gmail.com","false"
"EVT-MPIGOBK2-C0RXZ5","Reversal ligne 4 — original LDG-MPIUM3TO-YOWNGB (CREDIT 3.59$)","LDG-MPIX168J-UMXSEH","{""pilote"":true,""reversalOf"":""TXG-MPIUM30W-0ZN0UV"",""reversalReason"":""ENCAISSEMENT_FANTOME_ET_TAXES_NON_PERCUES"",""erreur1"":""5200 écrit à 30539 ¢ au lieu de 30000 ¢"",""erreur2"":""4410 (180 ¢) et 4420 (359 ¢) — taxes non perçues (pilote hors Checkout)"",""loi"":""LOI GREFFIER-01 — append-only, correction par reversal"",""sourceAudit"":""LedgerRecord_export.csv — 2026-05-23"",""originalLines"":[""LDG-MPIUM30X-FJC9U4"",""LDG-MPIUM3F2-XJJM7I"",""LDG-MPIUM3JC-89V0XS"",""LDG-MPIUM3P5-QXQNDP"",""LDG-MPIUM3TO-YOWNGB""],""transactionGroupId"":""TXG-MPIX15GR-BL0PDA"",""lineCount"":5}","","4","reversal:TXG-MPIX15GR-BL0PDA-L4","SUB-COURT-DJ","regularisation","reversal_pierre_de_rosette","","2026-05-23T22:24:00.747Z","359","","","TXG-MPIX15GR-BL0PDA","BILAN","cad","ENG-MPIG0BUZ-N084HN","SKU-COURTAGE","4420","DEBIT","6a12290116268197ff67ad8b","2026-05-23T22:24:01.530000","2026-05-25T01:09:46.682000","6a09b5c6ace6051fecd365af","frederik.gelin@gmail.com","false"
"EVT-MPIGOBK2-C0RXZ5","Reversal ligne 3 — original LDG-MPIUM3P5-QXQNDP (CREDIT 1.80$)","LDG-MPIX163F-3FKDTL","{""pilote"":true,""reversalOf"":""TXG-MPIUM30W-0ZN0UV"",""reversalReason"":""ENCAISSEMENT_FANTOME_ET_TAXES_NON_PERCUES"",""erreur1"":""5200 écrit à 30539 ¢ au lieu de 30000 ¢"",""erreur2"":""4410 (180 ¢) et 4420 (359 ¢) — taxes non perçues (pilote hors Checkout)"",""loi"":""LOI GREFFIER-01 — append-only, correction par reversal"",""sourceAudit"":""LedgerRecord_export.csv — 2026-05-23"",""originalLines"":[""LDG-MPIUM30X-FJC9U4"",""LDG-MPIUM3F2-XJJM7I"",""LDG-MPIUM3JC-89V0XS"",""LDG-MPIUM3P5-QXQNDP"",""LDG-MPIUM3TO-YOWNGB""],""transactionGroupId"":""TXG-MPIX15GR-BL0PDA"",""lineCount"":5}","","3","reversal:TXG-MPIX15GR-BL0PDA-L3","SUB-COURT-DJ","regularisation","reversal_pierre_de_rosette","","2026-05-23T22:24:00.747Z","180","","","TXG-MPIX15GR-BL0PDA","BILAN","cad","ENG-MPIG0BUZ-N084HN","SKU-COURTAGE","4410","DEBIT","6a122901bf387d162792e940","2026-05-23T22:24:01.326000","2026-05-25T01:09:46.466000","6a09b5c6ace6051fecd365af","frederik.gelin@gmail.com","false"
"EVT-MPIGOBK2-C0RXZ5","Reversal ligne 2 — original LDG-MPIUM3JC-89V0XS (CREDIT 36.00$)","LDG-MPIX15Z1-RYAPE6","{""pilote"":true,""reversalOf"":""TXG-MPIUM30W-0ZN0UV"",""reversalReason"":""ENCAISSEMENT_FANTOME_ET_TAXES_NON_PERCUES"",""erreur1"":""5200 écrit à 30539 ¢ au lieu de 30000 ¢"",""erreur2"":""4410 (180 ¢) et 4420 (359 ¢) — taxes non perçues (pilote hors Checkout)"",""loi"":""LOI GREFFIER-01 — append-only, correction par reversal"",""sourceAudit"":""LedgerRecord_export.csv — 2026-05-23"",""originalLines"":[""LDG-MPIUM30X-FJC9U4"",""LDG-MPIUM3F2-XJJM7I"",""LDG-MPIUM3JC-89V0XS"",""LDG-MPIUM3P5-QXQNDP"",""LDG-MPIUM3TO-YOWNGB""],""transactionGroupId"":""TXG-MPIX15GR-BL0PDA"",""lineCount"":5}","","2","reversal:TXG-MPIX15GR-BL0PDA-L2","SUB-COURT-DJ","regularisation","reversal_pierre_de_rosette","","2026-05-23T22:24:00.747Z","3600","","","TXG-MPIX15GR-BL0PDA","BILAN","cad","ENG-MPIG0BUZ-N084HN","SKU-COURTAGE","4530","DEBIT","6a122901de6b3d012b3b370f","2026-05-23T22:24:01.137000","2026-05-25T01:09:46.308000","6a09b5c6ace6051fecd365af","frederik.gelin@gmail.com","false"
"EVT-MPIGOBK2-C0RXZ5","Reversal ligne 1 — original LDG-MPIUM3F2-XJJM7I (CREDIT 264.00$)","LDG-MPIX15TK-V1UP60","{""pilote"":true,""reversalOf"":""TXG-MPIUM30W-0ZN0UV"",""reversalReason"":""ENCAISSEMENT_FANTOME_ET_TAXES_NON_PERCUES"",""erreur1"":""5200 écrit à 30539 ¢ au lieu de 30000 ¢"",""erreur2"":""4410 (180 ¢) et 4420 (359 ¢) — taxes non perçues (pilote hors Checkout)"",""loi"":""LOI GREFFIER-01 — append-only, correction par reversal"",""sourceAudit"":""LedgerRecord_export.csv — 2026-05-23"",""originalLines"":[""LDG-MPIUM30X-FJC9U4"",""LDG-MPIUM3F2-XJJM7I"",""LDG-MPIUM3JC-89V0XS"",""LDG-MPIUM3P5-QXQNDP"",""LDG-MPIUM3TO-YOWNGB""],""transactionGroupId"":""TXG-MPIX15GR-BL0PDA"",""lineCount"":5}","","1","reversal:TXG-MPIX15GR-BL0PDA-L1","SUB-COURT-DJ","regularisation","reversal_pierre_de_rosette","","2026-05-23T22:24:00.747Z","26400","","","TXG-MPIX15GR-BL0PDA","BILAN","cad","ENG-MPIG0BUZ-N084HN","SKU-COURTAGE","4310","DEBIT","6a122900413f05ede5d69aba","2026-05-23T22:24:00.971000","2026-05-25T01:09:46.069000","6a09b5c6ace6051fecd365af","frederik.gelin@gmail.com","false"
"EVT-MPIGOBK2-C0RXZ5","Reversal ligne 0 — original LDG-MPIUM30X-FJC9U4 (DEBIT 305.39$)","LDG-MPIX15GS-C8UWJT","{""pilote"":true,""reversalOf"":""TXG-MPIUM30W-0ZN0UV"",""reversalReason"":""ENCAISSEMENT_FANTOME_ET_TAXES_NON_PERCUES"",""erreur1"":""5200 écrit à 30539 ¢ au lieu de 30000 ¢"",""erreur2"":""4410 (180 ¢) et 4420 (359 ¢) — taxes non perçues (pilote hors Checkout)"",""loi"":""LOI GREFFIER-01 — append-only, correction par reversal"",""sourceAudit"":""LedgerRecord_export.csv — 2026-05-23"",""originalLines"":[""LDG-MPIUM30X-FJC9U4"",""LDG-MPIUM3F2-XJJM7I"",""LDG-MPIUM3JC-89V0XS"",""LDG-MPIUM3P5-QXQNDP"",""LDG-MPIUM3TO-YOWNGB""],""transactionGroupId"":""TXG-MPIX15GR-BL0PDA"",""lineCount"":5}","","0","reversal:TXG-MPIX15GR-BL0PDA-L0","SUB-COURT-DJ","regularisation","reversal_pierre_de_rosette","","2026-05-23T22:24:00.747Z","30539","","","TXG-MPIX15GR-BL0PDA","BILAN","cad","ENG-MPIG0BUZ-N084HN","SKU-COURTAGE","5200","CREDIT","6a1229007baa5b8400a0279f","2026-05-23T22:24:00.750000","2026-05-25T01:09:45.833000","6a09b5c6ace6051fecd365af","frederik.gelin@gmail.com","false"
"EVT-MPIGOBK2-C0RXZ5","Revenu courtage complété — 36.00$ — LOI LEDGER-01 archivage","LDG-MPIUM5C3-Q5NQ4X","{""pilote"":true,""stripeTransferId"":""tr_1TaHDt2eLVUrCnnJyDflLNEa"",""payoutExecutionRecordId"":""PAY-MPIHYIID-0VYYNQ"",""transactionGroupId"":""TXG-MPIUM3Y0-93XBJN"",""lineCount"":4}","","3","journal:retro-TXG-MPIUM3Y0-93XBJN-L3","SUB-COURT-DJ","reconnaissance_revenu","retroactive_pierre_de_rosette","","2026-05-23T21:16:19.704Z","3600","","","TXG-MPIUM3Y0-93XBJN","RESULTAT","cad","ENG-MPIG0BUZ-N084HN","SKU-COURTAGE","7110","CREDIT","6a121925e25610c1656bc8a4","2026-05-23T21:16:21.258000","2026-05-25T01:09:45.681000","6a09b5c6ace6051fecd365af","frederik.gelin@gmail.com","false"
"EVT-MPIGOBK2-C0RXZ5","Transfer Stripe tr_1TaHDt2eLVUrCnnJyDflLNEa — 264.00$","LDG-MPIUM56Q-G1Y4RC","{""pilote"":true,""stripeTransferId"":""tr_1TaHDt2eLVUrCnnJyDflLNEa"",""payoutExecutionRecordId"":""PAY-MPIHYIID-0VYYNQ"",""transactionGroupId"":""TXG-MPIUM3Y0-93XBJN"",""lineCount"":4}","","2","journal:retro-TXG-MPIUM3Y0-93XBJN-L2","SUB-COURT-DJ","payout_talent","retroactive_pierre_de_rosette","","2026-05-23T21:16:19.704Z","26400","","DEC-PAYOUT","TXG-MPIUM3Y0-93XBJN","FLUX","cad","ENG-MPIG0BUZ-N084HN","SKU-COURTAGE","5100","CREDIT","6a1219255ee86d08b5c27c9f","2026-05-23T21:16:21.095000","2026-05-25T01:09:45.531000","6a09b5c6ace6051fecd365af","frederik.gelin@gmail.com","false"
"EVT-MPIGOBK2-C0RXZ5","Reconnaissance revenu courtage — 36.00$ → 7110","LDG-MPIUM52T-NHKUSW","{""pilote"":true,""stripeTransferId"":""tr_1TaHDt2eLVUrCnnJyDflLNEa"",""payoutExecutionRecordId"":""PAY-MPIHYIID-0VYYNQ"",""transactionGroupId"":""TXG-MPIUM3Y0-93XBJN"",""lineCount"":4}","","1","journal:retro-TXG-MPIUM3Y0-93XBJN-L1","SUB-COURT-DJ","placement_engagement","retroactive_pierre_de_rosette","","2026-05-23T21:16:19.704Z","3600","","","TXG-MPIUM3Y0-93XBJN","BILAN","cad","ENG-MPIG0BUZ-N084HN","SKU-COURTAGE","4530","DEBIT","6a121924ce43c04ae6c72ca6","2026-05-23T21:16:20.909000","2026-05-25T01:09:45.356000","6a09b5c6ace6051fecd365af","frederik.gelin@gmail.com","false"
"EVT-MPIGOBK2-C0RXZ5","Payout DJ Alex — 264.00$ → Stripe Connect","LDG-MPIUM3Y0-46AJMD","{""pilote"":true,""stripeTransferId"":""tr_1TaHDt2eLVUrCnnJyDflLNEa"",""payoutExecutionRecordId"":""PAY-MPIHYIID-0VYYNQ"",""transactionGroupId"":""TXG-MPIUM3Y0-93XBJN"",""lineCount"":4}","","0","journal:retro-TXG-MPIUM3Y0-93XBJN-L0","SUB-COURT-DJ","placement_engagement","retroactive_pierre_de_rosette","","2026-05-23T21:16:19.704Z","26400","","","TXG-MPIUM3Y0-93XBJN","BILAN","cad","ENG-MPIG0BUZ-N084HN","SKU-COURTAGE","4310","DEBIT","6a121924c9cda65de5409853","2026-05-23T21:16:20.766000","2026-05-25T01:09:45.199000","6a09b5c6ace6051fecd365af","frederik.gelin@gmail.com","false"
"EVT-MPIGOBK2-C0RXZ5","TVQ à remettre (9.975% sur commission) — 3.59$","LDG-MPIUM3TO-YOWNGB","{""pilote"":true,""interventionType"":""RETROACTIVE_REGULARIZATION"",""stripeCheckout"":false,""organizerPayment"":""hors_systeme_pilote"",""waterfall"":{""cachetSigneCents"":20000,""prixVenduClientCents"":30000,""coefficientPpm"":1500000,""cachetBrutFinalCents"":30000,""commissionMrCents"":3600,""talentNetCents"":26400,""tpsCents"":180,""tvqCents"":359,""stripeFeeCents"":0},""transactionGroupId"":""TXG-MPIUM30W-0ZN0UV"",""lineCount"":5}","","4","journal:retro-TXG-MPIUM30W-0ZN0UV-L4","SUB-COURT-DJ","placement_engagement","retroactive_pierre_de_rosette","","2026-05-23T21:16:18.512Z","359","","","TXG-MPIUM30W-0ZN0UV","BILAN","cad","ENG-MPIG0BUZ-N084HN","SKU-COURTAGE","4420","CREDIT","6a12192337f61d5925172b20","2026-05-23T21:16:19.292000","2026-05-25T01:09:45.043000","6a09b5c6ace6051fecd365af","frederik.gelin@gmail.com","false"
"EVT-MPIGOBK2-C0RXZ5","TPS à remettre (5% sur commission) — 1.80$","LDG-MPIUM3P5-QXQNDP","{""pilote"":true,""interventionType"":""RETROACTIVE_REGULARIZATION"",""stripeCheckout"":false,""organizerPayment"":""hors_systeme_pilote"",""waterfall"":{""cachetSigneCents"":20000,""prixVenduClientCents"":30000,""coefficientPpm"":1500000,""cachetBrutFinalCents"":30000,""commissionMrCents"":3600,""talentNetCents"":26400,""tpsCents"":180,""tvqCents"":359,""stripeFeeCents"":0},""transactionGroupId"":""TXG-MPIUM30W-0ZN0UV"",""lineCount"":5}","","3","journal:retro-TXG-MPIUM30W-0ZN0UV-L3","SUB-COURT-DJ","placement_engagement","retroactive_pierre_de_rosette","","2026-05-23T21:16:18.512Z","180","","","TXG-MPIUM30W-0ZN0UV","BILAN","cad","ENG-MPIG0BUZ-N084HN","SKU-COURTAGE","4410","CREDIT","6a1219231ef7e2e6c7cb33f6","2026-05-23T21:16:19.146000","2026-05-25T01:09:44.883000","6a09b5c6ace6051fecd365af","frederik.gelin@gmail.com","false"
"EVT-MPIGOBK2-C0RXZ5","Commission MR différée (12%) — 36.00$ — LOI LEDGER-01","LDG-MPIUM3JC-89V0XS","{""pilote"":true,""interventionType"":""RETROACTIVE_REGULARIZATION"",""stripeCheckout"":false,""organizerPayment"":""hors_systeme_pilote"",""waterfall"":{""cachetSigneCents"":20000,""prixVenduClientCents"":30000,""coefficientPpm"":1500000,""cachetBrutFinalCents"":30000,""commissionMrCents"":3600,""talentNetCents"":26400,""tpsCents"":180,""tvqCents"":359,""stripeFeeCents"":0},""transactionGroupId"":""TXG-MPIUM30W-0ZN0UV"",""lineCount"":5}","","2","journal:retro-TXG-MPIUM30W-0ZN0UV-L2","SUB-COURT-DJ","placement_engagement","retroactive_pierre_de_rosette","","2026-05-23T21:16:18.512Z","3600","","","TXG-MPIUM30W-0ZN0UV","BILAN","cad","ENG-MPIG0BUZ-N084HN","SKU-COURTAGE","4530","CREDIT","6a121922ec7c55149c74d5d1","2026-05-23T21:16:18.941000","2026-05-25T01:09:44.714000","6a09b5c6ace6051fecd365af","frederik.gelin@gmail.com","false"
"EVT-MPIGOBK2-C0RXZ5","Talent payable DJ Alex — 264.00$","LDG-MPIUM3F2-XJJM7I","{""pilote"":true,""interventionType"":""RETROACTIVE_REGULARIZATION"",""stripeCheckout"":false,""organizerPayment"":""hors_systeme_pilote"",""waterfall"":{""cachetSigneCents"":20000,""prixVenduClientCents"":30000,""coefficientPpm"":1500000,""cachetBrutFinalCents"":30000,""commissionMrCents"":3600,""talentNetCents"":26400,""tpsCents"":180,""tvqCents"":359,""stripeFeeCents"":0},""transactionGroupId"":""TXG-MPIUM30W-0ZN0UV"",""lineCount"":5}","","1","journal:retro-TXG-MPIUM30W-0ZN0UV-L1","SUB-COURT-DJ","placement_engagement","retroactive_pierre_de_rosette","","2026-05-23T21:16:18.512Z","26400","","","TXG-MPIUM30W-0ZN0UV","BILAN","cad","ENG-MPIG0BUZ-N084HN","SKU-COURTAGE","4310","CREDIT","6a121922b17babf95e9197d6","2026-05-23T21:16:18.766000","2026-05-25T01:09:44.543000","6a09b5c6ace6051fecd365af","frederik.gelin@gmail.com","false"
"EVT-MPIGOBK2-C0RXZ5","Encaissement régularisé — 305.39$ (pilote hors Checkout)","LDG-MPIUM30X-FJC9U4","{""pilote"":true,""interventionType"":""RETROACTIVE_REGULARIZATION"",""stripeCheckout"":false,""organizerPayment"":""hors_systeme_pilote"",""waterfall"":{""cachetSigneCents"":20000,""prixVenduClientCents"":30000,""coefficientPpm"":1500000,""cachetBrutFinalCents"":30000,""commissionMrCents"":3600,""talentNetCents"":26400,""tpsCents"":180,""tvqCents"":359,""stripeFeeCents"":0},""transactionGroupId"":""TXG-MPIUM30W-0ZN0UV"",""lineCount"":5}","","0","journal:retro-TXG-MPIUM30W-0ZN0UV-L0","SUB-COURT-DJ","encaissement_depot","retroactive_pierre_de_rosette","","2026-05-23T21:16:18.512Z","30539","","ENC-DEPOT","TXG-MPIUM30W-0ZN0UV","FLUX","cad","ENG-MPIG0BUZ-N084HN","SKU-COURTAGE","5200","DEBIT","6a12192228ac14d4974f8a25","2026-05-23T21:16:18.585000","2026-05-25T01:09:44.371000","6a09b5c6ace6051fecd365af","frederik.gelin@gmail.com","false"