uniqueTalentsCount,sotsCount,checkpointSystemId,playsCount,styleLeafId,sotsAvg,lastPlayedAt,domainKey,sotsSum,updatedAt,id,created_date,updated_date,created_by_id,is_sample
"0","0","NC-0000000122","0","ST-000217","0","","music","0","2026-04-28T18:59:37.803Z","69f1039b63849cd70761f0e7","2026-04-28T18:59:39.862000","2026-04-28T18:59:39.862000","service_eb508f39-ce3d-4391-bb12-d4211c02ede9","false"
"0","0","NC-0000000122","0","ST-000165","0","","music","0","2026-04-28T18:59:37.803Z","69f1039b48b52f9299519177","2026-04-28T18:59:39.443000","2026-04-28T18:59:39.443000","service_eb508f39-ce3d-4391-bb12-d4211c02ede9","false"
"0","0","NC-0000000122","0","ST-000100","0","","music","0","2026-04-28T18:59:37.803Z","69f1039be4d488185856d2d0","2026-04-28T18:59:39.046000","2026-04-28T18:59:39.046000","service_eb508f39-ce3d-4391-bb12-d4211c02ede9","false"
"0","0","NC-0000000122","1","ST-000201","0","2026-04-28T18:59:37.298Z","music","0","2026-04-28T18:59:37.803Z","69f1039a32832ba684f603d9","2026-04-28T18:59:38.898000","2026-04-28T18:59:40.249000","service_eb508f39-ce3d-4391-bb12-d4211c02ede9","false"
"0","0","NC-0000000122","2","ST-000038","0","2026-04-28T18:59:40.094Z","music","0","2026-04-28T18:59:40.094Z","69f1039a42e6ad051c6d384a","2026-04-28T18:59:38.650000","2026-04-28T18:59:42.460000","service_eb508f39-ce3d-4391-bb12-d4211c02ede9","false"
"0","0","NC-0000000104","0","ST-000114","0","","music","0","2026-04-28T14:40:15.178Z","69f0c6b680f6d25ea9024044","2026-04-28T14:39:50.043000","2026-04-28T14:40:17.711000","service_eb508f39-ce3d-4391-bb12-d4211c02ede9","false"
"0","0","NC-0000000165","2","ST-000104","0","2026-04-24T12:34:51.860Z","music","0","2026-04-24T12:34:51.860Z","69eb636716f5924e8375dec6","2026-04-24T12:34:47.636000","2026-04-24T12:34:53.823000","service_eb508f39-ce3d-4391-bb12-d4211c02ede9","false"
"0","0","NC-0000000165","2","ST-000103","0","2026-04-24T01:17:44.442Z","music","0","2026-04-24T01:17:44.442Z","69eac4b5927baaecbb6fa0b1","2026-04-24T01:17:41.715000","2026-04-24T01:17:46.214000","service_eb508f39-ce3d-4391-bb12-d4211c02ede9","false"
"0","0","NC-0000000165","2","ST-000077","0","2026-04-24T01:17:44.442Z","music","0","2026-04-24T01:17:44.442Z","69eac4b507a111946b9f47c4","2026-04-24T01:17:41.244000","2026-04-24T01:17:45.823000","service_eb508f39-ce3d-4391-bb12-d4211c02ede9","false"
"0","0","NC-0000000165","2","ST-000097","0","2026-04-23T15:10:56.634Z","music","0","2026-04-23T15:11:44.268Z","69ea367d2bd017c1bb90873b","2026-04-23T15:10:53.279000","2026-04-23T15:11:46.015000","service_eb508f39-ce3d-4391-bb12-d4211c02ede9","false"
"0","0","NC-0000000165","4","ST-000102","0","2026-04-24T12:34:51.860Z","music","0","2026-04-24T12:34:51.860Z","69ea367c6e730a1dfd8a7291","2026-04-23T15:10:52.862000","2026-04-24T12:34:53.474000","service_eb508f39-ce3d-4391-bb12-d4211c02ede9","false"
"0","0","NC-0000000165","2","ST-000103","0","2026-04-23T13:17:36.855Z","video","0","2026-04-23T13:17:36.855Z","69ea1bf0025a735da4c046c5","2026-04-23T13:17:36.102000","2026-04-23T13:17:39.323000","service_eb508f39-ce3d-4391-bb12-d4211c02ede9","false"
"0","0","NC-0000000165","2","ST-000077","0","2026-04-23T13:17:36.855Z","video","0","2026-04-23T13:17:36.855Z","69ea1bef76872607be732e94","2026-04-23T13:17:35.672000","2026-04-23T13:17:38.958000","service_eb508f39-ce3d-4391-bb12-d4211c02ede9","false"
"0","0","NC-0000000165","4","ST-000217","0","2026-04-23T13:17:36.855Z","video","0","2026-04-23T13:17:36.855Z","69e9f361c781ddfd3fdc762f","2026-04-23T10:24:33.489000","2026-04-23T13:17:38.580000","service_eb508f39-ce3d-4391-bb12-d4211c02ede9","false"
"0","0","NC-0000000043","2","ST-000102","0","2026-04-23T02:05:53.035Z","music","0","2026-04-23T02:05:53.035Z","69e97e805ac96f1bef6d4c85","2026-04-23T02:05:52.156000","2026-04-23T02:05:55.199000","service_eb508f39-ce3d-4391-bb12-d4211c02ede9","false"
"0","0","NC-0000000043","2","ST-000100","0","2026-04-23T02:05:53.035Z","music","0","2026-04-23T02:05:53.035Z","69e97e7f1137ed78ba88f1c7","2026-04-23T02:05:51.808000","2026-04-23T02:05:54.765000","service_eb508f39-ce3d-4391-bb12-d4211c02ede9","false"
"0","0","NC-0000000043","2","ST-000038","0","2026-04-23T02:05:53.035Z","music","0","2026-04-23T02:05:53.035Z","69e97e7d6fc74dab835c2f80","2026-04-23T02:05:49.082000","2026-04-23T02:05:54.354000","service_eb508f39-ce3d-4391-bb12-d4211c02ede9","false"
"0","0","NC-0000000058","0","ST-000075","0","","boisson","0","2026-04-22T19:48:11.296Z","69e925fd49f35fa274807689","2026-04-22T19:48:13.099000","2026-04-22T19:48:13.099000","service_eb508f39-ce3d-4391-bb12-d4211c02ede9","false"
"0","0","NC-0000000058","2","ST-000075","0","2026-04-22T19:42:58.361Z","music","0","2026-04-22T19:42:58.361Z","69e924c16fa940b2d592ea8e","2026-04-22T19:42:57.730000","2026-04-22T19:43:00.189000","service_eb508f39-ce3d-4391-bb12-d4211c02ede9","false"
"0","0","NC-0000000200","2","ST-000100","0","2026-04-22T17:33:12.444Z","music","0","2026-04-22T17:33:12.444Z","69e90657d8f8f402c96c3498","2026-04-22T17:33:11.650000","2026-04-22T17:33:14.742000","service_eb508f39-ce3d-4391-bb12-d4211c02ede9","false"
"0","0","NC-0000000200","1","ST-000100","0","2026-04-22T17:33:09.480Z","music","0","2026-04-22T17:33:09.480Z","69e90657cf823be305f1c9d4","2026-04-22T17:33:11.524000","2026-04-22T17:33:11.524000","service_eb508f39-ce3d-4391-bb12-d4211c02ede9","false"
"0","0","NC-0000000200","2","ST-000099","0","2026-04-22T17:33:12.831Z","music","0","2026-04-22T17:33:12.831Z","69e906571605d24923952f1b","2026-04-22T17:33:11.265000","2026-04-22T17:33:14.336000","service_eb508f39-ce3d-4391-bb12-d4211c02ede9","false"
"0","0","NC-0000000200","1","ST-000099","0","2026-04-22T17:33:09.480Z","music","0","2026-04-22T17:33:09.480Z","69e906578869d45e620b9569","2026-04-22T17:33:11.023000","2026-04-22T17:33:11.023000","service_eb508f39-ce3d-4391-bb12-d4211c02ede9","false"
"0","0","NC-0000000191","1","ST-000141","0","2026-04-22T12:24:35.196Z","music","0","2026-04-22T12:26:41.033Z","69e8be046caa791d7824f177","2026-04-22T12:24:36.832000","2026-04-22T12:26:42.800000","service_eb508f39-ce3d-4391-bb12-d4211c02ede9","false"
"0","0","NC-0000000191","1","ST-000077","0","2026-04-22T12:24:35.343Z","music","0","2026-04-22T12:26:41.033Z","69e8be045c8dc5dee155b8ae","2026-04-22T12:24:36.553000","2026-04-22T12:26:41.804000","service_eb508f39-ce3d-4391-bb12-d4211c02ede9","false"
"0","0","NC-0000000191","1","ST-000076","0","2026-04-22T12:24:35.196Z","music","0","2026-04-22T12:26:41.033Z","69e8be04623018a8d194a117","2026-04-22T12:24:36.392000","2026-04-22T12:26:42.324000","service_eb508f39-ce3d-4391-bb12-d4211c02ede9","false"
"0","0","NC-0000000165","2","ST-000167","0","2026-04-22T12:24:22.310Z","humour","0","2026-04-22T12:24:22.310Z","69e8bdf1972eeecb3d0e8971","2026-04-22T12:24:17.978000","2026-04-22T12:24:24.114000","service_eb508f39-ce3d-4391-bb12-d4211c02ede9","false"
"0","0","NC-0000000165","2","ST-000166","0","2026-04-22T12:24:22.310Z","humour","0","2026-04-22T12:24:22.310Z","69e8bdf1597c94950f379b98","2026-04-22T12:24:17.620000","2026-04-22T12:24:23.670000","service_eb508f39-ce3d-4391-bb12-d4211c02ede9","false"
"0","0","NC-0000000104","1","ST-000155","0","2026-04-20T12:23:59.514Z","music","0","2026-04-28T14:40:15.178Z","69e61ae22b61e5b7fe74e007","2026-04-20T12:24:02.577000","2026-04-28T14:40:22.547000","service_eb508f39-ce3d-4391-bb12-d4211c02ede9","false"
"0","0","NC-0000000104","1","ST-000219","0","2026-04-20T12:23:59.514Z","music","0","2026-04-28T14:40:15.178Z","69e61ae2812c6b9ff3e5c5ca","2026-04-20T12:24:02.203000","2026-04-28T14:40:22.170000","service_eb508f39-ce3d-4391-bb12-d4211c02ede9","false"
"0","0","NC-0000000104","1","ST-000007","0","2026-04-20T12:23:59.514Z","music","0","2026-04-28T14:40:15.178Z","69e61ae1289b112ba7b8706f","2026-04-20T12:24:01.852000","2026-04-28T14:40:21.608000","service_eb508f39-ce3d-4391-bb12-d4211c02ede9","false"
"0","0","NC-0000000104","1","ST-000074","0","2026-04-20T12:23:59.644Z","music","0","2026-04-21T13:07:55.044Z","69e61ae1e35bc97d287d5076","2026-04-20T12:24:01.745000","2026-04-21T13:07:57.012000","service_eb508f39-ce3d-4391-bb12-d4211c02ede9","false"
"0","0","NC-0000000104","1","ST-000013","0","2026-04-20T12:23:59.514Z","music","0","2026-04-28T14:40:15.178Z","69e61ae1fe9e0693c75f587b","2026-04-20T12:24:01.505000","2026-04-28T14:40:20.877000","service_eb508f39-ce3d-4391-bb12-d4211c02ede9","false"
"0","0","NC-0000000104","1","ST-000088","0","2026-04-20T12:23:59.644Z","music","0","2026-04-21T13:07:55.044Z","69e61ae155516cf1330a5c7e","2026-04-20T12:24:01.411000","2026-04-21T13:07:56.580000","service_eb508f39-ce3d-4391-bb12-d4211c02ede9","false"
"0","0","NC-0000000104","1","ST-000009","0","2026-04-20T12:23:59.514Z","music","0","2026-04-28T14:40:15.178Z","69e61ae19221de1e433da615","2026-04-20T12:24:01.142000","2026-04-28T14:40:20.322000","service_eb508f39-ce3d-4391-bb12-d4211c02ede9","false"
"0","0","NC-0000000104","1","ST-000165","0","2026-04-20T12:23:59.644Z","music","0","2026-04-21T13:07:55.044Z","69e61ae1c50d3d3a7588dda1","2026-04-20T12:24:01.027000","2026-04-21T13:07:56.188000","service_eb508f39-ce3d-4391-bb12-d4211c02ede9","false"
"0","0","NC-0000000104","1","ST-000100","0","2026-04-20T12:23:59.594Z","music","0","2026-04-21T13:07:55.044Z","69e61ae07c03cb903c314b64","2026-04-20T12:24:00.989000","2026-04-21T13:07:55.785000","service_eb508f39-ce3d-4391-bb12-d4211c02ede9","false"
"0","0","NC-0000000104","0","ST-000100","0","","music","0","2026-04-20T12:24:00.152Z","69e61ae038604e13d1323a4b","2026-04-20T12:24:00.928000","2026-04-20T12:24:00.928000","service_eb508f39-ce3d-4391-bb12-d4211c02ede9","false"
"0","0","NC-0000000104","2","ST-000032","0","2026-04-28T14:39:48.396Z","music","0","2026-04-28T14:40:15.178Z","69e61ae07f300eea738b77b5","2026-04-20T12:24:00.787000","2026-04-28T14:40:19.229000","service_eb508f39-ce3d-4391-bb12-d4211c02ede9","false"
"0","0","NC-0000000104","1","ST-000155","0","2026-04-20T12:18:53.015Z","humour","0","2026-04-20T12:19:39.894Z","69e619b0c33a8ce104556816","2026-04-20T12:18:56.019000","2026-04-20T12:19:43.367000","service_eb508f39-ce3d-4391-bb12-d4211c02ede9","false"
"0","0","NC-0000000104","1","ST-000219","0","2026-04-20T12:18:53.015Z","humour","0","2026-04-20T12:19:39.894Z","69e619aff97ac6234298c4db","2026-04-20T12:18:55.626000","2026-04-20T12:19:42.698000","service_eb508f39-ce3d-4391-bb12-d4211c02ede9","false"
"0","0","NC-0000000104","1","ST-000085","0","2026-04-20T12:18:53.119Z","humour","0","2026-04-20T12:19:39.894Z","69e619afb3988c7094d443ca","2026-04-20T12:18:55.525000","2026-04-20T12:19:44.203000","service_eb508f39-ce3d-4391-bb12-d4211c02ede9","false"
"0","0","NC-0000000104","1","ST-000007","0","2026-04-20T12:18:53.015Z","humour","0","2026-04-20T12:19:39.894Z","69e619af1b96d06ad19bf328","2026-04-20T12:18:55.281000","2026-04-20T12:19:42.247000","service_eb508f39-ce3d-4391-bb12-d4211c02ede9","false"
"0","0","NC-0000000104","1","ST-000080","0","2026-04-20T12:18:53.119Z","humour","0","2026-04-20T12:19:39.894Z","69e619af7dbec33a9393a0fb","2026-04-20T12:18:55.141000","2026-04-20T12:19:43.699000","service_eb508f39-ce3d-4391-bb12-d4211c02ede9","false"
"0","0","NC-0000000104","1","ST-000013","0","2026-04-20T12:18:53.015Z","humour","0","2026-04-20T12:19:39.894Z","69e619ae1893ef4344c05a1e","2026-04-20T12:18:54.897000","2026-04-20T12:19:41.896000","service_eb508f39-ce3d-4391-bb12-d4211c02ede9","false"
"0","0","NC-0000000104","1","ST-000009","0","2026-04-20T12:18:53.119Z","humour","0","2026-04-20T12:19:39.894Z","69e619ae0c29d4807f4ae62f","2026-04-20T12:18:54.769000","2026-04-20T12:19:41.491000","service_eb508f39-ce3d-4391-bb12-d4211c02ede9","false"
"0","0","NC-0000000104","1","ST-000009","0","2026-04-20T12:18:53.015Z","humour","0","2026-04-20T12:18:53.015Z","69e619ae083e270cb62c7ba0","2026-04-20T12:18:54.547000","2026-04-20T12:18:54.772000","service_eb508f39-ce3d-4391-bb12-d4211c02ede9","false"
"0","0","NC-0000000104","1","ST-000032","0","2026-04-20T12:18:53.015Z","humour","0","2026-04-20T12:19:39.894Z","69e619ae7bc646501911c3b4","2026-04-20T12:18:54.388000","2026-04-20T12:19:41.005000","service_eb508f39-ce3d-4391-bb12-d4211c02ede9","false"
"0","0","NC-0000000104","0","ST-000032","0","","humour","0","2026-04-20T12:18:53.420Z","69e619ae7e22715ffdbf4ec2","2026-04-20T12:18:54.205000","2026-04-20T12:18:54.205000","service_eb508f39-ce3d-4391-bb12-d4211c02ede9","false"
"0","0","NC-0000000169","1","ST-000155","0","2026-04-20T12:17:47.274Z","humour","0","2026-04-20T12:18:05.530Z","69e6196e464f12b5c03c7daa","2026-04-20T12:17:50.674000","2026-04-20T12:18:08.403000","service_eb508f39-ce3d-4391-bb12-d4211c02ede9","false"
"0","0","NC-0000000169","1","ST-000219","0","2026-04-20T12:17:47.274Z","humour","0","2026-04-20T12:18:05.530Z","69e6196ec78f844b15cc6afc","2026-04-20T12:17:50.217000","2026-04-20T12:18:07.964000","service_eb508f39-ce3d-4391-bb12-d4211c02ede9","false"
"0","0","NC-0000000169","1","ST-000007","0","2026-04-20T12:17:47.274Z","humour","0","2026-04-20T12:18:05.530Z","69e6196d59e13229cb3610ed","2026-04-20T12:17:49.798000","2026-04-20T12:18:07.631000","service_eb508f39-ce3d-4391-bb12-d4211c02ede9","false"
"0","0","NC-0000000169","1","ST-000013","0","2026-04-20T12:17:47.274Z","humour","0","2026-04-20T12:18:05.530Z","69e6196da8ca5c480443da38","2026-04-20T12:17:49.411000","2026-04-20T12:18:07.228000","service_eb508f39-ce3d-4391-bb12-d4211c02ede9","false"
"0","0","NC-0000000169","1","ST-000009","0","2026-04-20T12:17:47.274Z","humour","0","2026-04-20T12:18:05.530Z","69e6196c5cfc87953658e215","2026-04-20T12:17:48.911000","2026-04-20T12:18:06.787000","service_eb508f39-ce3d-4391-bb12-d4211c02ede9","false"
"0","0","NC-0000000169","1","ST-000085","0","2026-04-20T12:17:47.265Z","humour","0","2026-04-20T12:18:05.530Z","69e6196c8a3cf8146b09b3f0","2026-04-20T12:17:48.694000","2026-04-20T12:18:08.804000","service_eb508f39-ce3d-4391-bb12-d4211c02ede9","false"
"0","0","NC-0000000169","1","ST-000032","0","2026-04-20T12:17:47.274Z","humour","0","2026-04-20T12:18:05.530Z","69e6196cde0ebf1d6706e822","2026-04-20T12:17:48.667000","2026-04-20T12:18:06.333000","service_eb508f39-ce3d-4391-bb12-d4211c02ede9","false"
"0","0","NC-0000000169","0","ST-000032","0","","humour","0","2026-04-20T12:17:47.781Z","69e6196cccd669689ff30e59","2026-04-20T12:17:48.575000","2026-04-20T12:17:48.575000","service_eb508f39-ce3d-4391-bb12-d4211c02ede9","false"
"0","0","NC-0000000117","2","ST-000008","0","2026-04-20T11:53:59.940Z","music","0","2026-04-20T11:53:59.940Z","69e613d7b1f2ae351a3a81ba","2026-04-20T11:53:59.312000","2026-04-20T11:54:02.839000","service_eb508f39-ce3d-4391-bb12-d4211c02ede9","false"
"0","0","NC-0000000117","2","ST-000042","0","2026-04-20T11:53:59.940Z","music","0","2026-04-20T11:53:59.940Z","69e613d6e8666ffd980ec94b","2026-04-20T11:53:58.879000","2026-04-20T11:54:02.453000","service_eb508f39-ce3d-4391-bb12-d4211c02ede9","false"
"0","0","NC-0000000117","2","ST-000012","0","2026-04-20T11:53:59.940Z","music","0","2026-04-20T11:53:59.940Z","69e613d6b4109443960355d0","2026-04-20T11:53:58.461000","2026-04-20T11:54:02.110000","service_eb508f39-ce3d-4391-bb12-d4211c02ede9","false"
"0","0","NC-0000000117","2","ST-000103","0","2026-04-20T11:53:59.940Z","music","0","2026-04-20T11:53:59.940Z","69e613d29e3bd87428a09eef","2026-04-20T11:53:54.519000","2026-04-20T11:54:01.705000","service_eb508f39-ce3d-4391-bb12-d4211c02ede9","false"
"0","0","NC-0000000117","2","ST-000077","0","2026-04-20T11:53:59.940Z","music","0","2026-04-20T11:53:59.940Z","69e613d2c7185c2053455669","2026-04-20T11:53:54.011000","2026-04-20T11:54:01.309000","service_eb508f39-ce3d-4391-bb12-d4211c02ede9","false"
"0","0","NC-0000000310","2","ST-000239","0","2026-04-20T04:02:52.820Z","music","0","2026-04-20T04:02:52.820Z","69e5a5681c5b39ec9bde1d98","2026-04-20T04:02:48.450000","2026-04-20T04:02:54.143000","service_eb508f39-ce3d-4391-bb12-d4211c02ede9","false"
"0","0","NC-0000000124","0","ST-000192","0","","music","0","2026-04-20T03:22:34.631Z","69e59bfb81c39d7fcbd6297f","2026-04-20T03:22:35.926000","2026-04-20T03:22:35.926000","service_eb508f39-ce3d-4391-bb12-d4211c02ede9","false"
"0","0","NC-0000000124","1","ST-000192","0","2026-04-20T03:22:33.953Z","music","0","2026-04-20T03:22:33.953Z","69e59bfb65ca9695206baf1e","2026-04-20T03:22:35.769000","2026-04-20T03:22:35.769000","service_eb508f39-ce3d-4391-bb12-d4211c02ede9","false"
"0","0","NC-0000000124","0","ST-000075","0","","music","0","2026-04-20T03:22:34.631Z","69e59bfbe0874bcbbf4918e0","2026-04-20T03:22:35.500000","2026-04-20T03:22:35.500000","service_eb508f39-ce3d-4391-bb12-d4211c02ede9","false"
"0","0","NC-0000000124","1","ST-000239","0","2026-04-20T03:22:34.012Z","music","0","2026-04-20T03:22:34.631Z","69e59bfb08b059845f8f7f22","2026-04-20T03:22:35.401000","2026-04-20T03:22:36.365000","service_eb508f39-ce3d-4391-bb12-d4211c02ede9","false"
"0","0","NC-0000000124","1","ST-000075","0","2026-04-20T03:22:33.953Z","music","0","2026-04-20T03:22:33.953Z","69e59bfb02786b84f59093ad","2026-04-20T03:22:35.309000","2026-04-20T03:22:35.309000","service_eb508f39-ce3d-4391-bb12-d4211c02ede9","false"
"0","0","NC-0000000165","2","ST-000192","0","2026-04-20T02:34:35.893Z","music","0","2026-04-20T02:34:35.893Z","69e590b9f8163d6c88858fdc","2026-04-20T02:34:33.347000","2026-04-20T02:34:37.890000","service_eb508f39-ce3d-4391-bb12-d4211c02ede9","false"
"0","0","NC-0000000165","1","ST-000192","0","2026-04-20T02:34:31.948Z","music","0","2026-04-20T02:34:31.948Z","69e590b95908f5ae172f1d5c","2026-04-20T02:34:33.336000","2026-04-20T02:34:33.336000","service_eb508f39-ce3d-4391-bb12-d4211c02ede9","false"
"0","0","NC-0000000165","7","ST-000008","0","2026-04-24T13:59:01.252Z","music","0","2026-04-24T13:59:01.252Z","69e590b7fc9e43fd8df09e06","2026-04-20T02:34:31.526000","2026-04-24T13:59:06.531000","service_eb508f39-ce3d-4391-bb12-d4211c02ede9","false"
"0","0","NC-0000000165","1","ST-000008","0","2026-04-20T02:34:28.816Z","music","0","2026-04-20T02:34:28.816Z","69e590b7c74c8e2ba6733aab","2026-04-20T02:34:31.322000","2026-04-20T02:34:31.322000","service_eb508f39-ce3d-4391-bb12-d4211c02ede9","false"
"0","0","NC-0000000165","8","ST-000042","0","2026-04-24T13:59:01.252Z","music","0","2026-04-24T13:59:01.252Z","69e590b6b807dd6eba3adf25","2026-04-20T02:34:30.729000","2026-04-24T13:59:05.984000","service_eb508f39-ce3d-4391-bb12-d4211c02ede9","false"
"0","0","NC-0000000165","8","ST-000012","0","2026-04-24T13:59:01.252Z","music","0","2026-04-24T13:59:01.252Z","69e590b67090c7a0ce01601e","2026-04-20T02:34:30.317000","2026-04-24T13:59:04.013000","service_eb508f39-ce3d-4391-bb12-d4211c02ede9","false"
"0","0","NC-0000000011","1","ST-000192","0","2026-04-20T02:11:13.489Z","music","0","2026-04-20T02:11:13.489Z","69e58b4398d29a674ee72377","2026-04-20T02:11:15.295000","2026-04-20T02:11:15.295000","service_eb508f39-ce3d-4391-bb12-d4211c02ede9","false"
"0","0","NC-0000000011","1","ST-000192","0","2026-04-20T02:11:13.482Z","music","0","2026-04-20T02:11:13.482Z","69e58b43297efcf15edb1588","2026-04-20T02:11:15.264000","2026-04-20T02:11:15.264000","service_eb508f39-ce3d-4391-bb12-d4211c02ede9","false"
"0","0","NC-0000000011","0","ST-000192","0","","music","0","2026-04-20T02:11:14.064Z","69e58b43984fdb36a45a38c2","2026-04-20T02:11:15.242000","2026-04-20T02:11:15.242000","service_eb508f39-ce3d-4391-bb12-d4211c02ede9","false"
"0","0","NC-0000000011","1","ST-000075","0","2026-04-20T02:11:13.489Z","music","0","2026-04-20T02:11:13.489Z","69e58b4219cf170e996eb93c","2026-04-20T02:11:14.931000","2026-04-20T02:11:14.931000","service_eb508f39-ce3d-4391-bb12-d4211c02ede9","false"
"0","0","NC-0000000011","0","ST-000075","0","","music","0","2026-04-20T02:11:14.064Z","69e58b42353914680b7044a7","2026-04-20T02:11:14.792000","2026-04-20T02:11:14.792000","service_eb508f39-ce3d-4391-bb12-d4211c02ede9","false"
"0","0","NC-0000000011","1","ST-000075","0","2026-04-20T02:11:13.482Z","music","0","2026-04-20T02:11:13.482Z","69e58b4259cbdcb59a105f7e","2026-04-20T02:11:14.755000","2026-04-20T02:11:14.755000","service_eb508f39-ce3d-4391-bb12-d4211c02ede9","false"
"0","0","NC-0000000030","2","ST-000074","0","2026-04-20T02:07:22.182Z","music","0","2026-04-20T02:07:22.182Z","69e58a5b31e819d3eb453011","2026-04-20T02:07:23.692000","2026-04-20T02:07:24.044000","service_eb508f39-ce3d-4391-bb12-d4211c02ede9","false"
"0","0","NC-0000000030","1","ST-000080","0","2026-04-20T02:07:22.296Z","music","0","2026-04-20T02:07:22.296Z","69e58a5be890bf3b20c9d199","2026-04-20T02:07:23.369000","2026-04-20T02:07:23.369000","service_eb508f39-ce3d-4391-bb12-d4211c02ede9","false"
"0","0","NC-0000000104","1","ST-000141","0","2026-04-20T01:53:55.911Z","music","0","2026-04-20T01:54:11.594Z","69e58735397a3e743a05fdef","2026-04-20T01:53:57.317000","2026-04-20T01:54:12.712000","service_eb508f39-ce3d-4391-bb12-d4211c02ede9","false"
"0","0","NC-0000000104","1","ST-000192","0","2026-04-20T01:53:55.908Z","music","0","2026-04-20T01:54:11.594Z","69e587352f796ef1f348d008","2026-04-20T01:53:57.216000","2026-04-20T01:54:12.346000","service_eb508f39-ce3d-4391-bb12-d4211c02ede9","false"
"0","0","NC-0000000165","0","ST-000165","0","","photo","0","2026-04-20T01:33:38.844Z","69e5827313c2f23145a3cbf4","2026-04-20T01:33:39.767000","2026-04-20T01:33:39.767000","service_eb508f39-ce3d-4391-bb12-d4211c02ede9","false"
"0","0","NC-0000000108","1","ST-000092","0","2026-04-20T01:29:37.997Z","music","0","2026-04-20T01:30:02.915Z","69e581835ec5daf93815ac08","2026-04-20T01:29:39.627000","2026-04-20T01:30:04.431000","service_eb508f39-ce3d-4391-bb12-d4211c02ede9","false"
"0","0","NC-0000000108","1","ST-000240","0","2026-04-20T01:29:38.064Z","music","0","2026-04-20T01:30:02.915Z","69e58183237550157a727d2f","2026-04-20T01:29:39.624000","2026-04-20T01:30:03.873000","service_eb508f39-ce3d-4391-bb12-d4211c02ede9","false"
"0","0","NC-0000000029","2","ST-000074","0","2026-04-19T12:40:52.061Z","music","0","2026-04-19T12:42:33.133Z","69e4cd50e4a150c175623db7","2026-04-19T12:40:48.362000","2026-04-19T12:42:34.153000","service_eb508f39-ce3d-4391-bb12-d4211c02ede9","false"
"0","0","NC-0000000029","2","ST-000088","0","2026-04-19T12:40:52.061Z","music","0","2026-04-19T12:42:33.133Z","69e4cd4f0474711d291ad4d6","2026-04-19T12:40:47.983000","2026-04-19T12:42:33.827000","service_eb508f39-ce3d-4391-bb12-d4211c02ede9","false"
"0","0","NC-0000000057","2","ST-000219","0","2026-04-18T16:55:56.158Z","music","0","2026-04-18T16:56:24.125Z","69e3b79bda564eeacc35c7ae","2026-04-18T16:55:55.518000","2026-04-18T16:56:26.348000","service_eb508f39-ce3d-4391-bb12-d4211c02ede9","false"
"0","0","NC-0000000057","2","ST-000007","0","2026-04-18T16:55:56.158Z","music","0","2026-04-18T16:56:24.125Z","69e3b79b82824d2b23001585","2026-04-18T16:55:55.134000","2026-04-18T16:56:25.984000","service_eb508f39-ce3d-4391-bb12-d4211c02ede9","false"
"0","0","NC-0000000057","2","ST-000013","0","2026-04-18T16:55:56.158Z","music","0","2026-04-18T16:56:24.125Z","69e3b79a089a7b770de84e36","2026-04-18T16:55:54.746000","2026-04-18T16:56:25.580000","service_eb508f39-ce3d-4391-bb12-d4211c02ede9","false"
"0","0","NC-0000000057","2","ST-000009","0","2026-04-18T16:55:56.158Z","music","0","2026-04-18T16:56:24.125Z","69e3b79a1c133fbef089e597","2026-04-18T16:55:54.373000","2026-04-18T16:56:25.153000","service_eb508f39-ce3d-4391-bb12-d4211c02ede9","false"
"0","0","NC-0000000057","2","ST-000032","0","2026-04-18T16:55:56.158Z","music","0","2026-04-18T16:56:24.125Z","69e3b7997db77e502f7eae4e","2026-04-18T16:55:53.973000","2026-04-18T16:56:24.780000","service_eb508f39-ce3d-4391-bb12-d4211c02ede9","false"
"0","0","NC-0000000163","2","ST-000155","0","2026-04-18T14:59:11.771Z","humour","0","2026-04-18T14:59:40.551Z","69e39c3f61eb1cbac63bc969","2026-04-18T14:59:11.095000","2026-04-18T14:59:41.669000","service_eb508f39-ce3d-4391-bb12-d4211c02ede9","false"
"0","0","NC-0000000163","2","ST-000165","0","2026-04-18T14:59:11.771Z","humour","0","2026-04-18T14:59:40.551Z","69e39c3dfbdc1746196e7a61","2026-04-18T14:59:09.260000","2026-04-18T14:59:41.322000","service_eb508f39-ce3d-4391-bb12-d4211c02ede9","false"
"0","0","NC-0000000057","2","ST-000165","0","2026-04-18T14:30:49.018Z","humour","0","2026-04-18T14:31:29.558Z","69e395969f336a818b8f8ce0","2026-04-18T14:30:46.454000","2026-04-18T14:31:30.210000","service_eb508f39-ce3d-4391-bb12-d4211c02ede9","false"
"0","0","NC-0000000033","2","ST-000217","0","2026-04-18T14:22:37.679Z","video","0","2026-04-18T14:25:06.583Z","69e393ad5d1e66910c43308d","2026-04-18T14:22:37.029000","2026-04-18T14:25:07.260000","service_eb508f39-ce3d-4391-bb12-d4211c02ede9","false"
"0","0","NC-0000000310","2","ST-000103","0","2026-04-18T01:06:05.888Z","music","0","2026-04-18T01:06:40.921Z","69e2d8fa95d7112c496e7003","2026-04-18T01:06:02.134000","2026-04-18T01:06:42.074000","service_eb508f39-ce3d-4391-bb12-d4211c02ede9","false"
"0","0","NC-0000000310","2","ST-000077","0","2026-04-18T01:06:05.888Z","music","0","2026-04-18T01:06:40.921Z","69e2d8f965cd1468cc18605b","2026-04-18T01:06:01.740000","2026-04-18T01:06:41.712000","service_eb508f39-ce3d-4391-bb12-d4211c02ede9","false"
"0","0","NC-0000000049","2","ST-000074","0","2026-04-17T22:42:19.033Z","humour","0","2026-04-17T22:42:19.033Z","69e2b7484fbd2ba4cdd0c841","2026-04-17T22:42:16.684000","2026-04-17T22:42:21.081000","service_eb508f39-ce3d-4391-bb12-d4211c02ede9","false"
"0","0","NC-0000000049","2","ST-000088","0","2026-04-17T22:42:19.033Z","humour","0","2026-04-17T22:42:19.033Z","69e2b748e881dc97866b3f30","2026-04-17T22:42:16.251000","2026-04-17T22:42:20.712000","service_eb508f39-ce3d-4391-bb12-d4211c02ede9","false"
"0","0","NC-0000000049","2","ST-000165","0","2026-04-17T22:42:19.033Z","humour","0","2026-04-17T22:42:19.033Z","69e2b74524c1e24c5df1c9d9","2026-04-17T22:42:13.954000","2026-04-17T22:42:20.304000","service_eb508f39-ce3d-4391-bb12-d4211c02ede9","false"
"0","0","NC-0000000249","1","ST-000201","0","2026-04-17T17:40:11.677Z","music","0","2026-04-17T17:40:12.490Z","69e2707d6bafc0a2d21e35b6","2026-04-17T17:40:13.894000","2026-04-17T17:40:14.238000","service_eb508f39-ce3d-4391-bb12-d4211c02ede9","false"
"0","0","NC-0000000249","0","ST-000092","0","","music","0","2026-04-17T17:40:12.490Z","69e2707d2dcaea6163e7b28e","2026-04-17T17:40:13.769000","2026-04-17T17:40:13.769000","service_eb508f39-ce3d-4391-bb12-d4211c02ede9","false"
"0","0","NC-0000000249","1","ST-000092","0","2026-04-17T17:40:11.705Z","music","0","2026-04-17T17:40:11.705Z","69e2707deccc420677864ccb","2026-04-17T17:40:13.560000","2026-04-17T17:40:13.560000","service_eb508f39-ce3d-4391-bb12-d4211c02ede9","false"
"0","0","NC-0000000249","1","ST-000103","0","2026-04-17T17:40:11.705Z","music","0","2026-04-17T17:40:12.490Z","69e2707d8d1e817e361ab27d","2026-04-17T17:40:13.179000","2026-04-17T17:40:14.700000","service_eb508f39-ce3d-4391-bb12-d4211c02ede9","false"
"0","0","NC-0000000249","1","ST-000099","0","2026-04-17T17:40:11.705Z","music","0","2026-04-17T17:40:12.490Z","69e2707de1bbb414061c93aa","2026-04-17T17:40:13.072000","2026-04-17T17:40:13.350000","service_eb508f39-ce3d-4391-bb12-d4211c02ede9","false"
"0","0","NC-0000000057","4","ST-000155","0","2026-04-18T14:30:49.018Z","humour","0","2026-04-18T14:31:29.558Z","69e183b2252dd54c8f6bf39f","2026-04-17T00:49:54.001000","2026-04-18T14:31:30.539000","service_eb508f39-ce3d-4391-bb12-d4211c02ede9","false"
"0","0","NC-0000000049","2","ST-000219","0","2026-04-17T00:19:37.815Z","video","0","2026-04-17T00:19:37.815Z","69e17c93aeec822653495014","2026-04-17T00:19:31.758000","2026-04-17T00:19:39.630000","service_eb508f39-ce3d-4391-bb12-d4211c02ede9","false"
"0","0","NC-0000000049","2","ST-000217","0","2026-04-17T00:19:37.815Z","video","0","2026-04-17T00:19:37.815Z","69e17c8fc1b43e1d4c86c03e","2026-04-17T00:19:27.978000","2026-04-17T00:19:39.251000","service_eb508f39-ce3d-4391-bb12-d4211c02ede9","false"
"0","0","NC-0000000073","2","ST-000165","0","2026-04-16T23:02:54.395Z","music","0","2026-04-16T23:02:54.395Z","69e16a9bac987fbbe4e741be","2026-04-16T23:02:51.301000","2026-04-16T23:02:58.008000","service_eb508f39-ce3d-4391-bb12-d4211c02ede9","false"
"0","0","NC-0000000073","2","ST-000219","0","2026-04-16T23:02:54.395Z","music","0","2026-04-16T23:02:54.395Z","69e16a99e924e7aacda443f4","2026-04-16T23:02:49.322000","2026-04-16T23:02:57.374000","service_eb508f39-ce3d-4391-bb12-d4211c02ede9","false"
"0","0","NC-0000000073","2","ST-000007","0","2026-04-16T23:02:54.395Z","music","0","2026-04-16T23:02:54.395Z","69e16a98489705799b9d2d75","2026-04-16T23:02:48.927000","2026-04-16T23:02:56.959000","service_eb508f39-ce3d-4391-bb12-d4211c02ede9","false"
"0","0","NC-0000000073","2","ST-000013","0","2026-04-16T23:02:54.395Z","music","0","2026-04-16T23:02:54.395Z","69e16a9820b6f49ab4d4f86c","2026-04-16T23:02:48.488000","2026-04-16T23:02:56.515000","service_eb508f39-ce3d-4391-bb12-d4211c02ede9","false"
"0","0","NC-0000000073","2","ST-000009","0","2026-04-16T23:02:54.395Z","music","0","2026-04-16T23:02:54.395Z","69e16a98e9821306dbbdbef7","2026-04-16T23:02:48.084000","2026-04-16T23:02:56.095000","service_eb508f39-ce3d-4391-bb12-d4211c02ede9","false"
"0","0","NC-0000000073","2","ST-000032","0","2026-04-16T23:02:54.395Z","music","0","2026-04-16T23:02:54.395Z","69e16a97870fa44207114af9","2026-04-16T23:02:47.611000","2026-04-16T23:02:55.699000","service_eb508f39-ce3d-4391-bb12-d4211c02ede9","false"
"0","0","NC-0000000097","2","ST-000165","0","2026-04-16T22:51:50.471Z","humour","0","2026-04-16T22:51:50.471Z","69e168040269177f3b36279a","2026-04-16T22:51:48.211000","2026-04-16T22:51:52.389000","service_eb508f39-ce3d-4391-bb12-d4211c02ede9","false"
"0","0","NC-0000000097","2","ST-000155","0","2026-04-16T22:51:50.471Z","humour","0","2026-04-16T22:51:50.471Z","69e1680083b2ccc0592f1fcc","2026-04-16T22:51:44.916000","2026-04-16T22:51:51.872000","service_eb508f39-ce3d-4391-bb12-d4211c02ede9","false"
"0","0","NC-0000000058","2","ST-000239","0","2026-04-15T21:47:06.361Z","music","0","2026-04-15T21:47:06.361Z","69e0075940a4fb7c277e989e","2026-04-15T21:47:05.537000","2026-04-15T21:47:09.416000","service_eb508f39-ce3d-4391-bb12-d4211c02ede9","false"
"0","0","NC-0000000058","2","ST-000165","0","2026-04-15T21:47:06.361Z","music","0","2026-04-15T21:47:06.361Z","69e00757c0f6de4b860a77dc","2026-04-15T21:47:03.249000","2026-04-15T21:47:08.924000","service_eb508f39-ce3d-4391-bb12-d4211c02ede9","false"
"0","0","NC-0000000058","2","ST-000074","0","2026-04-15T21:47:06.361Z","music","0","2026-04-15T21:47:06.361Z","69e007546caf2f2164961284","2026-04-15T21:47:00.978000","2026-04-15T21:47:08.459000","service_eb508f39-ce3d-4391-bb12-d4211c02ede9","false"
"0","0","NC-0000000058","2","ST-000088","0","2026-04-15T21:47:06.361Z","music","0","2026-04-15T21:47:06.361Z","69e00754df4fc09d9ed65c0e","2026-04-15T21:47:00.538000","2026-04-15T21:47:08.006000","service_eb508f39-ce3d-4391-bb12-d4211c02ede9","false"
"0","0","NC-0000000135","0","ST-000239","0","","music","0","2026-04-15T15:21:10.760Z","69dface75804a4854149eec1","2026-04-15T15:21:11.541000","2026-04-15T15:21:11.541000","service_eb508f39-ce3d-4391-bb12-d4211c02ede9","false"
"0","0","NC-0000000135","1","ST-000038","0","2026-04-15T15:21:10.221Z","music","0","2026-04-15T15:21:10.221Z","69dface738f78707fddd02d6","2026-04-15T15:21:11.445000","2026-04-15T15:21:11.445000","service_eb508f39-ce3d-4391-bb12-d4211c02ede9","false"
"1","2","NC-0000000073","1","ST-000158","3.9","2026-03-17T12:28:13.197Z","humour","7.8","2026-04-15T12:16:25.963Z","69df819adc619c20aaf1e761","2026-04-15T12:16:26.105000","2026-04-15T12:16:26.105000","service_eb508f39-ce3d-4391-bb12-d4211c02ede9","false"
"1","2","NC-0000000073","1","ST-000184","3.9","2026-03-17T12:28:13.197Z","humour","7.8","2026-04-15T12:16:25.814Z","69df8199641615334828c010","2026-04-15T12:16:25.940000","2026-04-15T12:16:25.940000","service_eb508f39-ce3d-4391-bb12-d4211c02ede9","false"
"1","2","NC-0000000073","1","ST-000183","3.9","2026-03-17T12:28:13.197Z","humour","7.8","2026-04-15T12:16:25.654Z","69df8199dd272b266b7a3f79","2026-04-15T12:16:25.777000","2026-04-15T12:16:25.777000","service_eb508f39-ce3d-4391-bb12-d4211c02ede9","false"
"1","2","NC-0000000073","1","ST-000182","3.9","2026-03-17T12:28:13.197Z","humour","7.8","2026-04-15T12:16:25.450Z","69df8199aa08d1dceb7f3ca0","2026-04-15T12:16:25.612000","2026-04-15T12:16:25.612000","service_eb508f39-ce3d-4391-bb12-d4211c02ede9","false"
"1","2","NC-0000000073","1","ST-000168","3.9","2026-03-17T12:28:13.197Z","humour","7.8","2026-04-15T12:16:25.070Z","69df819988684b8cdc5d1d87","2026-04-15T12:16:25.218000","2026-04-15T12:16:25.218000","service_eb508f39-ce3d-4391-bb12-d4211c02ede9","false"
"1","2","NC-0000000073","1","ST-000169","3.9","2026-03-17T12:28:13.197Z","humour","7.8","2026-04-15T12:16:24.901Z","69df8199be725f081c0dea05","2026-04-15T12:16:25.041000","2026-04-15T12:16:25.041000","service_eb508f39-ce3d-4391-bb12-d4211c02ede9","false"
"1","2","NC-0000000073","1","ST-000170","3.9","2026-03-17T12:28:13.197Z","humour","7.8","2026-04-15T12:16:24.757Z","69df81986cb15612995ce241","2026-04-15T12:16:24.872000","2026-04-15T12:16:24.872000","service_eb508f39-ce3d-4391-bb12-d4211c02ede9","false"
"1","2","NC-0000000073","1","ST-000171","3.9","2026-03-17T12:28:13.197Z","humour","7.8","2026-04-15T12:16:24.591Z","69df8198d84aeea819844b3b","2026-04-15T12:16:24.730000","2026-04-15T12:16:24.730000","service_eb508f39-ce3d-4391-bb12-d4211c02ede9","false"
"1","2","NC-0000000073","1","ST-000019","3.7","2026-03-17T12:28:13.197Z","music","7.4","2026-04-15T12:16:24.395Z","69df8198a2b2d51e4feeeef0","2026-04-15T12:16:24.561000","2026-04-15T12:16:24.561000","service_eb508f39-ce3d-4391-bb12-d4211c02ede9","false"
"1","2","NC-0000000073","1","ST-000018","3.7","2026-03-17T12:28:13.197Z","music","7.4","2026-04-15T12:16:24.211Z","69df81981c44be54a060830a","2026-04-15T12:16:24.367000","2026-04-15T12:16:24.367000","service_eb508f39-ce3d-4391-bb12-d4211c02ede9","false"
"1","2","NC-0000000073","1","ST-000133","3.7","2026-03-17T12:28:13.197Z","music","7.4","2026-04-15T12:16:24.049Z","69df819836c708a7edf91eb6","2026-04-15T12:16:24.179000","2026-04-15T12:16:24.179000","service_eb508f39-ce3d-4391-bb12-d4211c02ede9","false"
"1","2","NC-0000000073","1","ST-000134","3.7","2026-03-17T12:28:13.197Z","music","7.4","2026-04-15T12:16:23.822Z","69df8197478c08abe752d326","2026-04-15T12:16:23.971000","2026-04-15T12:16:23.971000","service_eb508f39-ce3d-4391-bb12-d4211c02ede9","false"
"1","2","NC-0000000073","1","ST-000080","3.7","2026-03-17T12:28:13.197Z","music","7.4","2026-04-15T12:16:23.652Z","69df8197e85e0902e7638125","2026-04-15T12:16:23.794000","2026-04-15T12:16:23.794000","service_eb508f39-ce3d-4391-bb12-d4211c02ede9","false"
"1","1","NC-0000000004","1","ST-000019","3.6","2026-03-17T12:31:03.764Z","music","3.6","2026-04-15T12:16:23.427Z","69df81976fc3ebf794cb3eb8","2026-04-15T12:16:23.589000","2026-04-15T12:16:23.589000","service_eb508f39-ce3d-4391-bb12-d4211c02ede9","false"
"1","1","NC-0000000004","1","ST-000018","3.6","2026-03-17T12:31:03.764Z","music","3.6","2026-04-15T12:16:23.256Z","69df8197d44f2a59faf1a646","2026-04-15T12:16:23.395000","2026-04-15T12:16:23.395000","service_eb508f39-ce3d-4391-bb12-d4211c02ede9","false"
"1","1","NC-0000000004","1","ST-000171","3.6","2026-03-17T12:31:03.764Z","music","3.6","2026-04-15T12:16:23.049Z","69df8197ef567f12624375da","2026-04-15T12:16:23.212000","2026-04-15T12:16:23.212000","service_eb508f39-ce3d-4391-bb12-d4211c02ede9","false"
"1","1","NC-0000000004","1","ST-000202","3.6","2026-03-17T12:31:03.764Z","music","3.6","2026-04-15T12:16:22.012Z","69df819606233fc9de94cc5a","2026-04-15T12:16:22.999000","2026-04-15T12:16:22.999000","service_eb508f39-ce3d-4391-bb12-d4211c02ede9","false"
"1","1","NC-0000000004","1","ST-000207","3.6","2026-03-17T12:31:03.764Z","music","3.6","2026-04-15T12:16:21.841Z","69df81954b0c185b26a4af71","2026-04-15T12:16:21.969000","2026-04-15T12:16:21.969000","service_eb508f39-ce3d-4391-bb12-d4211c02ede9","false"
"1","1","NC-0000000004","1","ST-000206","3.6","2026-03-17T12:31:03.764Z","music","3.6","2026-04-15T12:16:21.651Z","69df8195832ad087a0f540c3","2026-04-15T12:16:21.807000","2026-04-15T12:16:21.807000","service_eb508f39-ce3d-4391-bb12-d4211c02ede9","false"
"1","1","NC-0000000004","1","ST-000205","3.6","2026-03-17T12:31:03.764Z","music","3.6","2026-04-15T12:16:21.298Z","69df81954eb94629ad3c28ed","2026-04-15T12:16:21.422000","2026-04-15T12:16:21.422000","service_eb508f39-ce3d-4391-bb12-d4211c02ede9","false"
"1","1","NC-0000000004","1","ST-000204","3.6","2026-03-17T12:31:03.764Z","music","3.6","2026-04-15T12:16:21.103Z","69df81953b10225b86cbc763","2026-04-15T12:16:21.268000","2026-04-15T12:16:21.268000","service_eb508f39-ce3d-4391-bb12-d4211c02ede9","false"
"1","1","NC-0000000004","1","ST-000211","3.6","2026-03-17T12:31:03.764Z","music","3.6","2026-04-15T12:16:20.945Z","69df8195996fcd2e2757a75b","2026-04-15T12:16:21.072000","2026-04-15T12:16:21.072000","service_eb508f39-ce3d-4391-bb12-d4211c02ede9","false"
"1","1","NC-0000000004","1","ST-000210","3.6","2026-03-17T12:31:03.764Z","music","3.6","2026-04-15T12:16:20.731Z","69df8194e4f9c3517d86f67a","2026-04-15T12:16:20.902000","2026-04-15T12:16:20.902000","service_eb508f39-ce3d-4391-bb12-d4211c02ede9","false"
"1","1","NC-0000000004","1","ST-000209","3.6","2026-03-17T12:31:03.764Z","music","3.6","2026-04-15T12:16:20.549Z","69df8194770c2e5adf535889","2026-04-15T12:16:20.702000","2026-04-15T12:16:20.702000","service_eb508f39-ce3d-4391-bb12-d4211c02ede9","false"
"1","1","NC-0000000004","1","ST-000200","3.6","2026-03-17T12:31:03.764Z","music","3.6","2026-04-15T12:16:20.354Z","69df81943aef5c91ffff0b89","2026-04-15T12:16:20.483000","2026-04-15T12:16:20.483000","service_eb508f39-ce3d-4391-bb12-d4211c02ede9","false"
"1","1","NC-0000000004","1","ST-000133","3.6","2026-03-17T12:31:03.764Z","music","3.6","2026-04-15T12:16:20.177Z","69df8194b801e4d21c247386","2026-04-15T12:16:20.322000","2026-04-15T12:16:20.322000","service_eb508f39-ce3d-4391-bb12-d4211c02ede9","false"
"1","1","NC-0000000004","1","ST-000134","3.6","2026-03-17T12:31:03.764Z","music","3.6","2026-04-15T12:16:20.011Z","69df819443c45fb259b10360","2026-04-15T12:16:20.144000","2026-04-15T12:16:20.144000","service_eb508f39-ce3d-4391-bb12-d4211c02ede9","false"
"1","1","NC-0000000004","1","ST-000080","3.6","2026-03-17T12:31:03.764Z","music","3.6","2026-04-15T12:16:19.824Z","69df8193f63f0f63c6f05149","2026-04-15T12:16:19.975000","2026-04-15T12:16:19.975000","service_eb508f39-ce3d-4391-bb12-d4211c02ede9","false"
"1","1","NC-0000000004","1","ST-000092","3.8","2026-03-17T12:31:03.764Z","music","3.8","2026-04-15T12:16:19.641Z","69df81933b533905f9fb889c","2026-04-15T12:16:19.801000","2026-04-15T12:16:19.801000","service_eb508f39-ce3d-4391-bb12-d4211c02ede9","false"
"1","1","NC-0000000004","1","ST-000110","3.8","2026-03-17T12:31:03.764Z","music","3.8","2026-04-15T12:16:19.483Z","69df81930f50d1b225912ddf","2026-04-15T12:16:19.611000","2026-04-15T12:16:19.611000","service_eb508f39-ce3d-4391-bb12-d4211c02ede9","false"
"1","1","NC-0000000004","1","ST-000112","3.8","2026-03-17T12:31:03.764Z","music","3.8","2026-04-15T12:16:19.337Z","69df81930ce5a5a74316d2b4","2026-04-15T12:16:19.451000","2026-04-15T12:16:19.451000","service_eb508f39-ce3d-4391-bb12-d4211c02ede9","false"
"1","1","NC-0000000004","1","ST-000145","3.8","2026-03-17T12:31:03.764Z","music","3.8","2026-04-15T12:16:19.170Z","69df819386f6effe9b47f9eb","2026-04-15T12:16:19.302000","2026-04-15T12:16:19.302000","service_eb508f39-ce3d-4391-bb12-d4211c02ede9","false"
"1","1","NC-0000000004","1","ST-000019","3.2","2026-03-17T12:49:37.476Z","humour","3.2","2026-04-15T12:16:18.994Z","69df8193d84aeea819844b39","2026-04-15T12:16:19.141000","2026-04-15T12:16:19.141000","service_eb508f39-ce3d-4391-bb12-d4211c02ede9","false"
"1","1","NC-0000000004","1","ST-000018","3.2","2026-03-17T12:49:37.476Z","humour","3.2","2026-04-15T12:16:18.808Z","69df8192969dd453bdd0c964","2026-04-15T12:16:18.958000","2026-04-15T12:16:18.958000","service_eb508f39-ce3d-4391-bb12-d4211c02ede9","false"
"1","1","NC-0000000004","1","ST-000171","3.2","2026-03-17T12:49:37.476Z","humour","3.2","2026-04-15T12:16:18.449Z","69df81924cf92249b18e9c67","2026-04-15T12:16:18.571000","2026-04-15T12:16:18.571000","service_eb508f39-ce3d-4391-bb12-d4211c02ede9","false"
"1","1","NC-0000000004","1","ST-000202","3.2","2026-03-17T12:49:37.476Z","humour","3.2","2026-04-15T12:16:18.279Z","69df8192478b071cb050a9bb","2026-04-15T12:16:18.415000","2026-04-15T12:16:18.415000","service_eb508f39-ce3d-4391-bb12-d4211c02ede9","false"
"1","1","NC-0000000004","1","ST-000207","3.2","2026-03-17T12:49:37.476Z","humour","3.2","2026-04-15T12:16:17.990Z","69df819231f452f31123d834","2026-04-15T12:16:18.152000","2026-04-15T12:16:18.152000","service_eb508f39-ce3d-4391-bb12-d4211c02ede9","false"
"1","1","NC-0000000004","1","ST-000206","3.2","2026-03-17T12:49:37.476Z","humour","3.2","2026-04-15T12:16:17.828Z","69df81912588c907d3814f5e","2026-04-15T12:16:17.956000","2026-04-15T12:16:17.956000","service_eb508f39-ce3d-4391-bb12-d4211c02ede9","false"
"1","1","NC-0000000004","1","ST-000205","3.2","2026-03-17T12:49:37.476Z","humour","3.2","2026-04-15T12:16:17.662Z","69df81919bdab96f8b774b65","2026-04-15T12:16:17.799000","2026-04-15T12:16:17.799000","service_eb508f39-ce3d-4391-bb12-d4211c02ede9","false"
"1","1","NC-0000000004","1","ST-000204","3.2","2026-03-17T12:49:37.476Z","humour","3.2","2026-04-15T12:16:17.500Z","69df8191470e88ce7d243bf4","2026-04-15T12:16:17.628000","2026-04-15T12:16:17.628000","service_eb508f39-ce3d-4391-bb12-d4211c02ede9","false"
"1","1","NC-0000000004","1","ST-000211","3.2","2026-03-17T12:49:37.476Z","humour","3.2","2026-04-15T12:16:17.332Z","69df8191936b7345563f9294","2026-04-15T12:16:17.456000","2026-04-15T12:16:17.456000","service_eb508f39-ce3d-4391-bb12-d4211c02ede9","false"
"1","1","NC-0000000004","1","ST-000210","3.2","2026-03-17T12:49:37.476Z","humour","3.2","2026-04-15T12:16:17.142Z","69df81913f989c897dc9197a","2026-04-15T12:16:17.284000","2026-04-15T12:16:17.284000","service_eb508f39-ce3d-4391-bb12-d4211c02ede9","false"
"1","1","NC-0000000004","1","ST-000209","3.2","2026-03-17T12:49:37.476Z","humour","3.2","2026-04-15T12:16:16.955Z","69df81916a204263d330c412","2026-04-15T12:16:17.100000","2026-04-15T12:16:17.100000","service_eb508f39-ce3d-4391-bb12-d4211c02ede9","false"
"1","1","NC-0000000004","1","ST-000200","3.2","2026-03-17T12:49:37.476Z","humour","3.2","2026-04-15T12:16:16.804Z","69df819037cf523e6281ef41","2026-04-15T12:16:16.919000","2026-04-15T12:16:16.919000","service_eb508f39-ce3d-4391-bb12-d4211c02ede9","false"
"1","1","NC-0000000004","1","ST-000133","3.2","2026-03-17T12:49:37.476Z","humour","3.2","2026-04-15T12:16:16.642Z","69df8190c1915c0ba18ea6d7","2026-04-15T12:16:16.771000","2026-04-15T12:16:16.771000","service_eb508f39-ce3d-4391-bb12-d4211c02ede9","false"
"1","1","NC-0000000004","1","ST-000134","3.2","2026-03-17T12:49:37.476Z","humour","3.2","2026-04-15T12:16:16.474Z","69df8190977397052cea016d","2026-04-15T12:16:16.609000","2026-04-15T12:16:16.609000","service_eb508f39-ce3d-4391-bb12-d4211c02ede9","false"
"1","1","NC-0000000004","1","ST-000080","3.2","2026-03-17T12:49:37.476Z","humour","3.2","2026-04-15T12:16:16.296Z","69df8190ccffcddf31f4246e","2026-04-15T12:16:16.442000","2026-04-15T12:16:16.442000","service_eb508f39-ce3d-4391-bb12-d4211c02ede9","false"
"1","2","NC-0000000004","2","ST-000091","3.5","2026-03-17T12:49:37.476Z","music","7","2026-04-15T12:16:16.100Z","69df8190beb79ecae8aee300","2026-04-15T12:16:16.265000","2026-04-15T12:16:16.265000","service_eb508f39-ce3d-4391-bb12-d4211c02ede9","false"
"1","2","NC-0000000004","2","ST-000144","3.5","2026-03-17T12:49:37.476Z","music","7","2026-04-15T12:16:15.920Z","69df81901d0a8ec6ba2a71aa","2026-04-15T12:16:16.071000","2026-04-15T12:16:16.071000","service_eb508f39-ce3d-4391-bb12-d4211c02ede9","false"
"1","1","NC-0000000165","1","ST-000091","3.2","2026-03-17T13:55:55.198Z","music","3.2","2026-04-15T12:16:15.550Z","69df818f2fc07cc515ba898e","2026-04-15T12:16:15.683000","2026-04-15T12:16:15.683000","service_eb508f39-ce3d-4391-bb12-d4211c02ede9","false"
"1","1","NC-0000000165","1","ST-000092","3.2","2026-03-17T13:55:55.198Z","music","3.2","2026-04-15T12:16:15.400Z","69df818f8477b47c3cd65052","2026-04-15T12:16:15.516000","2026-04-15T12:16:15.516000","service_eb508f39-ce3d-4391-bb12-d4211c02ede9","false"
"1","1","NC-0000000165","1","ST-000110","3.2","2026-03-17T13:55:55.198Z","music","3.2","2026-04-15T12:16:15.224Z","69df818f579e5a3184e1f20d","2026-04-15T12:16:15.340000","2026-04-15T12:16:15.340000","service_eb508f39-ce3d-4391-bb12-d4211c02ede9","false"
"1","1","NC-0000000165","1","ST-000112","3.2","2026-03-17T13:55:55.198Z","music","3.2","2026-04-15T12:16:15.060Z","69df818f3aef5c91ffff0b88","2026-04-15T12:16:15.190000","2026-04-15T12:16:15.190000","service_eb508f39-ce3d-4391-bb12-d4211c02ede9","false"
"1","1","NC-0000000165","1","ST-000144","3.2","2026-03-17T13:55:55.198Z","music","3.2","2026-04-15T12:16:14.895Z","69df818f2e6459277c99aac0","2026-04-15T12:16:15.025000","2026-04-15T12:16:15.025000","service_eb508f39-ce3d-4391-bb12-d4211c02ede9","false"
"1","1","NC-0000000165","1","ST-000145","3.2","2026-03-17T13:55:55.198Z","music","3.2","2026-04-15T12:16:14.688Z","69df818e1e2991afedf0c32a","2026-04-15T12:16:14.862000","2026-04-15T12:16:14.862000","service_eb508f39-ce3d-4391-bb12-d4211c02ede9","false"
"1","1","NC-0000000165","1","ST-000174","4.2","2026-03-17T13:55:55.198Z","music","4.2","2026-04-15T12:16:14.507Z","69df818efa74061e3bc6edf8","2026-04-15T12:16:14.656000","2026-04-15T12:16:14.656000","service_eb508f39-ce3d-4391-bb12-d4211c02ede9","false"
"1","1","NC-0000000165","1","ST-000158","4.2","2026-03-17T13:55:55.198Z","music","4.2","2026-04-15T12:16:14.229Z","69df818e17731ef796d871c3","2026-04-15T12:16:14.446000","2026-04-15T12:16:14.446000","service_eb508f39-ce3d-4391-bb12-d4211c02ede9","false"
"1","1","NC-0000000165","1","ST-000207","4.2","2026-03-17T13:55:55.198Z","music","4.2","2026-04-15T12:16:14.051Z","69df818e1914c36a707fd29d","2026-04-15T12:16:14.199000","2026-04-15T12:16:14.199000","service_eb508f39-ce3d-4391-bb12-d4211c02ede9","false"
"1","1","NC-0000000165","1","ST-000204","4.2","2026-03-17T13:55:55.198Z","music","4.2","2026-04-15T12:16:13.866Z","69df818d96eeea89eb3f51f4","2026-04-15T12:16:13.995000","2026-04-15T12:16:13.995000","service_eb508f39-ce3d-4391-bb12-d4211c02ede9","false"
"1","1","NC-0000000165","1","ST-000184","4.2","2026-03-17T13:55:55.198Z","music","4.2","2026-04-15T12:16:13.664Z","69df818ded01c04d97137725","2026-04-15T12:16:13.813000","2026-04-15T12:16:13.813000","service_eb508f39-ce3d-4391-bb12-d4211c02ede9","false"
"1","1","NC-0000000165","1","ST-000183","4.2","2026-03-17T13:55:55.198Z","music","4.2","2026-04-15T12:16:13.485Z","69df818d19811caba46b5f06","2026-04-15T12:16:13.628000","2026-04-15T12:16:13.628000","service_eb508f39-ce3d-4391-bb12-d4211c02ede9","false"
"1","1","NC-0000000165","1","ST-000182","4.2","2026-03-17T13:55:55.198Z","music","4.2","2026-04-15T12:16:13.301Z","69df818ddd272c33458f38b3","2026-04-15T12:16:13.430000","2026-04-15T12:16:13.430000","service_eb508f39-ce3d-4391-bb12-d4211c02ede9","false"
"1","1","NC-0000000165","1","ST-000168","4.2","2026-03-17T13:55:55.198Z","music","4.2","2026-04-15T12:16:13.126Z","69df818d4c5f079d4212ed9f","2026-04-15T12:16:13.267000","2026-04-15T12:16:13.267000","service_eb508f39-ce3d-4391-bb12-d4211c02ede9","false"
"1","1","NC-0000000165","1","ST-000169","4.2","2026-03-17T13:55:55.198Z","music","4.2","2026-04-15T12:16:12.954Z","69df818d669616a1bc81246f","2026-04-15T12:16:13.088000","2026-04-15T12:16:13.088000","service_eb508f39-ce3d-4391-bb12-d4211c02ede9","false"
"1","1","NC-0000000165","1","ST-000170","4.2","2026-03-17T13:55:55.198Z","music","4.2","2026-04-15T12:16:12.600Z","69df818cdca5eff15ef8e046","2026-04-15T12:16:12.718000","2026-04-15T12:16:12.718000","service_eb508f39-ce3d-4391-bb12-d4211c02ede9","false"
"1","1","NC-0000000165","1","ST-000171","4.2","2026-03-17T13:55:55.198Z","music","4.2","2026-04-15T12:16:12.435Z","69df818cdb6f9dedb47018ce","2026-04-15T12:16:12.570000","2026-04-15T12:16:12.570000","service_eb508f39-ce3d-4391-bb12-d4211c02ede9","false"
"1","1","NC-0000000165","1","ST-000018","4.2","2026-03-17T13:55:55.198Z","music","4.2","2026-04-15T12:16:12.213Z","69df818c2c82758f72a76997","2026-04-15T12:16:12.403000","2026-04-15T12:16:12.403000","service_eb508f39-ce3d-4391-bb12-d4211c02ede9","false"
"1","2","NC-0000000196","1","ST-000141","4.1","2026-03-17T17:09:25.182Z","music","8.2","2026-04-15T12:16:12.032Z","69df818c5e505a5041b60021","2026-04-15T12:16:12.177000","2026-04-15T12:16:12.177000","service_eb508f39-ce3d-4391-bb12-d4211c02ede9","false"
"1","2","NC-0000000196","1","ST-000074","4.300000000000001","2026-03-17T17:09:25.182Z","music","8.600000000000001","2026-04-15T12:16:11.872Z","69df818ceff4725de4553740","2026-04-15T12:16:12.003000","2026-04-15T12:16:12.003000","service_eb508f39-ce3d-4391-bb12-d4211c02ede9","false"
"1","2","NC-0000000196","1","ST-000129","4.2","2026-03-17T17:09:25.182Z","music","8.4","2026-04-15T12:16:11.680Z","69df818b3924cff805e82bcb","2026-04-15T12:16:11.813000","2026-04-15T12:16:11.813000","service_eb508f39-ce3d-4391-bb12-d4211c02ede9","false"
"1","2","NC-0000000301","1","ST-000141","3.9","2026-03-17T17:17:47.427Z","music","7.8","2026-04-15T12:16:11.524Z","69df818bca1e5529265a808c","2026-04-15T12:16:11.640000","2026-04-15T12:16:11.640000","service_eb508f39-ce3d-4391-bb12-d4211c02ede9","false"
"1","2","NC-0000000301","1","ST-000076","3.9","2026-03-17T17:17:47.427Z","music","7.8","2026-04-15T12:16:11.349Z","69df818b5cb613b32c90d2d2","2026-04-15T12:16:11.493000","2026-04-15T12:16:11.493000","service_eb508f39-ce3d-4391-bb12-d4211c02ede9","false"
"1","2","NC-0000000301","1","ST-000074","3.5","2026-03-17T17:17:47.427Z","music","7","2026-04-15T12:16:11.180Z","69df818b5a8b33e8d104d41e","2026-04-15T12:16:11.316000","2026-04-15T12:16:11.316000","service_eb508f39-ce3d-4391-bb12-d4211c02ede9","false"
"1","2","NC-0000000301","1","ST-000129","3.4","2026-03-17T17:17:47.427Z","music","6.8","2026-04-15T12:16:11.011Z","69df818bdacedaafcefc7872","2026-04-15T12:16:11.149000","2026-04-15T12:16:11.149000","service_eb508f39-ce3d-4391-bb12-d4211c02ede9","false"
"1","2","NC-0000000302","1","UNKNOWN","4.1","2026-03-17T23:41:25.102Z","humour","8.2","2026-04-15T12:16:10.845Z","69df818ac50beab5a7c2d977","2026-04-15T12:16:10.978000","2026-04-15T12:16:10.978000","service_eb508f39-ce3d-4391-bb12-d4211c02ede9","false"
"1","2","NC-0000000302","1","ST-000103","4","2026-03-17T23:41:25.102Z","music","8","2026-04-15T12:16:10.678Z","69df818ab5d44ee8840813b1","2026-04-15T12:16:10.814000","2026-04-15T12:16:10.814000","service_eb508f39-ce3d-4391-bb12-d4211c02ede9","false"
"1","2","NC-0000000302","1","ST-000077","4","2026-03-17T23:41:25.102Z","music","8","2026-04-15T12:16:10.510Z","69df818ad647446639f2dd80","2026-04-15T12:16:10.650000","2026-04-15T12:16:10.650000","service_eb508f39-ce3d-4391-bb12-d4211c02ede9","false"
"1","1","NC-0000000053","1","ST-000074","3.8","2026-03-18T12:46:13.315Z","music","3.8","2026-04-15T12:16:10.338Z","69df818afe70fa1145785f90","2026-04-15T12:16:10.473000","2026-04-15T12:16:10.473000","service_eb508f39-ce3d-4391-bb12-d4211c02ede9","false"
"1","1","NC-0000000053","1","ST-000077","4.2","2026-03-18T12:46:13.315Z","music","4.2","2026-04-15T12:16:10.184Z","69df818ab2d96b8d8f502589","2026-04-15T12:16:10.305000","2026-04-15T12:16:10.305000","service_eb508f39-ce3d-4391-bb12-d4211c02ede9","false"
"1","1","NC-0000000129","1","ST-000038","2","2026-03-18T13:42:49.469Z","music","2","2026-04-15T12:16:09.773Z","69df81894037d10d45fb9c28","2026-04-15T12:16:09.950000","2026-04-15T12:16:09.950000","service_eb508f39-ce3d-4391-bb12-d4211c02ede9","false"
"1","1","NC-0000000129","1","ST-000074","3","2026-03-18T13:42:49.469Z","music","3","2026-04-15T12:16:09.615Z","69df81896fc3ebf794cb3eb5","2026-04-15T12:16:09.738000","2026-04-15T12:16:09.738000","service_eb508f39-ce3d-4391-bb12-d4211c02ede9","false"
"1","1","NC-0000000129","1","ST-000088","3","2026-03-18T13:42:49.469Z","music","3","2026-04-15T12:16:09.461Z","69df818996a260db758da485","2026-04-15T12:16:09.582000","2026-04-15T12:16:09.582000","service_eb508f39-ce3d-4391-bb12-d4211c02ede9","false"
"1","1","NC-0000000129","1","ST-000165","3","2026-03-18T13:42:49.469Z","music","3","2026-04-15T12:16:09.276Z","69df81898bb98857647391fd","2026-04-15T12:16:09.422000","2026-04-15T12:16:09.422000","service_eb508f39-ce3d-4391-bb12-d4211c02ede9","false"
"1","1","NC-0000000177","1","ST-000038","3.4","2026-03-24T14:25:55.769Z","music","3.4","2026-04-15T12:16:09.099Z","69df818919811caba46b5f04","2026-04-15T12:16:09.246000","2026-04-15T12:16:09.246000","service_eb508f39-ce3d-4391-bb12-d4211c02ede9","false"
"1","3","NC-0000000177","2","ST-000088","3.1333333333333333","2026-03-24T14:52:54.585Z","music","9.4","2026-04-15T12:16:08.944Z","69df8189c9053bc30bca3c65","2026-04-15T12:16:09.067000","2026-04-15T12:16:09.067000","service_eb508f39-ce3d-4391-bb12-d4211c02ede9","false"
"1","3","NC-0000000177","2","ST-000165","3.1333333333333333","2026-03-24T14:52:54.585Z","music","9.4","2026-04-15T12:16:08.761Z","69df81880eff2e31cb720183","2026-04-15T12:16:08.910000","2026-04-15T12:16:08.910000","service_eb508f39-ce3d-4391-bb12-d4211c02ede9","false"
"2","4","NC-0000000177","3","ST-000074","3.5999999999999996","2026-03-24T14:52:54.585Z","music","14.399999999999999","2026-04-15T12:16:08.580Z","69df8188cffebb4f0afb8935","2026-04-15T12:16:08.728000","2026-04-15T12:16:08.728000","service_eb508f39-ce3d-4391-bb12-d4211c02ede9","false"
"1","2","NC-0000000177","1","ST-000100","3","2026-03-24T14:52:54.585Z","music","6","2026-04-15T12:16:08.407Z","69df8188f0948af0b47000ea","2026-04-15T12:16:08.552000","2026-04-15T12:16:08.552000","service_eb508f39-ce3d-4391-bb12-d4211c02ede9","false"
"1","1","NC-0000000204","1","ST-000103","4.2","2026-03-24T15:33:21.820Z","music","4.2","2026-04-15T12:16:08.251Z","69df81887685182d0f43d93a","2026-04-15T12:16:08.370000","2026-04-15T12:16:08.370000","service_eb508f39-ce3d-4391-bb12-d4211c02ede9","false"
"1","1","NC-0000000204","1","ST-000217","3.2","2026-03-24T15:38:07.042Z","music","3.2","2026-04-15T12:16:08.077Z","69df81886652d0550b7058ed","2026-04-15T12:16:08.220000","2026-04-15T12:16:08.221000","service_eb508f39-ce3d-4391-bb12-d4211c02ede9","false"
"1","1","NC-0000000204","1","ST-000100","3.2","2026-03-24T15:38:07.042Z","music","3.2","2026-04-15T12:16:07.922Z","69df8188d1bb5839994efa81","2026-04-15T12:16:08.050000","2026-04-15T12:16:08.050000","service_eb508f39-ce3d-4391-bb12-d4211c02ede9","false"
"2","6","NC-0000000204","6","ST-000074","3.233333333333333","2026-03-24T15:39:29.532Z","music","19.4","2026-04-15T12:16:07.734Z","69df818725206e6cd6567099","2026-04-15T12:16:07.858000","2026-04-15T12:16:07.858000","service_eb508f39-ce3d-4391-bb12-d4211c02ede9","false"
"1","2","NC-0000000204","2","ST-000088","3.6","2026-03-24T15:39:29.532Z","music","7.2","2026-04-15T12:16:07.515Z","69df8187d1bb5839994efa80","2026-04-15T12:16:07.669000","2026-04-15T12:16:07.669000","service_eb508f39-ce3d-4391-bb12-d4211c02ede9","false"
"2","4","NC-0000000204","4","ST-000165","3.6","2026-03-24T15:39:29.532Z","music","14.4","2026-04-15T12:16:07.315Z","69df81875e2aeff1ebbe2686","2026-04-15T12:16:07.483000","2026-04-15T12:16:07.483000","service_eb508f39-ce3d-4391-bb12-d4211c02ede9","false"
"1","1","NC-0000000095","1","ST-000165","4.2","2026-03-28T13:11:51.088Z","music","4.2","2026-04-15T12:16:06.942Z","69df8187cd4c7a2a0d830de0","2026-04-15T12:16:07.073000","2026-04-15T12:16:07.073000","service_eb508f39-ce3d-4391-bb12-d4211c02ede9","false"
"2","3","NC-0000000095","3","ST-000074","4.4","2026-04-06T20:43:22.091Z","music","13.200000000000001","2026-04-15T12:16:06.758Z","69df818668eaa40762e74718","2026-04-15T12:16:06.907000","2026-04-15T12:16:06.907000","service_eb508f39-ce3d-4391-bb12-d4211c02ede9","false"
"2","2","NC-0000000050","2","ST-000074","3.8000000000000003","2026-03-28T13:41:46.300Z","music","7.6000000000000005","2026-04-15T12:16:06.586Z","69df8186dad2974b9d4b7206","2026-04-15T12:16:06.727000","2026-04-15T12:16:06.727000","service_eb508f39-ce3d-4391-bb12-d4211c02ede9","false"
"1","1","NC-0000000050","1","ST-000088","4.4","2026-03-28T13:41:46.300Z","music","4.4","2026-04-15T12:16:06.434Z","69df81864ff99150e0be5c64","2026-04-15T12:16:06.557000","2026-04-15T12:16:06.557000","service_eb508f39-ce3d-4391-bb12-d4211c02ede9","false"
"1","1","NC-0000000050","1","ST-000165","4.4","2026-03-28T13:41:46.300Z","music","4.4","2026-04-15T12:16:06.266Z","69df81868fce24b4346bf0ca","2026-04-15T12:16:06.399000","2026-04-15T12:16:06.399000","service_eb508f39-ce3d-4391-bb12-d4211c02ede9","false"
"1","1","NC-0000000049","1","ST-000141","3.8","2026-03-28T13:23:11.336Z","music","3.8","2026-04-15T12:16:06.088Z","69df818668cde86c00ac7f49","2026-04-15T12:16:06.233000","2026-04-15T12:16:06.233000","service_eb508f39-ce3d-4391-bb12-d4211c02ede9","false"
"1","1","NC-0000000049","1","ST-000103","4.6","2026-03-28T13:23:11.336Z","music","4.6","2026-04-15T12:16:05.902Z","69df818625206e6cd6567098","2026-04-15T12:16:06.039000","2026-04-15T12:16:06.039000","service_eb508f39-ce3d-4391-bb12-d4211c02ede9","false"
"1","1","NC-0000000156","1","ST-000092","4.4","2026-03-29T01:51:03.930Z","music","4.4","2026-04-15T12:16:05.715Z","69df81852ecdb044cae4d084","2026-04-15T12:16:05.871000","2026-04-15T12:16:05.871000","service_eb508f39-ce3d-4391-bb12-d4211c02ede9","false"
"1","1","NC-0000000156","1","ST-000100","4.8","2026-03-29T01:51:03.930Z","music","4.8","2026-04-15T12:16:05.559Z","69df8185526c426f94a309d0","2026-04-15T12:16:05.681000","2026-04-15T12:16:05.681000","service_eb508f39-ce3d-4391-bb12-d4211c02ede9","false"
"1","1","NC-0000000123","1","ST-000038","4.6","2026-03-30T22:34:32.018Z","music","4.6","2026-04-15T12:16:05.380Z","69df8185c27d3ced6bbdd7a2","2026-04-15T12:16:05.524000","2026-04-15T12:16:05.524000","service_eb508f39-ce3d-4391-bb12-d4211c02ede9","false"
"1","1","NC-0000000123","1","ST-000155","3","2026-03-30T22:34:32.018Z","humour","3","2026-04-15T12:16:05.214Z","69df8185d6dafcd36572a450","2026-04-15T12:16:05.346000","2026-04-15T12:16:05.346000","service_eb508f39-ce3d-4391-bb12-d4211c02ede9","false"
"1","1","NC-0000000123","1","ST-000219","3","2026-03-30T22:34:32.018Z","humour","3","2026-04-15T12:16:05.058Z","69df8185b70497b9e72fae8e","2026-04-15T12:16:05.183000","2026-04-15T12:16:05.183000","service_eb508f39-ce3d-4391-bb12-d4211c02ede9","false"
"1","1","NC-0000000123","1","ST-000007","3","2026-03-30T22:34:32.018Z","humour","3","2026-04-15T12:16:04.884Z","69df8185ae49517f1bbd120a","2026-04-15T12:16:05.024000","2026-04-15T12:16:05.024000","service_eb508f39-ce3d-4391-bb12-d4211c02ede9","false"
"1","1","NC-0000000123","1","ST-000013","3","2026-03-30T22:34:32.018Z","humour","3","2026-04-15T12:16:04.726Z","69df818401aebfe4be947f8b","2026-04-15T12:16:04.836000","2026-04-15T12:16:04.836000","service_eb508f39-ce3d-4391-bb12-d4211c02ede9","false"
"1","1","NC-0000000123","1","ST-000009","3","2026-03-30T22:34:32.018Z","humour","3","2026-04-15T12:16:04.536Z","69df81842219daaf1cf526f2","2026-04-15T12:16:04.689000","2026-04-15T12:16:04.689000","service_eb508f39-ce3d-4391-bb12-d4211c02ede9","false"
"1","1","NC-0000000123","1","ST-000032","3","2026-03-30T22:34:32.018Z","humour","3","2026-04-15T12:16:04.161Z","69df818486d92be0e2d578f2","2026-04-15T12:16:04.296000","2026-04-15T12:16:04.296000","service_eb508f39-ce3d-4391-bb12-d4211c02ede9","false"
"1","1","NC-0000000035","1","ST-000239","5","2026-04-01T15:27:27.815Z","music","5","2026-04-15T12:16:04.009Z","69df81840b7e32ade97c53da","2026-04-15T12:16:04.124000","2026-04-15T12:16:04.124000","service_eb508f39-ce3d-4391-bb12-d4211c02ede9","false"
"1","1","NC-0000000035","1","ST-000042","5","2026-04-01T15:27:27.815Z","music","5","2026-04-15T12:16:03.843Z","69df818353a021a3990cd1f8","2026-04-15T12:16:03.974000","2026-04-15T12:16:03.974000","service_eb508f39-ce3d-4391-bb12-d4211c02ede9","false"
"1","1","NC-0000000105","1","ST-000239","3.8","2026-04-01T18:24:59.918Z","music","3.8","2026-04-15T12:16:03.675Z","69df818368f76ed13ea47ab0","2026-04-15T12:16:03.798000","2026-04-15T12:16:03.798000","service_eb508f39-ce3d-4391-bb12-d4211c02ede9","false"
"1","1","NC-0000000105","1","ST-000074","3.2","2026-04-01T18:24:59.918Z","music","3.2","2026-04-15T12:16:03.521Z","69df8183d714f20caf49a7d2","2026-04-15T12:16:03.635000","2026-04-15T12:16:03.635000","service_eb508f39-ce3d-4391-bb12-d4211c02ede9","false"
"1","1","NC-0000000130","1","UNKNOWN","3.6","2026-04-02T21:43:19.020Z","art","3.6","2026-04-15T12:16:03.366Z","69df8183773ab636c5461a6f","2026-04-15T12:16:03.493000","2026-04-15T12:16:03.493000","service_eb508f39-ce3d-4391-bb12-d4211c02ede9","false"
"3","4","NC-0000000095","4","UNKNOWN","4.3","2026-04-04T10:51:05.129Z","music","17.2","2026-04-15T12:16:03.191Z","69df818306233fc9de94cc56","2026-04-15T12:16:03.337000","2026-04-15T12:16:03.337000","service_eb508f39-ce3d-4391-bb12-d4211c02ede9","false"
"1","2","NC-0000000165","8","ST-000088","4.6","2026-04-24T13:53:03.086Z","music","9.2","2026-04-24T13:53:03.086Z","69df81832720412dd8e701cf","2026-04-15T12:16:03.158000","2026-04-24T13:53:04.780000","service_eb508f39-ce3d-4391-bb12-d4211c02ede9","false"
"1","1","NC-0000000165","1","ST-000165","4.6","2026-04-03T11:11:02.209000","music","4.6","2026-04-15T12:16:02.873Z","69df8182565ba6798a7132bc","2026-04-15T12:16:02.999000","2026-04-15T12:16:02.999000","service_eb508f39-ce3d-4391-bb12-d4211c02ede9","false"
"2","2","NC-0000000165","12","ST-000074","4.699999999999999","2026-04-24T13:59:01.252Z","music","9.399999999999999","2026-04-24T13:59:01.252Z","69df8182935afcce2514e44b","2026-04-15T12:16:02.833000","2026-04-24T13:59:02.930000","service_eb508f39-ce3d-4391-bb12-d4211c02ede9","false"
"2","18","NC-0000000165","18","ST-000165","4.766666666666666","2026-04-22T12:24:22.310Z","humour","85.79999999999998","2026-04-22T12:24:22.310Z","69df818296eeea89eb3f51ec","2026-04-15T12:16:02.661000","2026-04-22T12:24:24.497000","service_eb508f39-ce3d-4391-bb12-d4211c02ede9","false"
"4","10","NC-0000000165","7","UNKNOWN","4.680000000000001","2026-04-07T13:54:00.372Z","humour","46.800000000000004","2026-04-15T12:16:02.360Z","69df8182eff4725de455373e","2026-04-15T12:16:02.499000","2026-04-15T12:16:02.499000","service_eb508f39-ce3d-4391-bb12-d4211c02ede9","false"
"1","1","NC-0000000101","1","ST-000038","5","2026-04-08T18:12:52.048Z","music","5","2026-04-15T12:16:02.134Z","69df818286081e924b1ee95a","2026-04-15T12:16:02.318000","2026-04-15T12:16:02.318000","service_eb508f39-ce3d-4391-bb12-d4211c02ede9","false"
"1","1","NC-0000000101","1","ST-000017","4.8","2026-04-08T18:12:52.048Z","music","4.8","2026-04-15T12:16:01.980Z","69df81827ebad460d7e923b7","2026-04-15T12:16:02.105000","2026-04-15T12:16:02.105000","service_eb508f39-ce3d-4391-bb12-d4211c02ede9","false"
"1","1","NC-0000000101","1","ST-000244","4.8","2026-04-08T18:12:52.048Z","music","4.8","2026-04-15T12:16:01.762Z","69df8181cee58fd247f2d168","2026-04-15T12:16:01.938000","2026-04-15T12:16:01.938000","service_eb508f39-ce3d-4391-bb12-d4211c02ede9","false"
"1","1","NC-0000000005","1","ST-000165","4.8","2026-04-09T21:08:48.063Z","humour","4.8","2026-04-15T12:16:01.380Z","69df8181579e5a3184e1f208","2026-04-15T12:16:01.523000","2026-04-15T12:16:01.523000","service_eb508f39-ce3d-4391-bb12-d4211c02ede9","false"
"1","2","NC-0000000160","1","ST-000165","4.6","2026-04-09T21:22:03.428Z","humour","9.2","2026-04-15T12:16:01.223Z","69df8181b335adec6c2278a9","2026-04-15T12:16:01.351000","2026-04-15T12:16:01.351000","service_eb508f39-ce3d-4391-bb12-d4211c02ede9","false"
"1","2","NC-0000000166","1","ST-000165","2.8","2026-04-09T21:36:07.332Z","humour","5.6","2026-04-15T12:16:01.062Z","69df818139f6423774505607","2026-04-15T12:16:01.191000","2026-04-15T12:16:01.191000","service_eb508f39-ce3d-4391-bb12-d4211c02ede9","false"
"1","2","NC-0000000054","1","ST-000165","4.2","2026-04-10T12:19:59.065Z","humour","8.4","2026-04-15T12:16:00.892Z","69df81816444084daf4870bf","2026-04-15T12:16:01.032000","2026-04-15T12:16:01.032000","service_eb508f39-ce3d-4391-bb12-d4211c02ede9","false"
"1","2","NC-0000000144","1","UNKNOWN","3.5","2026-04-15T11:55:14.101Z","art","7","2026-04-15T12:16:00.732Z","69df81809a150334b29beea6","2026-04-15T12:16:00.849000","2026-04-15T12:16:00.849000","service_eb508f39-ce3d-4391-bb12-d4211c02ede9","false"
"1","2","NC-0000000144","1","ST-000165","3.5","2026-04-15T11:55:14.101Z","humour","7","2026-04-15T12:16:00.576Z","69df8180dc2145a8da9f9bbe","2026-04-15T12:16:00.700000","2026-04-15T12:16:00.700000","service_eb508f39-ce3d-4391-bb12-d4211c02ede9","false"
"2","4","NC-0000000133","2","UNKNOWN","4.1","2026-04-14T12:04:46.894Z","video","16.4","2026-04-15T12:16:00.381Z","69df8180717de80b56b95b95","2026-04-15T12:16:00.544000","2026-04-15T12:16:00.544000","service_eb508f39-ce3d-4391-bb12-d4211c02ede9","false"
"1","1","NC-0000000200","1","ST-000217","2.8","2026-04-14T13:56:00.951Z","video","2.8","2026-04-15T12:16:00.215Z","69df81801226b52d6641300d","2026-04-15T12:16:00.339000","2026-04-15T12:16:00.339000","service_eb508f39-ce3d-4391-bb12-d4211c02ede9","false"
"1","1","NC-0000000086","1","ST-000192","4.2","2026-04-15T12:01:48.726Z","art","4.2","2026-04-15T12:16:00.062Z","69df81807bb8821a61d2bce2","2026-04-15T12:16:00.174000","2026-04-15T12:16:00.174000","service_eb508f39-ce3d-4391-bb12-d4211c02ede9","false"
"1","1","NC-0000000086","1","UNKNOWN","4.2","2026-04-15T12:01:48.726Z","art","4.2","2026-04-15T12:15:59.898Z","69df818034c1e0a7916ddbbf","2026-04-15T12:16:00.032000","2026-04-15T12:16:00.032000","service_eb508f39-ce3d-4391-bb12-d4211c02ede9","false"
"1","3","NC-0000000058","1","ST-000217","4.266666666666667","2026-04-14T11:55:21.576Z","video","12.8","2026-04-15T12:15:59.715Z","69df817fac17af9c9f3d7948","2026-04-15T12:15:59.861000","2026-04-15T12:15:59.861000","service_eb508f39-ce3d-4391-bb12-d4211c02ede9","false"
"1","2","NC-0000000058","1","UNKNOWN","4.4","2026-04-14T11:55:21.576Z","video","8.8","2026-04-15T12:15:59.566Z","69df817f6d97340f872c501b","2026-04-15T12:15:59.685000","2026-04-15T12:15:59.685000","service_eb508f39-ce3d-4391-bb12-d4211c02ede9","false"
"2","4","NC-0000000100","2","UNKNOWN","3.9000000000000004","2026-04-14T12:11:20.063Z","humour","15.600000000000001","2026-04-15T12:15:59.416Z","69df817fdd272c33458f38ad","2026-04-15T12:15:59.534000","2026-04-15T12:15:59.534000","service_eb508f39-ce3d-4391-bb12-d4211c02ede9","false"
"1","1","NC-0000000100","1","ST-000165","3.6","2026-04-14T12:11:20.063Z","humour","3.6","2026-04-15T12:15:59.251Z","69df817fefb852493335a27f","2026-04-15T12:15:59.382000","2026-04-15T12:15:59.382000","service_eb508f39-ce3d-4391-bb12-d4211c02ede9","false"
"2","9","NC-0000000014","2","UNKNOWN","4.066666666666666","2026-04-14T13:53:05.787Z","humour","36.599999999999994","2026-04-15T12:15:59.055Z","69df817fd78b42bb1d0b96e7","2026-04-15T12:15:59.196000","2026-04-15T12:15:59.196000","service_eb508f39-ce3d-4391-bb12-d4211c02ede9","false"
"0","0","NC-0000000086","2","ST-000192","0","2026-04-15T12:01:54.395Z","music","0","2026-04-15T12:01:54.395Z","69df7e31af4ffafeb44e2e0a","2026-04-15T12:01:53.714000","2026-04-15T12:01:55.600000","service_eb508f39-ce3d-4391-bb12-d4211c02ede9","false"
"0","0","NC-0000000144","2","ST-000165","0","2026-04-15T11:55:19.524Z","humour","0","2026-04-15T11:55:48.113Z","69df7ca50aa0d839a74565d6","2026-04-15T11:55:17.246000","2026-04-15T11:55:48.916000","service_eb508f39-ce3d-4391-bb12-d4211c02ede9","false"
"0","0","NC-0000000200","2","ST-000217","0","2026-04-14T13:56:04.447Z","video","0","2026-04-14T13:56:04.447Z","69de47738725c60325df6186","2026-04-14T13:56:03.816000","2026-04-14T13:56:05.705000","service_eb508f39-ce3d-4391-bb12-d4211c02ede9","false"
"0","0","NC-0000000100","2","ST-000165","0","2026-04-14T12:11:28.714Z","humour","0","2026-04-14T12:11:28.714Z","69de2eec00469b101572f7d5","2026-04-14T12:11:24.726000","2026-04-14T12:11:30.023000","service_eb508f39-ce3d-4391-bb12-d4211c02ede9","false"
"0","0","NC-0000000058","2","ST-000217","0","2026-04-14T11:55:27.833Z","video","0","2026-04-14T11:55:27.833Z","69de2b2ec5aa3027825553a0","2026-04-14T11:55:26.771000","2026-04-14T11:55:29.028000","service_eb508f39-ce3d-4391-bb12-d4211c02ede9","false"
"0","0","NC-0000000052","2","ST-000103","0","2026-04-10T17:22:05.755Z","music","0","2026-04-10T17:22:05.755Z","69d931bc49aac8d23400b7a8","2026-04-10T17:22:04.671000","2026-04-10T17:22:09.187000","service_eb508f39-ce3d-4391-bb12-d4211c02ede9","false"
"0","0","NC-0000000052","2","ST-000077","0","2026-04-10T17:22:05.755Z","music","0","2026-04-10T17:22:05.755Z","69d931bcb33c43e992271bd7","2026-04-10T17:22:04.136000","2026-04-10T17:22:08.674000","service_eb508f39-ce3d-4391-bb12-d4211c02ede9","false"
"0","0","NC-0000000052","2","ST-000074","0","2026-04-10T17:22:05.755Z","music","0","2026-04-10T17:22:05.755Z","69d931b98e8dd2d2f7d39c57","2026-04-10T17:22:01.458000","2026-04-10T17:22:08.214000","service_eb508f39-ce3d-4391-bb12-d4211c02ede9","false"
"0","0","NC-0000000052","2","ST-000088","0","2026-04-10T17:22:05.755Z","music","0","2026-04-10T17:22:05.755Z","69d931b8a5b274a03c9da82c","2026-04-10T17:22:00.923000","2026-04-10T17:22:07.722000","service_eb508f39-ce3d-4391-bb12-d4211c02ede9","false"
"0","0","NC-0000000054","2","ST-000165","0","2026-04-10T12:20:03.420Z","humour","0","2026-04-10T12:20:30.188Z","69d8eaf273a2ff6336dc819f","2026-04-10T12:20:02.531000","2026-04-10T12:20:30.949000","service_eb508f39-ce3d-4391-bb12-d4211c02ede9","false"
"0","0","NC-0000000035","2","ST-000165","0","2026-04-09T22:19:38.317Z","humour","0","2026-04-09T22:19:38.317Z","69d825f92aac100fc7967dff","2026-04-09T22:19:37.452000","2026-04-09T22:19:39.626000","service_eb508f39-ce3d-4391-bb12-d4211c02ede9","false"
"0","0","NC-0000000166","2","ST-000165","0","2026-04-09T21:36:11.315Z","humour","0","2026-04-09T21:36:44.137Z","69d81bca9a1e671540bdde6d","2026-04-09T21:36:10.647000","2026-04-09T21:36:44.837000","service_eb508f39-ce3d-4391-bb12-d4211c02ede9","false"
"0","0","NC-0000000160","2","ST-000165","0","2026-04-09T21:22:07.459Z","humour","0","2026-04-09T21:22:31.300Z","69d8187e0236fdf772d76b69","2026-04-09T21:22:06.578000","2026-04-09T21:22:32.091000","service_eb508f39-ce3d-4391-bb12-d4211c02ede9","false"
"0","0","NC-0000000005","2","ST-000165","0","2026-04-09T21:08:52.200Z","humour","0","2026-04-09T21:09:18.921Z","69d81563d415e6674020212a","2026-04-09T21:08:51.230000","2026-04-09T21:09:19.868000","service_eb508f39-ce3d-4391-bb12-d4211c02ede9","false"
"0","0","NC-0000000005","1","ST-000165","0","2026-04-09T21:08:49.878Z","humour","0","2026-04-09T21:08:49.878Z","69d8156381c39785c94cc3ed","2026-04-09T21:08:51.191000","2026-04-09T21:08:51.191000","service_eb508f39-ce3d-4391-bb12-d4211c02ede9","false"
"0","0","NC-0000000023","2","ST-000165","0","2026-04-09T14:38:08.239Z","humour","0","2026-04-09T14:38:08.239Z","69d7b9cf3bc90eae6d62e419","2026-04-09T14:38:07.506000","2026-04-09T14:38:09.833000","service_eb508f39-ce3d-4391-bb12-d4211c02ede9","false"
"0","0","NC-0000000122","2","ST-000165","0","2026-04-08T23:49:57.787Z","humour","0","2026-04-08T23:49:57.787Z","69d6e9a431cfcd61a5e2f929","2026-04-08T23:49:56.887000","2026-04-08T23:49:59.184000","service_eb508f39-ce3d-4391-bb12-d4211c02ede9","false"
"0","0","NC-0000000101","1","ST-000017","0","2026-04-08T18:12:54.720Z","music","0","2026-04-08T18:15:12.760Z","69d69aa8a5d7d80f850a7416","2026-04-08T18:12:56.496000","2026-04-08T18:15:13.964000","service_eb508f39-ce3d-4391-bb12-d4211c02ede9","false"
"0","0","NC-0000000101","0","ST-000017","0","","music","0","2026-04-08T18:12:55.182Z","69d69aa88844a9d20b8b05b6","2026-04-08T18:12:56.365000","2026-04-08T18:12:56.365000","service_eb508f39-ce3d-4391-bb12-d4211c02ede9","false"
"0","0","NC-0000000101","1","ST-000038","0","2026-04-08T18:12:54.666Z","music","0","2026-04-08T18:15:12.760Z","69d69aa896107af4a88aef74","2026-04-08T18:12:56.017000","2026-04-08T18:15:14.436000","service_eb508f39-ce3d-4391-bb12-d4211c02ede9","false"
"0","0","NC-0000000101","1","ST-000244","0","2026-04-08T18:12:54.720Z","music","0","2026-04-08T18:15:12.760Z","69d69aa7e36a18b731ded90f","2026-04-08T18:12:55.914000","2026-04-08T18:15:13.500000","service_eb508f39-ce3d-4391-bb12-d4211c02ede9","false"
"0","0","NC-0000000165","2","ST-000008","0","2026-04-06T21:35:24.731Z","humour","0","2026-04-06T21:35:24.731Z","69d4271b64d97719299a4a8a","2026-04-06T21:35:23.898000","2026-04-06T21:35:27.390000","service_eb508f39-ce3d-4391-bb12-d4211c02ede9","false"
"0","0","NC-0000000165","2","ST-000042","0","2026-04-06T21:35:24.731Z","humour","0","2026-04-06T21:35:24.731Z","69d4271bb9967a7c9d014851","2026-04-06T21:35:23.520000","2026-04-06T21:35:26.970000","service_eb508f39-ce3d-4391-bb12-d4211c02ede9","false"
"0","0","NC-0000000165","2","ST-000012","0","2026-04-06T21:35:24.731Z","humour","0","2026-04-06T21:35:24.731Z","69d4271bd6c980bb8dd97d42","2026-04-06T21:35:23.046000","2026-04-06T21:35:26.593000","service_eb508f39-ce3d-4391-bb12-d4211c02ede9","false"
"0","0","NC-0000000165","2","ST-000155","0","2026-04-06T21:35:24.731Z","humour","0","2026-04-06T21:35:24.731Z","69d427180a7d2dcec10b1b51","2026-04-06T21:35:20.180000","2026-04-06T21:35:26.121000","service_eb508f39-ce3d-4391-bb12-d4211c02ede9","false"
"0","0","NC-0000000095","1","ST-000192","0","2026-04-06T20:43:24.560Z","music","0","2026-04-06T20:43:24.560Z","69d41aee525a074eefd7fa3c","2026-04-06T20:43:26.277000","2026-04-06T20:43:26.277000","service_eb508f39-ce3d-4391-bb12-d4211c02ede9","false"
"0","0","NC-0000000095","0","ST-000192","0","","music","0","2026-04-06T20:43:25.005Z","69d41aee34e35d3000fa6545","2026-04-06T20:43:26.155000","2026-04-06T20:43:26.155000","service_eb508f39-ce3d-4391-bb12-d4211c02ede9","false"
"0","0","NC-0000000095","1","ST-000075","0","2026-04-06T20:43:24.560Z","music","0","2026-04-06T20:43:24.560Z","69d41aede74830a454addcc0","2026-04-06T20:43:25.891000","2026-04-06T20:43:25.891000","service_eb508f39-ce3d-4391-bb12-d4211c02ede9","false"
"0","0","NC-0000000095","0","ST-000075","0","","music","0","2026-04-06T20:43:25.005Z","69d41aedc8e19d508e5286a9","2026-04-06T20:43:25.758000","2026-04-06T20:43:25.758000","service_eb508f39-ce3d-4391-bb12-d4211c02ede9","false"
"0","0","NC-0000000169","1","ST-000227","0","2026-04-03T16:39:05.983Z","music","0","2026-04-03T16:39:05.983Z","69cfed2edda498fc177b1280","2026-04-03T16:39:10.187000","2026-04-03T16:39:10.187000","service_eb508f39-ce3d-4391-bb12-d4211c02ede9","false"
"0","0","NC-0000000169","1","ST-000228","0","2026-04-03T16:39:05.983Z","music","0","2026-04-03T16:39:05.983Z","69cfed2d7260711af5e1a10c","2026-04-03T16:39:09.684000","2026-04-03T16:39:09.684000","service_eb508f39-ce3d-4391-bb12-d4211c02ede9","false"
"0","0","NC-0000000169","1","ST-000224","0","2026-04-03T16:39:05.983Z","music","0","2026-04-03T16:39:05.983Z","69cfed2d8e072a025513bfd2","2026-04-03T16:39:09.218000","2026-04-03T16:39:09.218000","service_eb508f39-ce3d-4391-bb12-d4211c02ede9","false"
"0","0","NC-0000000169","1","ST-000225","0","2026-04-03T16:39:05.983Z","music","0","2026-04-03T16:39:05.983Z","69cfed2cef4f10e81ef60f3d","2026-04-03T16:39:08.778000","2026-04-03T16:39:08.778000","service_eb508f39-ce3d-4391-bb12-d4211c02ede9","false"
"0","0","NC-0000000169","1","ST-000103","0","2026-04-03T16:39:05.983Z","music","0","2026-04-03T16:39:06.762Z","69cfed2cfaa3829e4068ff44","2026-04-03T16:39:08.231000","2026-04-03T16:39:10.682000","service_eb508f39-ce3d-4391-bb12-d4211c02ede9","false"
"0","0","NC-0000000169","0","ST-000088","0","","music","0","2026-04-03T16:39:06.762Z","69cfed2cace6c5cced14e9fd","2026-04-03T16:39:08.151000","2026-04-03T16:39:08.151000","service_eb508f39-ce3d-4391-bb12-d4211c02ede9","false"
"0","0","NC-0000000169","1","ST-000088","0","2026-04-03T16:39:06.044Z","music","0","2026-04-03T16:39:06.044Z","69cfed2ca7f813ec7e1a69a1","2026-04-03T16:39:08.031000","2026-04-03T16:39:08.031000","service_eb508f39-ce3d-4391-bb12-d4211c02ede9","false"
"0","0","NC-0000000169","1","ST-000077","0","2026-04-03T16:39:05.983Z","music","0","2026-04-03T16:39:06.762Z","69cfed2bba968ddcd76a8b1c","2026-04-03T16:39:07.762000","2026-04-03T16:39:10.185000","service_eb508f39-ce3d-4391-bb12-d4211c02ede9","false"
"0","0","NC-0000000169","1","ST-000165","0","2026-04-03T16:39:05.983Z","music","0","2026-04-03T16:39:05.983Z","69cfed2b24f953985f4da08c","2026-04-03T16:39:07.651000","2026-04-03T16:39:10.683000","service_eb508f39-ce3d-4391-bb12-d4211c02ede9","false"
"0","0","NC-0000000169","1","ST-000100","0","2026-04-03T16:39:05.979Z","music","0","2026-04-03T16:39:06.762Z","69cfed2bf11f9a784675715d","2026-04-03T16:39:07.650000","2026-04-03T16:39:09.224000","service_eb508f39-ce3d-4391-bb12-d4211c02ede9","false"
"0","0","NC-0000000169","2","ST-000074","0","2026-04-03T16:39:06.044Z","music","0","2026-04-03T16:39:06.762Z","69cfed2b6778cbb6e686e24b","2026-04-03T16:39:07.650000","2026-04-03T16:39:08.777000","service_eb508f39-ce3d-4391-bb12-d4211c02ede9","false"
"0","0","NC-0000000169","1","ST-000165","0","2026-04-03T16:39:06.044Z","music","0","2026-04-03T16:39:06.044Z","69cfed2b8273c97c95826ba3","2026-04-03T16:39:07.640000","2026-04-03T16:39:07.640000","service_eb508f39-ce3d-4391-bb12-d4211c02ede9","false"
"0","0","NC-0000000169","1","ST-000239","0","2026-04-03T16:39:05.965Z","music","0","2026-04-03T16:39:06.762Z","69cfed2be3f0ff8e77497b2a","2026-04-03T16:39:07.634000","2026-04-03T16:39:09.726000","service_eb508f39-ce3d-4391-bb12-d4211c02ede9","false"
"0","0","NC-0000000165","4","ST-000239","0","2026-04-23T15:10:56.634Z","music","0","2026-04-23T15:11:44.268Z","69cfeab9d33ee693870de032","2026-04-03T16:28:41.886000","2026-04-23T15:11:45.236000","service_eb508f39-ce3d-4391-bb12-d4211c02ede9","false"
"1","1","NC-0000000068","1","ST-000240","4.8","2026-03-16T23:47:47.804Z","music","4.8","2026-04-03T13:19:42.006Z","69cfbe6eae8e73616345c184","2026-04-03T13:19:42.153000","2026-04-03T13:19:42.153000","service_eb508f39-ce3d-4391-bb12-d4211c02ede9","false"
"1","1","NC-0000000013","1","ST-000018","4.2","2026-03-17T12:21:52.702Z","music","4.2","2026-04-03T13:19:41.851Z","69cfbe6d6083e628b10533d3","2026-04-03T13:19:41.964000","2026-04-03T13:19:41.964000","service_eb508f39-ce3d-4391-bb12-d4211c02ede9","false"
"1","1","NC-0000000013","1","ST-000171","4.2","2026-03-17T12:21:52.702Z","music","4.2","2026-04-03T13:19:41.658Z","69cfbe6d79396f6004b14b72","2026-04-03T13:19:41.819000","2026-04-03T13:19:41.819000","service_eb508f39-ce3d-4391-bb12-d4211c02ede9","false"
"1","1","NC-0000000013","1","ST-000202","4.2","2026-03-17T12:21:52.702Z","music","4.2","2026-04-03T13:19:41.503Z","69cfbe6d5bd403b5953a2bf3","2026-04-03T13:19:41.622000","2026-04-03T13:19:41.622000","service_eb508f39-ce3d-4391-bb12-d4211c02ede9","false"
"1","1","NC-0000000013","1","ST-000207","4.2","2026-03-17T12:21:52.702Z","music","4.2","2026-04-03T13:19:41.351Z","69cfbe6d0a1a53ab84c87bef","2026-04-03T13:19:41.469000","2026-04-03T13:19:41.469000","service_eb508f39-ce3d-4391-bb12-d4211c02ede9","false"
"1","1","NC-0000000013","1","ST-000206","4.2","2026-03-17T12:21:52.702Z","music","4.2","2026-04-03T13:19:40.940Z","69cfbe6dbbbf239b8e13676f","2026-04-03T13:19:41.115000","2026-04-03T13:19:41.115000","service_eb508f39-ce3d-4391-bb12-d4211c02ede9","false"
"1","1","NC-0000000013","1","ST-000205","4.2","2026-03-17T12:21:52.702Z","music","4.2","2026-04-03T13:19:40.793Z","69cfbe6cf7de90adb59de892","2026-04-03T13:19:40.912000","2026-04-03T13:19:40.912000","service_eb508f39-ce3d-4391-bb12-d4211c02ede9","false"
"1","1","NC-0000000013","1","ST-000204","4.2","2026-03-17T12:21:52.702Z","music","4.2","2026-04-03T13:19:40.639Z","69cfbe6c468b09b6cbc9bc4a","2026-04-03T13:19:40.766000","2026-04-03T13:19:40.766000","service_eb508f39-ce3d-4391-bb12-d4211c02ede9","false"
"1","1","NC-0000000013","1","ST-000211","4.2","2026-03-17T12:21:52.702Z","music","4.2","2026-04-03T13:19:40.480Z","69cfbe6ca3fcb96e33a49a4f","2026-04-03T13:19:40.600000","2026-04-03T13:19:40.600000","service_eb508f39-ce3d-4391-bb12-d4211c02ede9","false"
"1","1","NC-0000000013","1","ST-000210","4.2","2026-03-17T12:21:52.702Z","music","4.2","2026-04-03T13:19:40.334Z","69cfbe6c7288463d4187b766","2026-04-03T13:19:40.448000","2026-04-03T13:19:40.448000","service_eb508f39-ce3d-4391-bb12-d4211c02ede9","false"
"1","1","NC-0000000013","1","ST-000209","4.2","2026-03-17T12:21:52.702Z","music","4.2","2026-04-03T13:19:40.177Z","69cfbe6cba1ddc8f802835dd","2026-04-03T13:19:40.296000","2026-04-03T13:19:40.296000","service_eb508f39-ce3d-4391-bb12-d4211c02ede9","false"
"1","1","NC-0000000013","1","ST-000200","4.2","2026-03-17T12:21:52.702Z","music","4.2","2026-04-03T13:19:40.025Z","69cfbe6c213bd38179e49469","2026-04-03T13:19:40.144000","2026-04-03T13:19:40.144000","service_eb508f39-ce3d-4391-bb12-d4211c02ede9","false"
"1","1","NC-0000000013","1","ST-000133","4.2","2026-03-17T12:21:52.702Z","music","4.2","2026-04-03T13:19:39.823Z","69cfbe6bc9922285af3f0130","2026-04-03T13:19:39.988000","2026-04-03T13:19:39.988000","service_eb508f39-ce3d-4391-bb12-d4211c02ede9","false"
"1","1","NC-0000000013","1","ST-000134","4.2","2026-03-17T12:21:52.702Z","music","4.2","2026-04-03T13:19:39.660Z","69cfbe6bc566ed3fc4e3329b","2026-04-03T13:19:39.794000","2026-04-03T13:19:39.794000","service_eb508f39-ce3d-4391-bb12-d4211c02ede9","false"
"1","1","NC-0000000013","1","ST-000091","3.8","2026-03-17T12:21:52.702Z","music","3.8","2026-04-03T13:19:39.498Z","69cfbe6b29bd299299240489","2026-04-03T13:19:39.616000","2026-04-03T13:19:39.616000","service_eb508f39-ce3d-4391-bb12-d4211c02ede9","false"
"1","1","NC-0000000013","1","ST-000144","3.8","2026-03-17T12:21:52.702Z","music","3.8","2026-04-03T13:19:39.346Z","69cfbe6b5248eb127acaec50","2026-04-03T13:19:39.461000","2026-04-03T13:19:39.461000","service_eb508f39-ce3d-4391-bb12-d4211c02ede9","false"
"1","2","NC-0000000073","1","ST-000174","3.9","2026-03-17T12:28:13.197Z","humour","7.8","2026-04-03T13:19:39.192Z","69cfbe6bf82d67f20ee70ddc","2026-04-03T13:19:39.308000","2026-04-03T13:19:39.308000","service_eb508f39-ce3d-4391-bb12-d4211c02ede9","false"
"1","2","NC-0000000073","1","ST-000158","3.9","2026-03-17T12:28:13.197Z","humour","7.8","2026-04-03T13:19:39.028Z","69cfbe6b8d462b2da25748c0","2026-04-03T13:19:39.159000","2026-04-03T13:19:39.159000","service_eb508f39-ce3d-4391-bb12-d4211c02ede9","false"
"1","2","NC-0000000073","1","ST-000184","3.9","2026-03-17T12:28:13.197Z","humour","7.8","2026-04-03T13:19:38.865Z","69cfbe6a8b69e651beecfdc9","2026-04-03T13:19:38.993000","2026-04-03T13:19:38.993000","service_eb508f39-ce3d-4391-bb12-d4211c02ede9","false"
"1","2","NC-0000000073","1","ST-000183","3.9","2026-03-17T12:28:13.197Z","humour","7.8","2026-04-03T13:19:38.681Z","69cfbe6afbfff503b73fb33e","2026-04-03T13:19:38.823000","2026-04-03T13:19:38.823000","service_eb508f39-ce3d-4391-bb12-d4211c02ede9","false"
"1","2","NC-0000000073","1","ST-000182","3.9","2026-03-17T12:28:13.197Z","humour","7.8","2026-04-03T13:19:38.274Z","69cfbe6af5f92e95d5ccd961","2026-04-03T13:19:38.446000","2026-04-03T13:19:38.446000","service_eb508f39-ce3d-4391-bb12-d4211c02ede9","false"
"1","2","NC-0000000073","1","ST-000168","3.9","2026-03-17T12:28:13.197Z","humour","7.8","2026-04-03T13:19:38.110Z","69cfbe6aa552a06039f9f36c","2026-04-03T13:19:38.241000","2026-04-03T13:19:38.241000","service_eb508f39-ce3d-4391-bb12-d4211c02ede9","false"
"1","2","NC-0000000073","1","ST-000169","3.9","2026-03-17T12:28:13.197Z","humour","7.8","2026-04-03T13:19:37.947Z","69cfbe6afe785cc09e568413","2026-04-03T13:19:38.075000","2026-04-03T13:19:38.075000","service_eb508f39-ce3d-4391-bb12-d4211c02ede9","false"
"1","2","NC-0000000073","1","ST-000170","3.9","2026-03-17T12:28:13.197Z","humour","7.8","2026-04-03T13:19:37.776Z","69cfbe69e31513c8582d872c","2026-04-03T13:19:37.906000","2026-04-03T13:19:37.906000","service_eb508f39-ce3d-4391-bb12-d4211c02ede9","false"
"1","2","NC-0000000073","1","ST-000171","3.9","2026-03-17T12:28:13.197Z","humour","7.8","2026-04-03T13:19:37.601Z","69cfbe69ade0a330797f41b3","2026-04-03T13:19:37.743000","2026-04-03T13:19:37.743000","service_eb508f39-ce3d-4391-bb12-d4211c02ede9","false"
"1","2","NC-0000000073","1","ST-000019","3.7","2026-03-17T12:28:13.197Z","music","7.4","2026-04-03T13:19:37.452Z","69cfbe690c45a55ef54d7e61","2026-04-03T13:19:37.575000","2026-04-03T13:19:37.575000","service_eb508f39-ce3d-4391-bb12-d4211c02ede9","false"
"1","2","NC-0000000073","1","ST-000018","3.7","2026-03-17T12:28:13.197Z","music","7.4","2026-04-03T13:19:37.301Z","69cfbe697eee8288c4721a8b","2026-04-03T13:19:37.421000","2026-04-03T13:19:37.421000","service_eb508f39-ce3d-4391-bb12-d4211c02ede9","false"
"1","2","NC-0000000073","1","ST-000133","3.7","2026-03-17T12:28:13.197Z","music","7.4","2026-04-03T13:19:37.144Z","69cfbe69aa7049ec44c0e0ea","2026-04-03T13:19:37.271000","2026-04-03T13:19:37.271000","service_eb508f39-ce3d-4391-bb12-d4211c02ede9","false"
"1","2","NC-0000000073","1","ST-000134","3.7","2026-03-17T12:28:13.197Z","music","7.4","2026-04-03T13:19:36.987Z","69cfbe698d462b2da25748bd","2026-04-03T13:19:37.107000","2026-04-03T13:19:37.107000","service_eb508f39-ce3d-4391-bb12-d4211c02ede9","false"
"1","2","NC-0000000073","1","ST-000080","3.7","2026-03-17T12:28:13.197Z","music","7.4","2026-04-03T13:19:36.803Z","69cfbe682702b2ff4d71ab75","2026-04-03T13:19:36.947000","2026-04-03T13:19:36.947000","service_eb508f39-ce3d-4391-bb12-d4211c02ede9","false"
"1","1","NC-0000000004","1","ST-000019","3.6","2026-03-17T12:31:03.764Z","music","3.6","2026-04-03T13:19:36.644Z","69cfbe68f811388ce6f2aade","2026-04-03T13:19:36.774000","2026-04-03T13:19:36.774000","service_eb508f39-ce3d-4391-bb12-d4211c02ede9","false"
"1","1","NC-0000000004","1","ST-000018","3.6","2026-03-17T12:31:03.764Z","music","3.6","2026-04-03T13:19:36.469Z","69cfbe6879a0f9e5215304ae","2026-04-03T13:19:36.610000","2026-04-03T13:19:36.610000","service_eb508f39-ce3d-4391-bb12-d4211c02ede9","false"
"1","1","NC-0000000004","1","ST-000171","3.6","2026-03-17T12:31:03.764Z","music","3.6","2026-04-03T13:19:36.314Z","69cfbe6804ab002d1e2c55e5","2026-04-03T13:19:36.439000","2026-04-03T13:19:36.439000","service_eb508f39-ce3d-4391-bb12-d4211c02ede9","false"
"1","1","NC-0000000004","1","ST-000202","3.6","2026-03-17T12:31:03.764Z","music","3.6","2026-04-03T13:19:36.167Z","69cfbe68c5d45f5e70b0b6b9","2026-04-03T13:19:36.283000","2026-04-03T13:19:36.283000","service_eb508f39-ce3d-4391-bb12-d4211c02ede9","false"
"1","1","NC-0000000004","1","ST-000207","3.6","2026-03-17T12:31:03.764Z","music","3.6","2026-04-03T13:19:36.019Z","69cfbe68b955f0718157b7e5","2026-04-03T13:19:36.134000","2026-04-03T13:19:36.134000","service_eb508f39-ce3d-4391-bb12-d4211c02ede9","false"
"1","1","NC-0000000004","1","ST-000206","3.6","2026-03-17T12:31:03.764Z","music","3.6","2026-04-03T13:19:35.658Z","69cfbe67b955f0718157b7e4","2026-04-03T13:19:35.783000","2026-04-03T13:19:35.783000","service_eb508f39-ce3d-4391-bb12-d4211c02ede9","false"
"1","1","NC-0000000004","1","ST-000205","3.6","2026-03-17T12:31:03.764Z","music","3.6","2026-04-03T13:19:35.493Z","69cfbe67264231c266f1cc30","2026-04-03T13:19:35.614000","2026-04-03T13:19:35.614000","service_eb508f39-ce3d-4391-bb12-d4211c02ede9","false"
"1","1","NC-0000000004","1","ST-000204","3.6","2026-03-17T12:31:03.764Z","music","3.6","2026-04-03T13:19:35.334Z","69cfbe675248eb127acaec4b","2026-04-03T13:19:35.456000","2026-04-03T13:19:35.456000","service_eb508f39-ce3d-4391-bb12-d4211c02ede9","false"
"1","1","NC-0000000004","1","ST-000211","3.6","2026-03-17T12:31:03.764Z","music","3.6","2026-04-03T13:19:35.173Z","69cfbe67d017249568f89fc5","2026-04-03T13:19:35.297000","2026-04-03T13:19:35.297000","service_eb508f39-ce3d-4391-bb12-d4211c02ede9","false"
"1","1","NC-0000000004","1","ST-000210","3.6","2026-03-17T12:31:03.764Z","music","3.6","2026-04-03T13:19:35.027Z","69cfbe6758429b3aad8a04c3","2026-04-03T13:19:35.148000","2026-04-03T13:19:35.148000","service_eb508f39-ce3d-4391-bb12-d4211c02ede9","false"
"1","1","NC-0000000004","1","ST-000209","3.6","2026-03-17T12:31:03.764Z","music","3.6","2026-04-03T13:19:34.841Z","69cfbe6668a686227c39d3b5","2026-04-03T13:19:34.993000","2026-04-03T13:19:34.993000","service_eb508f39-ce3d-4391-bb12-d4211c02ede9","false"
"1","1","NC-0000000004","1","ST-000200","3.6","2026-03-17T12:31:03.764Z","music","3.6","2026-04-03T13:19:34.686Z","69cfbe667572cc3f9f269e53","2026-04-03T13:19:34.810000","2026-04-03T13:19:34.810000","service_eb508f39-ce3d-4391-bb12-d4211c02ede9","false"
"1","1","NC-0000000004","1","ST-000133","3.6","2026-03-17T12:31:03.764Z","music","3.6","2026-04-03T13:19:34.536Z","69cfbe669cb6075ec0f079a4","2026-04-03T13:19:34.653000","2026-04-03T13:19:34.653000","service_eb508f39-ce3d-4391-bb12-d4211c02ede9","false"
"1","1","NC-0000000004","1","ST-000134","3.6","2026-03-17T12:31:03.764Z","music","3.6","2026-04-03T13:19:34.370Z","69cfbe6604ab002d1e2c55e4","2026-04-03T13:19:34.503000","2026-04-03T13:19:34.503000","service_eb508f39-ce3d-4391-bb12-d4211c02ede9","false"
"1","1","NC-0000000004","1","ST-000080","3.6","2026-03-17T12:31:03.764Z","music","3.6","2026-04-03T13:19:34.216Z","69cfbe6639e7031e3036536a","2026-04-03T13:19:34.336000","2026-04-03T13:19:34.336000","service_eb508f39-ce3d-4391-bb12-d4211c02ede9","false"
"1","1","NC-0000000004","1","ST-000092","3.8","2026-03-17T12:31:03.764Z","music","3.8","2026-04-03T13:19:34.052Z","69cfbe66e922d5fe1db07737","2026-04-03T13:19:34.184000","2026-04-03T13:19:34.184000","service_eb508f39-ce3d-4391-bb12-d4211c02ede9","false"
"1","1","NC-0000000004","1","ST-000110","3.8","2026-03-17T12:31:03.764Z","music","3.8","2026-04-03T13:19:33.874Z","69cfbe666ba73a1ab2513b9e","2026-04-03T13:19:34.015000","2026-04-03T13:19:34.015000","service_eb508f39-ce3d-4391-bb12-d4211c02ede9","false"
"1","1","NC-0000000004","1","ST-000112","3.8","2026-03-17T12:31:03.764Z","music","3.8","2026-04-03T13:19:33.678Z","69cfbe659beca1f7b3badf41","2026-04-03T13:19:33.815000","2026-04-03T13:19:33.815000","service_eb508f39-ce3d-4391-bb12-d4211c02ede9","false"
"1","1","NC-0000000004","1","ST-000145","3.8","2026-03-17T12:31:03.764Z","music","3.8","2026-04-03T13:19:33.496Z","69cfbe656a395901366e5c3f","2026-04-03T13:19:33.640000","2026-04-03T13:19:33.640000","service_eb508f39-ce3d-4391-bb12-d4211c02ede9","false"
"1","1","NC-0000000004","1","ST-000019","3.2","2026-03-17T12:49:37.476Z","humour","3.2","2026-04-03T13:19:33.350Z","69cfbe65a719d6accf5872f1","2026-04-03T13:19:33.464000","2026-04-03T13:19:33.464000","service_eb508f39-ce3d-4391-bb12-d4211c02ede9","false"
"1","1","NC-0000000004","1","ST-000018","3.2","2026-03-17T12:49:37.476Z","humour","3.2","2026-04-03T13:19:32.977Z","69cfbe65355ba94d762958ba","2026-04-03T13:19:33.112000","2026-04-03T13:19:33.112000","service_eb508f39-ce3d-4391-bb12-d4211c02ede9","false"
"1","1","NC-0000000004","1","ST-000171","3.2","2026-03-17T12:49:37.476Z","humour","3.2","2026-04-03T13:19:32.819Z","69cfbe642d0573341c0f1b82","2026-04-03T13:19:32.944000","2026-04-03T13:19:32.944000","service_eb508f39-ce3d-4391-bb12-d4211c02ede9","false"
"1","1","NC-0000000004","1","ST-000202","3.2","2026-03-17T12:49:37.476Z","humour","3.2","2026-04-03T13:19:32.631Z","69cfbe6441bc9925a784a39a","2026-04-03T13:19:32.786000","2026-04-03T13:19:32.786000","service_eb508f39-ce3d-4391-bb12-d4211c02ede9","false"
"1","1","NC-0000000004","1","ST-000207","3.2","2026-03-17T12:49:37.476Z","humour","3.2","2026-04-03T13:19:32.474Z","69cfbe644a8a843d5ca94bbc","2026-04-03T13:19:32.596000","2026-04-03T13:19:32.596000","service_eb508f39-ce3d-4391-bb12-d4211c02ede9","false"
"1","1","NC-0000000004","1","ST-000206","3.2","2026-03-17T12:49:37.476Z","humour","3.2","2026-04-03T13:19:32.311Z","69cfbe649df2e50724a6c553","2026-04-03T13:19:32.441000","2026-04-03T13:19:32.441000","service_eb508f39-ce3d-4391-bb12-d4211c02ede9","false"
"1","1","NC-0000000004","1","ST-000205","3.2","2026-03-17T12:49:37.476Z","humour","3.2","2026-04-03T13:19:32.164Z","69cfbe642194107ec77a0749","2026-04-03T13:19:32.276000","2026-04-03T13:19:32.276000","service_eb508f39-ce3d-4391-bb12-d4211c02ede9","false"
"1","1","NC-0000000004","1","ST-000204","3.2","2026-03-17T12:49:37.476Z","humour","3.2","2026-04-03T13:19:31.997Z","69cfbe641ceb52b0f981b554","2026-04-03T13:19:32.132000","2026-04-03T13:19:32.132000","service_eb508f39-ce3d-4391-bb12-d4211c02ede9","false"
"1","1","NC-0000000004","1","ST-000211","3.2","2026-03-17T12:49:37.476Z","humour","3.2","2026-04-03T13:19:31.833Z","69cfbe63a552a06039f9f369","2026-04-03T13:19:31.967000","2026-04-03T13:19:31.967000","service_eb508f39-ce3d-4391-bb12-d4211c02ede9","false"
"1","1","NC-0000000004","1","ST-000210","3.2","2026-03-17T12:49:37.476Z","humour","3.2","2026-04-03T13:19:31.671Z","69cfbe63e1ac5fee76661655","2026-04-03T13:19:31.803000","2026-04-03T13:19:31.803000","service_eb508f39-ce3d-4391-bb12-d4211c02ede9","false"
"1","1","NC-0000000004","1","ST-000209","3.2","2026-03-17T12:49:37.476Z","humour","3.2","2026-04-03T13:19:31.477Z","69cfbe63bbbf239b8e136763","2026-04-03T13:19:31.621000","2026-04-03T13:19:31.621000","service_eb508f39-ce3d-4391-bb12-d4211c02ede9","false"
"1","1","NC-0000000004","1","ST-000200","3.2","2026-03-17T12:49:37.476Z","humour","3.2","2026-04-03T13:19:31.312Z","69cfbe631f963d97d92c35db","2026-04-03T13:19:31.441000","2026-04-03T13:19:31.441000","service_eb508f39-ce3d-4391-bb12-d4211c02ede9","false"
"1","1","NC-0000000004","1","ST-000133","3.2","2026-03-17T12:49:37.476Z","humour","3.2","2026-04-03T13:19:31.137Z","69cfbe634b6687460de212b5","2026-04-03T13:19:31.277000","2026-04-03T13:19:31.277000","service_eb508f39-ce3d-4391-bb12-d4211c02ede9","false"
"1","1","NC-0000000004","1","ST-000134","3.2","2026-03-17T12:49:37.476Z","humour","3.2","2026-04-03T13:19:30.974Z","69cfbe63e31513c8582d872a","2026-04-03T13:19:31.105000","2026-04-03T13:19:31.105000","service_eb508f39-ce3d-4391-bb12-d4211c02ede9","false"
"1","1","NC-0000000004","1","ST-000080","3.2","2026-03-17T12:49:37.476Z","humour","3.2","2026-04-03T13:19:30.769Z","69cfbe628d462b2da25748b5","2026-04-03T13:19:30.902000","2026-04-03T13:19:30.902000","service_eb508f39-ce3d-4391-bb12-d4211c02ede9","false"
"1","2","NC-0000000004","2","ST-000091","3.5","2026-03-17T12:49:37.476Z","music","7","2026-04-03T13:19:30.612Z","69cfbe62c61783c82af045c6","2026-04-03T13:19:30.734000","2026-04-03T13:19:30.734000","service_eb508f39-ce3d-4391-bb12-d4211c02ede9","false"
"1","2","NC-0000000004","2","ST-000144","3.5","2026-03-17T12:49:37.476Z","music","7","2026-04-03T13:19:30.247Z","69cfbe62f82d67f20ee70dd8","2026-04-03T13:19:30.372000","2026-04-03T13:19:30.372000","service_eb508f39-ce3d-4391-bb12-d4211c02ede9","false"
"1","1","NC-0000000165","1","ST-000091","3.2","2026-03-17T13:55:55.198Z","music","3.2","2026-04-03T13:19:30.089Z","69cfbe62d8a6e616a39107c9","2026-04-03T13:19:30.212000","2026-04-03T13:19:30.212000","service_eb508f39-ce3d-4391-bb12-d4211c02ede9","false"
"1","1","NC-0000000165","1","ST-000092","3.2","2026-03-17T13:55:55.198Z","music","3.2","2026-04-03T13:19:29.924Z","69cfbe625c2ee51ab6f76c1c","2026-04-03T13:19:30.059000","2026-04-03T13:19:30.059000","service_eb508f39-ce3d-4391-bb12-d4211c02ede9","false"
"1","1","NC-0000000165","1","ST-000110","3.2","2026-03-17T13:55:55.198Z","music","3.2","2026-04-03T13:19:29.752Z","69cfbe613fa1bf67f4b55e00","2026-04-03T13:19:29.888000","2026-04-03T13:19:29.888000","service_eb508f39-ce3d-4391-bb12-d4211c02ede9","false"
"1","1","NC-0000000165","1","ST-000112","3.2","2026-03-17T13:55:55.198Z","music","3.2","2026-04-03T13:19:29.609Z","69cfbe61c61783c82af045c5","2026-04-03T13:19:29.723000","2026-04-03T13:19:29.723000","service_eb508f39-ce3d-4391-bb12-d4211c02ede9","false"
"1","1","NC-0000000165","1","ST-000144","3.2","2026-03-17T13:55:55.198Z","music","3.2","2026-04-03T13:19:29.451Z","69cfbe61d8af0088e95317f2","2026-04-03T13:19:29.576000","2026-04-03T13:19:29.576000","service_eb508f39-ce3d-4391-bb12-d4211c02ede9","false"
"1","1","NC-0000000165","1","ST-000145","3.2","2026-03-17T13:55:55.198Z","music","3.2","2026-04-03T13:19:29.261Z","69cfbe614779237a4be3d859","2026-04-03T13:19:29.417000","2026-04-03T13:19:29.417000","service_eb508f39-ce3d-4391-bb12-d4211c02ede9","false"
"1","1","NC-0000000165","1","ST-000174","4.2","2026-03-17T13:55:55.198Z","music","4.2","2026-04-03T13:19:29.072Z","69cfbe6179396f6004b14b6c","2026-04-03T13:19:29.218000","2026-04-03T13:19:29.218000","service_eb508f39-ce3d-4391-bb12-d4211c02ede9","false"
"1","1","NC-0000000165","1","ST-000158","4.2","2026-03-17T13:55:55.198Z","music","4.2","2026-04-03T13:19:28.901Z","69cfbe61808a32cc1dc04ab0","2026-04-03T13:19:29.035000","2026-04-03T13:19:29.035000","service_eb508f39-ce3d-4391-bb12-d4211c02ede9","false"
"1","1","NC-0000000165","1","ST-000207","4.2","2026-03-17T13:55:55.198Z","music","4.2","2026-04-03T13:19:28.679Z","69cfbe605c918530b7c98918","2026-04-03T13:19:28.869000","2026-04-03T13:19:28.869000","service_eb508f39-ce3d-4391-bb12-d4211c02ede9","false"
"1","1","NC-0000000165","1","ST-000204","4.2","2026-03-17T13:55:55.198Z","music","4.2","2026-04-03T13:19:28.533Z","69cfbe6008faa5fc5f0deacc","2026-04-03T13:19:28.646000","2026-04-03T13:19:28.646000","service_eb508f39-ce3d-4391-bb12-d4211c02ede9","false"
"1","1","NC-0000000165","1","ST-000184","4.2","2026-03-17T13:55:55.198Z","music","4.2","2026-04-03T13:19:28.377Z","69cfbe60e688cebdf52d12e6","2026-04-03T13:19:28.498000","2026-04-03T13:19:28.498000","service_eb508f39-ce3d-4391-bb12-d4211c02ede9","false"
"1","1","NC-0000000165","1","ST-000183","4.2","2026-03-17T13:55:55.198Z","music","4.2","2026-04-03T13:19:28.221Z","69cfbe6006588b2559cfe261","2026-04-03T13:19:28.346000","2026-04-03T13:19:28.346000","service_eb508f39-ce3d-4391-bb12-d4211c02ede9","false"
"1","1","NC-0000000165","1","ST-000182","4.2","2026-03-17T13:55:55.198Z","music","4.2","2026-04-03T13:19:28.066Z","69cfbe60ae2bc4bbd8582186","2026-04-03T13:19:28.192000","2026-04-03T13:19:28.192000","service_eb508f39-ce3d-4391-bb12-d4211c02ede9","false"
"1","1","NC-0000000165","1","ST-000168","4.2","2026-03-17T13:55:55.198Z","music","4.2","2026-04-03T13:19:27.902Z","69cfbe60e31513c8582d8728","2026-04-03T13:19:28.031000","2026-04-03T13:19:28.031000","service_eb508f39-ce3d-4391-bb12-d4211c02ede9","false"
"1","1","NC-0000000165","1","ST-000169","4.2","2026-03-17T13:55:55.198Z","music","4.2","2026-04-03T13:19:27.525Z","69cfbe5fdfdec141778ef7e5","2026-04-03T13:19:27.668000","2026-04-03T13:19:27.668000","service_eb508f39-ce3d-4391-bb12-d4211c02ede9","false"
"1","1","NC-0000000165","1","ST-000170","4.2","2026-03-17T13:55:55.198Z","music","4.2","2026-04-03T13:19:27.371Z","69cfbe5f4a8a843d5ca94bb2","2026-04-03T13:19:27.493000","2026-04-03T13:19:27.493000","service_eb508f39-ce3d-4391-bb12-d4211c02ede9","false"
"1","1","NC-0000000165","1","ST-000171","4.2","2026-03-17T13:55:55.198Z","music","4.2","2026-04-03T13:19:27.187Z","69cfbe5fe31513c8582d8727","2026-04-03T13:19:27.341000","2026-04-03T13:19:27.341000","service_eb508f39-ce3d-4391-bb12-d4211c02ede9","false"
"1","1","NC-0000000165","1","ST-000018","4.2","2026-03-17T13:55:55.198Z","music","4.2","2026-04-03T13:19:27.032Z","69cfbe5f9b1478e594b08577","2026-04-03T13:19:27.154000","2026-04-03T13:19:27.154000","service_eb508f39-ce3d-4391-bb12-d4211c02ede9","false"
"1","2","NC-0000000196","1","ST-000141","4.1","2026-03-17T17:09:25.182Z","music","8.2","2026-04-03T13:19:26.878Z","69cfbe5e34b7ce512cb918e0","2026-04-03T13:19:26.993000","2026-04-03T13:19:26.993000","service_eb508f39-ce3d-4391-bb12-d4211c02ede9","false"
"1","2","NC-0000000196","1","ST-000074","4.300000000000001","2026-03-17T17:09:25.182Z","music","8.600000000000001","2026-04-03T13:19:26.681Z","69cfbe5e9df2e50724a6c552","2026-04-03T13:19:26.828000","2026-04-03T13:19:26.828000","service_eb508f39-ce3d-4391-bb12-d4211c02ede9","false"
"1","2","NC-0000000196","1","ST-000129","4.2","2026-03-17T17:09:25.182Z","music","8.4","2026-04-03T13:19:26.507Z","69cfbe5eafe25527634e0e50","2026-04-03T13:19:26.643000","2026-04-03T13:19:26.643000","service_eb508f39-ce3d-4391-bb12-d4211c02ede9","false"
"1","2","NC-0000000301","1","ST-000141","3.9","2026-03-17T17:17:47.427Z","music","7.8","2026-04-03T13:19:26.344Z","69cfbe5eb2a5d0f1039bcd89","2026-04-03T13:19:26.472000","2026-04-03T13:19:26.472000","service_eb508f39-ce3d-4391-bb12-d4211c02ede9","false"
"1","2","NC-0000000301","1","ST-000076","3.9","2026-03-17T17:17:47.427Z","music","7.8","2026-04-03T13:19:26.177Z","69cfbe5eca38b5041b42d588","2026-04-03T13:19:26.305000","2026-04-03T13:19:26.305000","service_eb508f39-ce3d-4391-bb12-d4211c02ede9","false"
"1","2","NC-0000000301","1","ST-000074","3.5","2026-03-17T17:17:47.427Z","music","7","2026-04-03T13:19:26.005Z","69cfbe5e29bd299299240478","2026-04-03T13:19:26.141000","2026-04-03T13:19:26.141000","service_eb508f39-ce3d-4391-bb12-d4211c02ede9","false"
"1","2","NC-0000000301","1","ST-000129","3.4","2026-03-17T17:17:47.427Z","music","6.8","2026-04-03T13:19:25.681Z","69cfbe5d4bedf97f81ddd8d5","2026-04-03T13:19:25.882000","2026-04-03T13:19:25.882000","service_eb508f39-ce3d-4391-bb12-d4211c02ede9","false"
"1","2","NC-0000000302","1","UNKNOWN","4.1","2026-03-17T23:41:25.102Z","humour","8.2","2026-04-03T13:19:25.531Z","69cfbe5d007364380bdcf7ae","2026-04-03T13:19:25.646000","2026-04-03T13:19:25.646000","service_eb508f39-ce3d-4391-bb12-d4211c02ede9","false"
"1","2","NC-0000000302","1","ST-000103","4","2026-03-17T23:41:25.102Z","music","8","2026-04-03T13:19:25.346Z","69cfbe5db16af53ff8da0b97","2026-04-03T13:19:25.494000","2026-04-03T13:19:25.494000","service_eb508f39-ce3d-4391-bb12-d4211c02ede9","false"
"1","2","NC-0000000302","1","ST-000077","4","2026-03-17T23:41:25.102Z","music","8","2026-04-03T13:19:25.190Z","69cfbe5deede42f2abd96c50","2026-04-03T13:19:25.308000","2026-04-03T13:19:25.308000","service_eb508f39-ce3d-4391-bb12-d4211c02ede9","false"
"1","1","NC-0000000053","1","ST-000074","3.8","2026-03-18T12:46:13.315Z","music","3.8","2026-04-03T13:19:25.018Z","69cfbe5dff0fc77037291a46","2026-04-03T13:19:25.160000","2026-04-03T13:19:25.160000","service_eb508f39-ce3d-4391-bb12-d4211c02ede9","false"
"1","1","NC-0000000053","1","ST-000077","4.2","2026-03-18T12:46:13.315Z","music","4.2","2026-04-03T13:19:24.666Z","69cfbe5c72d5b547cb4c06bc","2026-04-03T13:19:24.784000","2026-04-03T13:19:24.784000","service_eb508f39-ce3d-4391-bb12-d4211c02ede9","false"
"1","1","NC-0000000129","1","ST-000038","2","2026-03-18T13:42:49.469Z","music","2","2026-04-03T13:19:24.517Z","69cfbe5cd4f4549854a55bdd","2026-04-03T13:19:24.639000","2026-04-03T13:19:24.639000","service_eb508f39-ce3d-4391-bb12-d4211c02ede9","false"
"1","1","NC-0000000129","1","ST-000074","3","2026-03-18T13:42:49.469Z","music","3","2026-04-03T13:19:24.358Z","69cfbe5caf1b55e884136adb","2026-04-03T13:19:24.479000","2026-04-03T13:19:24.479000","service_eb508f39-ce3d-4391-bb12-d4211c02ede9","false"
"1","1","NC-0000000129","1","ST-000088","3","2026-03-18T13:42:49.469Z","music","3","2026-04-03T13:19:24.181Z","69cfbe5c16ac30e0972176ee","2026-04-03T13:19:24.320000","2026-04-03T13:19:24.320000","service_eb508f39-ce3d-4391-bb12-d4211c02ede9","false"
"1","1","NC-0000000129","1","ST-000165","3","2026-03-18T13:42:49.469Z","music","3","2026-04-03T13:19:23.943Z","69cfbe5c9f77e051cb49ada1","2026-04-03T13:19:24.137000","2026-04-03T13:19:24.137000","service_eb508f39-ce3d-4391-bb12-d4211c02ede9","false"
"1","1","NC-0000000177","1","ST-000038","3.4","2026-03-24T14:25:55.769Z","music","3.4","2026-04-03T13:19:23.785Z","69cfbe5bd8f6dc61955b8336","2026-04-03T13:19:23.910000","2026-04-03T13:19:23.910000","service_eb508f39-ce3d-4391-bb12-d4211c02ede9","false"
"1","3","NC-0000000177","2","ST-000088","3.1333333333333333","2026-03-24T14:52:54.585Z","music","9.4","2026-04-03T13:19:23.634Z","69cfbe5b808a32cc1dc04aae","2026-04-03T13:19:23.752000","2026-04-03T13:19:23.752000","service_eb508f39-ce3d-4391-bb12-d4211c02ede9","false"
"1","3","NC-0000000177","2","ST-000165","3.1333333333333333","2026-03-24T14:52:54.585Z","music","9.4","2026-04-03T13:19:23.450Z","69cfbe5b0dbfd9675379c837","2026-04-03T13:19:23.575000","2026-04-03T13:19:23.575000","service_eb508f39-ce3d-4391-bb12-d4211c02ede9","false"
"2","4","NC-0000000177","3","ST-000074","3.5999999999999996","2026-03-24T14:52:54.585Z","music","14.399999999999999","2026-04-03T13:19:23.265Z","69cfbe5bc975f95ce25158dd","2026-04-03T13:19:23.421000","2026-04-03T13:19:23.421000","service_eb508f39-ce3d-4391-bb12-d4211c02ede9","false"
"1","2","NC-0000000177","1","ST-000100","3","2026-03-24T14:52:54.585Z","music","6","2026-04-03T13:19:23.117Z","69cfbe5bb8bd8ac22ad95618","2026-04-03T13:19:23.218000","2026-04-03T13:19:23.218000","service_eb508f39-ce3d-4391-bb12-d4211c02ede9","false"
"1","1","NC-0000000204","1","ST-000103","4.2","2026-03-24T15:33:21.820Z","music","4.2","2026-04-03T13:19:22.965Z","69cfbe5b58429b3aad8a04c0","2026-04-03T13:19:23.090000","2026-04-03T13:19:23.090000","service_eb508f39-ce3d-4391-bb12-d4211c02ede9","false"
"1","1","NC-0000000204","1","ST-000217","3.2","2026-03-24T15:38:07.042Z","music","3.2","2026-04-03T13:19:22.790Z","69cfbe5a1d224f2c813e66c4","2026-04-03T13:19:22.935000","2026-04-03T13:19:22.935000","service_eb508f39-ce3d-4391-bb12-d4211c02ede9","false"
"1","1","NC-0000000204","1","ST-000100","3.2","2026-03-24T15:38:07.042Z","music","3.2","2026-04-03T13:19:22.604Z","69cfbe5a33a82ae703e18bbc","2026-04-03T13:19:22.748000","2026-04-03T13:19:22.748000","service_eb508f39-ce3d-4391-bb12-d4211c02ede9","false"
"2","6","NC-0000000204","6","ST-000074","3.233333333333333","2026-03-24T15:39:29.532Z","music","19.4","2026-04-03T13:19:22.425Z","69cfbe5a3d7d7523c6fdac62","2026-04-03T13:19:22.573000","2026-04-03T13:19:22.573000","service_eb508f39-ce3d-4391-bb12-d4211c02ede9","false"
"1","2","NC-0000000204","2","ST-000088","3.6","2026-03-24T15:39:29.532Z","music","7.2","2026-04-03T13:19:22.270Z","69cfbe5a8b69e651beecfdc3","2026-04-03T13:19:22.397000","2026-04-03T13:19:22.397000","service_eb508f39-ce3d-4391-bb12-d4211c02ede9","false"
"2","4","NC-0000000204","4","ST-000165","3.6","2026-03-24T15:39:29.532Z","music","14.4","2026-04-03T13:19:21.865Z","69cfbe5a1e3bce3465f4858c","2026-04-03T13:19:22.029000","2026-04-03T13:19:22.029000","service_eb508f39-ce3d-4391-bb12-d4211c02ede9","false"
"1","1","NC-0000000095","1","ST-000165","4.2","2026-03-28T13:11:51.088Z","music","4.2","2026-04-03T13:19:21.693Z","69cfbe5907b776138a6723cf","2026-04-03T13:19:21.834000","2026-04-03T13:19:21.834000","service_eb508f39-ce3d-4391-bb12-d4211c02ede9","false"
"2","2","NC-0000000095","3","ST-000074","4.300000000000001","2026-04-06T20:43:24.655Z","music","8.600000000000001","2026-04-06T20:43:25.005Z","69cfbe5919c8407ea83979b8","2026-04-03T13:19:21.660000","2026-04-06T20:43:26.616000","service_eb508f39-ce3d-4391-bb12-d4211c02ede9","false"
"2","2","NC-0000000050","2","ST-000074","3.8000000000000003","2026-03-28T13:41:46.300Z","music","7.6000000000000005","2026-04-03T13:19:21.375Z","69cfbe59c0dd3487207d3904","2026-04-03T13:19:21.491000","2026-04-03T13:19:21.491000","service_eb508f39-ce3d-4391-bb12-d4211c02ede9","false"
"1","1","NC-0000000050","1","ST-000088","4.4","2026-03-28T13:41:46.300Z","music","4.4","2026-04-03T13:19:21.222Z","69cfbe59f8e031dbd49e4fb2","2026-04-03T13:19:21.341000","2026-04-03T13:19:21.341000","service_eb508f39-ce3d-4391-bb12-d4211c02ede9","false"
"1","1","NC-0000000050","1","ST-000165","4.4","2026-03-28T13:41:46.300Z","music","4.4","2026-04-03T13:19:21.062Z","69cfbe596e062d3d3430eef2","2026-04-03T13:19:21.186000","2026-04-03T13:19:21.186000","service_eb508f39-ce3d-4391-bb12-d4211c02ede9","false"
"1","1","NC-0000000049","1","ST-000141","3.8","2026-03-28T13:23:11.336Z","music","3.8","2026-04-03T13:19:20.793Z","69cfbe582702b2ff4d71ab68","2026-04-03T13:19:20.956000","2026-04-03T13:19:20.956000","service_eb508f39-ce3d-4391-bb12-d4211c02ede9","false"
"1","1","NC-0000000049","1","ST-000103","4.6","2026-03-28T13:23:11.336Z","music","4.6","2026-04-03T13:19:20.645Z","69cfbe58ba0e6d227bc5bbf4","2026-04-03T13:19:20.762000","2026-04-03T13:19:20.762000","service_eb508f39-ce3d-4391-bb12-d4211c02ede9","false"
"1","1","NC-0000000156","1","ST-000092","4.4","2026-03-29T01:51:03.930Z","music","4.4","2026-04-03T13:19:20.488Z","69cfbe5812759c8332ff996b","2026-04-03T13:19:20.613000","2026-04-03T13:19:20.613000","service_eb508f39-ce3d-4391-bb12-d4211c02ede9","false"
"1","1","NC-0000000156","1","ST-000100","4.8","2026-03-29T01:51:03.930Z","music","4.8","2026-04-03T13:19:20.339Z","69cfbe58cd116d58cd4e9901","2026-04-03T13:19:20.454000","2026-04-03T13:19:20.454000","service_eb508f39-ce3d-4391-bb12-d4211c02ede9","false"
"1","1","NC-0000000123","1","ST-000038","4.6","2026-03-30T22:34:32.018Z","music","4.6","2026-04-03T13:19:20.189Z","69cfbe58f811388ce6f2aad8","2026-04-03T13:19:20.308000","2026-04-03T13:19:20.308000","service_eb508f39-ce3d-4391-bb12-d4211c02ede9","false"
"1","1","NC-0000000123","1","ST-000155","3","2026-03-30T22:34:32.018Z","humour","3","2026-04-03T13:19:20.023Z","69cfbe58d7bb6f8e787b8a8f","2026-04-03T13:19:20.155000","2026-04-03T13:19:20.155000","service_eb508f39-ce3d-4391-bb12-d4211c02ede9","false"
"1","1","NC-0000000123","1","ST-000219","3","2026-03-30T22:34:32.018Z","humour","3","2026-04-03T13:19:19.817Z","69cfbe57d1de18144f3392dd","2026-04-03T13:19:19.958000","2026-04-03T13:19:19.958000","service_eb508f39-ce3d-4391-bb12-d4211c02ede9","false"
"1","1","NC-0000000123","1","ST-000007","3","2026-03-30T22:34:32.018Z","humour","3","2026-04-03T13:19:19.637Z","69cfbe57fbfff503b73fb335","2026-04-03T13:19:19.776000","2026-04-03T13:19:19.776000","service_eb508f39-ce3d-4391-bb12-d4211c02ede9","false"
"1","1","NC-0000000123","1","ST-000013","3","2026-03-30T22:34:32.018Z","humour","3","2026-04-03T13:19:19.481Z","69cfbe57ac696b916f4acce8","2026-04-03T13:19:19.606000","2026-04-03T13:19:19.606000","service_eb508f39-ce3d-4391-bb12-d4211c02ede9","false"
"1","1","NC-0000000123","1","ST-000009","3","2026-03-30T22:34:32.018Z","humour","3","2026-04-03T13:19:19.053Z","69cfbe579669627b818d3507","2026-04-03T13:19:19.207000","2026-04-03T13:19:19.207000","service_eb508f39-ce3d-4391-bb12-d4211c02ede9","false"
"1","1","NC-0000000123","1","ST-000032","3","2026-03-30T22:34:32.018Z","humour","3","2026-04-03T13:19:18.872Z","69cfbe57ff0fc77037291a44","2026-04-03T13:19:19.007000","2026-04-03T13:19:19.007000","service_eb508f39-ce3d-4391-bb12-d4211c02ede9","false"
"1","1","NC-0000000035","1","ST-000239","5","2026-04-01T15:27:27.815Z","music","5","2026-04-03T13:19:18.693Z","69cfbe56f870eb617f726629","2026-04-03T13:19:18.840000","2026-04-03T13:19:18.840000","service_eb508f39-ce3d-4391-bb12-d4211c02ede9","false"
"1","1","NC-0000000035","1","ST-000042","5","2026-04-01T15:27:27.815Z","music","5","2026-04-03T13:19:18.492Z","69cfbe56ff0fc77037291a43","2026-04-03T13:19:18.662000","2026-04-03T13:19:18.662000","service_eb508f39-ce3d-4391-bb12-d4211c02ede9","false"
"1","1","NC-0000000105","1","ST-000239","3.8","2026-04-01T18:24:59.918Z","music","3.8","2026-04-03T13:19:18.307Z","69cfbe56e688cebdf52d12e2","2026-04-03T13:19:18.457000","2026-04-03T13:19:18.457000","service_eb508f39-ce3d-4391-bb12-d4211c02ede9","false"
"1","1","NC-0000000105","1","ST-000074","3.2","2026-04-01T18:24:59.918Z","music","3.2","2026-04-03T13:19:18.125Z","69cfbe564d08e0b3aa538b62","2026-04-03T13:19:18.253000","2026-04-03T13:19:18.253000","service_eb508f39-ce3d-4391-bb12-d4211c02ede9","false"
"1","1","NC-0000000130","1","UNKNOWN","3.6","2026-04-02T21:43:19.020Z","art","3.6","2026-04-03T13:19:17.957Z","69cfbe5601102fd19726246d","2026-04-03T13:19:18.094000","2026-04-03T13:19:18.094000","service_eb508f39-ce3d-4391-bb12-d4211c02ede9","false"
"1","1","NC-0000000165","3","ST-000088","4.6","2026-04-03T16:28:46.808Z","music","4.6","2026-04-03T16:28:46.808Z","69cfbe555248eb127acaec41","2026-04-03T13:19:17.908000","2026-04-03T16:28:49.974000","service_eb508f39-ce3d-4391-bb12-d4211c02ede9","false"
"1","1","NC-0000000165","1","ST-000165","4.6","2026-04-03T11:11:02.209000","music","4.6","2026-04-03T13:19:17.599Z","69cfbe55ff0fc77037291a41","2026-04-03T13:19:17.749000","2026-04-03T13:19:17.749000","service_eb508f39-ce3d-4391-bb12-d4211c02ede9","false"
"1","1","NC-0000000165","3","ST-000074","4.8","2026-04-03T16:28:46.808Z","music","4.8","2026-04-03T16:28:46.808Z","69cfbe55498b253ba34f0971","2026-04-03T13:19:17.571000","2026-04-03T16:28:50.411000","service_eb508f39-ce3d-4391-bb12-d4211c02ede9","false"
"1","3","NC-0000000165","2","UNKNOWN","4.866666666666666","2026-04-03T11:59:37.465Z","humour","14.6","2026-04-03T13:19:17.279Z","69cfbe555c918530b7c98910","2026-04-03T13:19:17.405000","2026-04-03T13:19:17.405000","service_eb508f39-ce3d-4391-bb12-d4211c02ede9","false"
"2","17","NC-0000000165","12","ST-000165","4.776470588235293","2026-04-03T16:47:10.351Z","humour","81.19999999999999","2026-04-03T16:47:10.351Z","69cfbe55d4ab2dd9c8aae248","2026-04-03T13:19:17.243000","2026-04-03T16:47:11.741000","service_eb508f39-ce3d-4391-bb12-d4211c02ede9","false"
"3","3","NC-0000000095","3","UNKNOWN","4.2","2026-04-03T11:06:21.251Z","music","12.600000000000001","2026-04-03T13:19:16.897Z","69cfbe55d7eaddf7967695c9","2026-04-03T13:19:17.004000","2026-04-03T13:19:17.004000","service_eb508f39-ce3d-4391-bb12-d4211c02ede9","false"
"1","1","NC-0000000165","3","ST-000100","4","2026-04-24T12:34:51.860Z","music","4","2026-04-24T12:34:51.860Z","69cfbe541ceb52b0f981b54e","2026-04-03T13:19:16.865000","2026-04-24T12:34:53.125000","service_eb508f39-ce3d-4391-bb12-d4211c02ede9","false"
"1","1","NC-0000000165","1","ST-000038","4","2026-04-03T02:06:30.298Z","music","4","2026-04-03T13:19:16.573Z","69cfbe5415a8d96d18f9163a","2026-04-03T13:19:16.714000","2026-04-03T13:19:16.714000","service_eb508f39-ce3d-4391-bb12-d4211c02ede9","false"
"0","0","NC-0000000165","22","ST-000165","0","2026-04-03T13:08:21.288Z","humour","0","2026-04-03T13:08:51.473Z","69cfa12c20832e6c8594bcb2","2026-04-03T11:14:52.721000","2026-04-03T13:08:52.116000","service_eb508f39-ce3d-4391-bb12-d4211c02ede9","false"
"0","0","NC-0000000165","0","ST-000088","0","","music","0","2026-04-03T11:11:04.507Z","69cfa049a689d9972ead66b6","2026-04-03T11:11:05.901000","2026-04-03T11:11:05.901000","service_eb508f39-ce3d-4391-bb12-d4211c02ede9","false"
"0","0","NC-0000000165","0","ST-000165","0","","music","0","2026-04-03T11:11:04.507Z","69cfa049fd915aa07b9c0cee","2026-04-03T11:11:05.536000","2026-04-03T11:11:05.536000","service_eb508f39-ce3d-4391-bb12-d4211c02ede9","false"
"0","0","NC-0000000165","0","ST-000074","0","","music","0","2026-04-03T11:11:04.507Z","69cfa049f17b3c50c1329366","2026-04-03T11:11:05.164000","2026-04-03T11:11:05.164000","service_eb508f39-ce3d-4391-bb12-d4211c02ede9","false"
"0","0","NC-0000000165","2","ST-000100","0","2026-04-03T02:06:35.441Z","music","0","2026-04-03T02:06:35.441Z","69cf20aa69ccaec877ecc748","2026-04-03T02:06:34.673000","2026-04-03T02:06:37.208000","service_eb508f39-ce3d-4391-bb12-d4211c02ede9","false"
"0","0","NC-0000000165","2","ST-000038","0","2026-04-03T02:06:35.441Z","music","0","2026-04-03T02:06:35.441Z","69cf20aa69ccaec877ecc747","2026-04-03T02:06:34.189000","2026-04-03T02:06:36.752000","service_eb508f39-ce3d-4391-bb12-d4211c02ede9","false"
"0","0","NC-0000000105","1","ST-000074","0","2026-04-01T18:25:02.119Z","music","0","2026-04-01T18:25:17.093Z","69cd62ff7eb310d404d7ed0a","2026-04-01T18:25:03.552000","2026-04-01T18:25:17.785000","service_eb508f39-ce3d-4391-bb12-d4211c02ede9","false"
"0","0","NC-0000000105","1","ST-000239","0","2026-04-01T18:25:02.123Z","music","0","2026-04-01T18:25:17.093Z","69cd62ff2503f4c88e1f1cee","2026-04-01T18:25:03.456000","2026-04-01T18:25:18.172000","service_eb508f39-ce3d-4391-bb12-d4211c02ede9","false"
"0","0","NC-0000000035","1","ST-000239","0","2026-04-01T15:27:30.747Z","music","0","2026-04-01T15:28:21.958Z","69cd396334d7af3cf84f0d49","2026-04-01T15:27:31.927000","2026-04-01T15:28:23.152000","service_eb508f39-ce3d-4391-bb12-d4211c02ede9","false"
"0","0","NC-0000000035","1","ST-000042","0","2026-04-01T15:27:30.733Z","music","0","2026-04-01T15:28:21.958Z","69cd39635aa567d23f49c041","2026-04-01T15:27:31.920000","2026-04-01T15:28:22.708000","service_eb508f39-ce3d-4391-bb12-d4211c02ede9","false"
"0","0","NC-0000000035","0","ST-000042","0","","music","0","2026-04-01T15:27:31.102Z","69cd3963c5714669d8fc48aa","2026-04-01T15:27:31.893000","2026-04-01T15:27:31.893000","service_eb508f39-ce3d-4391-bb12-d4211c02ede9","false"
"0","0","NC-0000000050","0","ST-000074","0","","music","0","2026-03-30T22:37:18.293Z","69cafb1f900e7c111c4a9309","2026-03-30T22:37:19.901000","2026-03-30T22:37:19.901000","service_eb508f39-ce3d-4391-bb12-d4211c02ede9","false"
"0","0","NC-0000000050","0","ST-000088","0","","music","0","2026-03-30T22:37:18.293Z","69cafb1f84b9c15ea63a8f57","2026-03-30T22:37:19.511000","2026-03-30T22:37:19.511000","service_eb508f39-ce3d-4391-bb12-d4211c02ede9","false"
"0","0","NC-0000000050","0","ST-000165","0","","music","0","2026-03-30T22:37:18.293Z","69cafb1f53a40c3174fc50fc","2026-03-30T22:37:19.138000","2026-03-30T22:37:19.138000","service_eb508f39-ce3d-4391-bb12-d4211c02ede9","false"
"0","0","NC-0000000123","1","ST-000155","0","2026-03-30T22:34:35.678Z","humour","0","2026-03-30T22:34:35.678Z","69cafa7e41bd115519d489d2","2026-03-30T22:34:38.710000","2026-03-30T22:34:39.063000","service_eb508f39-ce3d-4391-bb12-d4211c02ede9","false"
"0","0","NC-0000000123","1","ST-000219","0","2026-03-30T22:34:35.678Z","humour","0","2026-03-30T22:34:35.678Z","69cafa7e641d61bbb9f8e533","2026-03-30T22:34:38.355000","2026-03-30T22:34:38.712000","service_eb508f39-ce3d-4391-bb12-d4211c02ede9","false"
"0","0","NC-0000000123","1","ST-000007","0","2026-03-30T22:34:35.678Z","humour","0","2026-03-30T22:34:35.678Z","69cafa7d7931612f28a87f7f","2026-03-30T22:34:37.876000","2026-03-30T22:34:38.301000","service_eb508f39-ce3d-4391-bb12-d4211c02ede9","false"
"0","0","NC-0000000123","1","ST-000013","0","2026-03-30T22:34:35.678Z","humour","0","2026-03-30T22:34:35.678Z","69cafa7d328c4ce7188ba138","2026-03-30T22:34:37.497000","2026-03-30T22:34:37.894000","service_eb508f39-ce3d-4391-bb12-d4211c02ede9","false"
"0","0","NC-0000000123","1","ST-000009","0","2026-03-30T22:34:35.678Z","humour","0","2026-03-30T22:34:35.678Z","69cafa7d6ad2919334b9100c","2026-03-30T22:34:37.128000","2026-03-30T22:34:37.488000","service_eb508f39-ce3d-4391-bb12-d4211c02ede9","false"
"0","0","NC-0000000123","1","ST-000038","0","2026-03-30T22:34:35.629Z","humour","0","2026-03-30T22:34:36.006Z","69cafa7d26e8d7b676624c7b","2026-03-30T22:34:37.017000","2026-03-30T22:34:39.085000","service_eb508f39-ce3d-4391-bb12-d4211c02ede9","false"
"0","0","NC-0000000123","1","ST-000032","0","2026-03-30T22:34:35.678Z","humour","0","2026-03-30T22:34:35.678Z","69cafa7c3c746978e602cc2a","2026-03-30T22:34:36.693000","2026-03-30T22:34:37.089000","service_eb508f39-ce3d-4391-bb12-d4211c02ede9","false"
"0","0","NC-0000000156","0","ST-000100","0","","music","0","2026-03-29T01:51:32.392Z","69c8858b991cc26ac1eb51a4","2026-03-29T01:51:07.481000","2026-03-29T01:51:33.140000","service_eb508f39-ce3d-4391-bb12-d4211c02ede9","false"
"0","0","NC-0000000156","1","ST-000092","0","2026-03-29T01:51:06.197Z","music","0","2026-03-29T01:51:32.392Z","69c8858b9a435ebb10717591","2026-03-29T01:51:07.467000","2026-03-29T01:51:33.534000","service_eb508f39-ce3d-4391-bb12-d4211c02ede9","false"
"0","0","NC-0000000156","1","ST-000100","0","2026-03-29T01:51:06.172Z","music","0","2026-03-29T01:51:06.172Z","69c8858b93bc846027172b39","2026-03-29T01:51:07.465000","2026-03-29T01:51:07.465000","service_eb508f39-ce3d-4391-bb12-d4211c02ede9","false"
"0","0","NC-0000000049","1","ST-000103","0","2026-03-28T13:23:12.706Z","music","0","2026-03-28T13:23:12.706Z","69c7d64182a576b99e3bacec","2026-03-28T13:23:13.933000","2026-03-28T13:23:13.933000","service_eb508f39-ce3d-4391-bb12-d4211c02ede9","false"
"0","0","NC-0000000095","1","ST-000165","0","2026-03-28T13:11:53.880Z","music","0","2026-03-28T13:11:53.880Z","69c7d39bf96794e3505ca866","2026-03-28T13:11:55.297000","2026-03-28T13:11:55.297000","service_eb508f39-ce3d-4391-bb12-d4211c02ede9","false"
"0","0","NC-0000000095","2","ST-000074","0","2026-03-28T13:11:53.880Z","music","0","2026-03-28T13:11:53.880Z","69c7d39bcf6d8a5dd23517e7","2026-03-28T13:11:55.057000","2026-03-28T13:11:55.675000","service_eb508f39-ce3d-4391-bb12-d4211c02ede9","false"
"0","0","NC-0000000204","1","ST-000217","0","2026-03-24T15:38:09.190Z","music","0","2026-03-24T15:38:09.190Z","69c2afe3dd6b1897d5568e05","2026-03-24T15:38:11.047000","2026-03-24T15:38:11.047000","service_eb508f39-ce3d-4391-bb12-d4211c02ede9","false"
"0","0","NC-0000000204","1","ST-000088","0","2026-03-24T15:38:09.150Z","music","0","2026-03-24T15:38:09.150Z","69c2afe2bfb0195f7b6949fa","2026-03-24T15:38:10.748000","2026-03-24T15:38:10.748000","service_eb508f39-ce3d-4391-bb12-d4211c02ede9","false"
"0","0","NC-0000000204","2","ST-000165","0","2026-03-24T15:38:09.190Z","music","0","2026-03-24T15:38:09.190Z","69c2afe2a7dece48017ca6f2","2026-03-24T15:38:10.422000","2026-03-24T15:38:10.700000","service_eb508f39-ce3d-4391-bb12-d4211c02ede9","false"
"0","0","NC-0000000204","1","ST-000100","0","2026-03-24T15:38:09.190Z","music","0","2026-03-24T15:38:09.190Z","69c2afe2c1587984f7adb902","2026-03-24T15:38:10.325000","2026-03-24T15:38:10.325000","service_eb508f39-ce3d-4391-bb12-d4211c02ede9","false"
"0","0","NC-0000000204","1","ST-000074","0","2026-03-24T15:33:24.697Z","music","0","2026-03-24T15:33:24.697Z","69c2aec61c03493f69b00c84","2026-03-24T15:33:26.045000","2026-03-24T15:33:26.045000","service_eb508f39-ce3d-4391-bb12-d4211c02ede9","false"
"0","0","NC-0000000204","1","ST-000103","0","2026-03-24T15:33:24.780Z","music","0","2026-03-24T15:33:24.780Z","69c2aec513cd311aed427a16","2026-03-24T15:33:25.995000","2026-03-24T15:33:25.995000","service_eb508f39-ce3d-4391-bb12-d4211c02ede9","false"
"0","0","NC-0000000177","1","ST-000100","0","2026-03-24T14:53:06.661Z","music","0","2026-03-24T14:53:06.661Z","69c2a5537e491f8ee4478be3","2026-03-24T14:53:07.985000","2026-03-24T14:53:07.985000","service_eb508f39-ce3d-4391-bb12-d4211c02ede9","false"
"0","0","NC-0000000177","2","ST-000088","0","2026-03-24T14:53:07.014Z","music","0","2026-03-24T14:53:07.014Z","69c29f7d4b639e7056afa47f","2026-03-24T14:28:13.080000","2026-03-24T14:53:08.611000","service_eb508f39-ce3d-4391-bb12-d4211c02ede9","false"
"0","0","NC-0000000177","2","ST-000165","0","2026-03-24T14:53:07.014Z","music","0","2026-03-24T14:53:07.014Z","69c29f7c2944117f3a4cd2b6","2026-03-24T14:28:12.679000","2026-03-24T14:53:08.261000","service_eb508f39-ce3d-4391-bb12-d4211c02ede9","false"
"0","0","NC-0000000177","3","ST-000074","0","2026-03-24T14:53:05.738Z","music","0","2026-03-24T14:53:05.738Z","69c29ef9a49b94d693360c9c","2026-03-24T14:26:01.695000","2026-03-24T14:53:06.982000","service_eb508f39-ce3d-4391-bb12-d4211c02ede9","false"
"0","0","NC-0000000177","1","ST-000038","0","2026-03-24T14:25:58.108Z","music","0","2026-03-24T14:25:58.108Z","69c29ef724e19dd3deef7c00","2026-03-24T14:25:59.551000","2026-03-24T14:25:59.551000","service_eb508f39-ce3d-4391-bb12-d4211c02ede9","false"
"0","0","NC-0000000129","1","ST-000038","0","2026-03-18T13:42:54.541Z","music","0","2026-03-18T13:42:54.541Z","69baabdf90b87bdbb189649e","2026-03-18T13:42:55.813000","2026-03-18T13:42:55.813000","service_eb508f39-ce3d-4391-bb12-d4211c02ede9","false"
"0","0","NC-0000000129","1","ST-000074","0","2026-03-18T13:42:51.795Z","music","0","2026-03-18T13:42:51.795Z","69baabdd63cb017866c87e25","2026-03-18T13:42:53.887000","2026-03-18T13:42:53.887000","service_eb508f39-ce3d-4391-bb12-d4211c02ede9","false"
"0","0","NC-0000000129","1","ST-000088","0","2026-03-18T13:42:51.795Z","music","0","2026-03-18T13:42:51.795Z","69baabddfd1581e86e797fae","2026-03-18T13:42:53.512000","2026-03-18T13:42:53.512000","service_eb508f39-ce3d-4391-bb12-d4211c02ede9","false"
"0","0","NC-0000000129","1","ST-000165","0","2026-03-18T13:42:51.795Z","music","0","2026-03-18T13:42:51.795Z","69baabdda74a785b1b27a47a","2026-03-18T13:42:53.125000","2026-03-18T13:42:53.125000","service_eb508f39-ce3d-4391-bb12-d4211c02ede9","false"
"0","0","NC-0000000053","1","ST-000074","0","2026-03-18T12:46:17.896Z","music","0","2026-03-18T12:46:17.896Z","69ba9e9bf88ef601d22c49c9","2026-03-18T12:46:19.216000","2026-03-18T12:46:19.216000","service_eb508f39-ce3d-4391-bb12-d4211c02ede9","false"
"0","0","NC-0000000053","1","ST-000077","0","2026-03-18T12:46:15.745Z","music","0","2026-03-18T12:46:15.745Z","69ba9e990f3e7266649e78ef","2026-03-18T12:46:17.085000","2026-03-18T12:46:17.085000","service_eb508f39-ce3d-4391-bb12-d4211c02ede9","false"
"0","0","NC-0000000302","2","ST-000103","0","2026-03-17T23:41:46.259Z","music","0","2026-03-17T23:41:46.259Z","69b9e6ab5458bb227d1026b3","2026-03-17T23:41:31.759000","2026-03-17T23:41:51.256000","service_eb508f39-ce3d-4391-bb12-d4211c02ede9","false"
"0","0","NC-0000000302","2","ST-000077","0","2026-03-17T23:41:46.259Z","music","0","2026-03-17T23:41:46.259Z","69b9e6ab4da208cb1309d6e1","2026-03-17T23:41:31.386000","2026-03-17T23:41:49.969000","service_eb508f39-ce3d-4391-bb12-d4211c02ede9","false"
"0","0","NC-0000000302","2","ST-000074","0","2026-03-17T17:27:33.731Z","music","0","2026-03-17T17:27:33.731Z","69b98ed7e2e8909a4ced0b91","2026-03-17T17:26:47.080000","2026-03-17T17:27:37.274000","service_eb508f39-ce3d-4391-bb12-d4211c02ede9","false"
"0","0","NC-0000000302","2","ST-000129","0","2026-03-17T17:27:22.261Z","music","0","2026-03-17T17:27:22.261Z","69b98ed1bb805fc0a4e90086","2026-03-17T17:26:41.262000","2026-03-17T17:27:23.828000","service_eb508f39-ce3d-4391-bb12-d4211c02ede9","false"
"0","0","NC-0000000302","2","ST-000141","0","2026-03-17T17:27:10.415Z","music","0","2026-03-17T17:27:10.415Z","69b98ebf5b06194e1cfb9031","2026-03-17T17:26:23.373000","2026-03-17T17:27:18.428000","service_eb508f39-ce3d-4391-bb12-d4211c02ede9","false"
"0","0","NC-0000000302","2","ST-000076","0","2026-03-17T17:27:10.415Z","music","0","2026-03-17T17:27:10.415Z","69b98ebf351294c5bc43a518","2026-03-17T17:26:23.005000","2026-03-17T17:27:16.709000","service_eb508f39-ce3d-4391-bb12-d4211c02ede9","false"
"0","0","NC-0000000301","1","ST-000129","0","2026-03-17T17:17:59.313Z","music","0","2026-03-17T17:17:59.313Z","69b98cc8d54ac1443b43ffe2","2026-03-17T17:18:00.850000","2026-03-17T17:18:00.850000","service_eb508f39-ce3d-4391-bb12-d4211c02ede9","false"
"0","0","NC-0000000165","1","ST-000174","0","2026-03-17T13:56:00.592Z","music","0","2026-03-17T13:56:00.592Z","69b95d79ec5e6f3a6d5515d7","2026-03-17T13:56:09.555000","2026-03-17T13:56:09.555000","service_eb508f39-ce3d-4391-bb12-d4211c02ede9","false"
"0","0","NC-0000000165","1","ST-000158","0","2026-03-17T13:56:00.592Z","music","0","2026-03-17T13:56:00.592Z","69b95d7916d49f00d3113a32","2026-03-17T13:56:09.206000","2026-03-17T13:56:09.206000","service_eb508f39-ce3d-4391-bb12-d4211c02ede9","false"
"0","0","NC-0000000165","1","ST-000207","0","2026-03-17T13:56:00.592Z","music","0","2026-03-17T13:56:00.592Z","69b95d7896d64f127218bfe6","2026-03-17T13:56:08.599000","2026-03-17T13:56:08.599000","service_eb508f39-ce3d-4391-bb12-d4211c02ede9","false"
"0","0","NC-0000000165","1","ST-000204","0","2026-03-17T13:56:00.592Z","music","0","2026-03-17T13:56:00.592Z","69b95d78270e6639c687ce95","2026-03-17T13:56:08.153000","2026-03-17T13:56:08.153000","service_eb508f39-ce3d-4391-bb12-d4211c02ede9","false"
"0","0","NC-0000000165","1","ST-000184","0","2026-03-17T13:56:00.592Z","music","0","2026-03-17T13:56:00.592Z","69b95d7771d190f691a90840","2026-03-17T13:56:07.540000","2026-03-17T13:56:07.540000","service_eb508f39-ce3d-4391-bb12-d4211c02ede9","false"
"0","0","NC-0000000165","1","ST-000183","0","2026-03-17T13:56:00.592Z","music","0","2026-03-17T13:56:00.592Z","69b95d771e5112f06fca5beb","2026-03-17T13:56:07.213000","2026-03-17T13:56:07.213000","service_eb508f39-ce3d-4391-bb12-d4211c02ede9","false"
"0","0","NC-0000000165","1","ST-000182","0","2026-03-17T13:56:00.592Z","music","0","2026-03-17T13:56:00.592Z","69b95d768a13d5d8b9142717","2026-03-17T13:56:06","2026-03-17T13:56:06","service_eb508f39-ce3d-4391-bb12-d4211c02ede9","false"
"0","0","NC-0000000165","1","ST-000168","0","2026-03-17T13:56:00.592Z","music","0","2026-03-17T13:56:00.592Z","69b95d759390517dd260f9bb","2026-03-17T13:56:05.330000","2026-03-17T13:56:05.330000","service_eb508f39-ce3d-4391-bb12-d4211c02ede9","false"
"0","0","NC-0000000165","1","ST-000169","0","2026-03-17T13:56:00.592Z","music","0","2026-03-17T13:56:00.592Z","69b95d75a70df54dac5d9871","2026-03-17T13:56:05","2026-03-17T13:56:05","service_eb508f39-ce3d-4391-bb12-d4211c02ede9","false"
"0","0","NC-0000000165","1","ST-000170","0","2026-03-17T13:56:00.592Z","music","0","2026-03-17T13:56:00.592Z","69b95d74665a7449a03726f1","2026-03-17T13:56:04.654000","2026-03-17T13:56:04.654000","service_eb508f39-ce3d-4391-bb12-d4211c02ede9","false"
"0","0","NC-0000000165","1","ST-000171","0","2026-03-17T13:56:00.592Z","music","0","2026-03-17T13:56:00.592Z","69b95d74d30dcc7858932faa","2026-03-17T13:56:04.309000","2026-03-17T13:56:04.309000","service_eb508f39-ce3d-4391-bb12-d4211c02ede9","false"
"0","0","NC-0000000165","1","ST-000018","0","2026-03-17T13:56:00.592Z","music","0","2026-03-17T13:56:00.592Z","69b95d73eb28b79b30e435dd","2026-03-17T13:56:03.332000","2026-03-17T13:56:03.332000","service_eb508f39-ce3d-4391-bb12-d4211c02ede9","false"
"0","0","NC-0000000004","2","ST-000019","0","2026-03-17T12:49:45.663Z","music","0","2026-03-17T12:49:45.663Z","69b9499507c02037eaf78c2a","2026-03-17T12:31:17.019000","2026-03-17T12:49:53.640000","service_eb508f39-ce3d-4391-bb12-d4211c02ede9","false"
"0","0","NC-0000000004","2","ST-000018","0","2026-03-17T12:49:45.663Z","music","0","2026-03-17T12:49:45.663Z","69b94994a9a1cfe770a9f49e","2026-03-17T12:31:16.704000","2026-03-17T12:49:53.184000","service_eb508f39-ce3d-4391-bb12-d4211c02ede9","false"
"0","0","NC-0000000004","2","ST-000171","0","2026-03-17T12:49:45.663Z","music","0","2026-03-17T12:49:45.663Z","69b9499402f62f0c8ab4adbd","2026-03-17T12:31:16.339000","2026-03-17T12:49:52.740000","service_eb508f39-ce3d-4391-bb12-d4211c02ede9","false"
"0","0","NC-0000000004","2","ST-000202","0","2026-03-17T12:49:45.663Z","music","0","2026-03-17T12:49:45.663Z","69b9499360678134c58e7098","2026-03-17T12:31:15.945000","2026-03-17T12:49:52.236000","service_eb508f39-ce3d-4391-bb12-d4211c02ede9","false"
"0","0","NC-0000000004","2","ST-000207","0","2026-03-17T12:49:45.663Z","music","0","2026-03-17T12:49:45.663Z","69b9499399fc631a367c62c9","2026-03-17T12:31:15.575000","2026-03-17T12:49:51.810000","service_eb508f39-ce3d-4391-bb12-d4211c02ede9","false"
"0","0","NC-0000000004","2","ST-000206","0","2026-03-17T12:49:45.663Z","music","0","2026-03-17T12:49:45.663Z","69b9499338e7d8b7f7c5e505","2026-03-17T12:31:15.232000","2026-03-17T12:49:51.375000","service_eb508f39-ce3d-4391-bb12-d4211c02ede9","false"
"0","0","NC-0000000004","2","ST-000205","0","2026-03-17T12:49:45.663Z","music","0","2026-03-17T12:49:45.663Z","69b94992a9c06eb794ddf2b3","2026-03-17T12:31:14.890000","2026-03-17T12:49:50.921000","service_eb508f39-ce3d-4391-bb12-d4211c02ede9","false"
"0","0","NC-0000000004","2","ST-000204","0","2026-03-17T12:49:45.663Z","music","0","2026-03-17T12:49:45.663Z","69b9499236f16693b996a1b3","2026-03-17T12:31:14.562000","2026-03-17T12:49:50.438000","service_eb508f39-ce3d-4391-bb12-d4211c02ede9","false"
"0","0","NC-0000000004","2","ST-000211","0","2026-03-17T12:49:45.663Z","music","0","2026-03-17T12:49:45.663Z","69b9499218d104a76bfc62e3","2026-03-17T12:31:14.221000","2026-03-17T12:49:49.961000","service_eb508f39-ce3d-4391-bb12-d4211c02ede9","false"
"0","0","NC-0000000004","2","ST-000210","0","2026-03-17T12:49:45.663Z","music","0","2026-03-17T12:49:45.663Z","69b949919683614eb5e68d16","2026-03-17T12:31:13.878000","2026-03-17T12:49:49.567000","service_eb508f39-ce3d-4391-bb12-d4211c02ede9","false"
"0","0","NC-0000000004","2","ST-000209","0","2026-03-17T12:49:45.663Z","music","0","2026-03-17T12:49:45.663Z","69b94991c9452b928e026ae1","2026-03-17T12:31:13.510000","2026-03-17T12:49:49.053000","service_eb508f39-ce3d-4391-bb12-d4211c02ede9","false"
"0","0","NC-0000000004","2","ST-000200","0","2026-03-17T12:49:45.663Z","music","0","2026-03-17T12:49:45.663Z","69b9499111a9185495619804","2026-03-17T12:31:13.163000","2026-03-17T12:49:48.579000","service_eb508f39-ce3d-4391-bb12-d4211c02ede9","false"
"0","0","NC-0000000004","2","ST-000133","0","2026-03-17T12:49:45.663Z","music","0","2026-03-17T12:49:45.663Z","69b949906d38a4acf4b08925","2026-03-17T12:31:12.751000","2026-03-17T12:49:48.209000","service_eb508f39-ce3d-4391-bb12-d4211c02ede9","false"
"0","0","NC-0000000004","2","ST-000134","0","2026-03-17T12:49:45.663Z","music","0","2026-03-17T12:49:45.663Z","69b94990712c4dfdb1566f76","2026-03-17T12:31:12.268000","2026-03-17T12:49:47.781000","service_eb508f39-ce3d-4391-bb12-d4211c02ede9","false"
"0","0","NC-0000000004","2","ST-000080","0","2026-03-17T12:49:45.663Z","music","0","2026-03-17T12:49:45.663Z","69b9498f3311527f9b8d10f4","2026-03-17T12:31:11.916000","2026-03-17T12:49:47.328000","service_eb508f39-ce3d-4391-bb12-d4211c02ede9","false"
"0","0","NC-0000000004","2","ST-000091","0","2026-03-17T12:49:42.560Z","music","0","2026-03-17T12:49:42.560Z","69b9498dd7111b75b837a3df","2026-03-17T12:31:09.735000","2026-03-17T12:49:44.756000","service_eb508f39-ce3d-4391-bb12-d4211c02ede9","false"
"0","0","NC-0000000004","1","ST-000092","0","2026-03-17T12:31:06.846Z","music","0","2026-03-17T12:31:06.846Z","69b9498d269e424b04ce9ee0","2026-03-17T12:31:09.394000","2026-03-17T12:31:09.394000","service_eb508f39-ce3d-4391-bb12-d4211c02ede9","false"
"0","0","NC-0000000004","1","ST-000110","0","2026-03-17T12:31:06.846Z","music","0","2026-03-17T12:31:06.846Z","69b9498d4c382e0bdef3016d","2026-03-17T12:31:09.064000","2026-03-17T12:31:09.064000","service_eb508f39-ce3d-4391-bb12-d4211c02ede9","false"
"0","0","NC-0000000004","1","ST-000112","0","2026-03-17T12:31:06.846Z","music","0","2026-03-17T12:31:06.846Z","69b9498c36c9b42e1f15b03c","2026-03-17T12:31:08.749000","2026-03-17T12:31:08.749000","service_eb508f39-ce3d-4391-bb12-d4211c02ede9","false"
"0","0","NC-0000000004","2","ST-000144","0","2026-03-17T12:49:42.560Z","music","0","2026-03-17T12:49:42.560Z","69b9498cbced7476c93bd613","2026-03-17T12:31:08.382000","2026-03-17T12:49:44.335000","service_eb508f39-ce3d-4391-bb12-d4211c02ede9","false"
"0","0","NC-0000000004","1","ST-000145","0","2026-03-17T12:31:06.846Z","music","0","2026-03-17T12:31:06.846Z","69b9498cc1305ef30d8ad5d3","2026-03-17T12:31:08.034000","2026-03-17T12:31:08.034000","service_eb508f39-ce3d-4391-bb12-d4211c02ede9","false"
"0","0","NC-0000000073","2","ST-000174","0","2026-03-17T12:28:27.304Z","music","0","2026-03-17T12:28:27.304Z","69b948ea3303415f0aaed2de","2026-03-17T12:28:26.524000","2026-03-17T12:28:33.445000","service_eb508f39-ce3d-4391-bb12-d4211c02ede9","false"
"0","0","NC-0000000073","2","ST-000158","0","2026-03-17T12:28:27.304Z","music","0","2026-03-17T12:28:27.304Z","69b948ea13c9c1062739f1f5","2026-03-17T12:28:26.164000","2026-03-17T12:28:33.091000","service_eb508f39-ce3d-4391-bb12-d4211c02ede9","false"
"0","0","NC-0000000073","2","ST-000184","0","2026-03-17T12:28:27.304Z","music","0","2026-03-17T12:28:27.304Z","69b948e84b377e4436a4dd74","2026-03-17T12:28:24.852000","2026-03-17T12:28:32.681000","service_eb508f39-ce3d-4391-bb12-d4211c02ede9","false"
"0","0","NC-0000000073","2","ST-000183","0","2026-03-17T12:28:27.304Z","music","0","2026-03-17T12:28:27.304Z","69b948e829c7172f15cd16a9","2026-03-17T12:28:24.513000","2026-03-17T12:28:32.294000","service_eb508f39-ce3d-4391-bb12-d4211c02ede9","false"
"0","0","NC-0000000073","2","ST-000182","0","2026-03-17T12:28:27.304Z","music","0","2026-03-17T12:28:27.304Z","69b948e849739f04dbb1478a","2026-03-17T12:28:24.140000","2026-03-17T12:28:31.894000","service_eb508f39-ce3d-4391-bb12-d4211c02ede9","false"
"0","0","NC-0000000073","2","ST-000168","0","2026-03-17T12:28:27.304Z","music","0","2026-03-17T12:28:27.304Z","69b948e794a31a0692e11049","2026-03-17T12:28:23.763000","2026-03-17T12:28:31.504000","service_eb508f39-ce3d-4391-bb12-d4211c02ede9","false"
"0","0","NC-0000000073","2","ST-000169","0","2026-03-17T12:28:27.304Z","music","0","2026-03-17T12:28:27.304Z","69b948e73303415f0aaed2dd","2026-03-17T12:28:23.330000","2026-03-17T12:28:31.080000","service_eb508f39-ce3d-4391-bb12-d4211c02ede9","false"
"0","0","NC-0000000073","2","ST-000170","0","2026-03-17T12:28:27.304Z","music","0","2026-03-17T12:28:27.304Z","69b948e6144c4bd2f10ed215","2026-03-17T12:28:22.923000","2026-03-17T12:28:30.689000","service_eb508f39-ce3d-4391-bb12-d4211c02ede9","false"
"0","0","NC-0000000073","2","ST-000171","0","2026-03-17T12:28:27.304Z","music","0","2026-03-17T12:28:27.304Z","69b948e6f42adc41a999d091","2026-03-17T12:28:22.533000","2026-03-17T12:28:30.338000","service_eb508f39-ce3d-4391-bb12-d4211c02ede9","false"
"0","0","NC-0000000073","2","ST-000019","0","2026-03-17T12:28:27.304Z","music","0","2026-03-17T12:28:27.304Z","69b948e44ac2635e39866dd2","2026-03-17T12:28:20.451000","2026-03-17T12:28:29.993000","service_eb508f39-ce3d-4391-bb12-d4211c02ede9","false"
"0","0","NC-0000000073","2","ST-000018","0","2026-03-17T12:28:27.304Z","music","0","2026-03-17T12:28:27.304Z","69b948e43bc9b1f7287a5e2b","2026-03-17T12:28:20.073000","2026-03-17T12:28:29.666000","service_eb508f39-ce3d-4391-bb12-d4211c02ede9","false"
"0","0","NC-0000000073","2","ST-000133","0","2026-03-17T12:28:27.304Z","music","0","2026-03-17T12:28:27.304Z","69b948e3fbfac82338726c75","2026-03-17T12:28:19.698000","2026-03-17T12:28:29.325000","service_eb508f39-ce3d-4391-bb12-d4211c02ede9","false"
"0","0","NC-0000000073","2","ST-000134","0","2026-03-17T12:28:27.304Z","music","0","2026-03-17T12:28:27.304Z","69b948e3cd8d286c43a939e7","2026-03-17T12:28:19.372000","2026-03-17T12:28:28.981000","service_eb508f39-ce3d-4391-bb12-d4211c02ede9","false"
"0","0","NC-0000000073","2","ST-000080","0","2026-03-17T12:28:27.304Z","music","0","2026-03-17T12:28:27.304Z","69b948e394a6b928bbd92725","2026-03-17T12:28:19.019000","2026-03-17T12:28:28.646000","service_eb508f39-ce3d-4391-bb12-d4211c02ede9","false"
"0","0","NC-0000000013","1","ST-000018","0","2026-03-17T12:21:58.577Z","music","0","2026-03-17T12:21:58.577Z","69b9476c657fb38c54a25630","2026-03-17T12:22:04.048000","2026-03-17T12:22:04.048000","service_eb508f39-ce3d-4391-bb12-d4211c02ede9","false"
"0","0","NC-0000000013","1","ST-000171","0","2026-03-17T12:21:58.577Z","music","0","2026-03-17T12:21:58.577Z","69b9476b4e7a38d1e807fbfb","2026-03-17T12:22:03.671000","2026-03-17T12:22:03.671000","service_eb508f39-ce3d-4391-bb12-d4211c02ede9","false"
"0","0","NC-0000000013","1","ST-000202","0","2026-03-17T12:21:58.577Z","music","0","2026-03-17T12:21:58.577Z","69b9476b5bd2a6a71f186678","2026-03-17T12:22:03.364000","2026-03-17T12:22:03.364000","service_eb508f39-ce3d-4391-bb12-d4211c02ede9","false"
"0","0","NC-0000000013","1","ST-000207","0","2026-03-17T12:21:58.577Z","music","0","2026-03-17T12:21:58.577Z","69b9476b4e47233705c8c6c2","2026-03-17T12:22:03.009000","2026-03-17T12:22:03.009000","service_eb508f39-ce3d-4391-bb12-d4211c02ede9","false"
"0","0","NC-0000000013","1","ST-000206","0","2026-03-17T12:21:58.577Z","music","0","2026-03-17T12:21:58.577Z","69b9476adf95391c36f7977f","2026-03-17T12:22:02.582000","2026-03-17T12:22:02.582000","service_eb508f39-ce3d-4391-bb12-d4211c02ede9","false"
"0","0","NC-0000000013","1","ST-000205","0","2026-03-17T12:21:58.577Z","music","0","2026-03-17T12:21:58.577Z","69b9476a9ce76b79fca6bdc8","2026-03-17T12:22:02.273000","2026-03-17T12:22:02.273000","service_eb508f39-ce3d-4391-bb12-d4211c02ede9","false"
"0","0","NC-0000000013","1","ST-000204","0","2026-03-17T12:21:58.577Z","music","0","2026-03-17T12:21:58.577Z","69b94769219f474929d0608e","2026-03-17T12:22:01.939000","2026-03-17T12:22:01.939000","service_eb508f39-ce3d-4391-bb12-d4211c02ede9","false"
"0","0","NC-0000000013","1","ST-000211","0","2026-03-17T12:21:58.577Z","music","0","2026-03-17T12:21:58.577Z","69b94769f5e0ef8f10f5c976","2026-03-17T12:22:01.623000","2026-03-17T12:22:01.623000","service_eb508f39-ce3d-4391-bb12-d4211c02ede9","false"
"0","0","NC-0000000013","1","ST-000210","0","2026-03-17T12:21:58.577Z","music","0","2026-03-17T12:21:58.577Z","69b9476994c1886c84a9f28c","2026-03-17T12:22:01.331000","2026-03-17T12:22:01.331000","service_eb508f39-ce3d-4391-bb12-d4211c02ede9","false"
"0","0","NC-0000000013","1","ST-000209","0","2026-03-17T12:21:58.577Z","music","0","2026-03-17T12:21:58.577Z","69b94768d37f1e666e46281e","2026-03-17T12:22:00.977000","2026-03-17T12:22:00.977000","service_eb508f39-ce3d-4391-bb12-d4211c02ede9","false"
"0","0","NC-0000000013","1","ST-000200","0","2026-03-17T12:21:58.577Z","music","0","2026-03-17T12:21:58.577Z","69b947686633dbe96d8bca0f","2026-03-17T12:22:00.533000","2026-03-17T12:22:00.533000","service_eb508f39-ce3d-4391-bb12-d4211c02ede9","false"
"0","0","NC-0000000013","1","ST-000133","0","2026-03-17T12:21:58.577Z","music","0","2026-03-17T12:21:58.577Z","69b94768d922133ff166e266","2026-03-17T12:22:00.185000","2026-03-17T12:22:00.185000","service_eb508f39-ce3d-4391-bb12-d4211c02ede9","false"
"0","0","NC-0000000013","1","ST-000134","0","2026-03-17T12:21:58.577Z","music","0","2026-03-17T12:21:58.577Z","69b94767d922133ff166e265","2026-03-17T12:21:59.797000","2026-03-17T12:21:59.797000","service_eb508f39-ce3d-4391-bb12-d4211c02ede9","false"
"0","0","NC-0000000013","1","ST-000091","0","2026-03-17T12:21:56.110Z","music","0","2026-03-17T12:21:56.110Z","69b9476580919eac0af3f01d","2026-03-17T12:21:57.841000","2026-03-17T12:21:57.841000","service_eb508f39-ce3d-4391-bb12-d4211c02ede9","false"
"0","0","NC-0000000013","1","ST-000144","0","2026-03-17T12:21:56.110Z","music","0","2026-03-17T12:21:56.110Z","69b94765ab4caec7c464f4cc","2026-03-17T12:21:57.394000","2026-03-17T12:21:57.394000","service_eb508f39-ce3d-4391-bb12-d4211c02ede9","false"
"0","0","NC-0000000068","1","ST-000165","0","2026-03-16T23:47:53.602Z","music","0","2026-03-16T23:47:53.602Z","69b896ab6aaab5ff99f3ea0d","2026-03-16T23:47:55.260000","2026-03-16T23:47:55.260000","service_eb508f39-ce3d-4391-bb12-d4211c02ede9","false"
"0","0","NC-0000000068","1","ST-000240","0","2026-03-16T23:47:51.315Z","music","0","2026-03-16T23:47:51.315Z","69b896a850a598f3a452b58a","2026-03-16T23:47:52.767000","2026-03-16T23:47:52.767000","service_eb508f39-ce3d-4391-bb12-d4211c02ede9","false"
"0","0","NC-0000000196","2","ST-000091","0","2026-03-16T19:15:26.181Z","music","0","2026-03-16T19:15:26.181Z","69b856c3daf8c1ee75d9f60a","2026-03-16T19:15:15.472000","2026-03-16T19:15:33.537000","service_eb508f39-ce3d-4391-bb12-d4211c02ede9","false"
"0","0","NC-0000000196","2","ST-000092","0","2026-03-16T19:15:26.181Z","music","0","2026-03-16T19:15:26.181Z","69b856c377dd0248cd3adc67","2026-03-16T19:15:15.125000","2026-03-16T19:15:31.552000","service_eb508f39-ce3d-4391-bb12-d4211c02ede9","false"
"0","0","NC-0000000196","2","ST-000110","0","2026-03-16T19:15:26.181Z","music","0","2026-03-16T19:15:26.181Z","69b856c2a89acf028e9623b2","2026-03-16T19:15:14.784000","2026-03-16T19:15:31.049000","service_eb508f39-ce3d-4391-bb12-d4211c02ede9","false"
"0","0","NC-0000000196","2","ST-000112","0","2026-03-16T19:15:26.181Z","music","0","2026-03-16T19:15:26.181Z","69b856c2cf192060c17deca6","2026-03-16T19:15:14.457000","2026-03-16T19:15:30.438000","service_eb508f39-ce3d-4391-bb12-d4211c02ede9","false"
"0","0","NC-0000000196","2","ST-000144","0","2026-03-16T19:15:26.181Z","music","0","2026-03-16T19:15:26.181Z","69b856c20c8651122ad16995","2026-03-16T19:15:14.137000","2026-03-16T19:15:29.444000","service_eb508f39-ce3d-4391-bb12-d4211c02ede9","false"
"0","0","NC-0000000196","2","ST-000145","0","2026-03-16T19:15:26.181Z","music","0","2026-03-16T19:15:26.181Z","69b856c155fdb3cce2ee0b86","2026-03-16T19:15:13.778000","2026-03-16T19:15:28.494000","service_eb508f39-ce3d-4391-bb12-d4211c02ede9","false"
"0","0","NC-0000000196","2","ST-000174","0","2026-03-16T19:15:15.623Z","music","0","2026-03-16T19:15:15.623Z","69b856bf28bb10f00c8f5910","2026-03-16T19:15:11.949000","2026-03-16T19:15:22.068000","service_eb508f39-ce3d-4391-bb12-d4211c02ede9","false"
"0","0","NC-0000000196","2","ST-000158","0","2026-03-16T19:15:15.623Z","music","0","2026-03-16T19:15:15.623Z","69b856bfb8f8b4f3e414b74a","2026-03-16T19:15:11.581000","2026-03-16T19:15:21.730000","service_eb508f39-ce3d-4391-bb12-d4211c02ede9","false"
"0","0","NC-0000000196","2","ST-000207","0","2026-03-16T19:15:15.623Z","music","0","2026-03-16T19:15:15.623Z","69b856bf2495aec8c4d2e639","2026-03-16T19:15:11.250000","2026-03-16T19:15:21.376000","service_eb508f39-ce3d-4391-bb12-d4211c02ede9","false"
"0","0","NC-0000000196","2","ST-000204","0","2026-03-16T19:15:15.623Z","music","0","2026-03-16T19:15:15.623Z","69b856bef236d4e4d2739a2d","2026-03-16T19:15:10.853000","2026-03-16T19:15:21.046000","service_eb508f39-ce3d-4391-bb12-d4211c02ede9","false"
"0","0","NC-0000000196","2","ST-000184","0","2026-03-16T19:15:15.623Z","music","0","2026-03-16T19:15:15.623Z","69b856becdbd8b7a3071c9b6","2026-03-16T19:15:10.534000","2026-03-16T19:15:20.360000","service_eb508f39-ce3d-4391-bb12-d4211c02ede9","false"
"0","0","NC-0000000196","2","ST-000183","0","2026-03-16T19:15:15.623Z","music","0","2026-03-16T19:15:15.623Z","69b856be464cf59857cc7793","2026-03-16T19:15:10.153000","2026-03-16T19:15:20.029000","service_eb508f39-ce3d-4391-bb12-d4211c02ede9","false"
"0","0","NC-0000000196","2","ST-000182","0","2026-03-16T19:15:15.623Z","music","0","2026-03-16T19:15:15.623Z","69b856bda7ba0df2a31050b9","2026-03-16T19:15:09.834000","2026-03-16T19:15:19.593000","service_eb508f39-ce3d-4391-bb12-d4211c02ede9","false"
"0","0","NC-0000000196","2","ST-000168","0","2026-03-16T19:15:15.623Z","music","0","2026-03-16T19:15:15.623Z","69b856bcab03b8563726b7ae","2026-03-16T19:15:08.716000","2026-03-16T19:15:19.258000","service_eb508f39-ce3d-4391-bb12-d4211c02ede9","false"
"0","0","NC-0000000196","2","ST-000169","0","2026-03-16T19:15:15.623Z","music","0","2026-03-16T19:15:15.623Z","69b856bb8aab46b4413ab4a4","2026-03-16T19:15:07.735000","2026-03-16T19:15:18.902000","service_eb508f39-ce3d-4391-bb12-d4211c02ede9","false"
"0","0","NC-0000000196","2","ST-000170","0","2026-03-16T19:15:15.623Z","music","0","2026-03-16T19:15:15.623Z","69b856bb2a4a8731eb81e8b7","2026-03-16T19:15:07.233000","2026-03-16T19:15:18.579000","service_eb508f39-ce3d-4391-bb12-d4211c02ede9","false"
"0","0","NC-0000000196","2","ST-000171","0","2026-03-16T19:15:15.623Z","music","0","2026-03-16T19:15:15.623Z","69b856ba931ca75ca67b3622","2026-03-16T19:15:06.077000","2026-03-16T19:15:18.241000","service_eb508f39-ce3d-4391-bb12-d4211c02ede9","false"
"0","0","NC-0000000196","2","ST-000018","0","2026-03-16T19:15:15.623Z","music","0","2026-03-16T19:15:15.623Z","69b856b9af021f5837bab93c","2026-03-16T19:15:05.668000","2026-03-16T19:15:17.873000","service_eb508f39-ce3d-4391-bb12-d4211c02ede9","false"
"0","0","NC-0000000002","3","ST-000174","0","2026-03-16T19:16:29.966Z","music","0","2026-03-16T19:16:29.966Z","69b8562cfd2c334c618d047a","2026-03-16T19:12:44.754000","2026-03-16T19:16:35.086000","service_eb508f39-ce3d-4391-bb12-d4211c02ede9","false"
"0","0","NC-0000000002","3","ST-000158","0","2026-03-16T19:16:29.966Z","music","0","2026-03-16T19:16:29.966Z","69b8562ca14b7b085ff1f6d1","2026-03-16T19:12:44.446000","2026-03-16T19:16:34.714000","service_eb508f39-ce3d-4391-bb12-d4211c02ede9","false"
"0","0","NC-0000000002","3","ST-000207","0","2026-03-16T19:16:29.966Z","music","0","2026-03-16T19:16:29.966Z","69b8562ce1165685c2134f03","2026-03-16T19:12:44.087000","2026-03-16T19:16:34.322000","service_eb508f39-ce3d-4391-bb12-d4211c02ede9","false"
"0","0","NC-0000000002","3","ST-000204","0","2026-03-16T19:16:29.966Z","music","0","2026-03-16T19:16:29.966Z","69b8562b2c81674a3a480109","2026-03-16T19:12:43.744000","2026-03-16T19:16:33.944000","service_eb508f39-ce3d-4391-bb12-d4211c02ede9","false"
"0","0","NC-0000000002","3","ST-000184","0","2026-03-16T19:16:29.966Z","music","0","2026-03-16T19:16:29.966Z","69b8562b05bd56b8b80866e3","2026-03-16T19:12:43.421000","2026-03-16T19:16:33.578000","service_eb508f39-ce3d-4391-bb12-d4211c02ede9","false"
"0","0","NC-0000000002","3","ST-000183","0","2026-03-16T19:16:29.966Z","music","0","2026-03-16T19:16:29.966Z","69b8562b6e60580b66942b92","2026-03-16T19:12:43.097000","2026-03-16T19:16:33.237000","service_eb508f39-ce3d-4391-bb12-d4211c02ede9","false"
"0","0","NC-0000000002","3","ST-000182","0","2026-03-16T19:16:29.966Z","music","0","2026-03-16T19:16:29.966Z","69b8562a0caecc770e4aa0b4","2026-03-16T19:12:42.751000","2026-03-16T19:16:32.931000","service_eb508f39-ce3d-4391-bb12-d4211c02ede9","false"
"0","0","NC-0000000002","3","ST-000168","0","2026-03-16T19:16:29.966Z","music","0","2026-03-16T19:16:29.966Z","69b8562a5abdf0ee0046d53e","2026-03-16T19:12:42.428000","2026-03-16T19:16:32.575000","service_eb508f39-ce3d-4391-bb12-d4211c02ede9","false"
"0","0","NC-0000000002","3","ST-000169","0","2026-03-16T19:16:29.966Z","music","0","2026-03-16T19:16:29.966Z","69b8562afdb0bab4a4a3438e","2026-03-16T19:12:42.089000","2026-03-16T19:16:32.250000","service_eb508f39-ce3d-4391-bb12-d4211c02ede9","false"
"0","0","NC-0000000002","3","ST-000170","0","2026-03-16T19:16:29.966Z","music","0","2026-03-16T19:16:29.966Z","69b85629f7e1c27219ea4c22","2026-03-16T19:12:41.802000","2026-03-16T19:16:31.915000","service_eb508f39-ce3d-4391-bb12-d4211c02ede9","false"
"0","0","NC-0000000002","3","ST-000171","0","2026-03-16T19:16:29.966Z","music","0","2026-03-16T19:16:29.966Z","69b856296da94c1baa0d8806","2026-03-16T19:12:41.494000","2026-03-16T19:16:31.545000","service_eb508f39-ce3d-4391-bb12-d4211c02ede9","false"
"0","0","NC-0000000002","3","ST-000018","0","2026-03-16T19:16:29.966Z","music","0","2026-03-16T19:16:29.966Z","69b85629f7b68b6bdcc8a83d","2026-03-16T19:12:41.164000","2026-03-16T19:16:31.101000","service_eb508f39-ce3d-4391-bb12-d4211c02ede9","false"
"0","0","NC-0000000002","3","ST-000091","0","2026-03-16T19:16:35.910Z","music","0","2026-03-16T19:16:35.910Z","69b856275eef5913696ee8a2","2026-03-16T19:12:39.435000","2026-03-16T19:16:37.393000","service_eb508f39-ce3d-4391-bb12-d4211c02ede9","false"
"0","0","NC-0000000002","2","ST-000092","0","2026-03-16T19:12:41.271Z","music","0","2026-03-16T19:12:41.271Z","69b85627b2d247615b53edea","2026-03-16T19:12:39.069000","2026-03-16T19:12:42.729000","service_eb508f39-ce3d-4391-bb12-d4211c02ede9","false"
"0","0","NC-0000000002","3","ST-000144","0","2026-03-16T19:16:35.910Z","music","0","2026-03-16T19:16:35.910Z","69b85626464cf59857cc775b","2026-03-16T19:12:38.644000","2026-03-16T19:16:37.037000","service_eb508f39-ce3d-4391-bb12-d4211c02ede9","false"
"0","0","NC-0000000038","1","ST-000091","0","2026-03-16T17:50:11.499Z","music","0","2026-03-16T17:50:11.499Z","69b842d4f35951278652c1b8","2026-03-16T17:50:12.680000","2026-03-16T17:50:12.680000","service_eb508f39-ce3d-4391-bb12-d4211c02ede9","false"
"0","0","NC-0000000038","1","ST-000174","0","2026-03-16T17:50:05.064Z","music","0","2026-03-16T17:50:05.064Z","69b842d2be178755c3652e0b","2026-03-16T17:50:10.725000","2026-03-16T17:50:10.725000","service_eb508f39-ce3d-4391-bb12-d4211c02ede9","false"
"0","0","NC-0000000038","1","ST-000158","0","2026-03-16T17:50:05.064Z","music","0","2026-03-16T17:50:05.064Z","69b842d28c4447c951145040","2026-03-16T17:50:10.370000","2026-03-16T17:50:10.370000","service_eb508f39-ce3d-4391-bb12-d4211c02ede9","false"
"0","0","NC-0000000038","1","ST-000207","0","2026-03-16T17:50:05.064Z","music","0","2026-03-16T17:50:05.064Z","69b842d299429caede429718","2026-03-16T17:50:10.021000","2026-03-16T17:50:10.021000","service_eb508f39-ce3d-4391-bb12-d4211c02ede9","false"
"0","0","NC-0000000038","1","ST-000204","0","2026-03-16T17:50:05.064Z","music","0","2026-03-16T17:50:05.064Z","69b842d1a47517f15bb7b308","2026-03-16T17:50:09.567000","2026-03-16T17:50:09.567000","service_eb508f39-ce3d-4391-bb12-d4211c02ede9","false"
"0","0","NC-0000000038","1","ST-000184","0","2026-03-16T17:50:05.064Z","music","0","2026-03-16T17:50:05.064Z","69b842d1e6a082bb83d759dd","2026-03-16T17:50:09.220000","2026-03-16T17:50:09.220000","service_eb508f39-ce3d-4391-bb12-d4211c02ede9","false"
"0","0","NC-0000000038","1","ST-000183","0","2026-03-16T17:50:05.064Z","music","0","2026-03-16T17:50:05.064Z","69b842d07c8d6df240164a27","2026-03-16T17:50:08.826000","2026-03-16T17:50:08.826000","service_eb508f39-ce3d-4391-bb12-d4211c02ede9","false"
"0","0","NC-0000000038","1","ST-000182","0","2026-03-16T17:50:05.064Z","music","0","2026-03-16T17:50:05.064Z","69b842d02c59617736282b02","2026-03-16T17:50:08.478000","2026-03-16T17:50:08.478000","service_eb508f39-ce3d-4391-bb12-d4211c02ede9","false"
"0","0","NC-0000000038","1","ST-000168","0","2026-03-16T17:50:05.064Z","music","0","2026-03-16T17:50:05.064Z","69b842d059e6b52e602a5bf6","2026-03-16T17:50:08.103000","2026-03-16T17:50:08.103000","service_eb508f39-ce3d-4391-bb12-d4211c02ede9","false"
"0","0","NC-0000000038","1","ST-000169","0","2026-03-16T17:50:05.064Z","music","0","2026-03-16T17:50:05.064Z","69b842cf84df8e50f7b79c0e","2026-03-16T17:50:07.567000","2026-03-16T17:50:07.567000","service_eb508f39-ce3d-4391-bb12-d4211c02ede9","false"
"0","0","NC-0000000038","1","ST-000170","0","2026-03-16T17:50:05.064Z","music","0","2026-03-16T17:50:05.064Z","69b842cf068136523e77f2cd","2026-03-16T17:50:07.183000","2026-03-16T17:50:07.183000","service_eb508f39-ce3d-4391-bb12-d4211c02ede9","false"
"0","0","NC-0000000038","1","ST-000171","0","2026-03-16T17:50:05.064Z","music","0","2026-03-16T17:50:05.064Z","69b842cee5f98a7267b6c9b2","2026-03-16T17:50:06.830000","2026-03-16T17:50:06.830000","service_eb508f39-ce3d-4391-bb12-d4211c02ede9","false"
"0","0","NC-0000000038","1","ST-000018","0","2026-03-16T17:50:05.064Z","music","0","2026-03-16T17:50:05.064Z","69b842cedc503049c39d6d7b","2026-03-16T17:50:06.448000","2026-03-16T17:50:06.448000","service_eb508f39-ce3d-4391-bb12-d4211c02ede9","false"
"0","0","NC-0000000003","1","ST-000091","0","2026-03-16T17:47:40.280Z","music","0","2026-03-16T17:47:40.280Z","69b8423d72627bbfbad369c4","2026-03-16T17:47:41.745000","2026-03-16T17:47:41.745000","service_eb508f39-ce3d-4391-bb12-d4211c02ede9","false"
"0","0","NC-0000000003","1","ST-000092","0","2026-03-16T17:47:40.280Z","music","0","2026-03-16T17:47:40.280Z","69b8423d31a48300057e6d20","2026-03-16T17:47:41.391000","2026-03-16T17:47:41.391000","service_eb508f39-ce3d-4391-bb12-d4211c02ede9","false"
"0","0","NC-0000000003","1","ST-000174","0","2026-03-16T17:47:34.569Z","music","0","2026-03-16T17:47:34.569Z","69b8423b0209defd33c1955f","2026-03-16T17:47:39.629000","2026-03-16T17:47:39.629000","service_eb508f39-ce3d-4391-bb12-d4211c02ede9","false"
"0","0","NC-0000000003","1","ST-000158","0","2026-03-16T17:47:34.569Z","music","0","2026-03-16T17:47:34.569Z","69b8423b95b107a09b2e6b2d","2026-03-16T17:47:39.263000","2026-03-16T17:47:39.263000","service_eb508f39-ce3d-4391-bb12-d4211c02ede9","false"
"0","0","NC-0000000003","1","ST-000207","0","2026-03-16T17:47:34.569Z","music","0","2026-03-16T17:47:34.569Z","69b8423afb7de86ffa344cdb","2026-03-16T17:47:38.939000","2026-03-16T17:47:38.939000","service_eb508f39-ce3d-4391-bb12-d4211c02ede9","false"
"0","0","NC-0000000003","1","ST-000204","0","2026-03-16T17:47:34.569Z","music","0","2026-03-16T17:47:34.569Z","69b8423a1df9b61462822efc","2026-03-16T17:47:38.636000","2026-03-16T17:47:38.636000","service_eb508f39-ce3d-4391-bb12-d4211c02ede9","false"
"0","0","NC-0000000003","1","ST-000184","0","2026-03-16T17:47:34.569Z","music","0","2026-03-16T17:47:34.569Z","69b8423a359c5e4d481abf35","2026-03-16T17:47:38.331000","2026-03-16T17:47:38.331000","service_eb508f39-ce3d-4391-bb12-d4211c02ede9","false"
"0","0","NC-0000000003","1","ST-000183","0","2026-03-16T17:47:34.569Z","music","0","2026-03-16T17:47:34.569Z","69b84239d6eff6f08b4e991f","2026-03-16T17:47:37.977000","2026-03-16T17:47:37.977000","service_eb508f39-ce3d-4391-bb12-d4211c02ede9","false"
"0","0","NC-0000000003","1","ST-000182","0","2026-03-16T17:47:34.569Z","music","0","2026-03-16T17:47:34.569Z","69b8423931a48300057e6d1e","2026-03-16T17:47:37.649000","2026-03-16T17:47:37.649000","service_eb508f39-ce3d-4391-bb12-d4211c02ede9","false"
"0","0","NC-0000000003","1","ST-000168","0","2026-03-16T17:47:34.569Z","music","0","2026-03-16T17:47:34.569Z","69b84239bedcd5a11c77a014","2026-03-16T17:47:37.278000","2026-03-16T17:47:37.278000","service_eb508f39-ce3d-4391-bb12-d4211c02ede9","false"
"0","0","NC-0000000003","1","ST-000169","0","2026-03-16T17:47:34.569Z","music","0","2026-03-16T17:47:34.569Z","69b8423893353f24064e01e0","2026-03-16T17:47:36.968000","2026-03-16T17:47:36.968000","service_eb508f39-ce3d-4391-bb12-d4211c02ede9","false"
"0","0","NC-0000000003","1","ST-000170","0","2026-03-16T17:47:34.569Z","music","0","2026-03-16T17:47:34.569Z","69b842386c24505b718b352f","2026-03-16T17:47:36.635000","2026-03-16T17:47:36.635000","service_eb508f39-ce3d-4391-bb12-d4211c02ede9","false"
"0","0","NC-0000000003","1","ST-000171","0","2026-03-16T17:47:34.569Z","music","0","2026-03-16T17:47:34.569Z","69b8423828381d28cfd4fc4a","2026-03-16T17:47:36.292000","2026-03-16T17:47:36.292000","service_eb508f39-ce3d-4391-bb12-d4211c02ede9","false"
"0","0","NC-0000000003","1","ST-000018","0","2026-03-16T17:47:34.569Z","music","0","2026-03-16T17:47:34.569Z","69b84237e579ba97dfd8b2aa","2026-03-16T17:47:35.945000","2026-03-16T17:47:35.945000","service_eb508f39-ce3d-4391-bb12-d4211c02ede9","false"
"0","0","NC-0000000213","1","ST-000174","0","2026-03-16T17:36:38.020Z","music","0","2026-03-16T17:36:38.020Z","69b83fabeadb0dced71f51fe","2026-03-16T17:36:43.426000","2026-03-16T17:36:43.426000","service_eb508f39-ce3d-4391-bb12-d4211c02ede9","false"
"0","0","NC-0000000213","1","ST-000158","0","2026-03-16T17:36:38.020Z","music","0","2026-03-16T17:36:38.020Z","69b83fab51f31671ab936b21","2026-03-16T17:36:43.090000","2026-03-16T17:36:43.090000","service_eb508f39-ce3d-4391-bb12-d4211c02ede9","false"
"0","0","NC-0000000213","1","ST-000184","0","2026-03-16T17:36:38.020Z","music","0","2026-03-16T17:36:38.020Z","69b83faab9c1590754e1ad80","2026-03-16T17:36:42.011000","2026-03-16T17:36:42.011000","service_eb508f39-ce3d-4391-bb12-d4211c02ede9","false"
"0","0","NC-0000000213","1","ST-000183","0","2026-03-16T17:36:38.020Z","music","0","2026-03-16T17:36:38.020Z","69b83fa915d42399098e66b0","2026-03-16T17:36:41.515000","2026-03-16T17:36:41.515000","service_eb508f39-ce3d-4391-bb12-d4211c02ede9","false"
"0","0","NC-0000000213","1","ST-000182","0","2026-03-16T17:36:38.020Z","music","0","2026-03-16T17:36:38.020Z","69b83fa9bb0ee031a937a26b","2026-03-16T17:36:41.166000","2026-03-16T17:36:41.166000","service_eb508f39-ce3d-4391-bb12-d4211c02ede9","false"
"0","0","NC-0000000213","1","ST-000168","0","2026-03-16T17:36:38.020Z","music","0","2026-03-16T17:36:38.020Z","69b83fa8005e2e4240e44ec8","2026-03-16T17:36:40.800000","2026-03-16T17:36:40.800000","service_eb508f39-ce3d-4391-bb12-d4211c02ede9","false"
"0","0","NC-0000000213","1","ST-000169","0","2026-03-16T17:36:38.020Z","music","0","2026-03-16T17:36:38.020Z","69b83fa864f464773758a10b","2026-03-16T17:36:40.440000","2026-03-16T17:36:40.440000","service_eb508f39-ce3d-4391-bb12-d4211c02ede9","false"
"0","0","NC-0000000213","1","ST-000170","0","2026-03-16T17:36:38.020Z","music","0","2026-03-16T17:36:38.020Z","69b83fa8a5635d441a6f8613","2026-03-16T17:36:40.124000","2026-03-16T17:36:40.124000","service_eb508f39-ce3d-4391-bb12-d4211c02ede9","false"
"0","0","NC-0000000213","1","ST-000019","0","2026-03-16T17:36:25.228Z","music","0","2026-03-16T17:36:25.228Z","69b83fa591acc916e119f93a","2026-03-16T17:36:37.424000","2026-03-16T17:36:37.424000","service_eb508f39-ce3d-4391-bb12-d4211c02ede9","false"
"0","0","NC-0000000213","2","ST-000018","0","2026-03-16T17:36:38.020Z","music","0","2026-03-16T17:36:38.020Z","69b83fa5812057253ad00f24","2026-03-16T17:36:37.046000","2026-03-16T17:36:39.343000","service_eb508f39-ce3d-4391-bb12-d4211c02ede9","false"
"0","0","NC-0000000213","2","ST-000171","0","2026-03-16T17:36:38.020Z","music","0","2026-03-16T17:36:38.020Z","69b83fa4af7d47b711ac3aac","2026-03-16T17:36:36.725000","2026-03-16T17:36:39.764000","service_eb508f39-ce3d-4391-bb12-d4211c02ede9","false"
"0","0","NC-0000000213","1","ST-000202","0","2026-03-16T17:36:25.228Z","music","0","2026-03-16T17:36:25.228Z","69b83fa48ce7d2ff9795761c","2026-03-16T17:36:36.359000","2026-03-16T17:36:36.359000","service_eb508f39-ce3d-4391-bb12-d4211c02ede9","false"
"0","0","NC-0000000213","2","ST-000207","0","2026-03-16T17:36:38.020Z","music","0","2026-03-16T17:36:38.020Z","69b83fa4be178755c3652d97","2026-03-16T17:36:36.033000","2026-03-16T17:36:42.745000","service_eb508f39-ce3d-4391-bb12-d4211c02ede9","false"
"0","0","NC-0000000213","1","ST-000206","0","2026-03-16T17:36:25.228Z","music","0","2026-03-16T17:36:25.228Z","69b83fa30b36095a23aeadfc","2026-03-16T17:36:35.682000","2026-03-16T17:36:35.682000","service_eb508f39-ce3d-4391-bb12-d4211c02ede9","false"
"0","0","NC-0000000213","1","ST-000205","0","2026-03-16T17:36:25.228Z","music","0","2026-03-16T17:36:25.228Z","69b83fa3c8b652399b19b3d9","2026-03-16T17:36:35.334000","2026-03-16T17:36:35.334000","service_eb508f39-ce3d-4391-bb12-d4211c02ede9","false"
"0","0","NC-0000000213","2","ST-000204","0","2026-03-16T17:36:38.020Z","music","0","2026-03-16T17:36:38.020Z","69b83fa22a065006b4ad6871","2026-03-16T17:36:34.516000","2026-03-16T17:36:42.355000","service_eb508f39-ce3d-4391-bb12-d4211c02ede9","false"
"0","0","NC-0000000213","1","ST-000211","0","2026-03-16T17:36:25.228Z","music","0","2026-03-16T17:36:25.228Z","69b83fa1c0353b058f9ac461","2026-03-16T17:36:33.566000","2026-03-16T17:36:33.566000","service_eb508f39-ce3d-4391-bb12-d4211c02ede9","false"
"0","0","NC-0000000213","1","ST-000210","0","2026-03-16T17:36:25.228Z","music","0","2026-03-16T17:36:25.228Z","69b83fa1c137264ddd1c331a","2026-03-16T17:36:33.212000","2026-03-16T17:36:33.212000","service_eb508f39-ce3d-4391-bb12-d4211c02ede9","false"
"0","0","NC-0000000213","1","ST-000209","0","2026-03-16T17:36:25.228Z","music","0","2026-03-16T17:36:25.228Z","69b83fa0a433a2d0346a63f3","2026-03-16T17:36:32.896000","2026-03-16T17:36:32.896000","service_eb508f39-ce3d-4391-bb12-d4211c02ede9","false"
"0","0","NC-0000000213","1","ST-000200","0","2026-03-16T17:36:25.228Z","music","0","2026-03-16T17:36:25.228Z","69b83fa040aa835a5ee6bd04","2026-03-16T17:36:32.538000","2026-03-16T17:36:32.538000","service_eb508f39-ce3d-4391-bb12-d4211c02ede9","false"
"0","0","NC-0000000213","1","ST-000133","0","2026-03-16T17:36:25.228Z","music","0","2026-03-16T17:36:25.228Z","69b83fa0a38883ce2ce05a8c","2026-03-16T17:36:32.137000","2026-03-16T17:36:32.137000","service_eb508f39-ce3d-4391-bb12-d4211c02ede9","false"
"0","0","NC-0000000213","1","ST-000134","0","2026-03-16T17:36:25.228Z","music","0","2026-03-16T17:36:25.228Z","69b83f9b11017e6693f03217","2026-03-16T17:36:27.950000","2026-03-16T17:36:27.950000","service_eb508f39-ce3d-4391-bb12-d4211c02ede9","false"
"0","0","NC-0000000213","1","ST-000080","0","2026-03-16T17:36:25.228Z","music","0","2026-03-16T17:36:25.228Z","69b83f9a77a8a587fc8e2ce3","2026-03-16T17:36:26.586000","2026-03-16T17:36:26.586000","service_eb508f39-ce3d-4391-bb12-d4211c02ede9","false"
"0","0","NC-0000000213","1","ST-000091","0","2026-03-16T17:36:20.865Z","music","0","2026-03-16T17:36:20.865Z","69b83f987ab6ebbadd1dc759","2026-03-16T17:36:24.297000","2026-03-16T17:36:24.297000","service_eb508f39-ce3d-4391-bb12-d4211c02ede9","false"
"0","0","NC-0000000213","1","ST-000092","0","2026-03-16T17:36:20.865Z","music","0","2026-03-16T17:36:20.865Z","69b83f973c28a66b3392cd8d","2026-03-16T17:36:23.926000","2026-03-16T17:36:23.926000","service_eb508f39-ce3d-4391-bb12-d4211c02ede9","false"
"0","0","NC-0000000213","1","ST-000110","0","2026-03-16T17:36:20.865Z","music","0","2026-03-16T17:36:20.865Z","69b83f976625adfb265551d1","2026-03-16T17:36:23.595000","2026-03-16T17:36:23.595000","service_eb508f39-ce3d-4391-bb12-d4211c02ede9","false"
"0","0","NC-0000000213","1","ST-000112","0","2026-03-16T17:36:20.865Z","music","0","2026-03-16T17:36:20.865Z","69b83f974920059dc92946bb","2026-03-16T17:36:23.265000","2026-03-16T17:36:23.265000","service_eb508f39-ce3d-4391-bb12-d4211c02ede9","false"
"0","0","NC-0000000213","1","ST-000144","0","2026-03-16T17:36:20.865Z","music","0","2026-03-16T17:36:20.865Z","69b83f9629c04679c77a1775","2026-03-16T17:36:22.946000","2026-03-16T17:36:22.946000","service_eb508f39-ce3d-4391-bb12-d4211c02ede9","false"
"0","0","NC-0000000213","1","ST-000145","0","2026-03-16T17:36:20.865Z","music","0","2026-03-16T17:36:20.865Z","69b83f96c3a266b422bfabeb","2026-03-16T17:36:22.487000","2026-03-16T17:36:22.487000","service_eb508f39-ce3d-4391-bb12-d4211c02ede9","false"
"0","0","NC-0000000155","1","ST-000202","0","2026-03-16T15:08:18.329Z","music","0","2026-03-16T15:08:18.329Z","69b81ce76783c3ba5e2c49f7","2026-03-16T15:08:23.474000","2026-03-16T15:08:23.474000","service_eb508f39-ce3d-4391-bb12-d4211c02ede9","false"
"0","0","NC-0000000155","1","ST-000206","0","2026-03-16T15:08:18.329Z","music","0","2026-03-16T15:08:18.329Z","69b81ce685444c4653fe3904","2026-03-16T15:08:22.597000","2026-03-16T15:08:22.597000","service_eb508f39-ce3d-4391-bb12-d4211c02ede9","false"
"0","0","NC-0000000155","1","ST-000205","0","2026-03-16T15:08:18.329Z","music","0","2026-03-16T15:08:18.329Z","69b81ce64d372f9ac23af029","2026-03-16T15:08:22.117000","2026-03-16T15:08:22.117000","service_eb508f39-ce3d-4391-bb12-d4211c02ede9","false"
"0","0","NC-0000000155","1","ST-000211","0","2026-03-16T15:08:18.329Z","music","0","2026-03-16T15:08:18.329Z","69b81ce5ddd47e84af9cbbde","2026-03-16T15:08:21.123000","2026-03-16T15:08:21.123000","service_eb508f39-ce3d-4391-bb12-d4211c02ede9","false"
"0","0","NC-0000000155","1","ST-000210","0","2026-03-16T15:08:18.329Z","music","0","2026-03-16T15:08:18.329Z","69b81ce404a68992df28dc7d","2026-03-16T15:08:20.729000","2026-03-16T15:08:20.729000","service_eb508f39-ce3d-4391-bb12-d4211c02ede9","false"
"0","0","NC-0000000155","1","ST-000209","0","2026-03-16T15:08:18.329Z","music","0","2026-03-16T15:08:18.329Z","69b81ce4e7a7a735ef7b0510","2026-03-16T15:08:20.339000","2026-03-16T15:08:20.339000","service_eb508f39-ce3d-4391-bb12-d4211c02ede9","false"
"0","0","NC-0000000155","1","ST-000200","0","2026-03-16T15:08:18.329Z","music","0","2026-03-16T15:08:18.329Z","69b81ce3615bfd34b49289ac","2026-03-16T15:08:19.809000","2026-03-16T15:08:19.809000","service_eb508f39-ce3d-4391-bb12-d4211c02ede9","false"
"0","0","NC-0000000155","1","ST-000174","0","2026-03-16T15:08:11.581Z","music","0","2026-03-16T15:08:11.581Z","69b81ce137f4ddb468cc3dee","2026-03-16T15:08:17.698000","2026-03-16T15:08:17.698000","service_eb508f39-ce3d-4391-bb12-d4211c02ede9","false"
"0","0","NC-0000000155","1","ST-000158","0","2026-03-16T15:08:11.581Z","music","0","2026-03-16T15:08:11.581Z","69b81ce19167b5e9c1bc21bb","2026-03-16T15:08:17.210000","2026-03-16T15:08:17.210000","service_eb508f39-ce3d-4391-bb12-d4211c02ede9","false"
"0","0","NC-0000000155","2","ST-000207","0","2026-03-16T15:08:18.329Z","music","0","2026-03-16T15:08:18.329Z","69b81ce0127b4c2373ce18a9","2026-03-16T15:08:16.726000","2026-03-16T15:08:23.037000","service_eb508f39-ce3d-4391-bb12-d4211c02ede9","false"
"0","0","NC-0000000155","2","ST-000204","0","2026-03-16T15:08:18.329Z","music","0","2026-03-16T15:08:18.329Z","69b81ce0e16ee0776f5b3abe","2026-03-16T15:08:16.254000","2026-03-16T15:08:21.596000","service_eb508f39-ce3d-4391-bb12-d4211c02ede9","false"
"0","0","NC-0000000155","1","ST-000184","0","2026-03-16T15:08:11.581Z","music","0","2026-03-16T15:08:11.581Z","69b81cdf315988c47cae7325","2026-03-16T15:08:15.837000","2026-03-16T15:08:15.837000","service_eb508f39-ce3d-4391-bb12-d4211c02ede9","false"
"0","0","NC-0000000155","1","ST-000183","0","2026-03-16T15:08:11.581Z","music","0","2026-03-16T15:08:11.581Z","69b81cdf2bfe62d95ed9162f","2026-03-16T15:08:15.416000","2026-03-16T15:08:15.416000","service_eb508f39-ce3d-4391-bb12-d4211c02ede9","false"
"0","0","NC-0000000155","1","ST-000182","0","2026-03-16T15:08:11.581Z","music","0","2026-03-16T15:08:11.581Z","69b81cde22a7ecea583b9295","2026-03-16T15:08:14.941000","2026-03-16T15:08:14.941000","service_eb508f39-ce3d-4391-bb12-d4211c02ede9","false"
"0","0","NC-0000000155","1","ST-000168","0","2026-03-16T15:08:11.581Z","music","0","2026-03-16T15:08:11.581Z","69b81cde63cf60252bee5a87","2026-03-16T15:08:14.498000","2026-03-16T15:08:14.498000","service_eb508f39-ce3d-4391-bb12-d4211c02ede9","false"
"0","0","NC-0000000155","1","ST-000169","0","2026-03-16T15:08:11.581Z","music","0","2026-03-16T15:08:11.581Z","69b81cdeeb9456317c4858ce","2026-03-16T15:08:14.132000","2026-03-16T15:08:14.132000","service_eb508f39-ce3d-4391-bb12-d4211c02ede9","false"
"0","0","NC-0000000155","1","ST-000170","0","2026-03-16T15:08:11.581Z","music","0","2026-03-16T15:08:11.581Z","69b81cdd5ab4c05385e3f121","2026-03-16T15:08:13.798000","2026-03-16T15:08:13.798000","service_eb508f39-ce3d-4391-bb12-d4211c02ede9","false"
"0","0","NC-0000000155","2","ST-000171","0","2026-03-16T15:08:18.329Z","music","0","2026-03-16T15:08:18.329Z","69b81cddb59c2dbd356371b0","2026-03-16T15:08:13.431000","2026-03-16T15:08:23.918000","service_eb508f39-ce3d-4391-bb12-d4211c02ede9","false"
"0","0","NC-0000000155","1","ST-000092","0","2026-03-16T15:08:08.371Z","music","0","2026-03-16T15:08:08.371Z","69b81cda2a9469b1c6e9ace6","2026-03-16T15:08:10.257000","2026-03-16T15:08:10.257000","service_eb508f39-ce3d-4391-bb12-d4211c02ede9","false"
"0","0","NC-0000000148","2","ST-000171","0","2026-03-15T02:37:45.771Z","video","0","2026-03-15T02:37:45.771Z","69b61b7a99600a5efe7ba9f8","2026-03-15T02:37:46.605000","2026-03-15T02:37:50.600000","service_eb508f39-ce3d-4391-bb12-d4211c02ede9","false"
"0","0","NC-0000000148","2","ST-000202","0","2026-03-15T02:37:45.771Z","video","0","2026-03-15T02:37:45.771Z","69b61b7aa56ea735bfa03767","2026-03-15T02:37:46.258000","2026-03-15T02:37:50.240000","service_eb508f39-ce3d-4391-bb12-d4211c02ede9","false"
"0","0","NC-0000000148","2","ST-000207","0","2026-03-15T02:37:45.771Z","video","0","2026-03-15T02:37:45.771Z","69b61b79022b77e118ce45e5","2026-03-15T02:37:45.931000","2026-03-15T02:37:49.871000","service_eb508f39-ce3d-4391-bb12-d4211c02ede9","false"
"0","0","NC-0000000148","2","ST-000206","0","2026-03-15T02:37:45.771Z","video","0","2026-03-15T02:37:45.771Z","69b61b798173a8e6ed3768cf","2026-03-15T02:37:45.596000","2026-03-15T02:37:49.551000","service_eb508f39-ce3d-4391-bb12-d4211c02ede9","false"
"0","0","NC-0000000148","2","ST-000205","0","2026-03-15T02:37:45.771Z","video","0","2026-03-15T02:37:45.771Z","69b61b791da6a15ee10e4a92","2026-03-15T02:37:45.252000","2026-03-15T02:37:49.225000","service_eb508f39-ce3d-4391-bb12-d4211c02ede9","false"
"0","0","NC-0000000148","2","ST-000204","0","2026-03-15T02:37:45.771Z","video","0","2026-03-15T02:37:45.771Z","69b61b7822a840c9096a3eae","2026-03-15T02:37:44.952000","2026-03-15T02:37:48.782000","service_eb508f39-ce3d-4391-bb12-d4211c02ede9","false"
"0","0","NC-0000000148","2","ST-000211","0","2026-03-15T02:37:45.771Z","video","0","2026-03-15T02:37:45.771Z","69b61b78e3bcf58157b3208e","2026-03-15T02:37:44.595000","2026-03-15T02:37:48.409000","service_eb508f39-ce3d-4391-bb12-d4211c02ede9","false"
"0","0","NC-0000000148","2","ST-000210","0","2026-03-15T02:37:45.771Z","video","0","2026-03-15T02:37:45.771Z","69b61b78f32010bee51b34c8","2026-03-15T02:37:44.201000","2026-03-15T02:37:48.029000","service_eb508f39-ce3d-4391-bb12-d4211c02ede9","false"
"0","0","NC-0000000148","2","ST-000209","0","2026-03-15T02:37:45.771Z","video","0","2026-03-15T02:37:45.771Z","69b61b779b9626f63822ee08","2026-03-15T02:37:43.766000","2026-03-15T02:37:47.686000","service_eb508f39-ce3d-4391-bb12-d4211c02ede9","false"
"0","0","NC-0000000148","2","ST-000200","0","2026-03-15T02:37:45.771Z","video","0","2026-03-15T02:37:45.771Z","69b61b770d4fb47eef74e731","2026-03-15T02:37:43.427000","2026-03-15T02:37:47.311000","service_eb508f39-ce3d-4391-bb12-d4211c02ede9","false"
"0","0","NC-0000000148","2","ST-000134","0","2026-03-15T02:37:45.771Z","video","0","2026-03-15T02:37:45.771Z","69b61b77e0fa41033d4d8c59","2026-03-15T02:37:43.043000","2026-03-15T02:37:46.955000","service_eb508f39-ce3d-4391-bb12-d4211c02ede9","false"
"0","0","NC-0000000148","2","ST-000201","0","2026-03-15T02:37:43.828Z","video","0","2026-03-15T02:37:43.828Z","69b61b75b620cd41e2e8b1f7","2026-03-15T02:37:41.115000","2026-03-15T02:37:45.096000","service_eb508f39-ce3d-4391-bb12-d4211c02ede9","false"
"0","0","NC-0000000080","4","ST-000091","0","2026-03-14T15:50:41.474Z","music","0","2026-03-14T15:50:41.474Z","69b583c47d8e36f147583eff","2026-03-14T15:50:28.504000","2026-03-14T15:50:45.026000","service_eb508f39-ce3d-4391-bb12-d4211c02ede9","false"
"0","0","NC-0000000080","4","ST-000139","0","2026-03-14T15:50:41.474Z","music","0","2026-03-14T15:50:41.474Z","69b583c49296864c573f347b","2026-03-14T15:50:28.190000","2026-03-14T15:50:44.655000","service_eb508f39-ce3d-4391-bb12-d4211c02ede9","false"
"0","0","NC-0000000080","4","ST-000145","0","2026-03-14T15:50:41.474Z","music","0","2026-03-14T15:50:41.474Z","69b583c31e4ff83ca98639bd","2026-03-14T15:50:27.782000","2026-03-14T15:50:44.346000","service_eb508f39-ce3d-4391-bb12-d4211c02ede9","false"
"0","0","NC-0000000080","4","ST-000019","0","2026-03-14T15:50:41.474Z","music","0","2026-03-14T15:50:41.474Z","69b583c1893be69880f7d000","2026-03-14T15:50:25.768000","2026-03-14T15:50:44.004000","service_eb508f39-ce3d-4391-bb12-d4211c02ede9","false"
"0","0","NC-0000000080","4","ST-000018","0","2026-03-14T15:50:41.474Z","music","0","2026-03-14T15:50:41.474Z","69b583c181521c95d9360b30","2026-03-14T15:50:25.400000","2026-03-14T15:50:43.653000","service_eb508f39-ce3d-4391-bb12-d4211c02ede9","false"
"0","0","NC-0000000080","4","ST-000133","0","2026-03-14T15:50:41.474Z","music","0","2026-03-14T15:50:41.474Z","69b583c13d29423d9620eeae","2026-03-14T15:50:25.076000","2026-03-14T15:50:43.314000","service_eb508f39-ce3d-4391-bb12-d4211c02ede9","false"
"0","0","NC-0000000080","4","ST-000134","0","2026-03-14T15:50:41.474Z","music","0","2026-03-14T15:50:41.474Z","69b583c0180851c29fa7d716","2026-03-14T15:50:24.770000","2026-03-14T15:50:42.983000","service_eb508f39-ce3d-4391-bb12-d4211c02ede9","false"
"0","0","NC-0000000080","4","ST-000080","0","2026-03-14T15:50:41.474Z","music","0","2026-03-14T15:50:41.474Z","69b583c0a72075c72acc36d5","2026-03-14T15:50:24.431000","2026-03-14T15:50:42.658000","service_eb508f39-ce3d-4391-bb12-d4211c02ede9","false"
"0","0","NC-0000000300","2","ST-000019","0","2026-03-14T15:05:47.273Z","music","0","2026-03-14T15:05:47.273Z","69b57943ce25c31d633d1fb8","2026-03-14T15:05:39.423000","2026-03-14T15:05:50.733000","service_eb508f39-ce3d-4391-bb12-d4211c02ede9","false"
"0","0","NC-0000000300","2","ST-000018","0","2026-03-14T15:05:47.273Z","music","0","2026-03-14T15:05:47.273Z","69b57943442fafad5f78c114","2026-03-14T15:05:39.059000","2026-03-14T15:05:50.224000","service_eb508f39-ce3d-4391-bb12-d4211c02ede9","false"
"0","0","NC-0000000300","2","ST-000133","0","2026-03-14T15:05:47.273Z","music","0","2026-03-14T15:05:47.273Z","69b57942b98aecfdd2e72491","2026-03-14T15:05:38.629000","2026-03-14T15:05:49.859000","service_eb508f39-ce3d-4391-bb12-d4211c02ede9","false"
"0","0","NC-0000000300","2","ST-000134","0","2026-03-14T15:05:47.273Z","music","0","2026-03-14T15:05:47.273Z","69b57942da9c4fc89a3f2f54","2026-03-14T15:05:38.072000","2026-03-14T15:05:49.383000","service_eb508f39-ce3d-4391-bb12-d4211c02ede9","false"
"0","0","NC-0000000300","2","ST-000080","0","2026-03-14T15:05:47.273Z","music","0","2026-03-14T15:05:47.273Z","69b579405a5fe6cc10af6fad","2026-03-14T15:05:36.780000","2026-03-14T15:05:48.963000","service_eb508f39-ce3d-4391-bb12-d4211c02ede9","false"
"0","0","NC-0000000071","1","ST-000025","0","2026-03-14T00:27:29.262Z","music","0","2026-03-14T00:27:29.262Z","69b4ab730884665ef16d85eb","2026-03-14T00:27:31.182000","2026-03-14T00:27:31.182000","service_eb508f39-ce3d-4391-bb12-d4211c02ede9","false"
"0","0","NC-0000000071","1","ST-000019","0","2026-03-14T00:27:29.262Z","music","0","2026-03-14T00:27:29.262Z","69b4ab725e165dcc0bc39ad3","2026-03-14T00:27:30.845000","2026-03-14T00:27:30.845000","service_eb508f39-ce3d-4391-bb12-d4211c02ede9","false"
"0","0","NC-0000000071","1","ST-000029","0","2026-03-14T00:27:29.262Z","music","0","2026-03-14T00:27:29.262Z","69b4ab7217db130b7a508ac7","2026-03-14T00:27:30.506000","2026-03-14T00:27:30.506000","service_eb508f39-ce3d-4391-bb12-d4211c02ede9","false"
"0","0","NC-0000000071","1","ST-000174","0","2026-03-14T00:27:23.527Z","music","0","2026-03-14T00:27:23.527Z","69b4ab70fd4f5bb4378e4fd8","2026-03-14T00:27:28.500000","2026-03-14T00:27:28.500000","service_eb508f39-ce3d-4391-bb12-d4211c02ede9","false"
"0","0","NC-0000000071","1","ST-000158","0","2026-03-14T00:27:23.527Z","music","0","2026-03-14T00:27:23.527Z","69b4ab704143519003bab518","2026-03-14T00:27:28.088000","2026-03-14T00:27:28.088000","service_eb508f39-ce3d-4391-bb12-d4211c02ede9","false"
"0","0","NC-0000000071","1","ST-000207","0","2026-03-14T00:27:23.527Z","music","0","2026-03-14T00:27:23.527Z","69b4ab6fcb2c49aeb45ff3f9","2026-03-14T00:27:27.753000","2026-03-14T00:27:27.753000","service_eb508f39-ce3d-4391-bb12-d4211c02ede9","false"
"0","0","NC-0000000071","1","ST-000204","0","2026-03-14T00:27:23.527Z","music","0","2026-03-14T00:27:23.527Z","69b4ab6f66cbef73ab795ed7","2026-03-14T00:27:27.372000","2026-03-14T00:27:27.372000","service_eb508f39-ce3d-4391-bb12-d4211c02ede9","false"
"0","0","NC-0000000071","1","ST-000184","0","2026-03-14T00:27:23.527Z","music","0","2026-03-14T00:27:23.527Z","69b4ab6fa02aa9f00fdf51ab","2026-03-14T00:27:27.010000","2026-03-14T00:27:27.010000","service_eb508f39-ce3d-4391-bb12-d4211c02ede9","false"
"0","0","NC-0000000071","1","ST-000183","0","2026-03-14T00:27:23.527Z","music","0","2026-03-14T00:27:23.527Z","69b4ab6ece220ba275ee2120","2026-03-14T00:27:26.681000","2026-03-14T00:27:26.681000","service_eb508f39-ce3d-4391-bb12-d4211c02ede9","false"
"0","0","NC-0000000071","1","ST-000182","0","2026-03-14T00:27:23.527Z","music","0","2026-03-14T00:27:23.527Z","69b4ab6ea0d8dadd2f3292cd","2026-03-14T00:27:26.360000","2026-03-14T00:27:26.360000","service_eb508f39-ce3d-4391-bb12-d4211c02ede9","false"
"0","0","NC-0000000071","1","ST-000168","0","2026-03-14T00:27:23.527Z","music","0","2026-03-14T00:27:23.527Z","69b4ab6e1b998e4546a53648","2026-03-14T00:27:26.032000","2026-03-14T00:27:26.032000","service_eb508f39-ce3d-4391-bb12-d4211c02ede9","false"
"0","0","NC-0000000071","1","ST-000169","0","2026-03-14T00:27:23.527Z","music","0","2026-03-14T00:27:23.527Z","69b4ab6d131c8e4b3dbbf31d","2026-03-14T00:27:25.688000","2026-03-14T00:27:25.688000","service_eb508f39-ce3d-4391-bb12-d4211c02ede9","false"
"0","0","NC-0000000071","1","ST-000170","0","2026-03-14T00:27:23.527Z","music","0","2026-03-14T00:27:23.527Z","69b4ab6d187102f4882cc6df","2026-03-14T00:27:25.343000","2026-03-14T00:27:25.343000","service_eb508f39-ce3d-4391-bb12-d4211c02ede9","false"
"0","0","NC-0000000071","1","ST-000171","0","2026-03-14T00:27:23.527Z","music","0","2026-03-14T00:27:23.527Z","69b4ab6cd66b898b658272c9","2026-03-14T00:27:24.960000","2026-03-14T00:27:24.960000","service_eb508f39-ce3d-4391-bb12-d4211c02ede9","false"
"0","0","NC-0000000071","1","ST-000018","0","2026-03-14T00:27:23.527Z","music","0","2026-03-14T00:27:23.527Z","69b4ab6c0efb02b02a226697","2026-03-14T00:27:24.627000","2026-03-14T00:27:24.627000","service_eb508f39-ce3d-4391-bb12-d4211c02ede9","false"
"0","0","NC-0000000071","1","ST-000052","0","2026-03-14T00:27:20.776Z","music","0","2026-03-14T00:27:20.776Z","69b4ab6a9d160a2b169783c4","2026-03-14T00:27:22.919000","2026-03-14T00:27:22.919000","service_eb508f39-ce3d-4391-bb12-d4211c02ede9","false"
"0","0","NC-0000000071","1","ST-000071","0","2026-03-14T00:27:20.776Z","music","0","2026-03-14T00:27:20.776Z","69b4ab6a471095b0ef0435ab","2026-03-14T00:27:22.586000","2026-03-14T00:27:22.586000","service_eb508f39-ce3d-4391-bb12-d4211c02ede9","false"
"0","0","NC-0000000071","1","ST-000068","0","2026-03-14T00:27:20.776Z","music","0","2026-03-14T00:27:20.776Z","69b4ab6a089c766eb8dd1f37","2026-03-14T00:27:22.243000","2026-03-14T00:27:22.243000","service_eb508f39-ce3d-4391-bb12-d4211c02ede9","false"
"0","0","NC-0000000071","1","ST-000191","0","2026-03-14T00:27:20.776Z","music","0","2026-03-14T00:27:20.776Z","69b4ab69416c1924d126752c","2026-03-14T00:27:21.926000","2026-03-14T00:27:21.926000","service_eb508f39-ce3d-4391-bb12-d4211c02ede9","false"
"0","0","NC-0000000071","1","ST-000145","0","2026-03-14T00:27:18.216Z","music","0","2026-03-14T00:27:18.216Z","69b4ab68b2abcbc5ac76b168","2026-03-14T00:27:20.181000","2026-03-14T00:27:20.181000","service_eb508f39-ce3d-4391-bb12-d4211c02ede9","false"
"0","0","NC-0000000071","1","ST-000091","0","2026-03-14T00:27:18.216Z","music","0","2026-03-14T00:27:18.216Z","69b4ab67f5404899fbed2ac1","2026-03-14T00:27:19.830000","2026-03-14T00:27:19.830000","service_eb508f39-ce3d-4391-bb12-d4211c02ede9","false"
"0","0","NC-0000000071","1","ST-000092","0","2026-03-14T00:27:18.216Z","music","0","2026-03-14T00:27:18.216Z","69b4ab67b195673267b892e2","2026-03-14T00:27:19.404000","2026-03-14T00:27:19.404000","service_eb508f39-ce3d-4391-bb12-d4211c02ede9","false"
"0","0","NC-0000000059","1","ST-000091","0","2026-03-13T22:09:59.250Z","music","0","2026-03-13T22:09:59.250Z","69b48b3927757aa954691ce7","2026-03-13T22:10:01.186000","2026-03-13T22:10:01.186000","service_eb508f39-ce3d-4391-bb12-d4211c02ede9","false"
"0","0","NC-0000000059","1","ST-000144","0","2026-03-13T22:09:59.250Z","music","0","2026-03-13T22:09:59.250Z","69b48b38e87f9bf786b843ac","2026-03-13T22:10:00.752000","2026-03-13T22:10:00.752000","service_eb508f39-ce3d-4391-bb12-d4211c02ede9","false"
"0","0","NC-0000000059","1","ST-000145","0","2026-03-13T22:09:59.250Z","music","0","2026-03-13T22:09:59.250Z","69b48b38a714f1cbf13e62e1","2026-03-13T22:10:00.414000","2026-03-13T22:10:00.414000","service_eb508f39-ce3d-4391-bb12-d4211c02ede9","false"
"0","0","NC-0000000059","1","ST-000135","0","2026-03-13T22:09:57.000Z","music","0","2026-03-13T22:09:57.000Z","69b48b36f5d8877f166b4509","2026-03-13T22:09:58.486000","2026-03-13T22:09:58.486000","service_eb508f39-ce3d-4391-bb12-d4211c02ede9","false"
"0","0","NC-0000000010","2","ST-000171","0","2026-03-13T15:12:58.799Z","music","0","2026-03-13T15:12:58.799Z","69b429781240dc454a68b6b0","2026-03-13T15:12:56.698000","2026-03-13T15:13:00.313000","service_eb508f39-ce3d-4391-bb12-d4211c02ede9","false"
"0","0","NC-0000000010","2","ST-000219","0","2026-03-13T15:12:58.799Z","music","0","2026-03-13T15:12:58.799Z","69b42976b1975121ae7e85b6","2026-03-13T15:12:54.694000","2026-03-13T15:12:59.954000","service_eb508f39-ce3d-4391-bb12-d4211c02ede9","false"
"0","0","NC-0000000075","2","ST-000171","0","2026-03-13T13:52:47.141Z","music","0","2026-03-13T13:52:47.141Z","69b416ae707da25cf374c448","2026-03-13T13:52:46.538000","2026-03-13T13:52:48.670000","service_eb508f39-ce3d-4391-bb12-d4211c02ede9","false"
"0","0","NC-0000000075","2","ST-000219","0","2026-03-13T13:52:47.141Z","music","0","2026-03-13T13:52:47.141Z","69b416ac7a69bd0a5556072b","2026-03-13T13:52:44.743000","2026-03-13T13:52:48.339000","service_eb508f39-ce3d-4391-bb12-d4211c02ede9","false"
"0","0","NC-0000000122","2","ST-000219","0","2026-03-13T13:22:55.055Z","humour","0","2026-03-13T13:22:55.055Z","69b40fae0616b716d63fae40","2026-03-13T13:22:54.385000","2026-03-13T13:22:56.892000","service_eb508f39-ce3d-4391-bb12-d4211c02ede9","false"
"0","0","NC-0000000122","2","ST-000135","0","2026-03-13T13:22:55.055Z","humour","0","2026-03-13T13:22:55.055Z","69b40faee2dea32dae572ca3","2026-03-13T13:22:54.078000","2026-03-13T13:22:56.571000","service_eb508f39-ce3d-4391-bb12-d4211c02ede9","false"
"0","0","NC-0000000122","2","ST-000171","0","2026-03-13T13:22:55.055Z","humour","0","2026-03-13T13:22:55.055Z","69b40fac685ad4ebb5928940","2026-03-13T13:22:52.070000","2026-03-13T13:22:56.265000","service_eb508f39-ce3d-4391-bb12-d4211c02ede9","false"
"0","0","NC-0000000249","1","ST-000182","0","2026-03-12T22:28:18.949Z","humour","0","2026-03-12T22:28:18.949Z","69b33e0480aaf546ff5c208e","2026-03-12T22:28:20.924000","2026-03-12T22:28:20.924000","service_eb508f39-ce3d-4391-bb12-d4211c02ede9","false"
"0","0","NC-0000000249","1","ST-000146","0","2026-03-12T22:28:16.866Z","humour","0","2026-03-12T22:28:16.866Z","69b33e02e6c729c1a2137984","2026-03-12T22:28:18.205000","2026-03-12T22:28:18.205000","service_eb508f39-ce3d-4391-bb12-d4211c02ede9","false"
"0","0","NC-0000000249","2","ST-000019","0","2026-03-12T22:23:57.664Z","music","0","2026-03-12T22:23:57.664Z","69b33d05b253a9c1e1a70efe","2026-03-12T22:24:05.766000","2026-03-12T22:24:06.146000","service_eb508f39-ce3d-4391-bb12-d4211c02ede9","false"
"0","0","NC-0000000249","2","ST-000171","0","2026-03-12T22:23:57.664Z","music","0","2026-03-12T22:23:57.664Z","69b33d04cce32be939d30674","2026-03-12T22:24:04.872000","2026-03-12T22:24:05.334000","service_eb508f39-ce3d-4391-bb12-d4211c02ede9","false"
"0","0","NC-0000000249","2","ST-000202","0","2026-03-12T22:23:57.664Z","music","0","2026-03-12T22:23:57.664Z","69b33d042b54728ae600465e","2026-03-12T22:24:04.208000","2026-03-12T22:24:04.883000","service_eb508f39-ce3d-4391-bb12-d4211c02ede9","false"
"0","0","NC-0000000249","1","ST-000206","0","2026-03-12T22:23:56.664Z","music","0","2026-03-12T22:23:56.664Z","69b33d03339d5e362ccd4aa6","2026-03-12T22:24:03.419000","2026-03-12T22:24:03.419000","service_eb508f39-ce3d-4391-bb12-d4211c02ede9","false"
"0","0","NC-0000000249","1","ST-000206","0","2026-03-12T22:23:57.664Z","music","0","2026-03-12T22:23:57.664Z","69b33d037280ee08367832f8","2026-03-12T22:24:03.368000","2026-03-12T22:24:03.368000","service_eb508f39-ce3d-4391-bb12-d4211c02ede9","false"
"0","0","NC-0000000249","1","ST-000205","0","2026-03-12T22:23:56.664Z","music","0","2026-03-12T22:23:56.664Z","69b33d0329368ca70df2747a","2026-03-12T22:24:03.012000","2026-03-12T22:24:03.012000","service_eb508f39-ce3d-4391-bb12-d4211c02ede9","false"
"0","0","NC-0000000249","1","ST-000205","0","2026-03-12T22:23:57.664Z","music","0","2026-03-12T22:23:57.664Z","69b33d0235618aba752dda73","2026-03-12T22:24:02.971000","2026-03-12T22:24:02.971000","service_eb508f39-ce3d-4391-bb12-d4211c02ede9","false"
"0","0","NC-0000000249","2","ST-000211","0","2026-03-12T22:23:57.664Z","music","0","2026-03-12T22:23:57.664Z","69b33d01c17f7f55cf395c87","2026-03-12T22:24:01.471000","2026-03-12T22:24:02.101000","service_eb508f39-ce3d-4391-bb12-d4211c02ede9","false"
"0","0","NC-0000000249","2","ST-000210","0","2026-03-12T22:23:57.664Z","music","0","2026-03-12T22:23:57.664Z","69b33d010b6731962f37890d","2026-03-12T22:24:01.021000","2026-03-12T22:24:01.533000","service_eb508f39-ce3d-4391-bb12-d4211c02ede9","false"
"0","0","NC-0000000249","2","ST-000209","0","2026-03-12T22:23:57.664Z","music","0","2026-03-12T22:23:57.664Z","69b33cff65094a8674152156","2026-03-12T22:23:59.932000","2026-03-12T22:24:00.868000","service_eb508f39-ce3d-4391-bb12-d4211c02ede9","false"
"0","0","NC-0000000249","2","ST-000200","0","2026-03-12T22:23:57.664Z","music","0","2026-03-12T22:23:57.664Z","69b33cffd51f7dc9fd1ed9aa","2026-03-12T22:23:59.510000","2026-03-12T22:24:00.517000","service_eb508f39-ce3d-4391-bb12-d4211c02ede9","false"
"0","0","NC-0000000249","2","ST-000133","0","2026-03-12T22:23:57.664Z","music","0","2026-03-12T22:23:57.664Z","69b33cffdd53ff35451afdce","2026-03-12T22:23:59.080000","2026-03-12T22:24:00.052000","service_eb508f39-ce3d-4391-bb12-d4211c02ede9","false"
"0","0","NC-0000000249","2","ST-000134","0","2026-03-12T22:23:57.664Z","music","0","2026-03-12T22:23:57.664Z","69b33cfed95ffa07e2483696","2026-03-12T22:23:58.499000","2026-03-12T22:23:59.625000","service_eb508f39-ce3d-4391-bb12-d4211c02ede9","false"
"0","0","NC-0000000249","2","ST-000080","0","2026-03-12T22:23:57.664Z","music","0","2026-03-12T22:23:57.664Z","69b33cfe5e12634c2982b16f","2026-03-12T22:23:58.088000","2026-03-12T22:23:59.274000","service_eb508f39-ce3d-4391-bb12-d4211c02ede9","false"
"0","0","NC-0000000249","1","ST-000174","0","2026-03-12T22:19:38.322Z","music","0","2026-03-12T22:19:38.322Z","69b33bfef6d5227cd6c0ab1f","2026-03-12T22:19:42.046000","2026-03-12T22:19:42.046000","service_eb508f39-ce3d-4391-bb12-d4211c02ede9","false"
"0","0","NC-0000000249","1","ST-000158","0","2026-03-12T22:19:38.322Z","music","0","2026-03-12T22:19:38.322Z","69b33bfd886414ea637746a5","2026-03-12T22:19:41.429000","2026-03-12T22:19:41.429000","service_eb508f39-ce3d-4391-bb12-d4211c02ede9","false"
"0","0","NC-0000000249","2","ST-000207","0","2026-03-12T22:23:57.664Z","music","0","2026-03-12T22:23:57.664Z","69b33bfd9167e9af54881c34","2026-03-12T22:19:41.040000","2026-03-12T22:24:04.480000","service_eb508f39-ce3d-4391-bb12-d4211c02ede9","false"
"0","0","NC-0000000249","3","ST-000204","0","2026-03-12T22:23:57.664Z","music","0","2026-03-12T22:23:57.664Z","69b33bfc0816613b9068e1cb","2026-03-12T22:19:40.627000","2026-03-12T22:24:02.582000","service_eb508f39-ce3d-4391-bb12-d4211c02ede9","false"
"0","0","NC-0000000249","3","ST-000182","0","2026-03-12T22:24:06.623Z","music","0","2026-03-12T22:24:06.623Z","69b33bfc2880423f397ed73f","2026-03-12T22:19:40.191000","2026-03-12T22:24:08.746000","service_eb508f39-ce3d-4391-bb12-d4211c02ede9","false"
"0","0","NC-0000000249","3","ST-000018","0","2026-03-12T22:23:57.664Z","music","0","2026-03-12T22:23:57.664Z","69b33bfbf88393f896f2bc78","2026-03-12T22:19:39.784000","2026-03-12T22:24:05.749000","service_eb508f39-ce3d-4391-bb12-d4211c02ede9","false"
"0","0","NC-0000000249","1","ST-000180","0","2026-03-12T22:19:34.805Z","music","0","2026-03-12T22:19:34.805Z","69b33bf931b4d868c8fb2820","2026-03-12T22:19:37.678000","2026-03-12T22:19:37.678000","service_eb508f39-ce3d-4391-bb12-d4211c02ede9","false"
"0","0","NC-0000000249","1","ST-000187","0","2026-03-12T22:19:34.805Z","music","0","2026-03-12T22:19:34.805Z","69b33bf9fdd6bdea99c9d2da","2026-03-12T22:19:37.170000","2026-03-12T22:19:37.170000","service_eb508f39-ce3d-4391-bb12-d4211c02ede9","false"
"0","0","NC-0000000249","1","ST-000219","0","2026-03-12T22:19:34.805Z","music","0","2026-03-12T22:19:34.805Z","69b33bf8306687bdd7f91952","2026-03-12T22:19:36.704000","2026-03-12T22:19:36.704000","service_eb508f39-ce3d-4391-bb12-d4211c02ede9","false"
"0","0","NC-0000000249","1","ST-000135","0","2026-03-12T22:19:34.805Z","music","0","2026-03-12T22:19:34.805Z","69b33bf805d2ddcb8610964c","2026-03-12T22:19:36.361000","2026-03-12T22:19:36.361000","service_eb508f39-ce3d-4391-bb12-d4211c02ede9","false"
"0","0","NC-0000000067","1","ST-000170","0","2026-03-12T21:48:33.087Z","music","0","2026-03-12T21:48:33.087Z","69b334b2ee55d7b743c63bd6","2026-03-12T21:48:34.739000","2026-03-12T21:48:34.739000","service_eb508f39-ce3d-4391-bb12-d4211c02ede9","false"
"0","0","NC-0000000067","1","ST-000180","0","2026-03-12T21:48:30.481Z","music","0","2026-03-12T21:48:30.481Z","69b334af7d2c98c50e12e0e2","2026-03-12T21:48:31.955000","2026-03-12T21:48:31.955000","service_eb508f39-ce3d-4391-bb12-d4211c02ede9","false"
"0","0","NC-0000000122","2","ST-000180","0","2026-03-12T21:56:30.152Z","music","0","2026-03-12T21:56:30.152Z","69b3326a0992759d0094d273","2026-03-12T21:38:50.780000","2026-03-12T21:56:32.751000","service_eb508f39-ce3d-4391-bb12-d4211c02ede9","false"
"0","0","NC-0000000122","1","ST-000091","0","2026-03-12T21:38:47.353Z","music","0","2026-03-12T21:38:47.353Z","69b3326af3bf7e57dc4870bb","2026-03-12T21:38:50.413000","2026-03-12T21:38:50.413000","service_eb508f39-ce3d-4391-bb12-d4211c02ede9","false"
"0","0","NC-0000000122","1","ST-000139","0","2026-03-12T21:38:47.353Z","music","0","2026-03-12T21:38:47.353Z","69b33269eec2c008de2cbbf0","2026-03-12T21:38:49.929000","2026-03-12T21:38:49.929000","service_eb508f39-ce3d-4391-bb12-d4211c02ede9","false"
"0","0","NC-0000000122","1","ST-000145","0","2026-03-12T21:38:47.353Z","music","0","2026-03-12T21:38:47.353Z","69b332693adce121c48fcba8","2026-03-12T21:38:49.587000","2026-03-12T21:38:49.587000","service_eb508f39-ce3d-4391-bb12-d4211c02ede9","false"
"0","0","NC-0000000122","1","ST-000176","0","2026-03-12T21:31:53.371Z","music","0","2026-03-12T21:31:53.371Z","69b330ca6e2fb63f61e77060","2026-03-12T21:31:54.953000","2026-03-12T21:31:54.953000","service_eb508f39-ce3d-4391-bb12-d4211c02ede9","false"
"0","0","NC-0000000122","2","ST-000174","0","2026-03-12T21:38:43.550Z","music","0","2026-03-12T21:38:43.550Z","69b32e05c6ec2f596fa84659","2026-03-12T21:20:05.523000","2026-03-12T21:38:46.642000","service_eb508f39-ce3d-4391-bb12-d4211c02ede9","false"
"0","0","NC-0000000122","1","ST-000158","0","2026-03-12T21:19:57.332Z","music","0","2026-03-12T21:19:57.332Z","69b32e0566d80f5f3eded46f","2026-03-12T21:20:05.141000","2026-03-12T21:20:05.141000","service_eb508f39-ce3d-4391-bb12-d4211c02ede9","false"
"0","0","NC-0000000122","1","ST-000184","0","2026-03-12T21:19:57.332Z","music","0","2026-03-12T21:19:57.332Z","69b32e026eab8d6ed11789f6","2026-03-12T21:20:02.983000","2026-03-12T21:20:02.983000","service_eb508f39-ce3d-4391-bb12-d4211c02ede9","false"
"0","0","NC-0000000122","1","ST-000183","0","2026-03-12T21:19:57.332Z","music","0","2026-03-12T21:19:57.332Z","69b32e02f3830b29780f80ff","2026-03-12T21:20:02.239000","2026-03-12T21:20:02.239000","service_eb508f39-ce3d-4391-bb12-d4211c02ede9","false"
"0","0","NC-0000000122","4","ST-000182","0","2026-03-12T21:56:33.512Z","music","0","2026-03-12T21:56:33.512Z","69b32e010d92442c20d85975","2026-03-12T21:20:01.789000","2026-03-12T21:56:34.908000","service_eb508f39-ce3d-4391-bb12-d4211c02ede9","false"
"0","0","NC-0000000122","1","ST-000168","0","2026-03-12T21:19:57.332Z","music","0","2026-03-12T21:19:57.332Z","69b32e01e2ec9f8c6a9c62d4","2026-03-12T21:20:01.271000","2026-03-12T21:20:01.271000","service_eb508f39-ce3d-4391-bb12-d4211c02ede9","false"
"0","0","NC-0000000122","1","ST-000169","0","2026-03-12T21:19:57.332Z","music","0","2026-03-12T21:19:57.332Z","69b32e00b355b9a6fb27875c","2026-03-12T21:20:00.783000","2026-03-12T21:20:00.783000","service_eb508f39-ce3d-4391-bb12-d4211c02ede9","false"
"0","0","NC-0000000122","1","ST-000170","0","2026-03-12T21:19:57.332Z","music","0","2026-03-12T21:19:57.332Z","69b32e00f6087eaacd100fe6","2026-03-12T21:20:00.343000","2026-03-12T21:20:00.343000","service_eb508f39-ce3d-4391-bb12-d4211c02ede9","false"
"0","0","NC-0000000122","2","ST-000018","0","2026-03-12T21:38:43.550Z","music","0","2026-03-12T21:38:43.550Z","69b32dfe17d8a5d53ae0632a","2026-03-12T21:19:58.929000","2026-03-12T21:38:45.096000","service_eb508f39-ce3d-4391-bb12-d4211c02ede9","false"
"0","0","NC-0000000122","2","ST-000171","0","2026-03-12T21:19:57.332Z","music","0","2026-03-12T21:19:57.332Z","69b32dfc010b5c771c9f0ce0","2026-03-12T21:19:56.430000","2026-03-12T21:19:59.922000","service_eb508f39-ce3d-4391-bb12-d4211c02ede9","false"
"0","0","NC-0000000122","1","ST-000202","0","2026-03-12T21:19:48.827Z","music","0","2026-03-12T21:19:48.827Z","69b32dfc08a7408e556a089a","2026-03-12T21:19:56.120000","2026-03-12T21:19:56.120000","service_eb508f39-ce3d-4391-bb12-d4211c02ede9","false"
"0","0","NC-0000000122","3","ST-000207","0","2026-03-12T21:38:43.550Z","music","0","2026-03-12T21:38:43.550Z","69b32dfbcd64e34af79ec14e","2026-03-12T21:19:55.708000","2026-03-12T21:38:46.250000","service_eb508f39-ce3d-4391-bb12-d4211c02ede9","false"
"0","0","NC-0000000122","1","ST-000206","0","2026-03-12T21:19:48.827Z","music","0","2026-03-12T21:19:48.827Z","69b32dfb0e505c055f884f01","2026-03-12T21:19:55.004000","2026-03-12T21:19:55.004000","service_eb508f39-ce3d-4391-bb12-d4211c02ede9","false"
"0","0","NC-0000000122","1","ST-000205","0","2026-03-12T21:19:48.827Z","music","0","2026-03-12T21:19:48.827Z","69b32dfa553f8ff12c16bafc","2026-03-12T21:19:54.508000","2026-03-12T21:19:54.508000","service_eb508f39-ce3d-4391-bb12-d4211c02ede9","false"
"0","0","NC-0000000122","3","ST-000204","0","2026-03-12T21:38:43.550Z","music","0","2026-03-12T21:38:43.550Z","69b32df94926de656a4a1e6b","2026-03-12T21:19:53.562000","2026-03-12T21:38:45.919000","service_eb508f39-ce3d-4391-bb12-d4211c02ede9","false"
"0","0","NC-0000000122","1","ST-000211","0","2026-03-12T21:19:48.827Z","music","0","2026-03-12T21:19:48.827Z","69b32df93e0bfd08f5de0818","2026-03-12T21:19:53.034000","2026-03-12T21:19:53.034000","service_eb508f39-ce3d-4391-bb12-d4211c02ede9","false"
"0","0","NC-0000000122","1","ST-000210","0","2026-03-12T21:19:48.827Z","music","0","2026-03-12T21:19:48.827Z","69b32df87fc4dea9b38dc6a0","2026-03-12T21:19:52.287000","2026-03-12T21:19:52.287000","service_eb508f39-ce3d-4391-bb12-d4211c02ede9","false"
"0","0","NC-0000000122","1","ST-000209","0","2026-03-12T21:19:48.827Z","music","0","2026-03-12T21:19:48.827Z","69b32df77d6a8acfc00180d7","2026-03-12T21:19:51.583000","2026-03-12T21:19:51.583000","service_eb508f39-ce3d-4391-bb12-d4211c02ede9","false"
"0","0","NC-0000000122","1","ST-000200","0","2026-03-12T21:19:48.827Z","music","0","2026-03-12T21:19:48.827Z","69b32df709db46c1ac13ce15","2026-03-12T21:19:51.126000","2026-03-12T21:19:51.126000","service_eb508f39-ce3d-4391-bb12-d4211c02ede9","false"
"0","0","NC-0000000122","1","ST-000134","0","2026-03-12T21:19:48.827Z","music","0","2026-03-12T21:19:48.827Z","69b32df620ea1eb9f074060e","2026-03-12T21:19:50.721000","2026-03-12T21:19:50.721000","service_eb508f39-ce3d-4391-bb12-d4211c02ede9","false"
"1","2","NC-0000000068","1","ST-000200","4.9","2026-03-02T23:48:27.170Z","music","9.8","2026-03-12T20:53:41.271Z","69b327d5c4059056251eef43","2026-03-12T20:53:41.391000","2026-03-12T20:53:41.391000","service_eb508f39-ce3d-4391-bb12-d4211c02ede9","false"
"1","2","NC-0000000068","1","ST-000133","4.9","2026-03-02T23:48:27.170Z","music","9.8","2026-03-12T20:53:41.069Z","69b327d5d0e9d6104c0c69a0","2026-03-12T20:53:41.233000","2026-03-12T20:53:41.233000","service_eb508f39-ce3d-4391-bb12-d4211c02ede9","false"
"1","2","NC-0000000068","1","ST-000134","4.9","2026-03-02T23:48:27.170Z","music","9.8","2026-03-12T20:53:40.624Z","69b327d58d6fa24a7f04fa3d","2026-03-12T20:53:41.039000","2026-03-12T20:53:41.039000","service_eb508f39-ce3d-4391-bb12-d4211c02ede9","false"
"1","2","NC-0000000068","1","ST-000080","4.9","2026-03-02T23:48:27.170Z","music","9.8","2026-03-12T20:53:40.159Z","69b327d4e349c678be335b01","2026-03-12T20:53:40.587000","2026-03-12T20:53:40.587000","service_eb508f39-ce3d-4391-bb12-d4211c02ede9","false"
"1","2","NC-0000000068","1","ST-000201","4.9","2026-03-02T23:48:27.170Z","video","9.8","2026-03-12T20:53:39.984Z","69b327d4835ab72a2a3a6fda","2026-03-12T20:53:40.124000","2026-03-12T20:53:40.124000","service_eb508f39-ce3d-4391-bb12-d4211c02ede9","false"
"1","2","NC-0000000068","1","ST-000200","4.9","2026-03-02T23:48:27.170Z","video","9.8","2026-03-12T20:53:39.564Z","69b327d3f5afff578987951a","2026-03-12T20:53:39.743000","2026-03-12T20:53:39.743000","service_eb508f39-ce3d-4391-bb12-d4211c02ede9","false"
"1","2","NC-0000000068","1","ST-000203","4.9","2026-03-02T23:48:27.170Z","video","9.8","2026-03-12T20:53:39.094Z","69b327d3339a1b84b7020fc7","2026-03-12T20:53:39.533000","2026-03-12T20:53:39.533000","service_eb508f39-ce3d-4391-bb12-d4211c02ede9","false"
"1","2","NC-0000000068","1","ST-000202","4.9","2026-03-02T23:48:27.170Z","video","9.8","2026-03-12T20:53:38.780Z","69b327d22794d1a956dc81f7","2026-03-12T20:53:38.968000","2026-03-12T20:53:38.968000","service_eb508f39-ce3d-4391-bb12-d4211c02ede9","false"
"1","2","NC-0000000068","1","ST-000208","4.9","2026-03-02T23:48:27.170Z","video","9.8","2026-03-12T20:53:38.473Z","69b327d203eee54ce4eed2e9","2026-03-12T20:53:38.704000","2026-03-12T20:53:38.704000","service_eb508f39-ce3d-4391-bb12-d4211c02ede9","false"
"1","2","NC-0000000068","1","ST-000207","4.9","2026-03-02T23:48:27.170Z","video","9.8","2026-03-12T20:53:38.060Z","69b327d2707504d64cb1eb7c","2026-03-12T20:53:38.444000","2026-03-12T20:53:38.444000","service_eb508f39-ce3d-4391-bb12-d4211c02ede9","false"
"1","2","NC-0000000068","1","ST-000206","4.9","2026-03-02T23:48:27.170Z","video","9.8","2026-03-12T20:53:37.621Z","69b327d25e6ba2eff67c26b9","2026-03-12T20:53:38.028000","2026-03-12T20:53:38.028000","service_eb508f39-ce3d-4391-bb12-d4211c02ede9","false"
"1","2","NC-0000000068","1","ST-000205","4.9","2026-03-02T23:48:27.170Z","video","9.8","2026-03-12T20:53:37.450Z","69b327d11ff266bd8718fa56","2026-03-12T20:53:37.593000","2026-03-12T20:53:37.593000","service_eb508f39-ce3d-4391-bb12-d4211c02ede9","false"
"1","2","NC-0000000068","1","ST-000204","4.9","2026-03-02T23:48:27.170Z","video","9.8","2026-03-12T20:53:37.216Z","69b327d17c90a19a772f939f","2026-03-12T20:53:37.416000","2026-03-12T20:53:37.416000","service_eb508f39-ce3d-4391-bb12-d4211c02ede9","false"
"1","2","NC-0000000068","1","ST-000212","4.9","2026-03-02T23:48:27.170Z","video","9.8","2026-03-12T20:53:36.987Z","69b327d14e89a95a4d8e8889","2026-03-12T20:53:37.180000","2026-03-12T20:53:37.180000","service_eb508f39-ce3d-4391-bb12-d4211c02ede9","false"
"1","2","NC-0000000068","1","ST-000211","4.9","2026-03-02T23:48:27.170Z","video","9.8","2026-03-12T20:53:36.718Z","69b327d07ec60820007adabe","2026-03-12T20:53:36.923000","2026-03-12T20:53:36.923000","service_eb508f39-ce3d-4391-bb12-d4211c02ede9","false"
"1","2","NC-0000000068","1","ST-000210","4.9","2026-03-02T23:48:27.170Z","video","9.8","2026-03-12T20:53:36.545Z","69b327d07b0983a6256a18ab","2026-03-12T20:53:36.689000","2026-03-12T20:53:36.689000","service_eb508f39-ce3d-4391-bb12-d4211c02ede9","false"
"1","2","NC-0000000068","1","ST-000209","4.9","2026-03-02T23:48:27.170Z","video","9.8","2026-03-12T20:53:36.346Z","69b327d09d34127f445626a6","2026-03-12T20:53:36.503000","2026-03-12T20:53:36.503000","service_eb508f39-ce3d-4391-bb12-d4211c02ede9","false"
"1","2","NC-0000000068","1","ST-000213","4.9","2026-03-02T23:48:27.170Z","video","9.8","2026-03-12T20:53:36.193Z","69b327d09081cbcb8428a373","2026-03-12T20:53:36.310000","2026-03-12T20:53:36.310000","service_eb508f39-ce3d-4391-bb12-d4211c02ede9","false"
"1","2","NC-0000000068","1","ST-000214","4.9","2026-03-02T23:48:27.170Z","video","9.8","2026-03-12T20:53:35.939Z","69b327d0b35052f707a063cf","2026-03-12T20:53:36.092000","2026-03-12T20:53:36.092000","service_eb508f39-ce3d-4391-bb12-d4211c02ede9","false"
"1","2","NC-0000000068","1","ST-000216","4.9","2026-03-02T23:48:27.170Z","video","9.8","2026-03-12T20:53:35.714Z","69b327cf2bad5691cfc14904","2026-03-12T20:53:35.906000","2026-03-12T20:53:35.906000","service_eb508f39-ce3d-4391-bb12-d4211c02ede9","false"
"1","2","NC-0000000068","1","ST-000215","4.9","2026-03-02T23:48:27.170Z","video","9.8","2026-03-12T20:53:35.301Z","69b327cf73488fb30cb28f22","2026-03-12T20:53:35.478000","2026-03-12T20:53:35.478000","service_eb508f39-ce3d-4391-bb12-d4211c02ede9","false"
"1","2","NC-0000000068","1","ST-000217","4.9","2026-03-02T23:48:27.170Z","video","9.8","2026-03-12T20:53:34.841Z","69b327cf75179107c2d021e4","2026-03-12T20:53:35.236000","2026-03-12T20:53:35.236000","service_eb508f39-ce3d-4391-bb12-d4211c02ede9","false"
"1","2","NC-0000000068","1","ST-000218","4.9","2026-03-02T23:48:27.170Z","video","9.8","2026-03-12T20:53:34.653Z","69b327ceaa37aa498d6bc7e8","2026-03-12T20:53:34.812000","2026-03-12T20:53:34.812000","service_eb508f39-ce3d-4391-bb12-d4211c02ede9","false"
"1","2","NC-0000000068","1","ST-000219","4.9","2026-03-02T23:48:27.170Z","video","9.8","2026-03-12T20:53:34.255Z","69b327ce341e319832b58519","2026-03-12T20:53:34.629000","2026-03-12T20:53:34.629000","service_eb508f39-ce3d-4391-bb12-d4211c02ede9","false"
"1","1","NC-0000000090","1","ST-000219","4.6","2026-03-03T22:53:30.535Z","art","4.6","2026-03-12T20:53:34.058Z","69b327cecf73926d59ae8c19","2026-03-12T20:53:34.227000","2026-03-12T20:53:34.227000","service_eb508f39-ce3d-4391-bb12-d4211c02ede9","false"
"1","1","NC-0000000090","1","ST-000135","4.6","2026-03-03T22:53:30.535Z","art","4.6","2026-03-12T20:53:33.794Z","69b327cd08fee316d8bddd2f","2026-03-12T20:53:33.980000","2026-03-12T20:53:33.980000","service_eb508f39-ce3d-4391-bb12-d4211c02ede9","false"
"1","1","NC-0000000102","1","ST-000135","4.6","2026-03-03T22:58:53.258Z","music","4.6","2026-03-12T20:53:33.579Z","69b327cd6f04f5acecd7ffd1","2026-03-12T20:53:33.714000","2026-03-12T20:53:33.714000","service_eb508f39-ce3d-4391-bb12-d4211c02ede9","false"
"1","1","NC-0000000102","1","ST-000018","3.6","2026-03-03T22:58:53.258Z","music","3.6","2026-03-12T20:53:33.178Z","69b327cdb031d4155d502f09","2026-03-12T20:53:33.539000","2026-03-12T20:53:33.539000","service_eb508f39-ce3d-4391-bb12-d4211c02ede9","false"
"1","1","NC-0000000059","1","ST-000219","4.6","2026-03-03T23:29:30.900Z","art","4.6","2026-03-12T20:53:32.981Z","69b327cdb767093507bc99df","2026-03-12T20:53:33.147000","2026-03-12T20:53:33.147000","service_eb508f39-ce3d-4391-bb12-d4211c02ede9","false"
"1","1","NC-0000000059","1","ST-000135","4.6","2026-03-03T23:29:30.900Z","art","4.6","2026-03-12T20:53:31.736Z","69b327cc8c62a064dc0612aa","2026-03-12T20:53:32.888000","2026-03-12T20:53:32.888000","service_eb508f39-ce3d-4391-bb12-d4211c02ede9","false"
"1","1","NC-0000000059","1","ST-000018","3.8","2026-03-03T23:29:30.900Z","music","3.8","2026-03-12T20:53:31.262Z","69b327cba232d8e98b022c1a","2026-03-12T20:53:31.698000","2026-03-12T20:53:31.698000","service_eb508f39-ce3d-4391-bb12-d4211c02ede9","false"
"1","1","NC-0000000019","1","ST-000135","3.2","2026-03-04T15:00:19.901Z","music","3.2","2026-03-12T20:53:30.636Z","69b327cba35fb8e74a158fcb","2026-03-12T20:53:31.164000","2026-03-12T20:53:31.164000","service_eb508f39-ce3d-4391-bb12-d4211c02ede9","false"
"1","1","NC-0000000019","1","ST-000179","4","2026-03-04T15:00:19.901Z","humour","4","2026-03-12T20:53:30.174Z","69b327ca5723ba4f84cf5c30","2026-03-12T20:53:30.565000","2026-03-12T20:53:30.565000","service_eb508f39-ce3d-4391-bb12-d4211c02ede9","false"
"1","2","NC-0000000019","2","ST-000091","4.4","2026-03-04T15:00:19.901Z","humour","8.8","2026-03-12T20:53:29.992Z","69b327caa6165c906760f189","2026-03-12T20:53:30.142000","2026-03-12T20:53:30.142000","service_eb508f39-ce3d-4391-bb12-d4211c02ede9","false"
"1","2","NC-0000000019","2","ST-000139","4.4","2026-03-04T15:00:19.901Z","humour","8.8","2026-03-12T20:53:29.787Z","69b327c9ddef73b20fe628cf","2026-03-12T20:53:29.951000","2026-03-12T20:53:29.951000","service_eb508f39-ce3d-4391-bb12-d4211c02ede9","false"
"1","2","NC-0000000019","2","ST-000145","4.4","2026-03-04T15:00:19.901Z","humour","8.8","2026-03-12T20:53:29.304Z","69b327c9deb0b131cbbaa31a","2026-03-12T20:53:29.519000","2026-03-12T20:53:29.519000","service_eb508f39-ce3d-4391-bb12-d4211c02ede9","false"
"1","1","NC-0000000153","2","ST-000169","3.6","2026-03-07T01:45:43.259Z","humour","3.6","2026-03-12T20:53:29.020Z","69b327c96b8c876e9a75f269","2026-03-12T20:53:29.271000","2026-03-12T20:53:29.271000","service_eb508f39-ce3d-4391-bb12-d4211c02ede9","false"
"2","2","NC-0000000153","2","ST-000171","3.6","2026-03-07T01:45:43.259Z","humour","7.2","2026-03-12T20:53:28.707Z","69b327c8af32c68948b464ee","2026-03-12T20:53:28.984000","2026-03-12T20:53:28.984000","service_eb508f39-ce3d-4391-bb12-d4211c02ede9","false"
"1","1","NC-0000000150","2","ST-000135","4","2026-03-07T01:45:23.495Z","music","4","2026-03-12T20:53:28.191Z","69b327c8d841df0e1bda2b31","2026-03-12T20:53:28.661000","2026-03-12T20:53:28.661000","service_eb508f39-ce3d-4391-bb12-d4211c02ede9","false"
"2","0","NC-0000000150","3","ST-000018","0","2026-03-11T02:17:17.994000","music","0","2026-03-12T20:53:27.558Z","69b327c8c92dc6b29730e753","2026-03-12T20:53:28.153000","2026-03-12T20:53:28.153000","service_eb508f39-ce3d-4391-bb12-d4211c02ede9","false"
"1","1","NC-0000000047","1","ST-000202","4.2","2026-03-05T19:36:24.434Z","music","4.2","2026-03-12T20:53:27.387Z","69b327c77e26d8790986330b","2026-03-12T20:53:27.516000","2026-03-12T20:53:27.516000","service_eb508f39-ce3d-4391-bb12-d4211c02ede9","false"
"1","1","NC-0000000047","1","ST-000207","4.2","2026-03-05T19:36:24.434Z","music","4.2","2026-03-12T20:53:27.199Z","69b327c7901759de190be473","2026-03-12T20:53:27.334000","2026-03-12T20:53:27.334000","service_eb508f39-ce3d-4391-bb12-d4211c02ede9","false"
"1","1","NC-0000000047","1","ST-000206","4.2","2026-03-05T19:36:24.434Z","music","4.2","2026-03-12T20:53:26.781Z","69b327c7deeb9ccf3b5fc023","2026-03-12T20:53:27.172000","2026-03-12T20:53:27.172000","service_eb508f39-ce3d-4391-bb12-d4211c02ede9","false"
"1","1","NC-0000000047","1","ST-000205","4.2","2026-03-05T19:36:24.434Z","music","4.2","2026-03-12T20:53:26.332Z","69b327c64c8fe25fca0b4eb8","2026-03-12T20:53:26.750000","2026-03-12T20:53:26.750000","service_eb508f39-ce3d-4391-bb12-d4211c02ede9","false"
"1","1","NC-0000000047","1","ST-000204","4.2","2026-03-05T19:36:24.434Z","music","4.2","2026-03-12T20:53:26.093Z","69b327c6a2df4594553e396e","2026-03-12T20:53:26.239000","2026-03-12T20:53:26.239000","service_eb508f39-ce3d-4391-bb12-d4211c02ede9","false"
"1","1","NC-0000000047","1","ST-000211","4.2","2026-03-05T19:36:24.434Z","music","4.2","2026-03-12T20:53:25.898Z","69b327c6063ea741703047ee","2026-03-12T20:53:26.060000","2026-03-12T20:53:26.060000","service_eb508f39-ce3d-4391-bb12-d4211c02ede9","false"
"1","1","NC-0000000047","1","ST-000210","4.2","2026-03-05T19:36:24.434Z","music","4.2","2026-03-12T20:53:25.703Z","69b327c526e68214255388e4","2026-03-12T20:53:25.867000","2026-03-12T20:53:25.867000","service_eb508f39-ce3d-4391-bb12-d4211c02ede9","false"
"1","1","NC-0000000047","1","ST-000209","4.2","2026-03-05T19:36:24.434Z","music","4.2","2026-03-12T20:53:25.492Z","69b327c562027db2cb30e0dd","2026-03-12T20:53:25.645000","2026-03-12T20:53:25.645000","service_eb508f39-ce3d-4391-bb12-d4211c02ede9","false"
"1","1","NC-0000000047","1","ST-000200","4.2","2026-03-05T19:36:24.434Z","music","4.2","2026-03-12T20:53:25.249Z","69b327c5be12469107c8a1dd","2026-03-12T20:53:25.436000","2026-03-12T20:53:25.436000","service_eb508f39-ce3d-4391-bb12-d4211c02ede9","false"
"1","1","NC-0000000047","1","ST-000133","4.2","2026-03-05T19:36:24.434Z","music","4.2","2026-03-12T20:53:25.033Z","69b327c5493c67dbf6cf20d0","2026-03-12T20:53:25.214000","2026-03-12T20:53:25.214000","service_eb508f39-ce3d-4391-bb12-d4211c02ede9","false"
"1","1","NC-0000000047","1","ST-000134","4.2","2026-03-05T19:36:24.434Z","music","4.2","2026-03-12T20:53:24.673Z","69b327c4d4a60f5addbfe556","2026-03-12T20:53:24.796000","2026-03-12T20:53:24.796000","service_eb508f39-ce3d-4391-bb12-d4211c02ede9","false"
"1","1","NC-0000000047","1","ST-000184","4.8","2026-03-05T19:36:24.434Z","music","4.8","2026-03-12T20:53:24.502Z","69b327c4fe2093126ab219cf","2026-03-12T20:53:24.638000","2026-03-12T20:53:24.638000","service_eb508f39-ce3d-4391-bb12-d4211c02ede9","false"
"1","1","NC-0000000047","1","ST-000183","4.8","2026-03-05T19:36:24.434Z","music","4.8","2026-03-12T20:53:24.326Z","69b327c443cdb706f6b59dfd","2026-03-12T20:53:24.468000","2026-03-12T20:53:24.468000","service_eb508f39-ce3d-4391-bb12-d4211c02ede9","false"
"1","1","NC-0000000047","1","ST-000182","4.8","2026-03-05T19:36:24.434Z","music","4.8","2026-03-12T20:53:24.156Z","69b327c4eec7759b6e655ae2","2026-03-12T20:53:24.296000","2026-03-12T20:53:24.296000","service_eb508f39-ce3d-4391-bb12-d4211c02ede9","false"
"1","1","NC-0000000047","1","ST-000168","4.8","2026-03-05T19:36:24.434Z","music","4.8","2026-03-12T20:53:23.992Z","69b327c4dfebb6184b65975f","2026-03-12T20:53:24.117000","2026-03-12T20:53:24.117000","service_eb508f39-ce3d-4391-bb12-d4211c02ede9","false"
"1","1","NC-0000000047","1","ST-000169","4.8","2026-03-05T19:36:24.434Z","music","4.8","2026-03-12T20:53:23.665Z","69b327c3eb58f4fc633dc2bc","2026-03-12T20:53:23.960000","2026-03-12T20:53:23.960000","service_eb508f39-ce3d-4391-bb12-d4211c02ede9","false"
"1","1","NC-0000000047","1","ST-000170","4.8","2026-03-05T19:36:24.434Z","music","4.8","2026-03-12T20:53:23.507Z","69b327c3e349c678be335afb","2026-03-12T20:53:23.630000","2026-03-12T20:53:23.631000","service_eb508f39-ce3d-4391-bb12-d4211c02ede9","false"
"2","2","NC-0000000047","2","ST-000171","4.5","2026-03-05T19:36:24.434Z","music","9","2026-03-12T20:53:23.309Z","69b327c39508109dd0dfc38d","2026-03-12T20:53:23.478000","2026-03-12T20:53:23.479000","service_eb508f39-ce3d-4391-bb12-d4211c02ede9","false"
"1","1","NC-0000000047","1","ST-000018","4.8","2026-03-05T19:36:24.434Z","music","4.8","2026-03-12T20:53:23.120Z","69b327c3c8e4574d6df19373","2026-03-12T20:53:23.274000","2026-03-12T20:53:23.274000","service_eb508f39-ce3d-4391-bb12-d4211c02ede9","false"
"1","1","NC-0000000105","1","ST-000018","3.2","2026-03-05T17:36:19.349Z","music","3.2","2026-03-12T20:53:22.944Z","69b327c366dd306950b8e14f","2026-03-12T20:53:23.087000","2026-03-12T20:53:23.087000","service_eb508f39-ce3d-4391-bb12-d4211c02ede9","false"
"1","1","NC-0000000105","1","ST-000087","3","2026-03-05T17:36:19.349Z","music","3","2026-03-12T20:53:22.777Z","69b327c24561bc90f47e4863","2026-03-12T20:53:22.917000","2026-03-12T20:53:22.917000","service_eb508f39-ce3d-4391-bb12-d4211c02ede9","false"
"1","1","NC-0000000105","1","ST-000076","3","2026-03-05T17:36:19.349Z","music","3","2026-03-12T20:53:22.345Z","69b327c29d34127f445626a1","2026-03-12T20:53:22.749000","2026-03-12T20:53:22.749000","service_eb508f39-ce3d-4391-bb12-d4211c02ede9","false"
"2","3","NC-0000000150","3","ST-000171","4","2026-03-11T02:15:13.304000","humour","12","2026-03-12T20:53:22.138Z","69b327c285853f9433a3d8c3","2026-03-12T20:53:22.315000","2026-03-12T20:53:22.315000","service_eb508f39-ce3d-4391-bb12-d4211c02ede9","false"
"1","2","NC-0000000150","2","ST-000087","3.4","2026-03-07T01:52:31.424Z","music","6.8","2026-03-12T20:53:21.892Z","69b327c2ce8eb5cf0177d9d9","2026-03-12T20:53:22.048000","2026-03-12T20:53:22.048000","service_eb508f39-ce3d-4391-bb12-d4211c02ede9","false"
"1","2","NC-0000000150","2","ST-000076","3.4","2026-03-07T01:52:31.424Z","music","6.8","2026-03-12T20:53:21.712Z","69b327c1da118af05ab834c3","2026-03-12T20:53:21.836000","2026-03-12T20:53:21.836000","service_eb508f39-ce3d-4391-bb12-d4211c02ede9","false"
"1","2","NC-0000000049","2","ST-000135","3.8","2026-03-11T02:17:28.006000","music","7.6","2026-03-12T20:53:21.248Z","69b327c18a2f3adbc1112275","2026-03-12T20:53:21.400000","2026-03-12T20:53:21.400000","service_eb508f39-ce3d-4391-bb12-d4211c02ede9","false"
"1","2","NC-0000000049","1","ST-000202","4","2026-03-05T19:21:39.569Z","video","8","2026-03-12T20:53:21.071Z","69b327c118e9e7a53bbc673d","2026-03-12T20:53:21.220000","2026-03-12T20:53:21.220000","service_eb508f39-ce3d-4391-bb12-d4211c02ede9","false"
"1","2","NC-0000000049","1","ST-000207","4","2026-03-05T19:21:39.569Z","video","8","2026-03-12T20:53:20.896Z","69b327c18ee2651a5006c20e","2026-03-12T20:53:21.038000","2026-03-12T20:53:21.038000","service_eb508f39-ce3d-4391-bb12-d4211c02ede9","false"
"1","2","NC-0000000049","1","ST-000206","4","2026-03-05T19:21:39.569Z","video","8","2026-03-12T20:53:20.625Z","69b327c0434d7c682e3a07c3","2026-03-12T20:53:20.857000","2026-03-12T20:53:20.857000","service_eb508f39-ce3d-4391-bb12-d4211c02ede9","false"
"1","2","NC-0000000049","1","ST-000205","4","2026-03-05T19:21:39.569Z","video","8","2026-03-12T20:53:20.369Z","69b327c011183c2d2fe819f8","2026-03-12T20:53:20.584000","2026-03-12T20:53:20.584000","service_eb508f39-ce3d-4391-bb12-d4211c02ede9","false"
"1","2","NC-0000000049","1","ST-000204","4","2026-03-05T19:21:39.569Z","video","8","2026-03-12T20:53:20.165Z","69b327c0f5afff57898794ff","2026-03-12T20:53:20.330000","2026-03-12T20:53:20.330000","service_eb508f39-ce3d-4391-bb12-d4211c02ede9","false"
"1","2","NC-0000000049","1","ST-000211","4","2026-03-05T19:21:39.569Z","video","8","2026-03-12T20:53:19.975Z","69b327c0b5e48d47dd53d609","2026-03-12T20:53:20.135000","2026-03-12T20:53:20.135000","service_eb508f39-ce3d-4391-bb12-d4211c02ede9","false"
"1","2","NC-0000000049","1","ST-000210","4","2026-03-05T19:21:39.569Z","video","8","2026-03-12T20:53:19.808Z","69b327bf553f8ff12c16b644","2026-03-12T20:53:19.935000","2026-03-12T20:53:19.935000","service_eb508f39-ce3d-4391-bb12-d4211c02ede9","false"
"1","2","NC-0000000049","1","ST-000209","4","2026-03-05T19:21:39.569Z","video","8","2026-03-12T20:53:19.654Z","69b327bf33dfe28f3f1c7b64","2026-03-12T20:53:19.771000","2026-03-12T20:53:19.771000","service_eb508f39-ce3d-4391-bb12-d4211c02ede9","false"
"1","2","NC-0000000049","3","ST-000200","4","2026-04-17T00:19:37.815Z","video","8","2026-04-17T00:19:37.815Z","69b327bf2e600cd5e5fb6562","2026-03-12T20:53:19.614000","2026-04-17T00:19:40","service_eb508f39-ce3d-4391-bb12-d4211c02ede9","false"
"1","1","NC-0000000090","1","ST-000184","4.2","2026-03-05T22:39:07.172Z","music","4.2","2026-03-12T20:53:19.265Z","69b327bfa36947e708b4f845","2026-03-12T20:53:19.416000","2026-03-12T20:53:19.416000","service_eb508f39-ce3d-4391-bb12-d4211c02ede9","false"
"1","1","NC-0000000090","1","ST-000183","4.2","2026-03-05T22:39:07.172Z","music","4.2","2026-03-12T20:53:19.090Z","69b327bff05e39b0af018155","2026-03-12T20:53:19.232000","2026-03-12T20:53:19.232000","service_eb508f39-ce3d-4391-bb12-d4211c02ede9","false"
"1","1","NC-0000000090","1","ST-000182","4.2","2026-03-05T22:39:07.172Z","music","4.2","2026-03-12T20:53:18.911Z","69b327bf3d01090648678c11","2026-03-12T20:53:19.062000","2026-03-12T20:53:19.062000","service_eb508f39-ce3d-4391-bb12-d4211c02ede9","false"
"1","1","NC-0000000090","1","ST-000168","4.2","2026-03-05T22:39:07.172Z","music","4.2","2026-03-12T20:53:18.695Z","69b327bee29d3cda4aae28f7","2026-03-12T20:53:18.880000","2026-03-12T20:53:18.880000","service_eb508f39-ce3d-4391-bb12-d4211c02ede9","false"
"1","1","NC-0000000090","1","ST-000169","4.2","2026-03-05T22:39:07.172Z","music","4.2","2026-03-12T20:53:18.522Z","69b327bef8ed61e0da48ed1f","2026-03-12T20:53:18.663000","2026-03-12T20:53:18.663000","service_eb508f39-ce3d-4391-bb12-d4211c02ede9","false"
"1","1","NC-0000000090","1","ST-000170","4.2","2026-03-05T22:39:07.172Z","music","4.2","2026-03-12T20:53:17.881Z","69b327be6e54efabccbd5aac","2026-03-12T20:53:18.291000","2026-03-12T20:53:18.291000","service_eb508f39-ce3d-4391-bb12-d4211c02ede9","false"
"1","1","NC-0000000090","1","ST-000019","4","2026-03-05T22:39:07.172Z","music","4","2026-03-12T20:53:17.712Z","69b327bd03eee54ce4eed2e3","2026-03-12T20:53:17.855000","2026-03-12T20:53:17.855000","service_eb508f39-ce3d-4391-bb12-d4211c02ede9","false"
"2","3","NC-0000000090","3","ST-000018","3.933333333333333","2026-03-05T22:39:07.172Z","music","11.799999999999999","2026-03-12T20:53:17.479Z","69b327bdb654783dbc194b64","2026-03-12T20:53:17.671000","2026-03-12T20:53:17.671000","service_eb508f39-ce3d-4391-bb12-d4211c02ede9","false"
"2","2","NC-0000000090","2","ST-000171","4.1","2026-03-05T22:39:07.172Z","music","8.2","2026-03-12T20:53:17.062Z","69b327bdce8f1f6998226f2b","2026-03-12T20:53:17.448000","2026-03-12T20:53:17.448000","service_eb508f39-ce3d-4391-bb12-d4211c02ede9","false"
"1","1","NC-0000000090","1","ST-000202","4","2026-03-05T22:39:07.172Z","music","4","2026-03-12T20:53:16.816Z","69b327bd3d6970715acec590","2026-03-12T20:53:17.029000","2026-03-12T20:53:17.029000","service_eb508f39-ce3d-4391-bb12-d4211c02ede9","false"
"2","2","NC-0000000090","2","ST-000207","4.1","2026-03-05T22:39:07.172Z","music","8.2","2026-03-12T20:53:16.624Z","69b327bc8035db4074f6c6e9","2026-03-12T20:53:16.787000","2026-03-12T20:53:16.787000","service_eb508f39-ce3d-4391-bb12-d4211c02ede9","false"
"1","1","NC-0000000090","1","ST-000206","4","2026-03-05T22:39:07.172Z","music","4","2026-03-12T20:53:16.415Z","69b327bcb6df9c21a4c2f44c","2026-03-12T20:53:16.581000","2026-03-12T20:53:16.581000","service_eb508f39-ce3d-4391-bb12-d4211c02ede9","false"
"1","1","NC-0000000090","1","ST-000205","4","2026-03-05T22:39:07.172Z","music","4","2026-03-12T20:53:16.209Z","69b327bc5ca338cb566165e9","2026-03-12T20:53:16.358000","2026-03-12T20:53:16.358000","service_eb508f39-ce3d-4391-bb12-d4211c02ede9","false"
"2","2","NC-0000000090","2","ST-000204","4.1","2026-03-05T22:39:07.172Z","music","8.2","2026-03-12T20:53:16.003Z","69b327bc8ad3d2ec3869e833","2026-03-12T20:53:16.170000","2026-03-12T20:53:16.170000","service_eb508f39-ce3d-4391-bb12-d4211c02ede9","false"
"1","1","NC-0000000090","1","ST-000211","4","2026-03-05T22:39:07.172Z","music","4","2026-03-12T20:53:15.810Z","69b327bbec60675ad1095927","2026-03-12T20:53:15.972000","2026-03-12T20:53:15.972000","service_eb508f39-ce3d-4391-bb12-d4211c02ede9","false"
"1","1","NC-0000000090","1","ST-000210","4","2026-03-05T22:39:07.172Z","music","4","2026-03-12T20:53:15.614Z","69b327bb901759de190be470","2026-03-12T20:53:15.777000","2026-03-12T20:53:15.777000","service_eb508f39-ce3d-4391-bb12-d4211c02ede9","false"
"1","1","NC-0000000090","1","ST-000209","4","2026-03-05T22:39:07.172Z","music","4","2026-03-12T20:53:15.425Z","69b327bb01ff31140cfc26be","2026-03-12T20:53:15.567000","2026-03-12T20:53:15.567000","service_eb508f39-ce3d-4391-bb12-d4211c02ede9","false"
"1","1","NC-0000000090","1","ST-000200","4","2026-03-05T22:39:07.172Z","music","4","2026-03-12T20:53:15.240Z","69b327bbc8e4574d6df19370","2026-03-12T20:53:15.392000","2026-03-12T20:53:15.392000","service_eb508f39-ce3d-4391-bb12-d4211c02ede9","false"
"1","1","NC-0000000090","1","ST-000133","4","2026-03-05T22:39:07.172Z","music","4","2026-03-12T20:53:14.793Z","69b327bb4f081f5e03692be5","2026-03-12T20:53:15.206000","2026-03-12T20:53:15.206000","service_eb508f39-ce3d-4391-bb12-d4211c02ede9","false"
"1","1","NC-0000000090","1","ST-000134","4","2026-03-05T22:39:07.172Z","music","4","2026-03-12T20:53:14.596Z","69b327ba6d7e00ed787d90cc","2026-03-12T20:53:14.751000","2026-03-12T20:53:14.751000","service_eb508f39-ce3d-4391-bb12-d4211c02ede9","false"
"1","1","NC-0000000090","1","ST-000080","4","2026-03-05T22:39:07.172Z","music","4","2026-03-12T20:53:14.211Z","69b327ba7d6a8acfc0017d1d","2026-03-12T20:53:14.360000","2026-03-12T20:53:14.360000","service_eb508f39-ce3d-4391-bb12-d4211c02ede9","false"
"1","2","NC-0000000153","2","ST-000207","4.1","2026-03-11T02:16:50.242000","video","8.2","2026-03-12T20:53:14.034Z","69b327ba5da757d171e848da","2026-03-12T20:53:14.166000","2026-03-12T20:53:14.166000","service_eb508f39-ce3d-4391-bb12-d4211c02ede9","false"
"1","2","NC-0000000153","2","ST-000204","4.1","2026-03-11T02:16:50.242000","video","8.2","2026-03-12T20:53:13.802Z","69b327ba7b0983a6256a189f","2026-03-12T20:53:14.001000","2026-03-12T20:53:14.001000","service_eb508f39-ce3d-4391-bb12-d4211c02ede9","false"
"1","3","NC-0000000153","4","ST-000019","4.2","2026-03-11T02:17:13.314000","music","12.6","2026-03-12T20:53:13.609Z","69b327b9c92dc6b29730e742","2026-03-12T20:53:13.759000","2026-03-12T20:53:13.759000","service_eb508f39-ce3d-4391-bb12-d4211c02ede9","false"
"2","5","NC-0000000153","6","ST-000018","4.08","2026-03-11T02:17:13.314000","music","20.4","2026-03-12T20:53:13.427Z","69b327b9225af252e1fe0b68","2026-03-12T20:53:13.579000","2026-03-12T20:53:13.579000","service_eb508f39-ce3d-4391-bb12-d4211c02ede9","false"
"1","3","NC-0000000153","5","ST-000133","4.2","2026-03-11T02:17:33.649000","music","12.6","2026-03-12T20:53:13.235Z","69b327b9c1b3376c75d0919f","2026-03-12T20:53:13.396000","2026-03-12T20:53:13.396000","service_eb508f39-ce3d-4391-bb12-d4211c02ede9","false"
"1","3","NC-0000000153","4","ST-000134","4.2","2026-03-11T02:17:13.314000","music","12.6","2026-03-12T20:53:13.066Z","69b327b915bb4dad5f522728","2026-03-12T20:53:13.207000","2026-03-12T20:53:13.207000","service_eb508f39-ce3d-4391-bb12-d4211c02ede9","false"
"1","3","NC-0000000153","2","ST-000080","4.2","2026-03-11T02:17:13.314000","music","12.6","2026-03-12T20:53:12.885Z","69b327b9885ddccfc97cf8e1","2026-03-12T20:53:13.027000","2026-03-12T20:53:13.027000","service_eb508f39-ce3d-4391-bb12-d4211c02ede9","false"
"1","2","NC-0000000150","2","ST-000091","3.2","2026-03-07T01:47:03.636Z","music","6.4","2026-03-12T20:53:12.631Z","69b327b8f3b9ce62f7e777ad","2026-03-12T20:53:12.830000","2026-03-12T20:53:12.830000","service_eb508f39-ce3d-4391-bb12-d4211c02ede9","false"
"1","2","NC-0000000150","2","ST-000139","3.2","2026-03-07T01:47:03.636Z","music","6.4","2026-03-12T20:53:12.427Z","69b327b86b8c876e9a75f252","2026-03-12T20:53:12.567000","2026-03-12T20:53:12.567000","service_eb508f39-ce3d-4391-bb12-d4211c02ede9","false"
"1","2","NC-0000000150","2","ST-000145","3.2","2026-03-07T01:47:03.636Z","music","6.4","2026-03-12T20:53:12.201Z","69b327b8f4744f89910c39f7","2026-03-12T20:53:12.386000","2026-03-12T20:53:12.386000","service_eb508f39-ce3d-4391-bb12-d4211c02ede9","false"
"1","2","NC-0000000150","1","ST-000202","3.3","2026-03-06T14:13:44.929Z","video","6.6","2026-03-12T20:53:12.007Z","69b327b804fbf9e10e626585","2026-03-12T20:53:12.174000","2026-03-12T20:53:12.174000","service_eb508f39-ce3d-4391-bb12-d4211c02ede9","false"
"1","2","NC-0000000150","1","ST-000207","3.3","2026-03-06T14:13:44.929Z","video","6.6","2026-03-12T20:53:11.806Z","69b327b7c1ed990cf548806e","2026-03-12T20:53:11.970000","2026-03-12T20:53:11.970000","service_eb508f39-ce3d-4391-bb12-d4211c02ede9","false"
"1","2","NC-0000000150","1","ST-000206","3.3","2026-03-06T14:13:44.929Z","video","6.6","2026-03-12T20:53:11.629Z","69b327b73d72ff08d02c887f","2026-03-12T20:53:11.771000","2026-03-12T20:53:11.771000","service_eb508f39-ce3d-4391-bb12-d4211c02ede9","false"
"1","2","NC-0000000150","1","ST-000205","3.3","2026-03-06T14:13:44.929Z","video","6.6","2026-03-12T20:53:11.433Z","69b327b7ca20340f4c656d95","2026-03-12T20:53:11.586000","2026-03-12T20:53:11.586000","service_eb508f39-ce3d-4391-bb12-d4211c02ede9","false"
"1","2","NC-0000000150","1","ST-000204","3.3","2026-03-06T14:13:44.929Z","video","6.6","2026-03-12T20:53:11.057Z","69b327b712d7d556009ce7c9","2026-03-12T20:53:11.204000","2026-03-12T20:53:11.205000","service_eb508f39-ce3d-4391-bb12-d4211c02ede9","false"
"1","2","NC-0000000150","1","ST-000211","3.3","2026-03-06T14:13:44.929Z","video","6.6","2026-03-12T20:53:10.860Z","69b327b78b4b2a719b4ca32b","2026-03-12T20:53:11.025000","2026-03-12T20:53:11.025000","service_eb508f39-ce3d-4391-bb12-d4211c02ede9","false"
"1","2","NC-0000000150","1","ST-000210","3.3","2026-03-06T14:13:44.929Z","video","6.6","2026-03-12T20:53:10.584Z","69b327b68ad3d2ec3869e82e","2026-03-12T20:53:10.803000","2026-03-12T20:53:10.803000","service_eb508f39-ce3d-4391-bb12-d4211c02ede9","false"
"1","2","NC-0000000150","1","ST-000209","3.3","2026-03-06T14:13:44.929Z","video","6.6","2026-03-12T20:53:10.403Z","69b327b6c0256eb97dc8f6a3","2026-03-12T20:53:10.553000","2026-03-12T20:53:10.553000","service_eb508f39-ce3d-4391-bb12-d4211c02ede9","false"
"1","2","NC-0000000150","1","ST-000200","3.3","2026-03-06T14:13:44.929Z","video","6.6","2026-03-12T20:53:10.219Z","69b327b61c3fde784e185398","2026-03-12T20:53:10.370000","2026-03-12T20:53:10.370000","service_eb508f39-ce3d-4391-bb12-d4211c02ede9","false"
"1","1","NC-0000000012","1","ST-000135","3","2026-03-06T19:42:13.701Z","music","3","2026-03-12T20:53:10.059Z","69b327b656cef958b6e8736f","2026-03-12T20:53:10.197000","2026-03-12T20:53:10.197000","service_eb508f39-ce3d-4391-bb12-d4211c02ede9","false"
"1","1","NC-0000000012","1","ST-000018","4","2026-03-06T19:42:13.701Z","music","4","2026-03-12T20:53:09.847Z","69b327b6aa5f8c728afe1135","2026-03-12T20:53:10.027000","2026-03-12T20:53:10.027000","service_eb508f39-ce3d-4391-bb12-d4211c02ede9","false"
"1","2","NC-0000000056","1","ST-000207","4","2026-03-07T03:34:39.831Z","video","8","2026-03-12T20:53:09.701Z","69b327b53baf067046e07fdf","2026-03-12T20:53:09.823000","2026-03-12T20:53:09.823000","service_eb508f39-ce3d-4391-bb12-d4211c02ede9","false"
"1","2","NC-0000000056","1","ST-000204","4","2026-03-07T03:34:39.831Z","video","8","2026-03-12T20:53:08.986Z","69b327b5dba6b7bd07b53dce","2026-03-12T20:53:09.609000","2026-03-12T20:53:09.609000","service_eb508f39-ce3d-4391-bb12-d4211c02ede9","false"
"1","2","NC-0000000056","1","UNKNOWN","3.8","2026-03-07T03:34:39.831Z","responsable","7.6","2026-03-12T20:53:08.824Z","69b327b4a6165c906760f177","2026-03-12T20:53:08.948000","2026-03-12T20:53:08.948000","service_eb508f39-ce3d-4391-bb12-d4211c02ede9","false"
"1","1","NC-0000000254","1","UNKNOWN","3.2","2026-03-11T01:02:20.237Z","humour","3.2","2026-03-12T20:53:08.622Z","69b327b4c1ed990cf548806d","2026-03-12T20:53:08.783000","2026-03-12T20:53:08.783000","service_eb508f39-ce3d-4391-bb12-d4211c02ede9","false"
"1","1","NC-0000000225","1","ST-000180","3.8","2026-03-11T01:08:27.395Z","humour","3.8","2026-03-12T20:53:07.945Z","69b327b45f1482fe03b8029f","2026-03-12T20:53:08.588000","2026-03-12T20:53:08.588000","service_eb508f39-ce3d-4391-bb12-d4211c02ede9","false"
"1","1","NC-0000000225","1","ST-000091","3.8","2026-03-11T01:08:27.395Z","humour","3.8","2026-03-12T20:53:07.686Z","69b327b37a0ef35c10b48a22","2026-03-12T20:53:07.916000","2026-03-12T20:53:07.916000","service_eb508f39-ce3d-4391-bb12-d4211c02ede9","false"
"1","1","NC-0000000225","1","ST-000139","3.8","2026-03-11T01:08:27.395Z","humour","3.8","2026-03-12T20:53:07.482Z","69b327b3493c67dbf6cf20ca","2026-03-12T20:53:07.653000","2026-03-12T20:53:07.653000","service_eb508f39-ce3d-4391-bb12-d4211c02ede9","false"
"1","1","NC-0000000225","1","ST-000145","3.8","2026-03-11T01:08:27.395Z","humour","3.8","2026-03-12T20:53:07.043Z","69b327b35e93af9e66f208fa","2026-03-12T20:53:07.444000","2026-03-12T20:53:07.444000","service_eb508f39-ce3d-4391-bb12-d4211c02ede9","false"
"1","1","NC-0000000225","1","ST-000171","3.8","2026-03-11T01:08:27.395Z","humour","3.8","2026-03-12T20:53:06.693Z","69b327b22b0c13d4cee2169b","2026-03-12T20:53:06.813000","2026-03-12T20:53:06.813000","service_eb508f39-ce3d-4391-bb12-d4211c02ede9","false"
"2","4","NC-0000000264","2","UNKNOWN","3.85","2026-03-11T01:27:28.143Z","humour","15.4","2026-03-12T20:53:06.508Z","69b327b2010b5c771c9f0760","2026-03-12T20:53:06.653000","2026-03-12T20:53:06.653000","service_eb508f39-ce3d-4391-bb12-d4211c02ede9","false"
"1","1","NC-0000000272","1","UNKNOWN","3.4","2026-03-11T01:32:01.343Z","humour","3.4","2026-03-12T20:53:06.339Z","69b327b262b8d0ee0f0e0ba3","2026-03-12T20:53:06.474000","2026-03-12T20:53:06.474000","service_eb508f39-ce3d-4391-bb12-d4211c02ede9","false"
"3","8","NC-0000000248","4","UNKNOWN","3.4999999999999996","2026-03-10T22:37:03.232Z","humour","27.999999999999996","2026-03-12T20:53:06.147Z","69b327b2bc310e7db86b584f","2026-03-12T20:53:06.306000","2026-03-12T20:53:06.306000","service_eb508f39-ce3d-4391-bb12-d4211c02ede9","false"
"1","1","NC-0000000250","1","ST-000174","3","2026-03-11T01:06:26.362Z","humour","3","2026-03-12T20:53:05.891Z","69b327b2f03c638970566e8a","2026-03-12T20:53:06.061000","2026-03-12T20:53:06.061000","service_eb508f39-ce3d-4391-bb12-d4211c02ede9","false"
"1","1","NC-0000000250","1","ST-000158","3","2026-03-11T01:06:26.362Z","humour","3","2026-03-12T20:53:05.685Z","69b327b1d95fd72999b131c2","2026-03-12T20:53:05.859000","2026-03-12T20:53:05.859000","service_eb508f39-ce3d-4391-bb12-d4211c02ede9","false"
"1","1","NC-0000000250","1","ST-000184","3","2026-03-11T01:06:26.362Z","humour","3","2026-03-12T20:53:05.472Z","69b327b1332e13bd56bf483c","2026-03-12T20:53:05.646000","2026-03-12T20:53:05.646000","service_eb508f39-ce3d-4391-bb12-d4211c02ede9","false"
"1","1","NC-0000000250","1","ST-000183","3","2026-03-11T01:06:26.362Z","humour","3","2026-03-12T20:53:05.028Z","69b327b1faaef1cc142ef896","2026-03-12T20:53:05.441000","2026-03-12T20:53:05.441000","service_eb508f39-ce3d-4391-bb12-d4211c02ede9","false"
"1","1","NC-0000000250","1","ST-000182","3","2026-03-11T01:06:26.362Z","humour","3","2026-03-12T20:53:04.870Z","69b327b01c3fde784e185397","2026-03-12T20:53:04.996000","2026-03-12T20:53:04.996000","service_eb508f39-ce3d-4391-bb12-d4211c02ede9","false"
"1","1","NC-0000000250","1","ST-000168","3","2026-03-11T01:06:26.362Z","humour","3","2026-03-12T20:53:04.661Z","69b327b083abca7c13acef37","2026-03-12T20:53:04.822000","2026-03-12T20:53:04.822000","service_eb508f39-ce3d-4391-bb12-d4211c02ede9","false"
"1","1","NC-0000000250","1","ST-000169","3","2026-03-11T01:06:26.362Z","humour","3","2026-03-12T20:53:04.491Z","69b327b06dadafcf779d2f7d","2026-03-12T20:53:04.630000","2026-03-12T20:53:04.630000","service_eb508f39-ce3d-4391-bb12-d4211c02ede9","false"
"1","1","NC-0000000250","1","ST-000170","3","2026-03-11T01:06:26.362Z","humour","3","2026-03-12T20:53:04.291Z","69b327b0a4d33c132268ca10","2026-03-12T20:53:04.449000","2026-03-12T20:53:04.449000","service_eb508f39-ce3d-4391-bb12-d4211c02ede9","false"
"1","1","NC-0000000250","1","ST-000171","3","2026-03-11T01:06:26.362Z","humour","3","2026-03-12T20:53:04.099Z","69b327b0a4d33c132268ca0f","2026-03-12T20:53:04.247000","2026-03-12T20:53:04.247000","service_eb508f39-ce3d-4391-bb12-d4211c02ede9","false"
"1","2","NC-0000000261","1","ST-000171","3.6","2026-03-11T01:58:46.626Z","humour","7.2","2026-03-12T20:53:03.914Z","69b327b0874d9ca8170f9ccc","2026-03-12T20:53:04.070000","2026-03-12T20:53:04.070000","service_eb508f39-ce3d-4391-bb12-d4211c02ede9","false"
"1","1","NC-0000000261","1","UNKNOWN","4","2026-03-11T01:58:46.626Z","humour","4","2026-03-12T20:53:03.739Z","69b327af34dee912414da152","2026-03-12T20:53:03.888000","2026-03-12T20:53:03.888000","service_eb508f39-ce3d-4391-bb12-d4211c02ede9","false"
"0","0","NC-0000000261","2","ST-000171","0","2026-03-11T01:58:53.526Z","humour","0","2026-03-11T01:58:53.526Z","69b0cc5c05e3fa8432e78efe","2026-03-11T01:58:52.958000","2026-03-11T01:58:55.052000","service_eb508f39-ce3d-4391-bb12-d4211c02ede9","false"
"0","0","NC-0000000225","1","ST-000180","0","2026-03-11T01:08:32.393Z","music","0","2026-03-11T01:08:32.393Z","69b0c092be6c9809d46d0969","2026-03-11T01:08:34.822000","2026-03-11T01:08:34.822000","service_eb508f39-ce3d-4391-bb12-d4211c02ede9","false"
"0","0","NC-0000000225","1","ST-000091","0","2026-03-11T01:08:32.393Z","music","0","2026-03-11T01:08:32.393Z","69b0c09297adf7642a3d945c","2026-03-11T01:08:34.456000","2026-03-11T01:08:34.456000","service_eb508f39-ce3d-4391-bb12-d4211c02ede9","false"
"0","0","NC-0000000225","1","ST-000139","0","2026-03-11T01:08:32.393Z","music","0","2026-03-11T01:08:32.393Z","69b0c0926fe72611d04cd475","2026-03-11T01:08:34.103000","2026-03-11T01:08:34.103000","service_eb508f39-ce3d-4391-bb12-d4211c02ede9","false"
"0","0","NC-0000000225","1","ST-000145","0","2026-03-11T01:08:32.393Z","music","0","2026-03-11T01:08:32.393Z","69b0c091cbab0dab2147780b","2026-03-11T01:08:33.785000","2026-03-11T01:08:33.785000","service_eb508f39-ce3d-4391-bb12-d4211c02ede9","false"
"0","0","NC-0000000225","1","ST-000171","0","2026-03-11T01:08:30.557Z","music","0","2026-03-11T01:08:30.557Z","69b0c08febb3a4c23a734f07","2026-03-11T01:08:31.756000","2026-03-11T01:08:31.756000","service_eb508f39-ce3d-4391-bb12-d4211c02ede9","false"
"0","0","NC-0000000012","1","ST-000135","0","2026-03-06T19:42:22.385Z","music","0","2026-03-06T19:42:22.385Z","69ab2e202c6df77dfa5504bd","2026-03-06T19:42:24.128000","2026-03-06T19:42:24.128000","service_eb508f39-ce3d-4391-bb12-d4211c02ede9","false"
"0","0","NC-0000000012","1","ST-000018","0","2026-03-06T19:42:18.637Z","music","0","2026-03-06T19:42:18.637Z","69ab2e1d6390108fe236edab","2026-03-06T19:42:21.774000","2026-03-06T19:42:21.774000","service_eb508f39-ce3d-4391-bb12-d4211c02ede9","false"
"0","0","NC-0000000090","1","ST-000184","0","2026-03-05T22:39:21.326Z","music","0","2026-03-05T22:39:21.326Z","69aa061dd5940de2120bd3d8","2026-03-05T22:39:25.618000","2026-03-05T22:39:25.618000","service_eb508f39-ce3d-4391-bb12-d4211c02ede9","false"
"0","0","NC-0000000090","1","ST-000183","0","2026-03-05T22:39:21.326Z","music","0","2026-03-05T22:39:21.326Z","69aa061dff9e162e304d5eee","2026-03-05T22:39:25.187000","2026-03-05T22:39:25.187000","service_eb508f39-ce3d-4391-bb12-d4211c02ede9","false"
"0","0","NC-0000000090","1","ST-000182","0","2026-03-05T22:39:21.326Z","music","0","2026-03-05T22:39:21.326Z","69aa061c231d1de3e50366ec","2026-03-05T22:39:24.781000","2026-03-05T22:39:24.781000","service_eb508f39-ce3d-4391-bb12-d4211c02ede9","false"
"0","0","NC-0000000090","1","ST-000168","0","2026-03-05T22:39:21.326Z","music","0","2026-03-05T22:39:21.326Z","69aa061cdbfdb91082b6b88b","2026-03-05T22:39:24.371000","2026-03-05T22:39:24.371000","service_eb508f39-ce3d-4391-bb12-d4211c02ede9","false"
"0","0","NC-0000000090","1","ST-000169","0","2026-03-05T22:39:21.326Z","music","0","2026-03-05T22:39:21.326Z","69aa061b7ec1027e1cc8f4be","2026-03-05T22:39:23.952000","2026-03-05T22:39:23.952000","service_eb508f39-ce3d-4391-bb12-d4211c02ede9","false"
"0","0","NC-0000000090","1","ST-000170","0","2026-03-05T22:39:21.326Z","music","0","2026-03-05T22:39:21.326Z","69aa061be6dd010c0ea50015","2026-03-05T22:39:23.512000","2026-03-05T22:39:23.512000","service_eb508f39-ce3d-4391-bb12-d4211c02ede9","false"
"0","0","NC-0000000090","1","ST-000019","0","2026-03-05T22:39:10.853Z","music","0","2026-03-05T22:39:10.853Z","69aa06182f6352e114684e53","2026-03-05T22:39:20.511000","2026-03-05T22:39:20.511000","service_eb508f39-ce3d-4391-bb12-d4211c02ede9","false"
"0","0","NC-0000000090","2","ST-000171","0","2026-03-05T22:39:21.326Z","music","0","2026-03-05T22:39:21.326Z","69aa0617329f65c65b9aae29","2026-03-05T22:39:19.405000","2026-03-05T22:39:23.038000","service_eb508f39-ce3d-4391-bb12-d4211c02ede9","false"
"0","0","NC-0000000090","1","ST-000202","0","2026-03-05T22:39:10.853Z","music","0","2026-03-05T22:39:10.853Z","69aa0616ad8937815472308d","2026-03-05T22:39:18.851000","2026-03-05T22:39:18.851000","service_eb508f39-ce3d-4391-bb12-d4211c02ede9","false"
"0","0","NC-0000000090","2","ST-000207","0","2026-03-05T22:39:21.326Z","music","0","2026-03-05T22:39:21.326Z","69aa0615ef980c1460624fb8","2026-03-05T22:39:17.297000","2026-03-05T22:39:26.524000","service_eb508f39-ce3d-4391-bb12-d4211c02ede9","false"
"0","0","NC-0000000090","1","ST-000206","0","2026-03-05T22:39:10.853Z","music","0","2026-03-05T22:39:10.853Z","69aa0614442499efb958c9af","2026-03-05T22:39:16.843000","2026-03-05T22:39:16.843000","service_eb508f39-ce3d-4391-bb12-d4211c02ede9","false"
"0","0","NC-0000000090","1","ST-000205","0","2026-03-05T22:39:10.853Z","music","0","2026-03-05T22:39:10.853Z","69aa06147f61029425402c88","2026-03-05T22:39:16.414000","2026-03-05T22:39:16.414000","service_eb508f39-ce3d-4391-bb12-d4211c02ede9","false"
"0","0","NC-0000000090","2","ST-000204","0","2026-03-05T22:39:21.326Z","music","0","2026-03-05T22:39:21.326Z","69aa0613f7eed76609215a02","2026-03-05T22:39:15.981000","2026-03-05T22:39:26.095000","service_eb508f39-ce3d-4391-bb12-d4211c02ede9","false"
"0","0","NC-0000000090","1","ST-000211","0","2026-03-05T22:39:10.853Z","music","0","2026-03-05T22:39:10.853Z","69aa0613967c90f22505e211","2026-03-05T22:39:15.631000","2026-03-05T22:39:15.631000","service_eb508f39-ce3d-4391-bb12-d4211c02ede9","false"
"0","0","NC-0000000090","1","ST-000210","0","2026-03-05T22:39:10.853Z","music","0","2026-03-05T22:39:10.853Z","69aa061362ce1649fc4dcb4d","2026-03-05T22:39:15.217000","2026-03-05T22:39:15.217000","service_eb508f39-ce3d-4391-bb12-d4211c02ede9","false"
"0","0","NC-0000000090","1","ST-000209","0","2026-03-05T22:39:10.853Z","music","0","2026-03-05T22:39:10.853Z","69aa061278d4641e121bba5f","2026-03-05T22:39:14.816000","2026-03-05T22:39:14.816000","service_eb508f39-ce3d-4391-bb12-d4211c02ede9","false"
"0","0","NC-0000000090","1","ST-000200","0","2026-03-05T22:39:10.853Z","music","0","2026-03-05T22:39:10.853Z","69aa0612e815cc32be483f0a","2026-03-05T22:39:14.346000","2026-03-05T22:39:14.346000","service_eb508f39-ce3d-4391-bb12-d4211c02ede9","false"
"0","0","NC-0000000090","1","ST-000133","0","2026-03-05T22:39:10.853Z","music","0","2026-03-05T22:39:10.853Z","69aa06115fcf0524b18e3781","2026-03-05T22:39:13.843000","2026-03-05T22:39:13.843000","service_eb508f39-ce3d-4391-bb12-d4211c02ede9","false"
"0","0","NC-0000000090","1","ST-000134","0","2026-03-05T22:39:10.853Z","music","0","2026-03-05T22:39:10.853Z","69aa0611ab819a729f231215","2026-03-05T22:39:13.319000","2026-03-05T22:39:13.319000","service_eb508f39-ce3d-4391-bb12-d4211c02ede9","false"
"0","0","NC-0000000090","1","ST-000080","0","2026-03-05T22:39:10.853Z","music","0","2026-03-05T22:39:10.853Z","69aa0610f9fa589a1d2df2fb","2026-03-05T22:39:12.470000","2026-03-05T22:39:12.470000","service_eb508f39-ce3d-4391-bb12-d4211c02ede9","false"
"0","0","NC-0000000047","1","ST-000202","0","2026-03-05T19:36:32.238Z","music","0","2026-03-05T19:36:32.238Z","69a9db4510e17ed0b130e237","2026-03-05T19:36:37.628000","2026-03-05T19:36:37.628000","service_eb508f39-ce3d-4391-bb12-d4211c02ede9","false"
"0","0","NC-0000000047","1","ST-000207","0","2026-03-05T19:36:32.238Z","music","0","2026-03-05T19:36:32.238Z","69a9db452cf245b0be90561a","2026-03-05T19:36:37.301000","2026-03-05T19:36:37.301000","service_eb508f39-ce3d-4391-bb12-d4211c02ede9","false"
"0","0","NC-0000000047","1","ST-000206","0","2026-03-05T19:36:32.238Z","music","0","2026-03-05T19:36:32.238Z","69a9db446f2c1eceeccc497f","2026-03-05T19:36:36.247000","2026-03-05T19:36:36.247000","service_eb508f39-ce3d-4391-bb12-d4211c02ede9","false"
"0","0","NC-0000000047","1","ST-000205","0","2026-03-05T19:36:32.238Z","music","0","2026-03-05T19:36:32.238Z","69a9db4377378a21f19e297e","2026-03-05T19:36:35.888000","2026-03-05T19:36:35.888000","service_eb508f39-ce3d-4391-bb12-d4211c02ede9","false"
"0","0","NC-0000000047","1","ST-000204","0","2026-03-05T19:36:32.238Z","music","0","2026-03-05T19:36:32.238Z","69a9db43de12819850719082","2026-03-05T19:36:35.547000","2026-03-05T19:36:35.547000","service_eb508f39-ce3d-4391-bb12-d4211c02ede9","false"
"0","0","NC-0000000047","1","ST-000211","0","2026-03-05T19:36:32.238Z","music","0","2026-03-05T19:36:32.238Z","69a9db4385413b469aa740c7","2026-03-05T19:36:35.246000","2026-03-05T19:36:35.246000","service_eb508f39-ce3d-4391-bb12-d4211c02ede9","false"
"0","0","NC-0000000047","1","ST-000210","0","2026-03-05T19:36:32.238Z","music","0","2026-03-05T19:36:32.238Z","69a9db42fdcde73322ec47a0","2026-03-05T19:36:34.894000","2026-03-05T19:36:34.894000","service_eb508f39-ce3d-4391-bb12-d4211c02ede9","false"
"0","0","NC-0000000047","1","ST-000209","0","2026-03-05T19:36:32.238Z","music","0","2026-03-05T19:36:32.238Z","69a9db4214d11ca6da7eaab4","2026-03-05T19:36:34.463000","2026-03-05T19:36:34.463000","service_eb508f39-ce3d-4391-bb12-d4211c02ede9","false"
"0","0","NC-0000000047","1","ST-000200","0","2026-03-05T19:36:32.238Z","music","0","2026-03-05T19:36:32.238Z","69a9db422acdae95563d70db","2026-03-05T19:36:34.128000","2026-03-05T19:36:34.128000","service_eb508f39-ce3d-4391-bb12-d4211c02ede9","false"
"0","0","NC-0000000047","1","ST-000133","0","2026-03-05T19:36:32.238Z","music","0","2026-03-05T19:36:32.238Z","69a9db41a9d15df11642b896","2026-03-05T19:36:33.786000","2026-03-05T19:36:33.786000","service_eb508f39-ce3d-4391-bb12-d4211c02ede9","false"
"0","0","NC-0000000047","1","ST-000134","0","2026-03-05T19:36:32.238Z","music","0","2026-03-05T19:36:32.238Z","69a9db415f0f246a36a17628","2026-03-05T19:36:33.447000","2026-03-05T19:36:33.447000","service_eb508f39-ce3d-4391-bb12-d4211c02ede9","false"
"0","0","NC-0000000047","1","ST-000184","0","2026-03-05T19:36:27.805Z","music","0","2026-03-05T19:36:27.805Z","69a9db3f5d3852912c751322","2026-03-05T19:36:31.463000","2026-03-05T19:36:31.463000","service_eb508f39-ce3d-4391-bb12-d4211c02ede9","false"
"0","0","NC-0000000047","1","ST-000183","0","2026-03-05T19:36:27.805Z","music","0","2026-03-05T19:36:27.805Z","69a9db3f00639746763251fe","2026-03-05T19:36:31.111000","2026-03-05T19:36:31.111000","service_eb508f39-ce3d-4391-bb12-d4211c02ede9","false"
"0","0","NC-0000000047","1","ST-000182","0","2026-03-05T19:36:27.805Z","music","0","2026-03-05T19:36:27.805Z","69a9db3e96cd150438dec00c","2026-03-05T19:36:30.740000","2026-03-05T19:36:30.740000","service_eb508f39-ce3d-4391-bb12-d4211c02ede9","false"
"0","0","NC-0000000047","1","ST-000168","0","2026-03-05T19:36:27.805Z","music","0","2026-03-05T19:36:27.805Z","69a9db3eb56788b9bc393bca","2026-03-05T19:36:30.425000","2026-03-05T19:36:30.425000","service_eb508f39-ce3d-4391-bb12-d4211c02ede9","false"
"0","0","NC-0000000047","1","ST-000169","0","2026-03-05T19:36:27.805Z","music","0","2026-03-05T19:36:27.805Z","69a9db3e30b94a3adcc75148","2026-03-05T19:36:30.108000","2026-03-05T19:36:30.108000","service_eb508f39-ce3d-4391-bb12-d4211c02ede9","false"
"0","0","NC-0000000047","1","ST-000170","0","2026-03-05T19:36:27.805Z","music","0","2026-03-05T19:36:27.805Z","69a9db3d15ccd2f065d8560d","2026-03-05T19:36:29.760000","2026-03-05T19:36:29.760000","service_eb508f39-ce3d-4391-bb12-d4211c02ede9","false"
"0","0","NC-0000000047","2","ST-000171","0","2026-03-05T19:36:32.238Z","music","0","2026-03-05T19:36:32.238Z","69a9db3d0e98054e9ef1d043","2026-03-05T19:36:29.463000","2026-03-05T19:36:38.007000","service_eb508f39-ce3d-4391-bb12-d4211c02ede9","false"
"0","0","NC-0000000047","1","ST-000018","0","2026-03-05T19:36:27.805Z","music","0","2026-03-05T19:36:27.805Z","69a9db3d40683c9d8f63ba7d","2026-03-05T19:36:29.083000","2026-03-05T19:36:29.083000","service_eb508f39-ce3d-4391-bb12-d4211c02ede9","false"
"0","0","NC-0000000105","1","ST-000018","0","2026-03-05T17:36:27.727Z","music","0","2026-03-05T17:36:27.727Z","69a9bf1c3ca69f2842f8e26c","2026-03-05T17:36:28.919000","2026-03-05T17:36:28.919000","service_eb508f39-ce3d-4391-bb12-d4211c02ede9","false"
"0","0","NC-0000000105","1","ST-000087","0","2026-03-05T17:36:25.555Z","music","0","2026-03-05T17:36:25.555Z","69a9bf1a71b5d5bdfadea171","2026-03-05T17:36:26.995000","2026-03-05T17:36:26.995000","service_eb508f39-ce3d-4391-bb12-d4211c02ede9","false"
"0","0","NC-0000000105","1","ST-000076","0","2026-03-05T17:36:25.555Z","music","0","2026-03-05T17:36:25.555Z","69a9bf1a49918f0434fef294","2026-03-05T17:36:26.683000","2026-03-05T17:36:26.683000","service_eb508f39-ce3d-4391-bb12-d4211c02ede9","false"
"0","0","NC-0000000019","1","ST-000135","0","2026-03-04T15:00:26.836Z","music","0","2026-03-04T15:00:26.836Z","69a8490ca3b7ace6c73ef1c0","2026-03-04T15:00:28.043000","2026-03-04T15:00:28.043000","service_eb508f39-ce3d-4391-bb12-d4211c02ede9","false"
"0","0","NC-0000000019","1","ST-000179","0","2026-03-04T15:00:23.816Z","music","0","2026-03-04T15:00:23.816Z","69a8490a2ea2b9822a2bfa55","2026-03-04T15:00:26.240000","2026-03-04T15:00:26.240000","service_eb508f39-ce3d-4391-bb12-d4211c02ede9","false"
"0","0","NC-0000000102","1","ST-000135","0","2026-03-03T22:58:58.520Z","music","0","2026-03-03T22:58:58.520Z","69a767b3e73461e21218813f","2026-03-03T22:58:59.634000","2026-03-03T22:58:59.634000","service_eb508f39-ce3d-4391-bb12-d4211c02ede9","false"
"0","0","NC-0000000102","1","ST-000018","0","2026-03-03T22:58:55.990Z","music","0","2026-03-03T22:58:55.990Z","69a767b118042af98a58c666","2026-03-03T22:58:57.139000","2026-03-03T22:58:57.139000","service_eb508f39-ce3d-4391-bb12-d4211c02ede9","false"
"0","1","NC-0000000090","2","ST-000219","3.6","2026-03-03T22:54:40.366Z","music","3.6","2026-03-03T22:54:40.366Z","69a7669b63138796dbc4b4dd","2026-03-03T22:54:19.743000","2026-03-03T22:54:42.838000","service_eb508f39-ce3d-4391-bb12-d4211c02ede9","false"
"0","1","NC-0000000090","2","ST-000135","3.6","2026-03-03T22:54:40.366Z","music","3.6","2026-03-03T22:54:40.366Z","69a7669a2b4e51b20169a535","2026-03-03T22:54:18.232000","2026-03-03T22:54:42.373000","service_eb508f39-ce3d-4391-bb12-d4211c02ede9","false"
"0","0","NC-0000000090","4","ST-000018","0","2026-03-05T22:39:21.326Z","music","0","2026-03-05T22:39:21.326Z","69a76694f1263ce12b0e69ad","2026-03-03T22:54:12.405000","2026-03-05T22:39:22.613000","service_eb508f39-ce3d-4391-bb12-d4211c02ede9","false"
"0","0","NC-0000000068","2","ST-000158","0","2026-03-02T23:48:46.164Z","video","0","2026-03-02T23:48:46.164Z","69a621d5797342d0ad7fcc44","2026-03-02T23:48:37.158000","2026-03-02T23:48:48.348000","service_eb508f39-ce3d-4391-bb12-d4211c02ede9","false"
"0","0","NC-0000000068","2","ST-000091","0","2026-03-02T23:48:46.164Z","video","0","2026-03-02T23:48:46.164Z","69a621d4b8076a46db928f3d","2026-03-02T23:48:36.825000","2026-03-02T23:48:48.027000","service_eb508f39-ce3d-4391-bb12-d4211c02ede9","false"
"0","0","NC-0000000068","2","ST-000139","0","2026-03-02T23:48:46.164Z","video","0","2026-03-02T23:48:46.164Z","69a621d4d4a1f8684e613011","2026-03-02T23:48:36.458000","2026-03-02T23:48:47.673000","service_eb508f39-ce3d-4391-bb12-d4211c02ede9","false"
"0","0","NC-0000000068","2","ST-000145","0","2026-03-02T23:48:46.164Z","video","0","2026-03-02T23:48:46.164Z","69a621d4f3d711d106a48b0d","2026-03-02T23:48:36.123000","2026-03-02T23:48:47.279000","service_eb508f39-ce3d-4391-bb12-d4211c02ede9","false"
"0","0","NC-0000000068","2","ST-000133","0","2026-03-02T23:48:40.272Z","video","0","2026-03-02T23:48:40.272Z","69a621cd61630de91cda2cb6","2026-03-02T23:48:29.681000","2026-03-02T23:48:42.169000","service_eb508f39-ce3d-4391-bb12-d4211c02ede9","false"
"0","0","NC-0000000068","2","ST-000134","0","2026-03-02T23:48:40.272Z","video","0","2026-03-02T23:48:40.272Z","69a621cdcd126dc6f8e16f8f","2026-03-02T23:48:29.302000","2026-03-02T23:48:41.857000","service_eb508f39-ce3d-4391-bb12-d4211c02ede9","false"
"0","0","NC-0000000068","2","ST-000080","0","2026-03-02T23:48:40.272Z","video","0","2026-03-02T23:48:40.272Z","69a621ccd23ad48f9b3d8b72","2026-03-02T23:48:28.970000","2026-03-02T23:48:41.489000","service_eb508f39-ce3d-4391-bb12-d4211c02ede9","false"
"0","0","NC-0000000068","2","ST-000201","0","2026-03-02T23:48:30.853Z","video","0","2026-03-02T23:48:30.853Z","69a621cae8191dca2ab5a591","2026-03-02T23:48:26.750000","2026-03-02T23:48:39.715000","service_eb508f39-ce3d-4391-bb12-d4211c02ede9","false"
"0","0","NC-0000000068","4","ST-000200","0","2026-03-02T23:48:40.272Z","video","0","2026-03-02T23:48:40.272Z","69a621ca1f8e1e9de46c0d9a","2026-03-02T23:48:26.399000","2026-03-02T23:48:42.493000","service_eb508f39-ce3d-4391-bb12-d4211c02ede9","false"
"0","0","NC-0000000068","2","ST-000203","0","2026-03-02T23:48:30.853Z","video","0","2026-03-02T23:48:30.853Z","69a621caaa5ee106107c5789","2026-03-02T23:48:26.086000","2026-03-02T23:48:38.217000","service_eb508f39-ce3d-4391-bb12-d4211c02ede9","false"
"0","0","NC-0000000068","4","ST-000202","0","2026-03-02T23:48:40.272Z","video","0","2026-03-02T23:48:40.272Z","69a621c9ec766595e8c96633","2026-03-02T23:48:25.745000","2026-03-02T23:48:45.615000","service_eb508f39-ce3d-4391-bb12-d4211c02ede9","false"
"0","0","NC-0000000068","2","ST-000208","0","2026-03-02T23:48:30.853Z","video","0","2026-03-02T23:48:30.853Z","69a621c9b5be849bf46a4287","2026-03-02T23:48:25.430000","2026-03-02T23:48:37.477000","service_eb508f39-ce3d-4391-bb12-d4211c02ede9","false"
"0","0","NC-0000000068","4","ST-000207","0","2026-03-02T23:48:40.272Z","video","0","2026-03-02T23:48:40.272Z","69a621c8bbce5257cace6a40","2026-03-02T23:48:24.939000","2026-03-02T23:48:45.230000","service_eb508f39-ce3d-4391-bb12-d4211c02ede9","false"
"0","0","NC-0000000068","4","ST-000206","0","2026-03-02T23:48:40.272Z","video","0","2026-03-02T23:48:40.272Z","69a621c8b5dbeded3277fe49","2026-03-02T23:48:24.584000","2026-03-02T23:48:44.794000","service_eb508f39-ce3d-4391-bb12-d4211c02ede9","false"
"0","0","NC-0000000068","4","ST-000205","0","2026-03-02T23:48:40.272Z","video","0","2026-03-02T23:48:40.272Z","69a621c89dc3b417d3dbc140","2026-03-02T23:48:24.194000","2026-03-02T23:48:44.237000","service_eb508f39-ce3d-4391-bb12-d4211c02ede9","false"
"0","0","NC-0000000068","4","ST-000204","0","2026-03-02T23:48:40.272Z","video","0","2026-03-02T23:48:40.272Z","69a621c7653ee0cc1591dbed","2026-03-02T23:48:23.855000","2026-03-02T23:48:43.914000","service_eb508f39-ce3d-4391-bb12-d4211c02ede9","false"
"0","0","NC-0000000068","2","ST-000212","0","2026-03-02T23:48:30.853Z","video","0","2026-03-02T23:48:30.853Z","69a621c7c6a5773a1db20868","2026-03-02T23:48:23.488000","2026-03-02T23:48:35.562000","service_eb508f39-ce3d-4391-bb12-d4211c02ede9","false"
"0","0","NC-0000000068","4","ST-000211","0","2026-03-02T23:48:40.272Z","video","0","2026-03-02T23:48:40.272Z","69a621c76522f7b0e75a2c28","2026-03-02T23:48:23.125000","2026-03-02T23:48:43.587000","service_eb508f39-ce3d-4391-bb12-d4211c02ede9","false"
"0","0","NC-0000000068","4","ST-000210","0","2026-03-02T23:48:40.272Z","video","0","2026-03-02T23:48:40.272Z","69a621c63ce87e3cbc49eb5a","2026-03-02T23:48:22.794000","2026-03-02T23:48:43.199000","service_eb508f39-ce3d-4391-bb12-d4211c02ede9","false"
"0","0","NC-0000000068","4","ST-000209","0","2026-03-02T23:48:40.272Z","video","0","2026-03-02T23:48:40.272Z","69a621c6b91dd44236cbcf9b","2026-03-02T23:48:22.438000","2026-03-02T23:48:42.870000","service_eb508f39-ce3d-4391-bb12-d4211c02ede9","false"
"0","0","NC-0000000068","2","ST-000213","0","2026-03-02T23:48:30.853Z","video","0","2026-03-02T23:48:30.853Z","69a621c6ca03e704192308df","2026-03-02T23:48:22.123000","2026-03-02T23:48:34.157000","service_eb508f39-ce3d-4391-bb12-d4211c02ede9","false"
"0","0","NC-0000000068","2","ST-000214","0","2026-03-02T23:48:30.853Z","video","0","2026-03-02T23:48:30.853Z","69a621c59f362e4ccf2ae373","2026-03-02T23:48:21.730000","2026-03-02T23:48:33.802000","service_eb508f39-ce3d-4391-bb12-d4211c02ede9","false"
"0","0","NC-0000000068","2","ST-000216","0","2026-03-02T23:48:30.853Z","video","0","2026-03-02T23:48:30.853Z","69a621c5d589888d8e6efca6","2026-03-02T23:48:21.430000","2026-03-02T23:48:33.456000","service_eb508f39-ce3d-4391-bb12-d4211c02ede9","false"
"0","0","NC-0000000068","2","ST-000215","0","2026-03-02T23:48:30.853Z","video","0","2026-03-02T23:48:30.853Z","69a621c5f02d0f386e56eee1","2026-03-02T23:48:21.107000","2026-03-02T23:48:33.113000","service_eb508f39-ce3d-4391-bb12-d4211c02ede9","false"
"0","0","NC-0000000068","2","ST-000217","0","2026-03-02T23:48:30.853Z","video","0","2026-03-02T23:48:30.853Z","69a621c4c45e0c0541424d65","2026-03-02T23:48:20.803000","2026-03-02T23:48:32.715000","service_eb508f39-ce3d-4391-bb12-d4211c02ede9","false"
"0","0","NC-0000000068","2","ST-000218","0","2026-03-02T23:48:30.853Z","video","0","2026-03-02T23:48:30.853Z","69a621c4085abc3a8b0db060","2026-03-02T23:48:20.451000","2026-03-02T23:48:32.383000","service_eb508f39-ce3d-4391-bb12-d4211c02ede9","false"
"0","0","NC-0000000068","2","ST-000219","0","2026-03-02T23:48:30.853Z","video","0","2026-03-02T23:48:30.853Z","69a621c47d4b2b1598b5f98b","2026-03-02T23:48:20.086000","2026-03-02T23:48:32.065000","service_eb508f39-ce3d-4391-bb12-d4211c02ede9","false"
"0","0","NC-0000000159","2","ST-000202","0","2026-03-02T23:28:06.715Z","music","0","2026-03-02T23:28:06.715Z","69a61d01b9cda8dc77f0e13d","2026-03-02T23:28:01.199000","2026-03-02T23:28:12.178000","service_eb508f39-ce3d-4391-bb12-d4211c02ede9","false"
"0","0","NC-0000000159","2","ST-000207","0","2026-03-02T23:28:06.715Z","music","0","2026-03-02T23:28:06.715Z","69a61d000f9cf88357394737","2026-03-02T23:28:00.692000","2026-03-02T23:28:11.834000","service_eb508f39-ce3d-4391-bb12-d4211c02ede9","false"
"0","0","NC-0000000159","2","ST-000206","0","2026-03-02T23:28:06.715Z","music","0","2026-03-02T23:28:06.715Z","69a61d0077e6ba736ec938b8","2026-03-02T23:28:00.245000","2026-03-02T23:28:11.422000","service_eb508f39-ce3d-4391-bb12-d4211c02ede9","false"
"0","0","NC-0000000159","2","ST-000205","0","2026-03-02T23:28:06.715Z","music","0","2026-03-02T23:28:06.715Z","69a61cff448f87585b65ec0e","2026-03-02T23:27:59.846000","2026-03-02T23:28:11.024000","service_eb508f39-ce3d-4391-bb12-d4211c02ede9","false"
"0","0","NC-0000000159","2","ST-000204","0","2026-03-02T23:28:06.715Z","music","0","2026-03-02T23:28:06.715Z","69a61cff275beba6eed5c75a","2026-03-02T23:27:59.273000","2026-03-02T23:28:10.683000","service_eb508f39-ce3d-4391-bb12-d4211c02ede9","false"
"0","0","NC-0000000159","2","ST-000211","0","2026-03-02T23:28:06.715Z","music","0","2026-03-02T23:28:06.715Z","69a61cfd050d49870ec1c74c","2026-03-02T23:27:57.584000","2026-03-02T23:28:10.339000","service_eb508f39-ce3d-4391-bb12-d4211c02ede9","false"
"0","0","NC-0000000159","2","ST-000210","0","2026-03-02T23:28:06.715Z","music","0","2026-03-02T23:28:06.715Z","69a61cfdb06a80413b64e264","2026-03-02T23:27:57.200000","2026-03-02T23:28:09.818000","service_eb508f39-ce3d-4391-bb12-d4211c02ede9","false"
"0","0","NC-0000000159","2","ST-000209","0","2026-03-02T23:28:06.715Z","music","0","2026-03-02T23:28:06.715Z","69a61cfcd23ad48f9b3d872e","2026-03-02T23:27:56.689000","2026-03-02T23:28:09.311000","service_eb508f39-ce3d-4391-bb12-d4211c02ede9","false"
"0","0","NC-0000000159","2","ST-000200","0","2026-03-02T23:28:06.715Z","music","0","2026-03-02T23:28:06.715Z","69a61cfc74ac2dbe826d8439","2026-03-02T23:27:56.283000","2026-03-02T23:28:08.982000","service_eb508f39-ce3d-4391-bb12-d4211c02ede9","false"
"0","0","NC-0000000159","2","ST-000133","0","2026-03-02T23:28:06.715Z","music","0","2026-03-02T23:28:06.715Z","69a61cfb96fb128ae90b87d0","2026-03-02T23:27:55.849000","2026-03-02T23:28:08.661000","service_eb508f39-ce3d-4391-bb12-d4211c02ede9","false"
"0","0","NC-0000000159","2","ST-000134","0","2026-03-02T23:28:06.715Z","music","0","2026-03-02T23:28:06.715Z","69a61cfbb663e0a0cbe27dfc","2026-03-02T23:27:55.396000","2026-03-02T23:28:08.327000","service_eb508f39-ce3d-4391-bb12-d4211c02ede9","false"
"0","0","NC-0000000159","2","ST-000080","0","2026-03-02T23:28:06.715Z","music","0","2026-03-02T23:28:06.715Z","69a61cfab8bbd97ae85d001f","2026-03-02T23:27:54.937000","2026-03-02T23:28:07.970000","service_eb508f39-ce3d-4391-bb12-d4211c02ede9","false"
"0","0","NC-0000000159","2","ST-000178","0","2026-03-02T23:28:03.369Z","music","0","2026-03-02T23:28:03.369Z","69a61cf8e23291ae90bc5fdc","2026-03-02T23:27:52.744000","2026-03-02T23:28:05.918000","service_eb508f39-ce3d-4391-bb12-d4211c02ede9","false"
"0","0","NC-0000000159","2","ST-000091","0","2026-03-02T23:28:03.369Z","music","0","2026-03-02T23:28:03.369Z","69a61cf818ca42b932d9624e","2026-03-02T23:27:52.339000","2026-03-02T23:28:05.569000","service_eb508f39-ce3d-4391-bb12-d4211c02ede9","false"
"0","0","NC-0000000159","2","ST-000139","0","2026-03-02T23:28:03.369Z","music","0","2026-03-02T23:28:03.369Z","69a61cf7f1aad28b89543b01","2026-03-02T23:27:51.906000","2026-03-02T23:28:05.217000","service_eb508f39-ce3d-4391-bb12-d4211c02ede9","false"
"0","0","NC-0000000159","2","ST-000145","0","2026-03-02T23:28:03.369Z","music","0","2026-03-02T23:28:03.369Z","69a61cf7fab16946fd341b30","2026-03-02T23:27:51.499000","2026-03-02T23:28:04.829000","service_eb508f39-ce3d-4391-bb12-d4211c02ede9","false"
"0","0","NC-0000000019","1","ST-000151","0","2026-03-02T23:12:02.483Z","music","0","2026-03-02T23:12:02.483Z","69a61944f64e9fcb19ee6ef4","2026-03-02T23:12:04.828000","2026-03-02T23:12:04.828000","service_eb508f39-ce3d-4391-bb12-d4211c02ede9","false"
"0","0","NC-0000000019","2","ST-000091","0","2026-03-04T15:00:23.816Z","music","0","2026-03-04T15:00:23.816Z","69a6194469ffe999c1e24fc0","2026-03-02T23:12:04.432000","2026-03-04T15:00:25.931000","service_eb508f39-ce3d-4391-bb12-d4211c02ede9","false"
"0","0","NC-0000000019","2","ST-000139","0","2026-03-04T15:00:23.816Z","music","0","2026-03-04T15:00:23.816Z","69a61944ff0f5a9973c66138","2026-03-02T23:12:04.087000","2026-03-04T15:00:25.571000","service_eb508f39-ce3d-4391-bb12-d4211c02ede9","false"
"0","0","NC-0000000019","2","ST-000145","0","2026-03-04T15:00:23.816Z","music","0","2026-03-04T15:00:23.816Z","69a61943e81faf9cbad1bddc","2026-03-02T23:12:03.714000","2026-03-04T15:00:25.127000","service_eb508f39-ce3d-4391-bb12-d4211c02ede9","false"
"0","0","NC-0000000019","2","ST-000018","0","2026-03-02T23:12:05.755Z","music","0","2026-03-02T23:12:05.755Z","69a31a6d5833b773e561d4c5","2026-02-28T16:40:13.829000","2026-03-02T23:12:07.870000","service_eb508f39-ce3d-4391-bb12-d4211c02ede9","false"
"0","0","NC-0000000019","1","ST-000202","0","2026-02-28T16:40:06.498Z","music","0","2026-02-28T16:40:06.498Z","69a31a6b9264b64cc694eef8","2026-02-28T16:40:11.995000","2026-02-28T16:40:11.995000","service_eb508f39-ce3d-4391-bb12-d4211c02ede9","false"
"0","0","NC-0000000019","1","ST-000207","0","2026-02-28T16:40:06.498Z","music","0","2026-02-28T16:40:06.498Z","69a31a6bed1c55a424801e6e","2026-02-28T16:40:11.647000","2026-02-28T16:40:11.647000","service_eb508f39-ce3d-4391-bb12-d4211c02ede9","false"
"0","0","NC-0000000019","1","ST-000206","0","2026-02-28T16:40:06.498Z","music","0","2026-02-28T16:40:06.498Z","69a31a6b0f4b0a3729a14157","2026-02-28T16:40:11.255000","2026-02-28T16:40:11.255000","service_eb508f39-ce3d-4391-bb12-d4211c02ede9","false"
"0","0","NC-0000000019","1","ST-000205","0","2026-02-28T16:40:06.498Z","music","0","2026-02-28T16:40:06.498Z","69a31a6a28707fa3d4d9c7b2","2026-02-28T16:40:10.927000","2026-02-28T16:40:10.927000","service_eb508f39-ce3d-4391-bb12-d4211c02ede9","false"
"0","0","NC-0000000019","1","ST-000204","0","2026-02-28T16:40:06.498Z","music","0","2026-02-28T16:40:06.498Z","69a31a6a6909078950b6bf31","2026-02-28T16:40:10.519000","2026-02-28T16:40:10.519000","service_eb508f39-ce3d-4391-bb12-d4211c02ede9","false"
"0","0","NC-0000000019","1","ST-000211","0","2026-02-28T16:40:06.498Z","music","0","2026-02-28T16:40:06.498Z","69a31a6a5ae50a6f12b01b9b","2026-02-28T16:40:10.163000","2026-02-28T16:40:10.163000","service_eb508f39-ce3d-4391-bb12-d4211c02ede9","false"
"0","0","NC-0000000019","1","ST-000210","0","2026-02-28T16:40:06.498Z","music","0","2026-02-28T16:40:06.498Z","69a31a695fbc2e78920ec06f","2026-02-28T16:40:09.823000","2026-02-28T16:40:09.823000","service_eb508f39-ce3d-4391-bb12-d4211c02ede9","false"
"0","0","NC-0000000019","1","ST-000209","0","2026-02-28T16:40:06.498Z","music","0","2026-02-28T16:40:06.498Z","69a31a69f219cc52d0270c5f","2026-02-28T16:40:09.513000","2026-02-28T16:40:09.513000","service_eb508f39-ce3d-4391-bb12-d4211c02ede9","false"
"0","0","NC-0000000019","1","ST-000200","0","2026-02-28T16:40:06.498Z","music","0","2026-02-28T16:40:06.498Z","69a31a693255cfb26d4a2643","2026-02-28T16:40:09.112000","2026-02-28T16:40:09.112000","service_eb508f39-ce3d-4391-bb12-d4211c02ede9","false"
"0","0","NC-0000000019","1","ST-000133","0","2026-02-28T16:40:06.498Z","music","0","2026-02-28T16:40:06.498Z","69a31a684c3deee27ba6113a","2026-02-28T16:40:08.778000","2026-02-28T16:40:08.778000","service_eb508f39-ce3d-4391-bb12-d4211c02ede9","false"
"0","0","NC-0000000019","1","ST-000134","0","2026-02-28T16:40:06.498Z","music","0","2026-02-28T16:40:06.498Z","69a31a68d3ac4ff55fde9e43","2026-02-28T16:40:08.445000","2026-02-28T16:40:08.445000","service_eb508f39-ce3d-4391-bb12-d4211c02ede9","false"
"0","0","NC-0000000019","1","ST-000080","0","2026-02-28T16:40:06.498Z","music","0","2026-02-28T16:40:06.498Z","69a31a683a8626ffdcfb524e","2026-02-28T16:40:08.080000","2026-02-28T16:40:08.080000","service_eb508f39-ce3d-4391-bb12-d4211c02ede9","false"
"0","0","NC-0000000148","1","ST-000018","0","2026-02-28T16:35:56.165Z","music","0","2026-02-28T16:35:56.165Z","69a3196d4b47f7cc9f073cb7","2026-02-28T16:35:57.481000","2026-02-28T16:35:57.481000","service_eb508f39-ce3d-4391-bb12-d4211c02ede9","false"
"0","0","NC-0000000148","1","ST-000158","0","2026-02-28T16:35:54.205Z","music","0","2026-02-28T16:35:54.205Z","69a3196b71691be717009637","2026-02-28T16:35:55.476000","2026-02-28T16:35:55.476000","service_eb508f39-ce3d-4391-bb12-d4211c02ede9","false"
"0","0","NC-0000000019","2","ST-000018","0","2026-02-28T16:02:37.043Z","video","0","2026-02-28T16:02:37.043Z","69a306780676bb573f330fcb","2026-02-28T15:15:04.003000","2026-02-28T16:02:38.286000","service_eb508f39-ce3d-4391-bb12-d4211c02ede9","false"
"0","0","NC-0000000019","2","ST-000202","0","2026-02-28T16:02:35.204Z","video","0","2026-02-28T16:02:35.204Z","69a306759ded8202b6133ade","2026-02-28T15:15:01.276000","2026-02-28T16:02:36.473000","service_eb508f39-ce3d-4391-bb12-d4211c02ede9","false"
"0","0","NC-0000000019","1","ST-000207","0","2026-02-28T15:14:56.075Z","video","0","2026-02-28T15:14:56.075Z","69a306748f4dfe36352ad528","2026-02-28T15:15:00.938000","2026-02-28T15:15:00.938000","service_eb508f39-ce3d-4391-bb12-d4211c02ede9","false"
"0","0","NC-0000000019","1","ST-000206","0","2026-02-28T15:14:56.075Z","video","0","2026-02-28T15:14:56.075Z","69a30674d4cd3e0b4998aa74","2026-02-28T15:15:00.554000","2026-02-28T15:15:00.554000","service_eb508f39-ce3d-4391-bb12-d4211c02ede9","false"
"0","0","NC-0000000019","1","ST-000205","0","2026-02-28T15:14:56.075Z","video","0","2026-02-28T15:14:56.075Z","69a3067453c5558894d21139","2026-02-28T15:15:00.180000","2026-02-28T15:15:00.180000","service_eb508f39-ce3d-4391-bb12-d4211c02ede9","false"
"0","0","NC-0000000019","1","ST-000204","0","2026-02-28T15:14:56.075Z","video","0","2026-02-28T15:14:56.075Z","69a30673fe61d4b6960ab0d7","2026-02-28T15:14:59.782000","2026-02-28T15:14:59.782000","service_eb508f39-ce3d-4391-bb12-d4211c02ede9","false"
"0","0","NC-0000000019","1","ST-000211","0","2026-02-28T15:14:56.075Z","video","0","2026-02-28T15:14:56.075Z","69a306734af6ab19cfa9684e","2026-02-28T15:14:59.344000","2026-02-28T15:14:59.344000","service_eb508f39-ce3d-4391-bb12-d4211c02ede9","false"
"0","0","NC-0000000019","1","ST-000210","0","2026-02-28T15:14:56.075Z","video","0","2026-02-28T15:14:56.075Z","69a30672e835769d4b5c9ce2","2026-02-28T15:14:58.996000","2026-02-28T15:14:58.996000","service_eb508f39-ce3d-4391-bb12-d4211c02ede9","false"
"0","0","NC-0000000019","1","ST-000209","0","2026-02-28T15:14:56.075Z","video","0","2026-02-28T15:14:56.075Z","69a30672bd80f20b4b5f459a","2026-02-28T15:14:58.644000","2026-02-28T15:14:58.644000","service_eb508f39-ce3d-4391-bb12-d4211c02ede9","false"
"0","0","NC-0000000019","1","ST-000200","0","2026-02-28T15:14:56.075Z","video","0","2026-02-28T15:14:56.075Z","69a306727b6e8e6a35e072b4","2026-02-28T15:14:58.240000","2026-02-28T15:14:58.240000","service_eb508f39-ce3d-4391-bb12-d4211c02ede9","false"
"0","0","NC-0000000019","1","ST-000133","0","2026-02-28T15:14:56.075Z","video","0","2026-02-28T15:14:56.075Z","69a30671b46ee9f3a622bdeb","2026-02-28T15:14:57.893000","2026-02-28T15:14:57.893000","service_eb508f39-ce3d-4391-bb12-d4211c02ede9","false"
"0","0","NC-0000000019","1","ST-000134","0","2026-02-28T15:14:56.075Z","video","0","2026-02-28T15:14:56.075Z","69a30671d35ff8c6ceada41c","2026-02-28T15:14:57.562000","2026-02-28T15:14:57.562000","service_eb508f39-ce3d-4391-bb12-d4211c02ede9","false"
"0","0","NC-0000000019","1","ST-000080","0","2026-02-28T15:14:56.075Z","video","0","2026-02-28T15:14:56.075Z","69a306713be55a3c186a0e2f","2026-02-28T15:14:57.230000","2026-02-28T15:14:57.230000","service_eb508f39-ce3d-4391-bb12-d4211c02ede9","false"
"0","0","NC-0000000155","1","ST-000146","0","2026-02-28T14:41:05.364Z","music","0","2026-02-28T14:41:05.364Z","69a2fe827a2340bb17403456","2026-02-28T14:41:06.505000","2026-02-28T14:41:06.505000","service_eb508f39-ce3d-4391-bb12-d4211c02ede9","false"
"0","0","NC-0000000155","1","ST-000148","0","2026-02-28T14:41:03.597Z","music","0","2026-02-28T14:41:03.597Z","69a2fe803620d2581ee668e5","2026-02-28T14:41:04.852000","2026-02-28T14:41:04.852000","service_eb508f39-ce3d-4391-bb12-d4211c02ede9","false"
"0","0","NC-0000000152","1","ST-000133","0","2026-02-24T00:45:38.780Z","music","0","2026-02-24T00:45:38.780Z","699cf4b4f4a21b5e5fdb40fc","2026-02-24T00:45:40.311000","2026-02-24T00:45:40.311000","service_eb508f39-ce3d-4391-bb12-d4211c02ede9","false"
"0","0","NC-0000000152","1","ST-000134","0","2026-02-24T00:45:38.780Z","music","0","2026-02-24T00:45:38.780Z","699cf4b4d6d9b8d8c603e764","2026-02-24T00:45:40.047000","2026-02-24T00:45:40.047000","service_eb508f39-ce3d-4391-bb12-d4211c02ede9","false"
"0","0","NC-0000000152","1","ST-000080","0","2026-02-24T00:45:38.780Z","music","0","2026-02-24T00:45:38.780Z","699cf4b320cf5e80e67ff83e","2026-02-24T00:45:39.772000","2026-02-24T00:45:39.772000","service_eb508f39-ce3d-4391-bb12-d4211c02ede9","false"
"0","0","NC-0000000152","1","ST-000031","0","2026-02-24T00:45:37.061Z","music","0","2026-02-24T00:45:37.061Z","699cf4b203399e79135324d4","2026-02-24T00:45:38.271000","2026-02-24T00:45:38.271000","service_eb508f39-ce3d-4391-bb12-d4211c02ede9","false"
"0","0","NC-0000000155","1","ST-000133","0","2026-02-24T00:23:46.688Z","music","0","2026-02-24T00:23:46.688Z","699cef948e4c695ca8a01985","2026-02-24T00:23:48.452000","2026-02-24T00:23:48.452000","service_eb508f39-ce3d-4391-bb12-d4211c02ede9","false"
"0","0","NC-0000000155","1","ST-000134","0","2026-02-24T00:23:46.688Z","music","0","2026-02-24T00:23:46.688Z","699cef94b9af5d8ec5314a0f","2026-02-24T00:23:48.140000","2026-02-24T00:23:48.140000","service_eb508f39-ce3d-4391-bb12-d4211c02ede9","false"
"0","0","NC-0000000155","2","ST-000080","0","2026-03-16T15:08:18.329Z","music","0","2026-03-16T15:08:18.329Z","699cef93b920460e4aea3623","2026-02-24T00:23:47.804000","2026-03-16T15:08:24.303000","service_eb508f39-ce3d-4391-bb12-d4211c02ede9","false"
"0","0","NC-0000000155","1","ST-000135","0","2026-02-24T00:23:45.059Z","music","0","2026-02-24T00:23:45.059Z","699cef9291d9b002afa5f18f","2026-02-24T00:23:46.192000","2026-02-24T00:23:46.192000","service_eb508f39-ce3d-4391-bb12-d4211c02ede9","false"
"0","0","NC-0000000155","2","ST-000145","0","2026-03-16T15:08:08.371Z","music","0","2026-03-16T15:08:08.371Z","699cef90728791cc90f677b6","2026-02-24T00:23:44.339000","2026-03-16T15:08:09.836000","service_eb508f39-ce3d-4391-bb12-d4211c02ede9","false"
"0","0","NC-0000000155","3","ST-000018","0","2026-03-16T15:08:11.581Z","music","0","2026-03-16T15:08:11.581Z","699cef8eddf5f456715b6dd4","2026-02-24T00:23:42.391000","2026-03-16T15:08:12.996000","service_eb508f39-ce3d-4391-bb12-d4211c02ede9","false"
"0","0","NC-0000000161","2","ST-000135","0","2026-02-23T23:53:19.564Z","music","0","2026-02-23T23:53:19.564Z","699ce02b93ccbb5cd2cc6fe9","2026-02-23T23:18:03.551000","2026-02-23T23:53:20.502000","service_eb508f39-ce3d-4391-bb12-d4211c02ede9","false"
"0","0","NC-0000000161","2","ST-000018","0","2026-02-23T23:53:21.354Z","music","0","2026-02-23T23:53:21.354Z","699ce02a7aac2ac2e5f48146","2026-02-23T23:18:02.052000","2026-02-23T23:53:22.340000","service_eb508f39-ce3d-4391-bb12-d4211c02ede9","false"
"0","0","NC-0000000149","1","ST-000091","0","2026-02-23T23:14:14.623Z","music","0","2026-02-23T23:14:14.623Z","699cdf47da3c927c69d3502b","2026-02-23T23:14:15.679000","2026-02-23T23:14:15.679000","service_eb508f39-ce3d-4391-bb12-d4211c02ede9","false"
"0","0","NC-0000000152","1","ST-000018","0","2026-02-23T23:11:50.615Z","music","0","2026-02-23T23:11:50.615Z","699cdeb7cc08853a7901897c","2026-02-23T23:11:51.681000","2026-02-23T23:11:51.681000","service_eb508f39-ce3d-4391-bb12-d4211c02ede9","false"
"0","0","NC-0000000152","1","ST-000091","0","2026-02-23T23:11:48.609Z","music","0","2026-02-23T23:11:48.609Z","699cdeb592afe5366324a43a","2026-02-23T23:11:49.660000","2026-02-23T23:11:49.660000","service_eb508f39-ce3d-4391-bb12-d4211c02ede9","false"
"0","0","NC-0000000021","1","ST-000018","0","2026-02-23T23:10:39.505Z","music","0","2026-02-23T23:10:39.505Z","699cde70bc82dd22ce99ab27","2026-02-23T23:10:40.409000","2026-02-23T23:10:40.409000","service_eb508f39-ce3d-4391-bb12-d4211c02ede9","false"
"0","0","NC-0000000021","1","ST-000145","0","2026-02-23T23:10:37.643Z","music","0","2026-02-23T23:10:37.643Z","699cde6ea0f7e1a1f5dac983","2026-02-23T23:10:38.747000","2026-02-23T23:10:38.747000","service_eb508f39-ce3d-4391-bb12-d4211c02ede9","false"
"0","0","NC-0000000021","2","ST-000161","0","2026-02-23T12:40:55.559Z","music","0","2026-02-23T12:40:55.559Z","699c4ad3e310a2a3d85f77b2","2026-02-23T12:40:51.247000","2026-02-23T12:40:56.187000","service_eb508f39-ce3d-4391-bb12-d4211c02ede9","false"
"0","0","NC-0000000021","2","ST-000091","0","2026-02-23T12:40:54.408Z","music","0","2026-02-23T12:40:54.408Z","699c4ad10f514eee483e56de","2026-02-23T12:40:49.030000","2026-02-23T12:40:55.136000","service_eb508f39-ce3d-4391-bb12-d4211c02ede9","false"
"0","0","NC-0000000152","2","ST-000162","0","2026-02-22T16:45:51.549Z","music","0","2026-02-22T16:45:51.549Z","699b32bb6765bdb1597f8eb8","2026-02-22T16:45:47.317000","2026-02-22T16:45:53.206000","service_eb508f39-ce3d-4391-bb12-d4211c02ede9","false"
"0","0","NC-0000000152","2","ST-000161","0","2026-02-22T16:45:50.027Z","music","0","2026-02-22T16:45:50.027Z","699b32b92d4d28e9a2e741f0","2026-02-22T16:45:45.928000","2026-02-22T16:45:50.669000","service_eb508f39-ce3d-4391-bb12-d4211c02ede9","false"
"0","0","NC-0000000149","3","ST-000145","0","2026-02-22T16:34:31.031Z","music","0","2026-02-22T16:34:31.031Z","699b300b9fcb8a8801a6896f","2026-02-22T16:34:19.912000","2026-02-22T16:34:31.853000","service_eb508f39-ce3d-4391-bb12-d4211c02ede9","false"
"0","0","NC-0000000149","3","ST-000161","0","2026-02-22T16:34:29.724Z","music","0","2026-02-22T16:34:29.724Z","699b300a89c4e539c0f515d1","2026-02-22T16:34:18.675000","2026-02-22T16:34:30.603000","service_eb508f39-ce3d-4391-bb12-d4211c02ede9","false"
"0","0","NC-0000000152","3","ST-000144","0","2026-02-22T16:15:12.806Z","music","0","2026-02-22T16:15:12.806Z","699b2b8319356ca1baa912ce","2026-02-22T16:14:59.969000","2026-02-22T16:15:13.705000","service_eb508f39-ce3d-4391-bb12-d4211c02ede9","false"
"0","0","NC-0000000152","3","ST-000145","0","2026-02-22T16:15:11.427Z","music","0","2026-02-22T16:15:11.427Z","699b2b82fa827648b765bc45","2026-02-22T16:14:58.809000","2026-02-22T16:15:12.294000","service_eb508f39-ce3d-4391-bb12-d4211c02ede9","false"
"0","0","NC-0000000152","3","ST-000088","0","2026-02-22T16:15:10.004Z","music","0","2026-02-22T16:15:10.004Z","699b2b81f7f42263eb9798f8","2026-02-22T16:14:57.453000","2026-02-22T16:15:10.917000","service_eb508f39-ce3d-4391-bb12-d4211c02ede9","false"
"0","0","NC-0000000149","3","ST-000135","0","2026-02-23T23:14:17.212Z","music","0","2026-02-23T23:14:17.212Z","699b0629079fd83105fb5a29","2026-02-22T13:35:37.316000","2026-02-23T23:14:18.155000","service_eb508f39-ce3d-4391-bb12-d4211c02ede9","false"
"0","0","NC-0000000149","5","ST-000088","0","2026-02-22T16:34:28.276Z","music","0","2026-02-22T16:34:28.276Z","699b0572f9147aca977ffd15","2026-02-22T13:32:34.623000","2026-02-22T16:34:29.144000","service_eb508f39-ce3d-4391-bb12-d4211c02ede9","false"
"0","0","NC-0000000149","2","ST-000008","0","2026-02-22T13:32:37.130Z","music","0","2026-02-22T13:32:37.130Z","699b05702e5e44a05484ef55","2026-02-22T13:32:32.535000","2026-02-22T13:32:38.472000","service_eb508f39-ce3d-4391-bb12-d4211c02ede9","false"
"0","0","NC-0000000149","6","ST-000018","0","2026-02-22T13:35:40.400Z","music","0","2026-02-22T13:35:40.400Z","699b0021c60a696fb5112c65","2026-02-22T13:09:53.873000","2026-02-22T13:35:42.286000","service_eb508f39-ce3d-4391-bb12-d4211c02ede9","false"