entryType,eventId,note,accountCode,relatedEntryId,amount_cents,payoutSplitId,stripeEventId,recipientUserId,createdAt,stripeRef,currency,payerUserId,debitCredit,id,created_date,updated_date,created_by_id,is_sample
"noshow_refund_issued","69ea7a3dba45aac7aea9dcb0","No-show remboursé 29.90$ — event 69ea7a3dba45aac7aea9dcb0 [Cr stripe_balance]","stripe_balance","69f1f82448530e961c6d4ae3","2990","69f1f7cb8b6f84386ebd51f7","","","2026-04-29T12:23:00.240Z","re_3TPTTaEDnfppNFcx1rSZSZrf","CAD","","credit","69f1f824cdb0daba48f6323d","2026-04-29T12:23:00.545000","2026-04-29T12:23:00.545000","service_eb508f39-ce3d-4391-bb12-d4211c02ede9","false"
"noshow_refund_issued","69ea7a3dba45aac7aea9dcb0","No-show remboursé 29.90$ — event 69ea7a3dba45aac7aea9dcb0 [Dr refund_liability]","refund_liability","69f1f824cdb0daba48f6323d","2990","69f1f7cb8b6f84386ebd51f7","","","2026-04-29T12:23:00.240Z","re_3TPTTaEDnfppNFcx1rSZSZrf","CAD","","debit","69f1f82448530e961c6d4ae3","2026-04-29T12:23:00.379000","2026-04-29T12:23:00.720000","service_eb508f39-ce3d-4391-bb12-d4211c02ede9","false"
"noshow_refund_issued","69eb6a82d3d017cfbd3e77bc","No-show remboursé 9.48$ — event 69eb6a82d3d017cfbd3e77bc [Cr stripe_balance]","stripe_balance","69f1f821bba419995318619f","948","69f1f7cb8b6f84386ebd51f6","","","2026-04-29T12:22:57.605Z","re_3TPjSrEDnfppNFcx0bVJfiri","CAD","","credit","69f1f82106b79dde5dd2079e","2026-04-29T12:22:57.930000","2026-04-29T12:22:57.930000","service_eb508f39-ce3d-4391-bb12-d4211c02ede9","false"
"noshow_refund_issued","69eb6a82d3d017cfbd3e77bc","No-show remboursé 9.48$ — event 69eb6a82d3d017cfbd3e77bc [Dr refund_liability]","refund_liability","69f1f82106b79dde5dd2079e","948","69f1f7cb8b6f84386ebd51f6","","","2026-04-29T12:22:57.605Z","re_3TPjSrEDnfppNFcx0bVJfiri","CAD","","debit","69f1f821bba419995318619f","2026-04-29T12:22:57.741000","2026-04-29T12:22:58.094000","service_eb508f39-ce3d-4391-bb12-d4211c02ede9","false"
"noshow_refund_issued","69eb682b9430b4c08113234d","No-show remboursé 62.10$ — event 69eb682b9430b4c08113234d [Cr stripe_balance]","stripe_balance","69f1f81f18fe910878c989fe","6210","69f1f7cb8b6f84386ebd51f3","","","2026-04-29T12:22:55.068Z","re_3TPjJ6EDnfppNFcx0WzB3xWD","CAD","","credit","69f1f81f307cb72d23c03f3d","2026-04-29T12:22:55.399000","2026-04-29T12:22:55.399000","service_eb508f39-ce3d-4391-bb12-d4211c02ede9","false"
"noshow_refund_issued","69eb682b9430b4c08113234d","No-show remboursé 62.10$ — event 69eb682b9430b4c08113234d [Dr refund_liability]","refund_liability","69f1f81f307cb72d23c03f3d","6210","69f1f7cb8b6f84386ebd51f3","","","2026-04-29T12:22:55.068Z","re_3TPjJ6EDnfppNFcx0WzB3xWD","CAD","","debit","69f1f81f18fe910878c989fe","2026-04-29T12:22:55.223000","2026-04-29T12:22:55.653000","service_eb508f39-ce3d-4391-bb12-d4211c02ede9","false"
"talent_transfer","69eabaa014b3b229e04cd76a","Batch cachet — event 69eabaa014b3b229e04cd76a — 4.75$ → cGmADTy4 [Cr stripe_balance]","stripe_balance","69f1f80eed177cab6665df74","475","69f1f7cb8b6f84386ebd5196","","","2026-04-29T12:22:38.452Z","tr_1TRX8TEDnfppNFcxAQImZ5Om","CAD","","credit","69f1f80e53b34a70899c6543","2026-04-29T12:22:38.848000","2026-04-29T12:22:38.848000","service_eb508f39-ce3d-4391-bb12-d4211c02ede9","false"
"talent_transfer","69eabaa014b3b229e04cd76a","Batch cachet — event 69eabaa014b3b229e04cd76a — 4.75$ → cGmADTy4 [Dr stripe_connect_transit]","stripe_connect_transit","69f1f80e53b34a70899c6543","475","69f1f7cb8b6f84386ebd5196","","","2026-04-29T12:22:38.452Z","tr_1TRX8TEDnfppNFcxAQImZ5Om","CAD","","debit","69f1f80eed177cab6665df74","2026-04-29T12:22:38.588000","2026-04-29T12:22:39.108000","service_eb508f39-ce3d-4391-bb12-d4211c02ede9","false"
"talent_transfer","69d7f2a1d02b620f26748950","Batch cachet — event 69d7f2a1d02b620f26748950 — 26.03$ → cGmADTy4 [Cr stripe_balance]","stripe_balance","69f1f80be61204ffec46a244","2603","69f1f7cb8b6f84386ebd5185","","","2026-04-29T12:22:34.916Z","tr_1TRX8PEDnfppNFcxarjq0UD5","CAD","","credit","69f1f80b71956c43b9345f31","2026-04-29T12:22:35.290000","2026-04-29T12:22:35.290000","service_eb508f39-ce3d-4391-bb12-d4211c02ede9","false"
"talent_transfer","69d7f2a1d02b620f26748950","Batch cachet — event 69d7f2a1d02b620f26748950 — 26.03$ → cGmADTy4 [Dr stripe_connect_transit]","stripe_connect_transit","69f1f80b71956c43b9345f31","2603","69f1f7cb8b6f84386ebd5185","","","2026-04-29T12:22:34.916Z","tr_1TRX8PEDnfppNFcxarjq0UD5","CAD","","debit","69f1f80be61204ffec46a244","2026-04-29T12:22:35.075000","2026-04-29T12:22:35.454000","service_eb508f39-ce3d-4391-bb12-d4211c02ede9","false"
"talent_transfer","69d7b8e23d9e3c5cae2ce9b6","Batch cachet — event 69d7b8e23d9e3c5cae2ce9b6 — 23.75$ → cGmADTy4 [Cr stripe_balance]","stripe_balance","69f1f807adbfcd35c2c8e04d","2375","69f1f7cb8b6f84386ebd5183","","","2026-04-29T12:22:31.746Z","tr_1TRX8MEDnfppNFcxtCnmnEO9","CAD","","credit","69f1f808771b032cbb4777fd","2026-04-29T12:22:32.043000","2026-04-29T12:22:32.043000","service_eb508f39-ce3d-4391-bb12-d4211c02ede9","false"
"talent_transfer","69d7b8e23d9e3c5cae2ce9b6","Batch cachet — event 69d7b8e23d9e3c5cae2ce9b6 — 23.75$ → cGmADTy4 [Dr stripe_connect_transit]","stripe_connect_transit","69f1f808771b032cbb4777fd","2375","69f1f7cb8b6f84386ebd5183","","","2026-04-29T12:22:31.746Z","tr_1TRX8MEDnfppNFcxtCnmnEO9","CAD","","debit","69f1f807adbfcd35c2c8e04d","2026-04-29T12:22:31.891000","2026-04-29T12:22:32.212000","service_eb508f39-ce3d-4391-bb12-d4211c02ede9","false"
"talent_transfer","69eb682b9430b4c08113234d","Batch cachet — event 69eb682b9430b4c08113234d — 94.00$ → pkPYEQBM [Cr stripe_balance]","stripe_balance","69f1f8038edafe25276c7da1","9400","69f1f7cb8b6f84386ebd51f2","","","2026-04-29T12:22:27.161Z","tr_1TRX8HEDnfppNFcxKHvTZWiV","CAD","","credit","69f1f8032e66773b7c1fb5fc","2026-04-29T12:22:27.474000","2026-04-29T12:22:27.474000","service_eb508f39-ce3d-4391-bb12-d4211c02ede9","false"
"talent_transfer","69eb682b9430b4c08113234d","Batch cachet — event 69eb682b9430b4c08113234d — 94.00$ → pkPYEQBM [Dr stripe_connect_transit]","stripe_connect_transit","69f1f8032e66773b7c1fb5fc","9400","69f1f7cb8b6f84386ebd51f2","","","2026-04-29T12:22:27.161Z","tr_1TRX8HEDnfppNFcxKHvTZWiV","CAD","","debit","69f1f8038edafe25276c7da1","2026-04-29T12:22:27.309000","2026-04-29T12:22:27.664000","service_eb508f39-ce3d-4391-bb12-d4211c02ede9","false"
"talent_transfer","69d81648bd82e7282106ec34","Batch cachet — event 69d81648bd82e7282106ec34 — 60.04$ → cGmADTy4 [Cr stripe_balance]","stripe_balance","69f1f7fe3842819203ee2a58","6004","69f1f7cb8b6f84386ebd51ec","","","2026-04-29T12:22:22.385Z","tr_1TRX8DEDnfppNFcxdWmCRstX","CAD","","credit","69f1f7fe18a2d733897080db","2026-04-29T12:22:22.697000","2026-04-29T12:22:22.697000","service_eb508f39-ce3d-4391-bb12-d4211c02ede9","false"
"talent_transfer","69d81648bd82e7282106ec34","Batch cachet — event 69d81648bd82e7282106ec34 — 60.04$ → cGmADTy4 [Dr stripe_connect_transit]","stripe_connect_transit","69f1f7fe18a2d733897080db","6004","69f1f7cb8b6f84386ebd51ec","","","2026-04-29T12:22:22.385Z","tr_1TRX8DEDnfppNFcxdWmCRstX","CAD","","debit","69f1f7fe3842819203ee2a58","2026-04-29T12:22:22.528000","2026-04-29T12:22:22.868000","service_eb508f39-ce3d-4391-bb12-d4211c02ede9","false"
"talent_transfer","69d80cabe1336b871a5d61ac","Batch cachet — event 69d80cabe1336b871a5d61ac — 95.00$ → cGmADTy4 [Cr stripe_balance]","stripe_balance","69f1f7fb2439b7743e10c295","9500","69f1f7cb8b6f84386ebd51ea","","","2026-04-29T12:22:19.794Z","tr_1TRX8AEDnfppNFcxEPk6Y1Rz","CAD","","credit","69f1f7fc073a3d64bb83909f","2026-04-29T12:22:20.078000","2026-04-29T12:22:20.078000","service_eb508f39-ce3d-4391-bb12-d4211c02ede9","false"
"talent_transfer","69d80cabe1336b871a5d61ac","Batch cachet — event 69d80cabe1336b871a5d61ac — 95.00$ → cGmADTy4 [Dr stripe_connect_transit]","stripe_connect_transit","69f1f7fc073a3d64bb83909f","9500","69f1f7cb8b6f84386ebd51ea","","","2026-04-29T12:22:19.794Z","tr_1TRX8AEDnfppNFcxEPk6Y1Rz","CAD","","debit","69f1f7fb2439b7743e10c295","2026-04-29T12:22:19.924000","2026-04-29T12:22:20.237000","service_eb508f39-ce3d-4391-bb12-d4211c02ede9","false"
"noshow_refund_issued","69eb54a1a9707a51c042eaff","No-show remboursé 200.00$ — event 69eb54a1a9707a51c042eaff [Cr stripe_balance]","stripe_balance","69f1f6e59d7c77cec150e4f6","20000","69f1f55971061fa9bb41f2dd","","","2026-04-29T12:17:41.754Z","re_3TPi2zEDnfppNFcx0JzOx1HJ","CAD","","credit","69f1f6e6f49bb4b48be38607","2026-04-29T12:17:42.129000","2026-04-29T12:17:42.129000","service_eb508f39-ce3d-4391-bb12-d4211c02ede9","false"
"noshow_refund_issued","69eb54a1a9707a51c042eaff","No-show remboursé 200.00$ — event 69eb54a1a9707a51c042eaff [Dr refund_liability]","refund_liability","69f1f6e6f49bb4b48be38607","20000","69f1f55971061fa9bb41f2dd","","","2026-04-29T12:17:41.754Z","re_3TPi2zEDnfppNFcx0JzOx1HJ","CAD","","debit","69f1f6e59d7c77cec150e4f6","2026-04-29T12:17:41.921000","2026-04-29T12:17:42.317000","service_eb508f39-ce3d-4391-bb12-d4211c02ede9","false"
"noshow_refund_issued","69eabaa014b3b229e04cd76a","No-show remboursé 71.60$ — event 69eabaa014b3b229e04cd76a [Cr stripe_balance]","stripe_balance","69f1f6e2cfcf0f051568848d","7160","69f1f55971061fa9bb41f2da","","","2026-04-29T12:17:38.486Z","re_3TPXrtEDnfppNFcx0D0N4jxw","CAD","","credit","69f1f6e2c0df56e5ee0145df","2026-04-29T12:17:38.842000","2026-04-29T12:17:38.842000","service_eb508f39-ce3d-4391-bb12-d4211c02ede9","false"
"noshow_refund_issued","69eabaa014b3b229e04cd76a","No-show remboursé 71.60$ — event 69eabaa014b3b229e04cd76a [Dr refund_liability]","refund_liability","69f1f6e2c0df56e5ee0145df","7160","69f1f55971061fa9bb41f2da","","","2026-04-29T12:17:38.486Z","re_3TPXrtEDnfppNFcx0D0N4jxw","CAD","","debit","69f1f6e2cfcf0f051568848d","2026-04-29T12:17:38.668000","2026-04-29T12:17:40.017000","service_eb508f39-ce3d-4391-bb12-d4211c02ede9","false"
"noshow_refund_issued","69ea7a3dba45aac7aea9dcb0","No-show remboursé 29.90$ — event 69ea7a3dba45aac7aea9dcb0 [Cr stripe_balance]","stripe_balance","69f1f6dd13a177bb44ac172c","2990","69f1f55971061fa9bb41f338","","","2026-04-29T12:17:33.539Z","re_3TPTTaEDnfppNFcx10FBbhgA","CAD","","credit","69f1f6de1f8d4cfb44e95b94","2026-04-29T12:17:34.095000","2026-04-29T12:17:34.095000","service_eb508f39-ce3d-4391-bb12-d4211c02ede9","false"
"noshow_refund_issued","69ea7a3dba45aac7aea9dcb0","No-show remboursé 29.90$ — event 69ea7a3dba45aac7aea9dcb0 [Dr refund_liability]","refund_liability","69f1f6de1f8d4cfb44e95b94","2990","69f1f55971061fa9bb41f338","","","2026-04-29T12:17:33.539Z","re_3TPTTaEDnfppNFcx10FBbhgA","CAD","","debit","69f1f6dd13a177bb44ac172c","2026-04-29T12:17:33.673000","2026-04-29T12:17:34.756000","service_eb508f39-ce3d-4391-bb12-d4211c02ede9","false"
"noshow_refund_issued","69eb6a82d3d017cfbd3e77bc","No-show remboursé 9.48$ — event 69eb6a82d3d017cfbd3e77bc [Cr stripe_balance]","stripe_balance","69f1f6da0fe51cb97d698b99","948","69f1f55971061fa9bb41f337","","","2026-04-29T12:17:30.678Z","re_3TPjRsEDnfppNFcx1jTUc89d","CAD","","credit","69f1f6daa5b9e58005d8a8d8","2026-04-29T12:17:30.980000","2026-04-29T12:17:30.980000","service_eb508f39-ce3d-4391-bb12-d4211c02ede9","false"
"noshow_refund_issued","69eb6a82d3d017cfbd3e77bc","No-show remboursé 9.48$ — event 69eb6a82d3d017cfbd3e77bc [Dr refund_liability]","refund_liability","69f1f6daa5b9e58005d8a8d8","948","69f1f55971061fa9bb41f337","","","2026-04-29T12:17:30.678Z","re_3TPjRsEDnfppNFcx1jTUc89d","CAD","","debit","69f1f6da0fe51cb97d698b99","2026-04-29T12:17:30.812000","2026-04-29T12:17:31.172000","service_eb508f39-ce3d-4391-bb12-d4211c02ede9","false"
"noshow_refund_issued","69eb682b9430b4c08113234d","No-show remboursé 62.10$ — event 69eb682b9430b4c08113234d [Cr stripe_balance]","stripe_balance","69f1f6d855b5ca4a5a69d0c1","6210","69f1f55971061fa9bb41f334","","","2026-04-29T12:17:28.399Z","re_3TPjJ6EDnfppNFcx0o0O7KvZ","CAD","","credit","69f1f6d8a3d840b2c4155417","2026-04-29T12:17:28.731000","2026-04-29T12:17:28.731000","service_eb508f39-ce3d-4391-bb12-d4211c02ede9","false"
"noshow_refund_issued","69eb682b9430b4c08113234d","No-show remboursé 62.10$ — event 69eb682b9430b4c08113234d [Dr refund_liability]","refund_liability","69f1f6d8a3d840b2c4155417","6210","69f1f55971061fa9bb41f334","","","2026-04-29T12:17:28.399Z","re_3TPjJ6EDnfppNFcx0o0O7KvZ","CAD","","debit","69f1f6d855b5ca4a5a69d0c1","2026-04-29T12:17:28.551000","2026-04-29T12:17:28.880000","service_eb508f39-ce3d-4391-bb12-d4211c02ede9","false"
"talent_transfer","69d8e47a29fd00ffd0fffe17","Batch cachet — event 69d8e47a29fd00ffd0fffe17 — 90.25$ → AHsHT7Zs [Cr stripe_balance]","stripe_balance","69f1f6d607b3f370021b5674","9025","69f1f55971061fa9bb41f249","","","2026-04-29T12:17:25.864Z","tr_1TRX3QEDnfppNFcxaIGqg5mC","CAD","","credit","69f1f6d6fcc8893c3053ced7","2026-04-29T12:17:26.187000","2026-04-29T12:17:26.187000","service_eb508f39-ce3d-4391-bb12-d4211c02ede9","false"
"talent_transfer","69d8e47a29fd00ffd0fffe17","Batch cachet — event 69d8e47a29fd00ffd0fffe17 — 90.25$ → AHsHT7Zs [Dr stripe_connect_transit]","stripe_connect_transit","69f1f6d6fcc8893c3053ced7","9025","69f1f55971061fa9bb41f249","","","2026-04-29T12:17:25.864Z","tr_1TRX3QEDnfppNFcxaIGqg5mC","CAD","","debit","69f1f6d607b3f370021b5674","2026-04-29T12:17:26.011000","2026-04-29T12:17:26.413000","service_eb508f39-ce3d-4391-bb12-d4211c02ede9","false"
"talent_transfer","69d6e600bd465602e93bc614","Batch cachet — event 69d6e600bd465602e93bc614 — 50.92$ → pkPYEQBM [Cr stripe_balance]","stripe_balance","69f1f6d3d67689e02960f86c","5092","69f1f55971061fa9bb41f245","","","2026-04-29T12:17:23.016Z","tr_1TRX3NEDnfppNFcx2CjT74AI","CAD","","credit","69f1f6d39e0bc8215e163c6f","2026-04-29T12:17:23.352000","2026-04-29T12:17:23.352000","service_eb508f39-ce3d-4391-bb12-d4211c02ede9","false"
"talent_transfer","69d6e600bd465602e93bc614","Batch cachet — event 69d6e600bd465602e93bc614 — 50.92$ → pkPYEQBM [Dr stripe_connect_transit]","stripe_connect_transit","69f1f6d39e0bc8215e163c6f","5092","69f1f55971061fa9bb41f245","","","2026-04-29T12:17:23.016Z","tr_1TRX3NEDnfppNFcx2CjT74AI","CAD","","debit","69f1f6d3d67689e02960f86c","2026-04-29T12:17:23.181000","2026-04-29T12:17:23.512000","service_eb508f39-ce3d-4391-bb12-d4211c02ede9","false"
"talent_transfer","69e3b8248fc51fd03a56857c","Batch cachet — event 69e3b8248fc51fd03a56857c — 21.31$ → AHsHT7Zs [Cr stripe_balance]","stripe_balance","69f1f6d08ab784082c07ae11","2131","69f1f55971061fa9bb41f23b","","","2026-04-29T12:17:20.604Z","tr_1TRX3LEDnfppNFcxh5tvkjaz","CAD","","credit","69f1f6d0f0c3c3eaef9a6af8","2026-04-29T12:17:20.891000","2026-04-29T12:17:20.891000","service_eb508f39-ce3d-4391-bb12-d4211c02ede9","false"
"talent_transfer","69e3b8248fc51fd03a56857c","Batch cachet — event 69e3b8248fc51fd03a56857c — 21.31$ → AHsHT7Zs [Dr stripe_connect_transit]","stripe_connect_transit","69f1f6d0f0c3c3eaef9a6af8","2131","69f1f55971061fa9bb41f23b","","","2026-04-29T12:17:20.604Z","tr_1TRX3LEDnfppNFcxh5tvkjaz","CAD","","debit","69f1f6d08ab784082c07ae11","2026-04-29T12:17:20.729000","2026-04-29T12:17:21.057000","service_eb508f39-ce3d-4391-bb12-d4211c02ede9","false"
"talent_transfer","69e3b8248fc51fd03a56857c","Batch cachet — event 69e3b8248fc51fd03a56857c — 35.69$ → 1nXNICVC [Cr stripe_balance]","stripe_balance","69f1f6ce9a440c35d5fd46b2","3569","69f1f55971061fa9bb41f23a","","","2026-04-29T12:17:18.031Z","tr_1TRX3IEDnfppNFcx6EWn0VJS","CAD","","credit","69f1f6ce4e7bae423914da35","2026-04-29T12:17:18.345000","2026-04-29T12:17:18.346000","service_eb508f39-ce3d-4391-bb12-d4211c02ede9","false"
"talent_transfer","69e3b8248fc51fd03a56857c","Batch cachet — event 69e3b8248fc51fd03a56857c — 35.69$ → 1nXNICVC [Dr stripe_connect_transit]","stripe_connect_transit","69f1f6ce4e7bae423914da35","3569","69f1f55971061fa9bb41f23a","","","2026-04-29T12:17:18.031Z","tr_1TRX3IEDnfppNFcx6EWn0VJS","CAD","","debit","69f1f6ce9a440c35d5fd46b2","2026-04-29T12:17:18.176000","2026-04-29T12:17:18.569000","service_eb508f39-ce3d-4391-bb12-d4211c02ede9","false"
"talent_transfer","69e2cf0fe7c8b194afd3d8f8","Batch cachet — event 69e2cf0fe7c8b194afd3d8f8 — 38.00$ → cGmADTy4 [Cr stripe_balance]","stripe_balance","69f1f6cb10f5e7616d1f57f5","3800","69f1f55971061fa9bb41f237","","","2026-04-29T12:17:15.505Z","tr_1TRX3GEDnfppNFcx7WvYpbjp","CAD","","credit","69f1f6cbd7a84aef49740975","2026-04-29T12:17:15.814000","2026-04-29T12:17:15.814000","service_eb508f39-ce3d-4391-bb12-d4211c02ede9","false"
"talent_transfer","69e2cf0fe7c8b194afd3d8f8","Batch cachet — event 69e2cf0fe7c8b194afd3d8f8 — 38.00$ → cGmADTy4 [Dr stripe_connect_transit]","stripe_connect_transit","69f1f6cbd7a84aef49740975","3800","69f1f55971061fa9bb41f237","","","2026-04-29T12:17:15.505Z","tr_1TRX3GEDnfppNFcx7WvYpbjp","CAD","","debit","69f1f6cb10f5e7616d1f57f5","2026-04-29T12:17:15.627000","2026-04-29T12:17:15.989000","service_eb508f39-ce3d-4391-bb12-d4211c02ede9","false"
"talent_transfer","69e2cf0fe7c8b194afd3d8f8","Batch cachet — event 69e2cf0fe7c8b194afd3d8f8 — 140.80$ → xJkejRFm [Cr stripe_balance]","stripe_balance","69f1f6c9fcfd8f0e63afa564","14080","69f1f55971061fa9bb41f236","","","2026-04-29T12:17:12.936Z","tr_1TRX3DEDnfppNFcxdaJ3gZhb","CAD","","credit","69f1f6c90953268b127a33a2","2026-04-29T12:17:13.280000","2026-04-29T12:17:13.280000","service_eb508f39-ce3d-4391-bb12-d4211c02ede9","false"
"talent_transfer","69e2cf0fe7c8b194afd3d8f8","Batch cachet — event 69e2cf0fe7c8b194afd3d8f8 — 140.80$ → xJkejRFm [Dr stripe_connect_transit]","stripe_connect_transit","69f1f6c90953268b127a33a2","14080","69f1f55971061fa9bb41f236","","","2026-04-29T12:17:12.936Z","tr_1TRX3DEDnfppNFcxdaJ3gZhb","CAD","","debit","69f1f6c9fcfd8f0e63afa564","2026-04-29T12:17:13.075000","2026-04-29T12:17:13.472000","service_eb508f39-ce3d-4391-bb12-d4211c02ede9","false"
"talent_transfer","69e16c116de5c4509261cc1b","Batch cachet — event 69e16c116de5c4509261cc1b — 7.39$ → 1nXNICVC [Cr stripe_balance]","stripe_balance","69f1f6c61214c9d85f170e62","739","69f1f55971061fa9bb41f233","","","2026-04-29T12:17:10.372Z","tr_1TRX3BEDnfppNFcx6wPDIncC","CAD","","credit","69f1f6c64d35b8edef2cff68","2026-04-29T12:17:10.713000","2026-04-29T12:17:10.713000","service_eb508f39-ce3d-4391-bb12-d4211c02ede9","false"
"talent_transfer","69e16c116de5c4509261cc1b","Batch cachet — event 69e16c116de5c4509261cc1b — 7.39$ → 1nXNICVC [Dr stripe_connect_transit]","stripe_connect_transit","69f1f6c64d35b8edef2cff68","739","69f1f55971061fa9bb41f233","","","2026-04-29T12:17:10.372Z","tr_1TRX3BEDnfppNFcx6wPDIncC","CAD","","debit","69f1f6c61214c9d85f170e62","2026-04-29T12:17:10.505000","2026-04-29T12:17:10.909000","service_eb508f39-ce3d-4391-bb12-d4211c02ede9","false"
"talent_transfer","69e16c116de5c4509261cc1b","Batch cachet — event 69e16c116de5c4509261cc1b — 54.75$ → AHsHT7Zs [Cr stripe_balance]","stripe_balance","69f1f6c33b089b2447bdd6a4","5475","69f1f55971061fa9bb41f232","","","2026-04-29T12:17:07.675Z","tr_1TRX38EDnfppNFcxnIBHqWPL","CAD","","credit","69f1f6c3a208521172f4b7cc","2026-04-29T12:17:07.987000","2026-04-29T12:17:07.987000","service_eb508f39-ce3d-4391-bb12-d4211c02ede9","false"
"talent_transfer","69e16c116de5c4509261cc1b","Batch cachet — event 69e16c116de5c4509261cc1b — 54.75$ → AHsHT7Zs [Dr stripe_connect_transit]","stripe_connect_transit","69f1f6c3a208521172f4b7cc","5475","69f1f55971061fa9bb41f232","","","2026-04-29T12:17:07.675Z","tr_1TRX38EDnfppNFcxnIBHqWPL","CAD","","debit","69f1f6c33b089b2447bdd6a4","2026-04-29T12:17:07.812000","2026-04-29T12:17:08.201000","service_eb508f39-ce3d-4391-bb12-d4211c02ede9","false"
"talent_transfer","69e7dc7a3a00ff3f726c896b","Batch cachet — event 69e7dc7a3a00ff3f726c896b — 63.65$ → xJkejRFm [Cr stripe_balance]","stripe_balance","69f1f6c16fe510111142607d","6365","69f1f55971061fa9bb41f22d","","","2026-04-29T12:17:05.158Z","tr_1TRX35EDnfppNFcxFe0FbWT3","CAD","","credit","69f1f6c1600e89758392cec6","2026-04-29T12:17:05.448000","2026-04-29T12:17:05.448000","service_eb508f39-ce3d-4391-bb12-d4211c02ede9","false"
"talent_transfer","69e7dc7a3a00ff3f726c896b","Batch cachet — event 69e7dc7a3a00ff3f726c896b — 63.65$ → xJkejRFm [Dr stripe_connect_transit]","stripe_connect_transit","69f1f6c1600e89758392cec6","6365","69f1f55971061fa9bb41f22d","","","2026-04-29T12:17:05.158Z","tr_1TRX35EDnfppNFcxFe0FbWT3","CAD","","debit","69f1f6c16fe510111142607d","2026-04-29T12:17:05.299000","2026-04-29T12:17:05.629000","service_eb508f39-ce3d-4391-bb12-d4211c02ede9","false"
"talent_transfer","69e7dc7a3a00ff3f726c896b","Batch cachet — event 69e7dc7a3a00ff3f726c896b — 12.35$ → MmYk8UPo [Cr stripe_balance]","stripe_balance","69f1f6bec4ba0cd80fe5582c","1235","69f1f55971061fa9bb41f22c","","","2026-04-29T12:17:02.106Z","tr_1TRX32EDnfppNFcxl7fzmbkZ","CAD","","credit","69f1f6be1707ef950e72fc71","2026-04-29T12:17:02.443000","2026-04-29T12:17:02.443000","service_eb508f39-ce3d-4391-bb12-d4211c02ede9","false"
"talent_transfer","69e7dc7a3a00ff3f726c896b","Batch cachet — event 69e7dc7a3a00ff3f726c896b — 12.35$ → MmYk8UPo [Dr stripe_connect_transit]","stripe_connect_transit","69f1f6be1707ef950e72fc71","1235","69f1f55971061fa9bb41f22c","","","2026-04-29T12:17:02.106Z","tr_1TRX32EDnfppNFcxl7fzmbkZ","CAD","","debit","69f1f6bec4ba0cd80fe5582c","2026-04-29T12:17:02.275000","2026-04-29T12:17:02.625000","service_eb508f39-ce3d-4391-bb12-d4211c02ede9","false"
"talent_transfer","69e7dc7a3a00ff3f726c896b","Batch cachet — event 69e7dc7a3a00ff3f726c896b — 96.90$ → 1nXNICVC [Cr stripe_balance]","stripe_balance","69f1f6bb5ba0282ea611aa12","9690","69f1f55971061fa9bb41f22b","","","2026-04-29T12:16:59.396Z","tr_1TRX30EDnfppNFcxNDzh1odf","CAD","","credit","69f1f6bb378192ed11ddd538","2026-04-29T12:16:59.743000","2026-04-29T12:16:59.743000","service_eb508f39-ce3d-4391-bb12-d4211c02ede9","false"
"talent_transfer","69e7dc7a3a00ff3f726c896b","Batch cachet — event 69e7dc7a3a00ff3f726c896b — 96.90$ → 1nXNICVC [Dr stripe_connect_transit]","stripe_connect_transit","69f1f6bb378192ed11ddd538","9690","69f1f55971061fa9bb41f22b","","","2026-04-29T12:16:59.396Z","tr_1TRX30EDnfppNFcxNDzh1odf","CAD","","debit","69f1f6bb5ba0282ea611aa12","2026-04-29T12:16:59.550000","2026-04-29T12:17:00.005000","service_eb508f39-ce3d-4391-bb12-d4211c02ede9","false"
"talent_transfer","69e7dc7a3a00ff3f726c896b","Batch cachet — event 69e7dc7a3a00ff3f726c896b — 76.00$ → pkPYEQBM [Cr stripe_balance]","stripe_balance","69f1f6b93a76e7341a13b512","7600","69f1f55971061fa9bb41f22a","","","2026-04-29T12:16:56.970Z","tr_1TRX2xEDnfppNFcxSJuSccRY","CAD","","credit","69f1f6b9e64c3ff78aa04d95","2026-04-29T12:16:57.283000","2026-04-29T12:16:57.283000","service_eb508f39-ce3d-4391-bb12-d4211c02ede9","false"
"talent_transfer","69e7dc7a3a00ff3f726c896b","Batch cachet — event 69e7dc7a3a00ff3f726c896b — 76.00$ → pkPYEQBM [Dr stripe_connect_transit]","stripe_connect_transit","69f1f6b9e64c3ff78aa04d95","7600","69f1f55971061fa9bb41f22a","","","2026-04-29T12:16:56.970Z","tr_1TRX2xEDnfppNFcxSJuSccRY","CAD","","debit","69f1f6b93a76e7341a13b512","2026-04-29T12:16:57.097000","2026-04-29T12:16:57.442000","service_eb508f39-ce3d-4391-bb12-d4211c02ede9","false"
"talent_transfer","69e7dc7a3a00ff3f726c896b","Batch cachet — event 69e7dc7a3a00ff3f726c896b — 19.00$ → pkPYEQBM [Cr stripe_balance]","stripe_balance","69f1f6b6d08b92ebef16d7a3","1900","69f1f55971061fa9bb41f229","","","2026-04-29T12:16:54.451Z","tr_1TRX2vEDnfppNFcxwiUQbzV6","CAD","","credit","69f1f6b63c9f9e7a321837f1","2026-04-29T12:16:54.736000","2026-04-29T12:16:54.736000","service_eb508f39-ce3d-4391-bb12-d4211c02ede9","false"
"talent_transfer","69e7dc7a3a00ff3f726c896b","Batch cachet — event 69e7dc7a3a00ff3f726c896b — 19.00$ → pkPYEQBM [Dr stripe_connect_transit]","stripe_connect_transit","69f1f6b63c9f9e7a321837f1","1900","69f1f55971061fa9bb41f229","","","2026-04-29T12:16:54.451Z","tr_1TRX2vEDnfppNFcxwiUQbzV6","CAD","","debit","69f1f6b6d08b92ebef16d7a3","2026-04-29T12:16:54.575000","2026-04-29T12:16:54.918000","service_eb508f39-ce3d-4391-bb12-d4211c02ede9","false"
"talent_transfer","69d7f2a1d02b620f26748950","Batch cachet — event 69d7f2a1d02b620f26748950 — 26.03$ → cGmADTy4 [Cr stripe_balance]","stripe_balance","69f1f6b3fa50b7e4414dfd73","2603","69f1f55971061fa9bb41f2c6","","","2026-04-29T12:16:51.828Z","tr_1TRX2sEDnfppNFcxBhPkvry2","CAD","","credit","69f1f6b4ee3112b20e88c996","2026-04-29T12:16:52.126000","2026-04-29T12:16:52.126000","service_eb508f39-ce3d-4391-bb12-d4211c02ede9","false"
"talent_transfer","69d7f2a1d02b620f26748950","Batch cachet — event 69d7f2a1d02b620f26748950 — 26.03$ → cGmADTy4 [Dr stripe_connect_transit]","stripe_connect_transit","69f1f6b4ee3112b20e88c996","2603","69f1f55971061fa9bb41f2c6","","","2026-04-29T12:16:51.828Z","tr_1TRX2sEDnfppNFcxBhPkvry2","CAD","","debit","69f1f6b3fa50b7e4414dfd73","2026-04-29T12:16:51.978000","2026-04-29T12:16:52.301000","service_eb508f39-ce3d-4391-bb12-d4211c02ede9","false"
"talent_transfer","69d7b8e23d9e3c5cae2ce9b6","Batch cachet — event 69d7b8e23d9e3c5cae2ce9b6 — 23.75$ → cGmADTy4 [Cr stripe_balance]","stripe_balance","69f1f6b1829ca572e8276a9c","2375","69f1f55971061fa9bb41f2c4","","","2026-04-29T12:16:48.931Z","tr_1TRX2pEDnfppNFcxU5wTGtGo","CAD","","credit","69f1f6b1c7b76b7b2fc1c7d1","2026-04-29T12:16:49.355000","2026-04-29T12:16:49.355000","service_eb508f39-ce3d-4391-bb12-d4211c02ede9","false"
"talent_transfer","69d7b8e23d9e3c5cae2ce9b6","Batch cachet — event 69d7b8e23d9e3c5cae2ce9b6 — 23.75$ → cGmADTy4 [Dr stripe_connect_transit]","stripe_connect_transit","69f1f6b1c7b76b7b2fc1c7d1","2375","69f1f55971061fa9bb41f2c4","","","2026-04-29T12:16:48.931Z","tr_1TRX2pEDnfppNFcxU5wTGtGo","CAD","","debit","69f1f6b1829ca572e8276a9c","2026-04-29T12:16:49.071000","2026-04-29T12:16:49.620000","service_eb508f39-ce3d-4391-bb12-d4211c02ede9","false"
"talent_transfer","69d7a155a2d79a27145730f6","Batch cachet — event 69d7a155a2d79a27145730f6 — 205.39$ → cGmADTy4 [Cr stripe_balance]","stripe_balance","69f1f6ae16cc3e0b3c1f6ad8","20539","69f1f55971061fa9bb41f2c2","","","2026-04-29T12:16:46.371Z","tr_1TRX2nEDnfppNFcx5pjUOgal","CAD","","credit","69f1f6aec2744a11f42141fa","2026-04-29T12:16:46.662000","2026-04-29T12:16:46.662000","service_eb508f39-ce3d-4391-bb12-d4211c02ede9","false"
"talent_transfer","69d7a155a2d79a27145730f6","Batch cachet — event 69d7a155a2d79a27145730f6 — 205.39$ → cGmADTy4 [Dr stripe_connect_transit]","stripe_connect_transit","69f1f6aec2744a11f42141fa","20539","69f1f55971061fa9bb41f2c2","","","2026-04-29T12:16:46.371Z","tr_1TRX2nEDnfppNFcx5pjUOgal","CAD","","debit","69f1f6ae16cc3e0b3c1f6ad8","2026-04-29T12:16:46.502000","2026-04-29T12:16:46.833000","service_eb508f39-ce3d-4391-bb12-d4211c02ede9","false"
"talent_transfer","69eb54a1a9707a51c042eaff","Batch cachet — event 69eb54a1a9707a51c042eaff — 376.00$ → pkPYEQBM [Cr stripe_balance]","stripe_balance","69f1f6ac31323ec4764a7057","37600","69f1f55971061fa9bb41f2dc","","","2026-04-29T12:16:43.858Z","tr_1TRX2kEDnfppNFcx5YbXih4N","CAD","","credit","69f1f6ac12895c14e655d870","2026-04-29T12:16:44.186000","2026-04-29T12:16:44.186000","service_eb508f39-ce3d-4391-bb12-d4211c02ede9","false"
"talent_transfer","69eb54a1a9707a51c042eaff","Batch cachet — event 69eb54a1a9707a51c042eaff — 376.00$ → pkPYEQBM [Dr stripe_connect_transit]","stripe_connect_transit","69f1f6ac12895c14e655d870","37600","69f1f55971061fa9bb41f2dc","","","2026-04-29T12:16:43.858Z","tr_1TRX2kEDnfppNFcx5YbXih4N","CAD","","debit","69f1f6ac31323ec4764a7057","2026-04-29T12:16:44.015000","2026-04-29T12:16:44.407000","service_eb508f39-ce3d-4391-bb12-d4211c02ede9","false"
"talent_transfer","69eabaa014b3b229e04cd76a","Batch cachet — event 69eabaa014b3b229e04cd76a — 4.75$ → cGmADTy4 [Cr stripe_balance]","stripe_balance","69f1f6a913d82703fc68f559","475","69f1f55971061fa9bb41f2d7","","","2026-04-29T12:16:41.019Z","tr_1TRX2hEDnfppNFcxwSmESVII","CAD","","credit","69f1f6a93c30934af1657ea5","2026-04-29T12:16:41.320000","2026-04-29T12:16:41.320000","service_eb508f39-ce3d-4391-bb12-d4211c02ede9","false"
"talent_transfer","69eabaa014b3b229e04cd76a","Batch cachet — event 69eabaa014b3b229e04cd76a — 4.75$ → cGmADTy4 [Dr stripe_connect_transit]","stripe_connect_transit","69f1f6a93c30934af1657ea5","475","69f1f55971061fa9bb41f2d7","","","2026-04-29T12:16:41.019Z","tr_1TRX2hEDnfppNFcxwSmESVII","CAD","","debit","69f1f6a913d82703fc68f559","2026-04-29T12:16:41.162000","2026-04-29T12:16:41.780000","service_eb508f39-ce3d-4391-bb12-d4211c02ede9","false"
"talent_transfer","69eabaa014b3b229e04cd76a","Batch cachet — event 69eabaa014b3b229e04cd76a — 32.90$ → pkPYEQBM [Cr stripe_balance]","stripe_balance","69f1f6a66e394ad4f7ea9365","3290","69f1f55971061fa9bb41f2d6","","","2026-04-29T12:16:38.327Z","tr_1TRX2fEDnfppNFcxZl8tMAEv","CAD","","credit","69f1f6a690c856bd53e00073","2026-04-29T12:16:38.610000","2026-04-29T12:16:38.610000","service_eb508f39-ce3d-4391-bb12-d4211c02ede9","false"
"talent_transfer","69eabaa014b3b229e04cd76a","Batch cachet — event 69eabaa014b3b229e04cd76a — 32.90$ → pkPYEQBM [Dr stripe_connect_transit]","stripe_connect_transit","69f1f6a690c856bd53e00073","3290","69f1f55971061fa9bb41f2d6","","","2026-04-29T12:16:38.327Z","tr_1TRX2fEDnfppNFcxZl8tMAEv","CAD","","debit","69f1f6a66e394ad4f7ea9365","2026-04-29T12:16:38.453000","2026-04-29T12:16:38.795000","service_eb508f39-ce3d-4391-bb12-d4211c02ede9","false"
"talent_transfer","69eb6a82d3d017cfbd3e77bc","Batch cachet — event 69eb6a82d3d017cfbd3e77bc — 108.66$ → 0i1k1Kmt [Cr stripe_balance]","stripe_balance","69f1f6a3da240c051f96e834","10866","69f1f55971061fa9bb41f336","","","2026-04-29T12:16:35.766Z","tr_1TRX2cEDnfppNFcxluQ8VIxv","CAD","","credit","69f1f6a4cd9d7e2c837714af","2026-04-29T12:16:36.145000","2026-04-29T12:16:36.145000","service_eb508f39-ce3d-4391-bb12-d4211c02ede9","false"
"talent_transfer","69eb6a82d3d017cfbd3e77bc","Batch cachet — event 69eb6a82d3d017cfbd3e77bc — 108.66$ → 0i1k1Kmt [Dr stripe_connect_transit]","stripe_connect_transit","69f1f6a4cd9d7e2c837714af","10866","69f1f55971061fa9bb41f336","","","2026-04-29T12:16:35.766Z","tr_1TRX2cEDnfppNFcxluQ8VIxv","CAD","","debit","69f1f6a3da240c051f96e834","2026-04-29T12:16:35.931000","2026-04-29T12:16:36.326000","service_eb508f39-ce3d-4391-bb12-d4211c02ede9","false"
"talent_transfer","69eb682b9430b4c08113234d","Batch cachet — event 69eb682b9430b4c08113234d — 94.00$ → pkPYEQBM [Cr stripe_balance]","stripe_balance","69f1f6a10bc8688de30c7c52","9400","69f1f55971061fa9bb41f333","","","2026-04-29T12:16:33.211Z","tr_1TRX2aEDnfppNFcxpMTDDKYz","CAD","","credit","69f1f6a1a21f7e72dbcff220","2026-04-29T12:16:33.495000","2026-04-29T12:16:33.495000","service_eb508f39-ce3d-4391-bb12-d4211c02ede9","false"
"talent_transfer","69eb682b9430b4c08113234d","Batch cachet — event 69eb682b9430b4c08113234d — 94.00$ → pkPYEQBM [Dr stripe_connect_transit]","stripe_connect_transit","69f1f6a1a21f7e72dbcff220","9400","69f1f55971061fa9bb41f333","","","2026-04-29T12:16:33.211Z","tr_1TRX2aEDnfppNFcxpMTDDKYz","CAD","","debit","69f1f6a10bc8688de30c7c52","2026-04-29T12:16:33.330000","2026-04-29T12:16:33.670000","service_eb508f39-ce3d-4391-bb12-d4211c02ede9","false"
"talent_transfer","69ea11a48f571b434985fe92","Batch cachet — event 69ea11a48f571b434985fe92 — 159.48$ → xJkejRFm [Cr stripe_balance]","stripe_balance","69f1f69ee3d2a6133cf59a1c","15948","69f1f55971061fa9bb41f331","","","2026-04-29T12:16:30.693Z","tr_1TRX2XEDnfppNFcxlBrtYIfN","CAD","","credit","69f1f69f651f80df6c20273c","2026-04-29T12:16:31.018000","2026-04-29T12:16:31.018000","service_eb508f39-ce3d-4391-bb12-d4211c02ede9","false"
"talent_transfer","69ea11a48f571b434985fe92","Batch cachet — event 69ea11a48f571b434985fe92 — 159.48$ → xJkejRFm [Dr stripe_connect_transit]","stripe_connect_transit","69f1f69f651f80df6c20273c","15948","69f1f55971061fa9bb41f331","","","2026-04-29T12:16:30.693Z","tr_1TRX2XEDnfppNFcxlBrtYIfN","CAD","","debit","69f1f69ee3d2a6133cf59a1c","2026-04-29T12:16:30.842000","2026-04-29T12:16:31.212000","service_eb508f39-ce3d-4391-bb12-d4211c02ede9","false"
"talent_transfer","69de2ba8d376f0e18d386d30","Batch cachet — event 69de2ba8d376f0e18d386d30 — 249.22$ → xJkejRFm [Cr stripe_balance]","stripe_balance","69f1f69c9ae5b0cedaffb5e2","24922","69f1f55971061fa9bb41f32f","","","2026-04-29T12:16:28.233Z","tr_1TRX2VEDnfppNFcxXVxUVd90","CAD","","credit","69f1f69c4508104f506eac48","2026-04-29T12:16:28.517000","2026-04-29T12:16:28.517000","service_eb508f39-ce3d-4391-bb12-d4211c02ede9","false"
"talent_transfer","69de2ba8d376f0e18d386d30","Batch cachet — event 69de2ba8d376f0e18d386d30 — 249.22$ → xJkejRFm [Dr stripe_connect_transit]","stripe_connect_transit","69f1f69c4508104f506eac48","24922","69f1f55971061fa9bb41f32f","","","2026-04-29T12:16:28.233Z","tr_1TRX2VEDnfppNFcxXVxUVd90","CAD","","debit","69f1f69c9ae5b0cedaffb5e2","2026-04-29T12:16:28.360000","2026-04-29T12:16:28.674000","service_eb508f39-ce3d-4391-bb12-d4211c02ede9","false"
"talent_transfer","69d81648bd82e7282106ec34","Batch cachet — event 69d81648bd82e7282106ec34 — 60.04$ → cGmADTy4 [Cr stripe_balance]","stripe_balance","69f1f699a38d161fc3c17e06","6004","69f1f55971061fa9bb41f32d","","","2026-04-29T12:16:25.689Z","tr_1TRX2SEDnfppNFcxb5FbBNae","CAD","","credit","69f1f69ad7a84aef49740891","2026-04-29T12:16:26.001000","2026-04-29T12:16:26.001000","service_eb508f39-ce3d-4391-bb12-d4211c02ede9","false"
"talent_transfer","69d81648bd82e7282106ec34","Batch cachet — event 69d81648bd82e7282106ec34 — 60.04$ → cGmADTy4 [Dr stripe_connect_transit]","stripe_connect_transit","69f1f69ad7a84aef49740891","6004","69f1f55971061fa9bb41f32d","","","2026-04-29T12:16:25.689Z","tr_1TRX2SEDnfppNFcxb5FbBNae","CAD","","debit","69f1f699a38d161fc3c17e06","2026-04-29T12:16:25.825000","2026-04-29T12:16:26.191000","service_eb508f39-ce3d-4391-bb12-d4211c02ede9","false"
"talent_transfer","69d80cabe1336b871a5d61ac","Batch cachet — event 69d80cabe1336b871a5d61ac — 95.00$ → cGmADTy4 [Cr stripe_balance]","stripe_balance","69f1f697a0daf0025acccb6e","9500","69f1f55971061fa9bb41f32b","","","2026-04-29T12:16:23.155Z","tr_1TRX2QEDnfppNFcxSFoWCRbP","CAD","","credit","69f1f697fcd6e333a7cf2507","2026-04-29T12:16:23.512000","2026-04-29T12:16:23.512000","service_eb508f39-ce3d-4391-bb12-d4211c02ede9","false"
"talent_transfer","69d80cabe1336b871a5d61ac","Batch cachet — event 69d80cabe1336b871a5d61ac — 95.00$ → cGmADTy4 [Dr stripe_connect_transit]","stripe_connect_transit","69f1f697fcd6e333a7cf2507","9500","69f1f55971061fa9bb41f32b","","","2026-04-29T12:16:23.155Z","tr_1TRX2QEDnfppNFcxSFoWCRbP","CAD","","debit","69f1f697a0daf0025acccb6e","2026-04-29T12:16:23.293000","2026-04-29T12:16:23.716000","service_eb508f39-ce3d-4391-bb12-d4211c02ede9","false"
"noshow_refund_issued","69eabaa014b3b229e04cd76a","No-show remboursé 197.80$ — event 69eabaa014b3b229e04cd76a [Cr stripe_balance]","stripe_balance","69f1f24d53a421f1fd0c88cf","19780","69f1f0cdddaaf14e1b32bd0e","","","2026-04-29T11:58:05.542Z","re_3TPXrtEDnfppNFcx0IFoTlyb","CAD","","credit","69f1f24deafb817992baac59","2026-04-29T11:58:05.923000","2026-04-29T11:58:05.923000","service_eb508f39-ce3d-4391-bb12-d4211c02ede9","false"
"noshow_refund_issued","69eabaa014b3b229e04cd76a","No-show remboursé 197.80$ — event 69eabaa014b3b229e04cd76a [Dr refund_liability]","refund_liability","69f1f24deafb817992baac59","19780","69f1f0cdddaaf14e1b32bd0e","","","2026-04-29T11:58:05.542Z","re_3TPXrtEDnfppNFcx0IFoTlyb","CAD","","debit","69f1f24d53a421f1fd0c88cf","2026-04-29T11:58:05.699000","2026-04-29T11:58:06.115000","service_eb508f39-ce3d-4391-bb12-d4211c02ede9","false"
"noshow_refund_issued","69eabaa014b3b229e04cd76a","No-show remboursé 120.40$ — event 69eabaa014b3b229e04cd76a [Cr stripe_balance]","stripe_balance","69f1f24bb5d97f588f152afb","12040","69f1f0cdddaaf14e1b32bd0d","","","2026-04-29T11:58:03.240Z","re_3TPXrtEDnfppNFcx0wjj59Up","CAD","","credit","69f1f24b1214c9d85f170a7e","2026-04-29T11:58:03.545000","2026-04-29T11:58:03.545000","service_eb508f39-ce3d-4391-bb12-d4211c02ede9","false"
"noshow_refund_issued","69eabaa014b3b229e04cd76a","No-show remboursé 120.40$ — event 69eabaa014b3b229e04cd76a [Dr refund_liability]","refund_liability","69f1f24b1214c9d85f170a7e","12040","69f1f0cdddaaf14e1b32bd0d","","","2026-04-29T11:58:03.240Z","re_3TPXrtEDnfppNFcx0wjj59Up","CAD","","debit","69f1f24bb5d97f588f152afb","2026-04-29T11:58:03.381000","2026-04-29T11:58:03.774000","service_eb508f39-ce3d-4391-bb12-d4211c02ede9","false"
"noshow_refund_issued","69ea7a3dba45aac7aea9dcb0","No-show remboursé 29.90$ — event 69ea7a3dba45aac7aea9dcb0 [Cr stripe_balance]","stripe_balance","69f1f24805835b87eea38577","2990","69f1f0cdddaaf14e1b32bd6d","","","2026-04-29T11:57:59.989Z","re_3TPTTaEDnfppNFcx1RHOFN23","CAD","","credit","69f1f24887c4f4b5d1a607f8","2026-04-29T11:58:00.305000","2026-04-29T11:58:00.305000","service_eb508f39-ce3d-4391-bb12-d4211c02ede9","false"
"noshow_refund_issued","69ea7a3dba45aac7aea9dcb0","No-show remboursé 29.90$ — event 69ea7a3dba45aac7aea9dcb0 [Dr refund_liability]","refund_liability","69f1f24887c4f4b5d1a607f8","2990","69f1f0cdddaaf14e1b32bd6d","","","2026-04-29T11:57:59.989Z","re_3TPTTaEDnfppNFcx1RHOFN23","CAD","","debit","69f1f24805835b87eea38577","2026-04-29T11:58:00.117000","2026-04-29T11:58:00.480000","service_eb508f39-ce3d-4391-bb12-d4211c02ede9","false"
"noshow_refund_issued","69eb682b9430b4c08113234d","No-show remboursé 62.10$ — event 69eb682b9430b4c08113234d [Cr stripe_balance]","stripe_balance","69f1f244a732f05eb8f84682","6210","69f1f0cdddaaf14e1b32bd69","","","2026-04-29T11:57:56.457Z","re_3TPjIIEDnfppNFcx0DiMbek6","CAD","","credit","69f1f24439d24ab05c3c747f","2026-04-29T11:57:56.803000","2026-04-29T11:57:56.803000","service_eb508f39-ce3d-4391-bb12-d4211c02ede9","false"
"noshow_refund_issued","69eb682b9430b4c08113234d","No-show remboursé 62.10$ — event 69eb682b9430b4c08113234d [Dr refund_liability]","refund_liability","69f1f24439d24ab05c3c747f","6210","69f1f0cdddaaf14e1b32bd69","","","2026-04-29T11:57:56.457Z","re_3TPjIIEDnfppNFcx0DiMbek6","CAD","","debit","69f1f244a732f05eb8f84682","2026-04-29T11:57:56.595000","2026-04-29T11:57:56.984000","service_eb508f39-ce3d-4391-bb12-d4211c02ede9","false"
"talent_transfer","69d6e600bd465602e93bc614","Batch cachet — event 69d6e600bd465602e93bc614 — 50.92$ → pkPYEQBM [Cr stripe_balance]","stripe_balance","69f1f242b5d97f588f152af6","5092","69f1f0cdddaaf14e1b32bc7a","","","2026-04-29T11:57:53.875Z","tr_1TRWkWEDnfppNFcx6AQJMNlV","CAD","","credit","69f1f242340da68d6709507d","2026-04-29T11:57:54.176000","2026-04-29T11:57:54.176000","service_eb508f39-ce3d-4391-bb12-d4211c02ede9","false"
"talent_transfer","69d6e600bd465602e93bc614","Batch cachet — event 69d6e600bd465602e93bc614 — 50.92$ → pkPYEQBM [Dr stripe_connect_transit]","stripe_connect_transit","69f1f242340da68d6709507d","5092","69f1f0cdddaaf14e1b32bc7a","","","2026-04-29T11:57:53.875Z","tr_1TRWkWEDnfppNFcx6AQJMNlV","CAD","","debit","69f1f242b5d97f588f152af6","2026-04-29T11:57:54","2026-04-29T11:57:54.360000","service_eb508f39-ce3d-4391-bb12-d4211c02ede9","false"
"talent_transfer","69e3b8248fc51fd03a56857c","Batch cachet — event 69e3b8248fc51fd03a56857c — 21.31$ → AHsHT7Zs [Cr stripe_balance]","stripe_balance","69f1f23f88303e7db8eac33b","2131","69f1f0cdddaaf14e1b32bc70","","","2026-04-29T11:57:51.400Z","tr_1TRWkUEDnfppNFcxvjfiMaL9","CAD","","credit","69f1f23f5a55191a090c0f61","2026-04-29T11:57:51.723000","2026-04-29T11:57:51.723000","service_eb508f39-ce3d-4391-bb12-d4211c02ede9","false"
"talent_transfer","69e3b8248fc51fd03a56857c","Batch cachet — event 69e3b8248fc51fd03a56857c — 21.31$ → AHsHT7Zs [Dr stripe_connect_transit]","stripe_connect_transit","69f1f23f5a55191a090c0f61","2131","69f1f0cdddaaf14e1b32bc70","","","2026-04-29T11:57:51.400Z","tr_1TRWkUEDnfppNFcxvjfiMaL9","CAD","","debit","69f1f23f88303e7db8eac33b","2026-04-29T11:57:51.552000","2026-04-29T11:57:51.910000","service_eb508f39-ce3d-4391-bb12-d4211c02ede9","false"
"talent_transfer","69e3b8248fc51fd03a56857c","Batch cachet — event 69e3b8248fc51fd03a56857c — 35.69$ → 1nXNICVC [Cr stripe_balance]","stripe_balance","69f1f23cda5cf0a551a8115a","3569","69f1f0cdddaaf14e1b32bc6f","","","2026-04-29T11:57:48.677Z","tr_1TRWkREDnfppNFcxdhab94yF","CAD","","credit","69f1f23c53038a1192c1cf90","2026-04-29T11:57:48.995000","2026-04-29T11:57:48.995000","service_eb508f39-ce3d-4391-bb12-d4211c02ede9","false"
"talent_transfer","69e3b8248fc51fd03a56857c","Batch cachet — event 69e3b8248fc51fd03a56857c — 35.69$ → 1nXNICVC [Dr stripe_connect_transit]","stripe_connect_transit","69f1f23c53038a1192c1cf90","3569","69f1f0cdddaaf14e1b32bc6f","","","2026-04-29T11:57:48.677Z","tr_1TRWkREDnfppNFcxdhab94yF","CAD","","debit","69f1f23cda5cf0a551a8115a","2026-04-29T11:57:48.818000","2026-04-29T11:57:49.238000","service_eb508f39-ce3d-4391-bb12-d4211c02ede9","false"
"talent_transfer","69e2cf0fe7c8b194afd3d8f8","Batch cachet — event 69e2cf0fe7c8b194afd3d8f8 — 38.00$ → cGmADTy4 [Cr stripe_balance]","stripe_balance","69f1f23a60e6e2182b5c7130","3800","69f1f0cdddaaf14e1b32bc6c","","","2026-04-29T11:57:46.128Z","tr_1TRWkPEDnfppNFcxB3YRkJOs","CAD","","credit","69f1f23a113e88c4dc0ac53d","2026-04-29T11:57:46.485000","2026-04-29T11:57:46.485000","service_eb508f39-ce3d-4391-bb12-d4211c02ede9","false"
"talent_transfer","69e2cf0fe7c8b194afd3d8f8","Batch cachet — event 69e2cf0fe7c8b194afd3d8f8 — 38.00$ → cGmADTy4 [Dr stripe_connect_transit]","stripe_connect_transit","69f1f23a113e88c4dc0ac53d","3800","69f1f0cdddaaf14e1b32bc6c","","","2026-04-29T11:57:46.128Z","tr_1TRWkPEDnfppNFcxB3YRkJOs","CAD","","debit","69f1f23a60e6e2182b5c7130","2026-04-29T11:57:46.331000","2026-04-29T11:57:46.642000","service_eb508f39-ce3d-4391-bb12-d4211c02ede9","false"
"talent_transfer","69e2cf0fe7c8b194afd3d8f8","Batch cachet — event 69e2cf0fe7c8b194afd3d8f8 — 140.80$ → xJkejRFm [Cr stripe_balance]","stripe_balance","69f1f237dd3c4b0bb6e83517","14080","69f1f0cdddaaf14e1b32bc6b","","","2026-04-29T11:57:43.572Z","tr_1TRWkMEDnfppNFcxP9xxKIRI","CAD","","credit","69f1f237d61056814a0ab4ec","2026-04-29T11:57:43.870000","2026-04-29T11:57:43.870000","service_eb508f39-ce3d-4391-bb12-d4211c02ede9","false"
"talent_transfer","69e2cf0fe7c8b194afd3d8f8","Batch cachet — event 69e2cf0fe7c8b194afd3d8f8 — 140.80$ → xJkejRFm [Dr stripe_connect_transit]","stripe_connect_transit","69f1f237d61056814a0ab4ec","14080","69f1f0cdddaaf14e1b32bc6b","","","2026-04-29T11:57:43.572Z","tr_1TRWkMEDnfppNFcxP9xxKIRI","CAD","","debit","69f1f237dd3c4b0bb6e83517","2026-04-29T11:57:43.703000","2026-04-29T11:57:44.078000","service_eb508f39-ce3d-4391-bb12-d4211c02ede9","false"
"talent_transfer","69e16c116de5c4509261cc1b","Batch cachet — event 69e16c116de5c4509261cc1b — 7.39$ → 1nXNICVC [Cr stripe_balance]","stripe_balance","69f1f23597873dedcc1149b3","739","69f1f0cdddaaf14e1b32bc68","","","2026-04-29T11:57:40.949Z","tr_1TRWkJEDnfppNFcx6XDOICjs","CAD","","credit","69f1f235fab690e74134d2a9","2026-04-29T11:57:41.278000","2026-04-29T11:57:41.278000","service_eb508f39-ce3d-4391-bb12-d4211c02ede9","false"
"talent_transfer","69e16c116de5c4509261cc1b","Batch cachet — event 69e16c116de5c4509261cc1b — 7.39$ → 1nXNICVC [Dr stripe_connect_transit]","stripe_connect_transit","69f1f235fab690e74134d2a9","739","69f1f0cdddaaf14e1b32bc68","","","2026-04-29T11:57:40.949Z","tr_1TRWkJEDnfppNFcx6XDOICjs","CAD","","debit","69f1f23597873dedcc1149b3","2026-04-29T11:57:41.099000","2026-04-29T11:57:41.488000","service_eb508f39-ce3d-4391-bb12-d4211c02ede9","false"
"talent_transfer","69e16c116de5c4509261cc1b","Batch cachet — event 69e16c116de5c4509261cc1b — 54.75$ → AHsHT7Zs [Cr stripe_balance]","stripe_balance","69f1f2315fde134034d9f4b0","5475","69f1f0cdddaaf14e1b32bc67","","","2026-04-29T11:57:37.585Z","tr_1TRWkGEDnfppNFcxMqWE6ZBL","CAD","","credit","69f1f232f314022a485a9f1c","2026-04-29T11:57:38.182000","2026-04-29T11:57:38.182000","service_eb508f39-ce3d-4391-bb12-d4211c02ede9","false"
"talent_transfer","69e16c116de5c4509261cc1b","Batch cachet — event 69e16c116de5c4509261cc1b — 54.75$ → AHsHT7Zs [Dr stripe_connect_transit]","stripe_connect_transit","69f1f232f314022a485a9f1c","5475","69f1f0cdddaaf14e1b32bc67","","","2026-04-29T11:57:37.585Z","tr_1TRWkGEDnfppNFcxMqWE6ZBL","CAD","","debit","69f1f2315fde134034d9f4b0","2026-04-29T11:57:37.753000","2026-04-29T11:57:38.406000","service_eb508f39-ce3d-4391-bb12-d4211c02ede9","false"
"talent_transfer","69e7dc7a3a00ff3f726c896b","Batch cachet — event 69e7dc7a3a00ff3f726c896b — 63.65$ → xJkejRFm [Cr stripe_balance]","stripe_balance","69f1f22f1fef829892df3f10","6365","69f1f0cdddaaf14e1b32bc62","","","2026-04-29T11:57:34.819Z","tr_1TRWkDEDnfppNFcxNNJaSaOx","CAD","","credit","69f1f22f171bb0592d67933e","2026-04-29T11:57:35.238000","2026-04-29T11:57:35.238000","service_eb508f39-ce3d-4391-bb12-d4211c02ede9","false"
"talent_transfer","69e7dc7a3a00ff3f726c896b","Batch cachet — event 69e7dc7a3a00ff3f726c896b — 63.65$ → xJkejRFm [Dr stripe_connect_transit]","stripe_connect_transit","69f1f22f171bb0592d67933e","6365","69f1f0cdddaaf14e1b32bc62","","","2026-04-29T11:57:34.819Z","tr_1TRWkDEDnfppNFcxNNJaSaOx","CAD","","debit","69f1f22f1fef829892df3f10","2026-04-29T11:57:35","2026-04-29T11:57:35.475000","service_eb508f39-ce3d-4391-bb12-d4211c02ede9","false"
"talent_transfer","69e7dc7a3a00ff3f726c896b","Batch cachet — event 69e7dc7a3a00ff3f726c896b — 12.35$ → MmYk8UPo [Cr stripe_balance]","stripe_balance","69f1f22b8269b74548ef10de","1235","69f1f0cdddaaf14e1b32bc61","","","2026-04-29T11:57:29.797Z","tr_1TRWk8EDnfppNFcx1jvLw1Rf","CAD","","credit","69f1f22cb9e57acf4f93bbe9","2026-04-29T11:57:32.160000","2026-04-29T11:57:32.160000","service_eb508f39-ce3d-4391-bb12-d4211c02ede9","false"
"talent_transfer","69e7dc7a3a00ff3f726c896b","Batch cachet — event 69e7dc7a3a00ff3f726c896b — 12.35$ → MmYk8UPo [Dr stripe_connect_transit]","stripe_connect_transit","69f1f22cb9e57acf4f93bbe9","1235","69f1f0cdddaaf14e1b32bc61","","","2026-04-29T11:57:29.797Z","tr_1TRWk8EDnfppNFcx1jvLw1Rf","CAD","","debit","69f1f22b8269b74548ef10de","2026-04-29T11:57:31.874000","2026-04-29T11:57:32.375000","service_eb508f39-ce3d-4391-bb12-d4211c02ede9","false"
"talent_transfer","69e7dc7a3a00ff3f726c896b","Batch cachet — event 69e7dc7a3a00ff3f726c896b — 96.90$ → 1nXNICVC [Cr stripe_balance]","stripe_balance","69f1f227afae15ae505349a6","9690","69f1f0cdddaaf14e1b32bc60","","","2026-04-29T11:57:27.377Z","tr_1TRWk6EDnfppNFcx5ntzkm0c","CAD","","credit","69f1f227628948026749fe0c","2026-04-29T11:57:27.660000","2026-04-29T11:57:27.660000","service_eb508f39-ce3d-4391-bb12-d4211c02ede9","false"
"talent_transfer","69e7dc7a3a00ff3f726c896b","Batch cachet — event 69e7dc7a3a00ff3f726c896b — 96.90$ → 1nXNICVC [Dr stripe_connect_transit]","stripe_connect_transit","69f1f227628948026749fe0c","9690","69f1f0cdddaaf14e1b32bc60","","","2026-04-29T11:57:27.377Z","tr_1TRWk6EDnfppNFcx5ntzkm0c","CAD","","debit","69f1f227afae15ae505349a6","2026-04-29T11:57:27.499000","2026-04-29T11:57:27.821000","service_eb508f39-ce3d-4391-bb12-d4211c02ede9","false"
"talent_transfer","69e7dc7a3a00ff3f726c896b","Batch cachet — event 69e7dc7a3a00ff3f726c896b — 76.00$ → pkPYEQBM [Cr stripe_balance]","stripe_balance","69f1f224603b49ff08245a8a","7600","69f1f0cdddaaf14e1b32bc5f","","","2026-04-29T11:57:24.723Z","tr_1TRWk3EDnfppNFcxQle9b1Jf","CAD","","credit","69f1f225b5d97f588f152abb","2026-04-29T11:57:25.066000","2026-04-29T11:57:25.066000","service_eb508f39-ce3d-4391-bb12-d4211c02ede9","false"
"talent_transfer","69e7dc7a3a00ff3f726c896b","Batch cachet — event 69e7dc7a3a00ff3f726c896b — 76.00$ → pkPYEQBM [Dr stripe_connect_transit]","stripe_connect_transit","69f1f225b5d97f588f152abb","7600","69f1f0cdddaaf14e1b32bc5f","","","2026-04-29T11:57:24.723Z","tr_1TRWk3EDnfppNFcxQle9b1Jf","CAD","","debit","69f1f224603b49ff08245a8a","2026-04-29T11:57:24.887000","2026-04-29T11:57:25.281000","service_eb508f39-ce3d-4391-bb12-d4211c02ede9","false"
"talent_transfer","69e7dc7a3a00ff3f726c896b","Batch cachet — event 69e7dc7a3a00ff3f726c896b — 19.00$ → pkPYEQBM [Cr stripe_balance]","stripe_balance","69f1f22263bec84e2d7985a8","1900","69f1f0cdddaaf14e1b32bc5e","","","2026-04-29T11:57:22.348Z","tr_1TRWk1EDnfppNFcxbdMnqlqx","CAD","","credit","69f1f22277fa4a19b9c86e0c","2026-04-29T11:57:22.636000","2026-04-29T11:57:22.636000","service_eb508f39-ce3d-4391-bb12-d4211c02ede9","false"
"talent_transfer","69e7dc7a3a00ff3f726c896b","Batch cachet — event 69e7dc7a3a00ff3f726c896b — 19.00$ → pkPYEQBM [Dr stripe_connect_transit]","stripe_connect_transit","69f1f22277fa4a19b9c86e0c","1900","69f1f0cdddaaf14e1b32bc5e","","","2026-04-29T11:57:22.348Z","tr_1TRWk1EDnfppNFcxbdMnqlqx","CAD","","debit","69f1f22263bec84e2d7985a8","2026-04-29T11:57:22.472000","2026-04-29T11:57:22.791000","service_eb508f39-ce3d-4391-bb12-d4211c02ede9","false"
"talent_transfer","69d8e47a29fd00ffd0fffe17","Batch cachet — event 69d8e47a29fd00ffd0fffe17 — 90.25$ → AHsHT7Zs [Cr stripe_balance]","stripe_balance","69f1f21f189ff580185687a6","9025","69f1f0cdddaaf14e1b32bc7e","","","2026-04-29T11:57:19.765Z","tr_1TRWjyEDnfppNFcxdtgaRCHv","CAD","","credit","69f1f220edf5773ba2e591c2","2026-04-29T11:57:20.118000","2026-04-29T11:57:20.118000","service_eb508f39-ce3d-4391-bb12-d4211c02ede9","false"
"talent_transfer","69d8e47a29fd00ffd0fffe17","Batch cachet — event 69d8e47a29fd00ffd0fffe17 — 90.25$ → AHsHT7Zs [Dr stripe_connect_transit]","stripe_connect_transit","69f1f220edf5773ba2e591c2","9025","69f1f0cdddaaf14e1b32bc7e","","","2026-04-29T11:57:19.765Z","tr_1TRWjyEDnfppNFcxdtgaRCHv","CAD","","debit","69f1f21f189ff580185687a6","2026-04-29T11:57:19.936000","2026-04-29T11:57:20.323000","service_eb508f39-ce3d-4391-bb12-d4211c02ede9","false"
"talent_transfer","69eb54a1a9707a51c042eaff","Batch cachet — event 69eb54a1a9707a51c042eaff — 376.00$ → pkPYEQBM [Cr stripe_balance]","stripe_balance","69f1f21deca8c9108349c166","37600","69f1f0cdddaaf14e1b32bd11","","","2026-04-29T11:57:16.942Z","tr_1TRWjvEDnfppNFcxTi1AqhSg","CAD","","credit","69f1f21da21bb746ebdab84b","2026-04-29T11:57:17.239000","2026-04-29T11:57:17.239000","service_eb508f39-ce3d-4391-bb12-d4211c02ede9","false"
"talent_transfer","69eb54a1a9707a51c042eaff","Batch cachet — event 69eb54a1a9707a51c042eaff — 376.00$ → pkPYEQBM [Dr stripe_connect_transit]","stripe_connect_transit","69f1f21da21bb746ebdab84b","37600","69f1f0cdddaaf14e1b32bd11","","","2026-04-29T11:57:16.942Z","tr_1TRWjvEDnfppNFcxTi1AqhSg","CAD","","debit","69f1f21deca8c9108349c166","2026-04-29T11:57:17.089000","2026-04-29T11:57:17.473000","service_eb508f39-ce3d-4391-bb12-d4211c02ede9","false"
"talent_transfer","69eabaa014b3b229e04cd76a","Batch cachet — event 69eabaa014b3b229e04cd76a — 4.75$ → cGmADTy4 [Cr stripe_balance]","stripe_balance","69f1f21a330f46e4a8902cac","475","69f1f0cdddaaf14e1b32bd0c","","","2026-04-29T11:57:14.536Z","tr_1TRWjtEDnfppNFcxLuwK0uVL","CAD","","credit","69f1f21ac2526bc0b4157548","2026-04-29T11:57:14.853000","2026-04-29T11:57:14.853000","service_eb508f39-ce3d-4391-bb12-d4211c02ede9","false"
"talent_transfer","69eabaa014b3b229e04cd76a","Batch cachet — event 69eabaa014b3b229e04cd76a — 4.75$ → cGmADTy4 [Dr stripe_connect_transit]","stripe_connect_transit","69f1f21ac2526bc0b4157548","475","69f1f0cdddaaf14e1b32bd0c","","","2026-04-29T11:57:14.536Z","tr_1TRWjtEDnfppNFcxLuwK0uVL","CAD","","debit","69f1f21a330f46e4a8902cac","2026-04-29T11:57:14.685000","2026-04-29T11:57:15.040000","service_eb508f39-ce3d-4391-bb12-d4211c02ede9","false"
"talent_transfer","69eabaa014b3b229e04cd76a","Batch cachet — event 69eabaa014b3b229e04cd76a — 32.90$ → pkPYEQBM [Cr stripe_balance]","stripe_balance","69f1f2181bac7cddcc01910a","3290","69f1f0cdddaaf14e1b32bd0b","","","2026-04-29T11:57:11.962Z","tr_1TRWjqEDnfppNFcxU5xR9N57","CAD","","credit","69f1f218b5d97f588f152ab2","2026-04-29T11:57:12.282000","2026-04-29T11:57:12.282000","service_eb508f39-ce3d-4391-bb12-d4211c02ede9","false"
"talent_transfer","69eabaa014b3b229e04cd76a","Batch cachet — event 69eabaa014b3b229e04cd76a — 32.90$ → pkPYEQBM [Dr stripe_connect_transit]","stripe_connect_transit","69f1f218b5d97f588f152ab2","3290","69f1f0cdddaaf14e1b32bd0b","","","2026-04-29T11:57:11.962Z","tr_1TRWjqEDnfppNFcxU5xR9N57","CAD","","debit","69f1f2181bac7cddcc01910a","2026-04-29T11:57:12.113000","2026-04-29T11:57:12.474000","service_eb508f39-ce3d-4391-bb12-d4211c02ede9","false"
"talent_transfer","69d7f2a1d02b620f26748950","Batch cachet — event 69d7f2a1d02b620f26748950 — 26.03$ → cGmADTy4 [Cr stripe_balance]","stripe_balance","69f1f21588303e7db8eac327","2603","69f1f0cdddaaf14e1b32bcfb","","","2026-04-29T11:57:09.080Z","tr_1TRWjnEDnfppNFcxZ1mgkDS6","CAD","","credit","69f1f215fc38c64425f013ca","2026-04-29T11:57:09.416000","2026-04-29T11:57:09.416000","service_eb508f39-ce3d-4391-bb12-d4211c02ede9","false"
"talent_transfer","69d7f2a1d02b620f26748950","Batch cachet — event 69d7f2a1d02b620f26748950 — 26.03$ → cGmADTy4 [Dr stripe_connect_transit]","stripe_connect_transit","69f1f215fc38c64425f013ca","2603","69f1f0cdddaaf14e1b32bcfb","","","2026-04-29T11:57:09.080Z","tr_1TRWjnEDnfppNFcxZ1mgkDS6","CAD","","debit","69f1f21588303e7db8eac327","2026-04-29T11:57:09.224000","2026-04-29T11:57:09.636000","service_eb508f39-ce3d-4391-bb12-d4211c02ede9","false"
"talent_transfer","69d7b8e23d9e3c5cae2ce9b6","Batch cachet — event 69d7b8e23d9e3c5cae2ce9b6 — 23.75$ → cGmADTy4 [Cr stripe_balance]","stripe_balance","69f1f212c2526bc0b4157546","2375","69f1f0cdddaaf14e1b32bcf9","","","2026-04-29T11:57:06.401Z","tr_1TRWjkEDnfppNFcx40iOQ3En","CAD","","credit","69f1f212c48e54823db5b340","2026-04-29T11:57:06.780000","2026-04-29T11:57:06.780000","service_eb508f39-ce3d-4391-bb12-d4211c02ede9","false"
"talent_transfer","69d7b8e23d9e3c5cae2ce9b6","Batch cachet — event 69d7b8e23d9e3c5cae2ce9b6 — 23.75$ → cGmADTy4 [Dr stripe_connect_transit]","stripe_connect_transit","69f1f212c48e54823db5b340","2375","69f1f0cdddaaf14e1b32bcf9","","","2026-04-29T11:57:06.401Z","tr_1TRWjkEDnfppNFcx40iOQ3En","CAD","","debit","69f1f212c2526bc0b4157546","2026-04-29T11:57:06.628000","2026-04-29T11:57:07.063000","service_eb508f39-ce3d-4391-bb12-d4211c02ede9","false"
"talent_transfer","69d7a155a2d79a27145730f6","Batch cachet — event 69d7a155a2d79a27145730f6 — 205.39$ → cGmADTy4 [Cr stripe_balance]","stripe_balance","69f1f20fa9a6002775e883ad","20539","69f1f0cdddaaf14e1b32bcf7","","","2026-04-29T11:57:03.514Z","tr_1TRWjiEDnfppNFcx6iwm7Y5M","CAD","","credit","69f1f20f84ade84672ca98a2","2026-04-29T11:57:03.872000","2026-04-29T11:57:03.872000","service_eb508f39-ce3d-4391-bb12-d4211c02ede9","false"
"talent_transfer","69d7a155a2d79a27145730f6","Batch cachet — event 69d7a155a2d79a27145730f6 — 205.39$ → cGmADTy4 [Dr stripe_connect_transit]","stripe_connect_transit","69f1f20f84ade84672ca98a2","20539","69f1f0cdddaaf14e1b32bcf7","","","2026-04-29T11:57:03.514Z","tr_1TRWjiEDnfppNFcx6iwm7Y5M","CAD","","debit","69f1f20fa9a6002775e883ad","2026-04-29T11:57:03.687000","2026-04-29T11:57:04.070000","service_eb508f39-ce3d-4391-bb12-d4211c02ede9","false"
"talent_transfer","69eb682b9430b4c08113234d","Batch cachet — event 69eb682b9430b4c08113234d — 94.00$ → pkPYEQBM [Cr stripe_balance]","stripe_balance","69f1f20dc0a579fba3348a39","9400","69f1f0cdddaaf14e1b32bd68","","","2026-04-29T11:57:00.986Z","tr_1TRWjfEDnfppNFcxo7ATy3cW","CAD","","credit","69f1f20d64659615d396320e","2026-04-29T11:57:01.304000","2026-04-29T11:57:01.304000","service_eb508f39-ce3d-4391-bb12-d4211c02ede9","false"
"talent_transfer","69eb682b9430b4c08113234d","Batch cachet — event 69eb682b9430b4c08113234d — 94.00$ → pkPYEQBM [Dr stripe_connect_transit]","stripe_connect_transit","69f1f20d64659615d396320e","9400","69f1f0cdddaaf14e1b32bd68","","","2026-04-29T11:57:00.986Z","tr_1TRWjfEDnfppNFcxo7ATy3cW","CAD","","debit","69f1f20dc0a579fba3348a39","2026-04-29T11:57:01.128000","2026-04-29T11:57:01.480000","service_eb508f39-ce3d-4391-bb12-d4211c02ede9","false"
"talent_transfer","69ea11a48f571b434985fe92","Batch cachet — event 69ea11a48f571b434985fe92 — 159.48$ → xJkejRFm [Cr stripe_balance]","stripe_balance","69f1f20a59ce471f1880c287","15948","69f1f0cdddaaf14e1b32bd66","","","2026-04-29T11:56:58.361Z","tr_1TRWjdEDnfppNFcxe6xLFgdI","CAD","","credit","69f1f20a7c890c2d45572611","2026-04-29T11:56:58.741000","2026-04-29T11:56:58.741000","service_eb508f39-ce3d-4391-bb12-d4211c02ede9","false"
"talent_transfer","69ea11a48f571b434985fe92","Batch cachet — event 69ea11a48f571b434985fe92 — 159.48$ → xJkejRFm [Dr stripe_connect_transit]","stripe_connect_transit","69f1f20a7c890c2d45572611","15948","69f1f0cdddaaf14e1b32bd66","","","2026-04-29T11:56:58.361Z","tr_1TRWjdEDnfppNFcxe6xLFgdI","CAD","","debit","69f1f20a59ce471f1880c287","2026-04-29T11:56:58.508000","2026-04-29T11:56:58.928000","service_eb508f39-ce3d-4391-bb12-d4211c02ede9","false"
"talent_transfer","69de2ba8d376f0e18d386d30","Batch cachet — event 69de2ba8d376f0e18d386d30 — 249.22$ → xJkejRFm [Cr stripe_balance]","stripe_balance","69f1f207aea7df03d82fcf53","24922","69f1f0cdddaaf14e1b32bd64","","","2026-04-29T11:56:55.783Z","tr_1TRWjaEDnfppNFcxkcC0jEMs","CAD","","credit","69f1f208b830731c153f7685","2026-04-29T11:56:56.075000","2026-04-29T11:56:56.075000","service_eb508f39-ce3d-4391-bb12-d4211c02ede9","false"
"talent_transfer","69de2ba8d376f0e18d386d30","Batch cachet — event 69de2ba8d376f0e18d386d30 — 249.22$ → xJkejRFm [Dr stripe_connect_transit]","stripe_connect_transit","69f1f208b830731c153f7685","24922","69f1f0cdddaaf14e1b32bd64","","","2026-04-29T11:56:55.783Z","tr_1TRWjaEDnfppNFcxkcC0jEMs","CAD","","debit","69f1f207aea7df03d82fcf53","2026-04-29T11:56:55.922000","2026-04-29T11:56:56.254000","service_eb508f39-ce3d-4391-bb12-d4211c02ede9","false"
"talent_transfer","69d81648bd82e7282106ec34","Batch cachet — event 69d81648bd82e7282106ec34 — 60.04$ → cGmADTy4 [Cr stripe_balance]","stripe_balance","69f1f20519057a35b612d99c","6004","69f1f0cdddaaf14e1b32bd62","","","2026-04-29T11:56:53.013Z","tr_1TRWjXEDnfppNFcx9FD1Iap4","CAD","","credit","69f1f205bd4e3f8d47b4aa34","2026-04-29T11:56:53.321000","2026-04-29T11:56:53.321000","service_eb508f39-ce3d-4391-bb12-d4211c02ede9","false"
"talent_transfer","69d81648bd82e7282106ec34","Batch cachet — event 69d81648bd82e7282106ec34 — 60.04$ → cGmADTy4 [Dr stripe_connect_transit]","stripe_connect_transit","69f1f205bd4e3f8d47b4aa34","6004","69f1f0cdddaaf14e1b32bd62","","","2026-04-29T11:56:53.013Z","tr_1TRWjXEDnfppNFcx9FD1Iap4","CAD","","debit","69f1f20519057a35b612d99c","2026-04-29T11:56:53.144000","2026-04-29T11:56:53.496000","service_eb508f39-ce3d-4391-bb12-d4211c02ede9","false"
"talent_transfer","69d80cabe1336b871a5d61ac","Batch cachet — event 69d80cabe1336b871a5d61ac — 95.00$ → cGmADTy4 [Cr stripe_balance]","stripe_balance","69f1f2029416843247f397a1","9500","69f1f0cdddaaf14e1b32bd60","","","2026-04-29T11:56:50.337Z","tr_1TRWjVEDnfppNFcx6CWLKPgR","CAD","","credit","69f1f202f7542f935d895a3d","2026-04-29T11:56:50.692000","2026-04-29T11:56:50.692000","service_eb508f39-ce3d-4391-bb12-d4211c02ede9","false"
"talent_transfer","69d80cabe1336b871a5d61ac","Batch cachet — event 69d80cabe1336b871a5d61ac — 95.00$ → cGmADTy4 [Dr stripe_connect_transit]","stripe_connect_transit","69f1f202f7542f935d895a3d","9500","69f1f0cdddaaf14e1b32bd60","","","2026-04-29T11:56:50.337Z","tr_1TRWjVEDnfppNFcx6CWLKPgR","CAD","","debit","69f1f2029416843247f397a1","2026-04-29T11:56:50.478000","2026-04-29T11:56:50.885000","service_eb508f39-ce3d-4391-bb12-d4211c02ede9","false"
"talent_transfer","69eb6a82d3d017cfbd3e77bc","Batch cachet — event 69eb6a82d3d017cfbd3e77bc — 108.66$ → 0i1k1Kmt [Cr stripe_balance]","stripe_balance","69f1f1ff5f3e2a73301ebd1f","10866","69f1f0cdddaaf14e1b32bd6b","","","2026-04-29T11:56:47.773Z","tr_1TRWjSEDnfppNFcxvJzFqh0E","CAD","","credit","69f1f2005f1a6f226fff2717","2026-04-29T11:56:48.063000","2026-04-29T11:56:48.063000","service_eb508f39-ce3d-4391-bb12-d4211c02ede9","false"
"talent_transfer","69eb6a82d3d017cfbd3e77bc","Batch cachet — event 69eb6a82d3d017cfbd3e77bc — 108.66$ → 0i1k1Kmt [Dr stripe_connect_transit]","stripe_connect_transit","69f1f2005f1a6f226fff2717","10866","69f1f0cdddaaf14e1b32bd6b","","","2026-04-29T11:56:47.773Z","tr_1TRWjSEDnfppNFcxvJzFqh0E","CAD","","debit","69f1f1ff5f3e2a73301ebd1f","2026-04-29T11:56:47.905000","2026-04-29T11:56:48.268000","service_eb508f39-ce3d-4391-bb12-d4211c02ede9","false"
"noshow_refund_issued","69eb54a1a9707a51c042eaff","No-show remboursé 600.00$ — event 69eb54a1a9707a51c042eaff [Cr stripe_balance]","stripe_balance","69f1ed73e739311fe71715b6","60000","69f1ecd7ebd7247090fbed05","","","2026-04-29T11:37:23.573Z","re_3TPi2zEDnfppNFcx0TWtoUYy","CAD","","credit","69f1ed7375d0e2e4babef528","2026-04-29T11:37:23.877000","2026-04-29T11:37:23.877000","service_eb508f39-ce3d-4391-bb12-d4211c02ede9","false"
"noshow_refund_issued","69eb54a1a9707a51c042eaff","No-show remboursé 600.00$ — event 69eb54a1a9707a51c042eaff [Dr refund_liability]","refund_liability","69f1ed7375d0e2e4babef528","60000","69f1ecd7ebd7247090fbed05","","","2026-04-29T11:37:23.573Z","re_3TPi2zEDnfppNFcx0TWtoUYy","CAD","","debit","69f1ed73e739311fe71715b6","2026-04-29T11:37:23.713000","2026-04-29T11:37:24.036000","service_eb508f39-ce3d-4391-bb12-d4211c02ede9","false"
"noshow_refund_issued","69eabaa014b3b229e04cd76a","No-show remboursé 197.80$ — event 69eabaa014b3b229e04cd76a [Cr stripe_balance]","stripe_balance","69f1ed701fc3646e22b03b55","19780","69f1ecd7ebd7247090fbed01","","","2026-04-29T11:37:20.323Z","re_3TPXrtEDnfppNFcx0UYuRVYG","CAD","","credit","69f1ed70bfe6ac1af5124622","2026-04-29T11:37:20.624000","2026-04-29T11:37:20.624000","service_eb508f39-ce3d-4391-bb12-d4211c02ede9","false"
"noshow_refund_issued","69eabaa014b3b229e04cd76a","No-show remboursé 197.80$ — event 69eabaa014b3b229e04cd76a [Dr refund_liability]","refund_liability","69f1ed70bfe6ac1af5124622","19780","69f1ecd7ebd7247090fbed01","","","2026-04-29T11:37:20.323Z","re_3TPXrtEDnfppNFcx0UYuRVYG","CAD","","debit","69f1ed701fc3646e22b03b55","2026-04-29T11:37:20.471000","2026-04-29T11:37:20.786000","service_eb508f39-ce3d-4391-bb12-d4211c02ede9","false"
"noshow_refund_issued","69eabaa014b3b229e04cd76a","No-show remboursé 120.40$ — event 69eabaa014b3b229e04cd76a [Cr stripe_balance]","stripe_balance","69f1ed6e81b5e50c5c58bc63","12040","69f1ecd7ebd7247090fbed00","","","2026-04-29T11:37:18.265Z","re_3TPXrtEDnfppNFcx0p2Dlhxb","CAD","","credit","69f1ed6e027e14f3e976687c","2026-04-29T11:37:18.559000","2026-04-29T11:37:18.559000","service_eb508f39-ce3d-4391-bb12-d4211c02ede9","false"
"noshow_refund_issued","69eabaa014b3b229e04cd76a","No-show remboursé 120.40$ — event 69eabaa014b3b229e04cd76a [Dr refund_liability]","refund_liability","69f1ed6e027e14f3e976687c","12040","69f1ecd7ebd7247090fbed00","","","2026-04-29T11:37:18.265Z","re_3TPXrtEDnfppNFcx0p2Dlhxb","CAD","","debit","69f1ed6e81b5e50c5c58bc63","2026-04-29T11:37:18.389000","2026-04-29T11:37:18.732000","service_eb508f39-ce3d-4391-bb12-d4211c02ede9","false"
"noshow_refund_issued","69ea7a3dba45aac7aea9dcb0","No-show remboursé 29.90$ — event 69ea7a3dba45aac7aea9dcb0 [Cr stripe_balance]","stripe_balance","69f1ed6bfd6cdcd456f4995b","2990","69f1ecd7ebd7247090fbed60","","","2026-04-29T11:37:15.220Z","re_3TPTTaEDnfppNFcx1fuKE9TZ","CAD","","credit","69f1ed6b8a190699be1bbfc2","2026-04-29T11:37:15.545000","2026-04-29T11:37:15.545000","service_eb508f39-ce3d-4391-bb12-d4211c02ede9","false"
"noshow_refund_issued","69ea7a3dba45aac7aea9dcb0","No-show remboursé 29.90$ — event 69ea7a3dba45aac7aea9dcb0 [Dr refund_liability]","refund_liability","69f1ed6b8a190699be1bbfc2","2990","69f1ecd7ebd7247090fbed60","","","2026-04-29T11:37:15.220Z","re_3TPTTaEDnfppNFcx1fuKE9TZ","CAD","","debit","69f1ed6bfd6cdcd456f4995b","2026-04-29T11:37:15.371000","2026-04-29T11:37:15.735000","service_eb508f39-ce3d-4391-bb12-d4211c02ede9","false"
"noshow_refund_issued","69eb6a82d3d017cfbd3e77bc","No-show remboursé 15.55$ — event 69eb6a82d3d017cfbd3e77bc [Cr stripe_balance]","stripe_balance","69f1ed68af7d1e1b620acff0","1555","69f1ecd7ebd7247090fbed5f","","","2026-04-29T11:37:12.368Z","re_3TPjRsEDnfppNFcx1W65icTM","CAD","","credit","69f1ed680bf98b43f6c4c2f8","2026-04-29T11:37:12.669000","2026-04-29T11:37:12.669000","service_eb508f39-ce3d-4391-bb12-d4211c02ede9","false"
"noshow_refund_issued","69eb6a82d3d017cfbd3e77bc","No-show remboursé 15.55$ — event 69eb6a82d3d017cfbd3e77bc [Dr refund_liability]","refund_liability","69f1ed680bf98b43f6c4c2f8","1555","69f1ecd7ebd7247090fbed5f","","","2026-04-29T11:37:12.368Z","re_3TPjRsEDnfppNFcx1W65icTM","CAD","","debit","69f1ed68af7d1e1b620acff0","2026-04-29T11:37:12.512000","2026-04-29T11:37:12.867000","service_eb508f39-ce3d-4391-bb12-d4211c02ede9","false"
"talent_transfer","69d8e47a29fd00ffd0fffe17","Batch cachet — event 69d8e47a29fd00ffd0fffe17 — 90.25$ → AHsHT7Zs [Cr stripe_balance]","stripe_balance","69f1ed65ecbf92c1b19a4c12","9025","69f1ecd7ebd7247090fbec71","","","2026-04-29T11:37:09.437Z","tr_1TRWQSEDnfppNFcxnM3p5Uli","CAD","","credit","69f1ed65180d357c7c8423f3","2026-04-29T11:37:09.746000","2026-04-29T11:37:09.746000","service_eb508f39-ce3d-4391-bb12-d4211c02ede9","false"
"talent_transfer","69d8e47a29fd00ffd0fffe17","Batch cachet — event 69d8e47a29fd00ffd0fffe17 — 90.25$ → AHsHT7Zs [Dr stripe_connect_transit]","stripe_connect_transit","69f1ed65180d357c7c8423f3","9025","69f1ecd7ebd7247090fbec71","","","2026-04-29T11:37:09.437Z","tr_1TRWQSEDnfppNFcxnM3p5Uli","CAD","","debit","69f1ed65ecbf92c1b19a4c12","2026-04-29T11:37:09.588000","2026-04-29T11:37:09.894000","service_eb508f39-ce3d-4391-bb12-d4211c02ede9","false"
"talent_transfer","69d6e600bd465602e93bc614","Batch cachet — event 69d6e600bd465602e93bc614 — 50.92$ → pkPYEQBM [Cr stripe_balance]","stripe_balance","69f1ed6147efb7407c942d1e","5092","69f1ecd7ebd7247090fbec6d","","","2026-04-29T11:37:05.832Z","tr_1TRWQOEDnfppNFcxIjchj2Sg","CAD","","credit","69f1ed622a3c2512a79ffb05","2026-04-29T11:37:06.130000","2026-04-29T11:37:06.130000","service_eb508f39-ce3d-4391-bb12-d4211c02ede9","false"
"talent_transfer","69d6e600bd465602e93bc614","Batch cachet — event 69d6e600bd465602e93bc614 — 50.92$ → pkPYEQBM [Dr stripe_connect_transit]","stripe_connect_transit","69f1ed622a3c2512a79ffb05","5092","69f1ecd7ebd7247090fbec6d","","","2026-04-29T11:37:05.832Z","tr_1TRWQOEDnfppNFcxIjchj2Sg","CAD","","debit","69f1ed6147efb7407c942d1e","2026-04-29T11:37:05.964000","2026-04-29T11:37:07.316000","service_eb508f39-ce3d-4391-bb12-d4211c02ede9","false"
"talent_transfer","69e3b8248fc51fd03a56857c","Batch cachet — event 69e3b8248fc51fd03a56857c — 21.31$ → AHsHT7Zs [Cr stripe_balance]","stripe_balance","69f1ed5fca94fdac1537eb58","2131","69f1ecd7ebd7247090fbec63","","","2026-04-29T11:37:03.244Z","tr_1TRWQMEDnfppNFcxEwl58CyU","CAD","","credit","69f1ed5fbfc97045a35dd730","2026-04-29T11:37:03.527000","2026-04-29T11:37:03.527000","service_eb508f39-ce3d-4391-bb12-d4211c02ede9","false"
"talent_transfer","69e3b8248fc51fd03a56857c","Batch cachet — event 69e3b8248fc51fd03a56857c — 21.31$ → AHsHT7Zs [Dr stripe_connect_transit]","stripe_connect_transit","69f1ed5fbfc97045a35dd730","2131","69f1ecd7ebd7247090fbec63","","","2026-04-29T11:37:03.244Z","tr_1TRWQMEDnfppNFcxEwl58CyU","CAD","","debit","69f1ed5fca94fdac1537eb58","2026-04-29T11:37:03.370000","2026-04-29T11:37:03.689000","service_eb508f39-ce3d-4391-bb12-d4211c02ede9","false"
"talent_transfer","69e3b8248fc51fd03a56857c","Batch cachet — event 69e3b8248fc51fd03a56857c — 35.69$ → 1nXNICVC [Cr stripe_balance]","stripe_balance","69f1ed5c3bc708f64a8b84fc","3569","69f1ecd7ebd7247090fbec62","","","2026-04-29T11:37:00.600Z","tr_1TRWQJEDnfppNFcxOleVNNnj","CAD","","credit","69f1ed5c975285a51b70fb0f","2026-04-29T11:37:00.963000","2026-04-29T11:37:00.963000","service_eb508f39-ce3d-4391-bb12-d4211c02ede9","false"
"talent_transfer","69e3b8248fc51fd03a56857c","Batch cachet — event 69e3b8248fc51fd03a56857c — 35.69$ → 1nXNICVC [Dr stripe_connect_transit]","stripe_connect_transit","69f1ed5c975285a51b70fb0f","3569","69f1ecd7ebd7247090fbec62","","","2026-04-29T11:37:00.600Z","tr_1TRWQJEDnfppNFcxOleVNNnj","CAD","","debit","69f1ed5c3bc708f64a8b84fc","2026-04-29T11:37:00.772000","2026-04-29T11:37:01.181000","service_eb508f39-ce3d-4391-bb12-d4211c02ede9","false"
"talent_transfer","69e2cf0fe7c8b194afd3d8f8","Batch cachet — event 69e2cf0fe7c8b194afd3d8f8 — 38.00$ → cGmADTy4 [Cr stripe_balance]","stripe_balance","69f1ed5acd2e653a3d43c952","3800","69f1ecd7ebd7247090fbec5f","","","2026-04-29T11:36:57.630Z","tr_1TRWQFEDnfppNFcxbqwpVAmC","CAD","","credit","69f1ed5a796686849f0f014a","2026-04-29T11:36:58.214000","2026-04-29T11:36:58.214000","service_eb508f39-ce3d-4391-bb12-d4211c02ede9","false"
"talent_transfer","69e2cf0fe7c8b194afd3d8f8","Batch cachet — event 69e2cf0fe7c8b194afd3d8f8 — 38.00$ → cGmADTy4 [Dr stripe_connect_transit]","stripe_connect_transit","69f1ed5a796686849f0f014a","3800","69f1ecd7ebd7247090fbec5f","","","2026-04-29T11:36:57.630Z","tr_1TRWQFEDnfppNFcxbqwpVAmC","CAD","","debit","69f1ed5acd2e653a3d43c952","2026-04-29T11:36:58.003000","2026-04-29T11:36:58.619000","service_eb508f39-ce3d-4391-bb12-d4211c02ede9","false"
"talent_transfer","69e2cf0fe7c8b194afd3d8f8","Batch cachet — event 69e2cf0fe7c8b194afd3d8f8 — 140.80$ → xJkejRFm [Cr stripe_balance]","stripe_balance","69f1ed568dbd1077c4c51f91","14080","69f1ecd7ebd7247090fbec5e","","","2026-04-29T11:36:53.891Z","tr_1TRWQCEDnfppNFcx9Rvi0sRG","CAD","","credit","69f1ed56cdcaf308503f6d2e","2026-04-29T11:36:54.203000","2026-04-29T11:36:54.203000","service_eb508f39-ce3d-4391-bb12-d4211c02ede9","false"
"talent_transfer","69e2cf0fe7c8b194afd3d8f8","Batch cachet — event 69e2cf0fe7c8b194afd3d8f8 — 140.80$ → xJkejRFm [Dr stripe_connect_transit]","stripe_connect_transit","69f1ed56cdcaf308503f6d2e","14080","69f1ecd7ebd7247090fbec5e","","","2026-04-29T11:36:53.891Z","tr_1TRWQCEDnfppNFcx9Rvi0sRG","CAD","","debit","69f1ed568dbd1077c4c51f91","2026-04-29T11:36:54.033000","2026-04-29T11:36:54.415000","service_eb508f39-ce3d-4391-bb12-d4211c02ede9","false"
"talent_transfer","69e16c116de5c4509261cc1b","Batch cachet — event 69e16c116de5c4509261cc1b — 7.39$ → 1nXNICVC [Cr stripe_balance]","stripe_balance","69f1ed53d5968e2e2e25dc78","739","69f1ecd7ebd7247090fbec5b","","","2026-04-29T11:36:51.226Z","tr_1TRWQAEDnfppNFcxHb0YPciS","CAD","","credit","69f1ed537091ba14955fe132","2026-04-29T11:36:51.548000","2026-04-29T11:36:51.548000","service_eb508f39-ce3d-4391-bb12-d4211c02ede9","false"
"talent_transfer","69e16c116de5c4509261cc1b","Batch cachet — event 69e16c116de5c4509261cc1b — 7.39$ → 1nXNICVC [Dr stripe_connect_transit]","stripe_connect_transit","69f1ed537091ba14955fe132","739","69f1ecd7ebd7247090fbec5b","","","2026-04-29T11:36:51.226Z","tr_1TRWQAEDnfppNFcxHb0YPciS","CAD","","debit","69f1ed53d5968e2e2e25dc78","2026-04-29T11:36:51.365000","2026-04-29T11:36:51.710000","service_eb508f39-ce3d-4391-bb12-d4211c02ede9","false"
"talent_transfer","69e16c116de5c4509261cc1b","Batch cachet — event 69e16c116de5c4509261cc1b — 54.75$ → AHsHT7Zs [Cr stripe_balance]","stripe_balance","69f1ed5054ddf326ce303a33","5475","69f1ecd7ebd7247090fbec5a","","","2026-04-29T11:36:48.721Z","tr_1TRWQ7EDnfppNFcxuUSez9Jd","CAD","","credit","69f1ed51f8f8c1acec9f790a","2026-04-29T11:36:49.036000","2026-04-29T11:36:49.036000","service_eb508f39-ce3d-4391-bb12-d4211c02ede9","false"
"talent_transfer","69e16c116de5c4509261cc1b","Batch cachet — event 69e16c116de5c4509261cc1b — 54.75$ → AHsHT7Zs [Dr stripe_connect_transit]","stripe_connect_transit","69f1ed51f8f8c1acec9f790a","5475","69f1ecd7ebd7247090fbec5a","","","2026-04-29T11:36:48.721Z","tr_1TRWQ7EDnfppNFcxuUSez9Jd","CAD","","debit","69f1ed5054ddf326ce303a33","2026-04-29T11:36:48.859000","2026-04-29T11:36:49.223000","service_eb508f39-ce3d-4391-bb12-d4211c02ede9","false"
"talent_transfer","69e7dc7a3a00ff3f726c896b","Batch cachet — event 69e7dc7a3a00ff3f726c896b — 63.65$ → xJkejRFm [Cr stripe_balance]","stripe_balance","69f1ed4ee74632c1e185a78d","6365","69f1ecd7ebd7247090fbec55","","","2026-04-29T11:36:46.023Z","tr_1TRWQ4EDnfppNFcxqNPY5MAs","CAD","","credit","69f1ed4e24b5ae7a4cd40cc8","2026-04-29T11:36:46.346000","2026-04-29T11:36:46.346000","service_eb508f39-ce3d-4391-bb12-d4211c02ede9","false"
"talent_transfer","69e7dc7a3a00ff3f726c896b","Batch cachet — event 69e7dc7a3a00ff3f726c896b — 63.65$ → xJkejRFm [Dr stripe_connect_transit]","stripe_connect_transit","69f1ed4e24b5ae7a4cd40cc8","6365","69f1ecd7ebd7247090fbec55","","","2026-04-29T11:36:46.023Z","tr_1TRWQ4EDnfppNFcxqNPY5MAs","CAD","","debit","69f1ed4ee74632c1e185a78d","2026-04-29T11:36:46.185000","2026-04-29T11:36:46.523000","service_eb508f39-ce3d-4391-bb12-d4211c02ede9","false"
"talent_transfer","69e7dc7a3a00ff3f726c896b","Batch cachet — event 69e7dc7a3a00ff3f726c896b — 12.35$ → MmYk8UPo [Cr stripe_balance]","stripe_balance","69f1ed4b4ed2bdb5a23973d8","1235","69f1ecd7ebd7247090fbec54","","","2026-04-29T11:36:43.539Z","tr_1TRWQ2EDnfppNFcxRshTxjnq","CAD","","credit","69f1ed4b74572e982b6d28f9","2026-04-29T11:36:43.851000","2026-04-29T11:36:43.851000","service_eb508f39-ce3d-4391-bb12-d4211c02ede9","false"
"talent_transfer","69e7dc7a3a00ff3f726c896b","Batch cachet — event 69e7dc7a3a00ff3f726c896b — 12.35$ → MmYk8UPo [Dr stripe_connect_transit]","stripe_connect_transit","69f1ed4b74572e982b6d28f9","1235","69f1ecd7ebd7247090fbec54","","","2026-04-29T11:36:43.539Z","tr_1TRWQ2EDnfppNFcxRshTxjnq","CAD","","debit","69f1ed4b4ed2bdb5a23973d8","2026-04-29T11:36:43.663000","2026-04-29T11:36:43.995000","service_eb508f39-ce3d-4391-bb12-d4211c02ede9","false"
"talent_transfer","69e7dc7a3a00ff3f726c896b","Batch cachet — event 69e7dc7a3a00ff3f726c896b — 96.90$ → 1nXNICVC [Cr stripe_balance]","stripe_balance","69f1ed48268cb7e9f11239bc","9690","69f1ecd7ebd7247090fbec53","","","2026-04-29T11:36:40.573Z","tr_1TRWPzEDnfppNFcxFTUskWFE","CAD","","credit","69f1ed48696a6c0c072f3abe","2026-04-29T11:36:40.916000","2026-04-29T11:36:40.916000","service_eb508f39-ce3d-4391-bb12-d4211c02ede9","false"
"talent_transfer","69e7dc7a3a00ff3f726c896b","Batch cachet — event 69e7dc7a3a00ff3f726c896b — 96.90$ → 1nXNICVC [Dr stripe_connect_transit]","stripe_connect_transit","69f1ed48696a6c0c072f3abe","9690","69f1ecd7ebd7247090fbec53","","","2026-04-29T11:36:40.573Z","tr_1TRWPzEDnfppNFcxFTUskWFE","CAD","","debit","69f1ed48268cb7e9f11239bc","2026-04-29T11:36:40.723000","2026-04-29T11:36:41.119000","service_eb508f39-ce3d-4391-bb12-d4211c02ede9","false"
"talent_transfer","69e7dc7a3a00ff3f726c896b","Batch cachet — event 69e7dc7a3a00ff3f726c896b — 76.00$ → pkPYEQBM [Cr stripe_balance]","stripe_balance","69f1ed46bfe6ac1af512460f","7600","69f1ecd7ebd7247090fbec52","","","2026-04-29T11:36:38.119Z","tr_1TRWPxEDnfppNFcxh1S3hZvQ","CAD","","credit","69f1ed4648f42d193a63c0de","2026-04-29T11:36:38.483000","2026-04-29T11:36:38.483000","service_eb508f39-ce3d-4391-bb12-d4211c02ede9","false"
"talent_transfer","69e7dc7a3a00ff3f726c896b","Batch cachet — event 69e7dc7a3a00ff3f726c896b — 76.00$ → pkPYEQBM [Dr stripe_connect_transit]","stripe_connect_transit","69f1ed4648f42d193a63c0de","7600","69f1ecd7ebd7247090fbec52","","","2026-04-29T11:36:38.119Z","tr_1TRWPxEDnfppNFcxh1S3hZvQ","CAD","","debit","69f1ed46bfe6ac1af512460f","2026-04-29T11:36:38.258000","2026-04-29T11:36:38.675000","service_eb508f39-ce3d-4391-bb12-d4211c02ede9","false"
"talent_transfer","69e7dc7a3a00ff3f726c896b","Batch cachet — event 69e7dc7a3a00ff3f726c896b — 19.00$ → pkPYEQBM [Cr stripe_balance]","stripe_balance","69f1ed434445d87e4d689a45","1900","69f1ecd7ebd7247090fbec51","","","2026-04-29T11:36:35.674Z","tr_1TRWPuEDnfppNFcxhNf4XlFd","CAD","","credit","69f1ed44383ce02b51217005","2026-04-29T11:36:36.023000","2026-04-29T11:36:36.023000","service_eb508f39-ce3d-4391-bb12-d4211c02ede9","false"
"talent_transfer","69e7dc7a3a00ff3f726c896b","Batch cachet — event 69e7dc7a3a00ff3f726c896b — 19.00$ → pkPYEQBM [Dr stripe_connect_transit]","stripe_connect_transit","69f1ed44383ce02b51217005","1900","69f1ecd7ebd7247090fbec51","","","2026-04-29T11:36:35.674Z","tr_1TRWPuEDnfppNFcxhNf4XlFd","CAD","","debit","69f1ed434445d87e4d689a45","2026-04-29T11:36:35.829000","2026-04-29T11:36:36.184000","service_eb508f39-ce3d-4391-bb12-d4211c02ede9","false"
"talent_transfer","69d7f2a1d02b620f26748950","Batch cachet — event 69d7f2a1d02b620f26748950 — 26.03$ → cGmADTy4 [Cr stripe_balance]","stripe_balance","69f1ed40c5cbd4eea50d84e9","2603","69f1ecd7ebd7247090fbecee","","","2026-04-29T11:36:32.791Z","tr_1TRWPrEDnfppNFcx84P9MZJF","CAD","","credit","69f1ed41710d2aa343a37502","2026-04-29T11:36:33.119000","2026-04-29T11:36:33.119000","service_eb508f39-ce3d-4391-bb12-d4211c02ede9","false"
"talent_transfer","69d7f2a1d02b620f26748950","Batch cachet — event 69d7f2a1d02b620f26748950 — 26.03$ → cGmADTy4 [Dr stripe_connect_transit]","stripe_connect_transit","69f1ed41710d2aa343a37502","2603","69f1ecd7ebd7247090fbecee","","","2026-04-29T11:36:32.791Z","tr_1TRWPrEDnfppNFcx84P9MZJF","CAD","","debit","69f1ed40c5cbd4eea50d84e9","2026-04-29T11:36:32.933000","2026-04-29T11:36:33.302000","service_eb508f39-ce3d-4391-bb12-d4211c02ede9","false"
"talent_transfer","69d7b8e23d9e3c5cae2ce9b6","Batch cachet — event 69d7b8e23d9e3c5cae2ce9b6 — 23.75$ → cGmADTy4 [Cr stripe_balance]","stripe_balance","69f1ed3e645269a8836db1fc","2375","69f1ecd7ebd7247090fbecec","","","2026-04-29T11:36:30.205Z","tr_1TRWPoEDnfppNFcxd2TfKCXA","CAD","","credit","69f1ed3e47efb7407c942d16","2026-04-29T11:36:30.550000","2026-04-29T11:36:30.550000","service_eb508f39-ce3d-4391-bb12-d4211c02ede9","false"
"talent_transfer","69d7b8e23d9e3c5cae2ce9b6","Batch cachet — event 69d7b8e23d9e3c5cae2ce9b6 — 23.75$ → cGmADTy4 [Dr stripe_connect_transit]","stripe_connect_transit","69f1ed3e47efb7407c942d16","2375","69f1ecd7ebd7247090fbecec","","","2026-04-29T11:36:30.205Z","tr_1TRWPoEDnfppNFcxd2TfKCXA","CAD","","debit","69f1ed3e645269a8836db1fc","2026-04-29T11:36:30.374000","2026-04-29T11:36:30.775000","service_eb508f39-ce3d-4391-bb12-d4211c02ede9","false"
"talent_transfer","69d7a155a2d79a27145730f6","Batch cachet — event 69d7a155a2d79a27145730f6 — 205.39$ → cGmADTy4 [Cr stripe_balance]","stripe_balance","69f1ed3bca569b078ee810a5","20539","69f1ecd7ebd7247090fbecea","","","2026-04-29T11:36:27.331Z","tr_1TRWPmEDnfppNFcxa6Vl96az","CAD","","credit","69f1ed3b8af67c98e81029c8","2026-04-29T11:36:27.630000","2026-04-29T11:36:27.630000","service_eb508f39-ce3d-4391-bb12-d4211c02ede9","false"
"talent_transfer","69d7a155a2d79a27145730f6","Batch cachet — event 69d7a155a2d79a27145730f6 — 205.39$ → cGmADTy4 [Dr stripe_connect_transit]","stripe_connect_transit","69f1ed3b8af67c98e81029c8","20539","69f1ecd7ebd7247090fbecea","","","2026-04-29T11:36:27.331Z","tr_1TRWPmEDnfppNFcxa6Vl96az","CAD","","debit","69f1ed3bca569b078ee810a5","2026-04-29T11:36:27.459000","2026-04-29T11:36:27.790000","service_eb508f39-ce3d-4391-bb12-d4211c02ede9","false"
"talent_transfer","69eb54a1a9707a51c042eaff","Batch cachet — event 69eb54a1a9707a51c042eaff — 376.00$ → pkPYEQBM [Cr stripe_balance]","stripe_balance","69f1ed39645269a8836db1fb","37600","69f1ecd7ebd7247090fbed04","","","2026-04-29T11:36:24.922Z","tr_1TRWPjEDnfppNFcxNFXTTMgq","CAD","","credit","69f1ed39ce8dcfbb8aad0551","2026-04-29T11:36:25.269000","2026-04-29T11:36:25.269000","service_eb508f39-ce3d-4391-bb12-d4211c02ede9","false"
"talent_transfer","69eb54a1a9707a51c042eaff","Batch cachet — event 69eb54a1a9707a51c042eaff — 376.00$ → pkPYEQBM [Dr stripe_connect_transit]","stripe_connect_transit","69f1ed39ce8dcfbb8aad0551","37600","69f1ecd7ebd7247090fbed04","","","2026-04-29T11:36:24.922Z","tr_1TRWPjEDnfppNFcxNFXTTMgq","CAD","","debit","69f1ed39645269a8836db1fb","2026-04-29T11:36:25.082000","2026-04-29T11:36:25.431000","service_eb508f39-ce3d-4391-bb12-d4211c02ede9","false"
"talent_transfer","69eabaa014b3b229e04cd76a","Batch cachet — event 69eabaa014b3b229e04cd76a — 4.75$ → cGmADTy4 [Cr stripe_balance]","stripe_balance","69f1ed366245bfb950f0ef40","475","69f1ecd7ebd7247090fbecff","","","2026-04-29T11:36:22.347Z","tr_1TRWPhEDnfppNFcx1zqR2iF4","CAD","","credit","69f1ed36817c7b9071712388","2026-04-29T11:36:22.657000","2026-04-29T11:36:22.657000","service_eb508f39-ce3d-4391-bb12-d4211c02ede9","false"
"talent_transfer","69eabaa014b3b229e04cd76a","Batch cachet — event 69eabaa014b3b229e04cd76a — 4.75$ → cGmADTy4 [Dr stripe_connect_transit]","stripe_connect_transit","69f1ed36817c7b9071712388","475","69f1ecd7ebd7247090fbecff","","","2026-04-29T11:36:22.347Z","tr_1TRWPhEDnfppNFcx1zqR2iF4","CAD","","debit","69f1ed366245bfb950f0ef40","2026-04-29T11:36:22.471000","2026-04-29T11:36:22.817000","service_eb508f39-ce3d-4391-bb12-d4211c02ede9","false"
"talent_transfer","69eabaa014b3b229e04cd76a","Batch cachet — event 69eabaa014b3b229e04cd76a — 32.90$ → pkPYEQBM [Cr stripe_balance]","stripe_balance","69f1ed3423b6acf2937ea489","3290","69f1ecd7ebd7247090fbecfe","","","2026-04-29T11:36:19.925Z","tr_1TRWPeEDnfppNFcxFvJw88P9","CAD","","credit","69f1ed347293a93648d40a70","2026-04-29T11:36:20.265000","2026-04-29T11:36:20.265000","service_eb508f39-ce3d-4391-bb12-d4211c02ede9","false"
"talent_transfer","69eabaa014b3b229e04cd76a","Batch cachet — event 69eabaa014b3b229e04cd76a — 32.90$ → pkPYEQBM [Dr stripe_connect_transit]","stripe_connect_transit","69f1ed347293a93648d40a70","3290","69f1ecd7ebd7247090fbecfe","","","2026-04-29T11:36:19.925Z","tr_1TRWPeEDnfppNFcxFvJw88P9","CAD","","debit","69f1ed3423b6acf2937ea489","2026-04-29T11:36:20.087000","2026-04-29T11:36:20.413000","service_eb508f39-ce3d-4391-bb12-d4211c02ede9","false"
"talent_transfer","69eb6a82d3d017cfbd3e77bc","Batch cachet — event 69eb6a82d3d017cfbd3e77bc — 108.66$ → 0i1k1Kmt [Cr stripe_balance]","stripe_balance","69f1ed313b5155a36a2ecc6f","10866","69f1ecd7ebd7247090fbed5e","","","2026-04-29T11:36:17.461Z","tr_1TRWPcEDnfppNFcxfMIuhEcX","CAD","","credit","69f1ed31b66e444c4003b5f7","2026-04-29T11:36:17.760000","2026-04-29T11:36:17.760000","service_eb508f39-ce3d-4391-bb12-d4211c02ede9","false"
"talent_transfer","69eb6a82d3d017cfbd3e77bc","Batch cachet — event 69eb6a82d3d017cfbd3e77bc — 108.66$ → 0i1k1Kmt [Dr stripe_connect_transit]","stripe_connect_transit","69f1ed31b66e444c4003b5f7","10866","69f1ecd7ebd7247090fbed5e","","","2026-04-29T11:36:17.461Z","tr_1TRWPcEDnfppNFcxfMIuhEcX","CAD","","debit","69f1ed313b5155a36a2ecc6f","2026-04-29T11:36:17.581000","2026-04-29T11:36:17.938000","service_eb508f39-ce3d-4391-bb12-d4211c02ede9","false"
"talent_transfer","69eb682b9430b4c08113234d","Batch cachet — event 69eb682b9430b4c08113234d — 94.00$ → pkPYEQBM [Cr stripe_balance]","stripe_balance","69f1ed2e0f84aef380bdd6b0","9400","69f1ecd7ebd7247090fbed5b","","","2026-04-29T11:36:14.762Z","tr_1TRWPZEDnfppNFcxi6C7RcJ4","CAD","","credit","69f1ed2fd4d573efba61e3c6","2026-04-29T11:36:15.133000","2026-04-29T11:36:15.133000","service_eb508f39-ce3d-4391-bb12-d4211c02ede9","false"
"talent_transfer","69eb682b9430b4c08113234d","Batch cachet — event 69eb682b9430b4c08113234d — 94.00$ → pkPYEQBM [Dr stripe_connect_transit]","stripe_connect_transit","69f1ed2fd4d573efba61e3c6","9400","69f1ecd7ebd7247090fbed5b","","","2026-04-29T11:36:14.762Z","tr_1TRWPZEDnfppNFcxi6C7RcJ4","CAD","","debit","69f1ed2e0f84aef380bdd6b0","2026-04-29T11:36:14.942000","2026-04-29T11:36:15.336000","service_eb508f39-ce3d-4391-bb12-d4211c02ede9","false"
"talent_transfer","69ea11a48f571b434985fe92","Batch cachet — event 69ea11a48f571b434985fe92 — 159.48$ → xJkejRFm [Cr stripe_balance]","stripe_balance","69f1ed2c0d750c78350fb050","15948","69f1ecd7ebd7247090fbed59","","","2026-04-29T11:36:12.024Z","tr_1TRWPWEDnfppNFcxwKseEtZY","CAD","","credit","69f1ed2cd5968e2e2e25dc6e","2026-04-29T11:36:12.339000","2026-04-29T11:36:12.339000","service_eb508f39-ce3d-4391-bb12-d4211c02ede9","false"
"talent_transfer","69ea11a48f571b434985fe92","Batch cachet — event 69ea11a48f571b434985fe92 — 159.48$ → xJkejRFm [Dr stripe_connect_transit]","stripe_connect_transit","69f1ed2cd5968e2e2e25dc6e","15948","69f1ecd7ebd7247090fbed59","","","2026-04-29T11:36:12.024Z","tr_1TRWPWEDnfppNFcxwKseEtZY","CAD","","debit","69f1ed2c0d750c78350fb050","2026-04-29T11:36:12.160000","2026-04-29T11:36:12.511000","service_eb508f39-ce3d-4391-bb12-d4211c02ede9","false"
"talent_transfer","69de2ba8d376f0e18d386d30","Batch cachet — event 69de2ba8d376f0e18d386d30 — 249.22$ → xJkejRFm [Cr stripe_balance]","stripe_balance","69f1ed298f55bcb0db38c96b","24922","69f1ecd7ebd7247090fbed57","","","2026-04-29T11:36:09.492Z","tr_1TRWPUEDnfppNFcxgs7YbQs9","CAD","","credit","69f1ed29d4ffafac850d5d76","2026-04-29T11:36:09.829000","2026-04-29T11:36:09.829000","service_eb508f39-ce3d-4391-bb12-d4211c02ede9","false"
"talent_transfer","69de2ba8d376f0e18d386d30","Batch cachet — event 69de2ba8d376f0e18d386d30 — 249.22$ → xJkejRFm [Dr stripe_connect_transit]","stripe_connect_transit","69f1ed29d4ffafac850d5d76","24922","69f1ecd7ebd7247090fbed57","","","2026-04-29T11:36:09.492Z","tr_1TRWPUEDnfppNFcxgs7YbQs9","CAD","","debit","69f1ed298f55bcb0db38c96b","2026-04-29T11:36:09.658000","2026-04-29T11:36:09.996000","service_eb508f39-ce3d-4391-bb12-d4211c02ede9","false"
"talent_transfer","69d81648bd82e7282106ec34","Batch cachet — event 69d81648bd82e7282106ec34 — 60.04$ → cGmADTy4 [Cr stripe_balance]","stripe_balance","69f1ed2748f42d193a63c0dc","6004","69f1ecd7ebd7247090fbed55","","","2026-04-29T11:36:07.030Z","tr_1TRWPREDnfppNFcxYPuNVUro","CAD","","credit","69f1ed27180d357c7c8423c3","2026-04-29T11:36:07.322000","2026-04-29T11:36:07.322000","service_eb508f39-ce3d-4391-bb12-d4211c02ede9","false"
"talent_transfer","69d81648bd82e7282106ec34","Batch cachet — event 69d81648bd82e7282106ec34 — 60.04$ → cGmADTy4 [Dr stripe_connect_transit]","stripe_connect_transit","69f1ed27180d357c7c8423c3","6004","69f1ecd7ebd7247090fbed55","","","2026-04-29T11:36:07.030Z","tr_1TRWPREDnfppNFcxYPuNVUro","CAD","","debit","69f1ed2748f42d193a63c0dc","2026-04-29T11:36:07.166000","2026-04-29T11:36:07.481000","service_eb508f39-ce3d-4391-bb12-d4211c02ede9","false"
"talent_transfer","69d80cabe1336b871a5d61ac","Batch cachet — event 69d80cabe1336b871a5d61ac — 95.00$ → cGmADTy4 [Cr stripe_balance]","stripe_balance","69f1ed24ad977b50a24fdbe1","9500","69f1ecd7ebd7247090fbed53","","","2026-04-29T11:36:03.406Z","tr_1TRWPOEDnfppNFcx5xu7XHTu","CAD","","credit","69f1ed24bef6fdab5e966873","2026-04-29T11:36:04.866000","2026-04-29T11:36:04.866000","service_eb508f39-ce3d-4391-bb12-d4211c02ede9","false"
"talent_transfer","69d80cabe1336b871a5d61ac","Batch cachet — event 69d80cabe1336b871a5d61ac — 95.00$ → cGmADTy4 [Dr stripe_connect_transit]","stripe_connect_transit","69f1ed24bef6fdab5e966873","9500","69f1ecd7ebd7247090fbed53","","","2026-04-29T11:36:03.406Z","tr_1TRWPOEDnfppNFcx5xu7XHTu","CAD","","debit","69f1ed24ad977b50a24fdbe1","2026-04-29T11:36:04.688000","2026-04-29T11:36:05.018000","service_eb508f39-ce3d-4391-bb12-d4211c02ede9","false"
"noshow_refund_issued","69d818db1fbfe378c392bbff","No-show remboursé 14.80$ — event 69d818db1fbfe378c392bbff [Cr stripe_balance]","stripe_balance","69f15db04f49c3546dc0da63","1480","69dfa77a9eebb3febc6f7823","","","2026-04-29T01:23:59.781Z","re_3TKQ5UEDnfppNFcx0e1t2Lki","CAD","","credit","69f15db0344d97405658ff93","2026-04-29T01:24:00.304000","2026-04-29T01:24:00.304000","service_eb508f39-ce3d-4391-bb12-d4211c02ede9","false"
"noshow_refund_issued","69d818db1fbfe378c392bbff","No-show remboursé 14.80$ — event 69d818db1fbfe378c392bbff [Dr refund_liability]","refund_liability","69f15db0344d97405658ff93","1480","69dfa77a9eebb3febc6f7823","","","2026-04-29T01:23:59.781Z","re_3TKQ5UEDnfppNFcx0e1t2Lki","CAD","","debit","69f15db04f49c3546dc0da63","2026-04-29T01:24:00.100000","2026-04-29T01:24:00.554000","service_eb508f39-ce3d-4391-bb12-d4211c02ede9","false"
"commission_earned","69d8099e38661c6c0e5f15d6","Batch commission — event 69d8099e38661c6c0e5f15d6 — 3.11$ [Cr revenue_commission]","revenue_commission","69f15dac9cff9e896d81c313","311","69de474dda165615b3684ae2","","","2026-04-29T01:23:56.335Z","tr_1TRMr0EDnfppNFcx541sgtVc","CAD","","credit","69f15dac2811f06f38cf9b50","2026-04-29T01:23:56.670000","2026-04-29T01:23:56.670000","service_eb508f39-ce3d-4391-bb12-d4211c02ede9","false"
"commission_earned","69d8099e38661c6c0e5f15d6","Batch commission — event 69d8099e38661c6c0e5f15d6 — 3.11$ [Dr escrow_liability]","escrow_liability","69f15dac2811f06f38cf9b50","311","69de474dda165615b3684ae2","","","2026-04-29T01:23:56.335Z","tr_1TRMr0EDnfppNFcx541sgtVc","CAD","","debit","69f15dac9cff9e896d81c313","2026-04-29T01:23:56.473000","2026-04-29T01:23:56.851000","service_eb508f39-ce3d-4391-bb12-d4211c02ede9","false"
"talent_transfer","69d8099e38661c6c0e5f15d6","Batch cachet — event 69d8099e38661c6c0e5f15d6 — 59.09$ → cGmADTy4 [Cr stripe_balance]","stripe_balance","69f15dab41f1d7a73b584422","5909","69de474c72c198123560ac61","","","2026-04-29T01:23:55.484Z","tr_1TRMr0EDnfppNFcx541sgtVc","CAD","","credit","69f15dabd0e7403204a92d55","2026-04-29T01:23:55.777000","2026-04-29T01:23:55.777000","service_eb508f39-ce3d-4391-bb12-d4211c02ede9","false"
"talent_transfer","69d8099e38661c6c0e5f15d6","Batch cachet — event 69d8099e38661c6c0e5f15d6 — 59.09$ → cGmADTy4 [Dr stripe_connect_transit]","stripe_connect_transit","69f15dabd0e7403204a92d55","5909","69de474c72c198123560ac61","","","2026-04-29T01:23:55.484Z","tr_1TRMr0EDnfppNFcx541sgtVc","CAD","","debit","69f15dab41f1d7a73b584422","2026-04-29T01:23:55.615000","2026-04-29T01:23:55.955000","service_eb508f39-ce3d-4391-bb12-d4211c02ede9","false"
"talent_transfer","69d4226e96b1a73f25f14199","Batch cachet — event 69d4226e96b1a73f25f14199 — 17.70$ → 1nXNICVC [Cr stripe_balance]","stripe_balance","69f15da9ad8bf160e965c5b2","1770","69dfa788abb5c9b767304bf3","","","2026-04-29T01:23:52.912Z","tr_1TRMqxEDnfppNFcxOoDROZ1i","CAD","","credit","69f15da9644a2a51aef4a829","2026-04-29T01:23:53.297000","2026-04-29T01:23:53.297000","service_eb508f39-ce3d-4391-bb12-d4211c02ede9","false"
"talent_transfer","69d4226e96b1a73f25f14199","Batch cachet — event 69d4226e96b1a73f25f14199 — 17.70$ → 1nXNICVC [Dr stripe_connect_transit]","stripe_connect_transit","69f15da9644a2a51aef4a829","1770","69dfa788abb5c9b767304bf3","","","2026-04-29T01:23:52.912Z","tr_1TRMqxEDnfppNFcxOoDROZ1i","CAD","","debit","69f15da9ad8bf160e965c5b2","2026-04-29T01:23:53.053000","2026-04-29T01:23:53.501000","service_eb508f39-ce3d-4391-bb12-d4211c02ede9","false"
"commission_earned","69d4226e96b1a73f25f14199","Batch commission — event 69d4226e96b1a73f25f14199 — 6.27$ [Cr revenue_commission]","revenue_commission","69f15da6dbb2e674ee1b2bdc","627","69dfa78997907d6cb46e09e1","","","2026-04-29T01:23:50.304Z","tr_1TRMquEDnfppNFcxY13yfJqN","CAD","","credit","69f15da6d5eb45473407bfeb","2026-04-29T01:23:50.618000","2026-04-29T01:23:50.618000","service_eb508f39-ce3d-4391-bb12-d4211c02ede9","false"
"commission_earned","69d4226e96b1a73f25f14199","Batch commission — event 69d4226e96b1a73f25f14199 — 6.27$ [Dr escrow_liability]","escrow_liability","69f15da6d5eb45473407bfeb","627","69dfa78997907d6cb46e09e1","","","2026-04-29T01:23:50.304Z","tr_1TRMquEDnfppNFcxY13yfJqN","CAD","","debit","69f15da6dbb2e674ee1b2bdc","2026-04-29T01:23:50.443000","2026-04-29T01:23:50.857000","service_eb508f39-ce3d-4391-bb12-d4211c02ede9","false"
"talent_transfer","69d4226e96b1a73f25f14199","Batch cachet — event 69d4226e96b1a73f25f14199 — 46.02$ → 0i1k1Kmt [Cr stripe_balance]","stripe_balance","69f15da5608c4227fc092457","4602","69dfa788066e8f5a6b0d1a68","","","2026-04-29T01:23:49.251Z","tr_1TRMquEDnfppNFcxY13yfJqN","CAD","","credit","69f15da5344d97405658ff90","2026-04-29T01:23:49.738000","2026-04-29T01:23:49.738000","service_eb508f39-ce3d-4391-bb12-d4211c02ede9","false"
"talent_transfer","69d4226e96b1a73f25f14199","Batch cachet — event 69d4226e96b1a73f25f14199 — 46.02$ → 0i1k1Kmt [Dr stripe_connect_transit]","stripe_connect_transit","69f15da5344d97405658ff90","4602","69dfa788066e8f5a6b0d1a68","","","2026-04-29T01:23:49.251Z","tr_1TRMquEDnfppNFcxY13yfJqN","CAD","","debit","69f15da5608c4227fc092457","2026-04-29T01:23:49.429000","2026-04-29T01:23:49.935000","service_eb508f39-ce3d-4391-bb12-d4211c02ede9","false"
"talent_transfer","69cfbc0f4e0184830d625bc6","Batch cachet — event 69cfbc0f4e0184830d625bc6 — 26.58$ → AHsHT7Zs [Cr stripe_balance]","stripe_balance","69f15da2124f4a2637bf3875","2658","69e02de82b619e9162b45f07","","","2026-04-29T01:23:46.677Z","tr_1TRMqrEDnfppNFcxkzLyAIg1","CAD","","credit","69f15da2359acee525af0360","2026-04-29T01:23:46.993000","2026-04-29T01:23:46.993000","service_eb508f39-ce3d-4391-bb12-d4211c02ede9","false"
"talent_transfer","69cfbc0f4e0184830d625bc6","Batch cachet — event 69cfbc0f4e0184830d625bc6 — 26.58$ → AHsHT7Zs [Dr stripe_connect_transit]","stripe_connect_transit","69f15da2359acee525af0360","2658","69e02de82b619e9162b45f07","","","2026-04-29T01:23:46.677Z","tr_1TRMqrEDnfppNFcxkzLyAIg1","CAD","","debit","69f15da2124f4a2637bf3875","2026-04-29T01:23:46.823000","2026-04-29T01:23:47.162000","service_eb508f39-ce3d-4391-bb12-d4211c02ede9","false"
"commission_earned","69cfbc0f4e0184830d625bc6","Batch commission — event 69cfbc0f4e0184830d625bc6 — 3.02$ [Cr revenue_commission]","revenue_commission","69f15da0c01c68a30d9372bb","302","69e02de9efccc8fec2db6adf","","","2026-04-29T01:23:44.092Z","tr_1TRMqoEDnfppNFcxzGWwzIPd","CAD","","credit","69f15da0a32cca5812bd0c9d","2026-04-29T01:23:44.414000","2026-04-29T01:23:44.414000","service_eb508f39-ce3d-4391-bb12-d4211c02ede9","false"
"commission_earned","69cfbc0f4e0184830d625bc6","Batch commission — event 69cfbc0f4e0184830d625bc6 — 3.02$ [Dr escrow_liability]","escrow_liability","69f15da0a32cca5812bd0c9d","302","69e02de9efccc8fec2db6adf","","","2026-04-29T01:23:44.092Z","tr_1TRMqoEDnfppNFcxzGWwzIPd","CAD","","debit","69f15da0c01c68a30d9372bb","2026-04-29T01:23:44.245000","2026-04-29T01:23:44.577000","service_eb508f39-ce3d-4391-bb12-d4211c02ede9","false"
"talent_transfer","69cfbc0f4e0184830d625bc6","Batch cachet — event 69cfbc0f4e0184830d625bc6 — 22.18$ → cGmADTy4 [Cr stripe_balance]","stripe_balance","69f15d9f450e02bb094fb06b","2218","69e02de8c65b08e3921de3ea","","","2026-04-29T01:23:43.176Z","tr_1TRMqoEDnfppNFcxzGWwzIPd","CAD","","credit","69f15d9fc76d30d811942836","2026-04-29T01:23:43.504000","2026-04-29T01:23:43.504000","service_eb508f39-ce3d-4391-bb12-d4211c02ede9","false"
"talent_transfer","69cfbc0f4e0184830d625bc6","Batch cachet — event 69cfbc0f4e0184830d625bc6 — 22.18$ → cGmADTy4 [Dr stripe_connect_transit]","stripe_connect_transit","69f15d9fc76d30d811942836","2218","69e02de8c65b08e3921de3ea","","","2026-04-29T01:23:43.176Z","tr_1TRMqoEDnfppNFcxzGWwzIPd","CAD","","debit","69f15d9f450e02bb094fb06b","2026-04-29T01:23:43.348000","2026-04-29T01:23:43.691000","service_eb508f39-ce3d-4391-bb12-d4211c02ede9","false"
"commission_earned","69cfa07a4dea6c931cb1e656","Batch commission — event 69cfa07a4dea6c931cb1e656 — 18.24$ [Cr revenue_commission]","revenue_commission","69f15d9cd9626216b9d6a1ae","1824","69e02dede11ec1ec3d150cd9","","","2026-04-29T01:23:40.594Z","tr_1TRMqkEDnfppNFcxhXXbUXDH","CAD","","credit","69f15d9c289d20124880c913","2026-04-29T01:23:40.954000","2026-04-29T01:23:40.954000","service_eb508f39-ce3d-4391-bb12-d4211c02ede9","false"
"commission_earned","69cfa07a4dea6c931cb1e656","Batch commission — event 69cfa07a4dea6c931cb1e656 — 18.24$ [Dr escrow_liability]","escrow_liability","69f15d9c289d20124880c913","1824","69e02dede11ec1ec3d150cd9","","","2026-04-29T01:23:40.594Z","tr_1TRMqkEDnfppNFcxhXXbUXDH","CAD","","debit","69f15d9cd9626216b9d6a1ae","2026-04-29T01:23:40.724000","2026-04-29T01:23:41.137000","service_eb508f39-ce3d-4391-bb12-d4211c02ede9","false"
"talent_transfer","69cfa07a4dea6c931cb1e656","Batch cachet — event 69cfa07a4dea6c931cb1e656 — 141.76$ → AHsHT7Zs [Cr stripe_balance]","stripe_balance","69f15d9b79760a5105fc52dc","14176","69e02ded14eca488f9c89e38","","","2026-04-29T01:23:39.326Z","tr_1TRMqkEDnfppNFcxhXXbUXDH","CAD","","credit","69f15d9b8ed7cb23e8db11d3","2026-04-29T01:23:39.950000","2026-04-29T01:23:39.950000","service_eb508f39-ce3d-4391-bb12-d4211c02ede9","false"
"talent_transfer","69cfa07a4dea6c931cb1e656","Batch cachet — event 69cfa07a4dea6c931cb1e656 — 141.76$ → AHsHT7Zs [Dr stripe_connect_transit]","stripe_connect_transit","69f15d9b8ed7cb23e8db11d3","14176","69e02ded14eca488f9c89e38","","","2026-04-29T01:23:39.326Z","tr_1TRMqkEDnfppNFcxhXXbUXDH","CAD","","debit","69f15d9b79760a5105fc52dc","2026-04-29T01:23:39.552000","2026-04-29T01:23:40.135000","service_eb508f39-ce3d-4391-bb12-d4211c02ede9","false"
"commission_earned","69cf9d7d709ea130c9d9bba0","Batch commission — event 69cf9d7d709ea130c9d9bba0 — 1.37$ [Cr revenue_commission]","revenue_commission","69f15d98d8cb469586ab9397","137","69e02df1f80337bfebd14f4e","","","2026-04-29T01:23:36.799Z","tr_1TRMqgEDnfppNFcxOxuTVzrZ","CAD","","credit","69f15d9991b06469cc301aaf","2026-04-29T01:23:37.112000","2026-04-29T01:23:37.112000","service_eb508f39-ce3d-4391-bb12-d4211c02ede9","false"
"commission_earned","69cf9d7d709ea130c9d9bba0","Batch commission — event 69cf9d7d709ea130c9d9bba0 — 1.37$ [Dr escrow_liability]","escrow_liability","69f15d9991b06469cc301aaf","137","69e02df1f80337bfebd14f4e","","","2026-04-29T01:23:36.799Z","tr_1TRMqgEDnfppNFcxOxuTVzrZ","CAD","","debit","69f15d98d8cb469586ab9397","2026-04-29T01:23:36.927000","2026-04-29T01:23:37.333000","service_eb508f39-ce3d-4391-bb12-d4211c02ede9","false"
"talent_transfer","69cf9d7d709ea130c9d9bba0","Batch cachet — event 69cf9d7d709ea130c9d9bba0 — 10.63$ → AHsHT7Zs [Cr stripe_balance]","stripe_balance","69f15d9884b2b2fad2070b35","1063","69e02df1f6880c9d42cceb3e","","","2026-04-29T01:23:35.909Z","tr_1TRMqgEDnfppNFcxOxuTVzrZ","CAD","","credit","69f15d98006d45e8b0e4670d","2026-04-29T01:23:36.239000","2026-04-29T01:23:36.239000","service_eb508f39-ce3d-4391-bb12-d4211c02ede9","false"
"talent_transfer","69cf9d7d709ea130c9d9bba0","Batch cachet — event 69cf9d7d709ea130c9d9bba0 — 10.63$ → AHsHT7Zs [Dr stripe_connect_transit]","stripe_connect_transit","69f15d98006d45e8b0e4670d","1063","69e02df1f6880c9d42cceb3e","","","2026-04-29T01:23:35.909Z","tr_1TRMqgEDnfppNFcxOxuTVzrZ","CAD","","debit","69f15d9884b2b2fad2070b35","2026-04-29T01:23:36.068000","2026-04-29T01:23:36.426000","service_eb508f39-ce3d-4391-bb12-d4211c02ede9","false"
"commission_earned","69cec72ffc581e93a3b2a6b4","Batch commission — event 69cec72ffc581e93a3b2a6b4 — 17.56$ [Cr revenue_commission]","revenue_commission","69f15d956e2c97cb7e9a0f29","1756","69e02df6fc1bfd5ab6f75ede","","","2026-04-29T01:23:33.156Z","tr_1TRMqcEDnfppNFcxuCxyFlvy","CAD","","credit","69f15d95682416353b88a5af","2026-04-29T01:23:33.514000","2026-04-29T01:23:33.514000","service_eb508f39-ce3d-4391-bb12-d4211c02ede9","false"
"commission_earned","69cec72ffc581e93a3b2a6b4","Batch commission — event 69cec72ffc581e93a3b2a6b4 — 17.56$ [Dr escrow_liability]","escrow_liability","69f15d95682416353b88a5af","1756","69e02df6fc1bfd5ab6f75ede","","","2026-04-29T01:23:33.156Z","tr_1TRMqcEDnfppNFcxuCxyFlvy","CAD","","debit","69f15d956e2c97cb7e9a0f29","2026-04-29T01:23:33.294000","2026-04-29T01:23:33.685000","service_eb508f39-ce3d-4391-bb12-d4211c02ede9","false"
"talent_transfer","69cec72ffc581e93a3b2a6b4","Batch cachet — event 69cec72ffc581e93a3b2a6b4 — 136.44$ → xJkejRFm [Cr stripe_balance]","stripe_balance","69f15d942e7e912b44d227c1","13644","69e02df5486732aec48f92c2","","","2026-04-29T01:23:31.928Z","tr_1TRMqcEDnfppNFcxuCxyFlvy","CAD","","credit","69f15d9441f1d7a73b5843f0","2026-04-29T01:23:32.230000","2026-04-29T01:23:32.230000","service_eb508f39-ce3d-4391-bb12-d4211c02ede9","false"
"talent_transfer","69cec72ffc581e93a3b2a6b4","Batch cachet — event 69cec72ffc581e93a3b2a6b4 — 136.44$ → xJkejRFm [Dr stripe_connect_transit]","stripe_connect_transit","69f15d9441f1d7a73b5843f0","13644","69e02df5486732aec48f92c2","","","2026-04-29T01:23:31.928Z","tr_1TRMqcEDnfppNFcxuCxyFlvy","CAD","","debit","69f15d942e7e912b44d227c1","2026-04-29T01:23:32.063000","2026-04-29T01:23:32.419000","service_eb508f39-ce3d-4391-bb12-d4211c02ede9","false"
"commission_earned","69cf1ff6dd9c08de2ebc7b47","Batch commission — event 69cf1ff6dd9c08de2ebc7b47 — 6.96$ [Cr revenue_commission]","revenue_commission","69f15d9129f528383fcc7df7","696","69e02dfaa2d78d7f1039acde","","","2026-04-29T01:23:29.235Z","tr_1TRMqZEDnfppNFcxTVhcUQVV","CAD","","credit","69f15d91bd9f9cfa4556f05c","2026-04-29T01:23:29.578000","2026-04-29T01:23:29.578000","service_eb508f39-ce3d-4391-bb12-d4211c02ede9","false"
"commission_earned","69cf1ff6dd9c08de2ebc7b47","Batch commission — event 69cf1ff6dd9c08de2ebc7b47 — 6.96$ [Dr escrow_liability]","escrow_liability","69f15d91bd9f9cfa4556f05c","696","69e02dfaa2d78d7f1039acde","","","2026-04-29T01:23:29.235Z","tr_1TRMqZEDnfppNFcxTVhcUQVV","CAD","","debit","69f15d9129f528383fcc7df7","2026-04-29T01:23:29.375000","2026-04-29T01:23:29.836000","service_eb508f39-ce3d-4391-bb12-d4211c02ede9","false"
"talent_transfer","69cf1ff6dd9c08de2ebc7b47","Batch cachet — event 69cf1ff6dd9c08de2ebc7b47 — 51.04$ → cGmADTy4 [Cr stripe_balance]","stripe_balance","69f15d90557e0a4d42988b57","5104","69e02df996f1231cb7cadde5","","","2026-04-29T01:23:28.231Z","tr_1TRMqZEDnfppNFcxTVhcUQVV","CAD","","credit","69f15d9010ff0cadc341a8c7","2026-04-29T01:23:28.566000","2026-04-29T01:23:28.566000","service_eb508f39-ce3d-4391-bb12-d4211c02ede9","false"
"talent_transfer","69cf1ff6dd9c08de2ebc7b47","Batch cachet — event 69cf1ff6dd9c08de2ebc7b47 — 51.04$ → cGmADTy4 [Dr stripe_connect_transit]","stripe_connect_transit","69f15d9010ff0cadc341a8c7","5104","69e02df996f1231cb7cadde5","","","2026-04-29T01:23:28.231Z","tr_1TRMqZEDnfppNFcxTVhcUQVV","CAD","","debit","69f15d90557e0a4d42988b57","2026-04-29T01:23:28.384000","2026-04-29T01:23:28.821000","service_eb508f39-ce3d-4391-bb12-d4211c02ede9","false"
"commission_earned","69ea38cbfecda0c9be8b840e","Batch commission — event 69ea38cbfecda0c9be8b840e — 3.75$ [Cr revenue_commission]","revenue_commission","69f12f6ab17efa6c21e84fb8","375","69eba3bf40606fb7c8d80423","","","2026-04-28T22:06:34.280Z","tr_1TRJlzEDnfppNFcxcCcfMOIC","CAD","","credit","69f12f6ab47c7b036aad5db7","2026-04-28T22:06:34.608000","2026-04-28T22:06:34.608000","service_eb508f39-ce3d-4391-bb12-d4211c02ede9","false"
"commission_earned","69ea38cbfecda0c9be8b840e","Batch commission — event 69ea38cbfecda0c9be8b840e — 3.75$ [Dr escrow_liability]","escrow_liability","69f12f6ab47c7b036aad5db7","375","69eba3bf40606fb7c8d80423","","","2026-04-28T22:06:34.280Z","tr_1TRJlzEDnfppNFcxcCcfMOIC","CAD","","debit","69f12f6ab17efa6c21e84fb8","2026-04-28T22:06:34.412000","2026-04-28T22:06:34.814000","service_eb508f39-ce3d-4391-bb12-d4211c02ede9","false"
"talent_transfer","69ea38cbfecda0c9be8b840e","Batch cachet — event 69ea38cbfecda0c9be8b840e — 71.25$ → cGmADTy4 [Cr stripe_balance]","stripe_balance","69f12f69e099066dbfe01c04","7125","69eba3beec5926213ff58fab","","","2026-04-28T22:06:33.093Z","tr_1TRJlzEDnfppNFcxcCcfMOIC","CAD","","credit","69f12f69cb8544d89e516afd","2026-04-28T22:06:33.427000","2026-04-28T22:06:33.427000","service_eb508f39-ce3d-4391-bb12-d4211c02ede9","false"
"talent_transfer","69ea38cbfecda0c9be8b840e","Batch cachet — event 69ea38cbfecda0c9be8b840e — 71.25$ → cGmADTy4 [Dr stripe_connect_transit]","stripe_connect_transit","69f12f69cb8544d89e516afd","7125","69eba3beec5926213ff58fab","","","2026-04-28T22:06:33.093Z","tr_1TRJlzEDnfppNFcxcCcfMOIC","CAD","","debit","69f12f69e099066dbfe01c04","2026-04-28T22:06:33.236000","2026-04-28T22:06:33.615000","service_eb508f39-ce3d-4391-bb12-d4211c02ede9","false"
"commission_earned","69e908ca7e1c2a2d48a8d808","Batch commission — event 69e908ca7e1c2a2d48a8d808 — 0.67$ [Cr revenue_commission]","revenue_commission","69f12f66ddaad3a8b2d56bac","67","69eba3c3d3821d927fb42645","","","2026-04-28T22:06:30.210Z","tr_1TRJlwEDnfppNFcxiJnkgnlt","CAD","","credit","69f12f6610ff0cadc3417bc4","2026-04-28T22:06:30.524000","2026-04-28T22:06:30.524000","service_eb508f39-ce3d-4391-bb12-d4211c02ede9","false"
"commission_earned","69e908ca7e1c2a2d48a8d808","Batch commission — event 69e908ca7e1c2a2d48a8d808 — 0.67$ [Dr escrow_liability]","escrow_liability","69f12f6610ff0cadc3417bc4","67","69eba3c3d3821d927fb42645","","","2026-04-28T22:06:30.210Z","tr_1TRJlwEDnfppNFcxiJnkgnlt","CAD","","debit","69f12f66ddaad3a8b2d56bac","2026-04-28T22:06:30.358000","2026-04-28T22:06:30.765000","service_eb508f39-ce3d-4391-bb12-d4211c02ede9","false"
"talent_transfer","69e908ca7e1c2a2d48a8d808","Batch cachet — event 69e908ca7e1c2a2d48a8d808 — 19.33$ → pkPYEQBM [Cr stripe_balance]","stripe_balance","69f12f65774321e814917d20","1933","69eba3c2363173e3bb356559","","","2026-04-28T22:06:29.339Z","tr_1TRJlwEDnfppNFcxiJnkgnlt","CAD","","credit","69f12f65a332e7ef7f23ba69","2026-04-28T22:06:29.639000","2026-04-28T22:06:29.639000","service_eb508f39-ce3d-4391-bb12-d4211c02ede9","false"
"talent_transfer","69e908ca7e1c2a2d48a8d808","Batch cachet — event 69e908ca7e1c2a2d48a8d808 — 19.33$ → pkPYEQBM [Dr stripe_connect_transit]","stripe_connect_transit","69f12f65a332e7ef7f23ba69","1933","69eba3c2363173e3bb356559","","","2026-04-28T22:06:29.339Z","tr_1TRJlwEDnfppNFcxiJnkgnlt","CAD","","debit","69f12f65774321e814917d20","2026-04-28T22:06:29.467000","2026-04-28T22:06:29.813000","service_eb508f39-ce3d-4391-bb12-d4211c02ede9","false"
"commission_earned","69cfd8b99f67e47c4e9c7991","Batch commission — event 69cfd8b99f67e47c4e9c7991 — 2.05$ [Cr revenue_commission]","revenue_commission","69eb9eb98766dd8cb259ad9c","205","69dfa796033eeeee149fe70f","","","2026-04-24T16:47:52.820Z","tr_1TPmtOEDnfppNFcxNPjclUXA","CAD","","credit","69eb9eb933fae4b19e022115","2026-04-24T16:47:53.225000","2026-04-24T16:47:53.225000","service_eb508f39-ce3d-4391-bb12-d4211c02ede9","false"
"commission_earned","69cfd8b99f67e47c4e9c7991","Batch commission — event 69cfd8b99f67e47c4e9c7991 — 2.05$ [Dr escrow_liability]","escrow_liability","69eb9eb933fae4b19e022115","205","69dfa796033eeeee149fe70f","","","2026-04-24T16:47:52.820Z","tr_1TPmtOEDnfppNFcxNPjclUXA","CAD","","debit","69eb9eb98766dd8cb259ad9c","2026-04-24T16:47:53.016000","2026-04-24T16:47:53.451000","service_eb508f39-ce3d-4391-bb12-d4211c02ede9","false"
"talent_transfer","69cfd8b99f67e47c4e9c7991","Batch cachet — event 69cfd8b99f67e47c4e9c7991 — 15.95$ → AHsHT7Zs [Cr stripe_balance]","stripe_balance","69eb9eb75ab3f323ca05d1c6","1595","69dfa796c31d4e99dc9c0c62","","","2026-04-24T16:47:51.792Z","tr_1TPmtOEDnfppNFcxNPjclUXA","CAD","","credit","69eb9eb8a93a28a1d7f1fefb","2026-04-24T16:47:52.139000","2026-04-24T16:47:52.139000","service_eb508f39-ce3d-4391-bb12-d4211c02ede9","false"
"talent_transfer","69cfd8b99f67e47c4e9c7991","Batch cachet — event 69cfd8b99f67e47c4e9c7991 — 15.95$ → AHsHT7Zs [Dr stripe_connect_transit]","stripe_connect_transit","69eb9eb8a93a28a1d7f1fefb","1595","69dfa796c31d4e99dc9c0c62","","","2026-04-24T16:47:51.792Z","tr_1TPmtOEDnfppNFcxNPjclUXA","CAD","","debit","69eb9eb75ab3f323ca05d1c6","2026-04-24T16:47:51.930000","2026-04-24T16:47:52.350000","service_eb508f39-ce3d-4391-bb12-d4211c02ede9","false"
"commission_earned","69e9f68a8934e1f22b3ef8c3","Batch commission — event 69e9f68a8934e1f22b3ef8c3 — 1.67$ [Cr revenue_commission]","revenue_commission","69eb8d43b2cfa1f8d5491ba6","167","69eb69762c6f4bf8cf6344c9","","","2026-04-24T15:33:22.935Z","tr_1TPljIEDnfppNFcx6oP7kQve","CAD","","credit","69eb8d43e3faed88aebdc1e5","2026-04-24T15:33:23.314000","2026-04-24T15:33:23.314000","service_eb508f39-ce3d-4391-bb12-d4211c02ede9","false"
"commission_earned","69e9f68a8934e1f22b3ef8c3","Batch commission — event 69e9f68a8934e1f22b3ef8c3 — 1.67$ [Dr escrow_liability]","escrow_liability","69eb8d43e3faed88aebdc1e5","167","69eb69762c6f4bf8cf6344c9","","","2026-04-24T15:33:22.935Z","tr_1TPljIEDnfppNFcx6oP7kQve","CAD","","debit","69eb8d43b2cfa1f8d5491ba6","2026-04-24T15:33:23.113000","2026-04-24T15:33:23.520000","service_eb508f39-ce3d-4391-bb12-d4211c02ede9","false"
"talent_transfer","69e9f68a8934e1f22b3ef8c3","Batch cachet — event 69e9f68a8934e1f22b3ef8c3 — 171.00$ → cGmADTy4 [Cr stripe_balance]","stripe_balance","69eb8d417591ba90e7aea6bf","17100","69eb697583e2cadfe7011b1d","","","2026-04-24T15:33:21.646Z","tr_1TPljIEDnfppNFcx6oP7kQve","CAD","","credit","69eb8d4224e0c70f9e75b7a8","2026-04-24T15:33:22.232000","2026-04-24T15:33:22.232000","service_eb508f39-ce3d-4391-bb12-d4211c02ede9","false"
"talent_transfer","69e9f68a8934e1f22b3ef8c3","Batch cachet — event 69e9f68a8934e1f22b3ef8c3 — 171.00$ → cGmADTy4 [Dr stripe_connect_transit]","stripe_connect_transit","69eb8d4224e0c70f9e75b7a8","17100","69eb697583e2cadfe7011b1d","","","2026-04-24T15:33:21.646Z","tr_1TPljIEDnfppNFcx6oP7kQve","CAD","","debit","69eb8d417591ba90e7aea6bf","2026-04-24T15:33:21.788000","2026-04-24T15:33:22.548000","service_eb508f39-ce3d-4391-bb12-d4211c02ede9","false"
"commission_earned","69e9f68a8934e1f22b3ef8c3","Batch commission — event 69e9f68a8934e1f22b3ef8c3 — 1.67$ [Cr revenue_commission]","revenue_commission","69eb8d3ef92240d31968d15b","167","69eb69762c6f4bf8cf6344c9","","","2026-04-24T15:33:18.732Z","tr_1TPljEEDnfppNFcxpZtKK3OI","CAD","","credit","69eb8d3f7543e18a7d0cc9d6","2026-04-24T15:33:19.090000","2026-04-24T15:33:19.090000","service_eb508f39-ce3d-4391-bb12-d4211c02ede9","false"
"commission_earned","69e9f68a8934e1f22b3ef8c3","Batch commission — event 69e9f68a8934e1f22b3ef8c3 — 1.67$ [Dr escrow_liability]","escrow_liability","69eb8d3f7543e18a7d0cc9d6","167","69eb69762c6f4bf8cf6344c9","","","2026-04-24T15:33:18.732Z","tr_1TPljEEDnfppNFcxpZtKK3OI","CAD","","debit","69eb8d3ef92240d31968d15b","2026-04-24T15:33:18.889000","2026-04-24T15:33:19.369000","service_eb508f39-ce3d-4391-bb12-d4211c02ede9","false"
"talent_transfer","69e9f68a8934e1f22b3ef8c3","Batch cachet — event 69e9f68a8934e1f22b3ef8c3 — 48.33$ → pkPYEQBM [Cr stripe_balance]","stripe_balance","69eb8d3d135f7632cc6859d9","4833","69eb6975759a2b113dd18a47","","","2026-04-24T15:33:17.557Z","tr_1TPljEEDnfppNFcxpZtKK3OI","CAD","","credit","69eb8d3e0a0de580996535d8","2026-04-24T15:33:18.004000","2026-04-24T15:33:18.004000","service_eb508f39-ce3d-4391-bb12-d4211c02ede9","false"
"talent_transfer","69e9f68a8934e1f22b3ef8c3","Batch cachet — event 69e9f68a8934e1f22b3ef8c3 — 48.33$ → pkPYEQBM [Dr stripe_connect_transit]","stripe_connect_transit","69eb8d3e0a0de580996535d8","4833","69eb6975759a2b113dd18a47","","","2026-04-24T15:33:17.557Z","tr_1TPljEEDnfppNFcxpZtKK3OI","CAD","","debit","69eb8d3d135f7632cc6859d9","2026-04-24T15:33:17.756000","2026-04-24T15:33:18.199000","service_eb508f39-ce3d-4391-bb12-d4211c02ede9","false"
"commission_earned","69e9827931502e7066e9d642","Batch commission — event 69e9827931502e7066e9d642 — 9.00$ [Cr revenue_commission]","revenue_commission","69eb8d3a873e9930fca97c23","900","69eb697a4dfbec05dd50cb11","","","2026-04-24T15:33:14.243Z","tr_1TPlj9EDnfppNFcxwwat0LWk","CAD","","credit","69eb8d3a21ce106c30fd091d","2026-04-24T15:33:14.733000","2026-04-24T15:33:14.733000","service_eb508f39-ce3d-4391-bb12-d4211c02ede9","false"
"commission_earned","69e9827931502e7066e9d642","Batch commission — event 69e9827931502e7066e9d642 — 9.00$ [Dr escrow_liability]","escrow_liability","69eb8d3a21ce106c30fd091d","900","69eb697a4dfbec05dd50cb11","","","2026-04-24T15:33:14.243Z","tr_1TPlj9EDnfppNFcxwwat0LWk","CAD","","debit","69eb8d3a873e9930fca97c23","2026-04-24T15:33:14.463000","2026-04-24T15:33:14.995000","service_eb508f39-ce3d-4391-bb12-d4211c02ede9","false"
"talent_transfer","69e9827931502e7066e9d642","Batch cachet — event 69e9827931502e7066e9d642 — 171.00$ → cGmADTy4 [Cr stripe_balance]","stripe_balance","69eb8d39deb41dd77780bfb4","17100","69eb6979c854f0384ab35509","","","2026-04-24T15:33:13.029Z","tr_1TPlj9EDnfppNFcxwwat0LWk","CAD","","credit","69eb8d39fb2bf26bd6801815","2026-04-24T15:33:13.507000","2026-04-24T15:33:13.507000","service_eb508f39-ce3d-4391-bb12-d4211c02ede9","false"
"talent_transfer","69e9827931502e7066e9d642","Batch cachet — event 69e9827931502e7066e9d642 — 171.00$ → cGmADTy4 [Dr stripe_connect_transit]","stripe_connect_transit","69eb8d39fb2bf26bd6801815","17100","69eb6979c854f0384ab35509","","","2026-04-24T15:33:13.029Z","tr_1TPlj9EDnfppNFcxwwat0LWk","CAD","","debit","69eb8d39deb41dd77780bfb4","2026-04-24T15:33:13.248000","2026-04-24T15:33:13.768000","service_eb508f39-ce3d-4391-bb12-d4211c02ede9","false"
"commission_earned","69e79b7937a994e48dee53ca","Batch commission — event 69e79b7937a994e48dee53ca — 1.43$ [Cr revenue_commission]","revenue_commission","69eb8d35926d0107d2882cca","143","69eb697f46c03ab012a439e9","","","2026-04-24T15:33:09.760Z","tr_1TPlj4EDnfppNFcxPHF7P2mi","CAD","","credit","69eb8d3672be1d69f0059b66","2026-04-24T15:33:10.069000","2026-04-24T15:33:10.069000","service_eb508f39-ce3d-4391-bb12-d4211c02ede9","false"
"commission_earned","69e79b7937a994e48dee53ca","Batch commission — event 69e79b7937a994e48dee53ca — 1.43$ [Dr escrow_liability]","escrow_liability","69eb8d3672be1d69f0059b66","143","69eb697f46c03ab012a439e9","","","2026-04-24T15:33:09.760Z","tr_1TPlj4EDnfppNFcxPHF7P2mi","CAD","","debit","69eb8d35926d0107d2882cca","2026-04-24T15:33:09.897000","2026-04-24T15:33:10.259000","service_eb508f39-ce3d-4391-bb12-d4211c02ede9","false"
"talent_transfer","69e79b7937a994e48dee53ca","Batch cachet — event 69e79b7937a994e48dee53ca — 17.36$ → MmYk8UPo [Cr stripe_balance]","stripe_balance","69eb8d343a9f0111a188b573","1736","69eb697fe48d528a426c9995","","","2026-04-24T15:33:08.460Z","tr_1TPlj4EDnfppNFcxPHF7P2mi","CAD","","credit","69eb8d346e6a039f39ea0125","2026-04-24T15:33:08.842000","2026-04-24T15:33:08.842000","service_eb508f39-ce3d-4391-bb12-d4211c02ede9","false"
"talent_transfer","69e79b7937a994e48dee53ca","Batch cachet — event 69e79b7937a994e48dee53ca — 17.36$ → MmYk8UPo [Dr stripe_connect_transit]","stripe_connect_transit","69eb8d346e6a039f39ea0125","1736","69eb697fe48d528a426c9995","","","2026-04-24T15:33:08.460Z","tr_1TPlj4EDnfppNFcxPHF7P2mi","CAD","","debit","69eb8d343a9f0111a188b573","2026-04-24T15:33:08.638000","2026-04-24T15:33:09.085000","service_eb508f39-ce3d-4391-bb12-d4211c02ede9","false"
"commission_earned","69e79b7937a994e48dee53ca","Batch commission — event 69e79b7937a994e48dee53ca — 1.43$ [Cr revenue_commission]","revenue_commission","69eb8d306e6a039f39ea0123","143","69eb697f46c03ab012a439e9","","","2026-04-24T15:33:03.470Z","tr_1TPlizEDnfppNFcxwZ4PmCqi","CAD","","credit","69eb8d3137133ec450599caa","2026-04-24T15:33:05.228000","2026-04-24T15:33:05.228000","service_eb508f39-ce3d-4391-bb12-d4211c02ede9","false"
"commission_earned","69e79b7937a994e48dee53ca","Batch commission — event 69e79b7937a994e48dee53ca — 1.43$ [Dr escrow_liability]","escrow_liability","69eb8d3137133ec450599caa","143","69eb697f46c03ab012a439e9","","","2026-04-24T15:33:03.470Z","tr_1TPlizEDnfppNFcxwZ4PmCqi","CAD","","debit","69eb8d306e6a039f39ea0123","2026-04-24T15:33:04.781000","2026-04-24T15:33:05.424000","service_eb508f39-ce3d-4391-bb12-d4211c02ede9","false"
"talent_transfer","69e79b7937a994e48dee53ca","Batch cachet — event 69e79b7937a994e48dee53ca — 23.57$ → pkPYEQBM [Cr stripe_balance]","stripe_balance","69eb8d2e51b13242779ed93a","2357","69eb697f14db8cd59a0c3e53","","","2026-04-24T15:33:02.457Z","tr_1TPlizEDnfppNFcxwZ4PmCqi","CAD","","credit","69eb8d2ea600a29316f785ce","2026-04-24T15:33:02.848000","2026-04-24T15:33:02.848000","service_eb508f39-ce3d-4391-bb12-d4211c02ede9","false"
"talent_transfer","69e79b7937a994e48dee53ca","Batch cachet — event 69e79b7937a994e48dee53ca — 23.57$ → pkPYEQBM [Dr stripe_connect_transit]","stripe_connect_transit","69eb8d2ea600a29316f785ce","2357","69eb697f14db8cd59a0c3e53","","","2026-04-24T15:33:02.457Z","tr_1TPlizEDnfppNFcxwZ4PmCqi","CAD","","debit","69eb8d2e51b13242779ed93a","2026-04-24T15:33:02.611000","2026-04-24T15:33:03.043000","service_eb508f39-ce3d-4391-bb12-d4211c02ede9","false"
"commission_earned","69e97d4b55f24e6ae443e816","Batch commission — event 69e97d4b55f24e6ae443e816 — 7.92$ [Cr revenue_commission]","revenue_commission","69eb8d2bda86f5181fa965b0","792","69eb698468f62886626d5823","","","2026-04-24T15:32:59.483Z","tr_1TPlivEDnfppNFcxPXz2D8NP","CAD","","credit","69eb8d2b797f74ad85e3cf62","2026-04-24T15:32:59.888000","2026-04-24T15:32:59.888000","service_eb508f39-ce3d-4391-bb12-d4211c02ede9","false"
"commission_earned","69e97d4b55f24e6ae443e816","Batch commission — event 69e97d4b55f24e6ae443e816 — 7.92$ [Dr escrow_liability]","escrow_liability","69eb8d2b797f74ad85e3cf62","792","69eb698468f62886626d5823","","","2026-04-24T15:32:59.483Z","tr_1TPlivEDnfppNFcxPXz2D8NP","CAD","","debit","69eb8d2bda86f5181fa965b0","2026-04-24T15:32:59.655000","2026-04-24T15:33:00.131000","service_eb508f39-ce3d-4391-bb12-d4211c02ede9","false"
"talent_transfer","69e97d4b55f24e6ae443e816","Batch cachet — event 69e97d4b55f24e6ae443e816 — 76.00$ → cGmADTy4 [Cr stripe_balance]","stripe_balance","69eb8d2abf38e60b6120ce65","7600","69eb698457ebadfd139c5f0a","","","2026-04-24T15:32:58.347Z","tr_1TPlivEDnfppNFcxPXz2D8NP","CAD","","credit","69eb8d2a5dc97f5ca9c003f5","2026-04-24T15:32:58.811000","2026-04-24T15:32:58.811000","service_eb508f39-ce3d-4391-bb12-d4211c02ede9","false"
"talent_transfer","69e97d4b55f24e6ae443e816","Batch cachet — event 69e97d4b55f24e6ae443e816 — 76.00$ → cGmADTy4 [Dr stripe_connect_transit]","stripe_connect_transit","69eb8d2a5dc97f5ca9c003f5","7600","69eb698457ebadfd139c5f0a","","","2026-04-24T15:32:58.347Z","tr_1TPlivEDnfppNFcxPXz2D8NP","CAD","","debit","69eb8d2abf38e60b6120ce65","2026-04-24T15:32:58.542000","2026-04-24T15:32:59.048000","service_eb508f39-ce3d-4391-bb12-d4211c02ede9","false"
"commission_earned","69e97d4b55f24e6ae443e816","Batch commission — event 69e97d4b55f24e6ae443e816 — 7.92$ [Cr revenue_commission]","revenue_commission","69eb8d2715f9ab411c070685","792","69eb698468f62886626d5823","","","2026-04-24T15:32:55.240Z","tr_1TPliqEDnfppNFcxUVvX5NxD","CAD","","credit","69eb8d270eac6eab96096799","2026-04-24T15:32:55.588000","2026-04-24T15:32:55.588000","service_eb508f39-ce3d-4391-bb12-d4211c02ede9","false"
"commission_earned","69e97d4b55f24e6ae443e816","Batch commission — event 69e97d4b55f24e6ae443e816 — 7.92$ [Dr escrow_liability]","escrow_liability","69eb8d270eac6eab96096799","792","69eb698468f62886626d5823","","","2026-04-24T15:32:55.240Z","tr_1TPliqEDnfppNFcxUVvX5NxD","CAD","","debit","69eb8d2715f9ab411c070685","2026-04-24T15:32:55.385000","2026-04-24T15:32:55.823000","service_eb508f39-ce3d-4391-bb12-d4211c02ede9","false"
"talent_transfer","69e97d4b55f24e6ae443e816","Batch cachet — event 69e97d4b55f24e6ae443e816 — 52.08$ → MmYk8UPo [Cr stripe_balance]","stripe_balance","69eb8d26c6caa05f5dd5f74c","5208","69eb6984f460ddc7e03be7b6","","","2026-04-24T15:32:54.183Z","tr_1TPliqEDnfppNFcxUVvX5NxD","CAD","","credit","69eb8d26f2b4cb132ea75064","2026-04-24T15:32:54.613000","2026-04-24T15:32:54.613000","service_eb508f39-ce3d-4391-bb12-d4211c02ede9","false"
"talent_transfer","69e97d4b55f24e6ae443e816","Batch cachet — event 69e97d4b55f24e6ae443e816 — 52.08$ → MmYk8UPo [Dr stripe_connect_transit]","stripe_connect_transit","69eb8d26f2b4cb132ea75064","5208","69eb6984f460ddc7e03be7b6","","","2026-04-24T15:32:54.183Z","tr_1TPliqEDnfppNFcxUVvX5NxD","CAD","","debit","69eb8d26c6caa05f5dd5f74c","2026-04-24T15:32:54.400000","2026-04-24T15:32:54.818000","service_eb508f39-ce3d-4391-bb12-d4211c02ede9","false"
"commission_earned","69e7cd5b37d2d78827c5a490","Batch commission — event 69e7cd5b37d2d78827c5a490 — 2.76$ [Cr revenue_commission]","revenue_commission","69eb8d23b9f90a9c1b0ee400","276","69eb698a35cd8ca4137c4e72","","","2026-04-24T15:32:51.286Z","tr_1TPlimEDnfppNFcxnFWurbXU","CAD","","credit","69eb8d238802cf58e731095d","2026-04-24T15:32:51.791000","2026-04-24T15:32:51.791000","service_eb508f39-ce3d-4391-bb12-d4211c02ede9","false"
"commission_earned","69e7cd5b37d2d78827c5a490","Batch commission — event 69e7cd5b37d2d78827c5a490 — 2.76$ [Dr escrow_liability]","escrow_liability","69eb8d238802cf58e731095d","276","69eb698a35cd8ca4137c4e72","","","2026-04-24T15:32:51.286Z","tr_1TPlimEDnfppNFcxnFWurbXU","CAD","","debit","69eb8d23b9f90a9c1b0ee400","2026-04-24T15:32:51.566000","2026-04-24T15:32:51.990000","service_eb508f39-ce3d-4391-bb12-d4211c02ede9","false"
"talent_transfer","69e7cd5b37d2d78827c5a490","Batch cachet — event 69e7cd5b37d2d78827c5a490 — 17.24$ → MmYk8UPo [Cr stripe_balance]","stripe_balance","69eb8d220d99adb1c0f25884","1724","69eb698a02480ab0274fa7a4","","","2026-04-24T15:32:49.872Z","tr_1TPlimEDnfppNFcxnFWurbXU","CAD","","credit","69eb8d22b80826bf61d17c6b","2026-04-24T15:32:50.623000","2026-04-24T15:32:50.623000","service_eb508f39-ce3d-4391-bb12-d4211c02ede9","false"
"talent_transfer","69e7cd5b37d2d78827c5a490","Batch cachet — event 69e7cd5b37d2d78827c5a490 — 17.24$ → MmYk8UPo [Dr stripe_connect_transit]","stripe_connect_transit","69eb8d22b80826bf61d17c6b","1724","69eb698a02480ab0274fa7a4","","","2026-04-24T15:32:49.872Z","tr_1TPlimEDnfppNFcxnFWurbXU","CAD","","debit","69eb8d220d99adb1c0f25884","2026-04-24T15:32:50.245000","2026-04-24T15:32:50.838000","service_eb508f39-ce3d-4391-bb12-d4211c02ede9","false"
"commission_earned","69e943216c09c49fe424336a","Batch commission — event 69e943216c09c49fe424336a — 2.00$ [Cr revenue_commission]","revenue_commission","69eb8d1f640bec1f8ca1166c","200","69eb698e0af8157fc0ec5397","","","2026-04-24T15:32:47.156Z","tr_1TPliiEDnfppNFcxxykjrfCC","CAD","","credit","69eb8d1f2c95803ea599ca54","2026-04-24T15:32:47.528000","2026-04-24T15:32:47.528000","service_eb508f39-ce3d-4391-bb12-d4211c02ede9","false"
"commission_earned","69e943216c09c49fe424336a","Batch commission — event 69e943216c09c49fe424336a — 2.00$ [Dr escrow_liability]","escrow_liability","69eb8d1f2c95803ea599ca54","200","69eb698e0af8157fc0ec5397","","","2026-04-24T15:32:47.156Z","tr_1TPliiEDnfppNFcxxykjrfCC","CAD","","debit","69eb8d1f640bec1f8ca1166c","2026-04-24T15:32:47.303000","2026-04-24T15:32:47.755000","service_eb508f39-ce3d-4391-bb12-d4211c02ede9","false"
"talent_transfer","69e943216c09c49fe424336a","Batch cachet — event 69e943216c09c49fe424336a — 33.00$ → pkPYEQBM [Cr stripe_balance]","stripe_balance","69eb8d1e64c6288c33c0a3d6","3300","69eb698d59dfcb66089e55b7","","","2026-04-24T15:32:45.978Z","tr_1TPliiEDnfppNFcxxykjrfCC","CAD","","credit","69eb8d1e7ea0253894b0e822","2026-04-24T15:32:46.420000","2026-04-24T15:32:46.420000","service_eb508f39-ce3d-4391-bb12-d4211c02ede9","false"
"talent_transfer","69e943216c09c49fe424336a","Batch cachet — event 69e943216c09c49fe424336a — 33.00$ → pkPYEQBM [Dr stripe_connect_transit]","stripe_connect_transit","69eb8d1e7ea0253894b0e822","3300","69eb698d59dfcb66089e55b7","","","2026-04-24T15:32:45.978Z","tr_1TPliiEDnfppNFcxxykjrfCC","CAD","","debit","69eb8d1e64c6288c33c0a3d6","2026-04-24T15:32:46.176000","2026-04-24T15:32:46.692000","service_eb508f39-ce3d-4391-bb12-d4211c02ede9","false"
"commission_earned","69e943216c09c49fe424336a","Batch commission — event 69e943216c09c49fe424336a — 2.00$ [Cr revenue_commission]","revenue_commission","69eb8d1ba771b6842446b342","200","69eb698e0af8157fc0ec5397","","","2026-04-24T15:32:43.027Z","tr_1TPlieEDnfppNFcxeLhXHBiV","CAD","","credit","69eb8d1bf2b4cb132ea75056","2026-04-24T15:32:43.412000","2026-04-24T15:32:43.412000","service_eb508f39-ce3d-4391-bb12-d4211c02ede9","false"
"commission_earned","69e943216c09c49fe424336a","Batch commission — event 69e943216c09c49fe424336a — 2.00$ [Dr escrow_liability]","escrow_liability","69eb8d1bf2b4cb132ea75056","200","69eb698e0af8157fc0ec5397","","","2026-04-24T15:32:43.027Z","tr_1TPlieEDnfppNFcxeLhXHBiV","CAD","","debit","69eb8d1ba771b6842446b342","2026-04-24T15:32:43.207000","2026-04-24T15:32:43.646000","service_eb508f39-ce3d-4391-bb12-d4211c02ede9","false"
"talent_transfer","69e943216c09c49fe424336a","Batch cachet — event 69e943216c09c49fe424336a — 58.00$ → pkPYEQBM [Cr stripe_balance]","stripe_balance","69eb8d1af4fad7d8487f06e4","5800","69eb698da0c2552563d95c27","","","2026-04-24T15:32:42.026Z","tr_1TPlieEDnfppNFcxeLhXHBiV","CAD","","credit","69eb8d1a6e24072b51459f9d","2026-04-24T15:32:42.395000","2026-04-24T15:32:42.395000","service_eb508f39-ce3d-4391-bb12-d4211c02ede9","false"
"talent_transfer","69e943216c09c49fe424336a","Batch cachet — event 69e943216c09c49fe424336a — 58.00$ → pkPYEQBM [Dr stripe_connect_transit]","stripe_connect_transit","69eb8d1a6e24072b51459f9d","5800","69eb698da0c2552563d95c27","","","2026-04-24T15:32:42.026Z","tr_1TPlieEDnfppNFcxeLhXHBiV","CAD","","debit","69eb8d1af4fad7d8487f06e4","2026-04-24T15:32:42.202000","2026-04-24T15:32:42.564000","service_eb508f39-ce3d-4391-bb12-d4211c02ede9","false"
"commission_earned","69e90c54b9f9412ee2f25c2e","Batch commission — event 69e90c54b9f9412ee2f25c2e — 0.83$ [Cr revenue_commission]","revenue_commission","69eb8d179c4f10212e6c232a","83","69eb699264e813c0ef341c27","","","2026-04-24T15:32:39.390Z","tr_1TPlibEDnfppNFcxGBFZQxdH","CAD","","credit","69eb8d174af7b21db34a4da0","2026-04-24T15:32:39.779000","2026-04-24T15:32:39.779000","service_eb508f39-ce3d-4391-bb12-d4211c02ede9","false"
"commission_earned","69e90c54b9f9412ee2f25c2e","Batch commission — event 69e90c54b9f9412ee2f25c2e — 0.83$ [Dr escrow_liability]","escrow_liability","69eb8d174af7b21db34a4da0","83","69eb699264e813c0ef341c27","","","2026-04-24T15:32:39.390Z","tr_1TPlibEDnfppNFcxGBFZQxdH","CAD","","debit","69eb8d179c4f10212e6c232a","2026-04-24T15:32:39.544000","2026-04-24T15:32:39.960000","service_eb508f39-ce3d-4391-bb12-d4211c02ede9","false"
"talent_transfer","69e90c54b9f9412ee2f25c2e","Batch cachet — event 69e90c54b9f9412ee2f25c2e — 24.17$ → pkPYEQBM [Cr stripe_balance]","stripe_balance","69eb8d161e7008eba37d2aef","2417","69eb69919118afbd13a42de7","","","2026-04-24T15:32:38.326Z","tr_1TPlibEDnfppNFcxGBFZQxdH","CAD","","credit","69eb8d165f7db0057d7d4bc2","2026-04-24T15:32:38.699000","2026-04-24T15:32:38.699000","service_eb508f39-ce3d-4391-bb12-d4211c02ede9","false"
"talent_transfer","69e90c54b9f9412ee2f25c2e","Batch cachet — event 69e90c54b9f9412ee2f25c2e — 24.17$ → pkPYEQBM [Dr stripe_connect_transit]","stripe_connect_transit","69eb8d165f7db0057d7d4bc2","2417","69eb69919118afbd13a42de7","","","2026-04-24T15:32:38.326Z","tr_1TPlibEDnfppNFcxGBFZQxdH","CAD","","debit","69eb8d161e7008eba37d2aef","2026-04-24T15:32:38.486000","2026-04-24T15:32:38.973000","service_eb508f39-ce3d-4391-bb12-d4211c02ede9","false"
"commission_earned","69e8fed2e9dd6272584885ea","Batch commission — event 69e8fed2e9dd6272584885ea — 2.75$ [Cr revenue_commission]","revenue_commission","69eb8d13464aef3f32d2e62a","275","69eb6996986dbec4d87e1502","","","2026-04-24T15:32:35.079Z","tr_1TPliWEDnfppNFcxKbb8Vxum","CAD","","credit","69eb8d137591ba90e7aea6ac","2026-04-24T15:32:35.493000","2026-04-24T15:32:35.493000","service_eb508f39-ce3d-4391-bb12-d4211c02ede9","false"
"commission_earned","69e8fed2e9dd6272584885ea","Batch commission — event 69e8fed2e9dd6272584885ea — 2.75$ [Dr escrow_liability]","escrow_liability","69eb8d137591ba90e7aea6ac","275","69eb6996986dbec4d87e1502","","","2026-04-24T15:32:35.079Z","tr_1TPliWEDnfppNFcxKbb8Vxum","CAD","","debit","69eb8d13464aef3f32d2e62a","2026-04-24T15:32:35.311000","2026-04-24T15:32:35.710000","service_eb508f39-ce3d-4391-bb12-d4211c02ede9","false"
"talent_transfer","69e8fed2e9dd6272584885ea","Batch cachet — event 69e8fed2e9dd6272584885ea — 111.17$ → pkPYEQBM [Cr stripe_balance]","stripe_balance","69eb8d11640bec1f8ca11665","11117","69eb6996a13b8675b9db1924","","","2026-04-24T15:32:33.763Z","tr_1TPliWEDnfppNFcxKbb8Vxum","CAD","","credit","69eb8d12134e7a159426443f","2026-04-24T15:32:34.192000","2026-04-24T15:32:34.192000","service_eb508f39-ce3d-4391-bb12-d4211c02ede9","false"
"talent_transfer","69e8fed2e9dd6272584885ea","Batch cachet — event 69e8fed2e9dd6272584885ea — 111.17$ → pkPYEQBM [Dr stripe_connect_transit]","stripe_connect_transit","69eb8d12134e7a159426443f","11117","69eb6996a13b8675b9db1924","","","2026-04-24T15:32:33.763Z","tr_1TPliWEDnfppNFcxKbb8Vxum","CAD","","debit","69eb8d11640bec1f8ca11665","2026-04-24T15:32:33.921000","2026-04-24T15:32:34.588000","service_eb508f39-ce3d-4391-bb12-d4211c02ede9","false"
"commission_earned","69e8fed2e9dd6272584885ea","Batch commission — event 69e8fed2e9dd6272584885ea — 2.75$ [Cr revenue_commission]","revenue_commission","69eb8d0fe1e033e079c5750d","275","69eb6996986dbec4d87e1502","","","2026-04-24T15:32:30.892Z","tr_1TPliREDnfppNFcxEyRDSg1G","CAD","","credit","69eb8d0fb9f90a9c1b0ee3f6","2026-04-24T15:32:31.288000","2026-04-24T15:32:31.288000","service_eb508f39-ce3d-4391-bb12-d4211c02ede9","false"
"commission_earned","69e8fed2e9dd6272584885ea","Batch commission — event 69e8fed2e9dd6272584885ea — 2.75$ [Dr escrow_liability]","escrow_liability","69eb8d0fb9f90a9c1b0ee3f6","275","69eb6996986dbec4d87e1502","","","2026-04-24T15:32:30.892Z","tr_1TPliREDnfppNFcxEyRDSg1G","CAD","","debit","69eb8d0fe1e033e079c5750d","2026-04-24T15:32:31.075000","2026-04-24T15:32:31.459000","service_eb508f39-ce3d-4391-bb12-d4211c02ede9","false"
"talent_transfer","69e8fed2e9dd6272584885ea","Batch cachet — event 69e8fed2e9dd6272584885ea — 52.25$ → cGmADTy4 [Cr stripe_balance]","stripe_balance","69eb8d0d47f1f91c4b512181","5225","69eb6996270a8e122de1a2cf","","","2026-04-24T15:32:29.031Z","tr_1TPliREDnfppNFcxEyRDSg1G","CAD","","credit","69eb8d0efb0de760d3fa29f5","2026-04-24T15:32:30.003000","2026-04-24T15:32:30.003000","service_eb508f39-ce3d-4391-bb12-d4211c02ede9","false"
"talent_transfer","69e8fed2e9dd6272584885ea","Batch cachet — event 69e8fed2e9dd6272584885ea — 52.25$ → cGmADTy4 [Dr stripe_connect_transit]","stripe_connect_transit","69eb8d0efb0de760d3fa29f5","5225","69eb6996270a8e122de1a2cf","","","2026-04-24T15:32:29.031Z","tr_1TPliREDnfppNFcxEyRDSg1G","CAD","","debit","69eb8d0d47f1f91c4b512181","2026-04-24T15:32:29.172000","2026-04-24T15:32:30.451000","service_eb508f39-ce3d-4391-bb12-d4211c02ede9","false"
"adjustment_received","69eb6a82d3d017cfbd3e77bc","Ajustement programme — sans motif — 276.00$ CAD [Cr balance_liability]","balance_liability","69eb6be740cd8d2ab72415b6","27600","","","","2026-04-24T13:11:03.042Z","pi_3TPjVOEDnfppNFcx0J15EgEy","CAD","","credit","69eb6be75ba552e782acf9c7","2026-04-24T13:11:03.375000","2026-04-24T13:11:03.375000","service_eb508f39-ce3d-4391-bb12-d4211c02ede9","false"
"adjustment_received","69eb6a82d3d017cfbd3e77bc","Ajustement programme — sans motif — 276.00$ CAD [Dr stripe_balance]","stripe_balance","69eb6be75ba552e782acf9c7","27600","","","","2026-04-24T13:11:03.042Z","pi_3TPjVOEDnfppNFcx0J15EgEy","CAD","","debit","69eb6be740cd8d2ab72415b6","2026-04-24T13:11:03.183000","2026-04-24T13:11:03.981000","service_eb508f39-ce3d-4391-bb12-d4211c02ede9","false"
"escrow_released","69eb6a82d3d017cfbd3e77bc","Escrow libéré — event 69eb6a82d3d017cfbd3e77bc — 25.03$ CAD [Cr stripe_balance]","stripe_balance","69eb6bb2b5770e4d08f6b164","2503","","","","2026-04-24T13:10:10.247Z","pi_3TPjRsEDnfppNFcx1zvBvYzR","CAD","","credit","69eb6bb22ae226492c1af28b","2026-04-24T13:10:10.629000","2026-04-24T13:10:10.629000","service_eb508f39-ce3d-4391-bb12-d4211c02ede9","false"
"escrow_released","69eb6a82d3d017cfbd3e77bc","Escrow libéré — event 69eb6a82d3d017cfbd3e77bc — 25.03$ CAD [Dr escrow_liability]","escrow_liability","69eb6bb22ae226492c1af28b","2503","","","","2026-04-24T13:10:10.247Z","pi_3TPjRsEDnfppNFcx1zvBvYzR","CAD","","debit","69eb6bb2b5770e4d08f6b164","2026-04-24T13:10:10.392000","2026-04-24T13:10:10.838000","service_eb508f39-ce3d-4391-bb12-d4211c02ede9","false"
"deposit_captured","69eb6a82d3d017cfbd3e77bc","Dépôt capturé — event 69eb6a82d3d017cfbd3e77bc — 25.03$ CAD [Cr stripe_clearing]","stripe_clearing","69eb6bb1a02fab2a0721d6b0","2503","","","","2026-04-24T13:10:09.407Z","pi_3TPjRsEDnfppNFcx1zvBvYzR","CAD","","credit","69eb6bb17f63dc1aacdd330e","2026-04-24T13:10:09.790000","2026-04-24T13:10:09.790000","service_eb508f39-ce3d-4391-bb12-d4211c02ede9","false"
"deposit_captured","69eb6a82d3d017cfbd3e77bc","Dépôt capturé — event 69eb6a82d3d017cfbd3e77bc — 25.03$ CAD [Dr stripe_balance]","stripe_balance","69eb6bb17f63dc1aacdd330e","2503","","","","2026-04-24T13:10:09.407Z","pi_3TPjRsEDnfppNFcx1zvBvYzR","CAD","","debit","69eb6bb1a02fab2a0721d6b0","2026-04-24T13:10:09.560000","2026-04-24T13:10:10.008000","service_eb508f39-ce3d-4391-bb12-d4211c02ede9","false"
"balance_received","69eb6a82d3d017cfbd3e77bc","Balance 80% reçue — event 69eb6a82d3d017cfbd3e77bc — 99.18$ CAD [Cr balance_liability]","balance_liability","69eb6b4872163fee8c9e6d35","9918","","","","2026-04-24T13:08:24.831Z","pi_3TPjSrEDnfppNFcx0yhNvDI9","CAD","","credit","69eb6b496186df0f023c194f","2026-04-24T13:08:25.166000","2026-04-24T13:08:25.166000","service_eb508f39-ce3d-4391-bb12-d4211c02ede9","false"
"balance_received","69eb6a82d3d017cfbd3e77bc","Balance 80% reçue — event 69eb6a82d3d017cfbd3e77bc — 99.18$ CAD [Dr stripe_balance]","stripe_balance","69eb6b496186df0f023c194f","9918","","","","2026-04-24T13:08:24.831Z","pi_3TPjSrEDnfppNFcx0yhNvDI9","CAD","","debit","69eb6b4872163fee8c9e6d35","2026-04-24T13:08:24.969000","2026-04-24T13:08:25.361000","service_eb508f39-ce3d-4391-bb12-d4211c02ede9","false"
"deposit_authorized","69eb6a82d3d017cfbd3e77bc","Dépôt 20% autorisé (requires_capture) — event 69eb6a82d3d017cfbd3e77bc — 25.03$ CAD [Cr escrow_liability]","escrow_liability","69eb6b16ab7f7e1289864cf7","2503","","","","2026-04-24T13:07:34.613Z","pi_3TPjRsEDnfppNFcx1zvBvYzR","CAD","","credit","69eb6b172e3f25800dd79040","2026-04-24T13:07:35.009000","2026-04-24T13:07:35.009000","service_eb508f39-ce3d-4391-bb12-d4211c02ede9","false"
"deposit_authorized","69eb6a82d3d017cfbd3e77bc","Dépôt 20% autorisé (requires_capture) — event 69eb6a82d3d017cfbd3e77bc — 25.03$ CAD [Dr stripe_clearing]","stripe_clearing","69eb6b172e3f25800dd79040","2503","","","","2026-04-24T13:07:34.613Z","pi_3TPjRsEDnfppNFcx1zvBvYzR","CAD","","debit","69eb6b16ab7f7e1289864cf7","2026-04-24T13:07:34.836000","2026-04-24T13:07:35.264000","service_eb508f39-ce3d-4391-bb12-d4211c02ede9","false"
"escrow_released","69eb682b9430b4c08113234d","Escrow libéré — event 69eb682b9430b4c08113234d — 62.10$ CAD [Cr stripe_balance]","stripe_balance","69eb69320a97bc7b6cb7bcf2","6210","","","","2026-04-24T12:59:30.658Z","pi_3TPjIIEDnfppNFcx0LyYzhdG","CAD","","credit","69eb6933390bc3ce912fdad3","2026-04-24T12:59:31.028000","2026-04-24T12:59:31.028000","service_eb508f39-ce3d-4391-bb12-d4211c02ede9","false"
"escrow_released","69eb682b9430b4c08113234d","Escrow libéré — event 69eb682b9430b4c08113234d — 62.10$ CAD [Dr escrow_liability]","escrow_liability","69eb6933390bc3ce912fdad3","6210","","","","2026-04-24T12:59:30.658Z","pi_3TPjIIEDnfppNFcx0LyYzhdG","CAD","","debit","69eb69320a97bc7b6cb7bcf2","2026-04-24T12:59:30.806000","2026-04-24T12:59:31.241000","service_eb508f39-ce3d-4391-bb12-d4211c02ede9","false"
"deposit_captured","69eb682b9430b4c08113234d","Dépôt capturé — event 69eb682b9430b4c08113234d — 62.10$ CAD [Cr stripe_clearing]","stripe_clearing","69eb693100dac579e2e1dc54","6210","","","","2026-04-24T12:59:29.873Z","pi_3TPjIIEDnfppNFcx0LyYzhdG","CAD","","credit","69eb693237477ff110e2a67c","2026-04-24T12:59:30.183000","2026-04-24T12:59:30.183000","service_eb508f39-ce3d-4391-bb12-d4211c02ede9","false"
"deposit_captured","69eb682b9430b4c08113234d","Dépôt capturé — event 69eb682b9430b4c08113234d — 62.10$ CAD [Dr stripe_balance]","stripe_balance","69eb693237477ff110e2a67c","6210","","","","2026-04-24T12:59:29.873Z","pi_3TPjIIEDnfppNFcx0LyYzhdG","CAD","","debit","69eb693100dac579e2e1dc54","2026-04-24T12:59:29.998000","2026-04-24T12:59:30.374000","service_eb508f39-ce3d-4391-bb12-d4211c02ede9","false"
"balance_received","69eb682b9430b4c08113234d","Balance 80% reçue — event 69eb682b9430b4c08113234d — 247.48$ CAD [Cr balance_liability]","balance_liability","69eb68f089cef5c7efa80cc6","24748","","","","2026-04-24T12:58:24.487Z","pi_3TPjJ6EDnfppNFcx0U2aiLCI","CAD","","credit","69eb68f0dd4471e5fb89163b","2026-04-24T12:58:24.862000","2026-04-24T12:58:24.862000","service_eb508f39-ce3d-4391-bb12-d4211c02ede9","false"
"balance_received","69eb682b9430b4c08113234d","Balance 80% reçue — event 69eb682b9430b4c08113234d — 247.48$ CAD [Dr stripe_balance]","stripe_balance","69eb68f0dd4471e5fb89163b","24748","","","","2026-04-24T12:58:24.487Z","pi_3TPjJ6EDnfppNFcx0U2aiLCI","CAD","","debit","69eb68f089cef5c7efa80cc6","2026-04-24T12:58:24.660000","2026-04-24T12:58:25.029000","service_eb508f39-ce3d-4391-bb12-d4211c02ede9","false"
"deposit_authorized","69eb682b9430b4c08113234d","Dépôt 20% autorisé (requires_capture) — event 69eb682b9430b4c08113234d — 62.10$ CAD [Cr escrow_liability]","escrow_liability","69eb68bc7a5a823a8ac9e32e","6210","","","","2026-04-24T12:57:32.776Z","pi_3TPjIIEDnfppNFcx0LyYzhdG","CAD","","credit","69eb68bdf6c7af798d7f3f7e","2026-04-24T12:57:33.095000","2026-04-24T12:57:33.095000","service_eb508f39-ce3d-4391-bb12-d4211c02ede9","false"
"deposit_authorized","69eb682b9430b4c08113234d","Dépôt 20% autorisé (requires_capture) — event 69eb682b9430b4c08113234d — 62.10$ CAD [Dr stripe_clearing]","stripe_clearing","69eb68bdf6c7af798d7f3f7e","6210","","","","2026-04-24T12:57:32.776Z","pi_3TPjIIEDnfppNFcx0LyYzhdG","CAD","","debit","69eb68bc7a5a823a8ac9e32e","2026-04-24T12:57:32.928000","2026-04-24T12:57:33.335000","service_eb508f39-ce3d-4391-bb12-d4211c02ede9","false"
"escrow_released","69eb5ea399dc25700de73ac6","Escrow libéré — event 69eb5ea399dc25700de73ac6 — 20.91$ CAD [Cr stripe_balance]","stripe_balance","69eb6010ec14b720a6657624","2091","","","","2026-04-24T12:20:32.813Z","pi_3TPiepEDnfppNFcx0KbVUSNz","CAD","","credit","69eb6011b5c5cf87b3919435","2026-04-24T12:20:33.134000","2026-04-24T12:20:33.134000","service_eb508f39-ce3d-4391-bb12-d4211c02ede9","false"
"escrow_released","69eb5ea399dc25700de73ac6","Escrow libéré — event 69eb5ea399dc25700de73ac6 — 20.91$ CAD [Dr escrow_liability]","escrow_liability","69eb6011b5c5cf87b3919435","2091","","","","2026-04-24T12:20:32.813Z","pi_3TPiepEDnfppNFcx0KbVUSNz","CAD","","debit","69eb6010ec14b720a6657624","2026-04-24T12:20:32.961000","2026-04-24T12:20:33.318000","service_eb508f39-ce3d-4391-bb12-d4211c02ede9","false"
"deposit_captured","69eb5ea399dc25700de73ac6","Dépôt capturé — event 69eb5ea399dc25700de73ac6 — 20.91$ CAD [Cr stripe_clearing]","stripe_clearing","69eb60101c89188491ab21db","2091","","","","2026-04-24T12:20:32.059Z","pi_3TPiepEDnfppNFcx0KbVUSNz","CAD","","credit","69eb6010214046f30e37cc20","2026-04-24T12:20:32.416000","2026-04-24T12:20:32.416000","service_eb508f39-ce3d-4391-bb12-d4211c02ede9","false"
"deposit_captured","69eb5ea399dc25700de73ac6","Dépôt capturé — event 69eb5ea399dc25700de73ac6 — 20.91$ CAD [Dr stripe_balance]","stripe_balance","69eb6010214046f30e37cc20","2091","","","","2026-04-24T12:20:32.059Z","pi_3TPiepEDnfppNFcx0KbVUSNz","CAD","","debit","69eb60101c89188491ab21db","2026-04-24T12:20:32.237000","2026-04-24T12:20:32.600000","service_eb508f39-ce3d-4391-bb12-d4211c02ede9","false"
"balance_received","69eb5ea399dc25700de73ac6","Balance 80% reçue — event 69eb5ea399dc25700de73ac6 — 82.70$ CAD [Cr balance_liability]","balance_liability","69eb5f5a64bf0d2bc2de736b","8270","","","","2026-04-24T12:17:29.973Z","pi_3TPifYEDnfppNFcx0Y6xQTh8","CAD","","credit","69eb5f5af6c7af798d7f3807","2026-04-24T12:17:30.460000","2026-04-24T12:17:30.460000","service_eb508f39-ce3d-4391-bb12-d4211c02ede9","false"
"balance_received","69eb5ea399dc25700de73ac6","Balance 80% reçue — event 69eb5ea399dc25700de73ac6 — 82.70$ CAD [Dr stripe_balance]","stripe_balance","69eb5f5af6c7af798d7f3807","8270","","","","2026-04-24T12:17:29.973Z","pi_3TPifYEDnfppNFcx0Y6xQTh8","CAD","","debit","69eb5f5a64bf0d2bc2de736b","2026-04-24T12:17:30.184000","2026-04-24T12:17:30.624000","service_eb508f39-ce3d-4391-bb12-d4211c02ede9","false"
"deposit_authorized","69eb5ea399dc25700de73ac6","Dépôt 20% autorisé (requires_capture) — event 69eb5ea399dc25700de73ac6 — 20.91$ CAD [Cr escrow_liability]","escrow_liability","69eb5f30258381897c51e3d4","2091","","","","2026-04-24T12:16:48.006Z","pi_3TPiepEDnfppNFcx0KbVUSNz","CAD","","credit","69eb5f3025862e6bbf120685","2026-04-24T12:16:48.324000","2026-04-24T12:16:48.324000","service_eb508f39-ce3d-4391-bb12-d4211c02ede9","false"
"deposit_authorized","69eb5ea399dc25700de73ac6","Dépôt 20% autorisé (requires_capture) — event 69eb5ea399dc25700de73ac6 — 20.91$ CAD [Dr stripe_clearing]","stripe_clearing","69eb5f3025862e6bbf120685","2091","","","","2026-04-24T12:16:48.006Z","pi_3TPiepEDnfppNFcx0KbVUSNz","CAD","","debit","69eb5f30258381897c51e3d4","2026-04-24T12:16:48.159000","2026-04-24T12:16:48.511000","service_eb508f39-ce3d-4391-bb12-d4211c02ede9","false"
"deposit_authorized","69eb5b1d364972c7c3e18948","Dépôt 20% autorisé (requires_capture) — event 69eb5b1d364972c7c3e18948 — 41.50$ CAD [Cr escrow_liability]","escrow_liability","69eb5bcccf856b28dadb6bd4","4150","","","","2026-04-24T12:02:20.561Z","pi_3TPiQnEDnfppNFcx1hWMY8V0","CAD","698dbbf753d545317578c200","credit","69eb5bcc7f96d8874f9072d9","2026-04-24T12:02:20.912000","2026-04-24T12:02:20.912000","service_eb508f39-ce3d-4391-bb12-d4211c02ede9","false"
"deposit_authorized","69eb5b1d364972c7c3e18948","Dépôt 20% autorisé (requires_capture) — event 69eb5b1d364972c7c3e18948 — 41.50$ CAD [Dr stripe_clearing]","stripe_clearing","69eb5bcc7f96d8874f9072d9","4150","","","","2026-04-24T12:02:20.561Z","pi_3TPiQnEDnfppNFcx1hWMY8V0","CAD","698dbbf753d545317578c200","debit","69eb5bcccf856b28dadb6bd4","2026-04-24T12:02:20.716000","2026-04-24T12:02:21.090000","service_eb508f39-ce3d-4391-bb12-d4211c02ede9","false"
"deposit_authorized","69eb582f4e6d9e1d588579e0","Dépôt 20% autorisé (requires_capture) — event 69eb582f4e6d9e1d588579e0 — 20.91$ CAD [Cr escrow_liability]","escrow_liability","69eb5989204e8b96429ff7ec","2091","","","","2026-04-24T11:52:40.885Z","pi_3TPiHWEDnfppNFcx0seaL51K","CAD","698dbbf753d545317578c200","credit","69eb5989117da4118649e8df","2026-04-24T11:52:41.185000","2026-04-24T11:52:41.185000","service_eb508f39-ce3d-4391-bb12-d4211c02ede9","false"
"deposit_authorized","69eb582f4e6d9e1d588579e0","Dépôt 20% autorisé (requires_capture) — event 69eb582f4e6d9e1d588579e0 — 20.91$ CAD [Dr stripe_clearing]","stripe_clearing","69eb5989117da4118649e8df","2091","","","","2026-04-24T11:52:40.885Z","pi_3TPiHWEDnfppNFcx0seaL51K","CAD","698dbbf753d545317578c200","debit","69eb5989204e8b96429ff7ec","2026-04-24T11:52:41.016000","2026-04-24T11:52:41.391000","service_eb508f39-ce3d-4391-bb12-d4211c02ede9","false"
"escrow_released","69eb54a1a9707a51c042eaff","Escrow libéré — event 69eb54a1a9707a51c042eaff — 200.00$ CAD [Cr stripe_balance]","stripe_balance","69eb561908f663e552780941","20000","","","","2026-04-24T11:38:00.843Z","pi_3TPi2REDnfppNFcx1yo6K7pd","CAD","","credit","69eb5619e808a41b7bd852cb","2026-04-24T11:38:01.172000","2026-04-24T11:38:01.172000","service_eb508f39-ce3d-4391-bb12-d4211c02ede9","false"
"escrow_released","69eb54a1a9707a51c042eaff","Escrow libéré — event 69eb54a1a9707a51c042eaff — 200.00$ CAD [Dr escrow_liability]","escrow_liability","69eb5619e808a41b7bd852cb","20000","","","","2026-04-24T11:38:00.843Z","pi_3TPi2REDnfppNFcx1yo6K7pd","CAD","","debit","69eb561908f663e552780941","2026-04-24T11:38:01.008000","2026-04-24T11:38:01.341000","service_eb508f39-ce3d-4391-bb12-d4211c02ede9","false"
"deposit_captured","69eb54a1a9707a51c042eaff","Dépôt capturé — event 69eb54a1a9707a51c042eaff — 200.00$ CAD [Cr stripe_clearing]","stripe_clearing","69eb56187ea7c74c609c07a9","20000","","","","2026-04-24T11:38:00.108Z","pi_3TPi2REDnfppNFcx1yo6K7pd","CAD","","credit","69eb56188c7191d754789448","2026-04-24T11:38:00.454000","2026-04-24T11:38:00.454000","service_eb508f39-ce3d-4391-bb12-d4211c02ede9","false"
"deposit_captured","69eb54a1a9707a51c042eaff","Dépôt capturé — event 69eb54a1a9707a51c042eaff — 200.00$ CAD [Dr stripe_balance]","stripe_balance","69eb56188c7191d754789448","20000","","","","2026-04-24T11:38:00.108Z","pi_3TPi2REDnfppNFcx1yo6K7pd","CAD","","debit","69eb56187ea7c74c609c07a9","2026-04-24T11:38:00.259000","2026-04-24T11:38:00.635000","service_eb508f39-ce3d-4391-bb12-d4211c02ede9","false"
"balance_received","69eb54a1a9707a51c042eaff","Balance 80% reçue — event 69eb54a1a9707a51c042eaff — 800.00$ CAD [Cr balance_liability]","balance_liability","69eb56014b529ef1d3d49c75","80000","","","","2026-04-24T11:37:37.600Z","pi_3TPi2zEDnfppNFcx0uc30KsK","CAD","698c747aee05acfdd23ea578","credit","69eb5601998cb74c798afba6","2026-04-24T11:37:37.902000","2026-04-24T11:37:37.902000","service_eb508f39-ce3d-4391-bb12-d4211c02ede9","false"
"balance_received","69eb54a1a9707a51c042eaff","Balance 80% reçue — event 69eb54a1a9707a51c042eaff — 800.00$ CAD [Dr stripe_balance]","stripe_balance","69eb5601998cb74c798afba6","80000","","","","2026-04-24T11:37:37.600Z","pi_3TPi2zEDnfppNFcx0uc30KsK","CAD","698c747aee05acfdd23ea578","debit","69eb56014b529ef1d3d49c75","2026-04-24T11:37:37.736000","2026-04-24T11:37:38.096000","service_eb508f39-ce3d-4391-bb12-d4211c02ede9","false"
"deposit_authorized","69eb54a1a9707a51c042eaff","Dépôt 20% autorisé (requires_capture) — event 69eb54a1a9707a51c042eaff — 200.00$ CAD [Cr escrow_liability]","escrow_liability","69eb55e3f12d94b9839b3d3b","20000","","","","2026-04-24T11:37:07.738Z","pi_3TPi2REDnfppNFcx1yo6K7pd","CAD","698c747aee05acfdd23ea578","credit","69eb55e4f026ec15f8156892","2026-04-24T11:37:08.084000","2026-04-24T11:37:08.084000","service_eb508f39-ce3d-4391-bb12-d4211c02ede9","false"
"deposit_authorized","69eb54a1a9707a51c042eaff","Dépôt 20% autorisé (requires_capture) — event 69eb54a1a9707a51c042eaff — 200.00$ CAD [Dr stripe_clearing]","stripe_clearing","69eb55e4f026ec15f8156892","20000","","","","2026-04-24T11:37:07.738Z","pi_3TPi2REDnfppNFcx1yo6K7pd","CAD","698c747aee05acfdd23ea578","debit","69eb55e3f12d94b9839b3d3b","2026-04-24T11:37:07.890000","2026-04-24T11:37:08.262000","service_eb508f39-ce3d-4391-bb12-d4211c02ede9","false"
"balance_received","69eabaa014b3b229e04cd76a","Balance 80% reçue — event 69eabaa014b3b229e04cd76a — 708.00$ CAD [Cr balance_liability]","balance_liability","69eabd2d37b7b471b1c7e9be","70800","","","","2026-04-24T00:45:33.844Z","pi_3TPXrtEDnfppNFcx0CsHohGd","CAD","69b48a2b7d5c0db589c6bb1c","credit","69eabd2ec784f768b36b2ba7","2026-04-24T00:45:34.181000","2026-04-24T00:45:34.181000","service_eb508f39-ce3d-4391-bb12-d4211c02ede9","false"
"balance_received","69eabaa014b3b229e04cd76a","Balance 80% reçue — event 69eabaa014b3b229e04cd76a — 708.00$ CAD [Dr stripe_balance]","stripe_balance","69eabd2ec784f768b36b2ba7","70800","","","","2026-04-24T00:45:33.844Z","pi_3TPXrtEDnfppNFcx0CsHohGd","CAD","69b48a2b7d5c0db589c6bb1c","debit","69eabd2d37b7b471b1c7e9be","2026-04-24T00:45:33.996000","2026-04-24T00:45:34.396000","service_eb508f39-ce3d-4391-bb12-d4211c02ede9","false"
"escrow_released","69eabaa014b3b229e04cd76a","Escrow libéré — event 69eabaa014b3b229e04cd76a — 177.00$ CAD [Cr stripe_balance]","stripe_balance","69eabd093c9371d0b2ee2ffa","17700","","","","2026-04-24T00:44:57.807Z","pi_3TPXr3EDnfppNFcx09phNyIU","CAD","","credit","69eabd0ad5937d748297e745","2026-04-24T00:44:58.186000","2026-04-24T00:44:58.186000","service_eb508f39-ce3d-4391-bb12-d4211c02ede9","false"
"escrow_released","69eabaa014b3b229e04cd76a","Escrow libéré — event 69eabaa014b3b229e04cd76a — 177.00$ CAD [Dr escrow_liability]","escrow_liability","69eabd0ad5937d748297e745","17700","","","","2026-04-24T00:44:57.807Z","pi_3TPXr3EDnfppNFcx09phNyIU","CAD","","debit","69eabd093c9371d0b2ee2ffa","2026-04-24T00:44:57.974000","2026-04-24T00:44:58.367000","service_eb508f39-ce3d-4391-bb12-d4211c02ede9","false"
"deposit_captured","69eabaa014b3b229e04cd76a","Dépôt capturé — event 69eabaa014b3b229e04cd76a — 177.00$ CAD [Cr stripe_clearing]","stripe_clearing","69eabd09f0b2682695c0274e","17700","","","","2026-04-24T00:44:56.971Z","pi_3TPXr3EDnfppNFcx09phNyIU","CAD","","credit","69eabd09db157b81c5df863b","2026-04-24T00:44:57.345000","2026-04-24T00:44:57.345000","service_eb508f39-ce3d-4391-bb12-d4211c02ede9","false"
"deposit_captured","69eabaa014b3b229e04cd76a","Dépôt capturé — event 69eabaa014b3b229e04cd76a — 177.00$ CAD [Dr stripe_balance]","stripe_balance","69eabd09db157b81c5df863b","17700","","","","2026-04-24T00:44:56.971Z","pi_3TPXr3EDnfppNFcx09phNyIU","CAD","","debit","69eabd09f0b2682695c0274e","2026-04-24T00:44:57.152000","2026-04-24T00:44:57.549000","service_eb508f39-ce3d-4391-bb12-d4211c02ede9","false"
"deposit_authorized","69eabaa014b3b229e04cd76a","Dépôt 20% autorisé (requires_capture) — event 69eabaa014b3b229e04cd76a — 177.00$ CAD [Cr escrow_liability]","escrow_liability","69eabcfc427cf8315e0dab00","17700","","","","2026-04-24T00:44:43.866Z","pi_3TPXr3EDnfppNFcx09phNyIU","CAD","69b48a2b7d5c0db589c6bb1c","credit","69eabcfcf5695fda5a3927d9","2026-04-24T00:44:44.376000","2026-04-24T00:44:44.376000","service_eb508f39-ce3d-4391-bb12-d4211c02ede9","false"
"deposit_authorized","69eabaa014b3b229e04cd76a","Dépôt 20% autorisé (requires_capture) — event 69eabaa014b3b229e04cd76a — 177.00$ CAD [Dr stripe_clearing]","stripe_clearing","69eabcfcf5695fda5a3927d9","17700","","","","2026-04-24T00:44:43.866Z","pi_3TPXr3EDnfppNFcx09phNyIU","CAD","69b48a2b7d5c0db589c6bb1c","debit","69eabcfc427cf8315e0dab00","2026-04-24T00:44:44.161000","2026-04-24T00:44:44.738000","service_eb508f39-ce3d-4391-bb12-d4211c02ede9","false"
"commission_earned","69d0f6544647a7b192b1fa61","Batch commission — event 69d0f6544647a7b192b1fa61 — 3.65$ [Cr revenue_commission]","revenue_commission","69eaa161243d9a1faab9d5ef","365","69dfa78d98c9e63f6a8301fd","","","2026-04-23T22:46:57.492Z","tr_1TPW1LEDnfppNFcx2vOKcbVY","CAD","","credit","69eaa1618ca3778842ecb7eb","2026-04-23T22:46:57.864000","2026-04-23T22:46:57.864000","service_eb508f39-ce3d-4391-bb12-d4211c02ede9","false"
"commission_earned","69d0f6544647a7b192b1fa61","Batch commission — event 69d0f6544647a7b192b1fa61 — 3.65$ [Dr escrow_liability]","escrow_liability","69eaa1618ca3778842ecb7eb","365","69dfa78d98c9e63f6a8301fd","","","2026-04-23T22:46:57.492Z","tr_1TPW1LEDnfppNFcx2vOKcbVY","CAD","","debit","69eaa161243d9a1faab9d5ef","2026-04-23T22:46:57.659000","2026-04-23T22:46:58.065000","service_eb508f39-ce3d-4391-bb12-d4211c02ede9","false"
"talent_transfer","69d0f6544647a7b192b1fa61","Batch cachet — event 69d0f6544647a7b192b1fa61 — 28.35$ → pkPYEQBM [Cr stripe_balance]","stripe_balance","69eaa160395456f218cf86fb","2835","69dfa78d4cf50423f32d106f","","","2026-04-23T22:46:56.471Z","tr_1TPW1LEDnfppNFcx2vOKcbVY","CAD","","credit","69eaa16066703ee5df4852c2","2026-04-23T22:46:56.820000","2026-04-23T22:46:56.820000","service_eb508f39-ce3d-4391-bb12-d4211c02ede9","false"
"talent_transfer","69d0f6544647a7b192b1fa61","Batch cachet — event 69d0f6544647a7b192b1fa61 — 28.35$ → pkPYEQBM [Dr stripe_connect_transit]","stripe_connect_transit","69eaa16066703ee5df4852c2","2835","69dfa78d4cf50423f32d106f","","","2026-04-23T22:46:56.471Z","tr_1TPW1LEDnfppNFcx2vOKcbVY","CAD","","debit","69eaa160395456f218cf86fb","2026-04-23T22:46:56.613000","2026-04-23T22:46:57.063000","service_eb508f39-ce3d-4391-bb12-d4211c02ede9","false"
"commission_earned","69e577bcee2fde3af32912b9","Batch commission — event 69e577bcee2fde3af32912b9 — 11.12$ [Cr revenue_commission]","revenue_commission","69eaa15d32161b08bfeb3d99","1112","69e5833ebc62e13505405ac6","","","2026-04-23T22:46:53.712Z","tr_1TPW1HEDnfppNFcxX1ua9Eo3","CAD","","credit","69eaa15e59bf7c5b038c910e","2026-04-23T22:46:54.050000","2026-04-23T22:46:54.050000","service_eb508f39-ce3d-4391-bb12-d4211c02ede9","false"
"commission_earned","69e577bcee2fde3af32912b9","Batch commission — event 69e577bcee2fde3af32912b9 — 11.12$ [Dr escrow_liability]","escrow_liability","69eaa15e59bf7c5b038c910e","1112","69e5833ebc62e13505405ac6","","","2026-04-23T22:46:53.712Z","tr_1TPW1HEDnfppNFcxX1ua9Eo3","CAD","","debit","69eaa15d32161b08bfeb3d99","2026-04-23T22:46:53.875000","2026-04-23T22:46:54.232000","service_eb508f39-ce3d-4391-bb12-d4211c02ede9","false"
"talent_transfer","69e577bcee2fde3af32912b9","Batch cachet — event 69e577bcee2fde3af32912b9 — 183.88$ → pkPYEQBM [Cr stripe_balance]","stripe_balance","69eaa15c797d03aa23ea0950","18388","69e5833efa77657e729492ca","","","2026-04-23T22:46:52.735Z","tr_1TPW1HEDnfppNFcxX1ua9Eo3","CAD","","credit","69eaa15da11187e2d6571197","2026-04-23T22:46:53.121000","2026-04-23T22:46:53.121000","service_eb508f39-ce3d-4391-bb12-d4211c02ede9","false"
"talent_transfer","69e577bcee2fde3af32912b9","Batch cachet — event 69e577bcee2fde3af32912b9 — 183.88$ → pkPYEQBM [Dr stripe_connect_transit]","stripe_connect_transit","69eaa15da11187e2d6571197","18388","69e5833efa77657e729492ca","","","2026-04-23T22:46:52.735Z","tr_1TPW1HEDnfppNFcxX1ua9Eo3","CAD","","debit","69eaa15c797d03aa23ea0950","2026-04-23T22:46:52.898000","2026-04-23T22:46:53.325000","service_eb508f39-ce3d-4391-bb12-d4211c02ede9","false"
"commission_earned","69e60a1a009afd50a6bb2800","Batch commission — event 69e60a1a009afd50a6bb2800 — 2.85$ [Cr revenue_commission]","revenue_commission","69eaa15aedd8af4c4914e4da","285","69e635026a1ac7e51b9abbf9","","","2026-04-23T22:46:49.962Z","tr_1TPW1DEDnfppNFcxr0aNqlnu","CAD","","credit","69eaa15a59dab3d536ff5524","2026-04-23T22:46:50.380000","2026-04-23T22:46:50.380000","service_eb508f39-ce3d-4391-bb12-d4211c02ede9","false"
"commission_earned","69e60a1a009afd50a6bb2800","Batch commission — event 69e60a1a009afd50a6bb2800 — 2.85$ [Dr escrow_liability]","escrow_liability","69eaa15a59dab3d536ff5524","285","69e635026a1ac7e51b9abbf9","","","2026-04-23T22:46:49.962Z","tr_1TPW1DEDnfppNFcxr0aNqlnu","CAD","","debit","69eaa15aedd8af4c4914e4da","2026-04-23T22:46:50.144000","2026-04-23T22:46:50.569000","service_eb508f39-ce3d-4391-bb12-d4211c02ede9","false"
"talent_transfer","69e60a1a009afd50a6bb2800","Batch cachet — event 69e60a1a009afd50a6bb2800 — 47.15$ → pkPYEQBM [Cr stripe_balance]","stripe_balance","69eaa159ae938f104dbe82ce","4715","69e635022fed3635fc4481ff","","","2026-04-23T22:46:48.864Z","tr_1TPW1DEDnfppNFcxr0aNqlnu","CAD","","credit","69eaa1590f8e72dce3c21527","2026-04-23T22:46:49.217000","2026-04-23T22:46:49.217000","service_eb508f39-ce3d-4391-bb12-d4211c02ede9","false"
"talent_transfer","69e60a1a009afd50a6bb2800","Batch cachet — event 69e60a1a009afd50a6bb2800 — 47.15$ → pkPYEQBM [Dr stripe_connect_transit]","stripe_connect_transit","69eaa1590f8e72dce3c21527","4715","69e635022fed3635fc4481ff","","","2026-04-23T22:46:48.864Z","tr_1TPW1DEDnfppNFcxr0aNqlnu","CAD","","debit","69eaa159ae938f104dbe82ce","2026-04-23T22:46:49.019000","2026-04-23T22:46:49.430000","service_eb508f39-ce3d-4391-bb12-d4211c02ede9","false"
"commission_earned","69e5454b680fefef316a8882","Batch commission — event 69e5454b680fefef316a8882 — 1.55$ [Cr revenue_commission]","revenue_commission","69eaa15609a4111caaa408a0","155","69e7cb87422ea7acd04aa681","","","2026-04-23T22:46:46.123Z","tr_1TPW19EDnfppNFcxlTJtQVZ2","CAD","","credit","69eaa156dc39d831f16f0878","2026-04-23T22:46:46.553000","2026-04-23T22:46:46.553000","service_eb508f39-ce3d-4391-bb12-d4211c02ede9","false"
"commission_earned","69e5454b680fefef316a8882","Batch commission — event 69e5454b680fefef316a8882 — 1.55$ [Dr escrow_liability]","escrow_liability","69eaa156dc39d831f16f0878","155","69e7cb87422ea7acd04aa681","","","2026-04-23T22:46:46.123Z","tr_1TPW19EDnfppNFcxlTJtQVZ2","CAD","","debit","69eaa15609a4111caaa408a0","2026-04-23T22:46:46.300000","2026-04-23T22:46:46.749000","service_eb508f39-ce3d-4391-bb12-d4211c02ede9","false"
"talent_transfer","69e5454b680fefef316a8882","Batch cachet — event 69e5454b680fefef316a8882 — 29.40$ → pkPYEQBM [Cr stripe_balance]","stripe_balance","69eaa1543c75d3a2b040439e","2940","69e7cb86473187717034fd2a","","","2026-04-23T22:46:44.258Z","tr_1TPW19EDnfppNFcxlTJtQVZ2","CAD","","credit","69eaa155ae628f2ad8642ba6","2026-04-23T22:46:45.424000","2026-04-23T22:46:45.424000","service_eb508f39-ce3d-4391-bb12-d4211c02ede9","false"
"talent_transfer","69e5454b680fefef316a8882","Batch cachet — event 69e5454b680fefef316a8882 — 29.40$ → pkPYEQBM [Dr stripe_connect_transit]","stripe_connect_transit","69eaa155ae628f2ad8642ba6","2940","69e7cb86473187717034fd2a","","","2026-04-23T22:46:44.258Z","tr_1TPW19EDnfppNFcxlTJtQVZ2","CAD","","debit","69eaa1543c75d3a2b040439e","2026-04-23T22:46:44.464000","2026-04-23T22:46:45.624000","service_eb508f39-ce3d-4391-bb12-d4211c02ede9","false"
"commission_earned","69e7a0eecfae6cce66c80590","Batch commission — event 69e7a0eecfae6cce66c80590 — 13.80$ [Cr revenue_commission]","revenue_commission","69eaa1512db2a27e7c23257c","1380","69ea17fb646723ea44500d51","","","2026-04-23T22:46:41.176Z","tr_1TPW15EDnfppNFcxABmy9maV","CAD","","credit","69eaa15123679743324c224b","2026-04-23T22:46:41.863000","2026-04-23T22:46:41.863000","service_eb508f39-ce3d-4391-bb12-d4211c02ede9","false"
"commission_earned","69e7a0eecfae6cce66c80590","Batch commission — event 69e7a0eecfae6cce66c80590 — 13.80$ [Dr escrow_liability]","escrow_liability","69eaa15123679743324c224b","1380","69ea17fb646723ea44500d51","","","2026-04-23T22:46:41.176Z","tr_1TPW15EDnfppNFcxABmy9maV","CAD","","debit","69eaa1512db2a27e7c23257c","2026-04-23T22:46:41.340000","2026-04-23T22:46:42.129000","service_eb508f39-ce3d-4391-bb12-d4211c02ede9","false"
"talent_transfer","69e7a0eecfae6cce66c80590","Batch cachet — event 69e7a0eecfae6cce66c80590 — 165.02$ → pkPYEQBM [Cr stripe_balance]","stripe_balance","69eaa1503e0200be22f746cb","16502","69ea17fa64282d8a76f6e7ad","","","2026-04-23T22:46:40.204Z","tr_1TPW15EDnfppNFcxABmy9maV","CAD","","credit","69eaa1503124c25094c8c8fa","2026-04-23T22:46:40.577000","2026-04-23T22:46:40.577000","service_eb508f39-ce3d-4391-bb12-d4211c02ede9","false"
"talent_transfer","69e7a0eecfae6cce66c80590","Batch cachet — event 69e7a0eecfae6cce66c80590 — 165.02$ → pkPYEQBM [Dr stripe_connect_transit]","stripe_connect_transit","69eaa1503124c25094c8c8fa","16502","69ea17fa64282d8a76f6e7ad","","","2026-04-23T22:46:40.204Z","tr_1TPW15EDnfppNFcxABmy9maV","CAD","","debit","69eaa1503e0200be22f746cb","2026-04-23T22:46:40.338000","2026-04-23T22:46:40.751000","service_eb508f39-ce3d-4391-bb12-d4211c02ede9","false"
"commission_earned","69ea2acd3025a2080e9ba3f1","Batch commission — event 69ea2acd3025a2080e9ba3f1 — 4.10$ [Cr revenue_commission]","revenue_commission","69eaa14dae609b1841894233","410","69ea37cda4087236fbfa20ee","","","2026-04-23T22:46:37.497Z","tr_1TPW11EDnfppNFcx0oRK13jM","CAD","","credit","69eaa14d07a111946b9f05cd","2026-04-23T22:46:37.826000","2026-04-23T22:46:37.826000","service_eb508f39-ce3d-4391-bb12-d4211c02ede9","false"
"commission_earned","69ea2acd3025a2080e9ba3f1","Batch commission — event 69ea2acd3025a2080e9ba3f1 — 4.10$ [Dr escrow_liability]","escrow_liability","69eaa14d07a111946b9f05cd","410","69ea37cda4087236fbfa20ee","","","2026-04-23T22:46:37.497Z","tr_1TPW11EDnfppNFcx0oRK13jM","CAD","","debit","69eaa14dae609b1841894233","2026-04-23T22:46:37.660000","2026-04-23T22:46:38.039000","service_eb508f39-ce3d-4391-bb12-d4211c02ede9","false"
"talent_transfer","69ea2acd3025a2080e9ba3f1","Batch cachet — event 69ea2acd3025a2080e9ba3f1 — 67.90$ → pkPYEQBM [Cr stripe_balance]","stripe_balance","69eaa14cb2110426e6ef8903","6790","69ea37ccde5cf10f6a83c11e","","","2026-04-23T22:46:36.527Z","tr_1TPW11EDnfppNFcx0oRK13jM","CAD","","credit","69eaa14c4991b72ef1623066","2026-04-23T22:46:36.875000","2026-04-23T22:46:36.875000","service_eb508f39-ce3d-4391-bb12-d4211c02ede9","false"
"talent_transfer","69ea2acd3025a2080e9ba3f1","Batch cachet — event 69ea2acd3025a2080e9ba3f1 — 67.90$ → pkPYEQBM [Dr stripe_connect_transit]","stripe_connect_transit","69eaa14c4991b72ef1623066","6790","69ea37ccde5cf10f6a83c11e","","","2026-04-23T22:46:36.527Z","tr_1TPW11EDnfppNFcx0oRK13jM","CAD","","debit","69eaa14cb2110426e6ef8903","2026-04-23T22:46:36.673000","2026-04-23T22:46:37.071000","service_eb508f39-ce3d-4391-bb12-d4211c02ede9","false"
"commission_earned","69d932177a48bf7560309c3e","Batch commission — event 69d932177a48bf7560309c3e — 16.42$ [Cr revenue_commission]","revenue_commission","69eaa08671d559cf290326c3","1642","69e0dd7b0474841d96ed144d","","","2026-04-23T22:43:18.218Z","tr_1TPVxoEDnfppNFcxjDL1JTbR","CAD","","credit","69eaa086d1ccb1e2b126ee16","2026-04-23T22:43:18.600000","2026-04-23T22:43:18.600000","service_eb508f39-ce3d-4391-bb12-d4211c02ede9","false"
"commission_earned","69d932177a48bf7560309c3e","Batch commission — event 69d932177a48bf7560309c3e — 16.42$ [Dr escrow_liability]","escrow_liability","69eaa086d1ccb1e2b126ee16","1642","69e0dd7b0474841d96ed144d","","","2026-04-23T22:43:18.218Z","tr_1TPVxoEDnfppNFcxjDL1JTbR","CAD","","debit","69eaa08671d559cf290326c3","2026-04-23T22:43:18.385000","2026-04-23T22:43:18.811000","service_eb508f39-ce3d-4391-bb12-d4211c02ede9","false"
"talent_transfer","69d932177a48bf7560309c3e","Batch cachet — event 69d932177a48bf7560309c3e — 127.58$ → pkPYEQBM [Cr stripe_balance]","stripe_balance","69eaa085d2fc3329bb87cce5","12758","69e0dd7ad600aa0ff9fa6fbe","","","2026-04-23T22:43:17.187Z","tr_1TPVxoEDnfppNFcxjDL1JTbR","CAD","","credit","69eaa08527b647dec2bc5a14","2026-04-23T22:43:17.549000","2026-04-23T22:43:17.549000","service_eb508f39-ce3d-4391-bb12-d4211c02ede9","false"
"talent_transfer","69d932177a48bf7560309c3e","Batch cachet — event 69d932177a48bf7560309c3e — 127.58$ → pkPYEQBM [Dr stripe_connect_transit]","stripe_connect_transit","69eaa08527b647dec2bc5a14","12758","69e0dd7ad600aa0ff9fa6fbe","","","2026-04-23T22:43:17.187Z","tr_1TPVxoEDnfppNFcxjDL1JTbR","CAD","","debit","69eaa085d2fc3329bb87cce5","2026-04-23T22:43:17.332000","2026-04-23T22:43:17.772000","service_eb508f39-ce3d-4391-bb12-d4211c02ede9","false"
"commission_earned","69e182682158155ce15ced4a","Batch commission — event 69e182682158155ce15ced4a — 57.00$ [Cr revenue_commission]","revenue_commission","69eaa0828a09339724a20cba","5700","69e380747a483a354851154b","","","2026-04-23T22:43:14.682Z","tr_1TPVxkEDnfppNFcxrxbZotR5","CAD","","credit","69eaa08310855e79a065d3a3","2026-04-23T22:43:15.016000","2026-04-23T22:43:15.016000","service_eb508f39-ce3d-4391-bb12-d4211c02ede9","false"
"commission_earned","69e182682158155ce15ced4a","Batch commission — event 69e182682158155ce15ced4a — 57.00$ [Dr escrow_liability]","escrow_liability","69eaa08310855e79a065d3a3","5700","69e380747a483a354851154b","","","2026-04-23T22:43:14.682Z","tr_1TPVxkEDnfppNFcxrxbZotR5","CAD","","debit","69eaa0828a09339724a20cba","2026-04-23T22:43:14.829000","2026-04-23T22:43:15.193000","service_eb508f39-ce3d-4391-bb12-d4211c02ede9","false"
"talent_transfer","69e182682158155ce15ced4a","Batch cachet — event 69e182682158155ce15ced4a — 443.00$ → 1nXNICVC [Cr stripe_balance]","stripe_balance","69eaa081514e0d8f4baee953","44300","69e38073fe9a1266e29d10f8","","","2026-04-23T22:43:13.737Z","tr_1TPVxkEDnfppNFcxrxbZotR5","CAD","","credit","69eaa082a12550ae56237e75","2026-04-23T22:43:14.072000","2026-04-23T22:43:14.072000","service_eb508f39-ce3d-4391-bb12-d4211c02ede9","false"
"talent_transfer","69e182682158155ce15ced4a","Batch cachet — event 69e182682158155ce15ced4a — 443.00$ → 1nXNICVC [Dr stripe_connect_transit]","stripe_connect_transit","69eaa082a12550ae56237e75","44300","69e38073fe9a1266e29d10f8","","","2026-04-23T22:43:13.737Z","tr_1TPVxkEDnfppNFcxrxbZotR5","CAD","","debit","69eaa081514e0d8f4baee953","2026-04-23T22:43:13.899000","2026-04-23T22:43:14.273000","service_eb508f39-ce3d-4391-bb12-d4211c02ede9","false"
"commission_earned","69e39e169f2c1117a5e86121","Batch commission — event 69e39e169f2c1117a5e86121 — 11.40$ [Cr revenue_commission]","revenue_commission","69eaa07e50cb336156a173a2","1140","69e4aa7fb25afe682b12b213","","","2026-04-23T22:43:10.762Z","tr_1TPVxgEDnfppNFcx3W8uVPO8","CAD","","credit","69eaa07fb82c8d1d3f4dad94","2026-04-23T22:43:11.105000","2026-04-23T22:43:11.105000","service_eb508f39-ce3d-4391-bb12-d4211c02ede9","false"
"commission_earned","69e39e169f2c1117a5e86121","Batch commission — event 69e39e169f2c1117a5e86121 — 11.40$ [Dr escrow_liability]","escrow_liability","69eaa07fb82c8d1d3f4dad94","1140","69e4aa7fb25afe682b12b213","","","2026-04-23T22:43:10.762Z","tr_1TPVxgEDnfppNFcx3W8uVPO8","CAD","","debit","69eaa07e50cb336156a173a2","2026-04-23T22:43:10.905000","2026-04-23T22:43:11.363000","service_eb508f39-ce3d-4391-bb12-d4211c02ede9","false"
"talent_transfer","69e39e169f2c1117a5e86121","Batch cachet — event 69e39e169f2c1117a5e86121 — 177.20$ → 1nXNICVC [Cr stripe_balance]","stripe_balance","69eaa07dc47755f9bfe24576","17720","69e4aa7fe22bf90644f0746b","","","2026-04-23T22:43:09.840Z","tr_1TPVxgEDnfppNFcx3W8uVPO8","CAD","","credit","69eaa07ea98262b6edc30457","2026-04-23T22:43:10.183000","2026-04-23T22:43:10.183000","service_eb508f39-ce3d-4391-bb12-d4211c02ede9","false"
"talent_transfer","69e39e169f2c1117a5e86121","Batch cachet — event 69e39e169f2c1117a5e86121 — 177.20$ → 1nXNICVC [Dr stripe_connect_transit]","stripe_connect_transit","69eaa07ea98262b6edc30457","17720","69e4aa7fe22bf90644f0746b","","","2026-04-23T22:43:09.840Z","tr_1TPVxgEDnfppNFcx3W8uVPO8","CAD","","debit","69eaa07dc47755f9bfe24576","2026-04-23T22:43:09.990000","2026-04-23T22:43:10.344000","service_eb508f39-ce3d-4391-bb12-d4211c02ede9","false"
"commission_earned","69e2d75ab661d22b7d4d43d6","Batch commission — event 69e2d75ab661d22b7d4d43d6 — 34.20$ [Cr revenue_commission]","revenue_commission","69eaa07b47b92bf6bb85c980","3420","69e4d1f3b66026f4b810db4f","","","2026-04-23T22:43:07.321Z","tr_1TPVxdEDnfppNFcxp8CmgiaB","CAD","","credit","69eaa07ba04e4aa816df0c07","2026-04-23T22:43:07.666000","2026-04-23T22:43:07.666000","service_eb508f39-ce3d-4391-bb12-d4211c02ede9","false"
"commission_earned","69e2d75ab661d22b7d4d43d6","Batch commission — event 69e2d75ab661d22b7d4d43d6 — 34.20$ [Dr escrow_liability]","escrow_liability","69eaa07ba04e4aa816df0c07","3420","69e4d1f3b66026f4b810db4f","","","2026-04-23T22:43:07.321Z","tr_1TPVxdEDnfppNFcxp8CmgiaB","CAD","","debit","69eaa07b47b92bf6bb85c980","2026-04-23T22:43:07.478000","2026-04-23T22:43:07.867000","service_eb508f39-ce3d-4391-bb12-d4211c02ede9","false"
"talent_transfer","69e2d75ab661d22b7d4d43d6","Batch cachet — event 69e2d75ab661d22b7d4d43d6 — 265.80$ → xJkejRFm [Cr stripe_balance]","stripe_balance","69eaa07a2db2a27e7c232414","26580","69e4d1f36caffe220be998f7","","","2026-04-23T22:43:06.391Z","tr_1TPVxdEDnfppNFcxp8CmgiaB","CAD","","credit","69eaa07a4c387ff43e8d1b91","2026-04-23T22:43:06.699000","2026-04-23T22:43:06.699000","service_eb508f39-ce3d-4391-bb12-d4211c02ede9","false"
"talent_transfer","69e2d75ab661d22b7d4d43d6","Batch cachet — event 69e2d75ab661d22b7d4d43d6 — 265.80$ → xJkejRFm [Dr stripe_connect_transit]","stripe_connect_transit","69eaa07a4c387ff43e8d1b91","26580","69e4d1f36caffe220be998f7","","","2026-04-23T22:43:06.391Z","tr_1TPVxdEDnfppNFcxp8CmgiaB","CAD","","debit","69eaa07a2db2a27e7c232414","2026-04-23T22:43:06.527000","2026-04-23T22:43:06.896000","service_eb508f39-ce3d-4391-bb12-d4211c02ede9","false"
"commission_earned","69e2a427fcddd91985cf7791","Batch commission — event 69e2a427fcddd91985cf7791 — 5.70$ [Cr revenue_commission]","revenue_commission","69eaa0773e826dd3eb43ef05","570","69e4d1f93614f1ada5cbbae5","","","2026-04-23T22:43:03.840Z","tr_1TPVxZEDnfppNFcxCuQxQK9a","CAD","","credit","69eaa078e0c74f88d488af4d","2026-04-23T22:43:04.169000","2026-04-23T22:43:04.169000","service_eb508f39-ce3d-4391-bb12-d4211c02ede9","false"
"commission_earned","69e2a427fcddd91985cf7791","Batch commission — event 69e2a427fcddd91985cf7791 — 5.70$ [Dr escrow_liability]","escrow_liability","69eaa078e0c74f88d488af4d","570","69e4d1f93614f1ada5cbbae5","","","2026-04-23T22:43:03.840Z","tr_1TPVxZEDnfppNFcxCuQxQK9a","CAD","","debit","69eaa0773e826dd3eb43ef05","2026-04-23T22:43:03.983000","2026-04-23T22:43:04.353000","service_eb508f39-ce3d-4391-bb12-d4211c02ede9","false"
"talent_transfer","69e2a427fcddd91985cf7791","Batch cachet — event 69e2a427fcddd91985cf7791 — 44.30$ → pkPYEQBM [Cr stripe_balance]","stripe_balance","69eaa0763c75d3a2b040438d","4430","69e4d1f9f272220f7f7c1d8b","","","2026-04-23T22:43:02.701Z","tr_1TPVxZEDnfppNFcxCuQxQK9a","CAD","","credit","69eaa0778b7e399ef4dc8689","2026-04-23T22:43:03.086000","2026-04-23T22:43:03.086000","service_eb508f39-ce3d-4391-bb12-d4211c02ede9","false"
"talent_transfer","69e2a427fcddd91985cf7791","Batch cachet — event 69e2a427fcddd91985cf7791 — 44.30$ → pkPYEQBM [Dr stripe_connect_transit]","stripe_connect_transit","69eaa0778b7e399ef4dc8689","4430","69e4d1f9f272220f7f7c1d8b","","","2026-04-23T22:43:02.701Z","tr_1TPVxZEDnfppNFcxCuQxQK9a","CAD","","debit","69eaa0763c75d3a2b040438d","2026-04-23T22:43:02.891000","2026-04-23T22:43:03.297000","service_eb508f39-ce3d-4391-bb12-d4211c02ede9","false"
"commission_earned","69e169278a79490c4201e2a0","Batch commission — event 69e169278a79490c4201e2a0 — 11.40$ [Cr revenue_commission]","revenue_commission","69eaa0734c387ff43e8d1b8d","1140","69e4d2013ff4bf3b98360ebc","","","2026-04-23T22:42:59.640Z","tr_1TPVxVEDnfppNFcxBQF6yi3J","CAD","","credit","69eaa073927baaecbb6f58f8","2026-04-23T22:42:59.985000","2026-04-23T22:42:59.985000","service_eb508f39-ce3d-4391-bb12-d4211c02ede9","false"
"commission_earned","69e169278a79490c4201e2a0","Batch commission — event 69e169278a79490c4201e2a0 — 11.40$ [Dr escrow_liability]","escrow_liability","69eaa073927baaecbb6f58f8","1140","69e4d2013ff4bf3b98360ebc","","","2026-04-23T22:42:59.640Z","tr_1TPVxVEDnfppNFcxBQF6yi3J","CAD","","debit","69eaa0734c387ff43e8d1b8d","2026-04-23T22:42:59.797000","2026-04-23T22:43:00.157000","service_eb508f39-ce3d-4391-bb12-d4211c02ede9","false"
"talent_transfer","69e169278a79490c4201e2a0","Batch cachet — event 69e169278a79490c4201e2a0 — 177.20$ → pkPYEQBM [Cr stripe_balance]","stripe_balance","69eaa07228ace313ef11d37a","17720","69e4d20038ab075af800842b","","","2026-04-23T22:42:58.701Z","tr_1TPVxVEDnfppNFcxBQF6yi3J","CAD","","credit","69eaa0738ca9783ee47af9ee","2026-04-23T22:42:59.022000","2026-04-23T22:42:59.022000","service_eb508f39-ce3d-4391-bb12-d4211c02ede9","false"
"talent_transfer","69e169278a79490c4201e2a0","Batch cachet — event 69e169278a79490c4201e2a0 — 177.20$ → pkPYEQBM [Dr stripe_connect_transit]","stripe_connect_transit","69eaa0738ca9783ee47af9ee","17720","69e4d20038ab075af800842b","","","2026-04-23T22:42:58.701Z","tr_1TPVxVEDnfppNFcxBQF6yi3J","CAD","","debit","69eaa07228ace313ef11d37a","2026-04-23T22:42:58.841000","2026-04-23T22:42:59.207000","service_eb508f39-ce3d-4391-bb12-d4211c02ede9","false"
"commission_earned","69e169278a79490c4201e2a0","Batch commission — event 69e169278a79490c4201e2a0 — 11.40$ [Cr revenue_commission]","revenue_commission","69eaa06f85a9c7cd08e172b8","1140","69e4d2013ff4bf3b98360ebc","","","2026-04-23T22:42:55.812Z","tr_1TPVxREDnfppNFcxpMqeUMuI","CAD","","credit","69eaa070b7757e733d99fbf1","2026-04-23T22:42:56.202000","2026-04-23T22:42:56.202000","service_eb508f39-ce3d-4391-bb12-d4211c02ede9","false"
"commission_earned","69e169278a79490c4201e2a0","Batch commission — event 69e169278a79490c4201e2a0 — 11.40$ [Dr escrow_liability]","escrow_liability","69eaa070b7757e733d99fbf1","1140","69e4d2013ff4bf3b98360ebc","","","2026-04-23T22:42:55.812Z","tr_1TPVxREDnfppNFcxpMqeUMuI","CAD","","debit","69eaa06f85a9c7cd08e172b8","2026-04-23T22:42:55.974000","2026-04-23T22:42:56.473000","service_eb508f39-ce3d-4391-bb12-d4211c02ede9","false"
"talent_transfer","69e169278a79490c4201e2a0","Batch cachet — event 69e169278a79490c4201e2a0 — 88.60$ → 1nXNICVC [Cr stripe_balance]","stripe_balance","69eaa06ee0bfad4aaca8241d","8860","69e4d2001c8989152d60f8b0","","","2026-04-23T22:42:54.790Z","tr_1TPVxREDnfppNFcxpMqeUMuI","CAD","","credit","69eaa06fa11187e2d6571103","2026-04-23T22:42:55.205000","2026-04-23T22:42:55.205000","service_eb508f39-ce3d-4391-bb12-d4211c02ede9","false"
"talent_transfer","69e169278a79490c4201e2a0","Batch cachet — event 69e169278a79490c4201e2a0 — 88.60$ → 1nXNICVC [Dr stripe_connect_transit]","stripe_connect_transit","69eaa06fa11187e2d6571103","8860","69e4d2001c8989152d60f8b0","","","2026-04-23T22:42:54.790Z","tr_1TPVxREDnfppNFcxpMqeUMuI","CAD","","debit","69eaa06ee0bfad4aaca8241d","2026-04-23T22:42:54.978000","2026-04-23T22:42:55.400000","service_eb508f39-ce3d-4391-bb12-d4211c02ede9","false"
"commission_earned","69e3dc9b1c351869c39d98a3","Batch commission — event 69e3dc9b1c351869c39d98a3 — 37.62$ [Cr revenue_commission]","revenue_commission","69eaa06cfe87eaabc54aefce","3762","69e4d587756d0a06c41c57ac","","","2026-04-23T22:42:52.144Z","tr_1TPVxOEDnfppNFcxQ9ku7r3R","CAD","","credit","69eaa06c7e7c9a2c07074607","2026-04-23T22:42:52.477000","2026-04-23T22:42:52.477000","service_eb508f39-ce3d-4391-bb12-d4211c02ede9","false"
"commission_earned","69e3dc9b1c351869c39d98a3","Batch commission — event 69e3dc9b1c351869c39d98a3 — 37.62$ [Dr escrow_liability]","escrow_liability","69eaa06c7e7c9a2c07074607","3762","69e4d587756d0a06c41c57ac","","","2026-04-23T22:42:52.144Z","tr_1TPVxOEDnfppNFcxQ9ku7r3R","CAD","","debit","69eaa06cfe87eaabc54aefce","2026-04-23T22:42:52.278000","2026-04-23T22:42:52.661000","service_eb508f39-ce3d-4391-bb12-d4211c02ede9","false"
"talent_transfer","69e3dc9b1c351869c39d98a3","Batch cachet — event 69e3dc9b1c351869c39d98a3 — 221.50$ → pkPYEQBM [Cr stripe_balance]","stripe_balance","69eaa06b92b32bd12b0c8426","22150","69e4d5867561e1cfd4228565","","","2026-04-23T22:42:51.247Z","tr_1TPVxOEDnfppNFcxQ9ku7r3R","CAD","","credit","69eaa06bae628f2ad8642a07","2026-04-23T22:42:51.569000","2026-04-23T22:42:51.569000","service_eb508f39-ce3d-4391-bb12-d4211c02ede9","false"
"talent_transfer","69e3dc9b1c351869c39d98a3","Batch cachet — event 69e3dc9b1c351869c39d98a3 — 221.50$ → pkPYEQBM [Dr stripe_connect_transit]","stripe_connect_transit","69eaa06bae628f2ad8642a07","22150","69e4d5867561e1cfd4228565","","","2026-04-23T22:42:51.247Z","tr_1TPVxOEDnfppNFcxQ9ku7r3R","CAD","","debit","69eaa06b92b32bd12b0c8426","2026-04-23T22:42:51.385000","2026-04-23T22:42:51.758000","service_eb508f39-ce3d-4391-bb12-d4211c02ede9","false"
"commission_earned","69e577bcee2fde3af32912b9","Batch commission — event 69e577bcee2fde3af32912b9 — 11.12$ [Cr revenue_commission]","revenue_commission","69eaa068342b5255749d04f7","1112","69e5833ebc62e13505405ac6","","","2026-04-23T22:42:48.611Z","tr_1TPVxKEDnfppNFcxXBL1BnKS","CAD","","credit","69eaa069b41378abcc05d740","2026-04-23T22:42:49.054000","2026-04-23T22:42:49.054000","service_eb508f39-ce3d-4391-bb12-d4211c02ede9","false"
"commission_earned","69e577bcee2fde3af32912b9","Batch commission — event 69e577bcee2fde3af32912b9 — 11.12$ [Dr escrow_liability]","escrow_liability","69eaa069b41378abcc05d740","1112","69e5833ebc62e13505405ac6","","","2026-04-23T22:42:48.611Z","tr_1TPVxKEDnfppNFcxXBL1BnKS","CAD","","debit","69eaa068342b5255749d04f7","2026-04-23T22:42:48.792000","2026-04-23T22:42:49.237000","service_eb508f39-ce3d-4391-bb12-d4211c02ede9","false"
"talent_transfer","69e577bcee2fde3af32912b9","Batch cachet — event 69e577bcee2fde3af32912b9 — 212.64$ → AHsHT7Zs [Cr stripe_balance]","stripe_balance","69eaa067d2e4c01a04060056","21264","69e5833e0b617f1cb0cc358d","","","2026-04-23T22:42:47.633Z","tr_1TPVxKEDnfppNFcxXBL1BnKS","CAD","","credit","69eaa067a0bd91ebd8310698","2026-04-23T22:42:47.955000","2026-04-23T22:42:47.955000","service_eb508f39-ce3d-4391-bb12-d4211c02ede9","false"
"talent_transfer","69e577bcee2fde3af32912b9","Batch cachet — event 69e577bcee2fde3af32912b9 — 212.64$ → AHsHT7Zs [Dr stripe_connect_transit]","stripe_connect_transit","69eaa067a0bd91ebd8310698","21264","69e5833e0b617f1cb0cc358d","","","2026-04-23T22:42:47.633Z","tr_1TPVxKEDnfppNFcxXBL1BnKS","CAD","","debit","69eaa067d2e4c01a04060056","2026-04-23T22:42:47.770000","2026-04-23T22:42:48.148000","service_eb508f39-ce3d-4391-bb12-d4211c02ede9","false"
"commission_earned","69e3a047873f1e0e8a9c1220","Batch commission — event 69e3a047873f1e0e8a9c1220 — 15.96$ [Cr revenue_commission]","revenue_commission","69eaa065b87a8aad8bf83290","1596","69e61e23bd04de188eeef5b8","","","2026-04-23T22:42:44.877Z","tr_1TPVxGEDnfppNFcxcGpx19KF","CAD","","credit","69eaa065a0bd91ebd8310694","2026-04-23T22:42:45.211000","2026-04-23T22:42:45.211000","service_eb508f39-ce3d-4391-bb12-d4211c02ede9","false"
"commission_earned","69e3a047873f1e0e8a9c1220","Batch commission — event 69e3a047873f1e0e8a9c1220 — 15.96$ [Dr escrow_liability]","escrow_liability","69eaa065a0bd91ebd8310694","1596","69e61e23bd04de188eeef5b8","","","2026-04-23T22:42:44.877Z","tr_1TPVxGEDnfppNFcxcGpx19KF","CAD","","debit","69eaa065b87a8aad8bf83290","2026-04-23T22:42:45.047000","2026-04-23T22:42:45.485000","service_eb508f39-ce3d-4391-bb12-d4211c02ede9","false"
"talent_transfer","69e3a047873f1e0e8a9c1220","Batch cachet — event 69e3a047873f1e0e8a9c1220 — 42.53$ → 1nXNICVC [Cr stripe_balance]","stripe_balance","69eaa0632a8eea45b36795e2","4253","69e61e22700baa7e2b2a591a","","","2026-04-23T22:42:43.441Z","tr_1TPVxGEDnfppNFcxcGpx19KF","CAD","","credit","69eaa064ad2f581e6c095ed2","2026-04-23T22:42:44.213000","2026-04-23T22:42:44.213000","service_eb508f39-ce3d-4391-bb12-d4211c02ede9","false"
"talent_transfer","69e3a047873f1e0e8a9c1220","Batch cachet — event 69e3a047873f1e0e8a9c1220 — 42.53$ → 1nXNICVC [Dr stripe_connect_transit]","stripe_connect_transit","69eaa064ad2f581e6c095ed2","4253","69e61e22700baa7e2b2a591a","","","2026-04-23T22:42:43.441Z","tr_1TPVxGEDnfppNFcxcGpx19KF","CAD","","debit","69eaa0632a8eea45b36795e2","2026-04-23T22:42:43.584000","2026-04-23T22:42:44.440000","service_eb508f39-ce3d-4391-bb12-d4211c02ede9","false"
"commission_earned","69e3a047873f1e0e8a9c1220","Batch commission — event 69e3a047873f1e0e8a9c1220 — 15.96$ [Cr revenue_commission]","revenue_commission","69eaa0608029577155f23566","1596","69e61e23bd04de188eeef5b8","","","2026-04-23T22:42:40.802Z","tr_1TPVxCEDnfppNFcxbffBBop3","CAD","","credit","69eaa0610f26cf88efd7a2ff","2026-04-23T22:42:41.200000","2026-04-23T22:42:41.200000","service_eb508f39-ce3d-4391-bb12-d4211c02ede9","false"
"commission_earned","69e3a047873f1e0e8a9c1220","Batch commission — event 69e3a047873f1e0e8a9c1220 — 15.96$ [Dr escrow_liability]","escrow_liability","69eaa0610f26cf88efd7a2ff","1596","69e61e23bd04de188eeef5b8","","","2026-04-23T22:42:40.802Z","tr_1TPVxCEDnfppNFcxbffBBop3","CAD","","debit","69eaa0608029577155f23566","2026-04-23T22:42:40.967000","2026-04-23T22:42:41.386000","service_eb508f39-ce3d-4391-bb12-d4211c02ede9","false"
"talent_transfer","69e3a047873f1e0e8a9c1220","Batch cachet — event 69e3a047873f1e0e8a9c1220 — 124.04$ → AHsHT7Zs [Cr stripe_balance]","stripe_balance","69eaa0600140493c6d74a5bf","12404","69e61e22598246c10e509015","","","2026-04-23T22:42:39.868Z","tr_1TPVxCEDnfppNFcxbffBBop3","CAD","","credit","69eaa06034140844c1806de1","2026-04-23T22:42:40.180000","2026-04-23T22:42:40.180000","service_eb508f39-ce3d-4391-bb12-d4211c02ede9","false"
"talent_transfer","69e3a047873f1e0e8a9c1220","Batch cachet — event 69e3a047873f1e0e8a9c1220 — 124.04$ → AHsHT7Zs [Dr stripe_connect_transit]","stripe_connect_transit","69eaa06034140844c1806de1","12404","69e61e22598246c10e509015","","","2026-04-23T22:42:39.868Z","tr_1TPVxCEDnfppNFcxbffBBop3","CAD","","debit","69eaa0600140493c6d74a5bf","2026-04-23T22:42:40.004000","2026-04-23T22:42:40.382000","service_eb508f39-ce3d-4391-bb12-d4211c02ede9","false"
"commission_earned","69e38bcada564eeacc35a4c3","Batch commission — event 69e38bcada564eeacc35a4c3 — 43.94$ [Cr revenue_commission]","revenue_commission","69eaa05d4899d4d901df5f5d","4394","69e61e296e829d48ca47182b","","","2026-04-23T22:42:37.250Z","tr_1TPVx9EDnfppNFcxHkDPOhJN","CAD","","credit","69eaa05db14d7094c35b4db6","2026-04-23T22:42:37.573000","2026-04-23T22:42:37.573000","service_eb508f39-ce3d-4391-bb12-d4211c02ede9","false"
"commission_earned","69e38bcada564eeacc35a4c3","Batch commission — event 69e38bcada564eeacc35a4c3 — 43.94$ [Dr escrow_liability]","escrow_liability","69eaa05db14d7094c35b4db6","4394","69e61e296e829d48ca47182b","","","2026-04-23T22:42:37.250Z","tr_1TPVx9EDnfppNFcxHkDPOhJN","CAD","","debit","69eaa05d4899d4d901df5f5d","2026-04-23T22:42:37.376000","2026-04-23T22:42:37.774000","service_eb508f39-ce3d-4391-bb12-d4211c02ede9","false"
"talent_transfer","69e38bcada564eeacc35a4c3","Batch cachet — event 69e38bcada564eeacc35a4c3 — 128.07$ → cGmADTy4 [Cr stripe_balance]","stripe_balance","69eaa05c925b9681c4234530","12807","69e61e28015e9ee1f601713a","","","2026-04-23T22:42:36.292Z","tr_1TPVx9EDnfppNFcxHkDPOhJN","CAD","","credit","69eaa05cb9d5d81f367ced35","2026-04-23T22:42:36.585000","2026-04-23T22:42:36.585000","service_eb508f39-ce3d-4391-bb12-d4211c02ede9","false"
"talent_transfer","69e38bcada564eeacc35a4c3","Batch cachet — event 69e38bcada564eeacc35a4c3 — 128.07$ → cGmADTy4 [Dr stripe_connect_transit]","stripe_connect_transit","69eaa05cb9d5d81f367ced35","12807","69e61e28015e9ee1f601713a","","","2026-04-23T22:42:36.292Z","tr_1TPVx9EDnfppNFcxHkDPOhJN","CAD","","debit","69eaa05c925b9681c4234530","2026-04-23T22:42:36.418000","2026-04-23T22:42:36.807000","service_eb508f39-ce3d-4391-bb12-d4211c02ede9","false"
"commission_earned","69e38bcada564eeacc35a4c3","Batch commission — event 69e38bcada564eeacc35a4c3 — 43.94$ [Cr revenue_commission]","revenue_commission","69eaa059811fe4dae3ca36b4","4394","69e61e296e829d48ca47182b","","","2026-04-23T22:42:33.803Z","tr_1TPVx5EDnfppNFcxsVHTgnhM","CAD","","credit","69eaa05a0d9193d286b8cf5c","2026-04-23T22:42:34.203000","2026-04-23T22:42:34.203000","service_eb508f39-ce3d-4391-bb12-d4211c02ede9","false"
"commission_earned","69e38bcada564eeacc35a4c3","Batch commission — event 69e38bcada564eeacc35a4c3 — 43.94$ [Dr escrow_liability]","escrow_liability","69eaa05a0d9193d286b8cf5c","4394","69e61e296e829d48ca47182b","","","2026-04-23T22:42:33.803Z","tr_1TPVx5EDnfppNFcxsVHTgnhM","CAD","","debit","69eaa059811fe4dae3ca36b4","2026-04-23T22:42:33.970000","2026-04-23T22:42:34.397000","service_eb508f39-ce3d-4391-bb12-d4211c02ede9","false"
"talent_transfer","69e38bcada564eeacc35a4c3","Batch cachet — event 69e38bcada564eeacc35a4c3 — 341.51$ → AHsHT7Zs [Cr stripe_balance]","stripe_balance","69eaa059f0b2682695bfe3ec","34151","69e61e29d82367638bf46a93","","","2026-04-23T22:42:32.877Z","tr_1TPVx5EDnfppNFcxsVHTgnhM","CAD","","credit","69eaa059da342ed186d355f6","2026-04-23T22:42:33.171000","2026-04-23T22:42:33.171000","service_eb508f39-ce3d-4391-bb12-d4211c02ede9","false"
"talent_transfer","69e38bcada564eeacc35a4c3","Batch cachet — event 69e38bcada564eeacc35a4c3 — 341.51$ → AHsHT7Zs [Dr stripe_connect_transit]","stripe_connect_transit","69eaa059da342ed186d355f6","34151","69e61e29d82367638bf46a93","","","2026-04-23T22:42:32.877Z","tr_1TPVx5EDnfppNFcxsVHTgnhM","CAD","","debit","69eaa059f0b2682695bfe3ec","2026-04-23T22:42:33.006000","2026-04-23T22:42:33.428000","service_eb508f39-ce3d-4391-bb12-d4211c02ede9","false"
"commission_earned","69e607df1a35938e445b9b2c","Batch commission — event 69e607df1a35938e445b9b2c — 22.80$ [Cr revenue_commission]","revenue_commission","69eaa056b14d7094c35b4db4","2280","69e6351074c728265ab5c9f3","","","2026-04-23T22:42:30.276Z","tr_1TPVx2EDnfppNFcxg3nI3hCM","CAD","","credit","69eaa056d47f201a041e431a","2026-04-23T22:42:30.616000","2026-04-23T22:42:30.616000","service_eb508f39-ce3d-4391-bb12-d4211c02ede9","false"
"commission_earned","69e607df1a35938e445b9b2c","Batch commission — event 69e607df1a35938e445b9b2c — 22.80$ [Dr escrow_liability]","escrow_liability","69eaa056d47f201a041e431a","2280","69e6351074c728265ab5c9f3","","","2026-04-23T22:42:30.276Z","tr_1TPVx2EDnfppNFcxg3nI3hCM","CAD","","debit","69eaa056b14d7094c35b4db4","2026-04-23T22:42:30.422000","2026-04-23T22:42:30.787000","service_eb508f39-ce3d-4391-bb12-d4211c02ede9","false"
"talent_transfer","69e607df1a35938e445b9b2c","Batch cachet — event 69e607df1a35938e445b9b2c — 201.19$ → B5g9Afuu [Cr stripe_balance]","stripe_balance","69eaa055ce4992b2687b54cf","20119","69e6350f8146f25e36d714d5","","","2026-04-23T22:42:29.306Z","tr_1TPVx2EDnfppNFcxg3nI3hCM","CAD","","credit","69eaa05507a111946b9f04cb","2026-04-23T22:42:29.645000","2026-04-23T22:42:29.645000","service_eb508f39-ce3d-4391-bb12-d4211c02ede9","false"
"talent_transfer","69e607df1a35938e445b9b2c","Batch cachet — event 69e607df1a35938e445b9b2c — 201.19$ → B5g9Afuu [Dr stripe_connect_transit]","stripe_connect_transit","69eaa05507a111946b9f04cb","20119","69e6350f8146f25e36d714d5","","","2026-04-23T22:42:29.306Z","tr_1TPVx2EDnfppNFcxg3nI3hCM","CAD","","debit","69eaa055ce4992b2687b54cf","2026-04-23T22:42:29.436000","2026-04-23T22:42:29.819000","service_eb508f39-ce3d-4391-bb12-d4211c02ede9","false"
"commission_earned","69e5454b680fefef316a8882","Batch commission — event 69e5454b680fefef316a8882 — 2.65$ [Cr revenue_commission]","revenue_commission","69eaa05276cac3248bfed685","265","69e7cb879179104819e5c2ac","","","2026-04-23T22:42:26.659Z","tr_1TPVwyEDnfppNFcxemhoTa3g","CAD","","credit","69eaa053b7757e733d99fbe2","2026-04-23T22:42:27.035000","2026-04-23T22:42:27.035000","service_eb508f39-ce3d-4391-bb12-d4211c02ede9","false"
"commission_earned","69e5454b680fefef316a8882","Batch commission — event 69e5454b680fefef316a8882 — 2.65$ [Dr escrow_liability]","escrow_liability","69eaa053b7757e733d99fbe2","265","69e7cb879179104819e5c2ac","","","2026-04-23T22:42:26.659Z","tr_1TPVwyEDnfppNFcxemhoTa3g","CAD","","debit","69eaa05276cac3248bfed685","2026-04-23T22:42:26.830000","2026-04-23T22:42:27.229000","service_eb508f39-ce3d-4391-bb12-d4211c02ede9","false"
"talent_transfer","69e5454b680fefef316a8882","Batch cachet — event 69e5454b680fefef316a8882 — 50.40$ → B5g9Afuu [Cr stripe_balance]","stripe_balance","69eaa0517e8f8c91768b4720","5040","69e7cb8669e6a56fa0a20ac3","","","2026-04-23T22:42:25.827Z","tr_1TPVwyEDnfppNFcxemhoTa3g","CAD","","credit","69eaa05282124e193bf3b4ab","2026-04-23T22:42:26.139000","2026-04-23T22:42:26.139000","service_eb508f39-ce3d-4391-bb12-d4211c02ede9","false"
"talent_transfer","69e5454b680fefef316a8882","Batch cachet — event 69e5454b680fefef316a8882 — 50.40$ → B5g9Afuu [Dr stripe_connect_transit]","stripe_connect_transit","69eaa05282124e193bf3b4ab","5040","69e7cb8669e6a56fa0a20ac3","","","2026-04-23T22:42:25.827Z","tr_1TPVwyEDnfppNFcxemhoTa3g","CAD","","debit","69eaa0517e8f8c91768b4720","2026-04-23T22:42:25.977000","2026-04-23T22:42:26.301000","service_eb508f39-ce3d-4391-bb12-d4211c02ede9","false"
"commission_earned","69e8b316fbc30cb9a462eec4","Batch commission — event 69e8b316fbc30cb9a462eec4 — 4.14$ [Cr revenue_commission]","revenue_commission","69eaa04f75bfe149a7e2183e","414","69ea17f633867f54a0d340d8","","","2026-04-23T22:42:23.175Z","tr_1TPVwvEDnfppNFcxlrVxvRie","CAD","","credit","69eaa04f5df7673d8278a7b9","2026-04-23T22:42:23.583000","2026-04-23T22:42:23.583000","service_eb508f39-ce3d-4391-bb12-d4211c02ede9","false"
"commission_earned","69e8b316fbc30cb9a462eec4","Batch commission — event 69e8b316fbc30cb9a462eec4 — 4.14$ [Dr escrow_liability]","escrow_liability","69eaa04f5df7673d8278a7b9","414","69ea17f633867f54a0d340d8","","","2026-04-23T22:42:23.175Z","tr_1TPVwvEDnfppNFcxlrVxvRie","CAD","","debit","69eaa04f75bfe149a7e2183e","2026-04-23T22:42:23.338000","2026-04-23T22:42:23.806000","service_eb508f39-ce3d-4391-bb12-d4211c02ede9","false"
"talent_transfer","69e8b316fbc30cb9a462eec4","Batch cachet — event 69e8b316fbc30cb9a462eec4 — 101.20$ → AHsHT7Zs [Cr stripe_balance]","stripe_balance","69eaa04e3b4740119a0c936b","10120","69ea17f578be058daa2b42f1","","","2026-04-23T22:42:22.085Z","tr_1TPVwvEDnfppNFcxlrVxvRie","CAD","","credit","69eaa04ec0697e80484ae27e","2026-04-23T22:42:22.526000","2026-04-23T22:42:22.526000","service_eb508f39-ce3d-4391-bb12-d4211c02ede9","false"
"talent_transfer","69e8b316fbc30cb9a462eec4","Batch cachet — event 69e8b316fbc30cb9a462eec4 — 101.20$ → AHsHT7Zs [Dr stripe_connect_transit]","stripe_connect_transit","69eaa04ec0697e80484ae27e","10120","69ea17f578be058daa2b42f1","","","2026-04-23T22:42:22.085Z","tr_1TPVwvEDnfppNFcxlrVxvRie","CAD","","debit","69eaa04e3b4740119a0c936b","2026-04-23T22:42:22.249000","2026-04-23T22:42:22.729000","service_eb508f39-ce3d-4391-bb12-d4211c02ede9","false"
"commission_earned","69e8b316fbc30cb9a462eec4","Batch commission — event 69e8b316fbc30cb9a462eec4 — 4.14$ [Cr revenue_commission]","revenue_commission","69eaa04b7512b2ee4fafa218","414","69ea17f633867f54a0d340d8","","","2026-04-23T22:42:19.581Z","tr_1TPVwrEDnfppNFcxj2IPGCHu","CAD","","credit","69eaa04b48beecffb8a925d8","2026-04-23T22:42:19.896000","2026-04-23T22:42:19.896000","service_eb508f39-ce3d-4391-bb12-d4211c02ede9","false"
"commission_earned","69e8b316fbc30cb9a462eec4","Batch commission — event 69e8b316fbc30cb9a462eec4 — 4.14$ [Dr escrow_liability]","escrow_liability","69eaa04b48beecffb8a925d8","414","69ea17f633867f54a0d340d8","","","2026-04-23T22:42:19.581Z","tr_1TPVwrEDnfppNFcxj2IPGCHu","CAD","","debit","69eaa04b7512b2ee4fafa218","2026-04-23T22:42:19.731000","2026-04-23T22:42:20.089000","service_eb508f39-ce3d-4391-bb12-d4211c02ede9","false"
"talent_transfer","69e8b316fbc30cb9a462eec4","Batch cachet — event 69e8b316fbc30cb9a462eec4 — 26.58$ → xJkejRFm [Cr stripe_balance]","stripe_balance","69eaa04a09ba02c136c10d6b","2658","69ea17f55a5cfad6a5c50b02","","","2026-04-23T22:42:18.408Z","tr_1TPVwrEDnfppNFcxj2IPGCHu","CAD","","credit","69eaa04a8213b33789efe4df","2026-04-23T22:42:18.755000","2026-04-23T22:42:18.755000","service_eb508f39-ce3d-4391-bb12-d4211c02ede9","false"
"talent_transfer","69e8b316fbc30cb9a462eec4","Batch cachet — event 69e8b316fbc30cb9a462eec4 — 26.58$ → xJkejRFm [Dr stripe_connect_transit]","stripe_connect_transit","69eaa04a8213b33789efe4df","2658","69ea17f55a5cfad6a5c50b02","","","2026-04-23T22:42:18.408Z","tr_1TPVwrEDnfppNFcxj2IPGCHu","CAD","","debit","69eaa04a09ba02c136c10d6b","2026-04-23T22:42:18.563000","2026-04-23T22:42:19.145000","service_eb508f39-ce3d-4391-bb12-d4211c02ede9","false"
"commission_earned","69e8b316fbc30cb9a462eec4","Batch commission — event 69e8b316fbc30cb9a462eec4 — 4.14$ [Cr revenue_commission]","revenue_commission","69eaa047797d03aa23ea04e2","414","69ea17f633867f54a0d340d8","","","2026-04-23T22:42:15.666Z","tr_1TPVwnEDnfppNFcxr6OReKkf","CAD","","credit","69eaa04878b9f1a5e7521d7a","2026-04-23T22:42:16.089000","2026-04-23T22:42:16.089000","service_eb508f39-ce3d-4391-bb12-d4211c02ede9","false"
"commission_earned","69e8b316fbc30cb9a462eec4","Batch commission — event 69e8b316fbc30cb9a462eec4 — 4.14$ [Dr escrow_liability]","escrow_liability","69eaa04878b9f1a5e7521d7a","414","69ea17f633867f54a0d340d8","","","2026-04-23T22:42:15.666Z","tr_1TPVwnEDnfppNFcxr6OReKkf","CAD","","debit","69eaa047797d03aa23ea04e2","2026-04-23T22:42:15.846000","2026-04-23T22:42:16.284000","service_eb508f39-ce3d-4391-bb12-d4211c02ede9","false"
"talent_transfer","69e8b316fbc30cb9a462eec4","Batch cachet — event 69e8b316fbc30cb9a462eec4 — 25.86$ → MmYk8UPo [Cr stripe_balance]","stripe_balance","69eaa04656171d4ed6eb913a","2586","69ea17f5bf46e53d3d80a74c","","","2026-04-23T22:42:14.612Z","tr_1TPVwnEDnfppNFcxr6OReKkf","CAD","","credit","69eaa0472c23cf530a2fb734","2026-04-23T22:42:15.077000","2026-04-23T22:42:15.077000","service_eb508f39-ce3d-4391-bb12-d4211c02ede9","false"
"talent_transfer","69e8b316fbc30cb9a462eec4","Batch cachet — event 69e8b316fbc30cb9a462eec4 — 25.86$ → MmYk8UPo [Dr stripe_connect_transit]","stripe_connect_transit","69eaa0472c23cf530a2fb734","2586","69ea17f5bf46e53d3d80a74c","","","2026-04-23T22:42:14.612Z","tr_1TPVwnEDnfppNFcxr6OReKkf","CAD","","debit","69eaa04656171d4ed6eb913a","2026-04-23T22:42:14.789000","2026-04-23T22:42:15.277000","service_eb508f39-ce3d-4391-bb12-d4211c02ede9","false"
"commission_earned","69e7a0eecfae6cce66c80590","Batch commission — event 69e7a0eecfae6cce66c80590 — 13.80$ [Cr revenue_commission]","revenue_commission","69eaa04414b3b229e04ca36f","1380","69ea17fb646723ea44500d51","","","2026-04-23T22:42:11.881Z","tr_1TPVwjEDnfppNFcxcf9SUhzQ","CAD","","credit","69eaa044545adad77a9df838","2026-04-23T22:42:12.260000","2026-04-23T22:42:12.260000","service_eb508f39-ce3d-4391-bb12-d4211c02ede9","false"
"commission_earned","69e7a0eecfae6cce66c80590","Batch commission — event 69e7a0eecfae6cce66c80590 — 13.80$ [Dr escrow_liability]","escrow_liability","69eaa044545adad77a9df838","1380","69ea17fb646723ea44500d51","","","2026-04-23T22:42:11.881Z","tr_1TPVwjEDnfppNFcxcf9SUhzQ","CAD","","debit","69eaa04414b3b229e04ca36f","2026-04-23T22:42:12.050000","2026-04-23T22:42:12.458000","service_eb508f39-ce3d-4391-bb12-d4211c02ede9","false"
"talent_transfer","69e7a0eecfae6cce66c80590","Batch cachet — event 69e7a0eecfae6cce66c80590 — 86.20$ → MmYk8UPo [Cr stripe_balance]","stripe_balance","69eaa043dd9cff4cddfc3d87","8620","69ea17fa3ce4270c1d853d3d","","","2026-04-23T22:42:10.911Z","tr_1TPVwjEDnfppNFcxcf9SUhzQ","CAD","","credit","69eaa0431deb42d66087aff4","2026-04-23T22:42:11.267000","2026-04-23T22:42:11.267000","service_eb508f39-ce3d-4391-bb12-d4211c02ede9","false"
"talent_transfer","69e7a0eecfae6cce66c80590","Batch cachet — event 69e7a0eecfae6cce66c80590 — 86.20$ → MmYk8UPo [Dr stripe_connect_transit]","stripe_connect_transit","69eaa0431deb42d66087aff4","8620","69ea17fa3ce4270c1d853d3d","","","2026-04-23T22:42:10.911Z","tr_1TPVwjEDnfppNFcxcf9SUhzQ","CAD","","debit","69eaa043dd9cff4cddfc3d87","2026-04-23T22:42:11.063000","2026-04-23T22:42:11.442000","service_eb508f39-ce3d-4391-bb12-d4211c02ede9","false"
"commission_earned","69e76b9ff5bd785d483c6526","Batch commission — event 69e76b9ff5bd785d483c6526 — 9.00$ [Cr revenue_commission]","revenue_commission","69eaa03fdbf1e54a8ccd541a","900","69ea17fed48169569f69ee73","","","2026-04-23T22:42:07.717Z","tr_1TPVwfEDnfppNFcxyWAsiCt3","CAD","","credit","69eaa040d4a981dbba279b50","2026-04-23T22:42:08.021000","2026-04-23T22:42:08.021000","service_eb508f39-ce3d-4391-bb12-d4211c02ede9","false"
"commission_earned","69e76b9ff5bd785d483c6526","Batch commission — event 69e76b9ff5bd785d483c6526 — 9.00$ [Dr escrow_liability]","escrow_liability","69eaa040d4a981dbba279b50","900","69ea17fed48169569f69ee73","","","2026-04-23T22:42:07.717Z","tr_1TPVwfEDnfppNFcxyWAsiCt3","CAD","","debit","69eaa03fdbf1e54a8ccd541a","2026-04-23T22:42:07.855000","2026-04-23T22:42:08.253000","service_eb508f39-ce3d-4391-bb12-d4211c02ede9","false"
"talent_transfer","69e76b9ff5bd785d483c6526","Batch cachet — event 69e76b9ff5bd785d483c6526 — 91.00$ → B5g9Afuu [Cr stripe_balance]","stripe_balance","69eaa03ef678daa0e43c5cbb","9100","69ea17fed9627d560e151f0d","","","2026-04-23T22:42:06.800Z","tr_1TPVwfEDnfppNFcxyWAsiCt3","CAD","","credit","69eaa03f811fe4dae3ca368d","2026-04-23T22:42:07.111000","2026-04-23T22:42:07.111000","service_eb508f39-ce3d-4391-bb12-d4211c02ede9","false"
"talent_transfer","69e76b9ff5bd785d483c6526","Batch cachet — event 69e76b9ff5bd785d483c6526 — 91.00$ → B5g9Afuu [Dr stripe_connect_transit]","stripe_connect_transit","69eaa03f811fe4dae3ca368d","9100","69ea17fed9627d560e151f0d","","","2026-04-23T22:42:06.800Z","tr_1TPVwfEDnfppNFcxyWAsiCt3","CAD","","debit","69eaa03ef678daa0e43c5cbb","2026-04-23T22:42:06.940000","2026-04-23T22:42:07.292000","service_eb508f39-ce3d-4391-bb12-d4211c02ede9","false"
"commission_earned","69e7695b2859dda1a128a083","Batch commission — event 69e7695b2859dda1a128a083 — 15.00$ [Cr revenue_commission]","revenue_commission","69eaa03c6c74d9e5559d22e3","1500","69ea1801a8dab30962b1435f","","","2026-04-23T22:42:04.170Z","tr_1TPVwcEDnfppNFcxDsdvhrNm","CAD","","credit","69eaa03c2bb53980ed35a139","2026-04-23T22:42:04.547000","2026-04-23T22:42:04.547000","service_eb508f39-ce3d-4391-bb12-d4211c02ede9","false"
"commission_earned","69e7695b2859dda1a128a083","Batch commission — event 69e7695b2859dda1a128a083 — 15.00$ [Dr escrow_liability]","escrow_liability","69eaa03c2bb53980ed35a139","1500","69ea1801a8dab30962b1435f","","","2026-04-23T22:42:04.170Z","tr_1TPVwcEDnfppNFcxDsdvhrNm","CAD","","debit","69eaa03c6c74d9e5559d22e3","2026-04-23T22:42:04.351000","2026-04-23T22:42:04.735000","service_eb508f39-ce3d-4391-bb12-d4211c02ede9","false"
"talent_transfer","69e7695b2859dda1a128a083","Batch cachet — event 69e7695b2859dda1a128a083 — 285.00$ → cGmADTy4 [Cr stripe_balance]","stripe_balance","69eaa03b92b32bd12b0c841e","28500","69ea1801962a08d5f95ab639","","","2026-04-23T22:42:03.235Z","tr_1TPVwcEDnfppNFcxDsdvhrNm","CAD","","credit","69eaa03b7083813df26cf184","2026-04-23T22:42:03.604000","2026-04-23T22:42:03.604000","service_eb508f39-ce3d-4391-bb12-d4211c02ede9","false"
"talent_transfer","69e7695b2859dda1a128a083","Batch cachet — event 69e7695b2859dda1a128a083 — 285.00$ → cGmADTy4 [Dr stripe_connect_transit]","stripe_connect_transit","69eaa03b7083813df26cf184","28500","69ea1801962a08d5f95ab639","","","2026-04-23T22:42:03.235Z","tr_1TPVwcEDnfppNFcxDsdvhrNm","CAD","","debit","69eaa03b92b32bd12b0c841e","2026-04-23T22:42:03.398000","2026-04-23T22:42:03.784000","service_eb508f39-ce3d-4391-bb12-d4211c02ede9","false"
"commission_earned","69ea2acd3025a2080e9ba3f1","Batch commission — event 69ea2acd3025a2080e9ba3f1 — 4.10$ [Cr revenue_commission]","revenue_commission","69eaa0383c0dbe93ef63fad0","410","69ea37cda4087236fbfa20ee","","","2026-04-23T22:42:00.662Z","tr_1TPVwYEDnfppNFcxiY67sUgs","CAD","","credit","69eaa039cfbc0e0e9cc5327f","2026-04-23T22:42:01.017000","2026-04-23T22:42:01.017000","service_eb508f39-ce3d-4391-bb12-d4211c02ede9","false"
"commission_earned","69ea2acd3025a2080e9ba3f1","Batch commission — event 69ea2acd3025a2080e9ba3f1 — 4.10$ [Dr escrow_liability]","escrow_liability","69eaa039cfbc0e0e9cc5327f","410","69ea37cda4087236fbfa20ee","","","2026-04-23T22:42:00.662Z","tr_1TPVwYEDnfppNFcxiY67sUgs","CAD","","debit","69eaa0383c0dbe93ef63fad0","2026-04-23T22:42:00.817000","2026-04-23T22:42:01.199000","service_eb508f39-ce3d-4391-bb12-d4211c02ede9","false"
"talent_transfer","69ea2acd3025a2080e9ba3f1","Batch cachet — event 69ea2acd3025a2080e9ba3f1 — 24.17$ → pkPYEQBM [Cr stripe_balance]","stripe_balance","69eaa037f8a1b56f4cb3d27c","2417","69ea37cb09343f48a7faeaae","","","2026-04-23T22:41:59.586Z","tr_1TPVwYEDnfppNFcxiY67sUgs","CAD","","credit","69eaa037efab8a5c69b1fa32","2026-04-23T22:41:59.949000","2026-04-23T22:41:59.949000","service_eb508f39-ce3d-4391-bb12-d4211c02ede9","false"
"talent_transfer","69ea2acd3025a2080e9ba3f1","Batch cachet — event 69ea2acd3025a2080e9ba3f1 — 24.17$ → pkPYEQBM [Dr stripe_connect_transit]","stripe_connect_transit","69eaa037efab8a5c69b1fa32","2417","69ea37cb09343f48a7faeaae","","","2026-04-23T22:41:59.586Z","tr_1TPVwYEDnfppNFcxiY67sUgs","CAD","","debit","69eaa037f8a1b56f4cb3d27c","2026-04-23T22:41:59.772000","2026-04-23T22:42:00.177000","service_eb508f39-ce3d-4391-bb12-d4211c02ede9","false"
"escrow_released","69ea7a3dba45aac7aea9dcb0","Escrow libéré — event 69ea7a3dba45aac7aea9dcb0 — 46.00$ CAD [Cr stripe_balance]","stripe_balance","69ea7b70e5ababd1715cac2f","4600","","","","2026-04-23T20:05:04.094Z","pi_3TPTSsEDnfppNFcx0Q242a32","CAD","","credit","69ea7b7076cac3248bfeaaa0","2026-04-23T20:05:04.559000","2026-04-23T20:05:04.559000","service_eb508f39-ce3d-4391-bb12-d4211c02ede9","false"
"escrow_released","69ea7a3dba45aac7aea9dcb0","Escrow libéré — event 69ea7a3dba45aac7aea9dcb0 — 46.00$ CAD [Dr escrow_liability]","escrow_liability","69ea7b7076cac3248bfeaaa0","4600","","","","2026-04-23T20:05:04.094Z","pi_3TPTSsEDnfppNFcx0Q242a32","CAD","","debit","69ea7b70e5ababd1715cac2f","2026-04-23T20:05:04.321000","2026-04-23T20:05:04.831000","service_eb508f39-ce3d-4391-bb12-d4211c02ede9","false"
"deposit_captured","69ea7a3dba45aac7aea9dcb0","Dépôt capturé — event 69ea7a3dba45aac7aea9dcb0 — 46.00$ CAD [Cr stripe_clearing]","stripe_clearing","69ea7b6f3c27de209e85c7ab","4600","","","","2026-04-23T20:05:03.197Z","pi_3TPTSsEDnfppNFcx0Q242a32","CAD","","credit","69ea7b6f0e87bf7ae10355c1","2026-04-23T20:05:03.646000","2026-04-23T20:05:03.646000","service_eb508f39-ce3d-4391-bb12-d4211c02ede9","false"
"deposit_captured","69ea7a3dba45aac7aea9dcb0","Dépôt capturé — event 69ea7a3dba45aac7aea9dcb0 — 46.00$ CAD [Dr stripe_balance]","stripe_balance","69ea7b6f0e87bf7ae10355c1","4600","","","","2026-04-23T20:05:03.197Z","pi_3TPTSsEDnfppNFcx0Q242a32","CAD","","debit","69ea7b6f3c27de209e85c7ab","2026-04-23T20:05:03.424000","2026-04-23T20:05:03.852000","service_eb508f39-ce3d-4391-bb12-d4211c02ede9","false"
"balance_received","69ea7a3dba45aac7aea9dcb0","Balance 80% reçue — event 69ea7a3dba45aac7aea9dcb0 — 184.00$ CAD [Cr balance_liability]","balance_liability","69ea7b3ad952d2c96bf1f692","18400","","","","2026-04-23T20:04:10.592Z","pi_3TPTTaEDnfppNFcx1J7inEDg","CAD","698d204286a5af9808991620","credit","69ea7b3b6401d9a487a1a256","2026-04-23T20:04:11.509000","2026-04-23T20:04:11.509000","service_eb508f39-ce3d-4391-bb12-d4211c02ede9","false"
"balance_received","69ea7a3dba45aac7aea9dcb0","Balance 80% reçue — event 69ea7a3dba45aac7aea9dcb0 — 184.00$ CAD [Dr stripe_balance]","stripe_balance","69ea7b3b6401d9a487a1a256","18400","","","","2026-04-23T20:04:10.592Z","pi_3TPTTaEDnfppNFcx1J7inEDg","CAD","698d204286a5af9808991620","debit","69ea7b3ad952d2c96bf1f692","2026-04-23T20:04:10.999000","2026-04-23T20:04:11.839000","service_eb508f39-ce3d-4391-bb12-d4211c02ede9","false"
"deposit_authorized","69ea7a3dba45aac7aea9dcb0","Dépôt 20% autorisé (requires_capture) — event 69ea7a3dba45aac7aea9dcb0 — 46.00$ CAD [Cr escrow_liability]","escrow_liability","69ea7b12c45a1c75f539cce9","4600","","","","2026-04-23T20:03:30.518Z","pi_3TPTSsEDnfppNFcx0Q242a32","CAD","698d204286a5af9808991620","credit","69ea7b1205a0dd7e881dfa8b","2026-04-23T20:03:30.917000","2026-04-23T20:03:30.917000","service_eb508f39-ce3d-4391-bb12-d4211c02ede9","false"
"deposit_authorized","69ea7a3dba45aac7aea9dcb0","Dépôt 20% autorisé (requires_capture) — event 69ea7a3dba45aac7aea9dcb0 — 46.00$ CAD [Dr stripe_clearing]","stripe_clearing","69ea7b1205a0dd7e881dfa8b","4600","","","","2026-04-23T20:03:30.518Z","pi_3TPTSsEDnfppNFcx0Q242a32","CAD","698d204286a5af9808991620","debit","69ea7b12c45a1c75f539cce9","2026-04-23T20:03:30.723000","2026-04-23T20:03:31.196000","service_eb508f39-ce3d-4391-bb12-d4211c02ede9","false"
"escrow_released","69ea44480ce0b77f1fda9c04","Escrow libéré — event 69ea44480ce0b77f1fda9c04 — 200.00$ CAD [Cr stripe_balance]","stripe_balance","69ea45459287bd437763cbd2","20000","","","","2026-04-23T16:13:57.427Z","pi_3TPPqREDnfppNFcx16ZUgnky","CAD","","credit","69ea45453160d02fe199fdeb","2026-04-23T16:13:57.766000","2026-04-23T16:13:57.766000","service_eb508f39-ce3d-4391-bb12-d4211c02ede9","false"
"escrow_released","69ea44480ce0b77f1fda9c04","Escrow libéré — event 69ea44480ce0b77f1fda9c04 — 200.00$ CAD [Dr escrow_liability]","escrow_liability","69ea45453160d02fe199fdeb","20000","","","","2026-04-23T16:13:57.427Z","pi_3TPPqREDnfppNFcx16ZUgnky","CAD","","debit","69ea45459287bd437763cbd2","2026-04-23T16:13:57.578000","2026-04-23T16:13:58.005000","service_eb508f39-ce3d-4391-bb12-d4211c02ede9","false"
"deposit_captured","69ea44480ce0b77f1fda9c04","Dépôt capturé — event 69ea44480ce0b77f1fda9c04 — 200.00$ CAD [Cr stripe_clearing]","stripe_clearing","69ea454406da845c358452c3","20000","","","","2026-04-23T16:13:56.458Z","pi_3TPPqREDnfppNFcx16ZUgnky","CAD","","credit","69ea4544c99bdcabb2109e06","2026-04-23T16:13:56.912000","2026-04-23T16:13:56.912000","service_eb508f39-ce3d-4391-bb12-d4211c02ede9","false"
"deposit_captured","69ea44480ce0b77f1fda9c04","Dépôt capturé — event 69ea44480ce0b77f1fda9c04 — 200.00$ CAD [Dr stripe_balance]","stripe_balance","69ea4544c99bdcabb2109e06","20000","","","","2026-04-23T16:13:56.458Z","pi_3TPPqREDnfppNFcx16ZUgnky","CAD","","debit","69ea454406da845c358452c3","2026-04-23T16:13:56.715000","2026-04-23T16:13:57.171000","service_eb508f39-ce3d-4391-bb12-d4211c02ede9","false"
"deposit_authorized","69ea44480ce0b77f1fda9c04","Complément dépôt — event 69ea44480ce0b77f1fda9c04 — +100.00$ CAD (escrow 100.00 → 200.00) [Cr escrow_liability]","escrow_liability","69ea45371d6a943a628c25de","10000","","","","2026-04-23T16:13:42.928Z","pi_3TPPsZEDnfppNFcx1VKe1pf6","CAD","698d204286a5af9808991620","credit","69ea45376b060b93fe22971f","2026-04-23T16:13:43.390000","2026-04-23T16:13:43.390000","service_eb508f39-ce3d-4391-bb12-d4211c02ede9","false"
"deposit_authorized","69ea44480ce0b77f1fda9c04","Complément dépôt — event 69ea44480ce0b77f1fda9c04 — +100.00$ CAD (escrow 100.00 → 200.00) [Dr stripe_clearing]","stripe_clearing","69ea45376b060b93fe22971f","10000","","","","2026-04-23T16:13:42.928Z","pi_3TPPsZEDnfppNFcx1VKe1pf6","CAD","698d204286a5af9808991620","debit","69ea45371d6a943a628c25de","2026-04-23T16:13:43.126000","2026-04-23T16:13:43.616000","service_eb508f39-ce3d-4391-bb12-d4211c02ede9","false"
"balance_received","69ea44480ce0b77f1fda9c04","Balance 80% reçue — event 69ea44480ce0b77f1fda9c04 — 900.00$ CAD [Cr balance_liability]","balance_liability","69ea44fc04c8591ba25afeb0","90000","","","","2026-04-23T16:12:44.319Z","pi_3TPPrfEDnfppNFcx0MI4iBam","CAD","698d204286a5af9808991620","credit","69ea44fc83c7c0fbf873df81","2026-04-23T16:12:44.820000","2026-04-23T16:12:44.820000","service_eb508f39-ce3d-4391-bb12-d4211c02ede9","false"
"balance_received","69ea44480ce0b77f1fda9c04","Balance 80% reçue — event 69ea44480ce0b77f1fda9c04 — 900.00$ CAD [Dr stripe_balance]","stripe_balance","69ea44fc83c7c0fbf873df81","90000","","","","2026-04-23T16:12:44.319Z","pi_3TPPrfEDnfppNFcx0MI4iBam","CAD","698d204286a5af9808991620","debit","69ea44fc04c8591ba25afeb0","2026-04-23T16:12:44.625000","2026-04-23T16:12:45.056000","service_eb508f39-ce3d-4391-bb12-d4211c02ede9","false"
"deposit_authorized","69ea44480ce0b77f1fda9c04","Dépôt 20% autorisé (requires_capture) — event 69ea44480ce0b77f1fda9c04 — 100.00$ CAD [Cr escrow_liability]","escrow_liability","69ea44b5f4ef53ed4ba66bf6","10000","","","","2026-04-23T16:11:33.117Z","pi_3TPPqREDnfppNFcx16ZUgnky","CAD","698d204286a5af9808991620","credit","69ea44b5196456061f8e4e0e","2026-04-23T16:11:33.472000","2026-04-23T16:11:33.472000","service_eb508f39-ce3d-4391-bb12-d4211c02ede9","false"
"deposit_authorized","69ea44480ce0b77f1fda9c04","Dépôt 20% autorisé (requires_capture) — event 69ea44480ce0b77f1fda9c04 — 100.00$ CAD [Dr stripe_clearing]","stripe_clearing","69ea44b5196456061f8e4e0e","10000","","","","2026-04-23T16:11:33.117Z","pi_3TPPqREDnfppNFcx16ZUgnky","CAD","698d204286a5af9808991620","debit","69ea44b5f4ef53ed4ba66bf6","2026-04-23T16:11:33.296000","2026-04-23T16:11:33.668000","service_eb508f39-ce3d-4391-bb12-d4211c02ede9","false"
"escrow_released","69ea38cbfecda0c9be8b840e","Escrow libéré — event 69ea38cbfecda0c9be8b840e — 20.00$ CAD [Cr stripe_balance]","stripe_balance","69ea39d0f1077fe52eb66a67","2000","","","","2026-04-23T15:25:04.606Z","pi_3TPP5IEDnfppNFcx1QixGKFR","CAD","","credit","69ea39d18ea3ea848b146be9","2026-04-23T15:25:05.045000","2026-04-23T15:25:05.045000","service_eb508f39-ce3d-4391-bb12-d4211c02ede9","false"
"escrow_released","69ea38cbfecda0c9be8b840e","Escrow libéré — event 69ea38cbfecda0c9be8b840e — 20.00$ CAD [Dr escrow_liability]","escrow_liability","69ea39d18ea3ea848b146be9","2000","","","","2026-04-23T15:25:04.606Z","pi_3TPP5IEDnfppNFcx1QixGKFR","CAD","","debit","69ea39d0f1077fe52eb66a67","2026-04-23T15:25:04.797000","2026-04-23T15:25:05.387000","service_eb508f39-ce3d-4391-bb12-d4211c02ede9","false"
"deposit_captured","69ea38cbfecda0c9be8b840e","Dépôt capturé — event 69ea38cbfecda0c9be8b840e — 20.00$ CAD [Cr stripe_clearing]","stripe_clearing","69ea39cfbdf2965f715b4202","2000","","","","2026-04-23T15:25:03.576Z","pi_3TPP5IEDnfppNFcx1QixGKFR","CAD","","credit","69ea39d02f233f35222a2e62","2026-04-23T15:25:04.025000","2026-04-23T15:25:04.025000","service_eb508f39-ce3d-4391-bb12-d4211c02ede9","false"
"deposit_captured","69ea38cbfecda0c9be8b840e","Dépôt capturé — event 69ea38cbfecda0c9be8b840e — 20.00$ CAD [Dr stripe_balance]","stripe_balance","69ea39d02f233f35222a2e62","2000","","","","2026-04-23T15:25:03.576Z","pi_3TPP5IEDnfppNFcx1QixGKFR","CAD","","debit","69ea39cfbdf2965f715b4202","2026-04-23T15:25:03.808000","2026-04-23T15:25:04.368000","service_eb508f39-ce3d-4391-bb12-d4211c02ede9","false"
"balance_received","69ea38cbfecda0c9be8b840e","Balance 80% reçue — event 69ea38cbfecda0c9be8b840e — 80.00$ CAD [Cr balance_liability]","balance_liability","69ea39908c2156ba9b70e757","8000","","","","2026-04-23T15:23:59.859Z","pi_3TPP6KEDnfppNFcx11zWl1zt","CAD","698d204286a5af9808991620","credit","69ea39909815df5a8c9f34dc","2026-04-23T15:24:00.277000","2026-04-23T15:24:00.277000","service_eb508f39-ce3d-4391-bb12-d4211c02ede9","false"
"balance_received","69ea38cbfecda0c9be8b840e","Balance 80% reçue — event 69ea38cbfecda0c9be8b840e — 80.00$ CAD [Dr stripe_balance]","stripe_balance","69ea39909815df5a8c9f34dc","8000","","","","2026-04-23T15:23:59.859Z","pi_3TPP6KEDnfppNFcx11zWl1zt","CAD","698d204286a5af9808991620","debit","69ea39908c2156ba9b70e757","2026-04-23T15:24:00.069000","2026-04-23T15:24:00.523000","service_eb508f39-ce3d-4391-bb12-d4211c02ede9","false"
"deposit_authorized","69ea38cbfecda0c9be8b840e","Dépôt 20% autorisé (requires_capture) — event 69ea38cbfecda0c9be8b840e — 20.00$ CAD [Cr escrow_liability]","escrow_liability","69ea394b5abec22790824b26","2000","","","","2026-04-23T15:22:51.063Z","pi_3TPP5IEDnfppNFcx1QixGKFR","CAD","698d204286a5af9808991620","credit","69ea394ba444e2c42521257d","2026-04-23T15:22:51.372000","2026-04-23T15:22:51.372000","service_eb508f39-ce3d-4391-bb12-d4211c02ede9","false"
"deposit_authorized","69ea38cbfecda0c9be8b840e","Dépôt 20% autorisé (requires_capture) — event 69ea38cbfecda0c9be8b840e — 20.00$ CAD [Dr stripe_clearing]","stripe_clearing","69ea394ba444e2c42521257d","2000","","","","2026-04-23T15:22:51.063Z","pi_3TPP5IEDnfppNFcx1QixGKFR","CAD","698d204286a5af9808991620","debit","69ea394b5abec22790824b26","2026-04-23T15:22:51.218000","2026-04-23T15:22:51.616000","service_eb508f39-ce3d-4391-bb12-d4211c02ede9","false"
"adjustment_received","69ea2acd3025a2080e9ba3f1","Ajustement programme — 25 — 25.00$ CAD [Cr balance_liability]","balance_liability","69ea2df7cd153d1057ccc18f","2500","","","","2026-04-23T14:34:31.196Z","pi_3TPOKaEDnfppNFcx02J31Sdp","CAD","698d204286a5af9808991620","credit","69ea2df7262f0363a7e7fa2e","2026-04-23T14:34:31.562000","2026-04-23T14:34:31.562000","service_eb508f39-ce3d-4391-bb12-d4211c02ede9","false"
"adjustment_received","69ea2acd3025a2080e9ba3f1","Ajustement programme — 25 — 25.00$ CAD [Dr stripe_balance]","stripe_balance","69ea2df7262f0363a7e7fa2e","2500","","","","2026-04-23T14:34:31.196Z","pi_3TPOKaEDnfppNFcx02J31Sdp","CAD","698d204286a5af9808991620","debit","69ea2df7cd153d1057ccc18f","2026-04-23T14:34:31.371000","2026-04-23T14:34:31.847000","service_eb508f39-ce3d-4391-bb12-d4211c02ede9","false"
"escrow_released","69ea2acd3025a2080e9ba3f1","Escrow libéré — event 69ea2acd3025a2080e9ba3f1 — 14.40$ CAD [Cr stripe_balance]","stripe_balance","69ea2da0400f623eebec1cf5","1440","","","","2026-04-23T14:33:04.254Z","pi_3TPOBMEDnfppNFcx0KUkzAs2","CAD","","credit","69ea2da0f733ba4ca4737119","2026-04-23T14:33:04.654000","2026-04-23T14:33:04.654000","service_eb508f39-ce3d-4391-bb12-d4211c02ede9","false"
"escrow_released","69ea2acd3025a2080e9ba3f1","Escrow libéré — event 69ea2acd3025a2080e9ba3f1 — 14.40$ CAD [Dr escrow_liability]","escrow_liability","69ea2da0f733ba4ca4737119","1440","","","","2026-04-23T14:33:04.254Z","pi_3TPOBMEDnfppNFcx0KUkzAs2","CAD","","debit","69ea2da0400f623eebec1cf5","2026-04-23T14:33:04.461000","2026-04-23T14:33:05.139000","service_eb508f39-ce3d-4391-bb12-d4211c02ede9","false"
"deposit_captured","69ea2acd3025a2080e9ba3f1","Dépôt capturé — event 69ea2acd3025a2080e9ba3f1 — 14.40$ CAD [Cr stripe_clearing]","stripe_clearing","69ea2d9f455642ac676f666c","1440","","","","2026-04-23T14:33:03.414Z","pi_3TPOBMEDnfppNFcx0KUkzAs2","CAD","","credit","69ea2d9f2feceb57688ce419","2026-04-23T14:33:03.785000","2026-04-23T14:33:03.785000","service_eb508f39-ce3d-4391-bb12-d4211c02ede9","false"
"deposit_captured","69ea2acd3025a2080e9ba3f1","Dépôt capturé — event 69ea2acd3025a2080e9ba3f1 — 14.40$ CAD [Dr stripe_balance]","stripe_balance","69ea2d9f2feceb57688ce419","1440","","","","2026-04-23T14:33:03.414Z","pi_3TPOBMEDnfppNFcx0KUkzAs2","CAD","","debit","69ea2d9f455642ac676f666c","2026-04-23T14:33:03.572000","2026-04-23T14:33:03.995000","service_eb508f39-ce3d-4391-bb12-d4211c02ede9","false"
"balance_received","69ea2acd3025a2080e9ba3f1","Balance 80% reçue — event 69ea2acd3025a2080e9ba3f1 — 57.60$ CAD [Cr balance_liability]","balance_liability","69ea2cc547a46a8538a8f7cb","5760","","","","2026-04-23T14:29:25.071Z","pi_3TPOFfEDnfppNFcx0TfxXNXq","CAD","698d204286a5af9808991620","credit","69ea2cc5e62dd1d18d9a717c","2026-04-23T14:29:25.467000","2026-04-23T14:29:25.467000","service_eb508f39-ce3d-4391-bb12-d4211c02ede9","false"
"balance_received","69ea2acd3025a2080e9ba3f1","Balance 80% reçue — event 69ea2acd3025a2080e9ba3f1 — 57.60$ CAD [Dr stripe_balance]","stripe_balance","69ea2cc5e62dd1d18d9a717c","5760","","","","2026-04-23T14:29:25.071Z","pi_3TPOFfEDnfppNFcx0TfxXNXq","CAD","698d204286a5af9808991620","debit","69ea2cc547a46a8538a8f7cb","2026-04-23T14:29:25.262000","2026-04-23T14:29:25.650000","service_eb508f39-ce3d-4391-bb12-d4211c02ede9","false"
"deposit_authorized","69ea2acd3025a2080e9ba3f1","Dépôt 20% autorisé (requires_capture) — event 69ea2acd3025a2080e9ba3f1 — 14.40$ CAD [Cr escrow_liability]","escrow_liability","69ea2bc159933926ef45bad0","1440","","","","2026-04-23T14:25:05.676Z","pi_3TPOBMEDnfppNFcx0KUkzAs2","CAD","698d204286a5af9808991620","credit","69ea2bc2b26982a34e89d297","2026-04-23T14:25:06.072000","2026-04-23T14:25:06.072000","service_eb508f39-ce3d-4391-bb12-d4211c02ede9","false"
"deposit_authorized","69ea2acd3025a2080e9ba3f1","Dépôt 20% autorisé (requires_capture) — event 69ea2acd3025a2080e9ba3f1 — 14.40$ CAD [Dr stripe_clearing]","stripe_clearing","69ea2bc2b26982a34e89d297","1440","","","","2026-04-23T14:25:05.676Z","pi_3TPOBMEDnfppNFcx0KUkzAs2","CAD","698d204286a5af9808991620","debit","69ea2bc159933926ef45bad0","2026-04-23T14:25:05.933000","2026-04-23T14:25:06.360000","service_eb508f39-ce3d-4391-bb12-d4211c02ede9","false"
"escrow_released","69ea11a48f571b434985fe92","Escrow libéré — event 69ea11a48f571b434985fe92 — 36.00$ CAD [Cr stripe_balance]","stripe_balance","69ea12f870e9bd094f0f81c4","3600","","","","2026-04-23T12:39:20.565Z","pi_3TPMUTEDnfppNFcx0yd87j0S","CAD","","credit","69ea12f87b78c89476275cff","2026-04-23T12:39:20.870000","2026-04-23T12:39:20.870000","service_eb508f39-ce3d-4391-bb12-d4211c02ede9","false"
"escrow_released","69ea11a48f571b434985fe92","Escrow libéré — event 69ea11a48f571b434985fe92 — 36.00$ CAD [Dr escrow_liability]","escrow_liability","69ea12f87b78c89476275cff","3600","","","","2026-04-23T12:39:20.565Z","pi_3TPMUTEDnfppNFcx0yd87j0S","CAD","","debit","69ea12f870e9bd094f0f81c4","2026-04-23T12:39:20.718000","2026-04-23T12:39:21.050000","service_eb508f39-ce3d-4391-bb12-d4211c02ede9","false"
"deposit_captured","69ea11a48f571b434985fe92","Dépôt capturé — event 69ea11a48f571b434985fe92 — 36.00$ CAD [Cr stripe_clearing]","stripe_clearing","69ea12f7568a95cbaf44da86","3600","","","","2026-04-23T12:39:19.732Z","pi_3TPMUTEDnfppNFcx0yd87j0S","CAD","","credit","69ea12f864abdbda76b9b5ca","2026-04-23T12:39:20.118000","2026-04-23T12:39:20.118000","service_eb508f39-ce3d-4391-bb12-d4211c02ede9","false"
"deposit_captured","69ea11a48f571b434985fe92","Dépôt capturé — event 69ea11a48f571b434985fe92 — 36.00$ CAD [Dr stripe_balance]","stripe_balance","69ea12f864abdbda76b9b5ca","3600","","","","2026-04-23T12:39:19.732Z","pi_3TPMUTEDnfppNFcx0yd87j0S","CAD","","debit","69ea12f7568a95cbaf44da86","2026-04-23T12:39:19.887000","2026-04-23T12:39:20.289000","service_eb508f39-ce3d-4391-bb12-d4211c02ede9","false"
"balance_received","69ea11a48f571b434985fe92","Balance 80% reçue — event 69ea11a48f571b434985fe92 — 144.00$ CAD [Cr balance_liability]","balance_liability","69ea12d4f8b2b79acdd3aa7c","14400","","","","2026-04-23T12:38:44.089Z","pi_3TPMWaEDnfppNFcx1YVJo7Yf","CAD","698d204286a5af9808991620","credit","69ea12d482b127451dccb316","2026-04-23T12:38:44.645000","2026-04-23T12:38:44.645000","service_eb508f39-ce3d-4391-bb12-d4211c02ede9","false"
"balance_received","69ea11a48f571b434985fe92","Balance 80% reçue — event 69ea11a48f571b434985fe92 — 144.00$ CAD [Dr stripe_balance]","stripe_balance","69ea12d482b127451dccb316","14400","","","","2026-04-23T12:38:44.089Z","pi_3TPMWaEDnfppNFcx1YVJo7Yf","CAD","698d204286a5af9808991620","debit","69ea12d4f8b2b79acdd3aa7c","2026-04-23T12:38:44.315000","2026-04-23T12:38:44.991000","service_eb508f39-ce3d-4391-bb12-d4211c02ede9","false"
"deposit_authorized","69ea11a48f571b434985fe92","Dépôt 20% autorisé (requires_capture) — event 69ea11a48f571b434985fe92 — 36.00$ CAD [Cr escrow_liability]","escrow_liability","69ea12551a6d8b703c2440e4","3600","","","","2026-04-23T12:36:37.074Z","pi_3TPMUTEDnfppNFcx0yd87j0S","CAD","698d204286a5af9808991620","credit","69ea12552b1f20de775c5d60","2026-04-23T12:36:37.424000","2026-04-23T12:36:37.424000","service_eb508f39-ce3d-4391-bb12-d4211c02ede9","false"
"deposit_authorized","69ea11a48f571b434985fe92","Dépôt 20% autorisé (requires_capture) — event 69ea11a48f571b434985fe92 — 36.00$ CAD [Dr stripe_clearing]","stripe_clearing","69ea12552b1f20de775c5d60","3600","","","","2026-04-23T12:36:37.074Z","pi_3TPMUTEDnfppNFcx0yd87j0S","CAD","698d204286a5af9808991620","debit","69ea12551a6d8b703c2440e4","2026-04-23T12:36:37.231000","2026-04-23T12:36:37.633000","service_eb508f39-ce3d-4391-bb12-d4211c02ede9","false"
"adjustment_received","69e9f68a8934e1f22b3ef8c3","Ajustement programme — 180 — 180.00$ CAD [Cr balance_liability]","balance_liability","69e9f7e7a1be293e67e46469","18000","","","","2026-04-23T10:43:51.051Z","pi_3TPKjNEDnfppNFcx1Kr1F9Um","CAD","","credit","69e9f7e7da3cb54520a65ef8","2026-04-23T10:43:51.404000","2026-04-23T10:43:51.404000","service_eb508f39-ce3d-4391-bb12-d4211c02ede9","false"
"adjustment_received","69e9f68a8934e1f22b3ef8c3","Ajustement programme — 180 — 180.00$ CAD [Dr stripe_balance]","stripe_balance","69e9f7e7da3cb54520a65ef8","18000","","","","2026-04-23T10:43:51.051Z","pi_3TPKjNEDnfppNFcx1Kr1F9Um","CAD","","debit","69e9f7e7a1be293e67e46469","2026-04-23T10:43:51.181000","2026-04-23T10:43:51.606000","service_eb508f39-ce3d-4391-bb12-d4211c02ede9","false"
"escrow_released","69e9f68a8934e1f22b3ef8c3","Escrow libéré — event 69e9f68a8934e1f22b3ef8c3 — 40.00$ CAD [Cr stripe_balance]","stripe_balance","69e9f78d780c708770a22c7b","4000","","","","2026-04-23T10:42:21.052Z","pi_3TPKgTEDnfppNFcx1h0UCwTa","CAD","","credit","69e9f78d737f8d900a795e8c","2026-04-23T10:42:21.896000","2026-04-23T10:42:21.896000","service_eb508f39-ce3d-4391-bb12-d4211c02ede9","false"
"escrow_released","69e9f68a8934e1f22b3ef8c3","Escrow libéré — event 69e9f68a8934e1f22b3ef8c3 — 40.00$ CAD [Dr escrow_liability]","escrow_liability","69e9f78d737f8d900a795e8c","4000","","","","2026-04-23T10:42:21.052Z","pi_3TPKgTEDnfppNFcx1h0UCwTa","CAD","","debit","69e9f78d780c708770a22c7b","2026-04-23T10:42:21.322000","2026-04-23T10:42:22.203000","service_eb508f39-ce3d-4391-bb12-d4211c02ede9","false"
"deposit_captured","69e9f68a8934e1f22b3ef8c3","Dépôt capturé — event 69e9f68a8934e1f22b3ef8c3 — 40.00$ CAD [Cr stripe_clearing]","stripe_clearing","69e9f78bf13456838af0e0eb","4000","","","","2026-04-23T10:42:19.545Z","pi_3TPKgTEDnfppNFcx1h0UCwTa","CAD","","credit","69e9f78ce06158ebf88f4d49","2026-04-23T10:42:20.092000","2026-04-23T10:42:20.092000","service_eb508f39-ce3d-4391-bb12-d4211c02ede9","false"
"deposit_captured","69e9f68a8934e1f22b3ef8c3","Dépôt capturé — event 69e9f68a8934e1f22b3ef8c3 — 40.00$ CAD [Dr stripe_balance]","stripe_balance","69e9f78ce06158ebf88f4d49","4000","","","","2026-04-23T10:42:19.545Z","pi_3TPKgTEDnfppNFcx1h0UCwTa","CAD","","debit","69e9f78bf13456838af0e0eb","2026-04-23T10:42:19.769000","2026-04-23T10:42:20.510000","service_eb508f39-ce3d-4391-bb12-d4211c02ede9","false"
"balance_received","69e9f68a8934e1f22b3ef8c3","Balance 80% reçue — event 69e9f68a8934e1f22b3ef8c3 — 10.00$ CAD [Cr balance_liability]","balance_liability","69e9f77693a0cc1850bfc510","1000","","","","2026-04-23T10:41:58.596Z","pi_3TPKhIEDnfppNFcx1cZByZlF","CAD","","credit","69e9f777542fe006ed89b356","2026-04-23T10:41:59.131000","2026-04-23T10:41:59.131000","service_eb508f39-ce3d-4391-bb12-d4211c02ede9","false"
"balance_received","69e9f68a8934e1f22b3ef8c3","Balance 80% reçue — event 69e9f68a8934e1f22b3ef8c3 — 10.00$ CAD [Dr stripe_balance]","stripe_balance","69e9f777542fe006ed89b356","1000","","","","2026-04-23T10:41:58.596Z","pi_3TPKhIEDnfppNFcx1cZByZlF","CAD","","debit","69e9f77693a0cc1850bfc510","2026-04-23T10:41:58.866000","2026-04-23T10:41:59.906000","service_eb508f39-ce3d-4391-bb12-d4211c02ede9","false"
"deposit_authorized","69e9f68a8934e1f22b3ef8c3","Dépôt 20% autorisé (requires_capture) — event 69e9f68a8934e1f22b3ef8c3 — 40.00$ CAD [Cr escrow_liability]","escrow_liability","69e9f737a86c69489f462b76","4000","","","","2026-04-23T10:40:55.198Z","pi_3TPKgTEDnfppNFcx1h0UCwTa","CAD","","credit","69e9f737d01086d400505b9f","2026-04-23T10:40:55.601000","2026-04-23T10:40:55.601000","service_eb508f39-ce3d-4391-bb12-d4211c02ede9","false"
"deposit_authorized","69e9f68a8934e1f22b3ef8c3","Dépôt 20% autorisé (requires_capture) — event 69e9f68a8934e1f22b3ef8c3 — 40.00$ CAD [Dr stripe_clearing]","stripe_clearing","69e9f737d01086d400505b9f","4000","","","","2026-04-23T10:40:55.198Z","pi_3TPKgTEDnfppNFcx1h0UCwTa","CAD","","debit","69e9f737a86c69489f462b76","2026-04-23T10:40:55.387000","2026-04-23T10:40:55.827000","service_eb508f39-ce3d-4391-bb12-d4211c02ede9","false"
"escrow_released","69e9827931502e7066e9d642","Escrow libéré — event 69e9827931502e7066e9d642 — 36.00$ CAD [Cr stripe_balance]","stripe_balance","69e9830f444bd525ee1079da","3600","","","","2026-04-23T02:25:19.771Z","pi_3TPCvuEDnfppNFcx1YGOiwMt","CAD","","credit","69e983108622cad01d9cc49a","2026-04-23T02:25:20.093000","2026-04-23T02:25:20.093000","service_eb508f39-ce3d-4391-bb12-d4211c02ede9","false"
"escrow_released","69e9827931502e7066e9d642","Escrow libéré — event 69e9827931502e7066e9d642 — 36.00$ CAD [Dr escrow_liability]","escrow_liability","69e983108622cad01d9cc49a","3600","","","","2026-04-23T02:25:19.771Z","pi_3TPCvuEDnfppNFcx1YGOiwMt","CAD","","debit","69e9830f444bd525ee1079da","2026-04-23T02:25:19.921000","2026-04-23T02:25:20.315000","service_eb508f39-ce3d-4391-bb12-d4211c02ede9","false"
"deposit_captured","69e9827931502e7066e9d642","Dépôt capturé — event 69e9827931502e7066e9d642 — 36.00$ CAD [Cr stripe_clearing]","stripe_clearing","69e9830f9120a1a1bef349e4","3600","","","","2026-04-23T02:25:18.917Z","pi_3TPCvuEDnfppNFcx1YGOiwMt","CAD","","credit","69e9830f13cdac08b8937369","2026-04-23T02:25:19.357000","2026-04-23T02:25:19.357000","service_eb508f39-ce3d-4391-bb12-d4211c02ede9","false"
"deposit_captured","69e9827931502e7066e9d642","Dépôt capturé — event 69e9827931502e7066e9d642 — 36.00$ CAD [Dr stripe_balance]","stripe_balance","69e9830f13cdac08b8937369","3600","","","","2026-04-23T02:25:18.917Z","pi_3TPCvuEDnfppNFcx1YGOiwMt","CAD","","debit","69e9830f9120a1a1bef349e4","2026-04-23T02:25:19.070000","2026-04-23T02:25:19.546000","service_eb508f39-ce3d-4391-bb12-d4211c02ede9","false"
"balance_received","69e9827931502e7066e9d642","Balance 80% reçue — event 69e9827931502e7066e9d642 — 144.00$ CAD [Cr balance_liability]","balance_liability","69e982fc958443a1fa49b79a","14400","","","","2026-04-23T02:25:00.639Z","pi_3TPCwaEDnfppNFcx02OHIk7V","CAD","698d204286a5af9808991620","credit","69e982fce0f6bdf56b07f4ac","2026-04-23T02:25:00.990000","2026-04-23T02:25:00.990000","service_eb508f39-ce3d-4391-bb12-d4211c02ede9","false"
"balance_received","69e9827931502e7066e9d642","Balance 80% reçue — event 69e9827931502e7066e9d642 — 144.00$ CAD [Dr stripe_balance]","stripe_balance","69e982fce0f6bdf56b07f4ac","14400","","","","2026-04-23T02:25:00.639Z","pi_3TPCwaEDnfppNFcx02OHIk7V","CAD","698d204286a5af9808991620","debit","69e982fc958443a1fa49b79a","2026-04-23T02:25:00.797000","2026-04-23T02:25:01.208000","service_eb508f39-ce3d-4391-bb12-d4211c02ede9","false"
"deposit_authorized","69e9827931502e7066e9d642","Dépôt 20% autorisé (requires_capture) — event 69e9827931502e7066e9d642 — 36.00$ CAD [Cr escrow_liability]","escrow_liability","69e982d2363c2ee092ff984a","3600","","","","2026-04-23T02:24:17.777Z","pi_3TPCvuEDnfppNFcx1YGOiwMt","CAD","698d204286a5af9808991620","credit","69e982d25c151ee4b7e9e70e","2026-04-23T02:24:18.150000","2026-04-23T02:24:18.150000","service_eb508f39-ce3d-4391-bb12-d4211c02ede9","false"
"deposit_authorized","69e9827931502e7066e9d642","Dépôt 20% autorisé (requires_capture) — event 69e9827931502e7066e9d642 — 36.00$ CAD [Dr stripe_clearing]","stripe_clearing","69e982d25c151ee4b7e9e70e","3600","","","","2026-04-23T02:24:17.777Z","pi_3TPCvuEDnfppNFcx1YGOiwMt","CAD","698d204286a5af9808991620","debit","69e982d2363c2ee092ff984a","2026-04-23T02:24:18.009000","2026-04-23T02:24:18.361000","service_eb508f39-ce3d-4391-bb12-d4211c02ede9","false"
"balance_received","69e79b7937a994e48dee53ca","Balance 80% reçue — event 69e79b7937a994e48dee53ca — 36.00$ CAD [Cr balance_liability]","balance_liability","69e97f60641b69cb3c88fc60","3600","","","","2026-04-23T02:09:35.960Z","pi_3TPChjEDnfppNFcx1e2obI7q","CAD","698d204286a5af9808991620","credit","69e97f60537709561ca6864e","2026-04-23T02:09:36.261000","2026-04-23T02:09:36.261000","service_eb508f39-ce3d-4391-bb12-d4211c02ede9","false"
"balance_received","69e79b7937a994e48dee53ca","Balance 80% reçue — event 69e79b7937a994e48dee53ca — 36.00$ CAD [Dr stripe_balance]","stripe_balance","69e97f60537709561ca6864e","3600","","","","2026-04-23T02:09:35.960Z","pi_3TPChjEDnfppNFcx1e2obI7q","CAD","698d204286a5af9808991620","debit","69e97f60641b69cb3c88fc60","2026-04-23T02:09:36.093000","2026-04-23T02:09:36.428000","service_eb508f39-ce3d-4391-bb12-d4211c02ede9","false"
"escrow_released","69e79b7937a994e48dee53ca","Escrow libéré — event 69e79b7937a994e48dee53ca — 9.00$ CAD [Cr stripe_balance]","stripe_balance","69e97f2c21f78c655f8b88f0","900","","","","2026-04-23T02:08:44.009Z","pi_3TPCgaEDnfppNFcx13GDxo3k","CAD","","credit","69e97f2c4bf0adb37e1f11f4","2026-04-23T02:08:44.540000","2026-04-23T02:08:44.540000","service_eb508f39-ce3d-4391-bb12-d4211c02ede9","false"
"escrow_released","69e79b7937a994e48dee53ca","Escrow libéré — event 69e79b7937a994e48dee53ca — 9.00$ CAD [Dr escrow_liability]","escrow_liability","69e97f2c4bf0adb37e1f11f4","900","","","","2026-04-23T02:08:44.009Z","pi_3TPCgaEDnfppNFcx13GDxo3k","CAD","","debit","69e97f2c21f78c655f8b88f0","2026-04-23T02:08:44.266000","2026-04-23T02:08:44.778000","service_eb508f39-ce3d-4391-bb12-d4211c02ede9","false"
"deposit_captured","69e79b7937a994e48dee53ca","Dépôt capturé — event 69e79b7937a994e48dee53ca — 9.00$ CAD [Cr stripe_clearing]","stripe_clearing","69e97f2bedfe16bad26674d9","900","","","","2026-04-23T02:08:43.105Z","pi_3TPCgaEDnfppNFcx13GDxo3k","CAD","","credit","69e97f2b487f040094bdb0b3","2026-04-23T02:08:43.580000","2026-04-23T02:08:43.580000","service_eb508f39-ce3d-4391-bb12-d4211c02ede9","false"
"deposit_captured","69e79b7937a994e48dee53ca","Dépôt capturé — event 69e79b7937a994e48dee53ca — 9.00$ CAD [Dr stripe_balance]","stripe_balance","69e97f2b487f040094bdb0b3","900","","","","2026-04-23T02:08:43.105Z","pi_3TPCgaEDnfppNFcx13GDxo3k","CAD","","debit","69e97f2bedfe16bad26674d9","2026-04-23T02:08:43.331000","2026-04-23T02:08:43.783000","service_eb508f39-ce3d-4391-bb12-d4211c02ede9","false"
"deposit_authorized","69e79b7937a994e48dee53ca","Dépôt 20% autorisé (requires_capture) — event 69e79b7937a994e48dee53ca — 9.00$ CAD [Cr escrow_liability]","escrow_liability","69e97f1e0089ee39d1b6450c","900","","","","2026-04-23T02:08:30.835Z","pi_3TPCgaEDnfppNFcx13GDxo3k","CAD","698d204286a5af9808991620","credit","69e97f1fc3426d03209bb351","2026-04-23T02:08:31.150000","2026-04-23T02:08:31.150000","service_eb508f39-ce3d-4391-bb12-d4211c02ede9","false"
"deposit_authorized","69e79b7937a994e48dee53ca","Dépôt 20% autorisé (requires_capture) — event 69e79b7937a994e48dee53ca — 9.00$ CAD [Dr stripe_clearing]","stripe_clearing","69e97f1fc3426d03209bb351","900","","","","2026-04-23T02:08:30.835Z","pi_3TPCgaEDnfppNFcx13GDxo3k","CAD","698d204286a5af9808991620","debit","69e97f1e0089ee39d1b6450c","2026-04-23T02:08:30.978000","2026-04-23T02:08:31.313000","service_eb508f39-ce3d-4391-bb12-d4211c02ede9","false"
"escrow_released","69e97d4b55f24e6ae443e816","Escrow libéré — event 69e97d4b55f24e6ae443e816 — 28.00$ CAD [Cr stripe_balance]","stripe_balance","69e97e60f8001050647872f7","2800","","","","2026-04-23T02:05:20.004Z","pi_3TPCcMEDnfppNFcx1g8N3yoQ","CAD","","credit","69e97e601718fd336ec8486a","2026-04-23T02:05:20.377000","2026-04-23T02:05:20.377000","service_eb508f39-ce3d-4391-bb12-d4211c02ede9","false"
"escrow_released","69e97d4b55f24e6ae443e816","Escrow libéré — event 69e97d4b55f24e6ae443e816 — 28.00$ CAD [Dr escrow_liability]","escrow_liability","69e97e601718fd336ec8486a","2800","","","","2026-04-23T02:05:20.004Z","pi_3TPCcMEDnfppNFcx1g8N3yoQ","CAD","","debit","69e97e60f8001050647872f7","2026-04-23T02:05:20.156000","2026-04-23T02:05:20.620000","service_eb508f39-ce3d-4391-bb12-d4211c02ede9","false"
"deposit_captured","69e97d4b55f24e6ae443e816","Dépôt capturé — event 69e97d4b55f24e6ae443e816 — 28.00$ CAD [Cr stripe_clearing]","stripe_clearing","69e97e5f0968e7411306f984","2800","","","","2026-04-23T02:05:19.150Z","pi_3TPCcMEDnfppNFcx1g8N3yoQ","CAD","","credit","69e97e5f2d4557ba6f636f4f","2026-04-23T02:05:19.458000","2026-04-23T02:05:19.458000","service_eb508f39-ce3d-4391-bb12-d4211c02ede9","false"
"deposit_captured","69e97d4b55f24e6ae443e816","Dépôt capturé — event 69e97d4b55f24e6ae443e816 — 28.00$ CAD [Dr stripe_balance]","stripe_balance","69e97e5f2d4557ba6f636f4f","2800","","","","2026-04-23T02:05:19.150Z","pi_3TPCcMEDnfppNFcx1g8N3yoQ","CAD","","debit","69e97e5f0968e7411306f984","2026-04-23T02:05:19.292000","2026-04-23T02:05:19.666000","service_eb508f39-ce3d-4391-bb12-d4211c02ede9","false"
"balance_received","69e97d4b55f24e6ae443e816","Balance 80% reçue — event 69e97d4b55f24e6ae443e816 — 112.00$ CAD [Cr balance_liability]","balance_liability","69e97e52487f040094bdafaa","11200","","","","2026-04-23T02:05:06.475Z","pi_3TPCdNEDnfppNFcx1y3FOlLj","CAD","698d204286a5af9808991620","credit","69e97e521508d4d56a94c932","2026-04-23T02:05:06.831000","2026-04-23T02:05:06.831000","service_eb508f39-ce3d-4391-bb12-d4211c02ede9","false"
"balance_received","69e97d4b55f24e6ae443e816","Balance 80% reçue — event 69e97d4b55f24e6ae443e816 — 112.00$ CAD [Dr stripe_balance]","stripe_balance","69e97e521508d4d56a94c932","11200","","","","2026-04-23T02:05:06.475Z","pi_3TPCdNEDnfppNFcx1y3FOlLj","CAD","698d204286a5af9808991620","debit","69e97e52487f040094bdafaa","2026-04-23T02:05:06.635000","2026-04-23T02:05:07.020000","service_eb508f39-ce3d-4391-bb12-d4211c02ede9","false"
"deposit_authorized","69e97d4b55f24e6ae443e816","Dépôt 20% autorisé (requires_capture) — event 69e97d4b55f24e6ae443e816 — 28.00$ CAD [Cr escrow_liability]","escrow_liability","69e97e1855f24e6ae443e8ef","2800","","","","2026-04-23T02:04:08.690Z","pi_3TPCcMEDnfppNFcx1g8N3yoQ","CAD","698d204286a5af9808991620","credit","69e97e1835a5fc3df2f49e9f","2026-04-23T02:04:08.990000","2026-04-23T02:04:08.990000","service_eb508f39-ce3d-4391-bb12-d4211c02ede9","false"
"deposit_authorized","69e97d4b55f24e6ae443e816","Dépôt 20% autorisé (requires_capture) — event 69e97d4b55f24e6ae443e816 — 28.00$ CAD [Dr stripe_clearing]","stripe_clearing","69e97e1835a5fc3df2f49e9f","2800","","","","2026-04-23T02:04:08.690Z","pi_3TPCcMEDnfppNFcx1g8N3yoQ","CAD","698d204286a5af9808991620","debit","69e97e1855f24e6ae443e8ef","2026-04-23T02:04:08.852000","2026-04-23T02:04:09.274000","service_eb508f39-ce3d-4391-bb12-d4211c02ede9","false"
"escrow_released","69e908ca7e1c2a2d48a8d808","Escrow libéré — event 69e908ca7e1c2a2d48a8d808 — 2.00$ CAD [Cr stripe_balance]","stripe_balance","69e957642c656c294e79c452","200","","","","2026-04-22T23:18:59.278Z","pi_3TPA16EDnfppNFcx0Wlhhz3k","CAD","","credit","69e95764cbbe81865c945929","2026-04-22T23:19:00.235000","2026-04-22T23:19:00.235000","service_eb508f39-ce3d-4391-bb12-d4211c02ede9","false"
"escrow_released","69e908ca7e1c2a2d48a8d808","Escrow libéré — event 69e908ca7e1c2a2d48a8d808 — 2.00$ CAD [Dr escrow_liability]","escrow_liability","69e95764cbbe81865c945929","200","","","","2026-04-22T23:18:59.278Z","pi_3TPA16EDnfppNFcx0Wlhhz3k","CAD","","debit","69e957642c656c294e79c452","2026-04-22T23:19:00.005000","2026-04-22T23:19:00.530000","service_eb508f39-ce3d-4391-bb12-d4211c02ede9","false"
"deposit_captured","69e908ca7e1c2a2d48a8d808","Dépôt capturé — event 69e908ca7e1c2a2d48a8d808 — 2.00$ CAD [Cr stripe_clearing]","stripe_clearing","69e957620201cd74c1ce6416","200","","","","2026-04-22T23:18:58.298Z","pi_3TPA16EDnfppNFcx0Wlhhz3k","CAD","","credit","69e957627e6d743f927a2aac","2026-04-22T23:18:58.789000","2026-04-22T23:18:58.789000","service_eb508f39-ce3d-4391-bb12-d4211c02ede9","false"
"deposit_captured","69e908ca7e1c2a2d48a8d808","Dépôt capturé — event 69e908ca7e1c2a2d48a8d808 — 2.00$ CAD [Dr stripe_balance]","stripe_balance","69e957627e6d743f927a2aac","200","","","","2026-04-22T23:18:58.298Z","pi_3TPA16EDnfppNFcx0Wlhhz3k","CAD","","debit","69e957620201cd74c1ce6416","2026-04-22T23:18:58.588000","2026-04-22T23:18:59.083000","service_eb508f39-ce3d-4391-bb12-d4211c02ede9","false"
"balance_received","69e908ca7e1c2a2d48a8d808","Balance 80% reçue — event 69e908ca7e1c2a2d48a8d808 — 38.00$ CAD [Cr balance_liability]","balance_liability","69e95742a7b7541f9966902c","3800","","","","2026-04-22T23:18:26.085Z","pi_3TPA24EDnfppNFcx0I0va0v3","CAD","69b48a2b7d5c0db589c6bb1c","credit","69e95742d3ec15d7b007b507","2026-04-22T23:18:26.470000","2026-04-22T23:18:26.470000","service_eb508f39-ce3d-4391-bb12-d4211c02ede9","false"
"balance_received","69e908ca7e1c2a2d48a8d808","Balance 80% reçue — event 69e908ca7e1c2a2d48a8d808 — 38.00$ CAD [Dr stripe_balance]","stripe_balance","69e95742d3ec15d7b007b507","3800","","","","2026-04-22T23:18:26.085Z","pi_3TPA24EDnfppNFcx0I0va0v3","CAD","69b48a2b7d5c0db589c6bb1c","debit","69e95742a7b7541f9966902c","2026-04-22T23:18:26.257000","2026-04-22T23:18:26.710000","service_eb508f39-ce3d-4391-bb12-d4211c02ede9","false"
"deposit_authorized","69e908ca7e1c2a2d48a8d808","Dépôt 20% autorisé (requires_capture) — event 69e908ca7e1c2a2d48a8d808 — 2.00$ CAD [Cr escrow_liability]","escrow_liability","69e95708e100293b9c60a2d4","200","","","","2026-04-22T23:17:28.455Z","pi_3TPA16EDnfppNFcx0Wlhhz3k","CAD","69b48a2b7d5c0db589c6bb1c","credit","69e9570949cd5371d1fecb23","2026-04-22T23:17:29.172000","2026-04-22T23:17:29.172000","service_eb508f39-ce3d-4391-bb12-d4211c02ede9","false"
"deposit_authorized","69e908ca7e1c2a2d48a8d808","Dépôt 20% autorisé (requires_capture) — event 69e908ca7e1c2a2d48a8d808 — 2.00$ CAD [Dr stripe_clearing]","stripe_clearing","69e9570949cd5371d1fecb23","200","","","","2026-04-22T23:17:28.455Z","pi_3TPA16EDnfppNFcx0Wlhhz3k","CAD","69b48a2b7d5c0db589c6bb1c","debit","69e95708e100293b9c60a2d4","2026-04-22T23:17:28.862000","2026-04-22T23:17:29.917000","service_eb508f39-ce3d-4391-bb12-d4211c02ede9","false"
"escrow_released","69e7cd5b37d2d78827c5a490","Escrow libéré — event 69e7cd5b37d2d78827c5a490 — 4.00$ CAD [Cr stripe_balance]","stripe_balance","69e94bd84fbf96e206468317","400","","","","2026-04-22T22:29:44.542Z","pi_3TP9EqEDnfppNFcx18Lv9dz7","CAD","","credit","69e94bd8acaf05e462f26ab0","2026-04-22T22:29:44.841000","2026-04-22T22:29:44.841000","service_eb508f39-ce3d-4391-bb12-d4211c02ede9","false"
"escrow_released","69e7cd5b37d2d78827c5a490","Escrow libéré — event 69e7cd5b37d2d78827c5a490 — 4.00$ CAD [Dr escrow_liability]","escrow_liability","69e94bd8acaf05e462f26ab0","400","","","","2026-04-22T22:29:44.542Z","pi_3TP9EqEDnfppNFcx18Lv9dz7","CAD","","debit","69e94bd84fbf96e206468317","2026-04-22T22:29:44.674000","2026-04-22T22:29:45.070000","service_eb508f39-ce3d-4391-bb12-d4211c02ede9","false"
"deposit_captured","69e7cd5b37d2d78827c5a490","Dépôt capturé — event 69e7cd5b37d2d78827c5a490 — 4.00$ CAD [Cr stripe_clearing]","stripe_clearing","69e94bd78b6a13c7b6d7f328","400","","","","2026-04-22T22:29:43.792Z","pi_3TP9EqEDnfppNFcx18Lv9dz7","CAD","","credit","69e94bd8f75b8bfd053f485a","2026-04-22T22:29:44.126000","2026-04-22T22:29:44.126000","service_eb508f39-ce3d-4391-bb12-d4211c02ede9","false"
"deposit_captured","69e7cd5b37d2d78827c5a490","Dépôt capturé — event 69e7cd5b37d2d78827c5a490 — 4.00$ CAD [Dr stripe_balance]","stripe_balance","69e94bd8f75b8bfd053f485a","400","","","","2026-04-22T22:29:43.792Z","pi_3TP9EqEDnfppNFcx18Lv9dz7","CAD","","debit","69e94bd78b6a13c7b6d7f328","2026-04-22T22:29:43.940000","2026-04-22T22:29:44.307000","service_eb508f39-ce3d-4391-bb12-d4211c02ede9","false"
"balance_received","69e7cd5b37d2d78827c5a490","Balance 80% reçue — event 69e7cd5b37d2d78827c5a490 — 16.00$ CAD [Cr balance_liability]","balance_liability","69e94bcc3ac8938e279aadc6","1600","","","","2026-04-22T22:29:31.940Z","pi_3TP9GkEDnfppNFcx1kSIuPGX","CAD","698d204286a5af9808991620","credit","69e94bcc7a533f1ce2ec0353","2026-04-22T22:29:32.314000","2026-04-22T22:29:32.314000","service_eb508f39-ce3d-4391-bb12-d4211c02ede9","false"
"balance_received","69e7cd5b37d2d78827c5a490","Balance 80% reçue — event 69e7cd5b37d2d78827c5a490 — 16.00$ CAD [Dr stripe_balance]","stripe_balance","69e94bcc7a533f1ce2ec0353","1600","","","","2026-04-22T22:29:31.940Z","pi_3TP9GkEDnfppNFcx1kSIuPGX","CAD","698d204286a5af9808991620","debit","69e94bcc3ac8938e279aadc6","2026-04-22T22:29:32.101000","2026-04-22T22:29:32.533000","service_eb508f39-ce3d-4391-bb12-d4211c02ede9","false"
"deposit_authorized","69e7cd5b37d2d78827c5a490","Dépôt 20% autorisé (requires_capture) — event 69e7cd5b37d2d78827c5a490 — 4.00$ CAD [Cr escrow_liability]","escrow_liability","69e94b5b59f3c45777b02d3b","400","","","","2026-04-22T22:27:39.206Z","pi_3TP9EqEDnfppNFcx18Lv9dz7","CAD","698d204286a5af9808991620","credit","69e94b5b4393789ce11bb728","2026-04-22T22:27:39.570000","2026-04-22T22:27:39.570000","service_eb508f39-ce3d-4391-bb12-d4211c02ede9","false"
"deposit_authorized","69e7cd5b37d2d78827c5a490","Dépôt 20% autorisé (requires_capture) — event 69e7cd5b37d2d78827c5a490 — 4.00$ CAD [Dr stripe_clearing]","stripe_clearing","69e94b5b4393789ce11bb728","400","","","","2026-04-22T22:27:39.206Z","pi_3TP9EqEDnfppNFcx18Lv9dz7","CAD","698d204286a5af9808991620","debit","69e94b5b59f3c45777b02d3b","2026-04-22T22:27:39.370000","2026-04-22T22:27:39.808000","service_eb508f39-ce3d-4391-bb12-d4211c02ede9","false"
"escrow_released","69e7dc7a3a00ff3f726c896b","Escrow libéré — event 69e7dc7a3a00ff3f726c896b — 282.00$ CAD [Cr stripe_balance]","stripe_balance","69e94a9d48f148138ebc918d","28200","","","","2026-04-22T22:24:29.634Z","pi_3TP96cEDnfppNFcx0l735cxu","CAD","","credit","69e94a9ee100293b9c60937a","2026-04-22T22:24:30.033000","2026-04-22T22:24:30.033000","service_eb508f39-ce3d-4391-bb12-d4211c02ede9","false"
"escrow_released","69e7dc7a3a00ff3f726c896b","Escrow libéré — event 69e7dc7a3a00ff3f726c896b — 282.00$ CAD [Dr escrow_liability]","escrow_liability","69e94a9ee100293b9c60937a","28200","","","","2026-04-22T22:24:29.634Z","pi_3TP96cEDnfppNFcx0l735cxu","CAD","","debit","69e94a9d48f148138ebc918d","2026-04-22T22:24:29.844000","2026-04-22T22:24:30.300000","service_eb508f39-ce3d-4391-bb12-d4211c02ede9","false"
"deposit_captured","69e7dc7a3a00ff3f726c896b","Dépôt capturé — event 69e7dc7a3a00ff3f726c896b — 282.00$ CAD [Cr stripe_clearing]","stripe_clearing","69e94a9ce02479951f77d9e0","28200","","","","2026-04-22T22:24:28.630Z","pi_3TP96cEDnfppNFcx0l735cxu","CAD","","credit","69e94a9cfffacd567bdcad0b","2026-04-22T22:24:28.986000","2026-04-22T22:24:28.986000","service_eb508f39-ce3d-4391-bb12-d4211c02ede9","false"
"deposit_captured","69e7dc7a3a00ff3f726c896b","Dépôt capturé — event 69e7dc7a3a00ff3f726c896b — 282.00$ CAD [Dr stripe_balance]","stripe_balance","69e94a9cfffacd567bdcad0b","28200","","","","2026-04-22T22:24:28.630Z","pi_3TP96cEDnfppNFcx0l735cxu","CAD","","debit","69e94a9ce02479951f77d9e0","2026-04-22T22:24:28.781000","2026-04-22T22:24:29.164000","service_eb508f39-ce3d-4391-bb12-d4211c02ede9","false"
"balance_received","69e7dc7a3a00ff3f726c896b","Balance 80% reçue — event 69e7dc7a3a00ff3f726c896b — 1128.00$ CAD [Cr balance_liability]","balance_liability","69e94994839a77b81c7913cc","112800","","","","2026-04-22T22:20:04.250Z","pi_3TP97ZEDnfppNFcx1VPIDZtw","CAD","","credit","69e9499407dc0e3fb966ddf8","2026-04-22T22:20:04.603000","2026-04-22T22:20:04.603000","service_eb508f39-ce3d-4391-bb12-d4211c02ede9","false"
"balance_received","69e7dc7a3a00ff3f726c896b","Balance 80% reçue — event 69e7dc7a3a00ff3f726c896b — 1128.00$ CAD [Dr stripe_balance]","stripe_balance","69e9499407dc0e3fb966ddf8","112800","","","","2026-04-22T22:20:04.250Z","pi_3TP97ZEDnfppNFcx1VPIDZtw","CAD","","debit","69e94994839a77b81c7913cc","2026-04-22T22:20:04.379000","2026-04-22T22:20:04.802000","service_eb508f39-ce3d-4391-bb12-d4211c02ede9","false"
"deposit_authorized","69e7dc7a3a00ff3f726c896b","Dépôt 20% autorisé (requires_capture) — event 69e7dc7a3a00ff3f726c896b — 282.00$ CAD [Cr escrow_liability]","escrow_liability","69e94961f917cdfc7eb2d859","28200","","","","2026-04-22T22:19:13.114Z","pi_3TP96cEDnfppNFcx0l735cxu","CAD","","credit","69e949610eed4f1f6f7d0157","2026-04-22T22:19:13.557000","2026-04-22T22:19:13.557000","service_eb508f39-ce3d-4391-bb12-d4211c02ede9","false"
"deposit_authorized","69e7dc7a3a00ff3f726c896b","Dépôt 20% autorisé (requires_capture) — event 69e7dc7a3a00ff3f726c896b — 282.00$ CAD [Dr stripe_clearing]","stripe_clearing","69e949610eed4f1f6f7d0157","28200","","","","2026-04-22T22:19:13.114Z","pi_3TP96cEDnfppNFcx0l735cxu","CAD","","debit","69e94961f917cdfc7eb2d859","2026-04-22T22:19:13.248000","2026-04-22T22:19:13.784000","service_eb508f39-ce3d-4391-bb12-d4211c02ede9","false"
"escrow_released","69e943216c09c49fe424336a","Escrow libéré — event 69e943216c09c49fe424336a — 38.00$ CAD [Cr stripe_balance]","stripe_balance","69e94448f1cbef70e2d01077","3800","","","","2026-04-22T21:57:28.574Z","pi_3TP8jgEDnfppNFcx11nTJHvY","CAD","","credit","69e944483742ae62559b9881","2026-04-22T21:57:28.898000","2026-04-22T21:57:28.898000","service_eb508f39-ce3d-4391-bb12-d4211c02ede9","false"
"escrow_released","69e943216c09c49fe424336a","Escrow libéré — event 69e943216c09c49fe424336a — 38.00$ CAD [Dr escrow_liability]","escrow_liability","69e944483742ae62559b9881","3800","","","","2026-04-22T21:57:28.574Z","pi_3TP8jgEDnfppNFcx11nTJHvY","CAD","","debit","69e94448f1cbef70e2d01077","2026-04-22T21:57:28.703000","2026-04-22T21:57:29.067000","service_eb508f39-ce3d-4391-bb12-d4211c02ede9","false"
"deposit_captured","69e943216c09c49fe424336a","Dépôt capturé — event 69e943216c09c49fe424336a — 38.00$ CAD [Cr stripe_clearing]","stripe_clearing","69e944474015a4d3ebfb7a94","3800","","","","2026-04-22T21:57:27.482Z","pi_3TP8jgEDnfppNFcx11nTJHvY","CAD","","credit","69e94448f9c749b71413128e","2026-04-22T21:57:28.148000","2026-04-22T21:57:28.148000","service_eb508f39-ce3d-4391-bb12-d4211c02ede9","false"
"deposit_captured","69e943216c09c49fe424336a","Dépôt capturé — event 69e943216c09c49fe424336a — 38.00$ CAD [Dr stripe_balance]","stripe_balance","69e94448f9c749b71413128e","3800","","","","2026-04-22T21:57:27.482Z","pi_3TP8jgEDnfppNFcx11nTJHvY","CAD","","debit","69e944474015a4d3ebfb7a94","2026-04-22T21:57:27.980000","2026-04-22T21:57:28.339000","service_eb508f39-ce3d-4391-bb12-d4211c02ede9","false"
"balance_received","69e943216c09c49fe424336a","Balance 80% reçue — event 69e943216c09c49fe424336a — 57.00$ CAD [Cr balance_liability]","balance_liability","69e94432e8fb552c46395c06","5700","","","","2026-04-22T21:57:06.818Z","pi_3TP8lNEDnfppNFcx0aSoGJ7l","CAD","698d204286a5af9808991620","credit","69e94433d23a00f344465cb3","2026-04-22T21:57:07.147000","2026-04-22T21:57:07.147000","service_eb508f39-ce3d-4391-bb12-d4211c02ede9","false"
"balance_received","69e943216c09c49fe424336a","Balance 80% reçue — event 69e943216c09c49fe424336a — 57.00$ CAD [Dr stripe_balance]","stripe_balance","69e94433d23a00f344465cb3","5700","","","","2026-04-22T21:57:06.818Z","pi_3TP8lNEDnfppNFcx0aSoGJ7l","CAD","698d204286a5af9808991620","debit","69e94432e8fb552c46395c06","2026-04-22T21:57:06.964000","2026-04-22T21:57:07.397000","service_eb508f39-ce3d-4391-bb12-d4211c02ede9","false"
"deposit_authorized","69e943216c09c49fe424336a","Complément dépôt — event 69e943216c09c49fe424336a — +19.00$ CAD (escrow 19.00 → 38.00) [Cr escrow_liability]","escrow_liability","69e944006fe61dd40a186498","1900","","","","2026-04-22T21:56:16.545Z","pi_3TP8kXEDnfppNFcx0Oma9aHO","CAD","69cd302266f2193a99122757","credit","69e944003d7c76efacf16fed","2026-04-22T21:56:16.866000","2026-04-22T21:56:16.866000","service_eb508f39-ce3d-4391-bb12-d4211c02ede9","false"
"deposit_authorized","69e943216c09c49fe424336a","Complément dépôt — event 69e943216c09c49fe424336a — +19.00$ CAD (escrow 19.00 → 38.00) [Dr stripe_clearing]","stripe_clearing","69e944003d7c76efacf16fed","1900","","","","2026-04-22T21:56:16.545Z","pi_3TP8kXEDnfppNFcx0Oma9aHO","CAD","69cd302266f2193a99122757","debit","69e944006fe61dd40a186498","2026-04-22T21:56:16.726000","2026-04-22T21:56:17.075000","service_eb508f39-ce3d-4391-bb12-d4211c02ede9","false"
"deposit_authorized","69e943216c09c49fe424336a","Dépôt 20% autorisé (requires_capture) — event 69e943216c09c49fe424336a — 19.00$ CAD [Cr escrow_liability]","escrow_liability","69e943cca7162055701457e3","1900","","","","2026-04-22T21:55:24.192Z","pi_3TP8jgEDnfppNFcx11nTJHvY","CAD","698d204286a5af9808991620","credit","69e943cc4df02d91b1683037","2026-04-22T21:55:24.516000","2026-04-22T21:55:24.516000","service_eb508f39-ce3d-4391-bb12-d4211c02ede9","false"
"deposit_authorized","69e943216c09c49fe424336a","Dépôt 20% autorisé (requires_capture) — event 69e943216c09c49fe424336a — 19.00$ CAD [Dr stripe_clearing]","stripe_clearing","69e943cc4df02d91b1683037","1900","","","","2026-04-22T21:55:24.192Z","pi_3TP8jgEDnfppNFcx11nTJHvY","CAD","698d204286a5af9808991620","debit","69e943cca7162055701457e3","2026-04-22T21:55:24.371000","2026-04-22T21:55:24.734000","service_eb508f39-ce3d-4391-bb12-d4211c02ede9","false"
"escrow_released","69e90c54b9f9412ee2f25c2e","Escrow libéré — event 69e90c54b9f9412ee2f25c2e — 2.00$ CAD [Cr stripe_balance]","stripe_balance","69e90d0cb6c377481ad14bdc","200","","","","2026-04-22T18:01:48.012Z","pi_3TP54iEDnfppNFcx1RMZRZfm","CAD","","credit","69e90d0c84620bcefbfa83ef","2026-04-22T18:01:48.495000","2026-04-22T18:01:48.495000","service_eb508f39-ce3d-4391-bb12-d4211c02ede9","false"
"escrow_released","69e90c54b9f9412ee2f25c2e","Escrow libéré — event 69e90c54b9f9412ee2f25c2e — 2.00$ CAD [Dr escrow_liability]","escrow_liability","69e90d0c84620bcefbfa83ef","200","","","","2026-04-22T18:01:48.012Z","pi_3TP54iEDnfppNFcx1RMZRZfm","CAD","","debit","69e90d0cb6c377481ad14bdc","2026-04-22T18:01:48.268000","2026-04-22T18:01:48.665000","service_eb508f39-ce3d-4391-bb12-d4211c02ede9","false"
"deposit_captured","69e90c54b9f9412ee2f25c2e","Dépôt capturé — event 69e90c54b9f9412ee2f25c2e — 2.00$ CAD [Cr stripe_clearing]","stripe_clearing","69e90d0b6fb9c8ee4a65fca2","200","","","","2026-04-22T18:01:47.109Z","pi_3TP54iEDnfppNFcx1RMZRZfm","CAD","","credit","69e90d0b248f720cef1021f6","2026-04-22T18:01:47.527000","2026-04-22T18:01:47.527000","service_eb508f39-ce3d-4391-bb12-d4211c02ede9","false"
"deposit_captured","69e90c54b9f9412ee2f25c2e","Dépôt capturé — event 69e90c54b9f9412ee2f25c2e — 2.00$ CAD [Dr stripe_balance]","stripe_balance","69e90d0b248f720cef1021f6","200","","","","2026-04-22T18:01:47.109Z","pi_3TP54iEDnfppNFcx1RMZRZfm","CAD","","debit","69e90d0b6fb9c8ee4a65fca2","2026-04-22T18:01:47.311000","2026-04-22T18:01:47.775000","service_eb508f39-ce3d-4391-bb12-d4211c02ede9","false"
"balance_received","69e90c54b9f9412ee2f25c2e","Balance 80% reçue — event 69e90c54b9f9412ee2f25c2e — 23.00$ CAD [Cr balance_liability]","balance_liability","69e90cfb262ad35ce4484d16","2300","","","","2026-04-22T18:01:31.130Z","pi_3TP55LEDnfppNFcx19EnzqLW","CAD","69b48a2b7d5c0db589c6bb1c","credit","69e90cfb67a063c240058b95","2026-04-22T18:01:31.532000","2026-04-22T18:01:31.532000","service_eb508f39-ce3d-4391-bb12-d4211c02ede9","false"
"balance_received","69e90c54b9f9412ee2f25c2e","Balance 80% reçue — event 69e90c54b9f9412ee2f25c2e — 23.00$ CAD [Dr stripe_balance]","stripe_balance","69e90cfb67a063c240058b95","2300","","","","2026-04-22T18:01:31.130Z","pi_3TP55LEDnfppNFcx19EnzqLW","CAD","69b48a2b7d5c0db589c6bb1c","debit","69e90cfb262ad35ce4484d16","2026-04-22T18:01:31.315000","2026-04-22T18:01:31.737000","service_eb508f39-ce3d-4391-bb12-d4211c02ede9","false"
"deposit_authorized","69e90c54b9f9412ee2f25c2e","Dépôt 20% autorisé (requires_capture) — event 69e90c54b9f9412ee2f25c2e — 2.00$ CAD [Cr escrow_liability]","escrow_liability","69e90cd481e50f733e584282","200","","","","2026-04-22T18:00:52.568Z","pi_3TP54iEDnfppNFcx1RMZRZfm","CAD","69b48a2b7d5c0db589c6bb1c","credit","69e90cd494a8c9941697b93e","2026-04-22T18:00:52.941000","2026-04-22T18:00:52.941000","service_eb508f39-ce3d-4391-bb12-d4211c02ede9","false"
"deposit_authorized","69e90c54b9f9412ee2f25c2e","Dépôt 20% autorisé (requires_capture) — event 69e90c54b9f9412ee2f25c2e — 2.00$ CAD [Dr stripe_clearing]","stripe_clearing","69e90cd494a8c9941697b93e","200","","","","2026-04-22T18:00:52.568Z","pi_3TP54iEDnfppNFcx1RMZRZfm","CAD","69b48a2b7d5c0db589c6bb1c","debit","69e90cd481e50f733e584282","2026-04-22T18:00:52.723000","2026-04-22T18:00:53.161000","service_eb508f39-ce3d-4391-bb12-d4211c02ede9","false"
"escrow_released","69e8fed2e9dd6272584885ea","Escrow libéré — event 69e8fed2e9dd6272584885ea — 38.00$ CAD [Cr stripe_balance]","stripe_balance","69e901e61bc58badc5303146","3800","","","","2026-04-22T17:14:13.816Z","pi_3TP4J9EDnfppNFcx0e2vTZPs","CAD","","credit","69e901e6156bbdd82ea02bd8","2026-04-22T17:14:14.352000","2026-04-22T17:14:14.352000","service_eb508f39-ce3d-4391-bb12-d4211c02ede9","false"
"escrow_released","69e8fed2e9dd6272584885ea","Escrow libéré — event 69e8fed2e9dd6272584885ea — 38.00$ CAD [Dr escrow_liability]","escrow_liability","69e901e6156bbdd82ea02bd8","3800","","","","2026-04-22T17:14:13.816Z","pi_3TP4J9EDnfppNFcx0e2vTZPs","CAD","","debit","69e901e61bc58badc5303146","2026-04-22T17:14:14.155000","2026-04-22T17:14:14.714000","service_eb508f39-ce3d-4391-bb12-d4211c02ede9","false"
"deposit_captured","69e8fed2e9dd6272584885ea","Dépôt capturé — event 69e8fed2e9dd6272584885ea — 38.00$ CAD [Cr stripe_clearing]","stripe_clearing","69e901e537bf5bbcd6dbe349","3800","","","","2026-04-22T17:14:12.910Z","pi_3TP4J9EDnfppNFcx0e2vTZPs","CAD","","credit","69e901e5b6033f586f224b38","2026-04-22T17:14:13.348000","2026-04-22T17:14:13.348000","service_eb508f39-ce3d-4391-bb12-d4211c02ede9","false"
"deposit_captured","69e8fed2e9dd6272584885ea","Dépôt capturé — event 69e8fed2e9dd6272584885ea — 38.00$ CAD [Dr stripe_balance]","stripe_balance","69e901e5b6033f586f224b38","3800","","","","2026-04-22T17:14:12.910Z","pi_3TP4J9EDnfppNFcx0e2vTZPs","CAD","","debit","69e901e537bf5bbcd6dbe349","2026-04-22T17:14:13.045000","2026-04-22T17:14:13.556000","service_eb508f39-ce3d-4391-bb12-d4211c02ede9","false"
"balance_received","69e8fed2e9dd6272584885ea","Balance 80% reçue — event 69e8fed2e9dd6272584885ea — 152.00$ CAD [Cr balance_liability]","balance_liability","69e901914afdd70e64af3f47","15200","","","","2026-04-22T17:12:49.063Z","pi_3TP4KEEDnfppNFcx1ok4NK1v","CAD","699c655e40e8dc98eacda675","credit","69e901911fa8e238a92e3278","2026-04-22T17:12:49.392000","2026-04-22T17:12:49.392000","service_eb508f39-ce3d-4391-bb12-d4211c02ede9","false"
"balance_received","69e8fed2e9dd6272584885ea","Balance 80% reçue — event 69e8fed2e9dd6272584885ea — 152.00$ CAD [Dr stripe_balance]","stripe_balance","69e901911fa8e238a92e3278","15200","","","","2026-04-22T17:12:49.063Z","pi_3TP4KEEDnfppNFcx1ok4NK1v","CAD","699c655e40e8dc98eacda675","debit","69e901914afdd70e64af3f47","2026-04-22T17:12:49.213000","2026-04-22T17:12:49.587000","service_eb508f39-ce3d-4391-bb12-d4211c02ede9","false"
"deposit_authorized","69e8fed2e9dd6272584885ea","Dépôt 20% autorisé (requires_capture) — event 69e8fed2e9dd6272584885ea — 38.00$ CAD [Cr escrow_liability]","escrow_liability","69e90153dda88045444007d2","3800","","","","2026-04-22T17:11:47.713Z","pi_3TP4J9EDnfppNFcx0e2vTZPs","CAD","699c655e40e8dc98eacda675","credit","69e90154aed06b005109e084","2026-04-22T17:11:48.120000","2026-04-22T17:11:48.120000","service_eb508f39-ce3d-4391-bb12-d4211c02ede9","false"
"deposit_authorized","69e8fed2e9dd6272584885ea","Dépôt 20% autorisé (requires_capture) — event 69e8fed2e9dd6272584885ea — 38.00$ CAD [Dr stripe_clearing]","stripe_clearing","69e90154aed06b005109e084","3800","","","","2026-04-22T17:11:47.713Z","pi_3TP4J9EDnfppNFcx0e2vTZPs","CAD","699c655e40e8dc98eacda675","debit","69e90153dda88045444007d2","2026-04-22T17:11:47.871000","2026-04-22T17:11:48.330000","service_eb508f39-ce3d-4391-bb12-d4211c02ede9","false"
"adjustment_received","69e8b316fbc30cb9a462eec4","Ajustement programme — 11111 — 146.00$ CAD [Cr balance_liability]","balance_liability","69e8b68dbd75befc455195dd","14600","","","","2026-04-22T11:52:45.466Z","pi_3TOzKUEDnfppNFcx0JL0xmhb","CAD","699c655e40e8dc98eacda675","credit","69e8b68dad4a76b850f08de6","2026-04-22T11:52:45.796000","2026-04-22T11:52:45.796000","service_eb508f39-ce3d-4391-bb12-d4211c02ede9","false"
"adjustment_received","69e8b316fbc30cb9a462eec4","Ajustement programme — 11111 — 146.00$ CAD [Dr stripe_balance]","stripe_balance","69e8b68dad4a76b850f08de6","14600","","","","2026-04-22T11:52:45.466Z","pi_3TOzKUEDnfppNFcx0JL0xmhb","CAD","699c655e40e8dc98eacda675","debit","69e8b68dbd75befc455195dd","2026-04-22T11:52:45.613000","2026-04-22T11:52:45.962000","service_eb508f39-ce3d-4391-bb12-d4211c02ede9","false"
"escrow_released","69e8b316fbc30cb9a462eec4","Escrow libéré — event 69e8b316fbc30cb9a462eec4 — 6.00$ CAD [Cr stripe_balance]","stripe_balance","69e8b60b16f0c9f2c008199b","600","","","","2026-04-22T11:50:35.068Z","pi_3TOzExEDnfppNFcx10qpQJmi","CAD","","credit","69e8b60b2d82726f98b960bd","2026-04-22T11:50:35.392000","2026-04-22T11:50:35.392000","service_eb508f39-ce3d-4391-bb12-d4211c02ede9","false"
"escrow_released","69e8b316fbc30cb9a462eec4","Escrow libéré — event 69e8b316fbc30cb9a462eec4 — 6.00$ CAD [Dr escrow_liability]","escrow_liability","69e8b60b2d82726f98b960bd","600","","","","2026-04-22T11:50:35.068Z","pi_3TOzExEDnfppNFcx10qpQJmi","CAD","","debit","69e8b60b16f0c9f2c008199b","2026-04-22T11:50:35.211000","2026-04-22T11:50:35.588000","service_eb508f39-ce3d-4391-bb12-d4211c02ede9","false"
"deposit_captured","69e8b316fbc30cb9a462eec4","Dépôt capturé — event 69e8b316fbc30cb9a462eec4 — 6.00$ CAD [Cr stripe_clearing]","stripe_clearing","69e8b60ae5339d9861158576","600","","","","2026-04-22T11:50:34.314Z","pi_3TOzExEDnfppNFcx10qpQJmi","CAD","","credit","69e8b60acaf6bf24bc8ae347","2026-04-22T11:50:34.696000","2026-04-22T11:50:34.696000","service_eb508f39-ce3d-4391-bb12-d4211c02ede9","false"
"deposit_captured","69e8b316fbc30cb9a462eec4","Dépôt capturé — event 69e8b316fbc30cb9a462eec4 — 6.00$ CAD [Dr stripe_balance]","stripe_balance","69e8b60acaf6bf24bc8ae347","600","","","","2026-04-22T11:50:34.314Z","pi_3TOzExEDnfppNFcx10qpQJmi","CAD","","debit","69e8b60ae5339d9861158576","2026-04-22T11:50:34.468000","2026-04-22T11:50:34.864000","service_eb508f39-ce3d-4391-bb12-d4211c02ede9","false"
"balance_received","69e8b316fbc30cb9a462eec4","Balance 80% reçue — event 69e8b316fbc30cb9a462eec4 — 24.00$ CAD [Cr balance_liability]","balance_liability","69e8b5e71f4e55485d8e5034","2400","","","","2026-04-22T11:49:59.584Z","pi_3TOzHmEDnfppNFcx1g0x3MFo","CAD","699c655e40e8dc98eacda675","credit","69e8b5e76fab8c880efd2be6","2026-04-22T11:49:59.994000","2026-04-22T11:49:59.994000","service_eb508f39-ce3d-4391-bb12-d4211c02ede9","false"
"balance_received","69e8b316fbc30cb9a462eec4","Balance 80% reçue — event 69e8b316fbc30cb9a462eec4 — 24.00$ CAD [Dr stripe_balance]","stripe_balance","69e8b5e76fab8c880efd2be6","2400","","","","2026-04-22T11:49:59.584Z","pi_3TOzHmEDnfppNFcx1g0x3MFo","CAD","699c655e40e8dc98eacda675","debit","69e8b5e71f4e55485d8e5034","2026-04-22T11:49:59.718000","2026-04-22T11:50:00.180000","service_eb508f39-ce3d-4391-bb12-d4211c02ede9","false"
"deposit_authorized","69e8b316fbc30cb9a462eec4","Dépôt 20% autorisé (requires_capture) — event 69e8b316fbc30cb9a462eec4 — 6.00$ CAD [Cr escrow_liability]","escrow_liability","69e8b5387786de70ae240536","600","","","","2026-04-22T11:47:04.701Z","pi_3TOzExEDnfppNFcx10qpQJmi","CAD","699c655e40e8dc98eacda675","credit","69e8b5397e4784bf7e8f76fb","2026-04-22T11:47:05.029000","2026-04-22T11:47:05.029000","service_eb508f39-ce3d-4391-bb12-d4211c02ede9","false"
"deposit_authorized","69e8b316fbc30cb9a462eec4","Dépôt 20% autorisé (requires_capture) — event 69e8b316fbc30cb9a462eec4 — 6.00$ CAD [Dr stripe_clearing]","stripe_clearing","69e8b5397e4784bf7e8f76fb","600","","","","2026-04-22T11:47:04.701Z","pi_3TOzExEDnfppNFcx10qpQJmi","CAD","699c655e40e8dc98eacda675","debit","69e8b5387786de70ae240536","2026-04-22T11:47:04.845000","2026-04-22T11:47:05.236000","service_eb508f39-ce3d-4391-bb12-d4211c02ede9","false"
"balance_received","69e7a0eecfae6cce66c80590","Balance 80% reçue — event 69e7a0eecfae6cce66c80590 — 220.00$ CAD [Cr balance_liability]","balance_liability","69e7a3036ca4de48e1be5219","22000","","","","2026-04-21T16:17:05.405Z","pi_3TOgykEDnfppNFcx1lTOS2RX","CAD","698d204286a5af9808991620","credit","69e7a303cee086a9f3373211","2026-04-21T16:17:07.372000","2026-04-21T16:17:07.372000","service_eb508f39-ce3d-4391-bb12-d4211c02ede9","false"
"balance_received","69e7a0eecfae6cce66c80590","Balance 80% reçue — event 69e7a0eecfae6cce66c80590 — 220.00$ CAD [Dr stripe_balance]","stripe_balance","69e7a303cee086a9f3373211","22000","","","","2026-04-21T16:17:05.405Z","pi_3TOgykEDnfppNFcx1lTOS2RX","CAD","698d204286a5af9808991620","debit","69e7a3036ca4de48e1be5219","2026-04-21T16:17:07.122000","2026-04-21T16:17:07.558000","service_eb508f39-ce3d-4391-bb12-d4211c02ede9","false"
"escrow_released","69e7a0eecfae6cce66c80590","Escrow libéré — event 69e7a0eecfae6cce66c80590 — 55.00$ CAD [Cr stripe_balance]","stripe_balance","69e7a2dba9055d01fc9459d3","5500","","","","2026-04-21T16:16:27.247Z","pi_3TOgxaEDnfppNFcx161tAWFE","CAD","","credit","69e7a2dbe60aac49817421b9","2026-04-21T16:16:27.624000","2026-04-21T16:16:27.624000","service_eb508f39-ce3d-4391-bb12-d4211c02ede9","false"
"escrow_released","69e7a0eecfae6cce66c80590","Escrow libéré — event 69e7a0eecfae6cce66c80590 — 55.00$ CAD [Dr escrow_liability]","escrow_liability","69e7a2dbe60aac49817421b9","5500","","","","2026-04-21T16:16:27.247Z","pi_3TOgxaEDnfppNFcx161tAWFE","CAD","","debit","69e7a2dba9055d01fc9459d3","2026-04-21T16:16:27.428000","2026-04-21T16:16:27.842000","service_eb508f39-ce3d-4391-bb12-d4211c02ede9","false"
"deposit_captured","69e7a0eecfae6cce66c80590","Dépôt capturé — event 69e7a0eecfae6cce66c80590 — 55.00$ CAD [Cr stripe_clearing]","stripe_clearing","69e7a2dadfeeaa002aa14efa","5500","","","","2026-04-21T16:16:26.383Z","pi_3TOgxaEDnfppNFcx161tAWFE","CAD","","credit","69e7a2da82993cbfc82bced2","2026-04-21T16:16:26.792000","2026-04-21T16:16:26.792000","service_eb508f39-ce3d-4391-bb12-d4211c02ede9","false"
"deposit_captured","69e7a0eecfae6cce66c80590","Dépôt capturé — event 69e7a0eecfae6cce66c80590 — 55.00$ CAD [Dr stripe_balance]","stripe_balance","69e7a2da82993cbfc82bced2","5500","","","","2026-04-21T16:16:26.383Z","pi_3TOgxaEDnfppNFcx161tAWFE","CAD","","debit","69e7a2dadfeeaa002aa14efa","2026-04-21T16:16:26.574000","2026-04-21T16:16:26.995000","service_eb508f39-ce3d-4391-bb12-d4211c02ede9","false"
"deposit_authorized","69e7a0eecfae6cce66c80590","Dépôt 20% autorisé (requires_capture) — event 69e7a0eecfae6cce66c80590 — 55.00$ CAD [Cr escrow_liability]","escrow_liability","69e7a2c061dd3eb19b2d5a6b","5500","","","","2026-04-21T16:15:59.997Z","pi_3TOgxaEDnfppNFcx161tAWFE","CAD","698d204286a5af9808991620","credit","69e7a2c016681ef24c541e9e","2026-04-21T16:16:00.342000","2026-04-21T16:16:00.342000","service_eb508f39-ce3d-4391-bb12-d4211c02ede9","false"
"deposit_authorized","69e7a0eecfae6cce66c80590","Dépôt 20% autorisé (requires_capture) — event 69e7a0eecfae6cce66c80590 — 55.00$ CAD [Dr stripe_clearing]","stripe_clearing","69e7a2c016681ef24c541e9e","5500","","","","2026-04-21T16:15:59.997Z","pi_3TOgxaEDnfppNFcx161tAWFE","CAD","698d204286a5af9808991620","debit","69e7a2c061dd3eb19b2d5a6b","2026-04-21T16:16:00.157000","2026-04-21T16:16:00.614000","service_eb508f39-ce3d-4391-bb12-d4211c02ede9","false"
"escrow_released","69e76b9ff5bd785d483c6526","Escrow libéré — event 69e76b9ff5bd785d483c6526 — 40.00$ CAD [Cr stripe_balance]","stripe_balance","69e76d09dcb2b8a225a9ed01","4000","","","","2026-04-21T12:26:48.910Z","pi_3TOdK4EDnfppNFcx16wzrj6W","CAD","","credit","69e76d091502db048b88ad58","2026-04-21T12:26:49.287000","2026-04-21T12:26:49.287000","service_eb508f39-ce3d-4391-bb12-d4211c02ede9","false"
"escrow_released","69e76b9ff5bd785d483c6526","Escrow libéré — event 69e76b9ff5bd785d483c6526 — 40.00$ CAD [Dr escrow_liability]","escrow_liability","69e76d091502db048b88ad58","4000","","","","2026-04-21T12:26:48.910Z","pi_3TOdK4EDnfppNFcx16wzrj6W","CAD","","debit","69e76d09dcb2b8a225a9ed01","2026-04-21T12:26:49.100000","2026-04-21T12:26:49.482000","service_eb508f39-ce3d-4391-bb12-d4211c02ede9","false"
"deposit_captured","69e76b9ff5bd785d483c6526","Dépôt capturé — event 69e76b9ff5bd785d483c6526 — 40.00$ CAD [Cr stripe_clearing]","stripe_clearing","69e76d088000ced57cff827d","4000","","","","2026-04-21T12:26:48.213Z","pi_3TOdK4EDnfppNFcx16wzrj6W","CAD","","credit","69e76d086195edc304b46952","2026-04-21T12:26:48.539000","2026-04-21T12:26:48.539000","service_eb508f39-ce3d-4391-bb12-d4211c02ede9","false"
"deposit_captured","69e76b9ff5bd785d483c6526","Dépôt capturé — event 69e76b9ff5bd785d483c6526 — 40.00$ CAD [Dr stripe_balance]","stripe_balance","69e76d086195edc304b46952","4000","","","","2026-04-21T12:26:48.213Z","pi_3TOdK4EDnfppNFcx16wzrj6W","CAD","","debit","69e76d088000ced57cff827d","2026-04-21T12:26:48.369000","2026-04-21T12:26:48.715000","service_eb508f39-ce3d-4391-bb12-d4211c02ede9","false"
"balance_received","69e76b9ff5bd785d483c6526","Balance 80% reçue — event 69e76b9ff5bd785d483c6526 — 160.00$ CAD [Cr balance_liability]","balance_liability","69e76c396bb432e71f768a35","16000","","","","2026-04-21T12:23:21.127Z","pi_3TOdKaEDnfppNFcx1jm0QHsi","CAD","","credit","69e76c39b619cf60900329f7","2026-04-21T12:23:21.439000","2026-04-21T12:23:21.439000","service_eb508f39-ce3d-4391-bb12-d4211c02ede9","false"
"balance_received","69e76b9ff5bd785d483c6526","Balance 80% reçue — event 69e76b9ff5bd785d483c6526 — 160.00$ CAD [Dr stripe_balance]","stripe_balance","69e76c39b619cf60900329f7","16000","","","","2026-04-21T12:23:21.127Z","pi_3TOdKaEDnfppNFcx1jm0QHsi","CAD","","debit","69e76c396bb432e71f768a35","2026-04-21T12:23:21.262000","2026-04-21T12:23:21.617000","service_eb508f39-ce3d-4391-bb12-d4211c02ede9","false"
"deposit_authorized","69e76b9ff5bd785d483c6526","Dépôt 20% autorisé (requires_capture) — event 69e76b9ff5bd785d483c6526 — 40.00$ CAD [Cr escrow_liability]","escrow_liability","69e76c1bbdda6fc5fb0f2a9b","4000","","","","2026-04-21T12:22:50.894Z","pi_3TOdK4EDnfppNFcx16wzrj6W","CAD","","credit","69e76c1b3884d18d1d64ac94","2026-04-21T12:22:51.185000","2026-04-21T12:22:51.185000","service_eb508f39-ce3d-4391-bb12-d4211c02ede9","false"
"deposit_authorized","69e76b9ff5bd785d483c6526","Dépôt 20% autorisé (requires_capture) — event 69e76b9ff5bd785d483c6526 — 40.00$ CAD [Dr stripe_clearing]","stripe_clearing","69e76c1b3884d18d1d64ac94","4000","","","","2026-04-21T12:22:50.894Z","pi_3TOdK4EDnfppNFcx16wzrj6W","CAD","","debit","69e76c1bbdda6fc5fb0f2a9b","2026-04-21T12:22:51.017000","2026-04-21T12:22:51.426000","service_eb508f39-ce3d-4391-bb12-d4211c02ede9","false"
"adjustment_received","69e7695b2859dda1a128a083","Ajustement programme — ajustement — 150.00$ CAD [Cr balance_liability]","balance_liability","69e76b0beadafa6574cf4aaf","15000","","","","2026-04-21T12:18:19.618Z","pi_3TOdFkEDnfppNFcx17odJOlR","CAD","699c655e40e8dc98eacda675","credit","69e76b0bcbc382c6f0aa34b5","2026-04-21T12:18:19.967000","2026-04-21T12:18:19.967000","service_eb508f39-ce3d-4391-bb12-d4211c02ede9","false"
"adjustment_received","69e7695b2859dda1a128a083","Ajustement programme — ajustement — 150.00$ CAD [Dr stripe_balance]","stripe_balance","69e76b0bcbc382c6f0aa34b5","15000","","","","2026-04-21T12:18:19.618Z","pi_3TOdFkEDnfppNFcx17odJOlR","CAD","699c655e40e8dc98eacda675","debit","69e76b0beadafa6574cf4aaf","2026-04-21T12:18:19.773000","2026-04-21T12:18:20.151000","service_eb508f39-ce3d-4391-bb12-d4211c02ede9","false"
"escrow_released","69e7695b2859dda1a128a083","Escrow libéré — event 69e7695b2859dda1a128a083 — 30.00$ CAD [Cr stripe_balance]","stripe_balance","69e76ad943b0a49bcd66b59f","3000","","","","2026-04-21T12:17:29.112Z","pi_3TOdBgEDnfppNFcx1wq2KpLm","CAD","","credit","69e76ad9fb9ad92b281fa338","2026-04-21T12:17:29.454000","2026-04-21T12:17:29.454000","service_eb508f39-ce3d-4391-bb12-d4211c02ede9","false"
"escrow_released","69e7695b2859dda1a128a083","Escrow libéré — event 69e7695b2859dda1a128a083 — 30.00$ CAD [Dr escrow_liability]","escrow_liability","69e76ad9fb9ad92b281fa338","3000","","","","2026-04-21T12:17:29.112Z","pi_3TOdBgEDnfppNFcx1wq2KpLm","CAD","","debit","69e76ad943b0a49bcd66b59f","2026-04-21T12:17:29.261000","2026-04-21T12:17:29.618000","service_eb508f39-ce3d-4391-bb12-d4211c02ede9","false"
"deposit_captured","69e7695b2859dda1a128a083","Dépôt capturé — event 69e7695b2859dda1a128a083 — 30.00$ CAD [Cr stripe_clearing]","stripe_clearing","69e76ad861da1ba50097a202","3000","","","","2026-04-21T12:17:28.357Z","pi_3TOdBgEDnfppNFcx1wq2KpLm","CAD","","credit","69e76ad84c0cd15d86e76eab","2026-04-21T12:17:28.723000","2026-04-21T12:17:28.723000","service_eb508f39-ce3d-4391-bb12-d4211c02ede9","false"
"deposit_captured","69e7695b2859dda1a128a083","Dépôt capturé — event 69e7695b2859dda1a128a083 — 30.00$ CAD [Dr stripe_balance]","stripe_balance","69e76ad84c0cd15d86e76eab","3000","","","","2026-04-21T12:17:28.357Z","pi_3TOdBgEDnfppNFcx1wq2KpLm","CAD","","debit","69e76ad861da1ba50097a202","2026-04-21T12:17:28.518000","2026-04-21T12:17:28.898000","service_eb508f39-ce3d-4391-bb12-d4211c02ede9","false"
"balance_received","69e7695b2859dda1a128a083","Balance 80% reçue — event 69e7695b2859dda1a128a083 — 120.00$ CAD [Cr balance_liability]","balance_liability","69e76aa6c07112103cc6e6c4","12000","","","","2026-04-21T12:16:38.264Z","pi_3TOdE3EDnfppNFcx0lgmDYSm","CAD","699c655e40e8dc98eacda675","credit","69e76aa62d5790f193ca2bbf","2026-04-21T12:16:38.690000","2026-04-21T12:16:38.690000","service_eb508f39-ce3d-4391-bb12-d4211c02ede9","false"
"balance_received","69e7695b2859dda1a128a083","Balance 80% reçue — event 69e7695b2859dda1a128a083 — 120.00$ CAD [Dr stripe_balance]","stripe_balance","69e76aa62d5790f193ca2bbf","12000","","","","2026-04-21T12:16:38.264Z","pi_3TOdE3EDnfppNFcx0lgmDYSm","CAD","699c655e40e8dc98eacda675","debit","69e76aa6c07112103cc6e6c4","2026-04-21T12:16:38.410000","2026-04-21T12:16:38.876000","service_eb508f39-ce3d-4391-bb12-d4211c02ede9","false"
"deposit_authorized","69e7695b2859dda1a128a083","Dépôt 20% autorisé (requires_capture) — event 69e7695b2859dda1a128a083 — 30.00$ CAD [Cr escrow_liability]","escrow_liability","69e76a140ea2bc8ca0eefa8a","3000","","","","2026-04-21T12:14:12.819Z","pi_3TOdBgEDnfppNFcx1wq2KpLm","CAD","699c655e40e8dc98eacda675","credit","69e76a152351014a8b80a96f","2026-04-21T12:14:13.117000","2026-04-21T12:14:13.117000","service_eb508f39-ce3d-4391-bb12-d4211c02ede9","false"
"deposit_authorized","69e7695b2859dda1a128a083","Dépôt 20% autorisé (requires_capture) — event 69e7695b2859dda1a128a083 — 30.00$ CAD [Dr stripe_clearing]","stripe_clearing","69e76a152351014a8b80a96f","3000","","","","2026-04-21T12:14:12.819Z","pi_3TOdBgEDnfppNFcx1wq2KpLm","CAD","699c655e40e8dc98eacda675","debit","69e76a140ea2bc8ca0eefa8a","2026-04-21T12:14:12.942000","2026-04-21T12:14:13.293000","service_eb508f39-ce3d-4391-bb12-d4211c02ede9","false"
"commission_earned","69de283fadade41b0eb99f7c","Batch commission — event 69de283fadade41b0eb99f7c — 2.28$ [Cr revenue_commission]","revenue_commission","69e6416618acda326eaafa02","228","69dfa76dd002723d3a0a2dc1","","","2026-04-20T15:08:21.836Z","tr_3TM5TsEDnfppNFcx0DvxqtbG","CAD","","credit","69e64166cf04709978ebbb45","2026-04-20T15:08:22.298000","2026-04-20T15:08:22.298000","service_eb508f39-ce3d-4391-bb12-d4211c02ede9","false"
"commission_earned","69de283fadade41b0eb99f7c","Batch commission — event 69de283fadade41b0eb99f7c — 2.28$ [Dr escrow_liability]","escrow_liability","69e64166cf04709978ebbb45","228","69dfa76dd002723d3a0a2dc1","","","2026-04-20T15:08:21.836Z","tr_3TM5TsEDnfppNFcx0DvxqtbG","CAD","","debit","69e6416618acda326eaafa02","2026-04-20T15:08:22.034000","2026-04-20T15:08:22.519000","service_eb508f39-ce3d-4391-bb12-d4211c02ede9","false"
"talent_transfer","69de283fadade41b0eb99f7c","Batch cachet — event 69de283fadade41b0eb99f7c — 17.72$ → xJkejRFm [Cr stripe_balance]","stripe_balance","69e641647e66a66884d8bea6","1772","69dfa76d02677de8b7440412","","","2026-04-20T15:08:20.822Z","tr_3TM5TsEDnfppNFcx0DvxqtbG","CAD","","credit","69e64165dd71c38fb1c1cadf","2026-04-20T15:08:21.136000","2026-04-20T15:08:21.136000","service_eb508f39-ce3d-4391-bb12-d4211c02ede9","false"
"talent_transfer","69de283fadade41b0eb99f7c","Batch cachet — event 69de283fadade41b0eb99f7c — 17.72$ → xJkejRFm [Dr stripe_connect_transit]","stripe_connect_transit","69e64165dd71c38fb1c1cadf","1772","69dfa76d02677de8b7440412","","","2026-04-20T15:08:20.822Z","tr_3TM5TsEDnfppNFcx0DvxqtbG","CAD","","debit","69e641647e66a66884d8bea6","2026-04-20T15:08:20.981000","2026-04-20T15:08:21.365000","service_eb508f39-ce3d-4391-bb12-d4211c02ede9","false"
"commission_earned","69e577bcee2fde3af32912b9","Batch commission — event 69e577bcee2fde3af32912b9 — 11.12$ [Cr revenue_commission]","revenue_commission","69e64159ce93ef0fbb3ed800","1112","69e5833ebc62e13505405ac6","","","2026-04-20T15:08:08.933Z","tr_1TOJQgEDnfppNFcxGbJMoPTb","CAD","","credit","69e641591c2d1efe0bc405c6","2026-04-20T15:08:09.340000","2026-04-20T15:08:09.340000","service_eb508f39-ce3d-4391-bb12-d4211c02ede9","false"
"commission_earned","69e577bcee2fde3af32912b9","Batch commission — event 69e577bcee2fde3af32912b9 — 11.12$ [Dr escrow_liability]","escrow_liability","69e641591c2d1efe0bc405c6","1112","69e5833ebc62e13505405ac6","","","2026-04-20T15:08:08.933Z","tr_1TOJQgEDnfppNFcxGbJMoPTb","CAD","","debit","69e64159ce93ef0fbb3ed800","2026-04-20T15:08:09.123000","2026-04-20T15:08:09.660000","service_eb508f39-ce3d-4391-bb12-d4211c02ede9","false"
"talent_transfer","69e577bcee2fde3af32912b9","Batch cachet — event 69e577bcee2fde3af32912b9 — 9.67$ → 0i1k1Kmt [Cr stripe_balance]","stripe_balance","69e64158f8ee94c79b54892c","967","69e5833eaa80f03bf3dc2c20","","","2026-04-20T15:08:07.914Z","tr_1TOJQgEDnfppNFcxGbJMoPTb","CAD","","credit","69e641585c9fc73625eabae5","2026-04-20T15:08:08.256000","2026-04-20T15:08:08.256000","service_eb508f39-ce3d-4391-bb12-d4211c02ede9","false"
"talent_transfer","69e577bcee2fde3af32912b9","Batch cachet — event 69e577bcee2fde3af32912b9 — 9.67$ → 0i1k1Kmt [Dr stripe_connect_transit]","stripe_connect_transit","69e641585c9fc73625eabae5","967","69e5833eaa80f03bf3dc2c20","","","2026-04-20T15:08:07.914Z","tr_1TOJQgEDnfppNFcxGbJMoPTb","CAD","","debit","69e64158f8ee94c79b54892c","2026-04-20T15:08:08.056000","2026-04-20T15:08:08.473000","service_eb508f39-ce3d-4391-bb12-d4211c02ede9","false"
"commission_earned","69e3993bb98029bbaa79b22b","Batch commission — event 69e3993bb98029bbaa79b22b — 5.93$ [Cr revenue_commission]","revenue_commission","69e64152394cf1f61dd002c3","593","69e61e26dcc82ce62e4b798b","","","2026-04-20T15:08:02.204Z","tr_3TNaAOEDnfppNFcx1gSTdhEd","CAD","","credit","69e64152e0f1a32f3c1fc8d9","2026-04-20T15:08:02.560000","2026-04-20T15:08:02.560000","service_eb508f39-ce3d-4391-bb12-d4211c02ede9","false"
"commission_earned","69e3993bb98029bbaa79b22b","Batch commission — event 69e3993bb98029bbaa79b22b — 5.93$ [Dr escrow_liability]","escrow_liability","69e64152e0f1a32f3c1fc8d9","593","69e61e26dcc82ce62e4b798b","","","2026-04-20T15:08:02.204Z","tr_3TNaAOEDnfppNFcx1gSTdhEd","CAD","","debit","69e64152394cf1f61dd002c3","2026-04-20T15:08:02.368000","2026-04-20T15:08:02.805000","service_eb508f39-ce3d-4391-bb12-d4211c02ede9","false"
"talent_transfer","69e3993bb98029bbaa79b22b","Batch cachet — event 69e3993bb98029bbaa79b22b — 46.07$ → 1nXNICVC [Cr stripe_balance]","stripe_balance","69e64151fb8fe83f7e6e95fc","4607","69e61e251dc7c588076b9426","","","2026-04-20T15:08:00.975Z","tr_3TNaAOEDnfppNFcx1gSTdhEd","CAD","","credit","69e641514c3960705d490f6f","2026-04-20T15:08:01.329000","2026-04-20T15:08:01.329000","service_eb508f39-ce3d-4391-bb12-d4211c02ede9","false"
"talent_transfer","69e3993bb98029bbaa79b22b","Batch cachet — event 69e3993bb98029bbaa79b22b — 46.07$ → 1nXNICVC [Dr stripe_connect_transit]","stripe_connect_transit","69e641514c3960705d490f6f","4607","69e61e251dc7c588076b9426","","","2026-04-20T15:08:00.975Z","tr_3TNaAOEDnfppNFcx1gSTdhEd","CAD","","debit","69e64151fb8fe83f7e6e95fc","2026-04-20T15:08:01.100000","2026-04-20T15:08:01.602000","service_eb508f39-ce3d-4391-bb12-d4211c02ede9","false"
"commission_earned","69e607df1a35938e445b9b2c","Batch commission — event 69e607df1a35938e445b9b2c — 22.80$ [Cr revenue_commission]","revenue_commission","69e6414b2627e3961a526ea5","2280","69e6351074c728265ab5c9f3","","","2026-04-20T15:07:55.453Z","tr_1TOJQTEDnfppNFcxooMl0QQD","CAD","","credit","69e6414b03b08ea0e7bb844e","2026-04-20T15:07:55.828000","2026-04-20T15:07:55.828000","service_eb508f39-ce3d-4391-bb12-d4211c02ede9","false"
"commission_earned","69e607df1a35938e445b9b2c","Batch commission — event 69e607df1a35938e445b9b2c — 22.80$ [Dr escrow_liability]","escrow_liability","69e6414b03b08ea0e7bb844e","2280","69e6351074c728265ab5c9f3","","","2026-04-20T15:07:55.453Z","tr_1TOJQTEDnfppNFcxooMl0QQD","CAD","","debit","69e6414b2627e3961a526ea5","2026-04-20T15:07:55.594000","2026-04-20T15:07:56.015000","service_eb508f39-ce3d-4391-bb12-d4211c02ede9","false"
"talent_transfer","69e607df1a35938e445b9b2c","Batch cachet — event 69e607df1a35938e445b9b2c — 132.00$ → AHsHT7Zs [Cr stripe_balance]","stripe_balance","69e6414a62f25abeaab1140e","13200","69e6350ed62d4cbba83aee62","","","2026-04-20T15:07:54.468Z","tr_1TOJQTEDnfppNFcxooMl0QQD","CAD","","credit","69e6414ac59828e472f8b96c","2026-04-20T15:07:54.769000","2026-04-20T15:07:54.769000","service_eb508f39-ce3d-4391-bb12-d4211c02ede9","false"
"talent_transfer","69e607df1a35938e445b9b2c","Batch cachet — event 69e607df1a35938e445b9b2c — 132.00$ → AHsHT7Zs [Dr stripe_connect_transit]","stripe_connect_transit","69e6414ac59828e472f8b96c","13200","69e6350ed62d4cbba83aee62","","","2026-04-20T15:07:54.468Z","tr_1TOJQTEDnfppNFcxooMl0QQD","CAD","","debit","69e6414a62f25abeaab1140e","2026-04-20T15:07:54.594000","2026-04-20T15:07:54.954000","service_eb508f39-ce3d-4391-bb12-d4211c02ede9","false"
"commission_earned","69e607df1a35938e445b9b2c","Batch commission — event 69e607df1a35938e445b9b2c — 22.80$ [Cr revenue_commission]","revenue_commission","69e64147a62f77bcc0fd1bc2","2280","69e6351074c728265ab5c9f3","","","2026-04-20T15:07:51.028Z","tr_1TOJQOEDnfppNFcxpbweypJm","CAD","","credit","69e6414799a937aead670098","2026-04-20T15:07:51.336000","2026-04-20T15:07:51.336000","service_eb508f39-ce3d-4391-bb12-d4211c02ede9","false"
"commission_earned","69e607df1a35938e445b9b2c","Batch commission — event 69e607df1a35938e445b9b2c — 22.80$ [Dr escrow_liability]","escrow_liability","69e6414799a937aead670098","2280","69e6351074c728265ab5c9f3","","","2026-04-20T15:07:51.028Z","tr_1TOJQOEDnfppNFcxpbweypJm","CAD","","debit","69e64147a62f77bcc0fd1bc2","2026-04-20T15:07:51.165000","2026-04-20T15:07:51.522000","service_eb508f39-ce3d-4391-bb12-d4211c02ede9","false"
"talent_transfer","69e607df1a35938e445b9b2c","Batch cachet — event 69e607df1a35938e445b9b2c — 118.30$ → eykvx1td [Cr stripe_balance]","stripe_balance","69e6414606c1db111802b5fe","11830","69e6350f8ac89b74beb88876","","","2026-04-20T15:07:50.080Z","tr_1TOJQOEDnfppNFcxpbweypJm","CAD","","credit","69e641464b93f912cdb0ed39","2026-04-20T15:07:50.411000","2026-04-20T15:07:50.411000","service_eb508f39-ce3d-4391-bb12-d4211c02ede9","false"
"talent_transfer","69e607df1a35938e445b9b2c","Batch cachet — event 69e607df1a35938e445b9b2c — 118.30$ → eykvx1td [Dr stripe_connect_transit]","stripe_connect_transit","69e641464b93f912cdb0ed39","11830","69e6350f8ac89b74beb88876","","","2026-04-20T15:07:50.080Z","tr_1TOJQOEDnfppNFcxpbweypJm","CAD","","debit","69e6414606c1db111802b5fe","2026-04-20T15:07:50.255000","2026-04-20T15:07:50.616000","service_eb508f39-ce3d-4391-bb12-d4211c02ede9","false"
"commission_earned","69e607df1a35938e445b9b2c","Batch commission — event 69e607df1a35938e445b9b2c — 22.80$ [Cr revenue_commission]","revenue_commission","69e64143d43fa087c38fb40e","2280","69e6351074c728265ab5c9f3","","","2026-04-20T15:07:47.334Z","tr_1TOJQGEDnfppNFcxDz2RVsHu","CAD","","credit","69e6414391e5350df7e66f7e","2026-04-20T15:07:47.736000","2026-04-20T15:07:47.736000","service_eb508f39-ce3d-4391-bb12-d4211c02ede9","false"
"commission_earned","69e607df1a35938e445b9b2c","Batch commission — event 69e607df1a35938e445b9b2c — 22.80$ [Dr escrow_liability]","escrow_liability","69e6414391e5350df7e66f7e","2280","69e6351074c728265ab5c9f3","","","2026-04-20T15:07:47.334Z","tr_1TOJQGEDnfppNFcxDz2RVsHu","CAD","","debit","69e64143d43fa087c38fb40e","2026-04-20T15:07:47.514000","2026-04-20T15:07:47.954000","service_eb508f39-ce3d-4391-bb12-d4211c02ede9","false"
"talent_transfer","69e607df1a35938e445b9b2c","Batch cachet — event 69e607df1a35938e445b9b2c — 177.20$ → xJkejRFm [Cr stripe_balance]","stripe_balance","69e6413d1fa8d2cd04203bc6","17720","69e6350f54c64fc35ef6e556","","","2026-04-20T15:07:41.670Z","tr_1TOJQGEDnfppNFcxDz2RVsHu","CAD","","credit","69e641414b7263cbeb0c8c8b","2026-04-20T15:07:45.793000","2026-04-20T15:07:45.793000","service_eb508f39-ce3d-4391-bb12-d4211c02ede9","false"
"talent_transfer","69e607df1a35938e445b9b2c","Batch cachet — event 69e607df1a35938e445b9b2c — 177.20$ → xJkejRFm [Dr stripe_connect_transit]","stripe_connect_transit","69e641414b7263cbeb0c8c8b","17720","69e6350f54c64fc35ef6e556","","","2026-04-20T15:07:41.670Z","tr_1TOJQGEDnfppNFcxDz2RVsHu","CAD","","debit","69e6413d1fa8d2cd04203bc6","2026-04-20T15:07:41.847000","2026-04-20T15:07:46.764000","service_eb508f39-ce3d-4391-bb12-d4211c02ede9","false"
"commission_earned","69e5948cd7d5ebd74dd54e82","Batch commission — event 69e5948cd7d5ebd74dd54e82 — 6.00$ [Cr revenue_commission]","revenue_commission","69e6413b2c2ece4a578b3f55","600","69e63519cb4a3a47783cc298","","","2026-04-20T15:07:38.954Z","tr_1TOJQCEDnfppNFcx1u8fFYKt","CAD","","credit","69e6413b7e66a66884d8be95","2026-04-20T15:07:39.309000","2026-04-20T15:07:39.309000","service_eb508f39-ce3d-4391-bb12-d4211c02ede9","false"
"commission_earned","69e5948cd7d5ebd74dd54e82","Batch commission — event 69e5948cd7d5ebd74dd54e82 — 6.00$ [Dr escrow_liability]","escrow_liability","69e6413b7e66a66884d8be95","600","69e63519cb4a3a47783cc298","","","2026-04-20T15:07:38.954Z","tr_1TOJQCEDnfppNFcx1u8fFYKt","CAD","","debit","69e6413b2c2ece4a578b3f55","2026-04-20T15:07:39.118000","2026-04-20T15:07:39.485000","service_eb508f39-ce3d-4391-bb12-d4211c02ede9","false"
"talent_transfer","69e5948cd7d5ebd74dd54e82","Batch cachet — event 69e5948cd7d5ebd74dd54e82 — 483.35$ → 0i1k1Kmt [Cr stripe_balance]","stripe_balance","69e6413ac8a859e240574064","48335","69e635184fdfd35baf476217","","","2026-04-20T15:07:38.070Z","tr_1TOJQCEDnfppNFcx1u8fFYKt","CAD","","credit","69e6413a078b9a61bb6f013e","2026-04-20T15:07:38.393000","2026-04-20T15:07:38.393000","service_eb508f39-ce3d-4391-bb12-d4211c02ede9","false"
"talent_transfer","69e5948cd7d5ebd74dd54e82","Batch cachet — event 69e5948cd7d5ebd74dd54e82 — 483.35$ → 0i1k1Kmt [Dr stripe_connect_transit]","stripe_connect_transit","69e6413a078b9a61bb6f013e","48335","69e635184fdfd35baf476217","","","2026-04-20T15:07:38.070Z","tr_1TOJQCEDnfppNFcx1u8fFYKt","CAD","","debit","69e6413ac8a859e240574064","2026-04-20T15:07:38.215000","2026-04-20T15:07:38.564000","service_eb508f39-ce3d-4391-bb12-d4211c02ede9","false"
"commission_earned","69e5948cd7d5ebd74dd54e82","Batch commission — event 69e5948cd7d5ebd74dd54e82 — 6.00$ [Cr revenue_commission]","revenue_commission","69e64137d860ee9b936880ca","600","69e63519cb4a3a47783cc298","","","2026-04-20T15:07:35.512Z","tr_1TOJQ9EDnfppNFcxvoLkofeX","CAD","","credit","69e64137d9cdb7fc6d578e43","2026-04-20T15:07:35.826000","2026-04-20T15:07:35.826000","service_eb508f39-ce3d-4391-bb12-d4211c02ede9","false"
"commission_earned","69e5948cd7d5ebd74dd54e82","Batch commission — event 69e5948cd7d5ebd74dd54e82 — 6.00$ [Dr escrow_liability]","escrow_liability","69e64137d9cdb7fc6d578e43","600","69e63519cb4a3a47783cc298","","","2026-04-20T15:07:35.512Z","tr_1TOJQ9EDnfppNFcxvoLkofeX","CAD","","debit","69e64137d860ee9b936880ca","2026-04-20T15:07:35.630000","2026-04-20T15:07:36.025000","service_eb508f39-ce3d-4391-bb12-d4211c02ede9","false"
"talent_transfer","69e5948cd7d5ebd74dd54e82","Batch cachet — event 69e5948cd7d5ebd74dd54e82 — 86.80$ → MmYk8UPo [Cr stripe_balance]","stripe_balance","69e64136bca015cb62ebbf6f","8680","69e63518e292a0c0ccca88e4","","","2026-04-20T15:07:34.579Z","tr_1TOJQ9EDnfppNFcxvoLkofeX","CAD","","credit","69e641366cb979bc262b6ade","2026-04-20T15:07:34.928000","2026-04-20T15:07:34.928000","service_eb508f39-ce3d-4391-bb12-d4211c02ede9","false"
"talent_transfer","69e5948cd7d5ebd74dd54e82","Batch cachet — event 69e5948cd7d5ebd74dd54e82 — 86.80$ → MmYk8UPo [Dr stripe_connect_transit]","stripe_connect_transit","69e641366cb979bc262b6ade","8680","69e63518e292a0c0ccca88e4","","","2026-04-20T15:07:34.579Z","tr_1TOJQ9EDnfppNFcxvoLkofeX","CAD","","debit","69e64136bca015cb62ebbf6f","2026-04-20T15:07:34.741000","2026-04-20T15:07:35.125000","service_eb508f39-ce3d-4391-bb12-d4211c02ede9","false"
"commission_earned","69e5948cd7d5ebd74dd54e82","Batch commission — event 69e5948cd7d5ebd74dd54e82 — 6.00$ [Cr revenue_commission]","revenue_commission","69e64134a3b84e31e27b7c45","600","69e63519cb4a3a47783cc298","","","2026-04-20T15:07:31.932Z","tr_1TOJQ5EDnfppNFcxysdJO3Ot","CAD","","credit","69e64134e532549c75a0fcae","2026-04-20T15:07:32.357000","2026-04-20T15:07:32.357000","service_eb508f39-ce3d-4391-bb12-d4211c02ede9","false"
"commission_earned","69e5948cd7d5ebd74dd54e82","Batch commission — event 69e5948cd7d5ebd74dd54e82 — 6.00$ [Dr escrow_liability]","escrow_liability","69e64134e532549c75a0fcae","600","69e63519cb4a3a47783cc298","","","2026-04-20T15:07:31.932Z","tr_1TOJQ5EDnfppNFcxysdJO3Ot","CAD","","debit","69e64134a3b84e31e27b7c45","2026-04-20T15:07:32.145000","2026-04-20T15:07:32.624000","service_eb508f39-ce3d-4391-bb12-d4211c02ede9","false"
"talent_transfer","69e5948cd7d5ebd74dd54e82","Batch cachet — event 69e5948cd7d5ebd74dd54e82 — 94.00$ → pkPYEQBM [Cr stripe_balance]","stripe_balance","69e641331972501a30106d3e","9400","69e635187bee35770f0e8f6f","","","2026-04-20T15:07:30.917Z","tr_1TOJQ5EDnfppNFcxysdJO3Ot","CAD","","credit","69e64133832a8c40f54a6ea7","2026-04-20T15:07:31.252000","2026-04-20T15:07:31.252000","service_eb508f39-ce3d-4391-bb12-d4211c02ede9","false"
"talent_transfer","69e5948cd7d5ebd74dd54e82","Batch cachet — event 69e5948cd7d5ebd74dd54e82 — 94.00$ → pkPYEQBM [Dr stripe_connect_transit]","stripe_connect_transit","69e64133832a8c40f54a6ea7","9400","69e635187bee35770f0e8f6f","","","2026-04-20T15:07:30.917Z","tr_1TOJQ5EDnfppNFcxysdJO3Ot","CAD","","debit","69e641331972501a30106d3e","2026-04-20T15:07:31.054000","2026-04-20T15:07:31.476000","service_eb508f39-ce3d-4391-bb12-d4211c02ede9","false"
"escrow_released","69e60a1a009afd50a6bb2800","Escrow libéré — event 69e60a1a009afd50a6bb2800 — 42.00$ CAD [Cr stripe_balance]","stripe_balance","69e60bafdff6f616d2a8a56b","4200","","","","2026-04-20T11:19:10.983Z","pi_3TOFnTEDnfppNFcx0QKMzBIz","CAD","","credit","69e60bafa246faf3ad604486","2026-04-20T11:19:11.386000","2026-04-20T11:19:11.386000","service_eb508f39-ce3d-4391-bb12-d4211c02ede9","false"
"escrow_released","69e60a1a009afd50a6bb2800","Escrow libéré — event 69e60a1a009afd50a6bb2800 — 42.00$ CAD [Dr escrow_liability]","escrow_liability","69e60bafa246faf3ad604486","4200","","","","2026-04-20T11:19:10.983Z","pi_3TOFnTEDnfppNFcx0QKMzBIz","CAD","","debit","69e60bafdff6f616d2a8a56b","2026-04-20T11:19:11.124000","2026-04-20T11:19:11.605000","service_eb508f39-ce3d-4391-bb12-d4211c02ede9","false"
"deposit_captured","69e60a1a009afd50a6bb2800","Dépôt capturé — event 69e60a1a009afd50a6bb2800 — 42.00$ CAD [Cr stripe_clearing]","stripe_clearing","69e60baeb496aad53c902ace","4200","","","","2026-04-20T11:19:09.812Z","pi_3TOFnTEDnfppNFcx0QKMzBIz","CAD","","credit","69e60bae59b81f26250cc125","2026-04-20T11:19:10.464000","2026-04-20T11:19:10.464000","service_eb508f39-ce3d-4391-bb12-d4211c02ede9","false"
"deposit_captured","69e60a1a009afd50a6bb2800","Dépôt capturé — event 69e60a1a009afd50a6bb2800 — 42.00$ CAD [Dr stripe_balance]","stripe_balance","69e60bae59b81f26250cc125","4200","","","","2026-04-20T11:19:09.812Z","pi_3TOFnTEDnfppNFcx0QKMzBIz","CAD","","debit","69e60baeb496aad53c902ace","2026-04-20T11:19:10.265000","2026-04-20T11:19:10.735000","service_eb508f39-ce3d-4391-bb12-d4211c02ede9","false"
"balance_received","69e60a1a009afd50a6bb2800","Balance 80% reçue — event 69e60a1a009afd50a6bb2800 — 168.00$ CAD [Cr balance_liability]","balance_liability","69e60afcc60759b8de2beb79","16800","","","","2026-04-20T11:16:12.030Z","pi_3TOFo2EDnfppNFcx0FinUrsU","CAD","698d204286a5af9808991620","credit","69e60afce1c7faacc5df10c8","2026-04-20T11:16:12.583000","2026-04-20T11:16:12.583000","service_eb508f39-ce3d-4391-bb12-d4211c02ede9","false"
"balance_received","69e60a1a009afd50a6bb2800","Balance 80% reçue — event 69e60a1a009afd50a6bb2800 — 168.00$ CAD [Dr stripe_balance]","stripe_balance","69e60afce1c7faacc5df10c8","16800","","","","2026-04-20T11:16:12.030Z","pi_3TOFo2EDnfppNFcx0FinUrsU","CAD","698d204286a5af9808991620","debit","69e60afcc60759b8de2beb79","2026-04-20T11:16:12.324000","2026-04-20T11:16:12.748000","service_eb508f39-ce3d-4391-bb12-d4211c02ede9","false"
"deposit_authorized","69e60a1a009afd50a6bb2800","Dépôt 20% autorisé (requires_capture) — event 69e60a1a009afd50a6bb2800 — 42.00$ CAD [Cr escrow_liability]","escrow_liability","69e60adafaea5e0b421398be","4200","","","","2026-04-20T11:15:38.740Z","pi_3TOFnTEDnfppNFcx0QKMzBIz","CAD","698d204286a5af9808991620","credit","69e60adbdd131e91febd4629","2026-04-20T11:15:39.054000","2026-04-20T11:15:39.054000","service_eb508f39-ce3d-4391-bb12-d4211c02ede9","false"
"deposit_authorized","69e60a1a009afd50a6bb2800","Dépôt 20% autorisé (requires_capture) — event 69e60a1a009afd50a6bb2800 — 42.00$ CAD [Dr stripe_clearing]","stripe_clearing","69e60adbdd131e91febd4629","4200","","","","2026-04-20T11:15:38.740Z","pi_3TOFnTEDnfppNFcx0QKMzBIz","CAD","698d204286a5af9808991620","debit","69e60adafaea5e0b421398be","2026-04-20T11:15:38.913000","2026-04-20T11:15:39.264000","service_eb508f39-ce3d-4391-bb12-d4211c02ede9","false"
"balance_received","69e607df1a35938e445b9b2c","Balance 80% reçue — event 69e607df1a35938e445b9b2c — 560.00$ CAD [Cr balance_liability]","balance_liability","69e609d223f1a0710923dc01","56000","","","","2026-04-20T11:11:14.536Z","pi_3TOFjGEDnfppNFcx1DWkoe5Z","CAD","69b48a2b7d5c0db589c6bb1c","credit","69e609d224403bb53162f41c","2026-04-20T11:11:14.934000","2026-04-20T11:11:14.934000","service_eb508f39-ce3d-4391-bb12-d4211c02ede9","false"
"balance_received","69e607df1a35938e445b9b2c","Balance 80% reçue — event 69e607df1a35938e445b9b2c — 560.00$ CAD [Dr stripe_balance]","stripe_balance","69e609d224403bb53162f41c","56000","","","","2026-04-20T11:11:14.536Z","pi_3TOFjGEDnfppNFcx1DWkoe5Z","CAD","69b48a2b7d5c0db589c6bb1c","debit","69e609d223f1a0710923dc01","2026-04-20T11:11:14.712000","2026-04-20T11:11:15.164000","service_eb508f39-ce3d-4391-bb12-d4211c02ede9","false"
"escrow_released","69e607df1a35938e445b9b2c","Escrow libéré — event 69e607df1a35938e445b9b2c — 140.00$ CAD [Cr stripe_balance]","stripe_balance","69e609b7fc7dab6a4230590a","14000","","","","2026-04-20T11:10:47.249Z","pi_3TOFeSEDnfppNFcx148XTanI","CAD","","credit","69e609b723232e52014bf7c0","2026-04-20T11:10:47.571000","2026-04-20T11:10:47.571000","service_eb508f39-ce3d-4391-bb12-d4211c02ede9","false"
"escrow_released","69e607df1a35938e445b9b2c","Escrow libéré — event 69e607df1a35938e445b9b2c — 140.00$ CAD [Dr escrow_liability]","escrow_liability","69e609b723232e52014bf7c0","14000","","","","2026-04-20T11:10:47.249Z","pi_3TOFeSEDnfppNFcx148XTanI","CAD","","debit","69e609b7fc7dab6a4230590a","2026-04-20T11:10:47.396000","2026-04-20T11:10:47.741000","service_eb508f39-ce3d-4391-bb12-d4211c02ede9","false"
"deposit_captured","69e607df1a35938e445b9b2c","Dépôt capturé — event 69e607df1a35938e445b9b2c — 140.00$ CAD [Cr stripe_clearing]","stripe_clearing","69e609b6e119acb71319454e","14000","","","","2026-04-20T11:10:46.538Z","pi_3TOFeSEDnfppNFcx148XTanI","CAD","","credit","69e609b6f6ab91576faf1840","2026-04-20T11:10:46.851000","2026-04-20T11:10:46.851000","service_eb508f39-ce3d-4391-bb12-d4211c02ede9","false"
"deposit_captured","69e607df1a35938e445b9b2c","Dépôt capturé — event 69e607df1a35938e445b9b2c — 140.00$ CAD [Dr stripe_balance]","stripe_balance","69e609b6f6ab91576faf1840","14000","","","","2026-04-20T11:10:46.538Z","pi_3TOFeSEDnfppNFcx148XTanI","CAD","","debit","69e609b6e119acb71319454e","2026-04-20T11:10:46.692000","2026-04-20T11:10:47.042000","service_eb508f39-ce3d-4391-bb12-d4211c02ede9","false"
"deposit_authorized","69e607df1a35938e445b9b2c","Complément dépôt — event 69e607df1a35938e445b9b2c — +27.00$ CAD (escrow 113.00 → 140.00) [Cr escrow_liability]","escrow_liability","69e609262f251c28a2410340","2700","","","","2026-04-20T11:08:22.183Z","pi_3TOFgREDnfppNFcx1kzOvsT8","CAD","69b48a2b7d5c0db589c6bb1c","credit","69e60926bc1b8c80f237b086","2026-04-20T11:08:22.618000","2026-04-20T11:08:22.618000","service_eb508f39-ce3d-4391-bb12-d4211c02ede9","false"
"deposit_authorized","69e607df1a35938e445b9b2c","Complément dépôt — event 69e607df1a35938e445b9b2c — +27.00$ CAD (escrow 113.00 → 140.00) [Dr stripe_clearing]","stripe_clearing","69e60926bc1b8c80f237b086","2700","","","","2026-04-20T11:08:22.183Z","pi_3TOFgREDnfppNFcx1kzOvsT8","CAD","69b48a2b7d5c0db589c6bb1c","debit","69e609262f251c28a2410340","2026-04-20T11:08:22.343000","2026-04-20T11:08:22.790000","service_eb508f39-ce3d-4391-bb12-d4211c02ede9","false"
"deposit_authorized","69e607df1a35938e445b9b2c","Dépôt 20% autorisé (requires_capture) — event 69e607df1a35938e445b9b2c — 113.00$ CAD [Cr escrow_liability]","escrow_liability","69e608ad4779d5a632fe7613","11300","","","","2026-04-20T11:06:20.947Z","pi_3TOFeSEDnfppNFcx148XTanI","CAD","69b48a2b7d5c0db589c6bb1c","credit","69e608ade5a3e931ae3b966c","2026-04-20T11:06:21.208000","2026-04-20T11:06:21.208000","service_eb508f39-ce3d-4391-bb12-d4211c02ede9","false"
"deposit_authorized","69e607df1a35938e445b9b2c","Dépôt 20% autorisé (requires_capture) — event 69e607df1a35938e445b9b2c — 113.00$ CAD [Dr stripe_clearing]","stripe_clearing","69e608ade5a3e931ae3b966c","11300","","","","2026-04-20T11:06:20.947Z","pi_3TOFeSEDnfppNFcx148XTanI","CAD","69b48a2b7d5c0db589c6bb1c","debit","69e608ad4779d5a632fe7613","2026-04-20T11:06:21.074000","2026-04-20T11:06:21.407000","service_eb508f39-ce3d-4391-bb12-d4211c02ede9","false"
"escrow_released","69e5948cd7d5ebd74dd54e82","Escrow libéré — event 69e5948cd7d5ebd74dd54e82 — 133.00$ CAD [Cr stripe_balance]","stripe_balance","69e59f08cd34601cd3a8e8ac","13300","","","","2026-04-20T03:35:35.864Z","pi_3TO8WPEDnfppNFcx0dy7km2s","CAD","","credit","69e59f083c399ac82b5fc8bc","2026-04-20T03:35:36.217000","2026-04-20T03:35:36.217000","service_eb508f39-ce3d-4391-bb12-d4211c02ede9","false"
"escrow_released","69e5948cd7d5ebd74dd54e82","Escrow libéré — event 69e5948cd7d5ebd74dd54e82 — 133.00$ CAD [Dr escrow_liability]","escrow_liability","69e59f083c399ac82b5fc8bc","13300","","","","2026-04-20T03:35:35.864Z","pi_3TO8WPEDnfppNFcx0dy7km2s","CAD","","debit","69e59f08cd34601cd3a8e8ac","2026-04-20T03:35:36.022000","2026-04-20T03:35:36.423000","service_eb508f39-ce3d-4391-bb12-d4211c02ede9","false"
"deposit_captured","69e5948cd7d5ebd74dd54e82","Dépôt capturé — event 69e5948cd7d5ebd74dd54e82 — 133.00$ CAD [Cr stripe_clearing]","stripe_clearing","69e59f06824a91f30c6acf34","13300","","","","2026-04-20T03:35:34.681Z","pi_3TO8WPEDnfppNFcx0dy7km2s","CAD","","credit","69e59f07544736d7516e5cf6","2026-04-20T03:35:35.013000","2026-04-20T03:35:35.013000","service_eb508f39-ce3d-4391-bb12-d4211c02ede9","false"
"deposit_captured","69e5948cd7d5ebd74dd54e82","Dépôt capturé — event 69e5948cd7d5ebd74dd54e82 — 133.00$ CAD [Dr stripe_balance]","stripe_balance","69e59f07544736d7516e5cf6","13300","","","","2026-04-20T03:35:34.681Z","pi_3TO8WPEDnfppNFcx0dy7km2s","CAD","","debit","69e59f06824a91f30c6acf34","2026-04-20T03:35:34.836000","2026-04-20T03:35:35.205000","service_eb508f39-ce3d-4391-bb12-d4211c02ede9","false"
"balance_received","69e5948cd7d5ebd74dd54e82","Balance 80% reçue — event 69e5948cd7d5ebd74dd54e82 — 567.00$ CAD [Cr balance_liability]","balance_liability","69e59e93ce87faf91bf33a82","56700","","","","2026-04-20T03:33:39.255Z","pi_3TO8aOEDnfppNFcx1i6zW4Vm","CAD","698d204286a5af9808991620","credit","69e59e933fae9e29cb2bba8c","2026-04-20T03:33:39.601000","2026-04-20T03:33:39.601000","service_eb508f39-ce3d-4391-bb12-d4211c02ede9","false"
"balance_received","69e5948cd7d5ebd74dd54e82","Balance 80% reçue — event 69e5948cd7d5ebd74dd54e82 — 567.00$ CAD [Dr stripe_balance]","stripe_balance","69e59e933fae9e29cb2bba8c","56700","","","","2026-04-20T03:33:39.255Z","pi_3TO8aOEDnfppNFcx1i6zW4Vm","CAD","698d204286a5af9808991620","debit","69e59e93ce87faf91bf33a82","2026-04-20T03:33:39.399000","2026-04-20T03:33:39.816000","service_eb508f39-ce3d-4391-bb12-d4211c02ede9","false"
"deposit_authorized","69e5948cd7d5ebd74dd54e82","Dépôt 20% autorisé (requires_capture) — event 69e5948cd7d5ebd74dd54e82 — 133.00$ CAD [Cr escrow_liability]","escrow_liability","69e59d9d55a9b693286b2272","13300","","","","2026-04-20T03:29:33.345Z","pi_3TO8WPEDnfppNFcx0dy7km2s","CAD","698d204286a5af9808991620","credit","69e59d9d36bde01b2c6c2357","2026-04-20T03:29:33.734000","2026-04-20T03:29:33.734000","service_eb508f39-ce3d-4391-bb12-d4211c02ede9","false"
"deposit_authorized","69e5948cd7d5ebd74dd54e82","Dépôt 20% autorisé (requires_capture) — event 69e5948cd7d5ebd74dd54e82 — 133.00$ CAD [Dr stripe_clearing]","stripe_clearing","69e59d9d36bde01b2c6c2357","13300","","","","2026-04-20T03:29:33.345Z","pi_3TO8WPEDnfppNFcx0dy7km2s","CAD","698d204286a5af9808991620","debit","69e59d9d55a9b693286b2272","2026-04-20T03:29:33.533000","2026-04-20T03:29:33.928000","service_eb508f39-ce3d-4391-bb12-d4211c02ede9","false"
"escrow_released","69e5864c2745dd4d3021b23a","Escrow libéré — event 69e5864c2745dd4d3021b23a — 90.00$ CAD [Cr stripe_balance]","stripe_balance","69e58d41860ff3f483f9aaa4","9000","","","","2026-04-20T02:19:44.931Z","pi_3TO7OBEDnfppNFcx1co2AB4V","CAD","","credit","69e58d41450b644596f77fe4","2026-04-20T02:19:45.292000","2026-04-20T02:19:45.292000","service_eb508f39-ce3d-4391-bb12-d4211c02ede9","false"
"escrow_released","69e5864c2745dd4d3021b23a","Escrow libéré — event 69e5864c2745dd4d3021b23a — 90.00$ CAD [Dr escrow_liability]","escrow_liability","69e58d41450b644596f77fe4","9000","","","","2026-04-20T02:19:44.931Z","pi_3TO7OBEDnfppNFcx1co2AB4V","CAD","","debit","69e58d41860ff3f483f9aaa4","2026-04-20T02:19:45.086000","2026-04-20T02:19:45.490000","service_eb508f39-ce3d-4391-bb12-d4211c02ede9","false"
"deposit_captured","69e5864c2745dd4d3021b23a","Dépôt capturé — event 69e5864c2745dd4d3021b23a — 90.00$ CAD [Cr stripe_clearing]","stripe_clearing","69e58d403f158a08113c5d5a","9000","","","","2026-04-20T02:19:44.071Z","pi_3TO7OBEDnfppNFcx1co2AB4V","CAD","","credit","69e58d40e98c608436d88ad0","2026-04-20T02:19:44.534000","2026-04-20T02:19:44.534000","service_eb508f39-ce3d-4391-bb12-d4211c02ede9","false"
"deposit_captured","69e5864c2745dd4d3021b23a","Dépôt capturé — event 69e5864c2745dd4d3021b23a — 90.00$ CAD [Dr stripe_balance]","stripe_balance","69e58d40e98c608436d88ad0","9000","","","","2026-04-20T02:19:44.071Z","pi_3TO7OBEDnfppNFcx1co2AB4V","CAD","","debit","69e58d403f158a08113c5d5a","2026-04-20T02:19:44.295000","2026-04-20T02:19:44.726000","service_eb508f39-ce3d-4391-bb12-d4211c02ede9","false"
"balance_received","69e5864c2745dd4d3021b23a","Balance 80% reçue — event 69e5864c2745dd4d3021b23a — 410.00$ CAD [Cr balance_liability]","balance_liability","69e58d2ac71823595dfb496a","41000","","","","2026-04-20T02:19:22.498Z","pi_3TO7QXEDnfppNFcx1wHH3wrE","CAD","69b48a2b7d5c0db589c6bb1c","credit","69e58d2a9d2e5e9c058a024b","2026-04-20T02:19:22.854000","2026-04-20T02:19:22.854000","service_eb508f39-ce3d-4391-bb12-d4211c02ede9","false"
"balance_received","69e5864c2745dd4d3021b23a","Balance 80% reçue — event 69e5864c2745dd4d3021b23a — 410.00$ CAD [Dr stripe_balance]","stripe_balance","69e58d2a9d2e5e9c058a024b","41000","","","","2026-04-20T02:19:22.498Z","pi_3TO7QXEDnfppNFcx1wHH3wrE","CAD","69b48a2b7d5c0db589c6bb1c","debit","69e58d2ac71823595dfb496a","2026-04-20T02:19:22.627000","2026-04-20T02:19:23.029000","service_eb508f39-ce3d-4391-bb12-d4211c02ede9","false"
"deposit_authorized","69e5864c2745dd4d3021b23a","Dépôt 20% autorisé (requires_capture) — event 69e5864c2745dd4d3021b23a — 90.00$ CAD [Cr escrow_liability]","escrow_liability","69e58cb592df04c24accebef","9000","","","","2026-04-20T02:17:25.189Z","pi_3TO7OBEDnfppNFcx1co2AB4V","CAD","69b48a2b7d5c0db589c6bb1c","credit","69e58cb5c757650eb0010080","2026-04-20T02:17:25.481000","2026-04-20T02:17:25.481000","service_eb508f39-ce3d-4391-bb12-d4211c02ede9","false"
"deposit_authorized","69e5864c2745dd4d3021b23a","Dépôt 20% autorisé (requires_capture) — event 69e5864c2745dd4d3021b23a — 90.00$ CAD [Dr stripe_clearing]","stripe_clearing","69e58cb5c757650eb0010080","9000","","","","2026-04-20T02:17:25.189Z","pi_3TO7OBEDnfppNFcx1co2AB4V","CAD","69b48a2b7d5c0db589c6bb1c","debit","69e58cb592df04c24accebef","2026-04-20T02:17:25.350000","2026-04-20T02:17:25.670000","service_eb508f39-ce3d-4391-bb12-d4211c02ede9","false"
"balance_received","69e577bcee2fde3af32912b9","Balance 80% reçue — event 69e577bcee2fde3af32912b9 — 424.00$ CAD [Cr balance_liability]","balance_liability","69e57a04af8c7ea2d2ed75b9","42400","","","","2026-04-20T00:57:40.664Z","pi_3TO69UEDnfppNFcx1RwqZmpY","CAD","698dc6f781b400b640a229f6","credit","69e57a05b6b3de87ba5c6b17","2026-04-20T00:57:41.161000","2026-04-20T00:57:41.161000","service_eb508f39-ce3d-4391-bb12-d4211c02ede9","false"
"balance_received","69e577bcee2fde3af32912b9","Balance 80% reçue — event 69e577bcee2fde3af32912b9 — 424.00$ CAD [Dr stripe_balance]","stripe_balance","69e57a05b6b3de87ba5c6b17","42400","","","","2026-04-20T00:57:40.664Z","pi_3TO69UEDnfppNFcx1RwqZmpY","CAD","698dc6f781b400b640a229f6","debit","69e57a04af8c7ea2d2ed75b9","2026-04-20T00:57:40.866000","2026-04-20T00:57:41.353000","service_eb508f39-ce3d-4391-bb12-d4211c02ede9","false"
"escrow_released","69e577bcee2fde3af32912b9","Escrow libéré — event 69e577bcee2fde3af32912b9 — 21.00$ CAD [Cr stripe_balance]","stripe_balance","69e579d84d25b06460254522","2100","","","","2026-04-20T00:56:56.785Z","pi_3TO64vEDnfppNFcx0ZbZeS3k","CAD","","credit","69e579d94d25b06460254523","2026-04-20T00:56:57.127000","2026-04-20T00:56:57.127000","service_eb508f39-ce3d-4391-bb12-d4211c02ede9","false"
"escrow_released","69e577bcee2fde3af32912b9","Escrow libéré — event 69e577bcee2fde3af32912b9 — 21.00$ CAD [Dr escrow_liability]","escrow_liability","69e579d94d25b06460254523","2100","","","","2026-04-20T00:56:56.785Z","pi_3TO64vEDnfppNFcx0ZbZeS3k","CAD","","debit","69e579d84d25b06460254522","2026-04-20T00:56:56.957000","2026-04-20T00:56:57.379000","service_eb508f39-ce3d-4391-bb12-d4211c02ede9","false"
"deposit_captured","69e577bcee2fde3af32912b9","Dépôt capturé — event 69e577bcee2fde3af32912b9 — 21.00$ CAD [Cr stripe_clearing]","stripe_clearing","69e579d8b33b5160ee7638f8","2100","","","","2026-04-20T00:56:55.902Z","pi_3TO64vEDnfppNFcx0ZbZeS3k","CAD","","credit","69e579d8e8389bc52be7cf97","2026-04-20T00:56:56.310000","2026-04-20T00:56:56.310000","service_eb508f39-ce3d-4391-bb12-d4211c02ede9","false"
"deposit_captured","69e577bcee2fde3af32912b9","Dépôt capturé — event 69e577bcee2fde3af32912b9 — 21.00$ CAD [Dr stripe_balance]","stripe_balance","69e579d8e8389bc52be7cf97","2100","","","","2026-04-20T00:56:55.902Z","pi_3TO64vEDnfppNFcx0ZbZeS3k","CAD","","debit","69e579d8b33b5160ee7638f8","2026-04-20T00:56:56.068000","2026-04-20T00:56:56.499000","service_eb508f39-ce3d-4391-bb12-d4211c02ede9","false"
"deposit_authorized","69e577bcee2fde3af32912b9","Dépôt 20% autorisé (requires_capture) — event 69e577bcee2fde3af32912b9 — 21.00$ CAD [Cr escrow_liability]","escrow_liability","69e578f248140b827365a234","2100","","","","2026-04-20T00:53:06.147Z","pi_3TO64vEDnfppNFcx0ZbZeS3k","CAD","698dc6f781b400b640a229f6","credit","69e578f2370f0ad704249db8","2026-04-20T00:53:06.681000","2026-04-20T00:53:06.681000","service_eb508f39-ce3d-4391-bb12-d4211c02ede9","false"
"deposit_authorized","69e577bcee2fde3af32912b9","Dépôt 20% autorisé (requires_capture) — event 69e577bcee2fde3af32912b9 — 21.00$ CAD [Dr stripe_clearing]","stripe_clearing","69e578f2370f0ad704249db8","2100","","","","2026-04-20T00:53:06.147Z","pi_3TO64vEDnfppNFcx0ZbZeS3k","CAD","698dc6f781b400b640a229f6","debit","69e578f248140b827365a234","2026-04-20T00:53:06.364000","2026-04-20T00:53:06.931000","service_eb508f39-ce3d-4391-bb12-d4211c02ede9","false"
"escrow_released","69e5454b680fefef316a8882","Escrow libéré — event 69e5454b680fefef316a8882 — 84.00$ CAD [Cr stripe_balance]","stripe_balance","69e5468ae6a90e2cc1cdaa5a","8400","","","","2026-04-19T21:18:02.172Z","pi_3TO2hrEDnfppNFcx1xD4GECQ","CAD","","credit","69e5468ab066efd97d735b52","2026-04-19T21:18:02.508000","2026-04-19T21:18:02.508000","service_eb508f39-ce3d-4391-bb12-d4211c02ede9","false"
"escrow_released","69e5454b680fefef316a8882","Escrow libéré — event 69e5454b680fefef316a8882 — 84.00$ CAD [Dr escrow_liability]","escrow_liability","69e5468ab066efd97d735b52","8400","","","","2026-04-19T21:18:02.172Z","pi_3TO2hrEDnfppNFcx1xD4GECQ","CAD","","debit","69e5468ae6a90e2cc1cdaa5a","2026-04-19T21:18:02.312000","2026-04-19T21:18:02.718000","service_eb508f39-ce3d-4391-bb12-d4211c02ede9","false"
"deposit_captured","69e5454b680fefef316a8882","Dépôt capturé — event 69e5454b680fefef316a8882 — 84.00$ CAD [Cr stripe_clearing]","stripe_clearing","69e54689f78e7e5c80ec3d45","8400","","","","2026-04-19T21:18:01.246Z","pi_3TO2hrEDnfppNFcx1xD4GECQ","CAD","","credit","69e5468944f9b8d3766c5b50","2026-04-19T21:18:01.704000","2026-04-19T21:18:01.704000","service_eb508f39-ce3d-4391-bb12-d4211c02ede9","false"
"deposit_captured","69e5454b680fefef316a8882","Dépôt capturé — event 69e5454b680fefef316a8882 — 84.00$ CAD [Dr stripe_balance]","stripe_balance","69e5468944f9b8d3766c5b50","8400","","","","2026-04-19T21:18:01.246Z","pi_3TO2hrEDnfppNFcx1xD4GECQ","CAD","","debit","69e54689f78e7e5c80ec3d45","2026-04-19T21:18:01.394000","2026-04-19T21:18:01.889000","service_eb508f39-ce3d-4391-bb12-d4211c02ede9","false"
"balance_received","69e5454b680fefef316a8882","Balance 80% reçue — event 69e5454b680fefef316a8882 — 336.00$ CAD [Cr balance_liability]","balance_liability","69e5467a01acd0ed78be09de","33600","","","","2026-04-19T21:17:46.779Z","pi_3TO2ifEDnfppNFcx1TzlSDuI","CAD","69b48a2b7d5c0db589c6bb1c","credit","69e5467b3f77f7604dbe5066","2026-04-19T21:17:47.093000","2026-04-19T21:17:47.093000","service_eb508f39-ce3d-4391-bb12-d4211c02ede9","false"
"balance_received","69e5454b680fefef316a8882","Balance 80% reçue — event 69e5454b680fefef316a8882 — 336.00$ CAD [Dr stripe_balance]","stripe_balance","69e5467b3f77f7604dbe5066","33600","","","","2026-04-19T21:17:46.779Z","pi_3TO2ifEDnfppNFcx1TzlSDuI","CAD","69b48a2b7d5c0db589c6bb1c","debit","69e5467a01acd0ed78be09de","2026-04-19T21:17:46.909000","2026-04-19T21:17:47.279000","service_eb508f39-ce3d-4391-bb12-d4211c02ede9","false"
"deposit_authorized","69e5454b680fefef316a8882","Dépôt 20% autorisé (requires_capture) — event 69e5454b680fefef316a8882 — 84.00$ CAD [Cr escrow_liability]","escrow_liability","69e54650c61b30fb08a7df20","8400","","","","2026-04-19T21:17:04.637Z","pi_3TO2hrEDnfppNFcx1xD4GECQ","CAD","69b48a2b7d5c0db589c6bb1c","credit","69e54650f6b2aba8178e5308","2026-04-19T21:17:04.975000","2026-04-19T21:17:04.975000","service_eb508f39-ce3d-4391-bb12-d4211c02ede9","false"
"deposit_authorized","69e5454b680fefef316a8882","Dépôt 20% autorisé (requires_capture) — event 69e5454b680fefef316a8882 — 84.00$ CAD [Dr stripe_clearing]","stripe_clearing","69e54650f6b2aba8178e5308","8400","","","","2026-04-19T21:17:04.637Z","pi_3TO2hrEDnfppNFcx1xD4GECQ","CAD","69b48a2b7d5c0db589c6bb1c","debit","69e54650c61b30fb08a7df20","2026-04-19T21:17:04.790000","2026-04-19T21:17:05.178000","service_eb508f39-ce3d-4391-bb12-d4211c02ede9","false"
"commission_earned","69d7a40951dab62ca47ba638","Batch commission — event 69d7a40951dab62ca47ba638 — 4.29$ [Cr revenue_commission]","revenue_commission","69e4f15563d490f3fc90ef3c","429","69d7b640223fccd82567b330","","","2026-04-19T15:14:29.398Z","tr_3TKII9EDnfppNFcx0ZuNcjkk","CAD","","credit","69e4f1550a23c3f4aef4d73d","2026-04-19T15:14:29.757000","2026-04-19T15:14:29.757000","service_eb508f39-ce3d-4391-bb12-d4211c02ede9","false"
"commission_earned","69d7a40951dab62ca47ba638","Batch commission — event 69d7a40951dab62ca47ba638 — 4.29$ [Dr escrow_liability]","escrow_liability","69e4f1550a23c3f4aef4d73d","429","69d7b640223fccd82567b330","","","2026-04-19T15:14:29.398Z","tr_3TKII9EDnfppNFcx0ZuNcjkk","CAD","","debit","69e4f15563d490f3fc90ef3c","2026-04-19T15:14:29.550000","2026-04-19T15:14:29.962000","service_eb508f39-ce3d-4391-bb12-d4211c02ede9","false"
"talent_transfer","69d7a40951dab62ca47ba638","Batch cachet — event 69d7a40951dab62ca47ba638 — 81.51$ → AHsHT7Zs [Cr stripe_balance]","stripe_balance","69e4f154d2440c4a76452868","8151","69d7b6408934a2dbda920178","","","2026-04-19T15:14:28.413Z","tr_3TKII9EDnfppNFcx0ZuNcjkk","CAD","","credit","69e4f154e33b2a2806e6a416","2026-04-19T15:14:28.750000","2026-04-19T15:14:28.750000","service_eb508f39-ce3d-4391-bb12-d4211c02ede9","false"
"talent_transfer","69d7a40951dab62ca47ba638","Batch cachet — event 69d7a40951dab62ca47ba638 — 81.51$ → AHsHT7Zs [Dr stripe_connect_transit]","stripe_connect_transit","69e4f154e33b2a2806e6a416","8151","69d7b6408934a2dbda920178","","","2026-04-19T15:14:28.413Z","tr_3TKII9EDnfppNFcx0ZuNcjkk","CAD","","debit","69e4f154d2440c4a76452868","2026-04-19T15:14:28.580000","2026-04-19T15:14:28.937000","service_eb508f39-ce3d-4391-bb12-d4211c02ede9","false"
"commission_earned","69d8e7ab0ce0bb19c583ce31","Batch commission — event 69d8e7ab0ce0bb19c583ce31 — 5.70$ [Cr revenue_commission]","revenue_commission","69e4f151168e9fb7b6ca7cc7","570","69d943f249aac8d234026d6e","","","2026-04-19T15:14:25.096Z","tr_1TNx3CEDnfppNFcxOqr9gboY","CAD","","credit","69e4f1510bf153755ddf3cad","2026-04-19T15:14:25.952000","2026-04-19T15:14:25.952000","service_eb508f39-ce3d-4391-bb12-d4211c02ede9","false"
"commission_earned","69d8e7ab0ce0bb19c583ce31","Batch commission — event 69d8e7ab0ce0bb19c583ce31 — 5.70$ [Dr escrow_liability]","escrow_liability","69e4f1510bf153755ddf3cad","570","69d943f249aac8d234026d6e","","","2026-04-19T15:14:25.096Z","tr_1TNx3CEDnfppNFcxOqr9gboY","CAD","","debit","69e4f151168e9fb7b6ca7cc7","2026-04-19T15:14:25.302000","2026-04-19T15:14:26.209000","service_eb508f39-ce3d-4391-bb12-d4211c02ede9","false"
"talent_transfer","69d8e7ab0ce0bb19c583ce31","Batch cachet — event 69d8e7ab0ce0bb19c583ce31 — 44.30$ → AHsHT7Zs [Cr stripe_balance]","stripe_balance","69e4f150aa0e0cbe86c5133d","4430","69d943f2a184ca766b02ae82","","","2026-04-19T15:14:24.034Z","tr_1TNx3CEDnfppNFcxOqr9gboY","CAD","","credit","69e4f150201a109c402c132c","2026-04-19T15:14:24.399000","2026-04-19T15:14:24.399000","service_eb508f39-ce3d-4391-bb12-d4211c02ede9","false"
"talent_transfer","69d8e7ab0ce0bb19c583ce31","Batch cachet — event 69d8e7ab0ce0bb19c583ce31 — 44.30$ → AHsHT7Zs [Dr stripe_connect_transit]","stripe_connect_transit","69e4f150201a109c402c132c","4430","69d943f2a184ca766b02ae82","","","2026-04-19T15:14:24.034Z","tr_1TNx3CEDnfppNFcxOqr9gboY","CAD","","debit","69e4f150aa0e0cbe86c5133d","2026-04-19T15:14:24.188000","2026-04-19T15:14:24.570000","service_eb508f39-ce3d-4391-bb12-d4211c02ede9","false"
"commission_earned","69d81aa1c594498c3e155347","Batch commission — event 69d81aa1c594498c3e155347 — 34.20$ [Cr revenue_commission]","revenue_commission","69e4f14d18c63c3fc46f6684","3420","69d9441598ff53c38e71567f","","","2026-04-19T15:14:21.602Z","tr_1TNx39EDnfppNFcxmzrPYKMv","CAD","","credit","69e4f14d6ff64b39c6f02c7e","2026-04-19T15:14:21.931000","2026-04-19T15:14:21.931000","service_eb508f39-ce3d-4391-bb12-d4211c02ede9","false"
"commission_earned","69d81aa1c594498c3e155347","Batch commission — event 69d81aa1c594498c3e155347 — 34.20$ [Dr escrow_liability]","escrow_liability","69e4f14d6ff64b39c6f02c7e","3420","69d9441598ff53c38e71567f","","","2026-04-19T15:14:21.602Z","tr_1TNx39EDnfppNFcxmzrPYKMv","CAD","","debit","69e4f14d18c63c3fc46f6684","2026-04-19T15:14:21.734000","2026-04-19T15:14:22.109000","service_eb508f39-ce3d-4391-bb12-d4211c02ede9","false"
"talent_transfer","69d81aa1c594498c3e155347","Batch cachet — event 69d81aa1c594498c3e155347 — 265.80$ → AHsHT7Zs [Cr stripe_balance]","stripe_balance","69e4f14c902495773eb00ef2","26580","69d94415c77d91567495308e","","","2026-04-19T15:14:20.741Z","tr_1TNx39EDnfppNFcxmzrPYKMv","CAD","","credit","69e4f14da382595147b4e6c7","2026-04-19T15:14:21.082000","2026-04-19T15:14:21.082000","service_eb508f39-ce3d-4391-bb12-d4211c02ede9","false"
"talent_transfer","69d81aa1c594498c3e155347","Batch cachet — event 69d81aa1c594498c3e155347 — 265.80$ → AHsHT7Zs [Dr stripe_connect_transit]","stripe_connect_transit","69e4f14da382595147b4e6c7","26580","69d94415c77d91567495308e","","","2026-04-19T15:14:20.741Z","tr_1TNx39EDnfppNFcxmzrPYKMv","CAD","","debit","69e4f14c902495773eb00ef2","2026-04-19T15:14:20.950000","2026-04-19T15:14:21.256000","service_eb508f39-ce3d-4391-bb12-d4211c02ede9","false"
"commission_earned","69d7be0d64dddfaf0eb091c5","Batch commission — event 69d7be0d64dddfaf0eb091c5 — 1.56$ [Cr revenue_commission]","revenue_commission","69e4f14ac4f69fba9d747bf2","156","69df8017e4f9c3517d86f538","","","2026-04-19T15:14:18.190Z","tr_3TKK3FEDnfppNFcx04Hujrum","CAD","","credit","69e4f14aaa0e0cbe86c51322","2026-04-19T15:14:18.589000","2026-04-19T15:14:18.589000","service_eb508f39-ce3d-4391-bb12-d4211c02ede9","false"
"commission_earned","69d7be0d64dddfaf0eb091c5","Batch commission — event 69d7be0d64dddfaf0eb091c5 — 1.56$ [Dr escrow_liability]","escrow_liability","69e4f14aaa0e0cbe86c51322","156","69df8017e4f9c3517d86f538","","","2026-04-19T15:14:18.190Z","tr_3TKK3FEDnfppNFcx04Hujrum","CAD","","debit","69e4f14ac4f69fba9d747bf2","2026-04-19T15:14:18.398000","2026-04-19T15:14:18.813000","service_eb508f39-ce3d-4391-bb12-d4211c02ede9","false"
"talent_transfer","69d7be0d64dddfaf0eb091c5","Batch cachet — event 69d7be0d64dddfaf0eb091c5 — 29.64$ → AHsHT7Zs [Cr stripe_balance]","stripe_balance","69e4f149f2603ce88467dd6a","2964","69df8016f65b8fe23a2204da","","","2026-04-19T15:14:16.935Z","tr_3TKK3FEDnfppNFcx04Hujrum","CAD","","credit","69e4f1498880bcff3b4aaa7c","2026-04-19T15:14:17.382000","2026-04-19T15:14:17.382000","service_eb508f39-ce3d-4391-bb12-d4211c02ede9","false"
"talent_transfer","69d7be0d64dddfaf0eb091c5","Batch cachet — event 69d7be0d64dddfaf0eb091c5 — 29.64$ → AHsHT7Zs [Dr stripe_connect_transit]","stripe_connect_transit","69e4f1498880bcff3b4aaa7c","2964","69df8016f65b8fe23a2204da","","","2026-04-19T15:14:16.935Z","tr_3TKK3FEDnfppNFcx04Hujrum","CAD","","debit","69e4f149f2603ce88467dd6a","2026-04-19T15:14:17.121000","2026-04-19T15:14:17.597000","service_eb508f39-ce3d-4391-bb12-d4211c02ede9","false"
"commission_earned","69d8f25414d2940afb3a4c94","Batch commission — event 69d8f25414d2940afb3a4c94 — 18.01$ [Cr revenue_commission]","revenue_commission","69e4f1467b6bc19e99694310","1801","69dfa77149b1be814c23c24b","","","2026-04-19T15:14:13.873Z","tr_1TNx31EDnfppNFcx56q8isCA","CAD","","credit","69e4f1468f95884bc5cc1db7","2026-04-19T15:14:14.206000","2026-04-19T15:14:14.206000","service_eb508f39-ce3d-4391-bb12-d4211c02ede9","false"
"commission_earned","69d8f25414d2940afb3a4c94","Batch commission — event 69d8f25414d2940afb3a4c94 — 18.01$ [Dr escrow_liability]","escrow_liability","69e4f1468f95884bc5cc1db7","1801","69dfa77149b1be814c23c24b","","","2026-04-19T15:14:13.873Z","tr_1TNx31EDnfppNFcx56q8isCA","CAD","","debit","69e4f1467b6bc19e99694310","2026-04-19T15:14:14.014000","2026-04-19T15:14:14.370000","service_eb508f39-ce3d-4391-bb12-d4211c02ede9","false"
"talent_transfer","69d8f25414d2940afb3a4c94","Batch cachet — event 69d8f25414d2940afb3a4c94 — 139.99$ → AHsHT7Zs [Cr stripe_balance]","stripe_balance","69e4f1451fcc6a9e48ca76a7","13999","69dfa77136032d124f40ffb1","","","2026-04-19T15:14:12.930Z","tr_1TNx31EDnfppNFcx56q8isCA","CAD","","credit","69e4f145f213ba8d8ad1332f","2026-04-19T15:14:13.225000","2026-04-19T15:14:13.225000","service_eb508f39-ce3d-4391-bb12-d4211c02ede9","false"
"talent_transfer","69d8f25414d2940afb3a4c94","Batch cachet — event 69d8f25414d2940afb3a4c94 — 139.99$ → AHsHT7Zs [Dr stripe_connect_transit]","stripe_connect_transit","69e4f145f213ba8d8ad1332f","13999","69dfa77136032d124f40ffb1","","","2026-04-19T15:14:12.930Z","tr_1TNx31EDnfppNFcx56q8isCA","CAD","","debit","69e4f1451fcc6a9e48ca76a7","2026-04-19T15:14:13.110000","2026-04-19T15:14:13.442000","service_eb508f39-ce3d-4391-bb12-d4211c02ede9","false"
"commission_earned","69d824e81b51af4d3471f5f7","Batch commission — event 69d824e81b51af4d3471f5f7 — 8.16$ [Cr revenue_commission]","revenue_commission","69e4f141cc00d7d8d0e2b88b","816","69dfa776ce0a131c5de6f436","","","2026-04-19T15:14:09.412Z","tr_3TKQsUEDnfppNFcx1PqLrKu0","CAD","","credit","69e4f141b1bfb983768726bb","2026-04-19T15:14:09.799000","2026-04-19T15:14:09.799000","service_eb508f39-ce3d-4391-bb12-d4211c02ede9","false"
"commission_earned","69d824e81b51af4d3471f5f7","Batch commission — event 69d824e81b51af4d3471f5f7 — 8.16$ [Dr escrow_liability]","escrow_liability","69e4f141b1bfb983768726bb","816","69dfa776ce0a131c5de6f436","","","2026-04-19T15:14:09.412Z","tr_3TKQsUEDnfppNFcx1PqLrKu0","CAD","","debit","69e4f141cc00d7d8d0e2b88b","2026-04-19T15:14:09.622000","2026-04-19T15:14:10.017000","service_eb508f39-ce3d-4391-bb12-d4211c02ede9","false"
"talent_transfer","69d824e81b51af4d3471f5f7","Batch cachet — event 69d824e81b51af4d3471f5f7 — 63.44$ → AHsHT7Zs [Cr stripe_balance]","stripe_balance","69e4f140d95d01a07e0ed6e4","6344","69dfa77633730ec095b4a440","","","2026-04-19T15:14:08.322Z","tr_3TKQsUEDnfppNFcx1PqLrKu0","CAD","","credit","69e4f140c4f69fba9d747bed","2026-04-19T15:14:08.686000","2026-04-19T15:14:08.686000","service_eb508f39-ce3d-4391-bb12-d4211c02ede9","false"
"talent_transfer","69d824e81b51af4d3471f5f7","Batch cachet — event 69d824e81b51af4d3471f5f7 — 63.44$ → AHsHT7Zs [Dr stripe_connect_transit]","stripe_connect_transit","69e4f140c4f69fba9d747bed","6344","69dfa77633730ec095b4a440","","","2026-04-19T15:14:08.322Z","tr_3TKQsUEDnfppNFcx1PqLrKu0","CAD","","debit","69e4f140d95d01a07e0ed6e4","2026-04-19T15:14:08.496000","2026-04-19T15:14:08.907000","service_eb508f39-ce3d-4391-bb12-d4211c02ede9","false"
"commission_earned","69d7a2d58c1b81558a43c8d8","Batch commission — event 69d7a2d58c1b81558a43c8d8 — 23.44$ [Cr revenue_commission]","revenue_commission","69e4f13b80f2c37b23b6a987","2344","69dfa77fce0a131c5de6f438","","","2026-04-19T15:14:03.809Z","tr_3TKIF4EDnfppNFcx10LeTMUF","CAD","","credit","69e4f13d47d9775fa70ae6e6","2026-04-19T15:14:05.792000","2026-04-19T15:14:05.792000","service_eb508f39-ce3d-4391-bb12-d4211c02ede9","false"
"commission_earned","69d7a2d58c1b81558a43c8d8","Batch commission — event 69d7a2d58c1b81558a43c8d8 — 23.44$ [Dr escrow_liability]","escrow_liability","69e4f13d47d9775fa70ae6e6","2344","69dfa77fce0a131c5de6f438","","","2026-04-19T15:14:03.809Z","tr_3TKIF4EDnfppNFcx10LeTMUF","CAD","","debit","69e4f13b80f2c37b23b6a987","2026-04-19T15:14:03.949000","2026-04-19T15:14:06.082000","service_eb508f39-ce3d-4391-bb12-d4211c02ede9","false"
"talent_transfer","69d7a2d58c1b81558a43c8d8","Batch cachet — event 69d7a2d58c1b81558a43c8d8 — 182.16$ → AHsHT7Zs [Cr stripe_balance]","stripe_balance","69e4f13be31044f8d05a8a8f","18216","69dfa77f39987545ea436968","","","2026-04-19T15:14:02.860Z","tr_3TKIF4EDnfppNFcx10LeTMUF","CAD","","credit","69e4f13b00e0bf0888345b33","2026-04-19T15:14:03.166000","2026-04-19T15:14:03.166000","service_eb508f39-ce3d-4391-bb12-d4211c02ede9","false"
"talent_transfer","69d7a2d58c1b81558a43c8d8","Batch cachet — event 69d7a2d58c1b81558a43c8d8 — 182.16$ → AHsHT7Zs [Dr stripe_connect_transit]","stripe_connect_transit","69e4f13b00e0bf0888345b33","18216","69dfa77f39987545ea436968","","","2026-04-19T15:14:02.860Z","tr_3TKIF4EDnfppNFcx10LeTMUF","CAD","","debit","69e4f13be31044f8d05a8a8f","2026-04-19T15:14:03.020000","2026-04-19T15:14:03.346000","service_eb508f39-ce3d-4391-bb12-d4211c02ede9","false"
"commission_earned","69d50aef1d027b3e5062e3fd","Batch commission — event 69d50aef1d027b3e5062e3fd — 3.03$ [Cr revenue_commission]","revenue_commission","69e4f138d56453c62cf6f24f","303","69dfa783f85e3fc9e583c8ba","","","2026-04-19T15:13:59.951Z","tr_1TNx2nEDnfppNFcxraXJJ3bm","CAD","","credit","69e4f138b5b604ec49a69d25","2026-04-19T15:14:00.265000","2026-04-19T15:14:00.265000","service_eb508f39-ce3d-4391-bb12-d4211c02ede9","false"
"commission_earned","69d50aef1d027b3e5062e3fd","Batch commission — event 69d50aef1d027b3e5062e3fd — 3.03$ [Dr escrow_liability]","escrow_liability","69e4f138b5b604ec49a69d25","303","69dfa783f85e3fc9e583c8ba","","","2026-04-19T15:13:59.951Z","tr_1TNx2nEDnfppNFcxraXJJ3bm","CAD","","debit","69e4f138d56453c62cf6f24f","2026-04-19T15:14:00.091000","2026-04-19T15:14:00.436000","service_eb508f39-ce3d-4391-bb12-d4211c02ede9","false"
"talent_transfer","69d50aef1d027b3e5062e3fd","Batch cachet — event 69d50aef1d027b3e5062e3fd — 23.57$ → cGmADTy4 [Cr stripe_balance]","stripe_balance","69e4f137ad2dafcc9e812e22","2357","69dfa7834e7fc982ec4e90cb","","","2026-04-19T15:13:58.953Z","tr_1TNx2nEDnfppNFcxraXJJ3bm","CAD","","credit","69e4f137a14cefa1f8049707","2026-04-19T15:13:59.315000","2026-04-19T15:13:59.315000","service_eb508f39-ce3d-4391-bb12-d4211c02ede9","false"
"talent_transfer","69d50aef1d027b3e5062e3fd","Batch cachet — event 69d50aef1d027b3e5062e3fd — 23.57$ → cGmADTy4 [Dr stripe_connect_transit]","stripe_connect_transit","69e4f137a14cefa1f8049707","2357","69dfa7834e7fc982ec4e90cb","","","2026-04-19T15:13:58.953Z","tr_1TNx2nEDnfppNFcxraXJJ3bm","CAD","","debit","69e4f137ad2dafcc9e812e22","2026-04-19T15:13:59.135000","2026-04-19T15:13:59.579000","service_eb508f39-ce3d-4391-bb12-d4211c02ede9","false"
"commission_earned","69d8eb4e6922f5f585e48baf","Batch commission — event 69d8eb4e6922f5f585e48baf — 11.40$ [Cr revenue_commission]","revenue_commission","69e4f134b1bfb983768726b7","1140","69e0dd766b1aa9ed21a11051","","","2026-04-19T15:13:55.913Z","tr_1TNx2jEDnfppNFcxl6c1aiCo","CAD","","credit","69e4f134c926a9dc14914076","2026-04-19T15:13:56.449000","2026-04-19T15:13:56.449000","service_eb508f39-ce3d-4391-bb12-d4211c02ede9","false"
"commission_earned","69d8eb4e6922f5f585e48baf","Batch commission — event 69d8eb4e6922f5f585e48baf — 11.40$ [Dr escrow_liability]","escrow_liability","69e4f134c926a9dc14914076","1140","69e0dd766b1aa9ed21a11051","","","2026-04-19T15:13:55.913Z","tr_1TNx2jEDnfppNFcxl6c1aiCo","CAD","","debit","69e4f134b1bfb983768726b7","2026-04-19T15:13:56.270000","2026-04-19T15:13:56.617000","service_eb508f39-ce3d-4391-bb12-d4211c02ede9","false"
"talent_transfer","69d8eb4e6922f5f585e48baf","Batch cachet — event 69d8eb4e6922f5f585e48baf — 88.60$ → AHsHT7Zs [Cr stripe_balance]","stripe_balance","69e4f133e2320d3add24b3e1","8860","69e0dd75da5eba6dd5269133","","","2026-04-19T15:13:55.034Z","tr_1TNx2jEDnfppNFcxl6c1aiCo","CAD","","credit","69e4f133547e174c457d684e","2026-04-19T15:13:55.325000","2026-04-19T15:13:55.325000","service_eb508f39-ce3d-4391-bb12-d4211c02ede9","false"
"talent_transfer","69d8eb4e6922f5f585e48baf","Batch cachet — event 69d8eb4e6922f5f585e48baf — 88.60$ → AHsHT7Zs [Dr stripe_connect_transit]","stripe_connect_transit","69e4f133547e174c457d684e","8860","69e0dd75da5eba6dd5269133","","","2026-04-19T15:13:55.034Z","tr_1TNx2jEDnfppNFcxl6c1aiCo","CAD","","debit","69e4f133e2320d3add24b3e1","2026-04-19T15:13:55.157000","2026-04-19T15:13:55.497000","service_eb508f39-ce3d-4391-bb12-d4211c02ede9","false"
"commission_earned","69d932177a48bf7560309c3e","Batch commission — event 69d932177a48bf7560309c3e — 16.42$ [Cr revenue_commission]","revenue_commission","69e4f1308cf74add97daee6d","1642","69e0dd7b0474841d96ed144d","","","2026-04-19T15:13:52.568Z","tr_1TNx2gEDnfppNFcxZIrteBNU","CAD","","credit","69e4f130b3d38a9de61f632b","2026-04-19T15:13:52.923000","2026-04-19T15:13:52.923000","service_eb508f39-ce3d-4391-bb12-d4211c02ede9","false"
"commission_earned","69d932177a48bf7560309c3e","Batch commission — event 69d932177a48bf7560309c3e — 16.42$ [Dr escrow_liability]","escrow_liability","69e4f130b3d38a9de61f632b","1642","69e0dd7b0474841d96ed144d","","","2026-04-19T15:13:52.568Z","tr_1TNx2gEDnfppNFcxZIrteBNU","CAD","","debit","69e4f1308cf74add97daee6d","2026-04-19T15:13:52.726000","2026-04-19T15:13:53.125000","service_eb508f39-ce3d-4391-bb12-d4211c02ede9","false"
"talent_transfer","69d932177a48bf7560309c3e","Batch cachet — event 69d932177a48bf7560309c3e — 318.96$ → AHsHT7Zs [Cr stripe_balance]","stripe_balance","69e4f12f9b050e11c778c374","31896","69e0dd7a22195653c9a38a5d","","","2026-04-19T15:13:51.623Z","tr_1TNx2gEDnfppNFcxZIrteBNU","CAD","","credit","69e4f12f51d388c034ba423d","2026-04-19T15:13:51.930000","2026-04-19T15:13:51.930000","service_eb508f39-ce3d-4391-bb12-d4211c02ede9","false"
"talent_transfer","69d932177a48bf7560309c3e","Batch cachet — event 69d932177a48bf7560309c3e — 318.96$ → AHsHT7Zs [Dr stripe_connect_transit]","stripe_connect_transit","69e4f12f51d388c034ba423d","31896","69e0dd7a22195653c9a38a5d","","","2026-04-19T15:13:51.623Z","tr_1TNx2gEDnfppNFcxZIrteBNU","CAD","","debit","69e4f12f9b050e11c778c374","2026-04-19T15:13:51.771000","2026-04-19T15:13:52.126000","service_eb508f39-ce3d-4391-bb12-d4211c02ede9","false"
"commission_earned","69e16397aef418d4fb9eae71","Batch commission — event 69e16397aef418d4fb9eae71 — 1.14$ [Cr revenue_commission]","revenue_commission","69e4f12dc926a9dc1491406f","114","69e3807cb95f8732bf1cbd01","","","2026-04-19T15:13:49.169Z","tr_1TNx2dEDnfppNFcxxhC2Ih4i","CAD","","credit","69e4f12d1dfc587844ac2944","2026-04-19T15:13:49.487000","2026-04-19T15:13:49.487000","service_eb508f39-ce3d-4391-bb12-d4211c02ede9","false"
"commission_earned","69e16397aef418d4fb9eae71","Batch commission — event 69e16397aef418d4fb9eae71 — 1.14$ [Dr escrow_liability]","escrow_liability","69e4f12d1dfc587844ac2944","114","69e3807cb95f8732bf1cbd01","","","2026-04-19T15:13:49.169Z","tr_1TNx2dEDnfppNFcxxhC2Ih4i","CAD","","debit","69e4f12dc926a9dc1491406f","2026-04-19T15:13:49.315000","2026-04-19T15:13:49.690000","service_eb508f39-ce3d-4391-bb12-d4211c02ede9","false"
"talent_transfer","69e16397aef418d4fb9eae71","Batch cachet — event 69e16397aef418d4fb9eae71 — 8.86$ → cGmADTy4 [Cr stripe_balance]","stripe_balance","69e4f12c201a109c402c1325","886","69e3807bcce7afbc29311478","","","2026-04-19T15:13:48.184Z","tr_1TNx2dEDnfppNFcxxhC2Ih4i","CAD","","credit","69e4f12ca1ea2e8c17694712","2026-04-19T15:13:48.522000","2026-04-19T15:13:48.522000","service_eb508f39-ce3d-4391-bb12-d4211c02ede9","false"
"talent_transfer","69e16397aef418d4fb9eae71","Batch cachet — event 69e16397aef418d4fb9eae71 — 8.86$ → cGmADTy4 [Dr stripe_connect_transit]","stripe_connect_transit","69e4f12ca1ea2e8c17694712","886","69e3807bcce7afbc29311478","","","2026-04-19T15:13:48.184Z","tr_1TNx2dEDnfppNFcxxhC2Ih4i","CAD","","debit","69e4f12c201a109c402c1325","2026-04-19T15:13:48.327000","2026-04-19T15:13:48.704000","service_eb508f39-ce3d-4391-bb12-d4211c02ede9","false"
"commission_earned","69e15e5ee45e1d7cc92f8722","Batch commission — event 69e15e5ee45e1d7cc92f8722 — 24.00$ [Cr revenue_commission]","revenue_commission","69e4f12912f88cb4edddb123","2400","69e380800b027372312394bf","","","2026-04-19T15:13:45.671Z","tr_1TNx2YEDnfppNFcx8ETcy0IW","CAD","","credit","69e4f12aab058cb986693e24","2026-04-19T15:13:46.097000","2026-04-19T15:13:46.097000","service_eb508f39-ce3d-4391-bb12-d4211c02ede9","false"
"commission_earned","69e15e5ee45e1d7cc92f8722","Batch commission — event 69e15e5ee45e1d7cc92f8722 — 24.00$ [Dr escrow_liability]","escrow_liability","69e4f12aab058cb986693e24","2400","69e380800b027372312394bf","","","2026-04-19T15:13:45.671Z","tr_1TNx2YEDnfppNFcx8ETcy0IW","CAD","","debit","69e4f12912f88cb4edddb123","2026-04-19T15:13:45.870000","2026-04-19T15:13:46.277000","service_eb508f39-ce3d-4391-bb12-d4211c02ede9","false"
"talent_transfer","69e15e5ee45e1d7cc92f8722","Batch cachet — event 69e15e5ee45e1d7cc92f8722 — 443.00$ → AHsHT7Zs [Cr stripe_balance]","stripe_balance","69e4f128d484ca9f167e727e","44300","69e3807fa02ab941f1df173b","","","2026-04-19T15:13:43.790Z","tr_1TNx2YEDnfppNFcx8ETcy0IW","CAD","","credit","69e4f12984f7026ecace3435","2026-04-19T15:13:45.103000","2026-04-19T15:13:45.103000","service_eb508f39-ce3d-4391-bb12-d4211c02ede9","false"
"talent_transfer","69e15e5ee45e1d7cc92f8722","Batch cachet — event 69e15e5ee45e1d7cc92f8722 — 443.00$ → AHsHT7Zs [Dr stripe_connect_transit]","stripe_connect_transit","69e4f12984f7026ecace3435","44300","69e3807fa02ab941f1df173b","","","2026-04-19T15:13:43.790Z","tr_1TNx2YEDnfppNFcx8ETcy0IW","CAD","","debit","69e4f128d484ca9f167e727e","2026-04-19T15:13:44.005000","2026-04-19T15:13:45.303000","service_eb508f39-ce3d-4391-bb12-d4211c02ede9","false"
"commission_earned","69e15e5ee45e1d7cc92f8722","Batch commission — event 69e15e5ee45e1d7cc92f8722 — 24.00$ [Cr revenue_commission]","revenue_commission","69e4f124cd80e34b35bf75fa","2400","69e380800b027372312394bf","","","2026-04-19T15:13:40.721Z","tr_1TNx2UEDnfppNFcxGgOaw4l3","CAD","","credit","69e4f125e27a6599cba76c25","2026-04-19T15:13:41.140000","2026-04-19T15:13:41.140000","service_eb508f39-ce3d-4391-bb12-d4211c02ede9","false"
"commission_earned","69e15e5ee45e1d7cc92f8722","Batch commission — event 69e15e5ee45e1d7cc92f8722 — 24.00$ [Dr escrow_liability]","escrow_liability","69e4f125e27a6599cba76c25","2400","69e380800b027372312394bf","","","2026-04-19T15:13:40.721Z","tr_1TNx2UEDnfppNFcxGgOaw4l3","CAD","","debit","69e4f124cd80e34b35bf75fa","2026-04-19T15:13:40.893000","2026-04-19T15:13:41.318000","service_eb508f39-ce3d-4391-bb12-d4211c02ede9","false"
"talent_transfer","69e15e5ee45e1d7cc92f8722","Batch cachet — event 69e15e5ee45e1d7cc92f8722 — 176.00$ → cGmADTy4 [Cr stripe_balance]","stripe_balance","69e4f12470d77f727c2da4f8","17600","69e3807ff38f260de2315c6b","","","2026-04-19T15:13:39.864Z","tr_1TNx2UEDnfppNFcxGgOaw4l3","CAD","","credit","69e4f1244c3e1e0f8efd2be5","2026-04-19T15:13:40.185000","2026-04-19T15:13:40.185000","service_eb508f39-ce3d-4391-bb12-d4211c02ede9","false"
"talent_transfer","69e15e5ee45e1d7cc92f8722","Batch cachet — event 69e15e5ee45e1d7cc92f8722 — 176.00$ → cGmADTy4 [Dr stripe_connect_transit]","stripe_connect_transit","69e4f1244c3e1e0f8efd2be5","17600","69e3807ff38f260de2315c6b","","","2026-04-19T15:13:39.864Z","tr_1TNx2UEDnfppNFcxGgOaw4l3","CAD","","debit","69e4f12470d77f727c2da4f8","2026-04-19T15:13:40.037000","2026-04-19T15:13:40.365000","service_eb508f39-ce3d-4391-bb12-d4211c02ede9","false"
"commission_earned","69e2d75ab661d22b7d4d43d6","Batch commission — event 69e2d75ab661d22b7d4d43d6 — 34.20$ [Cr revenue_commission]","revenue_commission","69e4f1215bd80af05235eb6a","3420","69e4d1f3b66026f4b810db4f","","","2026-04-19T15:13:37.264Z","tr_1TNx2REDnfppNFcxa3jf7lT5","CAD","","credit","69e4f121168e9fb7b6ca7cb2","2026-04-19T15:13:37.728000","2026-04-19T15:13:37.728000","service_eb508f39-ce3d-4391-bb12-d4211c02ede9","false"
"commission_earned","69e2d75ab661d22b7d4d43d6","Batch commission — event 69e2d75ab661d22b7d4d43d6 — 34.20$ [Dr escrow_liability]","escrow_liability","69e4f121168e9fb7b6ca7cb2","3420","69e4d1f3b66026f4b810db4f","","","2026-04-19T15:13:37.264Z","tr_1TNx2REDnfppNFcxa3jf7lT5","CAD","","debit","69e4f1215bd80af05235eb6a","2026-04-19T15:13:37.566000","2026-04-19T15:13:37.925000","service_eb508f39-ce3d-4391-bb12-d4211c02ede9","false"
"talent_transfer","69e2d75ab661d22b7d4d43d6","Batch cachet — event 69e2d75ab661d22b7d4d43d6 — 88.60$ → cGmADTy4 [Cr stripe_balance]","stripe_balance","69e4f120349702144cea117f","8860","69e4d1f35fc7b61494fb5691","","","2026-04-19T15:13:36.350Z","tr_1TNx2REDnfppNFcxa3jf7lT5","CAD","","credit","69e4f12053cb431692ae2317","2026-04-19T15:13:36.714000","2026-04-19T15:13:36.714000","service_eb508f39-ce3d-4391-bb12-d4211c02ede9","false"
"talent_transfer","69e2d75ab661d22b7d4d43d6","Batch cachet — event 69e2d75ab661d22b7d4d43d6 — 88.60$ → cGmADTy4 [Dr stripe_connect_transit]","stripe_connect_transit","69e4f12053cb431692ae2317","8860","69e4d1f35fc7b61494fb5691","","","2026-04-19T15:13:36.350Z","tr_1TNx2REDnfppNFcxa3jf7lT5","CAD","","debit","69e4f120349702144cea117f","2026-04-19T15:13:36.535000","2026-04-19T15:13:36.883000","service_eb508f39-ce3d-4391-bb12-d4211c02ede9","false"
"commission_earned","69e169278a79490c4201e2a0","Batch commission — event 69e169278a79490c4201e2a0 — 11.40$ [Cr revenue_commission]","revenue_commission","69e4f11da7779a4f2908acc2","1140","69e4d2013ff4bf3b98360ebc","","","2026-04-19T15:13:33.583Z","tr_1TNx2NEDnfppNFcxfp1NIZ6N","CAD","","credit","69e4f11d1f4ef59ebdc68a67","2026-04-19T15:13:33.991000","2026-04-19T15:13:33.991000","service_eb508f39-ce3d-4391-bb12-d4211c02ede9","false"
"commission_earned","69e169278a79490c4201e2a0","Batch commission — event 69e169278a79490c4201e2a0 — 11.40$ [Dr escrow_liability]","escrow_liability","69e4f11d1f4ef59ebdc68a67","1140","69e4d2013ff4bf3b98360ebc","","","2026-04-19T15:13:33.583Z","tr_1TNx2NEDnfppNFcxfp1NIZ6N","CAD","","debit","69e4f11da7779a4f2908acc2","2026-04-19T15:13:33.752000","2026-04-19T15:13:34.210000","service_eb508f39-ce3d-4391-bb12-d4211c02ede9","false"
"talent_transfer","69e169278a79490c4201e2a0","Batch cachet — event 69e169278a79490c4201e2a0 — 44.30$ → cGmADTy4 [Cr stripe_balance]","stripe_balance","69e4f11c933e678aaabfba8d","4430","69e4d200a93360e1d9edbb99","","","2026-04-19T15:13:32.496Z","tr_1TNx2NEDnfppNFcxfp1NIZ6N","CAD","","credit","69e4f11c88627b97df20c26d","2026-04-19T15:13:32.944000","2026-04-19T15:13:32.944000","service_eb508f39-ce3d-4391-bb12-d4211c02ede9","false"
"talent_transfer","69e169278a79490c4201e2a0","Batch cachet — event 69e169278a79490c4201e2a0 — 44.30$ → cGmADTy4 [Dr stripe_connect_transit]","stripe_connect_transit","69e4f11c88627b97df20c26d","4430","69e4d200a93360e1d9edbb99","","","2026-04-19T15:13:32.496Z","tr_1TNx2NEDnfppNFcxfp1NIZ6N","CAD","","debit","69e4f11c933e678aaabfba8d","2026-04-19T15:13:32.664000","2026-04-19T15:13:33.143000","service_eb508f39-ce3d-4391-bb12-d4211c02ede9","false"
"commission_earned","69e3dc9b1c351869c39d98a3","Batch commission — event 69e3dc9b1c351869c39d98a3 — 37.62$ [Cr revenue_commission]","revenue_commission","69e4f11a3effd5201570ce25","3762","69e4d587756d0a06c41c57ac","","","2026-04-19T15:13:29.925Z","tr_1TNx2JEDnfppNFcxE0U7ADE7","CAD","","credit","69e4f11a4c3e1e0f8efd2be2","2026-04-19T15:13:30.270000","2026-04-19T15:13:30.270000","service_eb508f39-ce3d-4391-bb12-d4211c02ede9","false"
"commission_earned","69e3dc9b1c351869c39d98a3","Batch commission — event 69e3dc9b1c351869c39d98a3 — 37.62$ [Dr escrow_liability]","escrow_liability","69e4f11a4c3e1e0f8efd2be2","3762","69e4d587756d0a06c41c57ac","","","2026-04-19T15:13:29.925Z","tr_1TNx2JEDnfppNFcxE0U7ADE7","CAD","","debit","69e4f11a3effd5201570ce25","2026-04-19T15:13:30.079000","2026-04-19T15:13:30.441000","service_eb508f39-ce3d-4391-bb12-d4211c02ede9","false"
"talent_transfer","69e3dc9b1c351869c39d98a3","Batch cachet — event 69e3dc9b1c351869c39d98a3 — 97.46$ → AHsHT7Zs [Cr stripe_balance]","stripe_balance","69e4f1191dfc587844ac2938","9746","69e4d587ce098643a5b9e8cb","","","2026-04-19T15:13:28.937Z","tr_1TNx2JEDnfppNFcxE0U7ADE7","CAD","","credit","69e4f1198f95884bc5cc1dac","2026-04-19T15:13:29.236000","2026-04-19T15:13:29.236000","service_eb508f39-ce3d-4391-bb12-d4211c02ede9","false"
"talent_transfer","69e3dc9b1c351869c39d98a3","Batch cachet — event 69e3dc9b1c351869c39d98a3 — 97.46$ → AHsHT7Zs [Dr stripe_connect_transit]","stripe_connect_transit","69e4f1198f95884bc5cc1dac","9746","69e4d587ce098643a5b9e8cb","","","2026-04-19T15:13:28.937Z","tr_1TNx2JEDnfppNFcxE0U7ADE7","CAD","","debit","69e4f1191dfc587844ac2938","2026-04-19T15:13:29.062000","2026-04-19T15:13:29.469000","service_eb508f39-ce3d-4391-bb12-d4211c02ede9","false"
"commission_earned","69e3dc9b1c351869c39d98a3","Batch commission — event 69e3dc9b1c351869c39d98a3 — 37.62$ [Cr revenue_commission]","revenue_commission","69e4f116f431e9f36c940978","3762","69e4d587756d0a06c41c57ac","","","2026-04-19T15:13:26.429Z","tr_1TNx2GEDnfppNFcxwUNkN29A","CAD","","credit","69e4f11601d395753b9b3296","2026-04-19T15:13:26.779000","2026-04-19T15:13:26.779000","service_eb508f39-ce3d-4391-bb12-d4211c02ede9","false"
"commission_earned","69e3dc9b1c351869c39d98a3","Batch commission — event 69e3dc9b1c351869c39d98a3 — 37.62$ [Dr escrow_liability]","escrow_liability","69e4f11601d395753b9b3296","3762","69e4d587756d0a06c41c57ac","","","2026-04-19T15:13:26.429Z","tr_1TNx2GEDnfppNFcxwUNkN29A","CAD","","debit","69e4f116f431e9f36c940978","2026-04-19T15:13:26.593000","2026-04-19T15:13:26.962000","service_eb508f39-ce3d-4391-bb12-d4211c02ede9","false"
"talent_transfer","69e3dc9b1c351869c39d98a3","Batch cachet — event 69e3dc9b1c351869c39d98a3 — 292.38$ → cGmADTy4 [Cr stripe_balance]","stripe_balance","69e4f11570d77f727c2da4f4","29238","69e4d58726d1637fe6c28bd6","","","2026-04-19T15:13:25.474Z","tr_1TNx2GEDnfppNFcxwUNkN29A","CAD","","credit","69e4f115f085c870a743acfd","2026-04-19T15:13:25.714000","2026-04-19T15:13:25.714000","service_eb508f39-ce3d-4391-bb12-d4211c02ede9","false"
"talent_transfer","69e3dc9b1c351869c39d98a3","Batch cachet — event 69e3dc9b1c351869c39d98a3 — 292.38$ → cGmADTy4 [Dr stripe_connect_transit]","stripe_connect_transit","69e4f115f085c870a743acfd","29238","69e4d58726d1637fe6c28bd6","","","2026-04-19T15:13:25.474Z","tr_1TNx2GEDnfppNFcxwUNkN29A","CAD","","debit","69e4f11570d77f727c2da4f4","2026-04-19T15:13:25.603000","2026-04-19T15:13:25.924000","service_eb508f39-ce3d-4391-bb12-d4211c02ede9","false"
"adjustment_received","69e3dc9b1c351869c39d98a3","Ajustement programme — saam — 200.00$ CAD [Cr balance_liability]","balance_liability","69e4c59032a1d2e83964fc7e","20000","","","","2026-04-19T12:07:44.786Z","pi_3TNu8NEDnfppNFcx0iwVErXv","CAD","69b48a2b7d5c0db589c6bb1c","credit","69e4c591ca0c87b3e95e47a3","2026-04-19T12:07:45.173000","2026-04-19T12:07:45.173000","service_eb508f39-ce3d-4391-bb12-d4211c02ede9","false"
"adjustment_received","69e3dc9b1c351869c39d98a3","Ajustement programme — saam — 200.00$ CAD [Dr stripe_balance]","stripe_balance","69e4c591ca0c87b3e95e47a3","20000","","","","2026-04-19T12:07:44.786Z","pi_3TNu8NEDnfppNFcx0iwVErXv","CAD","69b48a2b7d5c0db589c6bb1c","debit","69e4c59032a1d2e83964fc7e","2026-04-19T12:07:44.953000","2026-04-19T12:07:45.369000","service_eb508f39-ce3d-4391-bb12-d4211c02ede9","false"
"commission_earned","69e39e169f2c1117a5e86121","Batch commission — event 69e39e169f2c1117a5e86121 — 11.40$ [Cr revenue_commission]","revenue_commission","69e4ac7c6adaacd52e8f7f45","1140","69e4aa7fb25afe682b12b213","","","2026-04-19T10:20:44.460Z","tr_1TNsT0EDnfppNFcx5t5K8BHE","CAD","","credit","69e4ac7cd808feafac361203","2026-04-19T10:20:44.750000","2026-04-19T10:20:44.750000","service_eb508f39-ce3d-4391-bb12-d4211c02ede9","false"
"commission_earned","69e39e169f2c1117a5e86121","Batch commission — event 69e39e169f2c1117a5e86121 — 11.40$ [Dr escrow_liability]","escrow_liability","69e4ac7cd808feafac361203","1140","69e4aa7fb25afe682b12b213","","","2026-04-19T10:20:44.460Z","tr_1TNsT0EDnfppNFcx5t5K8BHE","CAD","","debit","69e4ac7c6adaacd52e8f7f45","2026-04-19T10:20:44.597000","2026-04-19T10:20:44.929000","service_eb508f39-ce3d-4391-bb12-d4211c02ede9","false"
"talent_transfer","69e39e169f2c1117a5e86121","Batch cachet — event 69e39e169f2c1117a5e86121 — 88.60$ → AHsHT7Zs [Cr stripe_balance]","stripe_balance","69e4ac7b83d29090e30a03a2","8860","69e4aa7f722d9319f1a96d51","","","2026-04-19T10:20:43.655Z","tr_1TNsT0EDnfppNFcx5t5K8BHE","CAD","","credit","69e4ac7b0fb1120f2cdcf941","2026-04-19T10:20:43.954000","2026-04-19T10:20:43.954000","service_eb508f39-ce3d-4391-bb12-d4211c02ede9","false"
"talent_transfer","69e39e169f2c1117a5e86121","Batch cachet — event 69e39e169f2c1117a5e86121 — 88.60$ → AHsHT7Zs [Dr stripe_connect_transit]","stripe_connect_transit","69e4ac7b0fb1120f2cdcf941","8860","69e4aa7f722d9319f1a96d51","","","2026-04-19T10:20:43.655Z","tr_1TNsT0EDnfppNFcx5t5K8BHE","CAD","","debit","69e4ac7b83d29090e30a03a2","2026-04-19T10:20:43.798000","2026-04-19T10:20:44.114000","service_eb508f39-ce3d-4391-bb12-d4211c02ede9","false"
"escrow_released","69e3dc9b1c351869c39d98a3","Escrow libéré — event 69e3dc9b1c351869c39d98a3 — 125.00$ CAD [Cr stripe_balance]","stripe_balance","69e3e5b8c8c72f38c208bd1a","12500","","","","2026-04-18T20:12:40.304Z","pi_3TNfDQEDnfppNFcx0I7E7wtc","CAD","","credit","69e3e5b8af0094a362f2d0e7","2026-04-18T20:12:40.704000","2026-04-18T20:12:40.704000","service_eb508f39-ce3d-4391-bb12-d4211c02ede9","false"
"escrow_released","69e3dc9b1c351869c39d98a3","Escrow libéré — event 69e3dc9b1c351869c39d98a3 — 125.00$ CAD [Dr escrow_liability]","escrow_liability","69e3e5b8af0094a362f2d0e7","12500","","","","2026-04-18T20:12:40.304Z","pi_3TNfDQEDnfppNFcx0I7E7wtc","CAD","","debit","69e3e5b8c8c72f38c208bd1a","2026-04-18T20:12:40.509000","2026-04-18T20:12:40.876000","service_eb508f39-ce3d-4391-bb12-d4211c02ede9","false"
"deposit_captured","69e3dc9b1c351869c39d98a3","Dépôt capturé — event 69e3dc9b1c351869c39d98a3 — 125.00$ CAD [Cr stripe_clearing]","stripe_clearing","69e3e5b706122674d0a931f2","12500","","","","2026-04-18T20:12:39.605Z","pi_3TNfDQEDnfppNFcx0I7E7wtc","CAD","","credit","69e3e5b7cf025910d5a387b7","2026-04-18T20:12:39.896000","2026-04-18T20:12:39.896000","service_eb508f39-ce3d-4391-bb12-d4211c02ede9","false"
"deposit_captured","69e3dc9b1c351869c39d98a3","Dépôt capturé — event 69e3dc9b1c351869c39d98a3 — 125.00$ CAD [Dr stripe_balance]","stripe_balance","69e3e5b7cf025910d5a387b7","12500","","","","2026-04-18T20:12:39.605Z","pi_3TNfDQEDnfppNFcx0I7E7wtc","CAD","","debit","69e3e5b706122674d0a931f2","2026-04-18T20:12:39.737000","2026-04-18T20:12:40.100000","service_eb508f39-ce3d-4391-bb12-d4211c02ede9","false"
"balance_received","69e3dc9b1c351869c39d98a3","Balance 80% reçue — event 69e3dc9b1c351869c39d98a3 — 500.00$ CAD [Cr balance_liability]","balance_liability","69e3e18ea8350b9529e9c3b5","50000","","","","2026-04-18T19:54:54.749Z","pi_3TNewuEDnfppNFcx0M3mboqj","CAD","69b48a2b7d5c0db589c6bb1c","credit","69e3e18fa0ba6deb6b16cf24","2026-04-18T19:54:55.090000","2026-04-18T19:54:55.090000","service_eb508f39-ce3d-4391-bb12-d4211c02ede9","false"
"balance_received","69e3dc9b1c351869c39d98a3","Balance 80% reçue — event 69e3dc9b1c351869c39d98a3 — 500.00$ CAD [Dr stripe_balance]","stripe_balance","69e3e18fa0ba6deb6b16cf24","50000","","","","2026-04-18T19:54:54.749Z","pi_3TNewuEDnfppNFcx0M3mboqj","CAD","69b48a2b7d5c0db589c6bb1c","debit","69e3e18ea8350b9529e9c3b5","2026-04-18T19:54:54.897000","2026-04-18T19:54:55.296000","service_eb508f39-ce3d-4391-bb12-d4211c02ede9","false"
"deposit_authorized","69e3dc9b1c351869c39d98a3","Complément dépôt — event 69e3dc9b1c351869c39d98a3 — +13.00$ CAD (escrow 112.00 → 125.00) [Cr escrow_liability]","escrow_liability","69e3e16b5a21f3cbde872ab1","1300","","","","2026-04-18T19:54:19.584Z","pi_3TNewGEDnfppNFcx1On8eHiV","CAD","69b48a2b7d5c0db589c6bb1c","credit","69e3e16bb6ec87b13f5f80f2","2026-04-18T19:54:19.896000","2026-04-18T19:54:19.896000","service_eb508f39-ce3d-4391-bb12-d4211c02ede9","false"
"deposit_authorized","69e3dc9b1c351869c39d98a3","Complément dépôt — event 69e3dc9b1c351869c39d98a3 — +13.00$ CAD (escrow 112.00 → 125.00) [Dr stripe_clearing]","stripe_clearing","69e3e16bb6ec87b13f5f80f2","1300","","","","2026-04-18T19:54:19.584Z","pi_3TNewGEDnfppNFcx1On8eHiV","CAD","69b48a2b7d5c0db589c6bb1c","debit","69e3e16b5a21f3cbde872ab1","2026-04-18T19:54:19.740000","2026-04-18T19:54:20.151000","service_eb508f39-ce3d-4391-bb12-d4211c02ede9","false"
"deposit_authorized","69e3dc9b1c351869c39d98a3","Dépôt 20% autorisé (requires_capture) — event 69e3dc9b1c351869c39d98a3 — 112.00$ CAD [Cr escrow_liability]","escrow_liability","69e3dda0461f91359f686c1c","11200","","","","2026-04-18T19:38:07.955Z","pi_3TNegcEDnfppNFcx0EoPtZGx","CAD","69b48a2b7d5c0db589c6bb1c","credit","69e3dda07db77e502f7ecc37","2026-04-18T19:38:08.264000","2026-04-18T19:38:08.264000","service_eb508f39-ce3d-4391-bb12-d4211c02ede9","false"
"deposit_authorized","69e3dc9b1c351869c39d98a3","Dépôt 20% autorisé (requires_capture) — event 69e3dc9b1c351869c39d98a3 — 112.00$ CAD [Dr stripe_clearing]","stripe_clearing","69e3dda07db77e502f7ecc37","11200","","","","2026-04-18T19:38:07.955Z","pi_3TNegcEDnfppNFcx0EoPtZGx","CAD","69b48a2b7d5c0db589c6bb1c","debit","69e3dda0461f91359f686c1c","2026-04-18T19:38:08.124000","2026-04-18T19:38:08.438000","service_eb508f39-ce3d-4391-bb12-d4211c02ede9","false"
"escrow_released","69e3b8248fc51fd03a56857c","Escrow libéré — event 69e3b8248fc51fd03a56857c — 60.00$ CAD [Cr stripe_balance]","stripe_balance","69e3bc76d05bcc2815fa2bbb","6000","","","","2026-04-18T17:16:38.531Z","pi_3TNcPgEDnfppNFcx0I7xQmjU","CAD","","credit","69e3bc76b31118c9ada0b2a0","2026-04-18T17:16:38.826000","2026-04-18T17:16:38.826000","service_eb508f39-ce3d-4391-bb12-d4211c02ede9","false"
"escrow_released","69e3b8248fc51fd03a56857c","Escrow libéré — event 69e3b8248fc51fd03a56857c — 60.00$ CAD [Dr escrow_liability]","escrow_liability","69e3bc76b31118c9ada0b2a0","6000","","","","2026-04-18T17:16:38.531Z","pi_3TNcPgEDnfppNFcx0I7xQmjU","CAD","","debit","69e3bc76d05bcc2815fa2bbb","2026-04-18T17:16:38.661000","2026-04-18T17:16:39.041000","service_eb508f39-ce3d-4391-bb12-d4211c02ede9","false"
"deposit_captured","69e3b8248fc51fd03a56857c","Dépôt capturé — event 69e3b8248fc51fd03a56857c — 60.00$ CAD [Cr stripe_clearing]","stripe_clearing","69e3bc7581d4cd4241ec3779","6000","","","","2026-04-18T17:16:37.766Z","pi_3TNcPgEDnfppNFcx0I7xQmjU","CAD","","credit","69e3bc76cd3e94c582d1b83b","2026-04-18T17:16:38.070000","2026-04-18T17:16:38.070000","service_eb508f39-ce3d-4391-bb12-d4211c02ede9","false"
"deposit_captured","69e3b8248fc51fd03a56857c","Dépôt capturé — event 69e3b8248fc51fd03a56857c — 60.00$ CAD [Dr stripe_balance]","stripe_balance","69e3bc76cd3e94c582d1b83b","6000","","","","2026-04-18T17:16:37.766Z","pi_3TNcPgEDnfppNFcx0I7xQmjU","CAD","","debit","69e3bc7581d4cd4241ec3779","2026-04-18T17:16:37.899000","2026-04-18T17:16:38.300000","service_eb508f39-ce3d-4391-bb12-d4211c02ede9","false"
"balance_received","69e3b8248fc51fd03a56857c","Balance 80% reçue — event 69e3b8248fc51fd03a56857c — 240.00$ CAD [Cr balance_liability]","balance_liability","69e3bc156727c9993842ec63","24000","","","","2026-04-18T17:15:00.928Z","pi_3TNcSAEDnfppNFcx1qY0mAaS","CAD","69b48a2b7d5c0db589c6bb1c","credit","69e3bc1543dab5de2d6f3edd","2026-04-18T17:15:01.628000","2026-04-18T17:15:01.628000","service_eb508f39-ce3d-4391-bb12-d4211c02ede9","false"
"balance_received","69e3b8248fc51fd03a56857c","Balance 80% reçue — event 69e3b8248fc51fd03a56857c — 240.00$ CAD [Dr stripe_balance]","stripe_balance","69e3bc1543dab5de2d6f3edd","24000","","","","2026-04-18T17:15:00.928Z","pi_3TNcSAEDnfppNFcx1qY0mAaS","CAD","69b48a2b7d5c0db589c6bb1c","debit","69e3bc156727c9993842ec63","2026-04-18T17:15:01.125000","2026-04-18T17:15:01.831000","service_eb508f39-ce3d-4391-bb12-d4211c02ede9","false"
"deposit_authorized","69e3b8248fc51fd03a56857c","Dépôt 20% autorisé (requires_capture) — event 69e3b8248fc51fd03a56857c — 60.00$ CAD [Cr escrow_liability]","escrow_liability","69e3bb7c3019051fec832185","6000","","","","2026-04-18T17:12:28.312Z","pi_3TNcPgEDnfppNFcx0I7xQmjU","CAD","69b48a2b7d5c0db589c6bb1c","credit","69e3bb7c4e446cd02194fc1a","2026-04-18T17:12:28.630000","2026-04-18T17:12:28.630000","service_eb508f39-ce3d-4391-bb12-d4211c02ede9","false"
"deposit_authorized","69e3b8248fc51fd03a56857c","Dépôt 20% autorisé (requires_capture) — event 69e3b8248fc51fd03a56857c — 60.00$ CAD [Dr stripe_clearing]","stripe_clearing","69e3bb7c4e446cd02194fc1a","6000","","","","2026-04-18T17:12:28.312Z","pi_3TNcPgEDnfppNFcx0I7xQmjU","CAD","69b48a2b7d5c0db589c6bb1c","debit","69e3bb7c3019051fec832185","2026-04-18T17:12:28.468000","2026-04-18T17:12:28.802000","service_eb508f39-ce3d-4391-bb12-d4211c02ede9","false"
"balance_received","69e39e169f2c1117a5e86121","Balance 80% reçue — event 69e39e169f2c1117a5e86121 — 240.00$ CAD [Cr balance_liability]","balance_liability","69e3aac06d143ab8d697133e","24000","","","","2026-04-18T16:01:04.261Z","pi_3TNbIeEDnfppNFcx0IQEVd26","CAD","69b48a2b7d5c0db589c6bb1c","credit","69e3aac0faa51a8adc95ce9a","2026-04-18T16:01:04.572000","2026-04-18T16:01:04.572000","service_eb508f39-ce3d-4391-bb12-d4211c02ede9","false"
"balance_received","69e39e169f2c1117a5e86121","Balance 80% reçue — event 69e39e169f2c1117a5e86121 — 240.00$ CAD [Dr stripe_balance]","stripe_balance","69e3aac0faa51a8adc95ce9a","24000","","","","2026-04-18T16:01:04.261Z","pi_3TNbIeEDnfppNFcx0IQEVd26","CAD","69b48a2b7d5c0db589c6bb1c","debit","69e3aac06d143ab8d697133e","2026-04-18T16:01:04.402000","2026-04-18T16:01:04.774000","service_eb508f39-ce3d-4391-bb12-d4211c02ede9","false"
"balance_received","69e3a047873f1e0e8a9c1220","Balance 80% reçue — event 69e3a047873f1e0e8a9c1220 — 324.00$ CAD [Cr balance_liability]","balance_liability","69e3a8f7a5c999e4bd07e793","32400","","","","2026-04-18T15:53:27.830Z","pi_3TNbB7EDnfppNFcx179u8FQL","CAD","69b48a2b7d5c0db589c6bb1c","credit","69e3a8f8cf17a23cae825d21","2026-04-18T15:53:28.117000","2026-04-18T15:53:28.117000","service_eb508f39-ce3d-4391-bb12-d4211c02ede9","false"
"balance_received","69e3a047873f1e0e8a9c1220","Balance 80% reçue — event 69e3a047873f1e0e8a9c1220 — 324.00$ CAD [Dr stripe_balance]","stripe_balance","69e3a8f8cf17a23cae825d21","32400","","","","2026-04-18T15:53:27.830Z","pi_3TNbB7EDnfppNFcx179u8FQL","CAD","69b48a2b7d5c0db589c6bb1c","debit","69e3a8f7a5c999e4bd07e793","2026-04-18T15:53:27.988000","2026-04-18T15:53:28.314000","service_eb508f39-ce3d-4391-bb12-d4211c02ede9","false"
"escrow_released","69e3a047873f1e0e8a9c1220","Escrow libéré — event 69e3a047873f1e0e8a9c1220 — 34.00$ CAD [Cr stripe_balance]","stripe_balance","69e3a13d4a9d67b9598200bd","3400","","","","2026-04-18T15:20:29.089Z","pi_3TNadzEDnfppNFcx0LJlCdn8","CAD","","credit","69e3a13d59de1b32b89532ec","2026-04-18T15:20:29.415000","2026-04-18T15:20:29.415000","service_eb508f39-ce3d-4391-bb12-d4211c02ede9","false"
"escrow_released","69e3a047873f1e0e8a9c1220","Escrow libéré — event 69e3a047873f1e0e8a9c1220 — 34.00$ CAD [Dr escrow_liability]","escrow_liability","69e3a13d59de1b32b89532ec","3400","","","","2026-04-18T15:20:29.089Z","pi_3TNadzEDnfppNFcx0LJlCdn8","CAD","","debit","69e3a13d4a9d67b9598200bd","2026-04-18T15:20:29.244000","2026-04-18T15:20:29.580000","service_eb508f39-ce3d-4391-bb12-d4211c02ede9","false"
"deposit_captured","69e3a047873f1e0e8a9c1220","Dépôt capturé — event 69e3a047873f1e0e8a9c1220 — 34.00$ CAD [Cr stripe_clearing]","stripe_clearing","69e3a13c741153aa6f3fd958","3400","","","","2026-04-18T15:20:28.395Z","pi_3TNadzEDnfppNFcx0LJlCdn8","CAD","","credit","69e3a13c64b1076511943ad4","2026-04-18T15:20:28.700000","2026-04-18T15:20:28.700000","service_eb508f39-ce3d-4391-bb12-d4211c02ede9","false"
"deposit_captured","69e3a047873f1e0e8a9c1220","Dépôt capturé — event 69e3a047873f1e0e8a9c1220 — 34.00$ CAD [Dr stripe_balance]","stripe_balance","69e3a13c64b1076511943ad4","3400","","","","2026-04-18T15:20:28.395Z","pi_3TNadzEDnfppNFcx0LJlCdn8","CAD","","debit","69e3a13c741153aa6f3fd958","2026-04-18T15:20:28.532000","2026-04-18T15:20:28.879000","service_eb508f39-ce3d-4391-bb12-d4211c02ede9","false"
"deposit_authorized","69e3a047873f1e0e8a9c1220","Dépôt 20% autorisé (requires_capture) — event 69e3a047873f1e0e8a9c1220 — 34.00$ CAD [Cr escrow_liability]","escrow_liability","69e3a0ee397ffdd6ffbe5c63","3400","","","","2026-04-18T15:19:10.387Z","pi_3TNadzEDnfppNFcx0LJlCdn8","CAD","69b48a2b7d5c0db589c6bb1c","credit","69e3a0ee6c2532f9c0a749fa","2026-04-18T15:19:10.814000","2026-04-18T15:19:10.814000","service_eb508f39-ce3d-4391-bb12-d4211c02ede9","false"
"deposit_authorized","69e3a047873f1e0e8a9c1220","Dépôt 20% autorisé (requires_capture) — event 69e3a047873f1e0e8a9c1220 — 34.00$ CAD [Dr stripe_clearing]","stripe_clearing","69e3a0ee6c2532f9c0a749fa","3400","","","","2026-04-18T15:19:10.387Z","pi_3TNadzEDnfppNFcx0LJlCdn8","CAD","69b48a2b7d5c0db589c6bb1c","debit","69e3a0ee397ffdd6ffbe5c63","2026-04-18T15:19:10.549000","2026-04-18T15:19:11.030000","service_eb508f39-ce3d-4391-bb12-d4211c02ede9","false"
"escrow_released","69e39e169f2c1117a5e86121","Escrow libéré — event 69e39e169f2c1117a5e86121 — 60.00$ CAD [Cr stripe_balance]","stripe_balance","69e39ea3988a850dfd07eff0","6000","","","","2026-04-18T15:09:23.609Z","pi_3TNaU8EDnfppNFcx0asm7gci","CAD","","credit","69e39ea3785f952e364914a4","2026-04-18T15:09:23.914000","2026-04-18T15:09:23.914000","service_eb508f39-ce3d-4391-bb12-d4211c02ede9","false"
"escrow_released","69e39e169f2c1117a5e86121","Escrow libéré — event 69e39e169f2c1117a5e86121 — 60.00$ CAD [Dr escrow_liability]","escrow_liability","69e39ea3785f952e364914a4","6000","","","","2026-04-18T15:09:23.609Z","pi_3TNaU8EDnfppNFcx0asm7gci","CAD","","debit","69e39ea3988a850dfd07eff0","2026-04-18T15:09:23.734000","2026-04-18T15:09:24.101000","service_eb508f39-ce3d-4391-bb12-d4211c02ede9","false"
"deposit_captured","69e39e169f2c1117a5e86121","Dépôt capturé — event 69e39e169f2c1117a5e86121 — 60.00$ CAD [Cr stripe_clearing]","stripe_clearing","69e39ea3b0212e7803ce6130","6000","","","","2026-04-18T15:09:22.840Z","pi_3TNaU8EDnfppNFcx0asm7gci","CAD","","credit","69e39ea38e76cd5e6605cfcc","2026-04-18T15:09:23.172000","2026-04-18T15:09:23.172000","service_eb508f39-ce3d-4391-bb12-d4211c02ede9","false"
"deposit_captured","69e39e169f2c1117a5e86121","Dépôt capturé — event 69e39e169f2c1117a5e86121 — 60.00$ CAD [Dr stripe_balance]","stripe_balance","69e39ea38e76cd5e6605cfcc","6000","","","","2026-04-18T15:09:22.840Z","pi_3TNaU8EDnfppNFcx0asm7gci","CAD","","debit","69e39ea3b0212e7803ce6130","2026-04-18T15:09:23.003000","2026-04-18T15:09:23.392000","service_eb508f39-ce3d-4391-bb12-d4211c02ede9","false"
"deposit_authorized","69e39e169f2c1117a5e86121","Dépôt 20% autorisé (requires_capture) — event 69e39e169f2c1117a5e86121 — 60.00$ CAD [Cr escrow_liability]","escrow_liability","69e39e88b964c121be61dd0c","6000","","","","2026-04-18T15:08:56.187Z","pi_3TNaU8EDnfppNFcx0asm7gci","CAD","69b48a2b7d5c0db589c6bb1c","credit","69e39e883577460e6e956a9c","2026-04-18T15:08:56.465000","2026-04-18T15:08:56.465000","service_eb508f39-ce3d-4391-bb12-d4211c02ede9","false"
"deposit_authorized","69e39e169f2c1117a5e86121","Dépôt 20% autorisé (requires_capture) — event 69e39e169f2c1117a5e86121 — 60.00$ CAD [Dr stripe_clearing]","stripe_clearing","69e39e883577460e6e956a9c","6000","","","","2026-04-18T15:08:56.187Z","pi_3TNaU8EDnfppNFcx0asm7gci","CAD","69b48a2b7d5c0db589c6bb1c","debit","69e39e88b964c121be61dd0c","2026-04-18T15:08:56.319000","2026-04-18T15:08:56.713000","service_eb508f39-ce3d-4391-bb12-d4211c02ede9","false"
"escrow_released","69e3993bb98029bbaa79b22b","Escrow libéré — event 69e3993bb98029bbaa79b22b — 52.00$ CAD [Cr stripe_balance]","stripe_balance","69e39c1bba52e0b13075a8dc","5200","","","","2026-04-18T14:58:35.588Z","pi_3TNaAOEDnfppNFcx1dudc2nl","CAD","","credit","69e39c1cbd23b17a4286b80f","2026-04-18T14:58:36.001000","2026-04-18T14:58:36.001000","service_eb508f39-ce3d-4391-bb12-d4211c02ede9","false"
"escrow_released","69e3993bb98029bbaa79b22b","Escrow libéré — event 69e3993bb98029bbaa79b22b — 52.00$ CAD [Dr escrow_liability]","escrow_liability","69e39c1cbd23b17a4286b80f","5200","","","","2026-04-18T14:58:35.588Z","pi_3TNaAOEDnfppNFcx1dudc2nl","CAD","","debit","69e39c1bba52e0b13075a8dc","2026-04-18T14:58:35.778000","2026-04-18T14:58:36.243000","service_eb508f39-ce3d-4391-bb12-d4211c02ede9","false"
"deposit_captured","69e3993bb98029bbaa79b22b","Dépôt capturé — event 69e3993bb98029bbaa79b22b — 52.00$ CAD [Cr stripe_clearing]","stripe_clearing","69e39c1abdc030bd372820e9","5200","","","","2026-04-18T14:58:34.302Z","pi_3TNaAOEDnfppNFcx1dudc2nl","CAD","","credit","69e39c1a47043ecb3fe38792","2026-04-18T14:58:34.655000","2026-04-18T14:58:34.655000","service_eb508f39-ce3d-4391-bb12-d4211c02ede9","false"
"deposit_captured","69e3993bb98029bbaa79b22b","Dépôt capturé — event 69e3993bb98029bbaa79b22b — 52.00$ CAD [Dr stripe_balance]","stripe_balance","69e39c1a47043ecb3fe38792","5200","","","","2026-04-18T14:58:34.302Z","pi_3TNaAOEDnfppNFcx1dudc2nl","CAD","","debit","69e39c1abdc030bd372820e9","2026-04-18T14:58:34.466000","2026-04-18T14:58:34.983000","service_eb508f39-ce3d-4391-bb12-d4211c02ede9","false"
"deposit_authorized","69e3993bb98029bbaa79b22b","Dépôt 20% autorisé (requires_capture) — event 69e3993bb98029bbaa79b22b — 52.00$ CAD [Cr escrow_liability]","escrow_liability","69e399c00f7e751197aba2f7","5200","","","","2026-04-18T14:48:32.386Z","pi_3TNaAOEDnfppNFcx1dudc2nl","CAD","69b48a2b7d5c0db589c6bb1c","credit","69e399c0b44db1e4043cf2b4","2026-04-18T14:48:32.684000","2026-04-18T14:48:32.684000","service_eb508f39-ce3d-4391-bb12-d4211c02ede9","false"
"deposit_authorized","69e3993bb98029bbaa79b22b","Dépôt 20% autorisé (requires_capture) — event 69e3993bb98029bbaa79b22b — 52.00$ CAD [Dr stripe_clearing]","stripe_clearing","69e399c0b44db1e4043cf2b4","5200","","","","2026-04-18T14:48:32.386Z","pi_3TNaAOEDnfppNFcx1dudc2nl","CAD","69b48a2b7d5c0db589c6bb1c","debit","69e399c00f7e751197aba2f7","2026-04-18T14:48:32.515000","2026-04-18T14:48:32.894000","service_eb508f39-ce3d-4391-bb12-d4211c02ede9","false"
"escrow_released","69e38bcada564eeacc35a4c3","Escrow libéré — event 69e38bcada564eeacc35a4c3 — 106.00$ CAD [Cr stripe_balance]","stripe_balance","69e39374dfca57e4dc2df124","10600","","","","2026-04-18T14:21:40.172Z","pi_3TNZhUEDnfppNFcx0UBcSP34","CAD","","credit","69e39374a0ba6deb6b164b3e","2026-04-18T14:21:40.491000","2026-04-18T14:21:40.491000","service_eb508f39-ce3d-4391-bb12-d4211c02ede9","false"
"escrow_released","69e38bcada564eeacc35a4c3","Escrow libéré — event 69e38bcada564eeacc35a4c3 — 106.00$ CAD [Dr escrow_liability]","escrow_liability","69e39374a0ba6deb6b164b3e","10600","","","","2026-04-18T14:21:40.172Z","pi_3TNZhUEDnfppNFcx0UBcSP34","CAD","","debit","69e39374dfca57e4dc2df124","2026-04-18T14:21:40.310000","2026-04-18T14:21:40.721000","service_eb508f39-ce3d-4391-bb12-d4211c02ede9","false"
"deposit_captured","69e38bcada564eeacc35a4c3","Dépôt capturé — event 69e38bcada564eeacc35a4c3 — 106.00$ CAD [Cr stripe_clearing]","stripe_clearing","69e3937382afad44cd167995","10600","","","","2026-04-18T14:21:39.369Z","pi_3TNZhUEDnfppNFcx0UBcSP34","CAD","","credit","69e393731821d44131c24b80","2026-04-18T14:21:39.712000","2026-04-18T14:21:39.712000","service_eb508f39-ce3d-4391-bb12-d4211c02ede9","false"
"deposit_captured","69e38bcada564eeacc35a4c3","Dépôt capturé — event 69e38bcada564eeacc35a4c3 — 106.00$ CAD [Dr stripe_balance]","stripe_balance","69e393731821d44131c24b80","10600","","","","2026-04-18T14:21:39.369Z","pi_3TNZhUEDnfppNFcx0UBcSP34","CAD","","debit","69e3937382afad44cd167995","2026-04-18T14:21:39.497000","2026-04-18T14:21:39.962000","service_eb508f39-ce3d-4391-bb12-d4211c02ede9","false"
"balance_received","69e38bcada564eeacc35a4c3","Balance 80% reçue — event 69e38bcada564eeacc35a4c3 — 424.00$ CAD [Cr balance_liability]","balance_liability","69e39302cba098e5530c8cdb","42400","","","","2026-04-18T14:19:46.617Z","pi_3TNZiaEDnfppNFcx1ETg44sd","CAD","69b48a2b7d5c0db589c6bb1c","credit","69e393025a21f3cbde86b8e7","2026-04-18T14:19:46.935000","2026-04-18T14:19:46.935000","service_eb508f39-ce3d-4391-bb12-d4211c02ede9","false"
"balance_received","69e38bcada564eeacc35a4c3","Balance 80% reçue — event 69e38bcada564eeacc35a4c3 — 424.00$ CAD [Dr stripe_balance]","stripe_balance","69e393025a21f3cbde86b8e7","42400","","","","2026-04-18T14:19:46.617Z","pi_3TNZiaEDnfppNFcx1ETg44sd","CAD","69b48a2b7d5c0db589c6bb1c","debit","69e39302cba098e5530c8cdb","2026-04-18T14:19:46.754000","2026-04-18T14:19:47.123000","service_eb508f39-ce3d-4391-bb12-d4211c02ede9","false"
"deposit_authorized","69e38bcada564eeacc35a4c3","Dépôt 20% autorisé (requires_capture) — event 69e38bcada564eeacc35a4c3 — 106.00$ CAD [Cr escrow_liability]","escrow_liability","69e392c03466682e7949fb45","10600","","","","2026-04-18T14:18:40.152Z","pi_3TNZhUEDnfppNFcx0UBcSP34","CAD","69b48a2b7d5c0db589c6bb1c","credit","69e392c0b0d50691f7f3310d","2026-04-18T14:18:40.449000","2026-04-18T14:18:40.449000","service_eb508f39-ce3d-4391-bb12-d4211c02ede9","false"
"deposit_authorized","69e38bcada564eeacc35a4c3","Dépôt 20% autorisé (requires_capture) — event 69e38bcada564eeacc35a4c3 — 106.00$ CAD [Dr stripe_clearing]","stripe_clearing","69e392c0b0d50691f7f3310d","10600","","","","2026-04-18T14:18:40.152Z","pi_3TNZhUEDnfppNFcx0UBcSP34","CAD","69b48a2b7d5c0db589c6bb1c","debit","69e392c03466682e7949fb45","2026-04-18T14:18:40.312000","2026-04-18T14:18:40.637000","service_eb508f39-ce3d-4391-bb12-d4211c02ede9","false"
"escrow_released","69de283fadade41b0eb99f7c","Escrow libéré — event 69de283fadade41b0eb99f7c — 20.00$ CAD [Cr stripe_balance]","stripe_balance","69e38a2f253823c11f18cf53","2000","","","","2026-04-18T13:42:07.309Z","pi_3TM5TsEDnfppNFcx01c0LKIY","CAD","","credit","69e38a2fd1ea43b0de7c12ef","2026-04-18T13:42:07.647000","2026-04-18T13:42:07.647000","service_eb508f39-ce3d-4391-bb12-d4211c02ede9","false"
"escrow_released","69de283fadade41b0eb99f7c","Escrow libéré — event 69de283fadade41b0eb99f7c — 20.00$ CAD [Dr escrow_liability]","escrow_liability","69e38a2fd1ea43b0de7c12ef","2000","","","","2026-04-18T13:42:07.309Z","pi_3TM5TsEDnfppNFcx01c0LKIY","CAD","","debit","69e38a2f253823c11f18cf53","2026-04-18T13:42:07.452000","2026-04-18T13:42:07.836000","service_eb508f39-ce3d-4391-bb12-d4211c02ede9","false"
"deposit_captured","69de283fadade41b0eb99f7c","Dépôt capturé — event 69de283fadade41b0eb99f7c — 20.00$ CAD [Cr stripe_clearing]","stripe_clearing","69e38a2e11971098aaa491e4","2000","","","","2026-04-18T13:42:06.556Z","pi_3TM5TsEDnfppNFcx01c0LKIY","CAD","","credit","69e38a2ea2bf2956b00b03ec","2026-04-18T13:42:06.887000","2026-04-18T13:42:06.887000","service_eb508f39-ce3d-4391-bb12-d4211c02ede9","false"
"deposit_captured","69de283fadade41b0eb99f7c","Dépôt capturé — event 69de283fadade41b0eb99f7c — 20.00$ CAD [Dr stripe_balance]","stripe_balance","69e38a2ea2bf2956b00b03ec","2000","","","","2026-04-18T13:42:06.556Z","pi_3TM5TsEDnfppNFcx01c0LKIY","CAD","","debit","69e38a2e11971098aaa491e4","2026-04-18T13:42:06.687000","2026-04-18T13:42:07.115000","service_eb508f39-ce3d-4391-bb12-d4211c02ede9","false"
"escrow_released","69e169278a79490c4201e2a0","Escrow libéré — event 69e169278a79490c4201e2a0 — 90.00$ CAD [Cr stripe_balance]","stripe_balance","69e38a278e2ffd10448f1f36","9000","","","","2026-04-18T13:41:59.619Z","pi_3TMytAEDnfppNFcx0d2kUG0w","CAD","","credit","69e38a2893b41a511b38b74d","2026-04-18T13:42:00.003000","2026-04-18T13:42:00.003000","service_eb508f39-ce3d-4391-bb12-d4211c02ede9","false"
"escrow_released","69e169278a79490c4201e2a0","Escrow libéré — event 69e169278a79490c4201e2a0 — 90.00$ CAD [Dr escrow_liability]","escrow_liability","69e38a2893b41a511b38b74d","9000","","","","2026-04-18T13:41:59.619Z","pi_3TMytAEDnfppNFcx0d2kUG0w","CAD","","debit","69e38a278e2ffd10448f1f36","2026-04-18T13:41:59.762000","2026-04-18T13:42:00.200000","service_eb508f39-ce3d-4391-bb12-d4211c02ede9","false"
"deposit_captured","69e169278a79490c4201e2a0","Dépôt capturé — event 69e169278a79490c4201e2a0 — 90.00$ CAD [Cr stripe_clearing]","stripe_clearing","69e38a27b1752ee935bf45de","9000","","","","2026-04-18T13:41:58.853Z","pi_3TMytAEDnfppNFcx0d2kUG0w","CAD","","credit","69e38a2776b81bb17ff6ba0b","2026-04-18T13:41:59.230000","2026-04-18T13:41:59.230000","service_eb508f39-ce3d-4391-bb12-d4211c02ede9","false"
"deposit_captured","69e169278a79490c4201e2a0","Dépôt capturé — event 69e169278a79490c4201e2a0 — 90.00$ CAD [Dr stripe_balance]","stripe_balance","69e38a2776b81bb17ff6ba0b","9000","","","","2026-04-18T13:41:58.853Z","pi_3TMytAEDnfppNFcx0d2kUG0w","CAD","","debit","69e38a27b1752ee935bf45de","2026-04-18T13:41:59.001000","2026-04-18T13:41:59.384000","service_eb508f39-ce3d-4391-bb12-d4211c02ede9","false"
"escrow_released","69e2705d6a092f499ec04025","Escrow libéré — event 69e2705d6a092f499ec04025 — 84.00$ CAD [Cr stripe_balance]","stripe_balance","69e38a1fca9573e71bb2ccd3","8400","","","","2026-04-18T13:41:51.635Z","pi_3TNGgKEDnfppNFcx1yCHikID","CAD","","credit","69e38a1f66f39ee6c0bdeda1","2026-04-18T13:41:51.948000","2026-04-18T13:41:51.948000","service_eb508f39-ce3d-4391-bb12-d4211c02ede9","false"
"escrow_released","69e2705d6a092f499ec04025","Escrow libéré — event 69e2705d6a092f499ec04025 — 84.00$ CAD [Dr escrow_liability]","escrow_liability","69e38a1f66f39ee6c0bdeda1","8400","","","","2026-04-18T13:41:51.635Z","pi_3TNGgKEDnfppNFcx1yCHikID","CAD","","debit","69e38a1fca9573e71bb2ccd3","2026-04-18T13:41:51.762000","2026-04-18T13:41:52.158000","service_eb508f39-ce3d-4391-bb12-d4211c02ede9","false"
"deposit_captured","69e2705d6a092f499ec04025","Dépôt capturé — event 69e2705d6a092f499ec04025 — 84.00$ CAD [Cr stripe_clearing]","stripe_clearing","69e38a1e56d1dd9abb926772","8400","","","","2026-04-18T13:41:50.835Z","pi_3TNGgKEDnfppNFcx1yCHikID","CAD","","credit","69e38a1f35f6b08f17e5c6ee","2026-04-18T13:41:51.218000","2026-04-18T13:41:51.218000","service_eb508f39-ce3d-4391-bb12-d4211c02ede9","false"
"deposit_captured","69e2705d6a092f499ec04025","Dépôt capturé — event 69e2705d6a092f499ec04025 — 84.00$ CAD [Dr stripe_balance]","stripe_balance","69e38a1f35f6b08f17e5c6ee","8400","","","","2026-04-18T13:41:50.835Z","pi_3TNGgKEDnfppNFcx1yCHikID","CAD","","debit","69e38a1e56d1dd9abb926772","2026-04-18T13:41:50.977000","2026-04-18T13:41:51.423000","service_eb508f39-ce3d-4391-bb12-d4211c02ede9","false"
"escrow_released","69e2cf0fe7c8b194afd3d8f8","Escrow libéré — event 69e2cf0fe7c8b194afd3d8f8 — 40.00$ CAD [Cr stripe_balance]","stripe_balance","69e38a0b4d5aad9530c66ecd","4000","","","","2026-04-18T13:41:31.022Z","pi_3TNMoBEDnfppNFcx1CSHyI0t","CAD","","credit","69e38a0b7aea477b29535401","2026-04-18T13:41:31.550000","2026-04-18T13:41:31.550000","service_eb508f39-ce3d-4391-bb12-d4211c02ede9","false"
"escrow_released","69e2cf0fe7c8b194afd3d8f8","Escrow libéré — event 69e2cf0fe7c8b194afd3d8f8 — 40.00$ CAD [Dr escrow_liability]","escrow_liability","69e38a0b7aea477b29535401","4000","","","","2026-04-18T13:41:31.022Z","pi_3TNMoBEDnfppNFcx1CSHyI0t","CAD","","debit","69e38a0b4d5aad9530c66ecd","2026-04-18T13:41:31.176000","2026-04-18T13:41:31.749000","service_eb508f39-ce3d-4391-bb12-d4211c02ede9","false"
"deposit_captured","69e2cf0fe7c8b194afd3d8f8","Dépôt capturé — event 69e2cf0fe7c8b194afd3d8f8 — 40.00$ CAD [Cr stripe_clearing]","stripe_clearing","69e38a0a5d15e419f6a5fe67","4000","","","","2026-04-18T13:41:30.192Z","pi_3TNMoBEDnfppNFcx1CSHyI0t","CAD","","credit","69e38a0a172bf1df630f23e3","2026-04-18T13:41:30.553000","2026-04-18T13:41:30.553000","service_eb508f39-ce3d-4391-bb12-d4211c02ede9","false"
"deposit_captured","69e2cf0fe7c8b194afd3d8f8","Dépôt capturé — event 69e2cf0fe7c8b194afd3d8f8 — 40.00$ CAD [Dr stripe_balance]","stripe_balance","69e38a0a172bf1df630f23e3","4000","","","","2026-04-18T13:41:30.192Z","pi_3TNMoBEDnfppNFcx1CSHyI0t","CAD","","debit","69e38a0a5d15e419f6a5fe67","2026-04-18T13:41:30.375000","2026-04-18T13:41:30.762000","service_eb508f39-ce3d-4391-bb12-d4211c02ede9","false"
"escrow_released","69e2d75ab661d22b7d4d43d6","Escrow libéré — event 69e2d75ab661d22b7d4d43d6 — 80.00$ CAD [Cr stripe_balance]","stripe_balance","69e389ff711a77ccc4934ae0","8000","","","","2026-04-18T13:41:19.643Z","pi_3TNNHoEDnfppNFcx0EoJ9yRk","CAD","","credit","69e389ffcd6b0e867a878ad4","2026-04-18T13:41:19.974000","2026-04-18T13:41:19.974000","service_eb508f39-ce3d-4391-bb12-d4211c02ede9","false"
"escrow_released","69e2d75ab661d22b7d4d43d6","Escrow libéré — event 69e2d75ab661d22b7d4d43d6 — 80.00$ CAD [Dr escrow_liability]","escrow_liability","69e389ffcd6b0e867a878ad4","8000","","","","2026-04-18T13:41:19.643Z","pi_3TNNHoEDnfppNFcx0EoJ9yRk","CAD","","debit","69e389ff711a77ccc4934ae0","2026-04-18T13:41:19.793000","2026-04-18T13:41:20.185000","service_eb508f39-ce3d-4391-bb12-d4211c02ede9","false"
"deposit_captured","69e2d75ab661d22b7d4d43d6","Dépôt capturé — event 69e2d75ab661d22b7d4d43d6 — 80.00$ CAD [Cr stripe_clearing]","stripe_clearing","69e389ff71e1a85be7fc084b","8000","","","","2026-04-18T13:41:18.915Z","pi_3TNNHoEDnfppNFcx0EoJ9yRk","CAD","","credit","69e389ff4da96ab81433523a","2026-04-18T13:41:19.240000","2026-04-18T13:41:19.240000","service_eb508f39-ce3d-4391-bb12-d4211c02ede9","false"
"deposit_captured","69e2d75ab661d22b7d4d43d6","Dépôt capturé — event 69e2d75ab661d22b7d4d43d6 — 80.00$ CAD [Dr stripe_balance]","stripe_balance","69e389ff4da96ab81433523a","8000","","","","2026-04-18T13:41:18.915Z","pi_3TNNHoEDnfppNFcx0EoJ9yRk","CAD","","debit","69e389ff71e1a85be7fc084b","2026-04-18T13:41:19.068000","2026-04-18T13:41:19.437000","service_eb508f39-ce3d-4391-bb12-d4211c02ede9","false"
"balance_received","69e2d75ab661d22b7d4d43d6","Balance 80% reçue — event 69e2d75ab661d22b7d4d43d6 — 320.00$ CAD [Cr balance_liability]","balance_liability","69e2d8cc95063639e6a87288","32000","","","","2026-04-18T01:05:15.997Z","pi_3TNNJhEDnfppNFcx0zpbD3Kz","CAD","69b48a2b7d5c0db589c6bb1c","credit","69e2d8cc3f7497954a228b07","2026-04-18T01:05:16.321000","2026-04-18T01:05:16.321000","service_eb508f39-ce3d-4391-bb12-d4211c02ede9","false"
"balance_received","69e2d75ab661d22b7d4d43d6","Balance 80% reçue — event 69e2d75ab661d22b7d4d43d6 — 320.00$ CAD [Dr stripe_balance]","stripe_balance","69e2d8cc3f7497954a228b07","32000","","","","2026-04-18T01:05:15.997Z","pi_3TNNJhEDnfppNFcx0zpbD3Kz","CAD","69b48a2b7d5c0db589c6bb1c","debit","69e2d8cc95063639e6a87288","2026-04-18T01:05:16.151000","2026-04-18T01:05:16.512000","service_eb508f39-ce3d-4391-bb12-d4211c02ede9","false"
"deposit_authorized","69e2d75ab661d22b7d4d43d6","Complément dépôt — event 69e2d75ab661d22b7d4d43d6 — +20.00$ CAD (escrow 60.00 → 80.00) [Cr escrow_liability]","escrow_liability","69e2d892b6f588f2fbd0b0dc","2000","","","","2026-04-18T01:04:18.291Z","pi_3TNNImEDnfppNFcx0by6gY5f","CAD","69b48a2b7d5c0db589c6bb1c","credit","69e2d8924804861d33e8d09a","2026-04-18T01:04:18.626000","2026-04-18T01:04:18.626000","service_eb508f39-ce3d-4391-bb12-d4211c02ede9","false"
"deposit_authorized","69e2d75ab661d22b7d4d43d6","Complément dépôt — event 69e2d75ab661d22b7d4d43d6 — +20.00$ CAD (escrow 60.00 → 80.00) [Dr stripe_clearing]","stripe_clearing","69e2d8924804861d33e8d09a","2000","","","","2026-04-18T01:04:18.291Z","pi_3TNNImEDnfppNFcx0by6gY5f","CAD","69b48a2b7d5c0db589c6bb1c","debit","69e2d892b6f588f2fbd0b0dc","2026-04-18T01:04:18.443000","2026-04-18T01:04:18.890000","service_eb508f39-ce3d-4391-bb12-d4211c02ede9","false"
"deposit_authorized","69e2d75ab661d22b7d4d43d6","Dépôt 20% autorisé (requires_capture) — event 69e2d75ab661d22b7d4d43d6 — 60.00$ CAD [Cr escrow_liability]","escrow_liability","69e2d8595e64a1209c1b08ce","6000","","","","2026-04-18T01:03:20.900Z","pi_3TNNHoEDnfppNFcx0EoJ9yRk","CAD","69b48a2b7d5c0db589c6bb1c","credit","69e2d85964ad767a52ddd27b","2026-04-18T01:03:21.164000","2026-04-18T01:03:21.164000","service_eb508f39-ce3d-4391-bb12-d4211c02ede9","false"
"deposit_authorized","69e2d75ab661d22b7d4d43d6","Dépôt 20% autorisé (requires_capture) — event 69e2d75ab661d22b7d4d43d6 — 60.00$ CAD [Dr stripe_clearing]","stripe_clearing","69e2d85964ad767a52ddd27b","6000","","","","2026-04-18T01:03:20.900Z","pi_3TNNHoEDnfppNFcx0EoJ9yRk","CAD","69b48a2b7d5c0db589c6bb1c","debit","69e2d8595e64a1209c1b08ce","2026-04-18T01:03:21.040000","2026-04-18T01:03:22.850000","service_eb508f39-ce3d-4391-bb12-d4211c02ede9","false"
"balance_received","69e2cf0fe7c8b194afd3d8f8","Balance 80% reçue — event 69e2cf0fe7c8b194afd3d8f8 — 160.00$ CAD [Cr balance_liability]","balance_liability","69e2d1a7b6f588f2fbd0a7d8","16000","","","","2026-04-18T00:34:47.585Z","pi_3TNMqFEDnfppNFcx1ix6vL7t","CAD","69b48a2b7d5c0db589c6bb1c","credit","69e2d1a78b28234eaba4c018","2026-04-18T00:34:47.893000","2026-04-18T00:34:47.893000","service_eb508f39-ce3d-4391-bb12-d4211c02ede9","false"
"balance_received","69e2cf0fe7c8b194afd3d8f8","Balance 80% reçue — event 69e2cf0fe7c8b194afd3d8f8 — 160.00$ CAD [Dr stripe_balance]","stripe_balance","69e2d1a78b28234eaba4c018","16000","","","","2026-04-18T00:34:47.585Z","pi_3TNMqFEDnfppNFcx1ix6vL7t","CAD","69b48a2b7d5c0db589c6bb1c","debit","69e2d1a7b6f588f2fbd0a7d8","2026-04-18T00:34:47.709000","2026-04-18T00:34:48.106000","service_eb508f39-ce3d-4391-bb12-d4211c02ede9","false"
"deposit_authorized","69e2cf0fe7c8b194afd3d8f8","Dépôt 20% autorisé (requires_capture) — event 69e2cf0fe7c8b194afd3d8f8 — 40.00$ CAD [Cr escrow_liability]","escrow_liability","69e2d12a2e7786f46fb45550","4000","","","","2026-04-18T00:32:42.400Z","pi_3TNMoBEDnfppNFcx1CSHyI0t","CAD","69b48a2b7d5c0db589c6bb1c","credit","69e2d12af9d573a9198f7cb2","2026-04-18T00:32:42.726000","2026-04-18T00:32:42.726000","service_eb508f39-ce3d-4391-bb12-d4211c02ede9","false"
"deposit_authorized","69e2cf0fe7c8b194afd3d8f8","Dépôt 20% autorisé (requires_capture) — event 69e2cf0fe7c8b194afd3d8f8 — 40.00$ CAD [Dr stripe_clearing]","stripe_clearing","69e2d12af9d573a9198f7cb2","4000","","","","2026-04-18T00:32:42.400Z","pi_3TNMoBEDnfppNFcx1CSHyI0t","CAD","69b48a2b7d5c0db589c6bb1c","debit","69e2d12a2e7786f46fb45550","2026-04-18T00:32:42.545000","2026-04-18T00:32:42.949000","service_eb508f39-ce3d-4391-bb12-d4211c02ede9","false"
"escrow_released","69e2a427fcddd91985cf7791","Escrow libéré — event 69e2a427fcddd91985cf7791 — 70.00$ CAD [Cr stripe_balance]","stripe_balance","69e2aeb1b15a47b8cc8cf915","7000","","","","2026-04-17T22:05:36.823Z","pi_3TNKTuEDnfppNFcx03B2qzq3","CAD","","credit","69e2aeb2b61329f17f6ab075","2026-04-17T22:05:38.065000","2026-04-17T22:05:38.065000","service_eb508f39-ce3d-4391-bb12-d4211c02ede9","false"
"escrow_released","69e2a427fcddd91985cf7791","Escrow libéré — event 69e2a427fcddd91985cf7791 — 70.00$ CAD [Dr escrow_liability]","escrow_liability","69e2aeb2b61329f17f6ab075","7000","","","","2026-04-17T22:05:36.823Z","pi_3TNKTuEDnfppNFcx03B2qzq3","CAD","","debit","69e2aeb1b15a47b8cc8cf915","2026-04-17T22:05:37.205000","2026-04-17T22:05:38.410000","service_eb508f39-ce3d-4391-bb12-d4211c02ede9","false"
"deposit_captured","69e2a427fcddd91985cf7791","Dépôt capturé — event 69e2a427fcddd91985cf7791 — 70.00$ CAD [Cr stripe_clearing]","stripe_clearing","69e2aeb0e303063980590e50","7000","","","","2026-04-17T22:05:35.911Z","pi_3TNKTuEDnfppNFcx03B2qzq3","CAD","","credit","69e2aeb06747550b553fc40e","2026-04-17T22:05:36.346000","2026-04-17T22:05:36.346000","service_eb508f39-ce3d-4391-bb12-d4211c02ede9","false"
"deposit_captured","69e2a427fcddd91985cf7791","Dépôt capturé — event 69e2a427fcddd91985cf7791 — 70.00$ CAD [Dr stripe_balance]","stripe_balance","69e2aeb06747550b553fc40e","7000","","","","2026-04-17T22:05:35.911Z","pi_3TNKTuEDnfppNFcx03B2qzq3","CAD","","debit","69e2aeb0e303063980590e50","2026-04-17T22:05:36.085000","2026-04-17T22:05:36.546000","service_eb508f39-ce3d-4391-bb12-d4211c02ede9","false"
"balance_received","69e2a427fcddd91985cf7791","Balance 80% reçue — event 69e2a427fcddd91985cf7791 — 280.00$ CAD [Cr balance_liability]","balance_liability","69e2ae88f34f352ac852f7da","28000","","","","2026-04-17T22:04:56.243Z","pi_3TNKV7EDnfppNFcx0CkYlVjn","CAD","69b48a2b7d5c0db589c6bb1c","credit","69e2ae88d04b4ea779f2aca4","2026-04-17T22:04:56.741000","2026-04-17T22:04:56.741000","service_eb508f39-ce3d-4391-bb12-d4211c02ede9","false"
"balance_received","69e2a427fcddd91985cf7791","Balance 80% reçue — event 69e2a427fcddd91985cf7791 — 280.00$ CAD [Dr stripe_balance]","stripe_balance","69e2ae88d04b4ea779f2aca4","28000","","","","2026-04-17T22:04:56.243Z","pi_3TNKV7EDnfppNFcx0CkYlVjn","CAD","69b48a2b7d5c0db589c6bb1c","debit","69e2ae88f34f352ac852f7da","2026-04-17T22:04:56.556000","2026-04-17T22:04:56.979000","service_eb508f39-ce3d-4391-bb12-d4211c02ede9","false"
"deposit_authorized","69e2a427fcddd91985cf7791","Dépôt 20% autorisé (requires_capture) — event 69e2a427fcddd91985cf7791 — 70.00$ CAD [Cr escrow_liability]","escrow_liability","69e2ae3ac9d71d9a1851decd","7000","","","","2026-04-17T22:03:37.746Z","pi_3TNKTuEDnfppNFcx03B2qzq3","CAD","69b48a2b7d5c0db589c6bb1c","credit","69e2ae3a2dafb43ef853b46e","2026-04-17T22:03:38.168000","2026-04-17T22:03:38.168000","service_eb508f39-ce3d-4391-bb12-d4211c02ede9","false"
"deposit_authorized","69e2a427fcddd91985cf7791","Dépôt 20% autorisé (requires_capture) — event 69e2a427fcddd91985cf7791 — 70.00$ CAD [Dr stripe_clearing]","stripe_clearing","69e2ae3a2dafb43ef853b46e","7000","","","","2026-04-17T22:03:37.746Z","pi_3TNKTuEDnfppNFcx03B2qzq3","CAD","69b48a2b7d5c0db589c6bb1c","debit","69e2ae3ac9d71d9a1851decd","2026-04-17T22:03:38.051000","2026-04-17T22:03:38.369000","service_eb508f39-ce3d-4391-bb12-d4211c02ede9","false"
"deposit_authorized","69e2705d6a092f499ec04025","Dépôt 20% autorisé (requires_capture) — event 69e2705d6a092f499ec04025 — 84.00$ CAD [Cr escrow_liability]","escrow_liability","69e27539e880434de4e8ad6a","8400","","","","2026-04-17T18:00:25.442Z","pi_3TNGgKEDnfppNFcx1yCHikID","CAD","698dc6f781b400b640a229f6","credit","69e275399cf874e2e3862604","2026-04-17T18:00:25.848000","2026-04-17T18:00:25.848000","service_eb508f39-ce3d-4391-bb12-d4211c02ede9","false"
"deposit_authorized","69e2705d6a092f499ec04025","Dépôt 20% autorisé (requires_capture) — event 69e2705d6a092f499ec04025 — 84.00$ CAD [Dr stripe_clearing]","stripe_clearing","69e275399cf874e2e3862604","8400","","","","2026-04-17T18:00:25.442Z","pi_3TNGgKEDnfppNFcx1yCHikID","CAD","698dc6f781b400b640a229f6","debit","69e27539e880434de4e8ad6a","2026-04-17T18:00:25.603000","2026-04-17T18:00:26.105000","service_eb508f39-ce3d-4391-bb12-d4211c02ede9","false"
"escrow_released","69e182682158155ce15ced4a","Escrow libéré — event 69e182682158155ce15ced4a — 100.00$ CAD [Cr stripe_balance]","stripe_balance","69e183886d0834ab9920997b","10000","","","","2026-04-17T00:49:12.094Z","pi_3TN0XwEDnfppNFcx1uqbAgnZ","CAD","","credit","69e1838841dc19bdc3f92eed","2026-04-17T00:49:12.489000","2026-04-17T00:49:12.489000","service_eb508f39-ce3d-4391-bb12-d4211c02ede9","false"
"escrow_released","69e182682158155ce15ced4a","Escrow libéré — event 69e182682158155ce15ced4a — 100.00$ CAD [Dr escrow_liability]","escrow_liability","69e1838841dc19bdc3f92eed","10000","","","","2026-04-17T00:49:12.094Z","pi_3TN0XwEDnfppNFcx1uqbAgnZ","CAD","","debit","69e183886d0834ab9920997b","2026-04-17T00:49:12.267000","2026-04-17T00:49:12.761000","service_eb508f39-ce3d-4391-bb12-d4211c02ede9","false"
"deposit_captured","69e182682158155ce15ced4a","Dépôt capturé — event 69e182682158155ce15ced4a — 100.00$ CAD [Cr stripe_clearing]","stripe_clearing","69e1838781faa993f81988d3","10000","","","","2026-04-17T00:49:11.160Z","pi_3TN0XwEDnfppNFcx1uqbAgnZ","CAD","","credit","69e18387400777d042451531","2026-04-17T00:49:11.641000","2026-04-17T00:49:11.641000","service_eb508f39-ce3d-4391-bb12-d4211c02ede9","false"
"deposit_captured","69e182682158155ce15ced4a","Dépôt capturé — event 69e182682158155ce15ced4a — 100.00$ CAD [Dr stripe_balance]","stripe_balance","69e18387400777d042451531","10000","","","","2026-04-17T00:49:11.160Z","pi_3TN0XwEDnfppNFcx1uqbAgnZ","CAD","","debit","69e1838781faa993f81988d3","2026-04-17T00:49:11.364000","2026-04-17T00:49:11.879000","service_eb508f39-ce3d-4391-bb12-d4211c02ede9","false"
"balance_received","69e182682158155ce15ced4a","Balance 80% reçue — event 69e182682158155ce15ced4a — 400.00$ CAD [Cr balance_liability]","balance_liability","69e18322ceb05d8077534f85","40000","","","","2026-04-17T00:47:30.549Z","pi_3TN0YxEDnfppNFcx0rcUNCC2","CAD","69b48a2b7d5c0db589c6bb1c","credit","69e1832251e545e84d89fbdb","2026-04-17T00:47:30.895000","2026-04-17T00:47:30.895000","service_eb508f39-ce3d-4391-bb12-d4211c02ede9","false"
"balance_received","69e182682158155ce15ced4a","Balance 80% reçue — event 69e182682158155ce15ced4a — 400.00$ CAD [Dr stripe_balance]","stripe_balance","69e1832251e545e84d89fbdb","40000","","","","2026-04-17T00:47:30.549Z","pi_3TN0YxEDnfppNFcx0rcUNCC2","CAD","69b48a2b7d5c0db589c6bb1c","debit","69e18322ceb05d8077534f85","2026-04-17T00:47:30.715000","2026-04-17T00:47:31.093000","service_eb508f39-ce3d-4391-bb12-d4211c02ede9","false"
"deposit_authorized","69e182682158155ce15ced4a","Dépôt 20% autorisé (requires_capture) — event 69e182682158155ce15ced4a — 100.00$ CAD [Cr escrow_liability]","escrow_liability","69e182e5c62779a5610b35e4","10000","","","","2026-04-17T00:46:29.088Z","pi_3TN0XwEDnfppNFcx1uqbAgnZ","CAD","69b48a2b7d5c0db589c6bb1c","credit","69e182e50ec033a775fd5912","2026-04-17T00:46:29.384000","2026-04-17T00:46:29.384000","service_eb508f39-ce3d-4391-bb12-d4211c02ede9","false"
"deposit_authorized","69e182682158155ce15ced4a","Dépôt 20% autorisé (requires_capture) — event 69e182682158155ce15ced4a — 100.00$ CAD [Dr stripe_clearing]","stripe_clearing","69e182e50ec033a775fd5912","10000","","","","2026-04-17T00:46:29.088Z","pi_3TN0XwEDnfppNFcx1uqbAgnZ","CAD","69b48a2b7d5c0db589c6bb1c","debit","69e182e5c62779a5610b35e4","2026-04-17T00:46:29.245000","2026-04-17T00:46:29.660000","service_eb508f39-ce3d-4391-bb12-d4211c02ede9","false"
"escrow_released","69e16c116de5c4509261cc1b","Escrow libéré — event 69e16c116de5c4509261cc1b — 14.00$ CAD [Cr stripe_balance]","stripe_balance","69e16caa923bb66f42dfef4f","1400","","","","2026-04-16T23:11:38.280Z","pi_3TMz33EDnfppNFcx0SO9QhtS","CAD","","credit","69e16caa1d31b12d11976536","2026-04-16T23:11:38.812000","2026-04-16T23:11:38.812000","service_eb508f39-ce3d-4391-bb12-d4211c02ede9","false"
"escrow_released","69e16c116de5c4509261cc1b","Escrow libéré — event 69e16c116de5c4509261cc1b — 14.00$ CAD [Dr escrow_liability]","escrow_liability","69e16caa1d31b12d11976536","1400","","","","2026-04-16T23:11:38.280Z","pi_3TMz33EDnfppNFcx0SO9QhtS","CAD","","debit","69e16caa923bb66f42dfef4f","2026-04-16T23:11:38.595000","2026-04-16T23:11:39.028000","service_eb508f39-ce3d-4391-bb12-d4211c02ede9","false"
"deposit_captured","69e16c116de5c4509261cc1b","Dépôt capturé — event 69e16c116de5c4509261cc1b — 14.00$ CAD [Cr stripe_clearing]","stripe_clearing","69e16ca9481c76fd34ec6890","1400","","","","2026-04-16T23:11:37.522Z","pi_3TMz33EDnfppNFcx0SO9QhtS","CAD","","credit","69e16ca995c9971e703d083f","2026-04-16T23:11:37.894000","2026-04-16T23:11:37.894000","service_eb508f39-ce3d-4391-bb12-d4211c02ede9","false"
"deposit_captured","69e16c116de5c4509261cc1b","Dépôt capturé — event 69e16c116de5c4509261cc1b — 14.00$ CAD [Dr stripe_balance]","stripe_balance","69e16ca995c9971e703d083f","1400","","","","2026-04-16T23:11:37.522Z","pi_3TMz33EDnfppNFcx0SO9QhtS","CAD","","debit","69e16ca9481c76fd34ec6890","2026-04-16T23:11:37.684000","2026-04-16T23:11:38.065000","service_eb508f39-ce3d-4391-bb12-d4211c02ede9","false"
"balance_received","69e16c116de5c4509261cc1b","Balance 80% reçue — event 69e16c116de5c4509261cc1b — 56.00$ CAD [Cr balance_liability]","balance_liability","69e16c8e27f5b49283c53ae9","5600","","","","2026-04-16T23:11:10.346Z","pi_3TMz3iEDnfppNFcx1CGJEdFu","CAD","69b48a2b7d5c0db589c6bb1c","credit","69e16c8ec7c63f5f0ff121c3","2026-04-16T23:11:10.687000","2026-04-16T23:11:10.687000","service_eb508f39-ce3d-4391-bb12-d4211c02ede9","false"
"balance_received","69e16c116de5c4509261cc1b","Balance 80% reçue — event 69e16c116de5c4509261cc1b — 56.00$ CAD [Dr stripe_balance]","stripe_balance","69e16c8ec7c63f5f0ff121c3","5600","","","","2026-04-16T23:11:10.346Z","pi_3TMz3iEDnfppNFcx1CGJEdFu","CAD","69b48a2b7d5c0db589c6bb1c","debit","69e16c8e27f5b49283c53ae9","2026-04-16T23:11:10.485000","2026-04-16T23:11:10.902000","service_eb508f39-ce3d-4391-bb12-d4211c02ede9","false"
"deposit_authorized","69e16c116de5c4509261cc1b","Dépôt 20% autorisé (requires_capture) — event 69e16c116de5c4509261cc1b — 14.00$ CAD [Cr escrow_liability]","escrow_liability","69e16c6513d1b72f069427b7","1400","","","","2026-04-16T23:10:29.201Z","pi_3TMz33EDnfppNFcx0SO9QhtS","CAD","69b48a2b7d5c0db589c6bb1c","credit","69e16c654206a18ce8d18ff5","2026-04-16T23:10:29.498000","2026-04-16T23:10:29.498000","service_eb508f39-ce3d-4391-bb12-d4211c02ede9","false"
"deposit_authorized","69e16c116de5c4509261cc1b","Dépôt 20% autorisé (requires_capture) — event 69e16c116de5c4509261cc1b — 14.00$ CAD [Dr stripe_clearing]","stripe_clearing","69e16c654206a18ce8d18ff5","1400","","","","2026-04-16T23:10:29.201Z","pi_3TMz33EDnfppNFcx0SO9QhtS","CAD","69b48a2b7d5c0db589c6bb1c","debit","69e16c6513d1b72f069427b7","2026-04-16T23:10:29.355000","2026-04-16T23:10:29.757000","service_eb508f39-ce3d-4391-bb12-d4211c02ede9","false"
"balance_received","69e169278a79490c4201e2a0","Balance 80% reçue — event 69e169278a79490c4201e2a0 — 360.00$ CAD [Cr balance_liability]","balance_liability","69e16a62125f64bb33709fc7","36000","","","","2026-04-16T23:01:54.165Z","pi_3TMyujEDnfppNFcx0eINVcGm","CAD","69b48a2b7d5c0db589c6bb1c","credit","69e16a624571967f6e9d2d2d","2026-04-16T23:01:54.475000","2026-04-16T23:01:54.475000","service_eb508f39-ce3d-4391-bb12-d4211c02ede9","false"
"balance_received","69e169278a79490c4201e2a0","Balance 80% reçue — event 69e169278a79490c4201e2a0 — 360.00$ CAD [Dr stripe_balance]","stripe_balance","69e16a624571967f6e9d2d2d","36000","","","","2026-04-16T23:01:54.165Z","pi_3TMyujEDnfppNFcx0eINVcGm","CAD","69b48a2b7d5c0db589c6bb1c","debit","69e16a62125f64bb33709fc7","2026-04-16T23:01:54.303000","2026-04-16T23:01:54.766000","service_eb508f39-ce3d-4391-bb12-d4211c02ede9","false"
"deposit_authorized","69e169278a79490c4201e2a0","Dépôt 20% autorisé (requires_capture) — event 69e169278a79490c4201e2a0 — 90.00$ CAD [Cr escrow_liability]","escrow_liability","69e16a01d8ed6fbbe81cf6ca","9000","","","","2026-04-16T23:00:17.230Z","pi_3TMytAEDnfppNFcx0d2kUG0w","CAD","69b48a2b7d5c0db589c6bb1c","credit","69e16a0136f1fcf3ec25d97b","2026-04-16T23:00:17.506000","2026-04-16T23:00:17.506000","service_eb508f39-ce3d-4391-bb12-d4211c02ede9","false"
"deposit_authorized","69e169278a79490c4201e2a0","Dépôt 20% autorisé (requires_capture) — event 69e169278a79490c4201e2a0 — 90.00$ CAD [Dr stripe_clearing]","stripe_clearing","69e16a0136f1fcf3ec25d97b","9000","","","","2026-04-16T23:00:17.230Z","pi_3TMytAEDnfppNFcx0d2kUG0w","CAD","69b48a2b7d5c0db589c6bb1c","debit","69e16a01d8ed6fbbe81cf6ca","2026-04-16T23:00:17.370000","2026-04-16T23:00:17.692000","service_eb508f39-ce3d-4391-bb12-d4211c02ede9","false"
"escrow_released","69e16397aef418d4fb9eae71","Escrow libéré — event 69e16397aef418d4fb9eae71 — 20.00$ CAD [Cr stripe_balance]","stripe_balance","69e167c758e29b8f10d3dd45","2000","","","","2026-04-16T22:50:47.052Z","pi_3TMyVBEDnfppNFcx1zGkMXph","CAD","","credit","69e167c748a8bfd4b2a92bed","2026-04-16T22:50:47.424000","2026-04-16T22:50:47.424000","service_eb508f39-ce3d-4391-bb12-d4211c02ede9","false"
"escrow_released","69e16397aef418d4fb9eae71","Escrow libéré — event 69e16397aef418d4fb9eae71 — 20.00$ CAD [Dr escrow_liability]","escrow_liability","69e167c748a8bfd4b2a92bed","2000","","","","2026-04-16T22:50:47.052Z","pi_3TMyVBEDnfppNFcx1zGkMXph","CAD","","debit","69e167c758e29b8f10d3dd45","2026-04-16T22:50:47.223000","2026-04-16T22:50:47.628000","service_eb508f39-ce3d-4391-bb12-d4211c02ede9","false"
"deposit_captured","69e16397aef418d4fb9eae71","Dépôt capturé — event 69e16397aef418d4fb9eae71 — 20.00$ CAD [Cr stripe_clearing]","stripe_clearing","69e167c6595f24669803838c","2000","","","","2026-04-16T22:50:46.256Z","pi_3TMyVBEDnfppNFcx1zGkMXph","CAD","","credit","69e167c6e2021f25e4a1a9ef","2026-04-16T22:50:46.639000","2026-04-16T22:50:46.639000","service_eb508f39-ce3d-4391-bb12-d4211c02ede9","false"
"deposit_captured","69e16397aef418d4fb9eae71","Dépôt capturé — event 69e16397aef418d4fb9eae71 — 20.00$ CAD [Dr stripe_balance]","stripe_balance","69e167c6e2021f25e4a1a9ef","2000","","","","2026-04-16T22:50:46.256Z","pi_3TMyVBEDnfppNFcx1zGkMXph","CAD","","debit","69e167c6595f24669803838c","2026-04-16T22:50:46.408000","2026-04-16T22:50:46.839000","service_eb508f39-ce3d-4391-bb12-d4211c02ede9","false"
"balance_received","69e16397aef418d4fb9eae71","Balance 80% reçue — event 69e16397aef418d4fb9eae71 — 80.00$ CAD [Cr balance_liability]","balance_liability","69e167aff9fb7059d4a344a8","8000","","","","2026-04-16T22:50:23.554Z","pi_3TMyjZEDnfppNFcx0pJnADv8","CAD","69b48a2b7d5c0db589c6bb1c","credit","69e167af84d7d24d77ef99a3","2026-04-16T22:50:23.909000","2026-04-16T22:50:23.909000","service_eb508f39-ce3d-4391-bb12-d4211c02ede9","false"
"balance_received","69e16397aef418d4fb9eae71","Balance 80% reçue — event 69e16397aef418d4fb9eae71 — 80.00$ CAD [Dr stripe_balance]","stripe_balance","69e167af84d7d24d77ef99a3","8000","","","","2026-04-16T22:50:23.554Z","pi_3TMyjZEDnfppNFcx0pJnADv8","CAD","69b48a2b7d5c0db589c6bb1c","debit","69e167aff9fb7059d4a344a8","2026-04-16T22:50:23.727000","2026-04-16T22:50:24.112000","service_eb508f39-ce3d-4391-bb12-d4211c02ede9","false"
"deposit_authorized","69e16397aef418d4fb9eae71","Dépôt 20% autorisé (requires_capture) — event 69e16397aef418d4fb9eae71 — 20.00$ CAD [Cr escrow_liability]","escrow_liability","69e164304e01bf082f0fa019","2000","","","","2026-04-16T22:35:28.644Z","pi_3TMyVBEDnfppNFcx1zGkMXph","CAD","69b48a2b7d5c0db589c6bb1c","credit","69e1643182d7e15d0482db92","2026-04-16T22:35:29.048000","2026-04-16T22:35:29.048000","service_eb508f39-ce3d-4391-bb12-d4211c02ede9","false"
"deposit_authorized","69e16397aef418d4fb9eae71","Dépôt 20% autorisé (requires_capture) — event 69e16397aef418d4fb9eae71 — 20.00$ CAD [Dr stripe_clearing]","stripe_clearing","69e1643182d7e15d0482db92","2000","","","","2026-04-16T22:35:28.644Z","pi_3TMyVBEDnfppNFcx1zGkMXph","CAD","69b48a2b7d5c0db589c6bb1c","debit","69e164304e01bf082f0fa019","2026-04-16T22:35:28.815000","2026-04-16T22:35:29.307000","service_eb508f39-ce3d-4391-bb12-d4211c02ede9","false"
"escrow_released","69e15e5ee45e1d7cc92f8722","Escrow libéré — event 69e15e5ee45e1d7cc92f8722 — 212.00$ CAD [Cr stripe_balance]","stripe_balance","69e1631496c58772d137de3a","21200","","","","2026-04-16T22:30:44.295Z","pi_3TMyPhEDnfppNFcx1rUvp5Z7","CAD","","credit","69e16314d8ed6fbbe81cec0e","2026-04-16T22:30:44.646000","2026-04-16T22:30:44.646000","service_eb508f39-ce3d-4391-bb12-d4211c02ede9","false"
"escrow_released","69e15e5ee45e1d7cc92f8722","Escrow libéré — event 69e15e5ee45e1d7cc92f8722 — 212.00$ CAD [Dr escrow_liability]","escrow_liability","69e16314d8ed6fbbe81cec0e","21200","","","","2026-04-16T22:30:44.295Z","pi_3TMyPhEDnfppNFcx1rUvp5Z7","CAD","","debit","69e1631496c58772d137de3a","2026-04-16T22:30:44.448000","2026-04-16T22:30:44.843000","service_eb508f39-ce3d-4391-bb12-d4211c02ede9","false"
"deposit_captured","69e15e5ee45e1d7cc92f8722","Dépôt capturé — event 69e15e5ee45e1d7cc92f8722 — 212.00$ CAD [Cr stripe_clearing]","stripe_clearing","69e163139a8a9adc48b4bef8","21200","","","","2026-04-16T22:30:43.401Z","pi_3TMyPhEDnfppNFcx1rUvp5Z7","CAD","","credit","69e16313bb14528477e359f2","2026-04-16T22:30:43.801000","2026-04-16T22:30:43.801000","service_eb508f39-ce3d-4391-bb12-d4211c02ede9","false"
"deposit_captured","69e15e5ee45e1d7cc92f8722","Dépôt capturé — event 69e15e5ee45e1d7cc92f8722 — 212.00$ CAD [Dr stripe_balance]","stripe_balance","69e16313bb14528477e359f2","21200","","","","2026-04-16T22:30:43.401Z","pi_3TMyPhEDnfppNFcx1rUvp5Z7","CAD","","debit","69e163139a8a9adc48b4bef8","2026-04-16T22:30:43.583000","2026-04-16T22:30:44.004000","service_eb508f39-ce3d-4391-bb12-d4211c02ede9","false"
"balance_received","69e15e5ee45e1d7cc92f8722","Balance 80% reçue — event 69e15e5ee45e1d7cc92f8722 — 848.00$ CAD [Cr balance_liability]","balance_liability","69e163073a8ec1ec6f32a711","84800","","","","2026-04-16T22:30:31.232Z","pi_3TMyQOEDnfppNFcx1r6GvcS1","CAD","69b48a2b7d5c0db589c6bb1c","credit","69e163078123e3bf0b1b4c0e","2026-04-16T22:30:31.575000","2026-04-16T22:30:31.575000","service_eb508f39-ce3d-4391-bb12-d4211c02ede9","false"
"balance_received","69e15e5ee45e1d7cc92f8722","Balance 80% reçue — event 69e15e5ee45e1d7cc92f8722 — 848.00$ CAD [Dr stripe_balance]","stripe_balance","69e163078123e3bf0b1b4c0e","84800","","","","2026-04-16T22:30:31.232Z","pi_3TMyQOEDnfppNFcx1r6GvcS1","CAD","69b48a2b7d5c0db589c6bb1c","debit","69e163073a8ec1ec6f32a711","2026-04-16T22:30:31.389000","2026-04-16T22:30:31.752000","service_eb508f39-ce3d-4391-bb12-d4211c02ede9","false"
"deposit_authorized","69e15e5ee45e1d7cc92f8722","Dépôt 20% autorisé (requires_capture) — event 69e15e5ee45e1d7cc92f8722 — 212.00$ CAD [Cr escrow_liability]","escrow_liability","69e162dc27f5b49283c52346","21200","","","","2026-04-16T22:29:48.624Z","pi_3TMyPhEDnfppNFcx1rUvp5Z7","CAD","69b48a2b7d5c0db589c6bb1c","credit","69e162dd2699855b15f32f26","2026-04-16T22:29:49.046000","2026-04-16T22:29:49.046000","service_eb508f39-ce3d-4391-bb12-d4211c02ede9","false"
"deposit_authorized","69e15e5ee45e1d7cc92f8722","Dépôt 20% autorisé (requires_capture) — event 69e15e5ee45e1d7cc92f8722 — 212.00$ CAD [Dr stripe_clearing]","stripe_clearing","69e162dd2699855b15f32f26","21200","","","","2026-04-16T22:29:48.624Z","pi_3TMyPhEDnfppNFcx1rUvp5Z7","CAD","69b48a2b7d5c0db589c6bb1c","debit","69e162dc27f5b49283c52346","2026-04-16T22:29:48.762000","2026-04-16T22:29:49.251000","service_eb508f39-ce3d-4391-bb12-d4211c02ede9","false"
"","69d8099e38661c6c0e5f15d6","","","","","69de474dda165615b3684ae2","","","","","","","","69de474de0a5435ceed9f498","2026-04-14T13:55:25.732000","2026-04-14T13:55:25.732000","service_eb508f39-ce3d-4391-bb12-d4211c02ede9","false"
"","69d8099e38661c6c0e5f15d6","","","","","69de474c72c198123560ac61","","698c747aee05acfdd23ea578","","","","","","69de474da4aeded7851c1fc0","2026-04-14T13:55:25.206000","2026-04-14T13:55:25.206000","service_eb508f39-ce3d-4391-bb12-d4211c02ede9","false"