calculationType,eventId,note,amount_cents,payoutId,roleType,recipientUserId,stripeTransferId,createdAt,basis_amount_cents,paidAt,currency,effectiveCommissionRate,status,updatedAt,id,created_date,updated_date,created_by_id,is_sample
"contract_amount","69e97d4b55f24e6ae443e816","Talent présent — 60$ - fee 13.20% = 52.08$ [lineup: lineup_placement, commission: snapshot]","5208","69e97e84fc11c5201a82e188","talent_payout","699c655e40e8dc98eacda675","tr_1TPliqEDnfppNFcxUVvX5NxD","2026-04-24 13:00:50.204+00","6000","2026-04-24 15:32:20.209+00","CAD","0.132","paid","2026-04-24 15:32:20.209+00","69f1f7cb8b6f84386ebd51b6","2026-04-29T12:21:31.010000","2026-04-29T12:21:31.010000","698c747aee05acfdd23ea578","false"
"contract_amount","69e97d4b55f24e6ae443e816","Talent présent — 80$ - fee 5.00% = 76$ [lineup: lineup_placement, commission: snapshot]","7600","69e97e84fc11c5201a82e188","talent_payout","698c747aee05acfdd23ea578","tr_1TPlivEDnfppNFcxPXz2D8NP","2026-04-24 13:00:50.204+00","8000","2026-04-24 15:32:20.209+00","CAD","0.05","paid","2026-04-24 15:32:20.209+00","69f1f7cb8b6f84386ebd51b7","2026-04-29T12:21:31.010000","2026-04-29T12:21:31.010000","698c747aee05acfdd23ea578","false"
"percentage_of_platform_fee","69e79b7937a994e48dee53ca","Commission vendeur tier C — 5% × 4.07$ MR = 0.2$","20","69e980dd4173960449583656","seller_commission","69b48a2b7d5c0db589c6bb1c","","2026-04-24 13:00:45.134+00","407","","CAD","0.05","pending","2026-04-24 13:00:45.134+00","69f1f7cb8b6f84386ebd51b8","2026-04-29T12:21:31.010000","2026-04-29T12:21:31.010000","698c747aee05acfdd23ea578","false"
"percentage_post","69e79b7937a994e48dee53ca","Courtage snapshot T1 figé=5.70% = 1.43$","143","69e980dd4173960449583656","platform_fee","","","2026-04-24 13:00:45.134+00","143","2026-04-24 15:32:20.209+00","CAD","","paid","2026-04-24 15:32:20.209+00","69f1f7cb8b6f84386ebd51b9","2026-04-29T12:21:31.010000","2026-04-29T12:21:31.010000","698c747aee05acfdd23ea578","false"
"percentage_post","69e79b7937a994e48dee53ca","Courtage snapshot T1 figé=13.20% = 2.64$","264","69e980dd4173960449583656","platform_fee","","","2026-04-24 13:00:45.134+00","264","","CAD","","pending","2026-04-24 13:00:45.134+00","69f1f7cb8b6f84386ebd51ba","2026-04-29T12:21:31.010000","2026-04-29T12:21:31.010000","698c747aee05acfdd23ea578","false"
"contract_amount","69e79b7937a994e48dee53ca","Talent présent — 25$ - fee 5.70% = 23.57$ [lineup: lineup_placement, commission: snapshot]","2357","69e980dd4173960449583656","talent_payout","69cd302266f2193a99122757","tr_1TPlizEDnfppNFcxwZ4PmCqi","2026-04-24 13:00:45.134+00","2500","2026-04-24 15:32:20.209+00","CAD","0.057","paid","2026-04-24 15:32:20.209+00","69f1f7cb8b6f84386ebd51bb","2026-04-29T12:21:31.010000","2026-04-29T12:21:31.010000","698c747aee05acfdd23ea578","false"
"contract_amount","69e79b7937a994e48dee53ca","Talent présent — 20$ - fee 13.20% = 17.36$ [lineup: lineup_placement, commission: snapshot]","1736","69e980dd4173960449583656","talent_payout","699c655e40e8dc98eacda675","tr_1TPlj4EDnfppNFcxPHF7P2mi","2026-04-24 13:00:45.134+00","2000","2026-04-24 15:32:20.209+00","CAD","0.132","paid","2026-04-24 15:32:20.209+00","69f1f7cb8b6f84386ebd51bc","2026-04-29T12:21:31.010000","2026-04-29T12:21:31.010000","698c747aee05acfdd23ea578","false"
"percentage_of_platform_fee","69e9827931502e7066e9d642","Commission vendeur tier C (défaut) — 5% × 9$ MR = 0.45$","45","69e9f3648948b41d17326450","seller_commission","69b48a2b7d5c0db589c6bb1c","","2026-04-24 13:00:40.416+00","900","","CAD","0.05","pending","2026-04-24 13:00:40.416+00","69f1f7cb8b6f84386ebd51bd","2026-04-29T12:21:31.010000","2026-04-29T12:21:31.010000","698c747aee05acfdd23ea578","false"
"percentage_post","69e9827931502e7066e9d642","Courtage snapshot T1 figé=5.00% = 9$","900","69e9f3648948b41d17326450","platform_fee","","","2026-04-24 13:00:40.416+00","900","2026-04-24 15:32:20.209+00","CAD","","paid","2026-04-24 15:32:20.209+00","69f1f7cb8b6f84386ebd51be","2026-04-29T12:21:31.010000","2026-04-29T12:21:31.010000","698c747aee05acfdd23ea578","false"
"contract_amount","69e9827931502e7066e9d642","Talent présent — 180$ - fee 5.00% = 171$ [lineup: lineup_placement, commission: snapshot]","17100","69e9f3648948b41d17326450","talent_payout","698c747aee05acfdd23ea578","tr_1TPlj9EDnfppNFcxwwat0LWk","2026-04-24 13:00:40.416+00","18000","2026-04-24 15:32:20.209+00","CAD","0.05","paid","2026-04-24 15:32:20.209+00","69f1f7cb8b6f84386ebd51bf","2026-04-29T12:21:31.010000","2026-04-29T12:21:31.010000","698c747aee05acfdd23ea578","false"
"percentage_post","69e9f68a8934e1f22b3ef8c3","Courtage snapshot T1 figé=3.33% = 1.67$","167","69e9f96ef36723f40068e52e","platform_fee","","","2026-04-24 13:00:35.19+00","167","2026-04-24 15:32:20.209+00","CAD","","paid","2026-04-24 15:32:20.209+00","69f1f7cb8b6f84386ebd51c0","2026-04-29T12:21:31.010000","2026-04-29T12:21:31.010000","698c747aee05acfdd23ea578","false"
"percentage_post","69e9f68a8934e1f22b3ef8c3","Courtage snapshot T1 figé=5.00% = 9$","900","69e9f96ef36723f40068e52e","platform_fee","","","2026-04-24 13:00:35.19+00","900","","CAD","","pending","2026-04-24 13:00:35.19+00","69f1f7cb8b6f84386ebd51c1","2026-04-29T12:21:31.010000","2026-04-29T12:21:31.010000","698c747aee05acfdd23ea578","false"
"contract_amount","69e9f68a8934e1f22b3ef8c3","Talent présent — 50$ - fee 3.33% = 48.33$ [lineup: lineup_placement, commission: snapshot]","4833","69e9f96ef36723f40068e52e","talent_payout","69b48a2b7d5c0db589c6bb1c","tr_1TPljEEDnfppNFcxpZtKK3OI","2026-04-24 13:00:35.19+00","5000","2026-04-24 15:32:20.209+00","CAD","0.0333","paid","2026-04-24 15:32:20.209+00","69f1f7cb8b6f84386ebd51c2","2026-04-29T12:21:31.010000","2026-04-29T12:21:31.010000","698c747aee05acfdd23ea578","false"
"contract_amount","69e9f68a8934e1f22b3ef8c3","Talent présent — 180$ - fee 5.00% = 171$ [lineup: lineup_placement, commission: snapshot]","17100","69e9f96ef36723f40068e52e","talent_payout","698c747aee05acfdd23ea578","tr_1TPljIEDnfppNFcx6oP7kQve","2026-04-24 13:00:35.19+00","18000","2026-04-24 15:32:20.209+00","CAD","0.05","paid","2026-04-24 15:32:20.209+00","69f1f7cb8b6f84386ebd51c3","2026-04-29T12:21:31.010000","2026-04-29T12:21:31.010000","698c747aee05acfdd23ea578","false"
"percentage_post","69ea2acd3025a2080e9ba3f1","Courtage snapshot T1 figé=5.70% = 4.1$","410","69ea36841bbad98e954b1c29","platform_fee","","","2026-04-23 15:16:26.126+00","410","2026-04-23 22:46:29.365+00","CAD","","paid","2026-04-23 22:46:29.365+00","69f1f7cb8b6f84386ebd51c4","2026-04-29T12:21:31.010000","2026-04-29T12:21:31.010000","698c747aee05acfdd23ea578","false"
"percentage_post","69ea2acd3025a2080e9ba3f1","Courtage snapshot T1 figé=3.33% = 0.83$","83","69ea36841bbad98e954b1c29","platform_fee","","","2026-04-23 15:16:26.126+00","83","","CAD","","pending","2026-04-23 15:16:26.126+00","69f1f7cb8b6f84386ebd51c5","2026-04-29T12:21:31.010000","2026-04-29T12:21:31.010000","698c747aee05acfdd23ea578","false"
"contract_amount","69ea2acd3025a2080e9ba3f1","Talent présent — 72$ - fee 5.70% = 67.9$ [lineup: lineup_placement, commission: snapshot]","6790","69ea36841bbad98e954b1c29","talent_payout","69cd302266f2193a99122757","tr_1TPW11EDnfppNFcx0oRK13jM","2026-04-23 15:16:26.126+00","7200","2026-04-23 22:46:29.365+00","CAD","0.057","paid","2026-04-23 22:46:29.365+00","69f1f7cb8b6f84386ebd51c6","2026-04-29T12:21:31.010000","2026-04-29T12:21:31.010000","698c747aee05acfdd23ea578","false"
"contract_amount","69ea2acd3025a2080e9ba3f1","Talent présent — 25$ - fee 3.33% = 24.17$ [lineup: lineup_placement, commission: snapshot]","2417","69ea36841bbad98e954b1c29","talent_payout","69b48a2b7d5c0db589c6bb1c","tr_1TPVwYEDnfppNFcxiY67sUgs","2026-04-23 15:16:26.126+00","2500","2026-04-23 22:41:49.45+00","CAD","0.0333","paid","2026-04-23 22:41:49.45+00","69f1f7cb8b6f84386ebd51c7","2026-04-29T12:21:31.010000","2026-04-29T12:21:31.010000","698c747aee05acfdd23ea578","false"
"percentage_post","69e7695b2859dda1a128a083","Courtage snapshot T1 figé=5.00% = 15$","1500","69e776c64291c03434ee41f8","platform_fee","","","2026-04-23 13:00:47.833+00","1500","2026-04-23 22:41:49.45+00","CAD","","paid","2026-04-23 22:41:49.45+00","69f1f7cb8b6f84386ebd51c8","2026-04-29T12:21:31.010000","2026-04-29T12:21:31.010000","698c747aee05acfdd23ea578","false"
"contract_amount","69e7695b2859dda1a128a083","Talent présent — 300$ - fee 5.00% = 285$ [lineup: lineup_placement, commission: snapshot]","28500","69e776c64291c03434ee41f8","talent_payout","698c747aee05acfdd23ea578","tr_1TPVwcEDnfppNFcxDsdvhrNm","2026-04-23 13:00:47.833+00","30000","2026-04-23 22:41:49.45+00","CAD","0.05","paid","2026-04-23 22:41:49.45+00","69f1f7cb8b6f84386ebd51c9","2026-04-29T12:21:31.010000","2026-04-29T12:21:31.010000","698c747aee05acfdd23ea578","false"
"percentage_post","69e76b9ff5bd785d483c6526","Courtage snapshot T1 figé=9.00% = 9$","900","69e781fe5c4ed26d3447228e","platform_fee","","","2026-04-23 13:00:44.59+00","900","2026-04-23 22:41:49.45+00","CAD","","paid","2026-04-23 22:41:49.45+00","69f1f7cb8b6f84386ebd51ca","2026-04-29T12:21:31.010000","2026-04-29T12:21:31.010000","698c747aee05acfdd23ea578","false"
"contract_amount","69e76b9ff5bd785d483c6526","Talent présent — 100$ - fee 9.00% = 91$ [lineup: lineup_placement, commission: snapshot]","9100","69e781fe5c4ed26d3447228e","talent_payout","698dbd987dbcc355eec0ff7c","tr_1TPVwfEDnfppNFcxyWAsiCt3","2026-04-23 13:00:44.59+00","10000","2026-04-23 22:41:49.45+00","CAD","0.09","paid","2026-04-23 22:41:49.45+00","69f1f7cb8b6f84386ebd51cb","2026-04-29T12:21:31.010000","2026-04-29T12:21:31.010000","698c747aee05acfdd23ea578","false"
"percentage_post","69e7a0eecfae6cce66c80590","Courtage snapshot T1 figé=13.80% = 13.8$","1380","69e7afde18397b0fa432c495","platform_fee","","","2026-04-23 13:00:40.898+00","1380","2026-04-23 22:46:29.365+00","CAD","","paid","2026-04-23 22:46:29.365+00","69f1f7cb8b6f84386ebd51cc","2026-04-29T12:21:31.010000","2026-04-29T12:21:31.010000","698c747aee05acfdd23ea578","false"
"percentage_post","69e7a0eecfae6cce66c80590","Courtage snapshot T1 figé=5.70% = 9.98$","998","69e7afde18397b0fa432c495","platform_fee","","","2026-04-23 13:00:40.898+00","998","","CAD","","pending","2026-04-23 13:00:40.898+00","69f1f7cb8b6f84386ebd51cd","2026-04-29T12:21:31.010000","2026-04-29T12:21:31.010000","698c747aee05acfdd23ea578","false"
"contract_amount","69e7a0eecfae6cce66c80590","Talent présent — 100$ - fee 13.80% = 86.2$ [lineup: lineup_placement, commission: snapshot]","8620","69e7afde18397b0fa432c495","talent_payout","699c655e40e8dc98eacda675","tr_1TPVwjEDnfppNFcxcf9SUhzQ","2026-04-23 13:00:40.898+00","10000","2026-04-23 22:41:49.45+00","CAD","0.138","paid","2026-04-23 22:41:49.45+00","69f1f7cb8b6f84386ebd51ce","2026-04-29T12:21:31.010000","2026-04-29T12:21:31.010000","698c747aee05acfdd23ea578","false"
"contract_amount","69e7a0eecfae6cce66c80590","Talent présent — 175$ - fee 5.70% = 165.02$ [lineup: lineup_placement, commission: snapshot]","16502","69e7afde18397b0fa432c495","talent_payout","69cd302266f2193a99122757","tr_1TPW15EDnfppNFcxABmy9maV","2026-04-23 13:00:40.898+00","17500","2026-04-23 22:46:29.365+00","CAD","0.057","paid","2026-04-23 22:46:29.365+00","69f1f7cb8b6f84386ebd51cf","2026-04-29T12:21:31.010000","2026-04-29T12:21:31.010000","698c747aee05acfdd23ea578","false"
"percentage_post","69e8b316fbc30cb9a462eec4","Courtage snapshot T1 figé=13.80% = 4.14$","414","69e8bdf9967fd8b3872e2f76","platform_fee","","","2026-04-23 13:00:34.976+00","414","2026-04-23 22:41:49.45+00","CAD","","paid","2026-04-23 22:41:49.45+00","69f1f7cb8b6f84386ebd51d0","2026-04-29T12:21:31.010000","2026-04-29T12:21:31.010000","698c747aee05acfdd23ea578","false"
"percentage_post","69e8b316fbc30cb9a462eec4","Courtage snapshot T1 figé=11.40% = 3.42$","342","69e8bdf9967fd8b3872e2f76","platform_fee","","","2026-04-23 13:00:34.976+00","342","","CAD","","pending","2026-04-23 13:00:34.976+00","69f1f7cb8b6f84386ebd51d1","2026-04-29T12:21:31.010000","2026-04-29T12:21:31.010000","698c747aee05acfdd23ea578","false"
"percentage_post","69e8b316fbc30cb9a462eec4","Courtage snapshot T1 figé=12.00% = 13.8$","1380","69e8bdf9967fd8b3872e2f76","platform_fee","","","2026-04-23 13:00:34.976+00","1380","","CAD","","pending","2026-04-23 13:00:34.976+00","69f1f7cb8b6f84386ebd51d2","2026-04-29T12:21:31.010000","2026-04-29T12:21:31.010000","698c747aee05acfdd23ea578","false"
"contract_amount","69e8b316fbc30cb9a462eec4","Talent présent — 30$ - fee 13.80% = 25.86$ [lineup: lineup_placement, commission: snapshot]","2586","69e8bdf9967fd8b3872e2f76","talent_payout","699c655e40e8dc98eacda675","tr_1TPVwnEDnfppNFcxr6OReKkf","2026-04-23 13:00:34.976+00","3000","2026-04-23 22:41:49.45+00","CAD","0.138","paid","2026-04-23 22:41:49.45+00","69f1f7cb8b6f84386ebd51d3","2026-04-29T12:21:31.010000","2026-04-29T12:21:31.010000","698c747aee05acfdd23ea578","false"
"contract_amount","69e8b316fbc30cb9a462eec4","Talent présent — 30$ - fee 11.40% = 26.58$ [lineup: lineup_placement, commission: snapshot]","2658","69e8bdf9967fd8b3872e2f76","talent_payout","698dd1b2193c860027a3457a","tr_1TPVwrEDnfppNFcxj2IPGCHu","2026-04-23 13:00:34.976+00","3000","2026-04-23 22:41:49.45+00","CAD","0.114","paid","2026-04-23 22:41:49.45+00","69f1f7cb8b6f84386ebd51d4","2026-04-29T12:21:31.010000","2026-04-29T12:21:31.010000","698c747aee05acfdd23ea578","false"
"contract_amount","69e8b316fbc30cb9a462eec4","Talent présent — 115$ - fee 12.00% = 101.2$ [lineup: lineup_placement, commission: snapshot]","10120","69e8bdf9967fd8b3872e2f76","talent_payout","698d204286a5af9808991620","tr_1TPVwvEDnfppNFcxlrVxvRie","2026-04-23 13:00:34.976+00","11500","2026-04-23 22:41:49.45+00","CAD","0.12","paid","2026-04-23 22:41:49.45+00","69f1f7cb8b6f84386ebd51d5","2026-04-29T12:21:31.010000","2026-04-29T12:21:31.010000","698c747aee05acfdd23ea578","false"
"percentage_post","69e5454b680fefef316a8882","Courtage annulation 5% sur part c0ff7c (53.05$)","265","69e7cb8489e1453a5cbf2ed3","platform_fee","","","2026-04-21 19:09:57.12+00","5305","2026-04-23 22:41:49.45+00","CAD","","paid","2026-04-23 22:41:49.45+00","69f1f7cb8b6f84386ebd51d6","2026-04-29T12:21:31.010000","2026-04-29T12:21:31.010000","698c747aee05acfdd23ea578","false"
"percentage_post","69e5454b680fefef316a8882","Courtage annulation 5% sur part 122757 (30.95$)","155","69e7cb8489e1453a5cbf2ed3","platform_fee","","","2026-04-21 19:09:57.12+00","3095","2026-04-23 22:46:29.365+00","CAD","","paid","2026-04-23 22:46:29.365+00","69f1f7cb8b6f84386ebd51d7","2026-04-29T12:21:31.010000","2026-04-29T12:21:31.010000","698c747aee05acfdd23ea578","false"
"proportional_deposit","69e5454b680fefef316a8882","Part dépôt annulation — contrat 300$ × 63.2% = 53.05$ - fee 5% = 50.4$","5040","69e7cb8489e1453a5cbf2ed3","talent_payout","698dbd987dbcc355eec0ff7c","tr_1TPVwyEDnfppNFcxemhoTa3g","2026-04-21 19:09:57.12+00","30000","2026-04-23 22:41:49.45+00","CAD","0.05","paid","2026-04-23 22:41:49.45+00","69f1f7cb8b6f84386ebd51d8","2026-04-29T12:21:31.010000","2026-04-29T12:21:31.010000","698c747aee05acfdd23ea578","false"
"proportional_deposit","69e5454b680fefef316a8882","Part dépôt annulation — contrat 175$ × 36.8% = 30.95$ - fee 5% = 29.4$","2940","69e7cb8489e1453a5cbf2ed3","talent_payout","69cd302266f2193a99122757","tr_1TPW19EDnfppNFcxlTJtQVZ2","2026-04-21 19:09:57.12+00","17500","2026-04-23 22:46:29.365+00","CAD","0.05","paid","2026-04-23 22:46:29.365+00","69f1f7cb8b6f84386ebd51d9","2026-04-29T12:21:31.010000","2026-04-29T12:21:31.010000","698c747aee05acfdd23ea578","false"
"percentage_post","69e5948cd7d5ebd74dd54e82","Courtage snapshot T1 figé=6.00% = 6$","600","69e5a56fd88264415d2ddadb","platform_fee","","","2026-04-20 14:15:50.47+00","600","2026-04-20 15:07:20.354+00","CAD","","paid","2026-04-20 15:07:20.354+00","69f1f7cb8b6f84386ebd51da","2026-04-29T12:21:31.010000","2026-04-29T12:21:31.010000","698c747aee05acfdd23ea578","false"
"percentage_post","69e5948cd7d5ebd74dd54e82","Courtage snapshot T1 figé=13.20% = 13.2$","1320","69e5a56fd88264415d2ddadb","platform_fee","","","2026-04-20 14:15:50.47+00","1320","","CAD","","pending","2026-04-20 14:15:50.47+00","69f1f7cb8b6f84386ebd51db","2026-04-29T12:21:31.010000","2026-04-29T12:21:31.010000","698c747aee05acfdd23ea578","false"
"percentage_post","69e5948cd7d5ebd74dd54e82","Courtage snapshot T1 figé=3.33% = 16.65$","1665","69e5a56fd88264415d2ddadb","platform_fee","","","2026-04-20 14:15:50.47+00","1665","","CAD","","pending","2026-04-20 14:15:50.47+00","69f1f7cb8b6f84386ebd51dc","2026-04-29T12:21:31.010000","2026-04-29T12:21:31.010000","698c747aee05acfdd23ea578","false"
"contract_amount","69e5948cd7d5ebd74dd54e82","Talent présent — 100$ - fee 6.00% = 94$ [lineup: lineup_placement, commission: snapshot]","9400","69e5a56fd88264415d2ddadb","talent_payout","69cd302266f2193a99122757","tr_1TOJQ5EDnfppNFcxysdJO3Ot","2026-04-20 14:15:50.47+00","10000","2026-04-20 15:07:20.354+00","CAD","0.06","paid","2026-04-20 15:07:20.354+00","69f1f7cb8b6f84386ebd51dd","2026-04-29T12:21:31.010000","2026-04-29T12:21:31.010000","698c747aee05acfdd23ea578","false"
"contract_amount","69e5948cd7d5ebd74dd54e82","Talent présent — 100$ - fee 13.20% = 86.8$ [lineup: lineup_placement, commission: snapshot]","8680","69e5a56fd88264415d2ddadb","talent_payout","699c655e40e8dc98eacda675","tr_1TOJQ9EDnfppNFcxvoLkofeX","2026-04-20 14:15:50.47+00","10000","2026-04-20 15:07:20.354+00","CAD","0.132","paid","2026-04-20 15:07:20.354+00","69f1f7cb8b6f84386ebd51de","2026-04-29T12:21:31.010000","2026-04-29T12:21:31.010000","698c747aee05acfdd23ea578","false"
"contract_amount","69e5948cd7d5ebd74dd54e82","Talent présent — 500$ - fee 3.33% = 483.35$ [lineup: lineup_placement, commission: snapshot]","48335","69e5a56fd88264415d2ddadb","talent_payout","69b48a2b7d5c0db589c6bb1c","tr_1TOJQCEDnfppNFcx1u8fFYKt","2026-04-20 14:15:50.47+00","50000","2026-04-20 15:07:20.354+00","CAD","0.0333","paid","2026-04-20 15:07:20.354+00","69f1f7cb8b6f84386ebd51df","2026-04-29T12:21:31.010000","2026-04-29T12:21:31.010000","698c747aee05acfdd23ea578","false"
"percentage_post","69e607df1a35938e445b9b2c","Courtage snapshot T1 figé=11.40% = 22.8$","2280","69e613db8dac0176e8694069","platform_fee","","","2026-04-20 14:15:41.069+00","2280","2026-04-23 22:41:49.45+00","CAD","","paid","2026-04-23 22:41:49.45+00","69f1f7cb8b6f84386ebd51e0","2026-04-29T12:21:31.010000","2026-04-29T12:21:31.010000","698c747aee05acfdd23ea578","false"
"percentage_post","69e607df1a35938e445b9b2c","Courtage snapshot T1 figé=9.00% = 11.7$","1170","69e613db8dac0176e8694069","platform_fee","","","2026-04-20 14:15:41.069+00","1170","","CAD","","pending","2026-04-20 14:15:41.069+00","69f1f7cb8b6f84386ebd51e1","2026-04-29T12:21:31.010000","2026-04-29T12:21:31.010000","698c747aee05acfdd23ea578","false"
"percentage_post","69e607df1a35938e445b9b2c","Courtage snapshot T1 figé=8.55% = 18.81$","1881","69e613db8dac0176e8694069","platform_fee","","","2026-04-20 14:15:41.069+00","1881","","CAD","","pending","2026-04-20 14:15:41.069+00","69f1f7cb8b6f84386ebd51e2","2026-04-29T12:21:31.010000","2026-04-29T12:21:31.010000","698c747aee05acfdd23ea578","false"
"percentage_post","69e607df1a35938e445b9b2c","Courtage snapshot T1 figé=12.00% = 18$","1800","69e613db8dac0176e8694069","platform_fee","","","2026-04-20 14:15:41.069+00","1800","","CAD","","pending","2026-04-20 14:15:41.069+00","69f1f7cb8b6f84386ebd51e3","2026-04-29T12:21:31.010000","2026-04-29T12:21:31.010000","698c747aee05acfdd23ea578","false"
"contract_amount","69e607df1a35938e445b9b2c","Talent présent — 200$ - fee 11.40% = 177.2$ [lineup: lineup_placement, commission: snapshot]","17720","69e613db8dac0176e8694069","talent_payout","698dd1b2193c860027a3457a","tr_1TOJQGEDnfppNFcxDz2RVsHu","2026-04-20 14:15:41.069+00","20000","2026-04-20 15:07:20.354+00","CAD","0.114","paid","2026-04-20 15:07:20.354+00","69f1f7cb8b6f84386ebd51e4","2026-04-29T12:21:31.010000","2026-04-29T12:21:31.010000","698c747aee05acfdd23ea578","false"
"contract_amount","69e607df1a35938e445b9b2c","Talent présent — 130$ - fee 9.00% = 118.3$ [lineup: lineup_placement, commission: snapshot]","11830","69e613db8dac0176e8694069","talent_payout","698dc6f781b400b640a229f6","tr_1TOJQOEDnfppNFcxpbweypJm","2026-04-20 14:15:41.069+00","13000","2026-04-20 15:07:20.354+00","CAD","0.09","paid","2026-04-20 15:07:20.354+00","69f1f7cb8b6f84386ebd51e5","2026-04-29T12:21:31.010000","2026-04-29T12:21:31.010000","698c747aee05acfdd23ea578","false"
"contract_amount","69e607df1a35938e445b9b2c","Talent présent — 220$ - fee 8.55% = 201.19$ [lineup: lineup_placement, commission: snapshot]","20119","69e613db8dac0176e8694069","talent_payout","698dbd987dbcc355eec0ff7c","tr_1TPVx2EDnfppNFcxg3nI3hCM","2026-04-20 14:15:41.069+00","22000","2026-04-23 22:41:49.45+00","CAD","0.0855","paid","2026-04-23 22:41:49.45+00","69f1f7cb8b6f84386ebd51e6","2026-04-29T12:21:31.010000","2026-04-29T12:21:31.010000","698c747aee05acfdd23ea578","false"
"contract_amount","69e607df1a35938e445b9b2c","Talent présent — 150$ - fee 12.00% = 132$ [lineup: lineup_placement, commission: snapshot]","13200","69e613db8dac0176e8694069","talent_payout","698d204286a5af9808991620","tr_1TOJQTEDnfppNFcxooMl0QQD","2026-04-20 14:15:41.069+00","15000","2026-04-20 15:07:20.354+00","CAD","0.12","paid","2026-04-20 15:07:20.354+00","69f1f7cb8b6f84386ebd51e7","2026-04-29T12:21:31.010000","2026-04-29T12:21:31.010000","698c747aee05acfdd23ea578","false"
"percentage_post","69e60a1a009afd50a6bb2800","Courtage snapshot T1 figé=5.70% = 2.85$","285","69e6142e7468c4120c33b07e","platform_fee","","","2026-04-20 14:15:29.198+00","285","2026-04-23 22:46:29.365+00","CAD","","paid","2026-04-23 22:46:29.365+00","69f1f7cb8b6f84386ebd51e8","2026-04-29T12:21:31.010000","2026-04-29T12:21:31.010000","698c747aee05acfdd23ea578","false"
"percentage_post","69d80cabe1336b871a5d61ac","Courtage MR-PLAN-E-2026-01 Tier E (5.0%) × SOTS 3.7 mod 1 = 5.00% = 5$","500","69d81566852e04c7ad1bdb74","platform_fee","","","2026-04-27 15:07:14.574+00","500","","CAD","","pending","2026-04-27 15:07:14.574+00","69f1f7cb8b6f84386ebd51e9","2026-04-29T12:21:31.010000","2026-04-29T12:21:31.010000","698c747aee05acfdd23ea578","false"
"contract_amount","69d80cabe1336b871a5d61ac","Talent présent — 100$ - fee 5.00% = 95$ [lineup: snapshot_fallback, commission: live]","9500","69d81566852e04c7ad1bdb74","talent_payout","698c747aee05acfdd23ea578","tr_1TRX8AEDnfppNFcxEPk6Y1Rz","2026-04-27 15:07:14.574+00","10000","2026-04-29T12:22:12.765Z","CAD","0.05","paid","2026-04-29T12:22:12.765Z","69f1f7cb8b6f84386ebd51ea","2026-04-29T12:21:31.010000","2026-04-29T12:22:19.592000","698c747aee05acfdd23ea578","false"
"percentage_post","69d81648bd82e7282106ec34","Courtage MR-PLAN-E-2026-01 Tier E (5.0%) × SOTS 3.7 mod 1 = 5.00% = 3.16$ [UNDERFUNDED: contrat 100$ → effectif 63.2$ (ratio 0.632)]","316","69d8188184ca00a4436c83f9","platform_fee","","","2026-04-27 15:07:08.136+00","10000","","CAD","","pending","2026-04-27 15:07:08.136+00","69f1f7cb8b6f84386ebd51eb","2026-04-29T12:21:31.010000","2026-04-29T12:21:31.010000","698c747aee05acfdd23ea578","false"
"contract_amount","69d81648bd82e7282106ec34","Talent présent — 63.2$ - fee 5.00% = 60.04$ [lineup: snapshot_fallback, commission: live] [UNDERFUNDED: contrat 100$ → effectif 63.2$ (ratio 0.632)]","6004","69d8188184ca00a4436c83f9","talent_payout","698c747aee05acfdd23ea578","tr_1TRX8DEDnfppNFcxdWmCRstX","2026-04-27 15:07:08.136+00","10000","2026-04-29T12:22:12.765Z","CAD","0.05","paid","2026-04-29T12:22:12.765Z","69f1f7cb8b6f84386ebd51ec","2026-04-29T12:21:31.010000","2026-04-29T12:22:22.201000","698c747aee05acfdd23ea578","false"
"percentage_post","69de2ba8d376f0e18d386d30","Courtage MR-PLAN-A-2024-01 Tier A (12.0%) × SOTS 3.8 mod 1 = 12.00% = 33.98$ [UNDERFUNDED: contrat 354$ → effectif 283.2$ (ratio 0.800)]","3398","69de2d6646b52ab007e5e2a7","platform_fee","","","2026-04-27 15:07:02.387+00","35400","","CAD","","pending","2026-04-27 15:07:02.387+00","69f1f7cb8b6f84386ebd51ed","2026-04-29T12:21:31.010000","2026-04-29T12:21:31.010000","698c747aee05acfdd23ea578","false"
"contract_amount","69de2ba8d376f0e18d386d30","Talent présent — 283.2$ - fee 12.00% = 249.22$ [lineup: snapshot_fallback, commission: live] [UNDERFUNDED: contrat 354$ → effectif 283.2$ (ratio 0.800)]","24922","69de2d6646b52ab007e5e2a7","talent_payout","698dd1b2193c860027a3457a","","2026-04-27 15:07:02.387+00","35400","","CAD","0.12","pending","2026-04-27 15:07:02.387+00","69f1f7cb8b6f84386ebd51ee","2026-04-29T12:21:31.010000","2026-04-29T12:21:31.010000","698c747aee05acfdd23ea578","false"
"percentage_post","69ea11a48f571b434985fe92","Courtage snapshot T1 figé=11.40% = 20.52$","2052","69ea1bf48467d0f8ece688cb","platform_fee","","","2026-04-27 15:06:48.77+00","2052","","CAD","","pending","2026-04-27 15:06:48.77+00","69f1f7cb8b6f84386ebd51ef","2026-04-29T12:21:31.010000","2026-04-29T12:21:31.010000","698c747aee05acfdd23ea578","false"
"contract_amount","69ea11a48f571b434985fe92","Talent présent — 180$ - fee 11.40% = 159.48$ [lineup: lineup_placement, commission: snapshot]","15948","69ea1bf48467d0f8ece688cb","talent_payout","698dd1b2193c860027a3457a","","2026-04-27 15:06:48.77+00","18000","","CAD","0.114","pending","2026-04-27 15:06:48.77+00","69f1f7cb8b6f84386ebd51f0","2026-04-29T12:21:31.010000","2026-04-29T12:21:31.010000","698c747aee05acfdd23ea578","false"
"percentage_post","69eb682b9430b4c08113234d","Courtage snapshot T1 figé=6.00% = 6$","600","69eb75c2c3adc9fba98552c9","platform_fee","","","2026-04-26 13:00:37.311+00","600","","CAD","","pending","2026-04-26 13:00:37.311+00","69f1f7cb8b6f84386ebd51f1","2026-04-29T12:21:31.010000","2026-04-29T12:21:31.010000","698c747aee05acfdd23ea578","false"
"contract_amount","69eb682b9430b4c08113234d","Talent présent — 100$ - fee 6.00% = 94$ [lineup: lineup_placement, commission: snapshot]","9400","69eb75c2c3adc9fba98552c9","talent_payout","69cd302266f2193a99122757","tr_1TRX8HEDnfppNFcxKHvTZWiV","2026-04-26 13:00:37.311+00","10000","2026-04-29T12:22:12.765Z","CAD","0.06","paid","2026-04-29T12:22:12.765Z","69f1f7cb8b6f84386ebd51f2","2026-04-29T12:21:31.010000","2026-04-29T12:22:26.860000","698c747aee05acfdd23ea578","false"
"refund","69eb682b9430b4c08113234d","No-show remboursé au payeur — talent 991620 contrat 200$ = 67.0% × salePrice 300$ = 201$","6210","69eb75c2c3adc9fba98552c9","talent_noshow_refund","","re_3TPjJ6EDnfppNFcx0WzB3xWD","2026-04-26 13:00:37.311+00","20000","2026-04-29T12:22:12.765Z","CAD","","paid","2026-04-29T12:22:12.765Z","69f1f7cb8b6f84386ebd51f3","2026-04-29T12:21:31.010000","2026-04-29T12:22:54.860000","698c747aee05acfdd23ea578","false"
"percentage_post","69eb6a82d3d017cfbd3e77bc","Courtage snapshot T1 figé=9.45% = 11.34$","1134","69eb772ca285e2d408e9cb17","platform_fee","","","2026-04-26 13:00:33.557+00","1134","","CAD","","pending","2026-04-26 13:00:33.557+00","69f1f7cb8b6f84386ebd51f4","2026-04-29T12:21:31.010000","2026-04-29T12:21:31.010000","698c747aee05acfdd23ea578","false"
"contract_amount","69eb6a82d3d017cfbd3e77bc","Talent présent — 120$ - fee 9.45% = 108.66$ [lineup: lineup_placement, commission: snapshot]","10866","69eb772ca285e2d408e9cb17","talent_payout","698dc6f781b400b640a229f6","","2026-04-26 13:00:33.557+00","12000","","CAD","0.0945","pending","2026-04-26 13:00:33.557+00","69f1f7cb8b6f84386ebd51f5","2026-04-29T12:21:31.010000","2026-04-29T12:21:31.010000","698c747aee05acfdd23ea578","false"
"refund","69eb6a82d3d017cfbd3e77bc","No-show remboursé au payeur — talent 991620 contrat 280$ = 70.0% × salePrice 400$ = 280$","948","69eb772ca285e2d408e9cb17","talent_noshow_refund","","re_3TPjSrEDnfppNFcx0bVJfiri","2026-04-26 13:00:33.557+00","28000","2026-04-29T12:22:12.765Z","CAD","","paid","2026-04-29T12:22:12.765Z","69f1f7cb8b6f84386ebd51f6","2026-04-29T12:21:31.010000","2026-04-29T12:22:57.404000","698c747aee05acfdd23ea578","false"
"refund","69ea7a3dba45aac7aea9dcb0","No-show remboursé au payeur — talent 991620 contrat 30$ = 13.0% × salePrice 230$ = 29.9$","2990","69ea7d25dbf33658dfb13ea0","talent_noshow_refund","","re_3TPTTaEDnfppNFcx1rSZSZrf","2026-04-25 13:00:46.939+00","3000","2026-04-29T12:22:12.765Z","CAD","","paid","2026-04-29T12:22:12.765Z","69f1f7cb8b6f84386ebd51f7","2026-04-29T12:21:31.010000","2026-04-29T12:23:00.033000","698c747aee05acfdd23ea578","false"
"refund","69ea7a3dba45aac7aea9dcb0","No-show remboursé au payeur — talent a3457a contrat 200$ = 87.0% × salePrice 230$ = 200.1$","9430","69ea7d25dbf33658dfb13ea0","talent_noshow_refund","","","2026-04-25 13:00:46.939+00","20000","","CAD","","pending","2026-04-25 13:00:46.939+00","69f1f7cb8b6f84386ebd51f8","2026-04-29T12:21:31.010000","2026-04-29T12:21:31.010000","698c747aee05acfdd23ea578","false"
"contract_amount","69e2a427fcddd91985cf7791","Talent présent — 50$ - fee 11.40% = 44.3$ [lineup: lineup_placement, commission: snapshot]","4430","69e2b74ef1b2205e19e63a1f","talent_payout","69b48a2b7d5c0db589c6bb1c","tr_1TPVxZEDnfppNFcxCuQxQK9a","2026-04-19 13:00:39.983+00","5000","2026-04-23 22:41:49.45+00","CAD","0.114","paid","2026-04-23 22:41:49.45+00","69f1f7cb8b6f84386ebd515d","2026-04-29T12:21:31.009000","2026-04-29T12:21:31.009000","698c747aee05acfdd23ea578","false"
"percentage_post","69e2d75ab661d22b7d4d43d6","Courtage snapshot T1 figé=11.40% = 34.2$","3420","69e2d90032d65ce63a2265b0","platform_fee","","","2026-04-19 13:00:33.8+00","3420","2026-04-23 22:41:49.45+00","CAD","","paid","2026-04-23 22:41:49.45+00","69f1f7cb8b6f84386ebd515e","2026-04-29T12:21:31.009000","2026-04-29T12:21:31.009000","698c747aee05acfdd23ea578","false"
"percentage_post","69e2d75ab661d22b7d4d43d6","Courtage snapshot T1 figé=11.40% = 11.4$","1140","69e2d90032d65ce63a2265b0","platform_fee","","","2026-04-19 13:00:33.8+00","1140","","CAD","","pending","2026-04-19 13:00:33.8+00","69f1f7cb8b6f84386ebd515f","2026-04-29T12:21:31.009000","2026-04-29T12:21:31.009000","698c747aee05acfdd23ea578","false"
"contract_amount","69e2d75ab661d22b7d4d43d6","Talent présent — 300$ - fee 11.40% = 265.8$ [lineup: lineup_placement, commission: snapshot]","26580","69e2d90032d65ce63a2265b0","talent_payout","698dd1b2193c860027a3457a","tr_1TPVxdEDnfppNFcxp8CmgiaB","2026-04-19 13:00:33.8+00","30000","2026-04-23 22:41:49.45+00","CAD","0.114","paid","2026-04-23 22:41:49.45+00","69f1f7cb8b6f84386ebd5160","2026-04-29T12:21:31.009000","2026-04-29T12:21:31.009000","698c747aee05acfdd23ea578","false"
"contract_amount","69e2d75ab661d22b7d4d43d6","Talent présent — 100$ - fee 11.40% = 88.6$ [lineup: lineup_placement, commission: snapshot]","8860","69e2d90032d65ce63a2265b0","talent_payout","698c747aee05acfdd23ea578","tr_1TNx2REDnfppNFcxa3jf7lT5","2026-04-19 13:00:33.8+00","10000","2026-04-19 15:13:15.524+00","CAD","0.114","paid","2026-04-19 15:13:15.524+00","69f1f7cb8b6f84386ebd5161","2026-04-29T12:21:31.009000","2026-04-29T12:21:31.009000","698c747aee05acfdd23ea578","false"
"percentage_post","69e39e169f2c1117a5e86121","Courtage snapshot T1 figé=11.40% = 11.4$","1140","69e3b7a0197ec916be5d23f1","platform_fee","","","2026-04-19 10:12:13.342+00","1140","2026-04-23 22:41:49.45+00","CAD","","paid","2026-04-23 22:41:49.45+00","69f1f7cb8b6f84386ebd5162","2026-04-29T12:21:31.009000","2026-04-29T12:21:31.009000","698c747aee05acfdd23ea578","false"
"percentage_post","69e39e169f2c1117a5e86121","Courtage snapshot T1 figé=11.40% = 22.8$","2280","69e3b7a0197ec916be5d23f1","platform_fee","","","2026-04-19 10:12:13.342+00","2280","","CAD","","pending","2026-04-19 10:12:13.342+00","69f1f7cb8b6f84386ebd5163","2026-04-29T12:21:31.009000","2026-04-29T12:21:31.009000","698c747aee05acfdd23ea578","false"
"contract_amount","69e39e169f2c1117a5e86121","Talent présent — 100$ - fee 11.40% = 88.6$ [lineup: lineup_placement, commission: snapshot]","8860","69e3b7a0197ec916be5d23f1","talent_payout","698d204286a5af9808991620","tr_1TNsT0EDnfppNFcx5t5K8BHE","2026-04-19 10:12:13.342+00","10000","2026-04-19 10:20:40.925+00","CAD","0.114","paid","2026-04-19 10:20:40.925+00","69f1f7cb8b6f84386ebd5164","2026-04-29T12:21:31.009000","2026-04-29T12:21:31.009000","698c747aee05acfdd23ea578","false"
"contract_amount","69e39e169f2c1117a5e86121","Talent présent — 200$ - fee 11.40% = 177.2$ [lineup: lineup_placement, commission: snapshot]","17720","69e3b7a0197ec916be5d23f1","talent_payout","698dbbf753d545317578c200","tr_1TPVxgEDnfppNFcx3W8uVPO8","2026-04-19 10:12:13.342+00","20000","2026-04-23 22:41:49.45+00","CAD","0.114","paid","2026-04-23 22:41:49.45+00","69f1f7cb8b6f84386ebd5165","2026-04-29T12:21:31.009000","2026-04-29T12:21:31.009000","698c747aee05acfdd23ea578","false"
"percentage_post","69e15e5ee45e1d7cc92f8722","Courtage snapshot T1 figé=12.00% = 24$","2400","69e1635cc75cd573bb0fcfad","platform_fee","","","2026-04-18 13:00:45.65+00","2400","2026-04-19 15:13:15.524+00","CAD","","paid","2026-04-19 15:13:15.524+00","69f1f7cb8b6f84386ebd5166","2026-04-29T12:21:31.009000","2026-04-29T12:21:31.009000","698c747aee05acfdd23ea578","false"
"percentage_post","69e15e5ee45e1d7cc92f8722","Courtage snapshot T1 figé=11.40% = 57$","5700","69e1635cc75cd573bb0fcfad","platform_fee","","","2026-04-18 13:00:45.65+00","5700","","CAD","","pending","2026-04-18 13:00:45.65+00","69f1f7cb8b6f84386ebd5167","2026-04-29T12:21:31.009000","2026-04-29T12:21:31.009000","698c747aee05acfdd23ea578","false"
"contract_amount","69e15e5ee45e1d7cc92f8722","Talent présent — 200$ - fee 12.00% = 176$ [lineup: lineup_placement, commission: snapshot]","17600","69e1635cc75cd573bb0fcfad","talent_payout","698c747aee05acfdd23ea578","tr_1TNx2UEDnfppNFcxGgOaw4l3","2026-04-18 13:00:45.65+00","20000","2026-04-19 15:13:15.524+00","CAD","0.12","paid","2026-04-19 15:13:15.524+00","69f1f7cb8b6f84386ebd5168","2026-04-29T12:21:31.009000","2026-04-29T12:21:31.009000","698c747aee05acfdd23ea578","false"
"contract_amount","69e15e5ee45e1d7cc92f8722","Talent présent — 500$ - fee 11.40% = 443$ [lineup: lineup_placement, commission: snapshot]","44300","69e1635cc75cd573bb0fcfad","talent_payout","698d204286a5af9808991620","tr_1TNx2YEDnfppNFcx8ETcy0IW","2026-04-18 13:00:45.65+00","50000","2026-04-19 15:13:15.524+00","CAD","0.114","paid","2026-04-19 15:13:15.524+00","69f1f7cb8b6f84386ebd5169","2026-04-29T12:21:31.009000","2026-04-29T12:21:31.009000","698c747aee05acfdd23ea578","false"
"percentage_post","69e16397aef418d4fb9eae71","Courtage snapshot T1 figé=11.40% = 1.14$","114","69e16809a28e6214d6d78215","platform_fee","","","2026-04-18 13:00:42.375+00","114","2026-04-19 15:13:15.524+00","CAD","","paid","2026-04-19 15:13:15.524+00","69f1f7cb8b6f84386ebd516a","2026-04-29T12:21:31.009000","2026-04-29T12:21:31.009000","698c747aee05acfdd23ea578","false"
"contract_amount","69e16397aef418d4fb9eae71","Talent présent — 10$ - fee 11.40% = 8.86$ [lineup: lineup_placement, commission: snapshot]","886","69e16809a28e6214d6d78215","talent_payout","698c747aee05acfdd23ea578","tr_1TNx2dEDnfppNFcxxhC2Ih4i","2026-04-18 13:00:42.375+00","1000","2026-04-19 15:13:15.524+00","CAD","0.114","paid","2026-04-19 15:13:15.524+00","69f1f7cb8b6f84386ebd516b","2026-04-29T12:21:31.009000","2026-04-29T12:21:31.009000","698c747aee05acfdd23ea578","false"
"percentage_post","69e182682158155ce15ced4a","Courtage snapshot T1 figé=11.40% = 57$ [UNDERFUNDED: contrat 1000$ → effectif 500$ (ratio 0.500)]","5700","69e183b5bc52f23782022f49","platform_fee","","","2026-04-18 13:00:34.043+00","100000","2026-04-23 22:41:49.45+00","CAD","","paid","2026-04-23 22:41:49.45+00","69f1f7cb8b6f84386ebd516c","2026-04-29T12:21:31.009000","2026-04-29T12:21:31.009000","698c747aee05acfdd23ea578","false"
"contract_amount","69e182682158155ce15ced4a","Talent présent — 500$ - fee 11.40% = 443$ [lineup: lineup_placement, commission: snapshot] [UNDERFUNDED: contrat 1000$ → effectif 500$ (ratio 0.500)]","44300","69e183b5bc52f23782022f49","talent_payout","698dbbf753d545317578c200","tr_1TPVxkEDnfppNFcxrxbZotR5","2026-04-18 13:00:34.043+00","100000","2026-04-23 22:41:49.45+00","CAD","0.114","paid","2026-04-23 22:41:49.45+00","69f1f7cb8b6f84386ebd516d","2026-04-29T12:21:31.009000","2026-04-29T12:21:31.009000","698c747aee05acfdd23ea578","false"
"percentage_post","69d932177a48bf7560309c3e","Courtage MR-PLAN-A-2024-01 Tier A (12.0%) × SOTS 4.2 mod 0.95 = 11.40% = 16.42$","1642","69df7ca99ee85b559776602e","platform_fee","","","2026-04-16 13:00:39.586+00","1642","2026-04-23 22:41:49.45+00","CAD","","paid","2026-04-23 22:41:49.45+00","69f1f7cb8b6f84386ebd516e","2026-04-29T12:21:31.009000","2026-04-29T12:21:31.009000","698c747aee05acfdd23ea578","false"
"percentage_post","69d932177a48bf7560309c3e","Courtage MR-PLAN-A-2024-01 Tier A (12.0%) × SOTS 4.2 mod 0.95 = 11.40% = 41.04$","4104","69df7ca99ee85b559776602e","platform_fee","","","2026-04-16 13:00:39.586+00","4104","","CAD","","pending","2026-04-16 13:00:39.586+00","69f1f7cb8b6f84386ebd516f","2026-04-29T12:21:31.009000","2026-04-29T12:21:31.009000","698c747aee05acfdd23ea578","false"
"contract_amount","69d932177a48bf7560309c3e","Talent présent — 144$ - fee 11.40% = 127.58$ [source: lineup_placement]","12758","69df7ca99ee85b559776602e","talent_payout","69b48a2b7d5c0db589c6bb1c","tr_1TPVxoEDnfppNFcxjDL1JTbR","2026-04-16 13:00:39.586+00","14400","2026-04-23 22:41:49.45+00","CAD","0.114","paid","2026-04-23 22:41:49.45+00","69f1f7cb8b6f84386ebd5170","2026-04-29T12:21:31.009000","2026-04-29T12:21:31.009000","698c747aee05acfdd23ea578","false"
"contract_amount","69d932177a48bf7560309c3e","Talent présent — 360$ - fee 11.40% = 318.96$ [source: lineup_placement]","31896","69df7ca99ee85b559776602e","talent_payout","698d204286a5af9808991620","tr_1TNx2gEDnfppNFcxZIrteBNU","2026-04-16 13:00:39.586+00","36000","2026-04-19 15:13:15.524+00","CAD","0.114","paid","2026-04-19 15:13:15.524+00","69f1f7cb8b6f84386ebd5171","2026-04-29T12:21:31.009000","2026-04-29T12:21:31.009000","698c747aee05acfdd23ea578","false"
"percentage_post","69d8eb4e6922f5f585e48baf","Courtage MR-PLAN-A-2024-01 Tier A (12.0%) × SOTS 4.2 mod 0.95 = 11.40% = 11.4$","1140","69df7e34180a86977469057a","platform_fee","","","2026-04-16 13:00:35.928+00","1140","2026-04-19 15:13:15.524+00","CAD","","paid","2026-04-19 15:13:15.524+00","69f1f7cb8b6f84386ebd5172","2026-04-29T12:21:31.009000","2026-04-29T12:21:31.009000","698c747aee05acfdd23ea578","false"
"contract_amount","69d8eb4e6922f5f585e48baf","Talent présent — 100$ - fee 11.40% = 88.6$ [source: lineup_placement]","8860","69df7e34180a86977469057a","talent_payout","698d204286a5af9808991620","tr_1TNx2jEDnfppNFcxl6c1aiCo","2026-04-16 13:00:35.928+00","10000","2026-04-19 15:13:15.524+00","CAD","0.114","paid","2026-04-19 15:13:15.524+00","69f1f7cb8b6f84386ebd5173","2026-04-29T12:21:31.009000","2026-04-29T12:21:31.009000","698c747aee05acfdd23ea578","false"
"percentage_post","69cf1ff6dd9c08de2ebc7b47","Courtage MR-PLAN-A-2024-01 Tier A (12.0%) × SOTS 4.0 mod 1 = 12.00% = 6.96$ [UNDERFUNDED: contrat 290$ → effectif 58$ (ratio 0.200)]","696","69cf20ae7df8d8f5f34ba668","platform_fee","","","2026-04-16 00:31:51.926+00","29000","2026-04-29 01:23:22.614+00","CAD","","paid","2026-04-29 01:23:22.614+00","69f1f7cb8b6f84386ebd5174","2026-04-29T12:21:31.009000","2026-04-29T12:21:31.009000","698c747aee05acfdd23ea578","false"
"contract_amount","69cf1ff6dd9c08de2ebc7b47","Talent présent — 58$ - fee 12.00% = 51.04$ [source: snapshot_fallback] [UNDERFUNDED: contrat 290$ → effectif 58$ (ratio 0.200)]","5104","69cf20ae7df8d8f5f34ba668","talent_payout","698c747aee05acfdd23ea578","tr_1TRMqZEDnfppNFcxTVhcUQVV","2026-04-16 00:31:51.926+00","29000","2026-04-29 01:23:22.614+00","CAD","0.12","paid","2026-04-29 01:23:22.614+00","69f1f7cb8b6f84386ebd5175","2026-04-29T12:21:31.009000","2026-04-29T12:21:31.009000","698c747aee05acfdd23ea578","false"
"percentage_post","69cec72ffc581e93a3b2a6b4","Courtage MR-PLAN-A-2024-01 Tier A (12.0%) × SOTS 4.2 mod 0.95 = 11.40% = 17.56$ [UNDERFUNDED: contrat 770$ → effectif 154$ (ratio 0.200)]","1756","69cf9ab4eb54732a94b3e7fb","platform_fee","","","2026-04-16 00:31:48.059+00","77000","2026-04-29 01:23:22.614+00","CAD","","paid","2026-04-29 01:23:22.614+00","69f1f7cb8b6f84386ebd5176","2026-04-29T12:21:31.009000","2026-04-29T12:21:31.009000","698c747aee05acfdd23ea578","false"
"contract_amount","69cec72ffc581e93a3b2a6b4","Talent présent — 154$ - fee 11.40% = 136.44$ [source: snapshot_fallback] [UNDERFUNDED: contrat 770$ → effectif 154$ (ratio 0.200)]","13644","69cf9ab4eb54732a94b3e7fb","talent_payout","698dd1b2193c860027a3457a","tr_1TRMqcEDnfppNFcxuCxyFlvy","2026-04-16 00:31:48.059+00","77000","2026-04-29 01:23:22.614+00","CAD","0.114","paid","2026-04-29 01:23:22.614+00","69f1f7cb8b6f84386ebd5177","2026-04-29T12:21:31.009000","2026-04-29T12:21:31.009000","698c747aee05acfdd23ea578","false"
"percentage_post","69cf9d7d709ea130c9d9bba0","Courtage MR-PLAN-A-2024-01 Tier A (12.0%) × SOTS 4.2 mod 0.95 = 11.40% = 1.37$ [UNDERFUNDED: contrat 60$ → effectif 12$ (ratio 0.200)]","137","69cf9f3323ca7c11d478f5ec","platform_fee","","","2026-04-16 00:31:43.649+00","6000","2026-04-29 01:23:22.614+00","CAD","","paid","2026-04-29 01:23:22.614+00","69f1f7cb8b6f84386ebd5178","2026-04-29T12:21:31.009000","2026-04-29T12:21:31.009000","698c747aee05acfdd23ea578","false"
"contract_amount","69cf9d7d709ea130c9d9bba0","Talent présent — 12$ - fee 11.40% = 10.63$ [source: snapshot_fallback] [UNDERFUNDED: contrat 60$ → effectif 12$ (ratio 0.200)]","1063","69cf9f3323ca7c11d478f5ec","talent_payout","698d204286a5af9808991620","tr_1TRMqgEDnfppNFcxOxuTVzrZ","2026-04-16 00:31:43.649+00","6000","2026-04-29 01:23:22.614+00","CAD","0.114","paid","2026-04-29 01:23:22.614+00","69f1f7cb8b6f84386ebd5179","2026-04-29T12:21:31.009000","2026-04-29T12:21:31.009000","698c747aee05acfdd23ea578","false"
"percentage_post","69cfa07a4dea6c931cb1e656","Courtage MR-PLAN-A-2024-01 Tier A (12.0%) × SOTS 4.2 mod 0.95 = 11.40% = 18.24$ [UNDERFUNDED: contrat 800$ → effectif 160$ (ratio 0.200)]","1824","69cfa12f5d1bc5aa4b23a0b4","platform_fee","","","2026-04-16 00:31:39.26+00","80000","2026-04-29 01:23:22.614+00","CAD","","paid","2026-04-29 01:23:22.614+00","69f1f7cb8b6f84386ebd517a","2026-04-29T12:21:31.009000","2026-04-29T12:21:31.009000","698c747aee05acfdd23ea578","false"
"contract_amount","69cfa07a4dea6c931cb1e656","Talent présent — 160$ - fee 11.40% = 141.76$ [source: snapshot_fallback] [UNDERFUNDED: contrat 800$ → effectif 160$ (ratio 0.200)]","14176","69cfa12f5d1bc5aa4b23a0b4","talent_payout","698d204286a5af9808991620","tr_1TRMqkEDnfppNFcxhXXbUXDH","2026-04-16 00:31:39.26+00","80000","2026-04-29 01:23:22.614+00","CAD","0.114","paid","2026-04-29 01:23:22.614+00","69f1f7cb8b6f84386ebd517b","2026-04-29T12:21:31.009000","2026-04-29T12:21:31.009000","698c747aee05acfdd23ea578","false"
"percentage_post","69cfbc0f4e0184830d625bc6","Courtage MR-PLAN-A-2024-01 Tier A (12.0%) × SOTS 4.0 mod 1 = 12.00% = 3.02$ [UNDERFUNDED: contrat 126$ → effectif 25.2$ (ratio 0.200)]","302","69cfc88b0b5b227cae434af6","platform_fee","","","2026-04-16 00:31:34.203+00","12600","2026-04-29 01:23:22.614+00","CAD","","paid","2026-04-29 01:23:22.614+00","69f1f7cb8b6f84386ebd517c","2026-04-29T12:21:31.009000","2026-04-29T12:21:31.009000","698c747aee05acfdd23ea578","false"
"percentage_post","69cfbc0f4e0184830d625bc6","Courtage MR-PLAN-A-2024-01 Tier A (12.0%) × SOTS 4.2 mod 0.95 = 11.40% = 3.42$ [UNDERFUNDED: contrat 150$ → effectif 30$ (ratio 0.200)]","342","69cfc88b0b5b227cae434af6","platform_fee","","","2026-04-16 00:31:34.203+00","15000","","CAD","","pending","2026-04-16 00:31:34.203+00","69f1f7cb8b6f84386ebd517d","2026-04-29T12:21:31.009000","2026-04-29T12:21:31.009000","698c747aee05acfdd23ea578","false"
"contract_amount","69cfbc0f4e0184830d625bc6","Talent présent — 25.2$ - fee 12.00% = 22.18$ [source: snapshot_fallback] [UNDERFUNDED: contrat 126$ → effectif 25.2$ (ratio 0.200)]","2218","69cfc88b0b5b227cae434af6","talent_payout","698c747aee05acfdd23ea578","tr_1TRMqoEDnfppNFcxzGWwzIPd","2026-04-16 00:31:34.203+00","12600","2026-04-29 01:23:22.614+00","CAD","0.12","paid","2026-04-29 01:23:22.614+00","69f1f7cb8b6f84386ebd517e","2026-04-29T12:21:31.009000","2026-04-29T12:21:31.009000","698c747aee05acfdd23ea578","false"
"contract_amount","69cfbc0f4e0184830d625bc6","Talent présent — 30$ - fee 11.40% = 26.58$ [source: snapshot_fallback] [UNDERFUNDED: contrat 150$ → effectif 30$ (ratio 0.200)]","2658","69cfc88b0b5b227cae434af6","talent_payout","698d204286a5af9808991620","tr_1TRMqrEDnfppNFcxkzLyAIg1","2026-04-16 00:31:34.203+00","15000","2026-04-29 01:23:22.614+00","CAD","0.114","paid","2026-04-29 01:23:22.614+00","69f1f7cb8b6f84386ebd517f","2026-04-29T12:21:31.009000","2026-04-29T12:21:31.009000","698c747aee05acfdd23ea578","false"
"percentage_post","69d7a155a2d79a27145730f6","Courtage annulation 5% sur part 3ea578 (216.2$)","1081","69dfaaa80c8dc24ecb266e57","platform_fee","","","2026-04-15 15:11:37.417+00","21620","","CAD","","pending","2026-04-15 15:11:37.417+00","69f1f7cb8b6f84386ebd5180","2026-04-29T12:21:31.009000","2026-04-29T12:21:31.009000","698c747aee05acfdd23ea578","false"
"proportional_deposit","69d7a155a2d79a27145730f6","Part dépôt annulation — contrat 668$ × 100.0% = 216.2$ - fee 5% = 205.39$","20539","69dfaaa80c8dc24ecb266e57","talent_payout","698c747aee05acfdd23ea578","","2026-04-15 15:11:37.417+00","66800","","CAD","0.05","pending","2026-04-15 15:11:37.417+00","69f1f7cb8b6f84386ebd5181","2026-04-29T12:21:31.009000","2026-04-29T12:21:31.009000","698c747aee05acfdd23ea578","false"
"percentage_post","69d7b8e23d9e3c5cae2ce9b6","Courtage annulation 5% sur part 3ea578 (25$)","125","69dfaaa610c76943a4f6f520","platform_fee","","","2026-04-15 15:11:35.162+00","2500","","CAD","","pending","2026-04-15 15:11:35.162+00","69f1f7cb8b6f84386ebd5182","2026-04-29T12:21:31.009000","2026-04-29T12:21:31.009000","698c747aee05acfdd23ea578","false"
"proportional_deposit","69d7b8e23d9e3c5cae2ce9b6","Part dépôt annulation — contrat 125$ × 100.0% = 25$ - fee 5% = 23.75$","2375","69dfaaa610c76943a4f6f520","talent_payout","698c747aee05acfdd23ea578","tr_1TRX8MEDnfppNFcxtCnmnEO9","2026-04-15 15:11:35.162+00","12500","2026-04-29T12:22:12.765Z","CAD","0.05","paid","2026-04-29T12:22:12.765Z","69f1f7cb8b6f84386ebd5183","2026-04-29T12:21:31.009000","2026-04-29T12:22:31.557000","698c747aee05acfdd23ea578","false"
"percentage_post","69d7f2a1d02b620f26748950","Courtage annulation 5% sur part 3ea578 (27.4$)","137","69dfaaa3008a242a3f515fda","platform_fee","","","2026-04-15 15:11:32.744+00","2740","","CAD","","pending","2026-04-15 15:11:32.744+00","69f1f7cb8b6f84386ebd5184","2026-04-29T12:21:31.009000","2026-04-29T12:21:31.009000","698c747aee05acfdd23ea578","false"
"proportional_deposit","69d7f2a1d02b620f26748950","Part dépôt annulation — contrat 120$ × 100.0% = 27.4$ - fee 5% = 26.03$","2603","69dfaaa3008a242a3f515fda","talent_payout","698c747aee05acfdd23ea578","tr_1TRX8PEDnfppNFcxarjq0UD5","2026-04-15 15:11:32.744+00","12000","2026-04-29T12:22:12.765Z","CAD","0.05","paid","2026-04-29T12:22:12.765Z","69f1f7cb8b6f84386ebd5185","2026-04-29T12:21:31.009000","2026-04-29T12:22:34.692000","698c747aee05acfdd23ea578","false"
"percentage_post","69cfd8b99f67e47c4e9c7991","Courtage fallback Tier A (12.0%) × SOTS 4.1 mod 0.95 = 11.40% = 2.05$ [UNDERFUNDED: contrat 90$ → effectif 18$ (ratio 0.200)]","205","69cfeac3d2c1bc9ea2105816","platform_fee","","","2026-04-15 14:58:28.233+00","9000","2026-04-24 16:47:45.741+00","CAD","","paid","2026-04-24 16:47:45.741+00","69f1f7cb8b6f84386ebd5186","2026-04-29T12:21:31.009000","2026-04-29T12:21:31.009000","698c747aee05acfdd23ea578","false"
"contract_amount","69cfd8b99f67e47c4e9c7991","Talent présent — 18$ - fee 11.40% = 15.95$ [source: snapshot_fallback] [UNDERFUNDED: contrat 90$ → effectif 18$ (ratio 0.200)]","1595","69cfeac3d2c1bc9ea2105816","talent_payout","698d204286a5af9808991620","tr_1TPmtOEDnfppNFcxNPjclUXA","2026-04-15 14:58:28.233+00","9000","2026-04-24 16:47:45.741+00","CAD","0.114","paid","2026-04-24 16:47:45.741+00","69f1f7cb8b6f84386ebd5187","2026-04-29T12:21:31.009000","2026-04-29T12:21:31.009000","698c747aee05acfdd23ea578","false"
"refund","69cfd8b99f67e47c4e9c7991","No-show remboursé au payeur — talent 122757 contrat 168$ (scalé 33.6$)","3360","69cfeac3d2c1bc9ea2105816","talent_noshow_refund","","","2026-04-15 14:58:28.233+00","16800","","CAD","","voided","2026-04-15 14:58:28.233+00","69f1f7cb8b6f84386ebd5188","2026-04-29T12:21:31.009000","2026-04-29T12:21:31.009000","698c747aee05acfdd23ea578","false"
"refund","69cfedaee6e2d83bcfb24768","No-show remboursé au payeur — talent 991620 contrat 100$ (scalé 20$)","2000","69cfef10277157b2e520843a","talent_noshow_refund","","","2026-04-15 14:58:24.373+00","10000","","CAD","","voided","2026-04-15 14:58:24.373+00","69f1f7cb8b6f84386ebd5189","2026-04-29T12:21:31.009000","2026-04-29T12:21:31.009000","698c747aee05acfdd23ea578","false"
"percentage_post","69d0f6544647a7b192b1fa61","Courtage MR-PLAN-A-2024-01 Tier A (12.0%) × SOTS 4.3 mod 0.95 = 11.40% = 3.65$ [UNDERFUNDED: contrat 144$ → effectif 32$ (ratio 0.222)]","365","69d12618159e0aedc2ffec34","platform_fee","","","2026-04-15 14:58:19.261+00","14400","2026-04-23 22:46:29.365+00","CAD","","paid","2026-04-23 22:46:29.365+00","69f1f7cb8b6f84386ebd518a","2026-04-29T12:21:31.009000","2026-04-29T12:21:31.009000","698c747aee05acfdd23ea578","false"
"contract_amount","69d0f6544647a7b192b1fa61","Talent présent — 32$ - fee 11.40% = 28.35$ [source: lineup_placement] [UNDERFUNDED: contrat 144$ → effectif 32$ (ratio 0.222)]","2835","69d12618159e0aedc2ffec34","talent_payout","69cd302266f2193a99122757","tr_1TPW1LEDnfppNFcx2vOKcbVY","2026-04-15 14:58:19.261+00","14400","2026-04-23 22:46:29.365+00","CAD","0.114","paid","2026-04-23 22:46:29.365+00","69f1f7cb8b6f84386ebd518b","2026-04-29T12:21:31.009000","2026-04-29T12:21:31.009000","698c747aee05acfdd23ea578","false"
"percentage_post","69d4226e96b1a73f25f14199","Courtage MR-PLAN-A-2024-01 Tier A (12.0%) × SOTS 3.5 mod 1 = 12.00% = 6.27$ [UNDERFUNDED: contrat 260$ → effectif 52.29$ (ratio 0.201)]","627","69d42721bd15ed73c88d7181","platform_fee","","","2026-04-15 14:58:14.069+00","26000","2026-04-29 01:23:22.614+00","CAD","","paid","2026-04-29 01:23:22.614+00","69f1f7cb8b6f84386ebd518c","2026-04-29T12:21:31.009000","2026-04-29T12:21:31.009000","698c747aee05acfdd23ea578","false"
"percentage_post","69d4226e96b1a73f25f14199","Courtage MR-PLAN-A-2024-01 Tier A (12.0%) × SOTS 3.6 mod 1 = 12.00% = 2.41$ [UNDERFUNDED: contrat 100$ → effectif 20.11$ (ratio 0.201)]","241","69d42721bd15ed73c88d7181","platform_fee","","","2026-04-15 14:58:14.069+00","10000","","CAD","","pending","2026-04-15 14:58:14.069+00","69f1f7cb8b6f84386ebd518d","2026-04-29T12:21:31.009000","2026-04-29T12:21:31.009000","698c747aee05acfdd23ea578","false"
"contract_amount","69d4226e96b1a73f25f14199","Talent présent — 52.29$ - fee 12.00% = 46.02$ [source: snapshot_fallback] [UNDERFUNDED: contrat 260$ → effectif 52.29$ (ratio 0.201)]","4602","69d42721bd15ed73c88d7181","talent_payout","698dc6f781b400b640a229f6","tr_1TRMquEDnfppNFcxY13yfJqN","2026-04-15 14:58:14.069+00","26000","2026-04-29 01:23:22.614+00","CAD","0.12","paid","2026-04-29 01:23:22.614+00","69f1f7cb8b6f84386ebd518e","2026-04-29T12:21:31.009000","2026-04-29T12:21:31.009000","698c747aee05acfdd23ea578","false"
"contract_amount","69d4226e96b1a73f25f14199","Talent présent — 20.11$ - fee 12.00% = 17.7$ [source: snapshot_fallback] [UNDERFUNDED: contrat 100$ → effectif 20.11$ (ratio 0.201)]","1770","69d42721bd15ed73c88d7181","talent_payout","698dbbf753d545317578c200","tr_1TRMqxEDnfppNFcxOoDROZ1i","2026-04-15 14:58:14.069+00","10000","2026-04-29 01:23:22.614+00","CAD","0.12","paid","2026-04-29 01:23:22.614+00","69f1f7cb8b6f84386ebd518f","2026-04-29T12:21:31.009000","2026-04-29T12:21:31.009000","698c747aee05acfdd23ea578","false"
"percentage_post","69d50aef1d027b3e5062e3fd","Courtage MR-PLAN-A-2024-01 Tier A (12.0%) × SOTS 4.0 mod 0.95 = 11.40% = 3.03$ [UNDERFUNDED: contrat 170$ → effectif 26.6$ (ratio 0.156)]","303","69d50c7e44ce46cdf8c9e964","platform_fee","","","2026-04-15 14:58:09.665+00","17000","2026-04-19 15:13:15.524+00","CAD","","paid","2026-04-19 15:13:15.524+00","69f1f7cb8b6f84386ebd5190","2026-04-29T12:21:31.009000","2026-04-29T12:21:31.009000","698c747aee05acfdd23ea578","false"
"contract_amount","69d50aef1d027b3e5062e3fd","Talent présent — 26.6$ - fee 11.40% = 23.57$ [source: snapshot_fallback] [UNDERFUNDED: contrat 170$ → effectif 26.6$ (ratio 0.156)]","2357","69d50c7e44ce46cdf8c9e964","talent_payout","698c747aee05acfdd23ea578","tr_1TNx2nEDnfppNFcxraXJJ3bm","2026-04-15 14:58:09.665+00","17000","2026-04-19 15:13:15.524+00","CAD","0.114","paid","2026-04-19 15:13:15.524+00","69f1f7cb8b6f84386ebd5191","2026-04-29T12:21:31.009000","2026-04-29T12:21:31.009000","698c747aee05acfdd23ea578","false"
"percentage_post","69d7a2d58c1b81558a43c8d8","Courtage MR-PLAN-A-2024-01 Tier A (12.0%) × SOTS 4.1 mod 0.95 = 11.40% = 23.44$ [UNDERFUNDED: contrat 1000$ → effectif 205.6$ (ratio 0.206)]","2344","69d7b9d259213f9d37c4c1df","platform_fee","","","2026-04-15 14:58:05.17+00","100000","2026-04-19 15:13:15.524+00","CAD","","paid","2026-04-19 15:13:15.524+00","69f1f7cb8b6f84386ebd5192","2026-04-29T12:21:31.009000","2026-04-29T12:21:31.009000","698c747aee05acfdd23ea578","false"
"percentage_post","69eabaa014b3b229e04cd76a","Courtage snapshot T1 figé=6.00% = 2.1$","210","69eac4bb37b7b471b1c8050e","platform_fee","","","2026-04-25 13:00:40.064+00","210","","CAD","","pending","2026-04-25 13:00:40.064+00","69f1f7cb8b6f84386ebd5193","2026-04-29T12:21:31.009000","2026-04-29T12:21:31.009000","698c747aee05acfdd23ea578","false"
"percentage_post","69eabaa014b3b229e04cd76a","Courtage snapshot T1 figé=5.00% = 0.25$","25","69eac4bb37b7b471b1c8050e","platform_fee","","","2026-04-25 13:00:40.064+00","25","","CAD","","pending","2026-04-25 13:00:40.064+00","69f1f7cb8b6f84386ebd5194","2026-04-29T12:21:31.009000","2026-04-29T12:21:31.009000","698c747aee05acfdd23ea578","false"
"contract_amount","69eabaa014b3b229e04cd76a","Talent présent — 35$ - fee 6.00% = 32.9$ [lineup: lineup_placement, commission: snapshot]","3290","69eac4bb37b7b471b1c8050e","talent_payout","69cd302266f2193a99122757","","2026-04-25 13:00:40.064+00","3500","","CAD","0.06","pending","2026-04-25 13:00:40.064+00","69f1f7cb8b6f84386ebd5195","2026-04-29T12:21:31.009000","2026-04-29T12:21:31.009000","698c747aee05acfdd23ea578","false"
"contract_amount","69eabaa014b3b229e04cd76a","Talent présent — 5$ - fee 5.00% = 4.75$ [lineup: lineup_placement, commission: snapshot]","475","69eac4bb37b7b471b1c8050e","talent_payout","698c747aee05acfdd23ea578","tr_1TRX8TEDnfppNFcxAQImZ5Om","2026-04-25 13:00:40.064+00","500","2026-04-29T12:22:12.765Z","CAD","0.05","paid","2026-04-29T12:22:12.765Z","69f1f7cb8b6f84386ebd5196","2026-04-29T12:21:31.009000","2026-04-29T12:22:38.234000","698c747aee05acfdd23ea578","false"
"refund","69eabaa014b3b229e04cd76a","No-show remboursé au payeur — talent a229f6 contrat 120$ = 14.0% × salePrice 860$ = 120.4$","12040","69eac4bb37b7b471b1c8050e","talent_noshow_refund","","","2026-04-25 13:00:40.064+00","12000","","CAD","","blocked","2026-04-25 13:00:40.064+00","69f1f7cb8b6f84386ebd5197","2026-04-29T12:21:31.009000","2026-04-29T12:21:31.009000","698c747aee05acfdd23ea578","false"
"refund","69eabaa014b3b229e04cd76a","No-show remboursé au payeur — talent c6bb1c contrat 200$ = 23.0% × salePrice 860$ = 197.8$","19780","69eac4bb37b7b471b1c8050e","talent_noshow_refund","","","2026-04-25 13:00:40.064+00","20000","","CAD","","blocked","2026-04-25 13:00:40.064+00","69f1f7cb8b6f84386ebd5198","2026-04-29T12:21:31.009000","2026-04-29T12:21:31.009000","698c747aee05acfdd23ea578","false"
"refund","69eabaa014b3b229e04cd76a","No-show remboursé au payeur — talent a3457a contrat 500$ = 58.0% × salePrice 860$ = 498.8$","7160","69eac4bb37b7b471b1c8050e","talent_noshow_refund","","","2026-04-25 13:00:40.064+00","50000","","CAD","","pending","2026-04-25 13:00:40.064+00","69f1f7cb8b6f84386ebd5199","2026-04-29T12:21:31.009000","2026-04-29T12:21:31.009000","698c747aee05acfdd23ea578","false"
"percentage_post","69eb54a1a9707a51c042eaff","Courtage snapshot T1 figé=6.00% = 24$","2400","69eb62e6c44c36a3420ef7a3","platform_fee","","","2026-04-25 13:00:36.03+00","2400","","CAD","","pending","2026-04-25 13:00:36.03+00","69f1f7cb8b6f84386ebd519a","2026-04-29T12:21:31.009000","2026-04-29T12:21:31.009000","698c747aee05acfdd23ea578","false"
"contract_amount","69eb54a1a9707a51c042eaff","Talent présent — 400$ - fee 6.00% = 376$ [lineup: lineup_placement, commission: snapshot]","37600","69eb62e6c44c36a3420ef7a3","talent_payout","69cd302266f2193a99122757","","2026-04-25 13:00:36.03+00","40000","","CAD","0.06","pending","2026-04-25 13:00:36.03+00","69f1f7cb8b6f84386ebd519b","2026-04-29T12:21:31.009000","2026-04-29T12:21:31.009000","698c747aee05acfdd23ea578","false"
"refund","69eb54a1a9707a51c042eaff","No-show remboursé au payeur — talent 991620 contrat 600$ = 60.0% × salePrice 1000$ = 600$","20000","69eb62e6c44c36a3420ef7a3","talent_noshow_refund","","","2026-04-25 13:00:36.03+00","60000","","CAD","","pending","2026-04-25 13:00:36.03+00","69f1f7cb8b6f84386ebd519c","2026-04-29T12:21:31.009000","2026-04-29T12:21:31.009000","698c747aee05acfdd23ea578","false"
"percentage_of_platform_fee","69e908ca7e1c2a2d48a8d808","Commission vendeur tier C — 5% × 0.67$ MR = 0.03$","3","69ea2a7c31c31e4e3253f267","seller_commission","69cd302266f2193a99122757","","2026-04-24 17:09:21.374+00","67","","CAD","0.05","pending","2026-04-24 17:09:21.374+00","69f1f7cb8b6f84386ebd519d","2026-04-29T12:21:31.009000","2026-04-29T12:21:31.009000","698c747aee05acfdd23ea578","false"
"percentage_post","69e908ca7e1c2a2d48a8d808","Courtage snapshot T1 figé=3.33% = 0.67$","67","69ea2a7c31c31e4e3253f267","platform_fee","","","2026-04-24 17:09:21.374+00","67","2026-04-28 22:06:23.46+00","CAD","","paid","2026-04-28 22:06:23.46+00","69f1f7cb8b6f84386ebd519e","2026-04-29T12:21:31.009000","2026-04-29T12:21:31.009000","698c747aee05acfdd23ea578","false"
"contract_amount","69e908ca7e1c2a2d48a8d808","Talent présent — 20$ - fee 3.33% = 19.33$ [lineup: lineup_placement, commission: snapshot]","1933","69ea2a7c31c31e4e3253f267","talent_payout","69b48a2b7d5c0db589c6bb1c","tr_1TRJlwEDnfppNFcxiJnkgnlt","2026-04-24 17:09:21.374+00","2000","2026-04-28 22:06:23.46+00","CAD","0.0333","paid","2026-04-28 22:06:23.46+00","69f1f7cb8b6f84386ebd519f","2026-04-29T12:21:31.009000","2026-04-29T12:21:31.009000","698c747aee05acfdd23ea578","false"
"percentage_of_platform_fee","69ea38cbfecda0c9be8b840e","Commission vendeur tier C — 5% × 3.75$ MR = 0.19$","19","69ea41bd4a58bb382f84223d","seller_commission","69cd302266f2193a99122757","","2026-04-24 17:09:17.35+00","375","","CAD","0.05","pending","2026-04-24 17:09:17.35+00","69f1f7cb8b6f84386ebd51a0","2026-04-29T12:21:31.009000","2026-04-29T12:21:31.009000","698c747aee05acfdd23ea578","false"
"percentage_post","69ea38cbfecda0c9be8b840e","Courtage snapshot T1 figé=5.00% = 3.75$","375","69ea41bd4a58bb382f84223d","platform_fee","","","2026-04-24 17:09:17.35+00","375","2026-04-28 22:06:23.46+00","CAD","","paid","2026-04-28 22:06:23.46+00","69f1f7cb8b6f84386ebd51a1","2026-04-29T12:21:31.009000","2026-04-29T12:21:31.009000","698c747aee05acfdd23ea578","false"
"contract_amount","69ea38cbfecda0c9be8b840e","Talent présent — 75$ - fee 5.00% = 71.25$ [lineup: lineup_placement, commission: snapshot]","7125","69ea41bd4a58bb382f84223d","talent_payout","698c747aee05acfdd23ea578","tr_1TRJlzEDnfppNFcxcCcfMOIC","2026-04-24 17:09:17.35+00","7500","2026-04-28 22:06:23.46+00","CAD","0.05","paid","2026-04-28 22:06:23.46+00","69f1f7cb8b6f84386ebd51a2","2026-04-29T12:21:31.009000","2026-04-29T12:21:31.009000","698c747aee05acfdd23ea578","false"
"refund","69ea44480ce0b77f1fda9c04","No-show remboursé au payeur — talent 3ea578 contrat 1000$ = 100.0% × salePrice 1000$ = 1000$","100000","69ea46c462a7ddfa7e9bff26","talent_noshow_refund","","re_3TPPrfEDnfppNFcx0bG72hfI","2026-04-24 17:09:14.201+00","100000","2026-04-28 22:06:23.46+00","CAD","","paid","2026-04-24 17:09:14.201+00","69f1f7cb8b6f84386ebd51a3","2026-04-29T12:21:31.009000","2026-04-29T12:21:31.009000","698c747aee05acfdd23ea578","false"
"percentage_of_platform_fee","69e8fed2e9dd6272584885ea","Commission vendeur tier C — 5% × 6.58$ MR = 0.33$","33","69e9065bf93222a0321f7c6f","seller_commission","69cd302266f2193a99122757","","2026-04-24 13:01:08.631+00","658","","CAD","0.05","pending","2026-04-24 13:01:08.631+00","69f1f7cb8b6f84386ebd51a4","2026-04-29T12:21:31.009000","2026-04-29T12:21:31.009000","698c747aee05acfdd23ea578","false"
"percentage_post","69e8fed2e9dd6272584885ea","Courtage snapshot T1 figé=5.00% = 2.75$","275","69e9065bf93222a0321f7c6f","platform_fee","","","2026-04-24 13:01:08.631+00","275","2026-04-24 15:32:20.209+00","CAD","","paid","2026-04-24 15:32:20.209+00","69f1f7cb8b6f84386ebd51a5","2026-04-29T12:21:31.009000","2026-04-29T12:21:31.009000","698c747aee05acfdd23ea578","false"
"percentage_post","69e8fed2e9dd6272584885ea","Courtage snapshot T1 figé=3.33% = 3.83$","383","69e9065bf93222a0321f7c6f","platform_fee","","","2026-04-24 13:01:08.631+00","383","","CAD","","pending","2026-04-24 13:01:08.631+00","69f1f7cb8b6f84386ebd51a6","2026-04-29T12:21:31.009000","2026-04-29T12:21:31.009000","698c747aee05acfdd23ea578","false"
"contract_amount","69e8fed2e9dd6272584885ea","Talent présent — 55$ - fee 5.00% = 52.25$ [lineup: lineup_placement, commission: snapshot]","5225","69e9065bf93222a0321f7c6f","talent_payout","698c747aee05acfdd23ea578","tr_1TPliREDnfppNFcxEyRDSg1G","2026-04-24 13:01:08.631+00","5500","2026-04-24 15:32:20.209+00","CAD","0.05","paid","2026-04-24 15:32:20.209+00","69f1f7cb8b6f84386ebd51a7","2026-04-29T12:21:31.009000","2026-04-29T12:21:31.009000","698c747aee05acfdd23ea578","false"
"contract_amount","69e8fed2e9dd6272584885ea","Talent présent — 115$ - fee 3.33% = 111.17$ [lineup: lineup_placement, commission: snapshot]","11117","69e9065bf93222a0321f7c6f","talent_payout","69b48a2b7d5c0db589c6bb1c","tr_1TPliWEDnfppNFcxKbb8Vxum","2026-04-24 13:01:08.631+00","11500","2026-04-24 15:32:20.209+00","CAD","0.0333","paid","2026-04-24 15:32:20.209+00","69f1f7cb8b6f84386ebd51a8","2026-04-29T12:21:31.009000","2026-04-29T12:21:31.009000","698c747aee05acfdd23ea578","false"
"percentage_of_platform_fee","69e90c54b9f9412ee2f25c2e","Commission vendeur tier C — 5% × 0.83$ MR = 0.04$","4","69e924c542da11b0da639052","seller_commission","69cd302266f2193a99122757","","2026-04-24 13:01:04.469+00","83","","CAD","0.05","pending","2026-04-24 13:01:04.469+00","69f1f7cb8b6f84386ebd51a9","2026-04-29T12:21:31.009000","2026-04-29T12:21:31.009000","698c747aee05acfdd23ea578","false"
"percentage_post","69e90c54b9f9412ee2f25c2e","Courtage snapshot T1 figé=3.33% = 0.83$","83","69e924c542da11b0da639052","platform_fee","","","2026-04-24 13:01:04.469+00","83","2026-04-24 15:32:20.209+00","CAD","","paid","2026-04-24 15:32:20.209+00","69f1f7cb8b6f84386ebd51aa","2026-04-29T12:21:31.009000","2026-04-29T12:21:31.009000","698c747aee05acfdd23ea578","false"
"contract_amount","69e90c54b9f9412ee2f25c2e","Talent présent — 25$ - fee 3.33% = 24.17$ [lineup: lineup_placement, commission: snapshot]","2417","69e924c542da11b0da639052","talent_payout","69b48a2b7d5c0db589c6bb1c","tr_1TPlibEDnfppNFcxGBFZQxdH","2026-04-24 13:01:04.469+00","2500","2026-04-24 15:32:20.209+00","CAD","0.0333","paid","2026-04-24 15:32:20.209+00","69f1f7cb8b6f84386ebd51ab","2026-04-29T12:21:31.009000","2026-04-29T12:21:31.009000","698c747aee05acfdd23ea578","false"
"percentage_of_platform_fee","69e943216c09c49fe424336a","Commission vendeur tier C (défaut) — 5% × 4$ MR = 0.2$","20","69e95230c8f07178258ac8ae","seller_commission","698c747aee05acfdd23ea578","","2026-04-24 13:00:59.622+00","400","","CAD","0.05","pending","2026-04-24 13:00:59.622+00","69f1f7cb8b6f84386ebd51ac","2026-04-29T12:21:31.009000","2026-04-29T12:21:31.009000","698c747aee05acfdd23ea578","false"
"percentage_post","69e943216c09c49fe424336a","Courtage snapshot T1 figé=3.33% = 2$","200","69e95230c8f07178258ac8ae","platform_fee","","","2026-04-24 13:00:59.622+00","200","2026-04-24 15:32:20.209+00","CAD","","paid","2026-04-24 15:32:20.209+00","69f1f7cb8b6f84386ebd51ad","2026-04-29T12:21:31.009000","2026-04-29T12:21:31.009000","698c747aee05acfdd23ea578","false"
"percentage_post","69e943216c09c49fe424336a","Courtage snapshot T1 figé=5.70% = 2$","200","69e95230c8f07178258ac8ae","platform_fee","","","2026-04-24 13:00:59.622+00","200","","CAD","","pending","2026-04-24 13:00:59.622+00","69f1f7cb8b6f84386ebd51ae","2026-04-29T12:21:31.009000","2026-04-29T12:21:31.009000","698c747aee05acfdd23ea578","false"
"contract_amount","69e943216c09c49fe424336a","Talent présent — 60$ - fee 3.33% = 58$ [lineup: lineup_placement, commission: snapshot]","5800","69e95230c8f07178258ac8ae","talent_payout","69b48a2b7d5c0db589c6bb1c","tr_1TPlieEDnfppNFcxeLhXHBiV","2026-04-24 13:00:59.622+00","6000","2026-04-24 15:32:20.209+00","CAD","0.0333","paid","2026-04-24 15:32:20.209+00","69f1f7cb8b6f84386ebd51af","2026-04-29T12:21:31.009000","2026-04-29T12:21:31.009000","698c747aee05acfdd23ea578","false"
"contract_amount","69e943216c09c49fe424336a","Talent présent — 35$ - fee 5.70% = 33$ [lineup: lineup_placement, commission: snapshot]","3300","69e95230c8f07178258ac8ae","talent_payout","69cd302266f2193a99122757","tr_1TPliiEDnfppNFcxxykjrfCC","2026-04-24 13:00:59.622+00","3500","2026-04-24 15:32:20.209+00","CAD","0.057","paid","2026-04-24 15:32:20.209+00","69f1f7cb8b6f84386ebd51b0","2026-04-29T12:21:31.009000","2026-04-29T12:21:31.009000","698c747aee05acfdd23ea578","false"
"percentage_post","69e7cd5b37d2d78827c5a490","Courtage snapshot T1 figé=13.80% = 2.76$","276","69e9526469f022a24ff70f9e","platform_fee","","","2026-04-24 13:00:56.021+00","276","2026-04-24 15:32:20.209+00","CAD","","paid","2026-04-24 15:32:20.209+00","69f1f7cb8b6f84386ebd51b1","2026-04-29T12:21:31.009000","2026-04-29T12:21:31.009000","698c747aee05acfdd23ea578","false"
"contract_amount","69e7cd5b37d2d78827c5a490","Talent présent — 20$ - fee 13.80% = 17.24$ [lineup: lineup_placement, commission: snapshot]","1724","69e9526469f022a24ff70f9e","talent_payout","699c655e40e8dc98eacda675","tr_1TPlimEDnfppNFcxnFWurbXU","2026-04-24 13:00:56.021+00","2000","2026-04-24 15:32:20.209+00","CAD","0.138","paid","2026-04-24 15:32:20.209+00","69f1f7cb8b6f84386ebd51b2","2026-04-29T12:21:31.009000","2026-04-29T12:21:31.009000","698c747aee05acfdd23ea578","false"
"percentage_of_platform_fee","69e97d4b55f24e6ae443e816","Commission vendeur tier C (défaut) — 5% × 11.92$ MR = 0.6$","60","69e97e84fc11c5201a82e188","seller_commission","69cd302266f2193a99122757","","2026-04-24 13:00:50.204+00","1192","","CAD","0.05","pending","2026-04-24 13:00:50.204+00","69f1f7cb8b6f84386ebd51b3","2026-04-29T12:21:31.009000","2026-04-29T12:21:31.009000","698c747aee05acfdd23ea578","false"
"percentage_post","69e97d4b55f24e6ae443e816","Courtage snapshot T1 figé=13.20% = 7.92$","792","69e97e84fc11c5201a82e188","platform_fee","","","2026-04-24 13:00:50.204+00","792","2026-04-24 15:32:20.209+00","CAD","","paid","2026-04-24 15:32:20.209+00","69f1f7cb8b6f84386ebd51b4","2026-04-29T12:21:31.009000","2026-04-29T12:21:31.009000","698c747aee05acfdd23ea578","false"
"percentage_post","69e97d4b55f24e6ae443e816","Courtage snapshot T1 figé=5.00% = 4$","400","69e97e84fc11c5201a82e188","platform_fee","","","2026-04-24 13:00:50.204+00","400","","CAD","","pending","2026-04-24 13:00:50.204+00","69f1f7cb8b6f84386ebd51b5","2026-04-29T12:21:31.009000","2026-04-29T12:21:31.009000","698c747aee05acfdd23ea578","false"
"proportional_deposit","69d8e47a29fd00ffd0fffe17","Part dépôt annulation — contrat 100$ × 100.0% = 10000$ - fee 5% = 9500$","9025","69df7ffa59bc92403a6d0fec","talent_payout","698d204286a5af9808991620","","2026-04-15 12:09:31.616+00","9500","","CAD","0.05","pending","2026-04-15 12:09:31.616+00","69f1f7cb8b6f84386ebd5108","2026-04-29T12:21:31.008000","2026-04-29T12:21:31.008000","698c747aee05acfdd23ea578","false"
"percentage_post","69d8099e38661c6c0e5f15d6","Courtage annulation 5% sur part 3ea578 (62.2$)","311","69de474a66670790564cf158","platform_fee","","","2026-04-14 13:55:23.105+00","6220","2026-04-29 01:23:22.614+00","CAD","","paid","2026-04-29 01:23:22.614+00","69f1f7cb8b6f84386ebd5109","2026-04-29T12:21:31.008000","2026-04-29T12:21:31.008000","698c747aee05acfdd23ea578","false"
"proportional_deposit","69d8099e38661c6c0e5f15d6","Part dépôt annulation — contrat 263$ × 100.0% = 62.2$ - fee 5% = 59.09$","5909","69de474a66670790564cf158","talent_payout","698c747aee05acfdd23ea578","tr_1TRMr0EDnfppNFcx541sgtVc","2026-04-14 13:55:23.105+00","26300","2026-04-29 01:23:22.614+00","CAD","0.05","paid","2026-04-29 01:23:22.614+00","69f1f7cb8b6f84386ebd510a","2026-04-29T12:21:31.008000","2026-04-29T12:21:31.008000","698c747aee05acfdd23ea578","false"
"percentage_post","69d81aa1c594498c3e155347","Courtage MR-PLAN-A-2024-01 Tier A (12.0%) × SOTS 4.0 mod 0.95 = 11.40% = 34.2$","3420","69d81bcd5c2514ffce120674","platform_fee","","","2026-04-10 18:40:19.608+00","3420","2026-04-19 15:13:15.524+00","CAD","","paid","2026-04-19 15:13:15.524+00","69f1f7cb8b6f84386ebd510b","2026-04-29T12:21:31.008000","2026-04-29T12:21:31.008000","698c747aee05acfdd23ea578","false"
"contract_amount","69d81aa1c594498c3e155347","Talent présent — 300$ - fee 11.40% = 265.8$ [source: snapshot_fallback]","26580","69d81bcd5c2514ffce120674","talent_payout","698d204286a5af9808991620","tr_1TNx39EDnfppNFcxmzrPYKMv","2026-04-10 18:40:19.608+00","30000","2026-04-19 15:13:15.524+00","CAD","0.114","paid","2026-04-19 15:13:15.524+00","69f1f7cb8b6f84386ebd510c","2026-04-29T12:21:31.008000","2026-04-29T12:21:31.008000","698c747aee05acfdd23ea578","false"
"percentage_post","69d8e7ab0ce0bb19c583ce31","Courtage MR-PLAN-A-2024-01 Tier A (12.0%) × SOTS 4.0 mod 0.95 = 11.40% = 5.7$","570","69d8eaf50d9f80c2d26b95ab","platform_fee","","","2026-04-10 18:39:44.883+00","570","2026-04-19 15:13:15.524+00","CAD","","paid","2026-04-19 15:13:15.524+00","69f1f7cb8b6f84386ebd510d","2026-04-29T12:21:31.008000","2026-04-29T12:21:31.008000","698c747aee05acfdd23ea578","false"
"contract_amount","69d8e7ab0ce0bb19c583ce31","Talent présent — 50$ - fee 11.40% = 44.3$ [source: lineup_placement]","4430","69d8eaf50d9f80c2d26b95ab","talent_payout","698d204286a5af9808991620","tr_1TNx3CEDnfppNFcxOqr9gboY","2026-04-10 18:39:44.883+00","5000","2026-04-19 15:13:15.524+00","CAD","0.114","paid","2026-04-19 15:13:15.524+00","69f1f7cb8b6f84386ebd510e","2026-04-29T12:21:31.008000","2026-04-29T12:21:31.008000","698c747aee05acfdd23ea578","false"
"percentage_post","69d7a40951dab62ca47ba638","Courtage annulation 5% sur part 991620 (85.8$)","429","69d7b63e26b321ef56292f19","platform_fee","","","2026-04-09 14:22:54.976+00","8580","2026-04-19 15:13:15.524+00","CAD","","paid","2026-04-19 15:13:15.524+00","69f1f7cb8b6f84386ebd510f","2026-04-29T12:21:31.008000","2026-04-29T12:21:31.008000","698c747aee05acfdd23ea578","false"
"proportional_deposit","69d7a40951dab62ca47ba638","Part dépôt annulation — contrat 300$ × 100.0% = 85.8$ - fee 5% = 81.51$","8151","69d7b63e26b321ef56292f19","talent_payout","698d204286a5af9808991620","tr_3TKII9EDnfppNFcx0ZuNcjkk","2026-04-09 14:22:54.976+00","30000","2026-04-19 15:13:15.524+00","CAD","0.05","paid","2026-04-19 15:13:15.524+00","69f1f7cb8b6f84386ebd5110","2026-04-29T12:21:31.008000","2026-04-29T12:21:31.008000","698c747aee05acfdd23ea578","false"
"percentage_post","69d6e7da1ff67a43745b12e7","Courtage MR-PLAN-A-2024-01 Tier A (12.0%) × SOTS 3.9 mod 1 = 12.00% = 21.6$","2160","69d6e9a7d020abe0084a4bf8","platform_fee","","","2026-04-09 00:30:22.506+00","2160","","CAD","","pending","2026-04-09 00:30:22.506+00","69f1f7cb8b6f84386ebd5111","2026-04-29T12:21:31.008000","2026-04-29T12:21:31.008000","698c747aee05acfdd23ea578","false"
"contract_amount","69d6e7da1ff67a43745b12e7","Talent présent — 180$ - fee 12.00% = 158.4$ [source: snapshot_fallback]","15840","69d6e9a7d020abe0084a4bf8","talent_payout","698d204286a5af9808991620","tr_1TKHXwEDnfppNFcxb0wD7o26","2026-04-09 00:30:22.506+00","18000","2026-04-09 12:18:55.088+00","CAD","0.12","paid","2026-04-09 12:18:55.088+00","69f1f7cb8b6f84386ebd5112","2026-04-29T12:21:31.008000","2026-04-29T12:21:31.008000","698c747aee05acfdd23ea578","false"
"","69ced3c91c8aab476e75227f","Reste — aucun talent confirmé","0","69d0ed1e6a9d32a1810b9c0b","platform_production","","","2026-04-05 11:29:06.101+00","0","","CAD","","pending","2026-04-05 11:29:06.101+00","69f1f7cb8b6f84386ebd5113","2026-04-29T12:21:31.008000","2026-04-29T12:21:31.008000","698c747aee05acfdd23ea578","false"
"","69ced3c91c8aab476e75227f","100$ fixe vidéo","10000","69d0ed1e6a9d32a1810b9c0b","talent_video","","","2026-04-05 11:29:06.101+00","10000","","CAD","","voided","2026-04-05 11:29:06.101+00","69f1f7cb8b6f84386ebd5114","2026-04-29T12:21:31.008000","2026-04-29T12:21:31.008000","698c747aee05acfdd23ea578","false"
"","69ced3c91c8aab476e75227f","15% commission vendeur","0","69d0ed1e6a9d32a1810b9c0b","seller_commission","","","2026-04-05 11:29:06.101+00","0","","CAD","","pending","2026-04-05 11:29:06.101+00","69f1f7cb8b6f84386ebd5115","2026-04-29T12:21:31.008000","2026-04-29T12:21:31.008000","698c747aee05acfdd23ea578","false"
"","69ced3c91c8aab476e75227f","12% courtage Micro Rave","0","69d0ed1e6a9d32a1810b9c0b","platform_fee","","","2026-04-05 11:29:06.101+00","0","","CAD","","pending","2026-04-05 11:29:06.101+00","69f1f7cb8b6f84386ebd5116","2026-04-29T12:21:31.008000","2026-04-29T12:21:31.008000","698c747aee05acfdd23ea578","false"
"","69cfb14c04d115e0f255f343","Reste — aucun talent confirmé","0","69cfb65d06483e1fec1ec8dd","platform_production","","","2026-04-04 13:29:06.267+00","0","","CAD","","pending","2026-04-04 13:29:06.267+00","69f1f7cb8b6f84386ebd5117","2026-04-29T12:21:31.008000","2026-04-29T12:21:31.008000","698c747aee05acfdd23ea578","false"
"","69cfb14c04d115e0f255f343","100$ fixe vidéo","10000","69cfb65d06483e1fec1ec8dd","talent_video","","","2026-04-04 13:29:06.267+00","10000","","CAD","","voided","2026-04-04 13:29:06.267+00","69f1f7cb8b6f84386ebd5118","2026-04-29T12:21:31.008000","2026-04-29T12:21:31.008000","698c747aee05acfdd23ea578","false"
"","69cfb14c04d115e0f255f343","15% commission vendeur","0","69cfb65d06483e1fec1ec8dd","seller_commission","","","2026-04-04 13:29:06.267+00","0","","CAD","","pending","2026-04-04 13:29:06.267+00","69f1f7cb8b6f84386ebd5119","2026-04-29T12:21:31.008000","2026-04-29T12:21:31.008000","698c747aee05acfdd23ea578","false"
"","69cfb14c04d115e0f255f343","12% courtage Micro Rave","0","69cfb65d06483e1fec1ec8dd","platform_fee","","","2026-04-04 13:29:06.267+00","0","","CAD","","pending","2026-04-04 13:29:06.267+00","69f1f7cb8b6f84386ebd511a","2026-04-29T12:21:31.008000","2026-04-29T12:21:31.008000","698c747aee05acfdd23ea578","false"
"","69cfb8316ea9c49bbd73a88c","Reste — aucun talent confirmé","0","69cfbac0dfdec141778ef14f","platform_production","","","2026-04-04 13:29:06.267+00","0","","CAD","","pending","2026-04-04 13:29:06.267+00","69f1f7cb8b6f84386ebd511b","2026-04-29T12:21:31.008000","2026-04-29T12:21:31.008000","698c747aee05acfdd23ea578","false"
"","69cfb8316ea9c49bbd73a88c","100$ fixe vidéo","10000","69cfbac0dfdec141778ef14f","talent_video","","","2026-04-04 13:29:06.267+00","10000","","CAD","","voided","2026-04-04 13:29:06.267+00","69f1f7cb8b6f84386ebd511c","2026-04-29T12:21:31.008000","2026-04-29T12:21:31.008000","698c747aee05acfdd23ea578","false"
"","69cfb8316ea9c49bbd73a88c","15% commission vendeur","0","69cfbac0dfdec141778ef14f","seller_commission","","","2026-04-04 13:29:06.267+00","0","","CAD","","pending","2026-04-04 13:29:06.267+00","69f1f7cb8b6f84386ebd511d","2026-04-29T12:21:31.008000","2026-04-29T12:21:31.008000","698c747aee05acfdd23ea578","false"
"","69cfb8316ea9c49bbd73a88c","12% courtage Micro Rave","0","69cfbac0dfdec141778ef14f","platform_fee","","","2026-04-04 13:29:06.267+00","0","","CAD","","pending","2026-04-04 13:29:06.267+00","69f1f7cb8b6f84386ebd511e","2026-04-29T12:21:31.008000","2026-04-29T12:21:31.008000","698c747aee05acfdd23ea578","false"
"","69cfbb630d392a816c8bf25d","Reste — aucun talent confirmé","0","69cfbbc70214e1dafc7642d1","platform_production","","","2026-04-04 13:29:06.267+00","0","","CAD","","pending","2026-04-04 13:29:06.267+00","69f1f7cb8b6f84386ebd511f","2026-04-29T12:21:31.008000","2026-04-29T12:21:31.008000","698c747aee05acfdd23ea578","false"
"","69cfbb630d392a816c8bf25d","100$ fixe vidéo","10000","69cfbbc70214e1dafc7642d1","talent_video","","","2026-04-04 13:29:06.267+00","10000","","CAD","","voided","2026-04-04 13:29:06.267+00","69f1f7cb8b6f84386ebd5120","2026-04-29T12:21:31.008000","2026-04-29T12:21:31.008000","698c747aee05acfdd23ea578","false"
"","69cfbb630d392a816c8bf25d","15% commission vendeur","0","69cfbbc70214e1dafc7642d1","seller_commission","","","2026-04-04 13:29:06.267+00","0","","CAD","","pending","2026-04-04 13:29:06.267+00","69f1f7cb8b6f84386ebd5121","2026-04-29T12:21:31.008000","2026-04-29T12:21:31.008000","698c747aee05acfdd23ea578","false"
"","69cfbb630d392a816c8bf25d","12% courtage Micro Rave","0","69cfbbc70214e1dafc7642d1","platform_fee","","","2026-04-04 13:29:06.267+00","0","","CAD","","pending","2026-04-04 13:29:06.267+00","69f1f7cb8b6f84386ebd5122","2026-04-29T12:21:31.008000","2026-04-29T12:21:31.008000","698c747aee05acfdd23ea578","false"
"","69cfa49415df4eacf20218d9","Reste — aucun talent confirmé","0","69cfa51965801673a2fc4f76","platform_production","","","2026-04-04 12:29:06.182+00","0","","CAD","","pending","2026-04-04 12:29:06.182+00","69f1f7cb8b6f84386ebd5123","2026-04-29T12:21:31.008000","2026-04-29T12:21:31.008000","698c747aee05acfdd23ea578","false"
"","69cfa49415df4eacf20218d9","100$ fixe vidéo","10000","69cfa51965801673a2fc4f76","talent_video","","","2026-04-04 12:29:06.182+00","10000","","CAD","","voided","2026-04-04 12:29:06.182+00","69f1f7cb8b6f84386ebd5124","2026-04-29T12:21:31.008000","2026-04-29T12:21:31.008000","698c747aee05acfdd23ea578","false"
"","69cfa49415df4eacf20218d9","15% commission vendeur","0","69cfa51965801673a2fc4f76","seller_commission","","","2026-04-04 12:29:06.182+00","0","","CAD","","pending","2026-04-04 12:29:06.182+00","69f1f7cb8b6f84386ebd5125","2026-04-29T12:21:31.008000","2026-04-29T12:21:31.008000","698c747aee05acfdd23ea578","false"
"","69cfa49415df4eacf20218d9","12% courtage Micro Rave","0","69cfa51965801673a2fc4f76","platform_fee","","","2026-04-04 12:29:06.182+00","0","","CAD","","pending","2026-04-04 12:29:06.182+00","69f1f7cb8b6f84386ebd5126","2026-04-29T12:21:31.008000","2026-04-29T12:21:31.008000","698c747aee05acfdd23ea578","false"
"","69cfaac9e1ac5fee76650b71","Reste — aucun talent confirmé","0","69cfabb512759c8332ff8c5c","platform_production","","","2026-04-04 12:29:06.182+00","0","","CAD","","pending","2026-04-04 12:29:06.182+00","69f1f7cb8b6f84386ebd5127","2026-04-29T12:21:31.008000","2026-04-29T12:21:31.008000","698c747aee05acfdd23ea578","false"
"","69cfaac9e1ac5fee76650b71","100$ fixe vidéo","10000","69cfabb512759c8332ff8c5c","talent_video","","","2026-04-04 12:29:06.182+00","10000","","CAD","","voided","2026-04-04 12:29:06.182+00","69f1f7cb8b6f84386ebd5128","2026-04-29T12:21:31.008000","2026-04-29T12:21:31.008000","698c747aee05acfdd23ea578","false"
"","69cfaac9e1ac5fee76650b71","15% commission vendeur","0","69cfabb512759c8332ff8c5c","seller_commission","","","2026-04-04 12:29:06.182+00","0","","CAD","","pending","2026-04-04 12:29:06.182+00","69f1f7cb8b6f84386ebd5129","2026-04-29T12:21:31.008000","2026-04-29T12:21:31.008000","698c747aee05acfdd23ea578","false"
"","69cfaac9e1ac5fee76650b71","12% courtage Micro Rave","0","69cfabb512759c8332ff8c5c","platform_fee","","","2026-04-04 12:29:06.182+00","0","","CAD","","pending","2026-04-04 12:29:06.182+00","69f1f7cb8b6f84386ebd512a","2026-04-29T12:21:31.008000","2026-04-29T12:21:31.008000","698c747aee05acfdd23ea578","false"
"","69cfa1b2ecfbdb3dbc9ab830","Reste — aucun talent confirmé","0","69cfa1f2550603c40cfce001","platform_production","","","2026-04-04 11:29:06.116+00","0","","CAD","","pending","2026-04-04 11:29:06.116+00","69f1f7cb8b6f84386ebd512b","2026-04-29T12:21:31.008000","2026-04-29T12:21:31.008000","698c747aee05acfdd23ea578","false"
"","69cfa1b2ecfbdb3dbc9ab830","100$ fixe vidéo","10000","69cfa1f2550603c40cfce001","talent_video","","","2026-04-04 11:29:06.116+00","10000","","CAD","","voided","2026-04-04 11:29:06.116+00","69f1f7cb8b6f84386ebd512c","2026-04-29T12:21:31.008000","2026-04-29T12:21:31.008000","698c747aee05acfdd23ea578","false"
"","69cfa1b2ecfbdb3dbc9ab830","15% commission vendeur","0","69cfa1f2550603c40cfce001","seller_commission","","","2026-04-04 11:29:06.116+00","0","","CAD","","pending","2026-04-04 11:29:06.116+00","69f1f7cb8b6f84386ebd512d","2026-04-29T12:21:31.008000","2026-04-29T12:21:31.008000","698c747aee05acfdd23ea578","false"
"","69cfa1b2ecfbdb3dbc9ab830","12% courtage Micro Rave","0","69cfa1f2550603c40cfce001","platform_fee","","","2026-04-04 11:29:06.116+00","0","","CAD","","pending","2026-04-04 11:29:06.116+00","69f1f7cb8b6f84386ebd512e","2026-04-29T12:21:31.008000","2026-04-29T12:21:31.008000","698c747aee05acfdd23ea578","false"
"","69b4ad369800bce48e0dcf20","Reste — aucun talent confirmé","0","69b4af910dc74db020a8ec16","platform_production","","","2026-03-15 01:29:06.091+00","0","","CAD","","pending","2026-03-15 01:29:06.091+00","69f1f7cb8b6f84386ebd512f","2026-04-29T12:21:31.008000","2026-04-29T12:21:31.008000","698c747aee05acfdd23ea578","false"
"","69b4ad369800bce48e0dcf20","100$ fixe vidéo","10000","69b4af910dc74db020a8ec16","talent_video","","","2026-03-15 01:29:06.091+00","10000","","CAD","","voided","2026-03-15 01:29:06.091+00","69f1f7cb8b6f84386ebd5130","2026-04-29T12:21:31.008000","2026-04-29T12:21:31.008000","698c747aee05acfdd23ea578","false"
"","69b4ad369800bce48e0dcf20","15% commission vendeur","0","69b4af910dc74db020a8ec16","seller_commission","","","2026-03-15 01:29:06.091+00","0","","CAD","","pending","2026-03-15 01:29:06.091+00","69f1f7cb8b6f84386ebd5131","2026-04-29T12:21:31.008000","2026-04-29T12:21:31.008000","698c747aee05acfdd23ea578","false"
"","69b4ad369800bce48e0dcf20","12% courtage Micro Rave","0","69b4af910dc74db020a8ec16","platform_fee","","","2026-03-15 01:29:06.091+00","0","","CAD","","pending","2026-03-15 01:29:06.091+00","69f1f7cb8b6f84386ebd5132","2026-04-29T12:21:31.008000","2026-04-29T12:21:31.008000","698c747aee05acfdd23ea578","false"
"","69b417cf986d484a2fac3654","Reste — aucun talent confirmé","0","69b4297dcc979a667b99d518","platform_production","","","2026-03-14 15:29:06.108+00","0","","CAD","","pending","2026-03-14 15:29:06.108+00","69f1f7cb8b6f84386ebd5133","2026-04-29T12:21:31.008000","2026-04-29T12:21:31.008000","698c747aee05acfdd23ea578","false"
"","69b417cf986d484a2fac3654","100$ fixe vidéo","10000","69b4297dcc979a667b99d518","talent_video","","","2026-03-14 15:29:06.108+00","10000","","CAD","","voided","2026-03-14 15:29:06.108+00","69f1f7cb8b6f84386ebd5134","2026-04-29T12:21:31.008000","2026-04-29T12:21:31.008000","698c747aee05acfdd23ea578","false"
"","69b417cf986d484a2fac3654","15% commission vendeur","0","69b4297dcc979a667b99d518","seller_commission","","","2026-03-14 15:29:06.108+00","0","","CAD","","pending","2026-03-14 15:29:06.108+00","69f1f7cb8b6f84386ebd5135","2026-04-29T12:21:31.008000","2026-04-29T12:21:31.008000","698c747aee05acfdd23ea578","false"
"","69b417cf986d484a2fac3654","12% courtage Micro Rave","0","69b4297dcc979a667b99d518","platform_fee","","","2026-03-14 15:29:06.108+00","0","","CAD","","pending","2026-03-14 15:29:06.108+00","69f1f7cb8b6f84386ebd5136","2026-04-29T12:21:31.008000","2026-04-29T12:21:31.008000","698c747aee05acfdd23ea578","false"
"","69b412a3d76774f49fe2d56e","Reste — aucun talent confirmé","0","69b416b1d4fb9618ccefd644","platform_production","","","2026-03-14 14:29:06.145+00","0","","CAD","","pending","2026-03-14 14:29:06.145+00","69f1f7cb8b6f84386ebd5137","2026-04-29T12:21:31.008000","2026-04-29T12:21:31.008000","698c747aee05acfdd23ea578","false"
"","69b412a3d76774f49fe2d56e","100$ fixe vidéo","10000","69b416b1d4fb9618ccefd644","talent_video","","","2026-03-14 14:29:06.145+00","10000","","CAD","","voided","2026-03-14 14:29:06.145+00","69f1f7cb8b6f84386ebd5138","2026-04-29T12:21:31.008000","2026-04-29T12:21:31.008000","698c747aee05acfdd23ea578","false"
"","69b412a3d76774f49fe2d56e","15% commission vendeur","0","69b416b1d4fb9618ccefd644","seller_commission","","","2026-03-14 14:29:06.145+00","0","","CAD","","pending","2026-03-14 14:29:06.145+00","69f1f7cb8b6f84386ebd5139","2026-04-29T12:21:31.008000","2026-04-29T12:21:31.008000","698c747aee05acfdd23ea578","false"
"","69b412a3d76774f49fe2d56e","12% courtage Micro Rave","0","69b416b1d4fb9618ccefd644","platform_fee","","","2026-03-14 14:29:06.145+00","0","","CAD","","pending","2026-03-14 14:29:06.145+00","69f1f7cb8b6f84386ebd513a","2026-04-29T12:21:31.008000","2026-04-29T12:21:31.008000","698c747aee05acfdd23ea578","false"
"","69b32fc145557775814c4097","Reste — aucun talent confirmé","0","69b40fb1284dbc11a17768d7","platform_production","","","2026-03-14 13:29:06.228+00","0","","CAD","","pending","2026-03-14 13:29:06.228+00","69f1f7cb8b6f84386ebd513b","2026-04-29T12:21:31.008000","2026-04-29T12:21:31.008000","698c747aee05acfdd23ea578","false"
"","69b32fc145557775814c4097","100$ fixe vidéo","10000","69b40fb1284dbc11a17768d7","talent_video","","","2026-03-14 13:29:06.228+00","10000","","CAD","","voided","2026-03-14 13:29:06.228+00","69f1f7cb8b6f84386ebd513c","2026-04-29T12:21:31.008000","2026-04-29T12:21:31.008000","698c747aee05acfdd23ea578","false"
"","69b32fc145557775814c4097","15% commission vendeur","0","69b40fb1284dbc11a17768d7","seller_commission","","","2026-03-14 13:29:06.228+00","0","","CAD","","pending","2026-03-14 13:29:06.228+00","69f1f7cb8b6f84386ebd513d","2026-04-29T12:21:31.008000","2026-04-29T12:21:31.008000","698c747aee05acfdd23ea578","false"
"","69b32fc145557775814c4097","12% courtage Micro Rave","0","69b40fb1284dbc11a17768d7","platform_fee","","","2026-03-14 13:29:06.228+00","0","","CAD","","pending","2026-03-14 13:29:06.228+00","69f1f7cb8b6f84386ebd513e","2026-04-29T12:21:31.008000","2026-04-29T12:21:31.008000","698c747aee05acfdd23ea578","false"
"contract_amount","69e60a1a009afd50a6bb2800","Talent présent — 50$ - fee 5.70% = 47.15$ [lineup: lineup_placement, commission: snapshot]","4715","69e6142e7468c4120c33b07e","talent_payout","69cd302266f2193a99122757","tr_1TPW1DEDnfppNFcxr0aNqlnu","2026-04-20 14:15:29.198+00","5000","2026-04-23 22:46:29.365+00","CAD","0.057","paid","2026-04-23 22:46:29.365+00","69f1f7cb8b6f84386ebd513f","2026-04-29T12:21:31.008000","2026-04-29T12:21:31.008000","698c747aee05acfdd23ea578","false"
"percentage_post","69e38bcada564eeacc35a4c3","Courtage snapshot T1 figé=11.40% = 43.94$ [UNDERFUNDED: contrat 400$ → effectif 385.45$ (ratio 0.964)]","4394","69e393af53e9a4cac5e79d68","platform_fee","","","2026-04-20 12:37:59.487+00","40000","2026-04-23 22:41:49.45+00","CAD","","paid","2026-04-23 22:41:49.45+00","69f1f7cb8b6f84386ebd5140","2026-04-29T12:21:31.008000","2026-04-29T12:21:31.008000","698c747aee05acfdd23ea578","false"
"percentage_post","69e38bcada564eeacc35a4c3","Courtage snapshot T1 figé=11.40% = 16.48$ [UNDERFUNDED: contrat 150$ → effectif 144.55$ (ratio 0.964)]","1648","69e393af53e9a4cac5e79d68","platform_fee","","","2026-04-20 12:37:59.487+00","15000","","CAD","","pending","2026-04-20 12:37:59.487+00","69f1f7cb8b6f84386ebd5141","2026-04-29T12:21:31.008000","2026-04-29T12:21:31.008000","698c747aee05acfdd23ea578","false"
"contract_amount","69e38bcada564eeacc35a4c3","Talent présent — 385.45$ - fee 11.40% = 341.51$ [lineup: lineup_placement, commission: snapshot] [UNDERFUNDED: contrat 400$ → effectif 385.45$ (ratio 0.964)]","34151","69e393af53e9a4cac5e79d68","talent_payout","698d204286a5af9808991620","tr_1TPVx5EDnfppNFcxsVHTgnhM","2026-04-20 12:37:59.487+00","40000","2026-04-23 22:41:49.45+00","CAD","0.114","paid","2026-04-23 22:41:49.45+00","69f1f7cb8b6f84386ebd5142","2026-04-29T12:21:31.008000","2026-04-29T12:21:31.008000","698c747aee05acfdd23ea578","false"
"contract_amount","69e38bcada564eeacc35a4c3","Talent présent — 144.55$ - fee 11.40% = 128.07$ [lineup: lineup_placement, commission: snapshot] [UNDERFUNDED: contrat 150$ → effectif 144.55$ (ratio 0.964)]","12807","69e393af53e9a4cac5e79d68","talent_payout","698c747aee05acfdd23ea578","tr_1TPVx9EDnfppNFcxHkDPOhJN","2026-04-20 12:37:59.487+00","15000","2026-04-23 22:41:49.45+00","CAD","0.114","paid","2026-04-23 22:41:49.45+00","69f1f7cb8b6f84386ebd5143","2026-04-29T12:21:31.008000","2026-04-29T12:21:31.008000","698c747aee05acfdd23ea578","false"
"percentage_post","69e3993bb98029bbaa79b22b","Courtage snapshot T1 figé=11.40% = 5.93$ [UNDERFUNDED: contrat 438$ → effectif 52$ (ratio 0.119)]","593","69e39c43a0cc6764d5d964ab","platform_fee","","","2026-04-20 12:37:55.96+00","43800","2026-04-20 15:07:20.354+00","CAD","","paid","2026-04-20 15:07:20.354+00","69f1f7cb8b6f84386ebd5144","2026-04-29T12:21:31.008000","2026-04-29T12:21:31.008000","698c747aee05acfdd23ea578","false"
"contract_amount","69e3993bb98029bbaa79b22b","Talent présent — 52$ - fee 11.40% = 46.07$ [lineup: lineup_placement, commission: snapshot] [UNDERFUNDED: contrat 438$ → effectif 52$ (ratio 0.119)]","4607","69e39c43a0cc6764d5d964ab","talent_payout","698dbbf753d545317578c200","tr_3TNaAOEDnfppNFcx1gSTdhEd","2026-04-20 12:37:55.96+00","43800","2026-04-20 15:07:20.354+00","CAD","0.114","paid","2026-04-20 15:07:20.354+00","69f1f7cb8b6f84386ebd5145","2026-04-29T12:21:31.008000","2026-04-29T12:21:31.008000","698c747aee05acfdd23ea578","false"
"percentage_post","69e3a047873f1e0e8a9c1220","Courtage snapshot T1 figé=11.40% = 15.96$","1596","69e3a93cb80c79987130c524","platform_fee","","","2026-04-20 12:37:53.023+00","1596","2026-04-23 22:41:49.45+00","CAD","","paid","2026-04-23 22:41:49.45+00","69f1f7cb8b6f84386ebd5146","2026-04-29T12:21:31.008000","2026-04-29T12:21:31.008000","698c747aee05acfdd23ea578","false"
"percentage_post","69e3a047873f1e0e8a9c1220","Courtage snapshot T1 figé=11.40% = 5.47$","547","69e3a93cb80c79987130c524","platform_fee","","","2026-04-20 12:37:53.023+00","547","","CAD","","pending","2026-04-20 12:37:53.023+00","69f1f7cb8b6f84386ebd5147","2026-04-29T12:21:31.008000","2026-04-29T12:21:31.008000","698c747aee05acfdd23ea578","false"
"contract_amount","69e3a047873f1e0e8a9c1220","Talent présent — 140$ - fee 11.40% = 124.04$ [lineup: lineup_placement, commission: snapshot]","12404","69e3a93cb80c79987130c524","talent_payout","698d204286a5af9808991620","tr_1TPVxCEDnfppNFcxbffBBop3","2026-04-20 12:37:53.023+00","14000","2026-04-23 22:41:49.45+00","CAD","0.114","paid","2026-04-23 22:41:49.45+00","69f1f7cb8b6f84386ebd5148","2026-04-29T12:21:31.008000","2026-04-29T12:21:31.008000","698c747aee05acfdd23ea578","false"
"contract_amount","69e3a047873f1e0e8a9c1220","Talent présent — 48$ - fee 11.40% = 42.53$ [lineup: lineup_placement, commission: snapshot]","4253","69e3a93cb80c79987130c524","talent_payout","698dbbf753d545317578c200","tr_1TPVxGEDnfppNFcxcGpx19KF","2026-04-20 12:37:53.023+00","4800","2026-04-23 22:41:49.45+00","CAD","0.114","paid","2026-04-23 22:41:49.45+00","69f1f7cb8b6f84386ebd5149","2026-04-29T12:21:31.008000","2026-04-29T12:21:31.008000","698c747aee05acfdd23ea578","false"
"percentage_post","69e577bcee2fde3af32912b9","Courtage snapshot T1 figé=5.70% = 11.12$","1112","69e58235858b10dbd76020ee","platform_fee","","","2026-04-20 01:37:00.225+00","1112","2026-04-23 22:46:29.365+00","CAD","","paid","2026-04-23 22:46:29.365+00","69f1f7cb8b6f84386ebd514a","2026-04-29T12:21:31.008000","2026-04-29T12:21:31.008000","698c747aee05acfdd23ea578","false"
"percentage_post","69e577bcee2fde3af32912b9","Courtage snapshot T1 figé=3.33% = 0.33$","33","69e58235858b10dbd76020ee","platform_fee","","","2026-04-20 01:37:00.225+00","33","","CAD","","pending","2026-04-20 01:37:00.225+00","69f1f7cb8b6f84386ebd514b","2026-04-29T12:21:31.008000","2026-04-29T12:21:31.008000","698c747aee05acfdd23ea578","false"
"percentage_post","69e577bcee2fde3af32912b9","Courtage snapshot T1 figé=11.40% = 27.36$","2736","69e58235858b10dbd76020ee","platform_fee","","","2026-04-20 01:37:00.225+00","2736","","CAD","","pending","2026-04-20 01:37:00.225+00","69f1f7cb8b6f84386ebd514c","2026-04-29T12:21:31.008000","2026-04-29T12:21:31.008000","698c747aee05acfdd23ea578","false"
"contract_amount","69e577bcee2fde3af32912b9","Talent présent — 195$ - fee 5.70% = 183.88$ [lineup: lineup_placement, commission: snapshot]","18388","69e58235858b10dbd76020ee","talent_payout","69cd302266f2193a99122757","tr_1TPW1HEDnfppNFcxX1ua9Eo3","2026-04-20 01:37:00.225+00","19500","2026-04-23 22:46:29.365+00","CAD","0.057","paid","2026-04-23 22:46:29.365+00","69f1f7cb8b6f84386ebd514d","2026-04-29T12:21:31.008000","2026-04-29T12:21:31.008000","698c747aee05acfdd23ea578","false"
"contract_amount","69e577bcee2fde3af32912b9","Talent présent — 10$ - fee 3.33% = 9.67$ [lineup: lineup_placement, commission: snapshot]","967","69e58235858b10dbd76020ee","talent_payout","69b48a2b7d5c0db589c6bb1c","tr_1TOJQgEDnfppNFcxGbJMoPTb","2026-04-20 01:37:00.225+00","1000","2026-04-20 15:07:20.354+00","CAD","0.0333","paid","2026-04-20 15:07:20.354+00","69f1f7cb8b6f84386ebd514e","2026-04-29T12:21:31.008000","2026-04-29T12:21:31.008000","698c747aee05acfdd23ea578","false"
"contract_amount","69e577bcee2fde3af32912b9","Talent présent — 240$ - fee 11.40% = 212.64$ [lineup: lineup_placement, commission: snapshot]","21264","69e58235858b10dbd76020ee","talent_payout","698d204286a5af9808991620","tr_1TPVxKEDnfppNFcxXBL1BnKS","2026-04-20 01:37:00.225+00","24000","2026-04-23 22:41:49.45+00","CAD","0.114","paid","2026-04-23 22:41:49.45+00","69f1f7cb8b6f84386ebd514f","2026-04-29T12:21:31.008000","2026-04-29T12:21:31.008000","698c747aee05acfdd23ea578","false"
"percentage_post","69e3dc9b1c351869c39d98a3","Courtage snapshot T1 figé=11.40% = 37.62$","3762","69e4cd560a302dd60a5d81d1","platform_fee","","","2026-04-19 13:15:49.325+00","3762","2026-04-23 22:41:49.45+00","CAD","","paid","2026-04-23 22:41:49.45+00","69f1f7cb8b6f84386ebd5150","2026-04-29T12:21:31.008000","2026-04-29T12:21:31.008000","698c747aee05acfdd23ea578","false"
"percentage_post","69e3dc9b1c351869c39d98a3","Courtage snapshot T1 figé=11.40% = 12.54$","1254","69e4cd560a302dd60a5d81d1","platform_fee","","","2026-04-19 13:15:49.325+00","1254","","CAD","","pending","2026-04-19 13:15:49.325+00","69f1f7cb8b6f84386ebd5151","2026-04-29T12:21:31.008000","2026-04-29T12:21:31.008000","698c747aee05acfdd23ea578","false"
"percentage_post","69e3dc9b1c351869c39d98a3","Courtage snapshot T1 figé=11.40% = 28.5$","2850","69e4cd560a302dd60a5d81d1","platform_fee","","","2026-04-19 13:15:49.325+00","2850","","CAD","","pending","2026-04-19 13:15:49.325+00","69f1f7cb8b6f84386ebd5152","2026-04-29T12:21:31.008000","2026-04-29T12:21:31.008000","698c747aee05acfdd23ea578","false"
"contract_amount","69e3dc9b1c351869c39d98a3","Talent présent — 330$ - fee 11.40% = 292.38$ [lineup: lineup_placement, commission: snapshot]","29238","69e4cd560a302dd60a5d81d1","talent_payout","698c747aee05acfdd23ea578","tr_1TNx2GEDnfppNFcxwUNkN29A","2026-04-19 13:15:49.325+00","33000","2026-04-19 15:13:15.524+00","CAD","0.114","paid","2026-04-19 15:13:15.524+00","69f1f7cb8b6f84386ebd5153","2026-04-29T12:21:31.008000","2026-04-29T12:21:31.008000","698c747aee05acfdd23ea578","false"
"contract_amount","69e3dc9b1c351869c39d98a3","Talent présent — 110$ - fee 11.40% = 97.46$ [lineup: lineup_placement, commission: snapshot]","9746","69e4cd560a302dd60a5d81d1","talent_payout","698d204286a5af9808991620","tr_1TNx2JEDnfppNFcxE0U7ADE7","2026-04-19 13:15:49.325+00","11000","2026-04-19 15:13:15.524+00","CAD","0.114","paid","2026-04-19 15:13:15.524+00","69f1f7cb8b6f84386ebd5154","2026-04-29T12:21:31.008000","2026-04-29T12:21:31.008000","698c747aee05acfdd23ea578","false"
"contract_amount","69e3dc9b1c351869c39d98a3","Talent présent — 250$ - fee 11.40% = 221.5$ [lineup: lineup_placement, commission: snapshot]","22150","69e4cd560a302dd60a5d81d1","talent_payout","69b48a2b7d5c0db589c6bb1c","tr_1TPVxOEDnfppNFcxQ9ku7r3R","2026-04-19 13:15:49.325+00","25000","2026-04-23 22:41:49.45+00","CAD","0.114","paid","2026-04-23 22:41:49.45+00","69f1f7cb8b6f84386ebd5155","2026-04-29T12:21:31.008000","2026-04-29T12:21:31.008000","698c747aee05acfdd23ea578","false"
"percentage_post","69e169278a79490c4201e2a0","Courtage snapshot T1 figé=11.40% = 11.4$","1140","69e16aa35d02f8780e76e565","platform_fee","","","2026-04-19 13:00:46.081+00","1140","2026-04-23 22:41:49.45+00","CAD","","paid","2026-04-23 22:41:49.45+00","69f1f7cb8b6f84386ebd5156","2026-04-29T12:21:31.008000","2026-04-29T12:21:31.008000","698c747aee05acfdd23ea578","false"
"percentage_post","69e169278a79490c4201e2a0","Courtage snapshot T1 figé=11.40% = 22.8$","2280","69e16aa35d02f8780e76e565","platform_fee","","","2026-04-19 13:00:46.081+00","2280","","CAD","","pending","2026-04-19 13:00:46.081+00","69f1f7cb8b6f84386ebd5157","2026-04-29T12:21:31.008000","2026-04-29T12:21:31.008000","698c747aee05acfdd23ea578","false"
"percentage_post","69e169278a79490c4201e2a0","Courtage snapshot T1 figé=11.40% = 5.7$","570","69e16aa35d02f8780e76e565","platform_fee","","","2026-04-19 13:00:46.081+00","570","","CAD","","pending","2026-04-19 13:00:46.081+00","69f1f7cb8b6f84386ebd5158","2026-04-29T12:21:31.008000","2026-04-29T12:21:31.008000","698c747aee05acfdd23ea578","false"
"contract_amount","69e169278a79490c4201e2a0","Talent présent — 100$ - fee 11.40% = 88.6$ [lineup: lineup_placement, commission: snapshot]","8860","69e16aa35d02f8780e76e565","talent_payout","698dbbf753d545317578c200","tr_1TPVxREDnfppNFcxpMqeUMuI","2026-04-19 13:00:46.081+00","10000","2026-04-23 22:41:49.45+00","CAD","0.114","paid","2026-04-23 22:41:49.45+00","69f1f7cb8b6f84386ebd5159","2026-04-29T12:21:31.008000","2026-04-29T12:21:31.008000","698c747aee05acfdd23ea578","false"
"contract_amount","69e169278a79490c4201e2a0","Talent présent — 200$ - fee 11.40% = 177.2$ [lineup: lineup_placement, commission: snapshot]","17720","69e16aa35d02f8780e76e565","talent_payout","69b48a2b7d5c0db589c6bb1c","tr_1TPVxVEDnfppNFcxBQF6yi3J","2026-04-19 13:00:46.081+00","20000","2026-04-23 22:41:49.45+00","CAD","0.114","paid","2026-04-23 22:41:49.45+00","69f1f7cb8b6f84386ebd515a","2026-04-29T12:21:31.008000","2026-04-29T12:21:31.008000","698c747aee05acfdd23ea578","false"
"contract_amount","69e169278a79490c4201e2a0","Talent présent — 50$ - fee 11.40% = 44.3$ [lineup: lineup_placement, commission: snapshot]","4430","69e16aa35d02f8780e76e565","talent_payout","698c747aee05acfdd23ea578","tr_1TNx2NEDnfppNFcxfp1NIZ6N","2026-04-19 13:00:46.081+00","5000","2026-04-19 15:13:15.524+00","CAD","0.114","paid","2026-04-19 15:13:15.524+00","69f1f7cb8b6f84386ebd515b","2026-04-29T12:21:31.008000","2026-04-29T12:21:31.008000","698c747aee05acfdd23ea578","false"
"percentage_post","69e2a427fcddd91985cf7791","Courtage snapshot T1 figé=11.40% = 5.7$","570","69e2b74ef1b2205e19e63a1f","platform_fee","","","2026-04-19 13:00:39.983+00","570","2026-04-23 22:41:49.45+00","CAD","","paid","2026-04-23 22:41:49.45+00","69f1f7cb8b6f84386ebd515c","2026-04-29T12:21:31.008000","2026-04-29T12:21:31.008000","698c747aee05acfdd23ea578","false"
"percentage_post","69e7dc7a3a00ff3f726c896b","Courtage annulation 5% sur part 122757 (20$)","100","69f12b70b966014234ae9927","platform_fee","","","2026-04-29 10:46:06.133+00","2000","","CAD","","pending","2026-04-29 10:46:06.133+00","69f1f7cb8b6f84386ebd50e3","2026-04-29T12:21:31.007000","2026-04-29T12:21:31.007000","698c747aee05acfdd23ea578","false"
"percentage_post","69e7dc7a3a00ff3f726c896b","Courtage annulation 5% sur part c6bb1c (80$)","400","69f12b70b966014234ae9927","platform_fee","","","2026-04-29 10:46:06.133+00","8000","","CAD","","pending","2026-04-29 10:46:06.133+00","69f1f7cb8b6f84386ebd50e4","2026-04-29T12:21:31.007000","2026-04-29T12:21:31.007000","698c747aee05acfdd23ea578","false"
"percentage_post","69e7dc7a3a00ff3f726c896b","Courtage annulation 5% sur part 78c200 (102$)","510","69f12b70b966014234ae9927","platform_fee","","","2026-04-29 10:46:06.133+00","10200","","CAD","","pending","2026-04-29 10:46:06.133+00","69f1f7cb8b6f84386ebd50e5","2026-04-29T12:21:31.007000","2026-04-29T12:21:31.007000","698c747aee05acfdd23ea578","false"
"percentage_post","69e7dc7a3a00ff3f726c896b","Courtage annulation 5% sur part cda675 (13$)","65","69f12b70b966014234ae9927","platform_fee","","","2026-04-29 10:46:06.133+00","1300","","CAD","","pending","2026-04-29 10:46:06.133+00","69f1f7cb8b6f84386ebd50e6","2026-04-29T12:21:31.007000","2026-04-29T12:21:31.007000","698c747aee05acfdd23ea578","false"
"percentage_post","69e7dc7a3a00ff3f726c896b","Courtage annulation 5% sur part a3457a (67$)","335","69f12b70b966014234ae9927","platform_fee","","","2026-04-29 10:46:06.133+00","6700","","CAD","","pending","2026-04-29 10:46:06.133+00","69f1f7cb8b6f84386ebd50e7","2026-04-29T12:21:31.007000","2026-04-29T12:21:31.007000","698c747aee05acfdd23ea578","false"
"proportional_deposit","69e7dc7a3a00ff3f726c896b","Part dépôt annulation — contrat 100$ × 7.1% = 20$ - fee 5% = 19$","1900","69f12b70b966014234ae9927","talent_payout","69cd302266f2193a99122757","","2026-04-29 10:46:06.133+00","10000","","CAD","0.05","pending","2026-04-29 10:46:06.133+00","69f1f7cb8b6f84386ebd50e8","2026-04-29T12:21:31.007000","2026-04-29T12:21:31.007000","698c747aee05acfdd23ea578","false"
"proportional_deposit","69e7dc7a3a00ff3f726c896b","Part dépôt annulation — contrat 400$ × 28.4% = 80$ - fee 5% = 76$","7600","69f12b70b966014234ae9927","talent_payout","69b48a2b7d5c0db589c6bb1c","","2026-04-29 10:46:06.133+00","40000","","CAD","0.05","pending","2026-04-29 10:46:06.133+00","69f1f7cb8b6f84386ebd50e9","2026-04-29T12:21:31.007000","2026-04-29T12:21:31.007000","698c747aee05acfdd23ea578","false"
"proportional_deposit","69e7dc7a3a00ff3f726c896b","Part dépôt annulation — contrat 510$ × 36.2% = 102$ - fee 5% = 96.9$","9690","69f12b70b966014234ae9927","talent_payout","698dbbf753d545317578c200","","2026-04-29 10:46:06.133+00","51000","","CAD","0.05","pending","2026-04-29 10:46:06.133+00","69f1f7cb8b6f84386ebd50ea","2026-04-29T12:21:31.007000","2026-04-29T12:21:31.007000","698c747aee05acfdd23ea578","false"
"proportional_deposit","69e7dc7a3a00ff3f726c896b","Part dépôt annulation — contrat 65$ × 4.6% = 13$ - fee 5% = 12.35$","1235","69f12b70b966014234ae9927","talent_payout","699c655e40e8dc98eacda675","","2026-04-29 10:46:06.133+00","6500","","CAD","0.05","pending","2026-04-29 10:46:06.133+00","69f1f7cb8b6f84386ebd50eb","2026-04-29T12:21:31.007000","2026-04-29T12:21:31.007000","698c747aee05acfdd23ea578","false"
"proportional_deposit","69e7dc7a3a00ff3f726c896b","Part dépôt annulation — contrat 335$ × 23.8% = 67$ - fee 5% = 63.65$","6365","69f12b70b966014234ae9927","talent_payout","698dd1b2193c860027a3457a","","2026-04-29 10:46:06.133+00","33500","","CAD","0.05","pending","2026-04-29 10:46:06.133+00","69f1f7cb8b6f84386ebd50ec","2026-04-29T12:21:31.007000","2026-04-29T12:21:31.007000","698c747aee05acfdd23ea578","false"
"refund","69eb5ea399dc25700de73ac6","No-show remboursé au payeur — talent a229f6 contrat 60$ = 60.0% × salePrice 0$ = 0$","0","69eb63704e4a32601ea70a7f","talent_noshow_refund","","","2026-04-29 10:41:56.676+00","6000","","CAD","","pending","2026-04-29 10:41:56.676+00","69f1f7cb8b6f84386ebd50ed","2026-04-29T12:21:31.007000","2026-04-29T12:21:31.007000","698c747aee05acfdd23ea578","false"
"refund","69eb5ea399dc25700de73ac6","No-show remboursé au payeur — talent cda675 contrat 40$ = 40.0% × salePrice 0$ = 0$","0","69eb63704e4a32601ea70a7f","talent_noshow_refund","","","2026-04-29 10:41:56.676+00","4000","","CAD","","pending","2026-04-29 10:41:56.676+00","69f1f7cb8b6f84386ebd50ee","2026-04-29T12:21:31.007000","2026-04-29T12:21:31.007000","698c747aee05acfdd23ea578","false"
"percentage_post","69e16c116de5c4509261cc1b","Courtage MR-PLAN-A-2024-01 Tier A (12.0%) × SOTS 3.7 mod 1 = 12.00% = 7.47$ [UNDERFUNDED: contrat 560$ → effectif 62.22$ (ratio 0.111)]","747","69e16cf47e7f89a29e26b269","platform_fee","","","2026-04-29 10:38:30.876+00","56000","","CAD","","pending","2026-04-29 10:38:30.876+00","69f1f7cb8b6f84386ebd50ef","2026-04-29T12:21:31.007000","2026-04-29T12:21:31.007000","698c747aee05acfdd23ea578","false"
"percentage_post","69e16c116de5c4509261cc1b","Courtage MR-PLAN-E-2026-01 Tier E (5.0%) × SOTS 3.9 mod 1 = 5.00% = 0.39$ [UNDERFUNDED: contrat 70$ → effectif 7.78$ (ratio 0.111)]","39","69e16cf47e7f89a29e26b269","platform_fee","","","2026-04-29 10:38:30.876+00","7000","","CAD","","pending","2026-04-29 10:38:30.876+00","69f1f7cb8b6f84386ebd50f0","2026-04-29T12:21:31.007000","2026-04-29T12:21:31.007000","698c747aee05acfdd23ea578","false"
"contract_amount","69e16c116de5c4509261cc1b","Talent présent — 62.22$ - fee 12.00% = 54.75$ [lineup: snapshot_fallback, commission: live] [UNDERFUNDED: contrat 560$ → effectif 62.22$ (ratio 0.111)]","5475","69e16cf47e7f89a29e26b269","talent_payout","698d204286a5af9808991620","","2026-04-29 10:38:30.876+00","56000","","CAD","0.12","pending","2026-04-29 10:38:30.876+00","69f1f7cb8b6f84386ebd50f1","2026-04-29T12:21:31.007000","2026-04-29T12:21:31.007000","698c747aee05acfdd23ea578","false"
"contract_amount","69e16c116de5c4509261cc1b","Talent présent — 7.78$ - fee 5.00% = 7.39$ [lineup: snapshot_fallback, commission: live] [UNDERFUNDED: contrat 70$ → effectif 7.78$ (ratio 0.111)]","739","69e16cf47e7f89a29e26b269","talent_payout","698dbbf753d545317578c200","","2026-04-29 10:38:30.876+00","7000","","CAD","0.05","pending","2026-04-29 10:38:30.876+00","69f1f7cb8b6f84386ebd50f2","2026-04-29T12:21:31.007000","2026-04-29T12:21:31.007000","698c747aee05acfdd23ea578","false"
"percentage_post","69e2cf0fe7c8b194afd3d8f8","Courtage MR-PLAN-A-2024-01 Tier A (12.0%) × SOTS 3.8 mod 1 = 12.00% = 19.2$ [UNDERFUNDED: contrat 200$ → effectif 160$ (ratio 0.800)]","1920","69e2d224c0bd8d19b93e1e5c","platform_fee","","","2026-04-29 10:38:08.008+00","20000","","CAD","","pending","2026-04-29 10:38:08.008+00","69f1f7cb8b6f84386ebd50f3","2026-04-29T12:21:31.007000","2026-04-29T12:21:31.007000","698c747aee05acfdd23ea578","false"
"percentage_post","69e2cf0fe7c8b194afd3d8f8","Courtage MR-PLAN-E-2026-01 Tier E (5.0%) × SOTS 3.7 mod 1 = 5.00% = 2$ [UNDERFUNDED: contrat 50$ → effectif 40$ (ratio 0.800)]","200","69e2d224c0bd8d19b93e1e5c","platform_fee","","","2026-04-29 10:38:08.008+00","5000","","CAD","","pending","2026-04-29 10:38:08.008+00","69f1f7cb8b6f84386ebd50f4","2026-04-29T12:21:31.007000","2026-04-29T12:21:31.007000","698c747aee05acfdd23ea578","false"
"contract_amount","69e2cf0fe7c8b194afd3d8f8","Talent présent — 160$ - fee 12.00% = 140.8$ [lineup: snapshot_fallback, commission: live] [UNDERFUNDED: contrat 200$ → effectif 160$ (ratio 0.800)]","14080","69e2d224c0bd8d19b93e1e5c","talent_payout","698dd1b2193c860027a3457a","","2026-04-29 10:38:08.008+00","20000","","CAD","0.12","pending","2026-04-29 10:38:08.008+00","69f1f7cb8b6f84386ebd50f5","2026-04-29T12:21:31.007000","2026-04-29T12:21:31.007000","698c747aee05acfdd23ea578","false"
"contract_amount","69e2cf0fe7c8b194afd3d8f8","Talent présent — 40$ - fee 5.00% = 38$ [lineup: snapshot_fallback, commission: live] [UNDERFUNDED: contrat 50$ → effectif 40$ (ratio 0.800)]","3800","69e2d224c0bd8d19b93e1e5c","talent_payout","698c747aee05acfdd23ea578","","2026-04-29 10:38:08.008+00","5000","","CAD","0.05","pending","2026-04-29 10:38:08.008+00","69f1f7cb8b6f84386ebd50f6","2026-04-29T12:21:31.007000","2026-04-29T12:21:31.007000","698c747aee05acfdd23ea578","false"
"percentage_post","69e3b8248fc51fd03a56857c","Courtage annulation 5% sur part 78c200 (37.57$)","188","69f12af998e03e5d45c74d98","platform_fee","","","2026-04-29 10:37:37.709+00","3757","","CAD","","pending","2026-04-29 10:37:37.709+00","69f1f7cb8b6f84386ebd50f7","2026-04-29T12:21:31.007000","2026-04-29T12:21:31.007000","698c747aee05acfdd23ea578","false"
"percentage_post","69e3b8248fc51fd03a56857c","Courtage annulation 5% sur part 991620 (22.43$)","112","69f12af998e03e5d45c74d98","platform_fee","","","2026-04-29 10:37:37.709+00","2243","","CAD","","pending","2026-04-29 10:37:37.709+00","69f1f7cb8b6f84386ebd50f8","2026-04-29T12:21:31.007000","2026-04-29T12:21:31.007000","698c747aee05acfdd23ea578","false"
"proportional_deposit","69e3b8248fc51fd03a56857c","Part dépôt annulation — contrat 335$ × 62.6% = 37.57$ - fee 5% = 35.69$","3569","69f12af998e03e5d45c74d98","talent_payout","698dbbf753d545317578c200","","2026-04-29 10:37:37.709+00","33500","","CAD","0.05","pending","2026-04-29 10:37:37.709+00","69f1f7cb8b6f84386ebd50f9","2026-04-29T12:21:31.007000","2026-04-29T12:21:31.007000","698c747aee05acfdd23ea578","false"
"proportional_deposit","69e3b8248fc51fd03a56857c","Part dépôt annulation — contrat 200$ × 37.4% = 22.43$ - fee 5% = 21.31$","2131","69f12af998e03e5d45c74d98","talent_payout","698d204286a5af9808991620","","2026-04-29 10:37:37.709+00","20000","","CAD","0.05","pending","2026-04-29 10:37:37.709+00","69f1f7cb8b6f84386ebd50fa","2026-04-29T12:21:31.007000","2026-04-29T12:21:31.007000","698c747aee05acfdd23ea578","false"
"contract_amount","69d7a2d58c1b81558a43c8d8","Talent présent — 205.6$ - fee 11.40% = 182.16$ [source: snapshot_fallback] [UNDERFUNDED: contrat 1000$ → effectif 205.6$ (ratio 0.206)]","18216","69d7b9d259213f9d37c4c1df","talent_payout","698d204286a5af9808991620","tr_3TKIF4EDnfppNFcx10LeTMUF","2026-04-15 14:58:05.17+00","100000","2026-04-19 15:13:15.524+00","CAD","0.114","paid","2026-04-19 15:13:15.524+00","69f1f7cb8b6f84386ebd50fb","2026-04-29T12:21:31.007000","2026-04-29T12:21:31.007000","698c747aee05acfdd23ea578","false"
"refund","69d818db1fbfe378c392bbff","No-show remboursé au payeur — talent 3ea578 contrat 90$ (scalé 14.8$)","1480","69d81a1708b0be615a911c46","talent_noshow_refund","","re_3TKQ5UEDnfppNFcx0e1t2Lki","2026-04-15 14:58:00.685+00","9000","2026-04-29 01:23:22.614+00","CAD","","paid","2026-04-29 01:23:22.614+00","69f1f7cb8b6f84386ebd50fc","2026-04-29T12:21:31.007000","2026-04-29T12:21:31.007000","698c747aee05acfdd23ea578","false"
"percentage_post","69d824e81b51af4d3471f5f7","Courtage MR-PLAN-A-2024-01 Tier A (12.0%) × SOTS 4.1 mod 0.95 = 11.40% = 8.16$ [UNDERFUNDED: contrat 300$ → effectif 71.6$ (ratio 0.239)]","816","69d825fc97334050d8cd23a8","platform_fee","","","2026-04-15 14:57:56.179+00","30000","2026-04-19 15:13:15.524+00","CAD","","paid","2026-04-19 15:13:15.524+00","69f1f7cb8b6f84386ebd50fd","2026-04-29T12:21:31.007000","2026-04-29T12:21:31.007000","698c747aee05acfdd23ea578","false"
"contract_amount","69d824e81b51af4d3471f5f7","Talent présent — 71.6$ - fee 11.40% = 63.44$ [source: snapshot_fallback] [UNDERFUNDED: contrat 300$ → effectif 71.6$ (ratio 0.239)]","6344","69d825fc97334050d8cd23a8","talent_payout","698d204286a5af9808991620","tr_3TKQsUEDnfppNFcx1PqLrKu0","2026-04-15 14:57:56.179+00","30000","2026-04-19 15:13:15.524+00","CAD","0.114","paid","2026-04-19 15:13:15.524+00","69f1f7cb8b6f84386ebd50fe","2026-04-29T12:21:31.007000","2026-04-29T12:21:31.007000","698c747aee05acfdd23ea578","false"
"percentage_post","69d8f25414d2940afb3a4c94","Courtage MR-PLAN-A-2024-01 Tier A (12.0%) × SOTS 4.1 mod 0.95 = 11.40% = 18.01$ [UNDERFUNDED: contrat 272$ → effectif 158$ (ratio 0.581)]","1801","69d931c237f631cce2d1138e","platform_fee","","","2026-04-15 14:57:51.885+00","27200","2026-04-19 15:13:15.524+00","CAD","","paid","2026-04-19 15:13:15.524+00","69f1f7cb8b6f84386ebd50ff","2026-04-29T12:21:31.007000","2026-04-29T12:21:31.007000","698c747aee05acfdd23ea578","false"
"contract_amount","69d8f25414d2940afb3a4c94","Talent présent — 158$ - fee 11.40% = 139.99$ [source: snapshot_fallback] [UNDERFUNDED: contrat 272$ → effectif 158$ (ratio 0.581)]","13999","69d931c237f631cce2d1138e","talent_payout","698d204286a5af9808991620","tr_1TNx31EDnfppNFcx56q8isCA","2026-04-15 14:57:51.885+00","27200","2026-04-19 15:13:15.524+00","CAD","0.114","paid","2026-04-19 15:13:15.524+00","69f1f7cb8b6f84386ebd5100","2026-04-29T12:21:31.007000","2026-04-29T12:21:31.007000","698c747aee05acfdd23ea578","false"
"percentage_post","69de283fadade41b0eb99f7c","Courtage MR-PLAN-A-2024-01 Tier A (12.0%) × SOTS 4.2 mod 0.95 = 11.40% = 2.28$ [UNDERFUNDED: contrat 100$ → effectif 20$ (ratio 0.200)]","228","69de2b31faec7666927fbac4","platform_fee","","","2026-04-15 14:57:47.739+00","10000","2026-04-20 15:07:20.354+00","CAD","","paid","2026-04-20 15:07:20.354+00","69f1f7cb8b6f84386ebd5101","2026-04-29T12:21:31.007000","2026-04-29T12:21:31.007000","698c747aee05acfdd23ea578","false"
"contract_amount","69de283fadade41b0eb99f7c","Talent présent — 20$ - fee 11.40% = 17.72$ [source: lineup_placement] [UNDERFUNDED: contrat 100$ → effectif 20$ (ratio 0.200)]","1772","69de2b31faec7666927fbac4","talent_payout","698dd1b2193c860027a3457a","tr_3TM5TsEDnfppNFcx0DvxqtbG","2026-04-15 14:57:47.739+00","10000","2026-04-20 15:07:20.354+00","CAD","0.114","paid","2026-04-20 15:07:20.354+00","69f1f7cb8b6f84386ebd5102","2026-04-29T12:21:31.007000","2026-04-29T12:21:31.007000","698c747aee05acfdd23ea578","false"
"percentage_post","69d6e600bd465602e93bc614","Courtage annulation 5% sur part c6bb1c (53.6$)","268","69df801eab20124368747a1d","platform_fee","","","2026-04-15 12:10:07.033+00","5360","","CAD","","pending","2026-04-15 12:10:07.033+00","69f1f7cb8b6f84386ebd5103","2026-04-29T12:21:31.007000","2026-04-29T12:21:31.007000","698c747aee05acfdd23ea578","false"
"proportional_deposit","69d6e600bd465602e93bc614","Part dépôt annulation — contrat 180$ × 100.0% = 53.6$ - fee 5% = 50.92$","5092","69df801eab20124368747a1d","talent_payout","69b48a2b7d5c0db589c6bb1c","","2026-04-15 12:10:07.033+00","18000","","CAD","0.05","pending","2026-04-15 12:10:07.033+00","69f1f7cb8b6f84386ebd5104","2026-04-29T12:21:31.007000","2026-04-29T12:21:31.007000","698c747aee05acfdd23ea578","false"
"percentage_post","69d7be0d64dddfaf0eb091c5","Courtage annulation 5% sur part 991620 (31.2$)","156","69df8015cd493506d3417db9","platform_fee","","","2026-04-15 12:09:57.57+00","3120","2026-04-19 15:13:15.524+00","CAD","","paid","2026-04-19 15:13:15.524+00","69f1f7cb8b6f84386ebd5105","2026-04-29T12:21:31.007000","2026-04-29T12:21:31.007000","698c747aee05acfdd23ea578","false"
"proportional_deposit","69d7be0d64dddfaf0eb091c5","Part dépôt annulation — contrat 100$ × 100.0% = 31.2$ - fee 5% = 29.64$","2964","69df8015cd493506d3417db9","talent_payout","698d204286a5af9808991620","tr_3TKK3FEDnfppNFcx04Hujrum","2026-04-15 12:09:57.57+00","10000","2026-04-19 15:13:15.524+00","CAD","0.05","paid","2026-04-19 15:13:15.524+00","69f1f7cb8b6f84386ebd5106","2026-04-29T12:21:31.007000","2026-04-29T12:21:31.007000","698c747aee05acfdd23ea578","false"
"percentage_post","69d8e47a29fd00ffd0fffe17","Courtage annulation 5% sur part 991620 (10000$)","475","69df7ffa59bc92403a6d0fec","platform_fee","","","2026-04-15 12:09:31.616+00","9500","","CAD","","pending","2026-04-15 12:09:31.616+00","69f1f7cb8b6f84386ebd5107","2026-04-29T12:21:31.007000","2026-04-29T12:21:31.007000","698c747aee05acfdd23ea578","false"