eventId,calculated_price_cents,targetSceneId,finalStatus,organizerUserId,sessionId,expiresAt,final_price_cents,isGratuit,createdAt,talentUserId,finalizedAt,targetPlageIds,slotId,current_offer_price_cents,rounds,status,updatedAt,id,created_date,updated_date,created_by_id,is_sample
"69f12202b0291cf8a10f1bbd","","sc-1777410553494","accepted","69cd302266f2193a99122757","69f1220479760a5105fc2aa0","2026-05-01T21:11:12.417Z","","false","2026-04-28T21:11:12.417Z","69b48a2b7d5c0db589c6bb1c","2026-04-28T21:11:28.534Z","[""p-1""]","SL-69f1220479760a5105fc2aa0-0","","[{""roundIndex"":0,""isGratuit"":false,""createdAt"":""2026-04-28T21:11:12.417Z"",""price"":120,""proposedBy"":""organizer"",""respondedAt"":""2026-04-28T21:11:28.534Z"",""message"":"""",""expiresAt"":""2026-05-01T21:11:12.417Z"",""status"":""accepted""}]","accepted","2026-04-28T21:11:28.534Z","69f12273b4fa996800a85b5a","2026-04-28T21:11:15.048000","2026-04-28T21:11:29.744000","service_eb508f39-ce3d-4391-bb12-d4211c02ede9","false"
"69f12202b0291cf8a10f1bbd","","sc-1777410553494","","69cd302266f2193a99122757","69f1220479760a5105fc2aa0","2026-05-01T21:10:06.812Z","","false","2026-04-28T21:10:06.812Z","698c747aee05acfdd23ea578","","[""p-2""]","SL-69f1220479760a5105fc2aa0-0","","[{""roundIndex"":0,""isGratuit"":false,""createdAt"":""2026-04-28T21:10:06.812Z"",""price"":100,""proposedBy"":""organizer"",""respondedAt"":null,""message"":"""",""expiresAt"":""2026-05-01T21:10:06.812Z"",""status"":""pending""}]","pending_talent","2026-04-28T21:10:06.812Z","69f12231c08d0c6a1e7d7c6b","2026-04-28T21:10:09.519000","2026-04-28T21:10:09.519000","service_eb508f39-ce3d-4391-bb12-d4211c02ede9","false"
"69f0f98dcf62ccab46ce2eba","","sc-1","accepted","698c747aee05acfdd23ea578","69f0f98e06d265552ac1f9be","2026-05-01T20:57:31.990Z","","false","2026-04-28T20:57:31.990Z","69cd302266f2193a99122757","2026-04-28T20:57:46.545Z","[""p-1""]","SL-69f0f98e06d265552ac1f9be-0","","[{""roundIndex"":0,""isGratuit"":false,""createdAt"":""2026-04-28T20:57:31.990Z"",""price"":40,""proposedBy"":""organizer"",""respondedAt"":""2026-04-28T20:57:46.545Z"",""message"":"""",""expiresAt"":""2026-05-01T20:57:31.990Z"",""status"":""accepted""}]","accepted","2026-04-28T20:57:46.545Z","69f11f3ff78af5a4a41f3980","2026-04-28T20:57:35.641000","2026-04-28T20:57:47.812000","service_eb508f39-ce3d-4391-bb12-d4211c02ede9","false"
"69f0e7d20e47fd882890d48c","","sc-1777395663594","accepted","69cd302266f2193a99122757","69f0e7d3cafc98181ba7f75c","2026-05-01T17:01:39.743Z","","false","2026-04-28T17:01:39.743Z","698c747aee05acfdd23ea578","2026-04-28T17:01:51.583Z","[""p-1""]","SL-69f0e7d3cafc98181ba7f75c-0","","[{""roundIndex"":0,""isGratuit"":false,""createdAt"":""2026-04-28T17:01:39.743Z"",""price"":210,""proposedBy"":""organizer"",""respondedAt"":""2026-04-28T17:01:51.583Z"",""message"":"""",""expiresAt"":""2026-05-01T17:01:39.743Z"",""status"":""accepted""}]","accepted","2026-04-28T17:01:51.583Z","69f0e7f6a25e0b93de3a0ef9","2026-04-28T17:01:42.652000","2026-04-28T17:01:53.125000","service_eb508f39-ce3d-4391-bb12-d4211c02ede9","false"
"69f0e77a18ab67191b45cc44","","sc-1","","69cd302266f2193a99122757","69f0e77b4b66c59c927aba37","2026-05-01T17:00:19.388Z","","false","2026-04-28T17:00:19.388Z","698c747aee05acfdd23ea578","","[""p-1""]","SL-69f0e77b4b66c59c927aba37-0","","[{""roundIndex"":0,""isGratuit"":false,""createdAt"":""2026-04-28T17:00:19.388Z"",""price"":250,""proposedBy"":""organizer"",""respondedAt"":null,""message"":"""",""expiresAt"":""2026-05-01T17:00:19.388Z"",""status"":""pending""}]","pending_talent","2026-04-28T17:00:19.388Z","69f0e7a6ce0d562534106da6","2026-04-28T17:00:22.342000","2026-04-28T17:00:22.342000","service_eb508f39-ce3d-4391-bb12-d4211c02ede9","false"
"69f0e4361bd96edff7653490","","sc-1","accepted","69cd302266f2193a99122757","69f0e437d3c2232e3ab54e7e","2026-05-01T16:47:46.461Z","","false","2026-04-28T16:47:25.158Z","698c747aee05acfdd23ea578","2026-04-28T16:47:50.445Z","[""p-3""]","SL-69f0e437d3c2232e3ab54e7e-0","","[{""roundIndex"":0,""isGratuit"":false,""createdAt"":""2026-04-28T16:47:25.158Z"",""price"":168,""proposedBy"":""organizer"",""respondedAt"":""2026-04-28T16:47:46.223Z"",""message"":"""",""expiresAt"":""2026-05-01T16:47:25.159Z"",""status"":""countered""},{""roundIndex"":1,""isGratuit"":false,""createdAt"":""2026-04-28T16:47:46.223Z"",""price"":185,""proposedBy"":""talent"",""respondedAt"":""2026-04-28T16:47:50.445Z"",""message"":"""",""expiresAt"":""2026-05-01T16:47:46.461Z"",""status"":""accepted""}]","accepted","2026-04-28T16:47:50.445Z","69f0e4a07b99e4d6a2e3625f","2026-04-28T16:47:28.010000","2026-04-28T16:47:51.850000","service_eb508f39-ce3d-4391-bb12-d4211c02ede9","false"
"69f0e4361bd96edff7653490","","sc-1","accepted","69cd302266f2193a99122757","69f0e437d3c2232e3ab54e7e","2026-05-01T16:46:56.167Z","","false","2026-04-28T16:46:24.697Z","698c747aee05acfdd23ea578","2026-04-28T16:47:07.064Z","[""p-1""]","SL-69f0e437d3c2232e3ab54e7e-0","","[{""roundIndex"":0,""isGratuit"":false,""createdAt"":""2026-04-28T16:46:24.697Z"",""price"":100,""proposedBy"":""organizer"",""respondedAt"":""2026-04-28T16:46:36.043Z"",""message"":"""",""expiresAt"":""2026-05-01T16:46:24.697Z"",""status"":""countered""},{""roundIndex"":1,""isGratuit"":false,""createdAt"":""2026-04-28T16:46:36.043Z"",""price"":120,""proposedBy"":""talent"",""respondedAt"":""2026-04-28T16:46:44.715Z"",""message"":"""",""expiresAt"":""2026-05-01T16:46:36.378Z"",""status"":""countered""},{""roundIndex"":2,""isGratuit"":false,""createdAt"":""2026-04-28T16:46:44.715Z"",""price"":105,""proposedBy"":""organizer"",""respondedAt"":""2026-04-28T16:46:55.850Z"",""message"":"""",""expiresAt"":""2026-05-01T16:46:44.947Z"",""status"":""countered""},{""roundIndex"":3,""isGratuit"":false,""createdAt"":""2026-04-28T16:46:55.850Z"",""price"":115,""proposedBy"":""talent"",""respondedAt"":""2026-04-28T16:47:07.064Z"",""message"":"""",""expiresAt"":""2026-05-01T16:46:56.167Z"",""status"":""accepted""}]","accepted","2026-04-28T16:47:07.064Z","69f0e464f4cbc00ca21ff297","2026-04-28T16:46:28.335000","2026-04-28T16:47:08.250000","service_eb508f39-ce3d-4391-bb12-d4211c02ede9","false"
"69f0e08017a841019661d987","","sc-1","accepted","69cd302266f2193a99122757","69f0e08230f934b25a4e2a9a","2026-05-01T16:32:11.349Z","","false","2026-04-28T16:31:41.169Z","698c747aee05acfdd23ea578","2026-04-28T16:37:19.517Z","[""p-2""]","SL-69f0e08230f934b25a4e2a9a-0","","[{""roundIndex"":0,""isGratuit"":false,""createdAt"":""2026-04-28T16:31:41.169Z"",""price"":280,""proposedBy"":""organizer"",""respondedAt"":""2026-04-28T16:32:11.033Z"",""message"":"""",""expiresAt"":""2026-05-01T16:31:41.169Z"",""status"":""countered""},{""roundIndex"":1,""isGratuit"":false,""createdAt"":""2026-04-28T16:32:11.033Z"",""price"":325,""proposedBy"":""talent"",""respondedAt"":""2026-04-28T16:37:19.517Z"",""message"":"""",""expiresAt"":""2026-05-01T16:32:11.349Z"",""status"":""accepted""}]","accepted","2026-04-28T16:37:19.517Z","69f0e0f01e3a451b9e072b37","2026-04-28T16:31:44.768000","2026-04-28T16:37:21.050000","service_eb508f39-ce3d-4391-bb12-d4211c02ede9","false"
"69f0e08017a841019661d987","","sc-1","accepted","69cd302266f2193a99122757","69f0e08230f934b25a4e2a9a","2026-05-01T16:37:31.764Z","","false","2026-04-28T16:30:39.155Z","698c747aee05acfdd23ea578","2026-04-28T16:38:18.388Z","[""p-1""]","SL-69f0e08230f934b25a4e2a9a-0","","[{""roundIndex"":0,""isGratuit"":false,""createdAt"":""2026-04-28T16:30:39.155Z"",""price"":120,""proposedBy"":""organizer"",""respondedAt"":""2026-04-28T16:30:53.729Z"",""message"":"""",""expiresAt"":""2026-05-01T16:30:39.155Z"",""status"":""countered""},{""roundIndex"":1,""isGratuit"":false,""createdAt"":""2026-04-28T16:30:53.729Z"",""price"":145,""proposedBy"":""talent"",""respondedAt"":""2026-04-28T16:37:31.050Z"",""message"":"""",""expiresAt"":""2026-05-01T16:30:54.002Z"",""status"":""countered""},{""roundIndex"":2,""isGratuit"":false,""createdAt"":""2026-04-28T16:37:31.050Z"",""price"":135,""proposedBy"":""organizer"",""respondedAt"":""2026-04-28T16:38:18.388Z"",""message"":"""",""expiresAt"":""2026-05-01T16:37:31.764Z"",""status"":""accepted""}]","accepted","2026-04-28T16:38:18.388Z","69f0e0b22b1f45b654e6ec97","2026-04-28T16:30:42.200000","2026-04-28T16:38:20.167000","service_eb508f39-ce3d-4391-bb12-d4211c02ede9","false"
"69f0b1d6bc0615a645b177f7","","sc-1","","698dbbf753d545317578c200","69f0b1d75226ed00da5397a8","2026-05-01T13:57:18.599Z","","false","2026-04-28T13:35:27.518Z","698c747aee05acfdd23ea578","","[""p-5""]","SL-69f0b1d75226ed00da5397a8-0","","[{""roundIndex"":0,""isGratuit"":false,""createdAt"":""2026-04-28T13:35:27.518Z"",""price"":100,""proposedBy"":""organizer"",""respondedAt"":""2026-04-28T13:57:18.418Z"",""message"":"""",""expiresAt"":""2026-05-01T13:35:27.518Z"",""status"":""countered""},{""roundIndex"":1,""isGratuit"":false,""createdAt"":""2026-04-28T13:57:18.418Z"",""price"":175,""proposedBy"":""talent"",""respondedAt"":null,""message"":"""",""expiresAt"":""2026-05-01T13:57:18.599Z"",""status"":""pending""}]","pending_organizer","2026-04-28T13:57:18.418Z","69f0b7a212c7e9dac5f16a1d","2026-04-28T13:35:30.196000","2026-04-28T13:57:18.731000","service_eb508f39-ce3d-4391-bb12-d4211c02ede9","false"
"69f0b554878a81215537d7d1","","sc-1","","698c747aee05acfdd23ea578","69f0b5559b1fc7abe63829c9","2026-05-01T17:22:55.546Z","","false","2026-04-28T13:26:19.973Z","698dbbf753d545317578c200","","[""p-1""]","SL-69f0b5559b1fc7abe63829c9-0","","[{""roundIndex"":0,""isGratuit"":false,""createdAt"":""2026-04-28T13:26:19.973Z"",""price"":120,""proposedBy"":""organizer"",""respondedAt"":null,""message"":"""",""expiresAt"":""2026-05-01T13:26:19.973Z"",""status"":""pending""},{""roundIndex"":1,""isGratuit"":false,""createdAt"":""2026-04-28T17:22:55.546Z"",""price"":120,""proposedBy"":""organizer"",""respondedAt"":null,""message"":"""",""expiresAt"":""2026-05-01T17:22:55.546Z"",""status"":""pending""}]","pending_talent","2026-04-28T17:22:55.546Z","69f0b57cb8fe1808a82e5ad3","2026-04-28T13:26:20.983000","2026-04-28T17:22:56.052000","service_eb508f39-ce3d-4391-bb12-d4211c02ede9","false"
"69f0b1d6bc0615a645b177f7","","sc-1","","698dbbf753d545317578c200","69f0b1d75226ed00da5397a8","2026-05-01T13:25:00.031Z","","false","2026-04-28T13:25:00.031Z","698c747aee05acfdd23ea578","","[""p-4""]","SL-69f0b1d75226ed00da5397a8-0","","[{""roundIndex"":0,""isGratuit"":false,""createdAt"":""2026-04-28T13:25:00.031Z"",""price"":120,""proposedBy"":""organizer"",""respondedAt"":null,""message"":"""",""expiresAt"":""2026-05-01T13:25:00.031Z"",""status"":""pending""}]","pending_talent","2026-04-28T13:25:00.031Z","69f0b52df5d20255bd623164","2026-04-28T13:25:01.315000","2026-04-28T13:25:01.315000","service_eb508f39-ce3d-4391-bb12-d4211c02ede9","false"
"69f0b1d6bc0615a645b177f7","","sc-1","","698dbbf753d545317578c200","69f0b1d75226ed00da5397a8","2026-05-01T13:11:48.833Z","","false","2026-04-28T13:11:48.833Z","698c747aee05acfdd23ea578","","[""p-2""]","SL-69f0b1d75226ed00da5397a8-0","10000","[{""roundIndex"":0,""isGratuit"":false,""createdAt"":""2026-04-28T13:11:48.833Z"",""price"":100,""proposedBy"":""organizer"",""respondedAt"":null,""message"":"""",""expiresAt"":""2026-05-01T13:11:48.833Z"",""status"":""pending""}]","pending_talent","2026-04-28T13:11:48.833Z","69f0b216efce1b6397a7b347","2026-04-28T13:11:50.078000","2026-04-28T13:11:50.078000","service_eb508f39-ce3d-4391-bb12-d4211c02ede9","false"
"69f0b1d6bc0615a645b177f7","","sc-1","","698dbbf753d545317578c200","69f0b1d75226ed00da5397a8","2026-05-01T13:11:25.813Z","","false","2026-04-28T13:11:25.812Z","698c747aee05acfdd23ea578","","[""p-1""]","SL-69f0b1d75226ed00da5397a8-0","10000","[{""roundIndex"":0,""isGratuit"":false,""createdAt"":""2026-04-28T13:11:25.812Z"",""price"":100,""proposedBy"":""organizer"",""respondedAt"":null,""message"":"""",""expiresAt"":""2026-05-01T13:11:25.813Z"",""status"":""pending""}]","pending_talent","2026-04-28T13:11:25.812Z","69f0b1ffb07de9a57748e981","2026-04-28T13:11:27.105000","2026-04-28T13:11:27.105000","service_eb508f39-ce3d-4391-bb12-d4211c02ede9","false"
"69f0a4a819020e82fe25833d","","sc-1777378467789","","698dbbf753d545317578c200","69f0a4a928761f0e962fc49c","2026-05-01T13:10:10.799Z","","false","2026-04-28T13:10:10.799Z","698c747aee05acfdd23ea578","","[""p-1""]","SL-69f0a4a928761f0e962fc49c-0","36000","[{""roundIndex"":0,""isGratuit"":false,""createdAt"":""2026-04-28T13:10:10.799Z"",""price"":360,""proposedBy"":""organizer"",""respondedAt"":null,""message"":"""",""expiresAt"":""2026-05-01T13:10:10.799Z"",""status"":""pending""}]","pending_talent","2026-04-28T13:10:10.799Z","69f0b1b43e5869ff977a2b60","2026-04-28T13:10:12.122000","2026-04-28T13:10:12.122000","service_eb508f39-ce3d-4391-bb12-d4211c02ede9","false"
"69f0a4a819020e82fe25833d","","sc-1","","698dbbf753d545317578c200","69f0a4a928761f0e962fc49c","2026-05-01T12:43:04.712Z","","false","2026-04-28T12:43:04.712Z","698c747aee05acfdd23ea578","","[""p-2""]","SL-69f0a4a928761f0e962fc49c-0","84000","[{""roundIndex"":0,""isGratuit"":false,""createdAt"":""2026-04-28T12:43:04.712Z"",""price"":840,""proposedBy"":""organizer"",""respondedAt"":null,""message"":"""",""expiresAt"":""2026-05-01T12:43:04.712Z"",""status"":""pending""}]","pending_talent","2026-04-28T12:43:04.712Z","69f0ab5b5d49857063749c72","2026-04-28T12:43:07.157000","2026-04-28T12:43:07.157000","service_eb508f39-ce3d-4391-bb12-d4211c02ede9","false"
"69f0a4a819020e82fe25833d","","sc-1","","698dbbf753d545317578c200","69f0a4a928761f0e962fc49c","2026-05-01T12:40:59.297Z","","false","2026-04-28T12:40:42.280Z","698c747aee05acfdd23ea578","","[""p-1""]","SL-69f0a4a928761f0e962fc49c-0","36000","[{""roundIndex"":0,""isGratuit"":false,""createdAt"":""2026-04-28T12:40:42.280Z"",""price"":360,""proposedBy"":""organizer"",""respondedAt"":null,""message"":"""",""expiresAt"":""2026-05-01T12:40:42.280Z"",""status"":""pending""},{""roundIndex"":1,""isGratuit"":false,""createdAt"":""2026-04-28T12:40:59.297Z"",""price"":360,""proposedBy"":""organizer"",""respondedAt"":null,""message"":"""",""expiresAt"":""2026-05-01T12:40:59.297Z"",""status"":""pending""}]","pending_talent","2026-04-28T12:40:59.297Z","69f0aacba61563113404ab09","2026-04-28T12:40:43.733000","2026-04-28T12:40:59.602000","service_eb508f39-ce3d-4391-bb12-d4211c02ede9","false"
"69f099b6a046e1579b382c7c","","sc-1","accepted","698c747aee05acfdd23ea578","69f099b8afa18f836d087348","2026-05-01T11:29:09.113Z","","false","2026-04-28T11:29:09.113Z","698dbbf753d545317578c200","2026-04-28T12:02:36.181Z","[""p-1""]","SL-69f099b8afa18f836d087348-0","","[{""roundIndex"":0,""isGratuit"":false,""createdAt"":""2026-04-28T11:29:09.113Z"",""price"":120,""proposedBy"":""organizer"",""respondedAt"":""2026-04-28T12:02:36.181Z"",""message"":"""",""expiresAt"":""2026-05-01T11:29:09.113Z"",""status"":""accepted""}]","accepted","2026-04-28T12:02:36.181Z","69f09a0863664bbddb719fa3","2026-04-28T11:29:12.892000","2026-04-28T12:02:37.574000","service_eb508f39-ce3d-4391-bb12-d4211c02ede9","false"
"69ee4d4655675c96cd568806","","sc-1","","698c747aee05acfdd23ea578","69ee4d48c1e7421e84fcd05b","2026-04-29T17:39:33.439Z","","false","2026-04-26T17:38:55.976Z","69cd302266f2193a99122757","","[""p-2""]","SL-69ee4d48c1e7421e84fcd05b-0","","[{""roundIndex"":0,""isGratuit"":false,""createdAt"":""2026-04-26T17:38:55.976Z"",""price"":600,""proposedBy"":""organizer"",""respondedAt"":""2026-04-26T17:39:33.235Z"",""message"":"""",""expiresAt"":""2026-04-29T17:38:55.976Z"",""status"":""countered""},{""roundIndex"":1,""isGratuit"":false,""createdAt"":""2026-04-26T17:39:33.235Z"",""price"":500,""proposedBy"":""talent"",""respondedAt"":null,""message"":"""",""expiresAt"":""2026-04-29T17:39:33.439Z"",""status"":""pending""}]","pending_organizer","2026-04-26T17:39:33.235Z","69ee4db3b25beab1063ad736","2026-04-26T17:38:59.008000","2026-04-26T17:39:33.572000","service_eb508f39-ce3d-4391-bb12-d4211c02ede9","false"
"69ee4d4655675c96cd568806","","sc-1","accepted","698c747aee05acfdd23ea578","69ee4d48c1e7421e84fcd05b","2026-04-29T17:38:36.995Z","","false","2026-04-26T17:38:36.995Z","69cd302266f2193a99122757","2026-04-26T17:39:08.267Z","[""p-1""]","SL-69ee4d48c1e7421e84fcd05b-0","","[{""roundIndex"":0,""isGratuit"":false,""createdAt"":""2026-04-26T17:38:36.995Z"",""price"":400,""proposedBy"":""organizer"",""respondedAt"":""2026-04-26T17:39:08.267Z"",""message"":"""",""expiresAt"":""2026-04-29T17:38:36.995Z"",""status"":""accepted""}]","accepted","2026-04-26T17:39:08.267Z","69ee4da0b7847f597cd4e519","2026-04-26T17:38:40.219000","2026-04-26T17:39:09.465000","service_eb508f39-ce3d-4391-bb12-d4211c02ede9","false"
"69eb6a82d3d017cfbd3e77bc","","sc-1","accepted","699c655e40e8dc98eacda675","69eb6a83d8a595925a5192e8","2026-04-27T13:09:46.841Z","","false","2026-04-24T13:09:46.841Z","698d204286a5af9808991620","2026-04-24T13:09:53.615Z","[""p-2""]","SL-69eb6a83d8a595925a5192e8-0","","[{""roundIndex"":0,""isGratuit"":false,""createdAt"":""2026-04-24T13:09:46.841Z"",""price"":280,""proposedBy"":""organizer"",""respondedAt"":""2026-04-24T13:09:53.615Z"",""message"":"""",""expiresAt"":""2026-04-27T13:09:46.841Z"",""status"":""accepted""}]","accepted","2026-04-24T13:09:53.615Z","69eb6b9d705f4b4ad2b8db63","2026-04-24T13:09:49.830000","2026-04-24T13:09:54.688000","service_eb508f39-ce3d-4391-bb12-d4211c02ede9","false"
"69eb6a82d3d017cfbd3e77bc","","sc-1","accepted","699c655e40e8dc98eacda675","69eb6a83d8a595925a5192e8","2026-04-27T13:06:14.729Z","","false","2026-04-24T13:06:14.729Z","698dc6f781b400b640a229f6","2026-04-24T13:06:24.817Z","[""p-1""]","SL-69eb6a83d8a595925a5192e8-0","","[{""roundIndex"":0,""isGratuit"":false,""createdAt"":""2026-04-24T13:06:14.729Z"",""price"":120,""proposedBy"":""organizer"",""respondedAt"":""2026-04-24T13:06:24.817Z"",""message"":"""",""expiresAt"":""2026-04-27T13:06:14.729Z"",""status"":""accepted""}]","accepted","2026-04-24T13:06:24.817Z","69eb6ac906ed0d2b1702df6f","2026-04-24T13:06:17.878000","2026-04-24T13:06:25.903000","service_eb508f39-ce3d-4391-bb12-d4211c02ede9","false"
"69eb682b9430b4c08113234d","","sc-1","accepted","698c747aee05acfdd23ea578","69eb682cd2b77c668d3efe23","2026-04-27T12:56:32.486Z","","false","2026-04-24T12:56:32.486Z","698d204286a5af9808991620","2026-04-24T12:57:14.339Z","[""p-2""]","SL-69eb682cd2b77c668d3efe23-0","","[{""roundIndex"":0,""isGratuit"":false,""createdAt"":""2026-04-24T12:56:32.486Z"",""price"":200,""proposedBy"":""organizer"",""respondedAt"":""2026-04-24T12:57:14.339Z"",""message"":"""",""expiresAt"":""2026-04-27T12:56:32.486Z"",""status"":""accepted""}]","accepted","2026-04-24T12:57:14.339Z","69eb68830bb19b6d3242af00","2026-04-24T12:56:35.677000","2026-04-24T12:57:15.795000","service_eb508f39-ce3d-4391-bb12-d4211c02ede9","false"
"69eb682b9430b4c08113234d","","sc-1","accepted","698c747aee05acfdd23ea578","69eb682cd2b77c668d3efe23","2026-04-27T12:56:14.278Z","","false","2026-04-24T12:56:14.277Z","69cd302266f2193a99122757","2026-04-24T12:57:37.236Z","[""p-1""]","SL-69eb682cd2b77c668d3efe23-0","","[{""roundIndex"":0,""isGratuit"":false,""createdAt"":""2026-04-24T12:56:14.277Z"",""price"":100,""proposedBy"":""organizer"",""respondedAt"":""2026-04-24T12:57:37.236Z"",""message"":"""",""expiresAt"":""2026-04-27T12:56:14.278Z"",""status"":""accepted""}]","accepted","2026-04-24T12:57:37.236Z","69eb6870f2119e0bd88f3a7d","2026-04-24T12:56:16.899000","2026-04-24T12:57:38.210000","service_eb508f39-ce3d-4391-bb12-d4211c02ede9","false"
"69eb5ea399dc25700de73ac6","","sc-1","accepted","698dbbf753d545317578c200","69eb5ea4d363b3e6878d5f16","2026-04-27T12:15:51.244Z","","false","2026-04-24T12:15:51.244Z","698dc6f781b400b640a229f6","2026-04-24T12:18:08.708Z","[""p-2""]","SL-69eb5ea4d363b3e6878d5f16-0","","[{""roundIndex"":0,""isGratuit"":false,""createdAt"":""2026-04-24T12:15:51.244Z"",""price"":60,""proposedBy"":""organizer"",""respondedAt"":""2026-04-24T12:18:08.708Z"",""message"":"""",""expiresAt"":""2026-04-27T12:15:51.244Z"",""status"":""accepted""}]","accepted","2026-04-24T12:18:08.708Z","69eb5ef90bb19b6d3242a680","2026-04-24T12:15:53.904000","2026-04-24T12:18:09.740000","service_eb508f39-ce3d-4391-bb12-d4211c02ede9","false"
"69eb5ea399dc25700de73ac6","","sc-1","accepted","698dbbf753d545317578c200","69eb5ea4d363b3e6878d5f16","2026-04-27T12:15:11.144Z","","false","2026-04-24T12:15:11.144Z","699c655e40e8dc98eacda675","2026-04-24T12:18:13.876Z","[""p-1""]","SL-69eb5ea4d363b3e6878d5f16-0","","[{""roundIndex"":0,""isGratuit"":false,""createdAt"":""2026-04-24T12:15:11.144Z"",""price"":40,""proposedBy"":""organizer"",""respondedAt"":""2026-04-24T12:18:13.876Z"",""message"":"""",""expiresAt"":""2026-04-27T12:15:11.144Z"",""status"":""accepted""}]","accepted","2026-04-24T12:18:13.876Z","69eb5ed2759a2b113dd17f12","2026-04-24T12:15:14.625000","2026-04-24T12:18:15.141000","service_eb508f39-ce3d-4391-bb12-d4211c02ede9","false"
"69eb5b1d364972c7c3e18948","","sc-1","accepted","698dbbf753d545317578c200","69eb5b1f4aef501af043cadf","2026-04-27T12:01:03.001Z","","false","2026-04-24T12:00:40.035Z","698dc6f781b400b640a229f6","2026-04-24T12:01:23.090Z","[""p-2""]","SL-69eb5b1f4aef501af043cadf-0","","[{""roundIndex"":0,""isGratuit"":false,""createdAt"":""2026-04-24T12:00:40.035Z"",""price"":60,""proposedBy"":""organizer"",""respondedAt"":""2026-04-24T12:01:02.800Z"",""message"":"""",""expiresAt"":""2026-04-27T12:00:40.035Z"",""status"":""countered""},{""roundIndex"":1,""isGratuit"":false,""createdAt"":""2026-04-24T12:01:02.800Z"",""price"":80,""proposedBy"":""talent"",""respondedAt"":""2026-04-24T12:01:23.090Z"",""message"":"""",""expiresAt"":""2026-04-27T12:01:03.001Z"",""status"":""accepted""}]","accepted","2026-04-24T12:01:23.090Z","69eb5b6a8b7e399ef4dd50ab","2026-04-24T12:00:42.765000","2026-04-24T12:01:24.224000","service_eb508f39-ce3d-4391-bb12-d4211c02ede9","false"
"69eb5b1d364972c7c3e18948","","sc-1","accepted","698dbbf753d545317578c200","69eb5b1f4aef501af043cadf","2026-04-27T12:01:20.105Z","","false","2026-04-24T12:00:25.342Z","699c655e40e8dc98eacda675","2026-04-24T12:01:36.632Z","[""p-1""]","SL-69eb5b1f4aef501af043cadf-0","","[{""roundIndex"":0,""isGratuit"":false,""createdAt"":""2026-04-24T12:00:25.342Z"",""price"":60,""proposedBy"":""organizer"",""respondedAt"":""2026-04-24T12:01:19.870Z"",""message"":"""",""expiresAt"":""2026-04-27T12:00:25.342Z"",""status"":""countered""},{""roundIndex"":1,""isGratuit"":false,""createdAt"":""2026-04-24T12:01:19.870Z"",""price"":120,""proposedBy"":""talent"",""respondedAt"":""2026-04-24T12:01:36.632Z"",""message"":"""",""expiresAt"":""2026-04-27T12:01:20.105Z"",""status"":""accepted""}]","accepted","2026-04-24T12:01:36.632Z","69eb5b5cc713bd6291b0a8d1","2026-04-24T12:00:28.248000","2026-04-24T12:01:37.774000","service_eb508f39-ce3d-4391-bb12-d4211c02ede9","false"
"69eb582f4e6d9e1d588579e0","","sc-1","accepted","698dbbf753d545317578c200","69eb583140cd8d2ab72406c6","2026-04-27T11:50:47.841Z","","false","2026-04-24T11:50:47.841Z","698dc6f781b400b640a229f6","2026-04-24T11:51:03.729Z","[""p-2""]","SL-69eb583140cd8d2ab72406c6-0","","[{""roundIndex"":0,""isGratuit"":false,""createdAt"":""2026-04-24T11:50:47.841Z"",""price"":60,""proposedBy"":""organizer"",""respondedAt"":""2026-04-24T11:51:03.729Z"",""message"":"""",""expiresAt"":""2026-04-27T11:50:47.841Z"",""status"":""accepted""}]","accepted","2026-04-24T11:51:03.729Z","69eb591a387cc8abd3fc03c3","2026-04-24T11:50:50.285000","2026-04-24T11:51:04.838000","service_eb508f39-ce3d-4391-bb12-d4211c02ede9","false"
"69eb582f4e6d9e1d588579e0","","sc-1","accepted","698dbbf753d545317578c200","69eb583140cd8d2ab72406c6","2026-04-27T11:48:38.002Z","","false","2026-04-24T11:48:38.001Z","699c655e40e8dc98eacda675","2026-04-24T11:51:34.939Z","[""p-1""]","SL-69eb583140cd8d2ab72406c6-0","","[{""roundIndex"":0,""isGratuit"":false,""createdAt"":""2026-04-24T11:48:38.001Z"",""price"":40,""proposedBy"":""organizer"",""respondedAt"":""2026-04-24T11:51:34.939Z"",""message"":"""",""expiresAt"":""2026-04-27T11:48:38.002Z"",""status"":""accepted""}]","accepted","2026-04-24T11:51:34.939Z","69eb58986a09ef0bed407a1a","2026-04-24T11:48:40.737000","2026-04-24T11:51:36.189000","service_eb508f39-ce3d-4391-bb12-d4211c02ede9","false"
"69eb54a1a9707a51c042eaff","","sc-1777030260763","accepted","698c747aee05acfdd23ea578","69eb54a2f5c5fc5960ac180b","2026-04-27T11:35:48.385Z","","false","2026-04-24T11:35:48.385Z","698d204286a5af9808991620","2026-04-24T11:35:58.457Z","[""p-2""]","SL-69eb54a2f5c5fc5960ac180b-6","","[{""roundIndex"":0,""isGratuit"":false,""createdAt"":""2026-04-24T11:35:48.385Z"",""price"":600,""proposedBy"":""organizer"",""respondedAt"":""2026-04-24T11:35:58.457Z"",""message"":"""",""expiresAt"":""2026-04-27T11:35:48.385Z"",""status"":""accepted""}]","accepted","2026-04-24T11:35:58.457Z","69eb559831d3c4905870367b","2026-04-24T11:35:52.144000","2026-04-24T11:35:59.718000","service_eb508f39-ce3d-4391-bb12-d4211c02ede9","false"
"69eb54a1a9707a51c042eaff","","sc-1","accepted","698c747aee05acfdd23ea578","69eb54a2f5c5fc5960ac180b","2026-04-27T11:32:43.900Z","","false","2026-04-24T11:32:43.900Z","69cd302266f2193a99122757","2026-04-24T11:36:14.683Z","[""p-2""]","SL-69eb54a2f5c5fc5960ac180b-5","","[{""roundIndex"":0,""isGratuit"":false,""createdAt"":""2026-04-24T11:32:43.900Z"",""price"":400,""proposedBy"":""organizer"",""respondedAt"":""2026-04-24T11:36:14.683Z"",""message"":"""",""expiresAt"":""2026-04-27T11:32:43.900Z"",""status"":""accepted""}]","accepted","2026-04-24T11:36:14.683Z","69eb54de2c6f4bf8cf633490","2026-04-24T11:32:46.756000","2026-04-24T11:36:15.670000","service_eb508f39-ce3d-4391-bb12-d4211c02ede9","false"
"69eabaa014b3b229e04cd76a","","sc-1776990877222","accepted","698d204286a5af9808991620","69eabaa1c05f12225946de3b","2026-04-27T00:46:14.204Z","","false","2026-04-24T00:46:14.204Z","698c747aee05acfdd23ea578","2026-04-24T00:46:26.132Z","[""p-1""]","SL-69eabaa1c05f12225946de3b-1","","[{""roundIndex"":0,""isGratuit"":false,""createdAt"":""2026-04-24T00:46:14.204Z"",""price"":5,""proposedBy"":""organizer"",""respondedAt"":""2026-04-24T00:46:26.132Z"",""message"":"""",""expiresAt"":""2026-04-27T00:46:14.204Z"",""status"":""accepted""}]","accepted","2026-04-24T00:46:26.132Z","69eabd59bbf1eb5e5d4359b7","2026-04-24T00:46:17.321000","2026-04-24T00:46:27.289000","service_eb508f39-ce3d-4391-bb12-d4211c02ede9","false"
"69eabaa014b3b229e04cd76a","","sc-1776990877222","accepted","698d204286a5af9808991620","69eabaa1c05f12225946de3b","2026-04-27T00:39:41.710Z","","false","2026-04-24T00:39:41.710Z","69b48a2b7d5c0db589c6bb1c","2026-04-24T00:42:20.441Z","[""p-2""]","SL-69eabaa1c05f12225946de3b-2","","[{""roundIndex"":0,""isGratuit"":false,""createdAt"":""2026-04-24T00:39:41.710Z"",""price"":200,""proposedBy"":""organizer"",""respondedAt"":""2026-04-24T00:42:20.441Z"",""message"":"""",""expiresAt"":""2026-04-27T00:39:41.710Z"",""status"":""accepted""}]","accepted","2026-04-24T00:42:20.441Z","69eabbd0ca768d1cae318a4c","2026-04-24T00:39:44.214000","2026-04-24T00:42:21.519000","service_eb508f39-ce3d-4391-bb12-d4211c02ede9","false"
"69eabaa014b3b229e04cd76a","","sc-1","accepted","698d204286a5af9808991620","69eabaa1c05f12225946de3b","2026-04-27T00:40:24.357Z","","false","2026-04-24T00:39:11.392Z","698dc6f781b400b640a229f6","2026-04-24T00:40:42.885Z","[""p-3""]","SL-69eabaa1c05f12225946de3b-1","","[{""roundIndex"":0,""isGratuit"":false,""createdAt"":""2026-04-24T00:39:11.392Z"",""price"":100,""proposedBy"":""organizer"",""respondedAt"":""2026-04-24T00:40:24.170Z"",""message"":"""",""expiresAt"":""2026-04-27T00:39:11.392Z"",""status"":""countered""},{""roundIndex"":1,""isGratuit"":false,""createdAt"":""2026-04-24T00:40:24.170Z"",""price"":120,""proposedBy"":""talent"",""respondedAt"":""2026-04-24T00:40:42.885Z"",""message"":"""",""expiresAt"":""2026-04-27T00:40:24.357Z"",""status"":""accepted""}]","accepted","2026-04-24T00:40:42.885Z","69eabbb20f8e72dce3c232ba","2026-04-24T00:39:14.298000","2026-04-24T00:40:44.011000","service_eb508f39-ce3d-4391-bb12-d4211c02ede9","false"
"69eabaa014b3b229e04cd76a","","sc-1","accepted","698d204286a5af9808991620","69eabaa1c05f12225946de3b","2026-04-27T00:43:21.649Z","","false","2026-04-24T00:38:19.766Z","698dd1b2193c860027a3457a","2026-04-24T00:43:37.390Z","[""p-3""]","SL-69eabaa1c05f12225946de3b-3","","[{""roundIndex"":0,""isGratuit"":false,""createdAt"":""2026-04-24T00:38:19.766Z"",""price"":300,""proposedBy"":""organizer"",""respondedAt"":""2026-04-24T00:43:21.456Z"",""message"":"""",""expiresAt"":""2026-04-27T00:38:19.766Z"",""status"":""countered""},{""roundIndex"":1,""isGratuit"":false,""createdAt"":""2026-04-24T00:43:21.456Z"",""price"":500,""proposedBy"":""talent"",""respondedAt"":""2026-04-24T00:43:37.390Z"",""message"":"""",""expiresAt"":""2026-04-27T00:43:21.649Z"",""status"":""accepted""}]","accepted","2026-04-24T00:43:37.390Z","69eabb7ecee9fda288abfcb2","2026-04-24T00:38:22.837000","2026-04-24T00:43:38.625000","service_eb508f39-ce3d-4391-bb12-d4211c02ede9","false"
"69eabaa014b3b229e04cd76a","","sc-1","accepted","698d204286a5af9808991620","69eabaa1c05f12225946de3b","2026-04-27T00:37:27.862Z","","false","2026-04-24T00:37:27.862Z","69b48a2b7d5c0db589c6bb1c","2026-04-24T00:42:32.015Z","[""p-3""]","SL-69eabaa1c05f12225946de3b-2","","[{""roundIndex"":0,""isGratuit"":false,""createdAt"":""2026-04-24T00:37:27.862Z"",""price"":200,""proposedBy"":""organizer"",""respondedAt"":""2026-04-24T00:42:32.015Z"",""message"":"""",""expiresAt"":""2026-04-27T00:37:27.862Z"",""status"":""accepted""}]","accepted","2026-04-24T00:42:32.015Z","69eabb4a7c97f3894bfc25fa","2026-04-24T00:37:30.513000","2026-04-24T00:42:33.334000","service_eb508f39-ce3d-4391-bb12-d4211c02ede9","false"
"69eabaa014b3b229e04cd76a","","sc-1","accepted","698d204286a5af9808991620","69eabaa1c05f12225946de3b","2026-04-27T00:36:46.756Z","","false","2026-04-24T00:36:46.756Z","698c747aee05acfdd23ea578","2026-04-24T00:41:46.785Z","[""p-3""]","SL-69eabaa1c05f12225946de3b-1","","[{""roundIndex"":0,""isGratuit"":false,""createdAt"":""2026-04-24T00:36:46.756Z"",""price"":30,""proposedBy"":""organizer"",""respondedAt"":""2026-04-24T00:41:46.785Z"",""message"":"""",""expiresAt"":""2026-04-27T00:36:46.756Z"",""status"":""accepted""}]","accepted","2026-04-24T00:41:46.785Z","69eabb224cd03d78d603318c","2026-04-24T00:36:50.679000","2026-04-24T00:41:47.848000","service_eb508f39-ce3d-4391-bb12-d4211c02ede9","false"
"69eabaa014b3b229e04cd76a","","sc-1","accepted","698d204286a5af9808991620","69eabaa1c05f12225946de3b","2026-04-27T00:36:33.061Z","","false","2026-04-24T00:36:33.061Z","698c747aee05acfdd23ea578","2026-04-24T00:41:38.113Z","[""p-2""]","SL-69eabaa1c05f12225946de3b-1","","[{""roundIndex"":0,""isGratuit"":false,""createdAt"":""2026-04-24T00:36:33.061Z"",""price"":50,""proposedBy"":""organizer"",""respondedAt"":""2026-04-24T00:41:38.113Z"",""message"":"""",""expiresAt"":""2026-04-27T00:36:33.061Z"",""status"":""accepted""}]","accepted","2026-04-24T00:41:38.113Z","69eabb15f770f599f2f61ffc","2026-04-24T00:36:37.085000","2026-04-24T00:41:39.389000","service_eb508f39-ce3d-4391-bb12-d4211c02ede9","false"
"69eabaa014b3b229e04cd76a","","sc-1","accepted","698d204286a5af9808991620","69eabaa1c05f12225946de3b","2026-04-27T00:36:13.297Z","","false","2026-04-24T00:36:13.297Z","69cd302266f2193a99122757","2026-04-24T00:40:55.436Z","[""p-3""]","SL-69eabaa1c05f12225946de3b-0","","[{""roundIndex"":0,""isGratuit"":false,""createdAt"":""2026-04-24T00:36:13.297Z"",""price"":30,""proposedBy"":""organizer"",""respondedAt"":""2026-04-24T00:40:55.436Z"",""message"":"""",""expiresAt"":""2026-04-27T00:36:13.297Z"",""status"":""accepted""}]","accepted","2026-04-24T00:40:55.436Z","69eabb00f2cafd819cbb7203","2026-04-24T00:36:16.069000","2026-04-24T00:40:56.563000","service_eb508f39-ce3d-4391-bb12-d4211c02ede9","false"
"69eabaa014b3b229e04cd76a","","sc-1","accepted","698d204286a5af9808991620","69eabaa1c05f12225946de3b","2026-04-27T00:36:02.008Z","","false","2026-04-24T00:36:02.008Z","69cd302266f2193a99122757","2026-04-24T00:41:06.441Z","[""p-2""]","SL-69eabaa1c05f12225946de3b-0","","[{""roundIndex"":0,""isGratuit"":false,""createdAt"":""2026-04-24T00:36:02.008Z"",""price"":55,""proposedBy"":""organizer"",""respondedAt"":""2026-04-24T00:41:06.441Z"",""message"":"""",""expiresAt"":""2026-04-27T00:36:02.008Z"",""status"":""accepted""}]","accepted","2026-04-24T00:41:06.441Z","69eabaf41bac3f5b953d6692","2026-04-24T00:36:04.520000","2026-04-24T00:41:07.625000","service_eb508f39-ce3d-4391-bb12-d4211c02ede9","false"
"69eabaa014b3b229e04cd76a","","sc-1","accepted","698d204286a5af9808991620","69eabaa1c05f12225946de3b","2026-04-27T00:35:43.058Z","","false","2026-04-24T00:35:43.058Z","69cd302266f2193a99122757","2026-04-24T00:41:15.236Z","[""p-1""]","SL-69eabaa1c05f12225946de3b-0","","[{""roundIndex"":0,""isGratuit"":false,""createdAt"":""2026-04-24T00:35:43.058Z"",""price"":35,""proposedBy"":""organizer"",""respondedAt"":""2026-04-24T00:41:15.236Z"",""message"":"""",""expiresAt"":""2026-04-27T00:35:43.058Z"",""status"":""accepted""}]","accepted","2026-04-24T00:41:15.236Z","69eabae17bb5984586ce9fe6","2026-04-24T00:35:45.977000","2026-04-24T00:41:16.468000","service_eb508f39-ce3d-4391-bb12-d4211c02ede9","false"
"69eab69279bceae19438ebeb","","sc-1","","698d204286a5af9808991620","69eab69483edf32f2d2cd6db","2026-04-27T00:21:52.177Z","","false","2026-04-24T00:21:52.177Z","698c747aee05acfdd23ea578","","[""p-3""]","SL-69eab69483edf32f2d2cd6db-0","","[{""roundIndex"":0,""isGratuit"":false,""createdAt"":""2026-04-24T00:21:52.177Z"",""price"":290,""proposedBy"":""organizer"",""respondedAt"":null,""message"":"""",""expiresAt"":""2026-04-27T00:21:52.177Z"",""status"":""pending""}]","pending_talent","2026-04-24T00:21:52.177Z","69eab7a2fdd6f868722c6586","2026-04-24T00:21:54.244000","2026-04-24T00:21:54.244000","service_eb508f39-ce3d-4391-bb12-d4211c02ede9","false"
"69eab69279bceae19438ebeb","","sc-1","","698d204286a5af9808991620","69eab69483edf32f2d2cd6db","2026-04-27T00:21:37.126Z","","false","2026-04-24T00:21:37.126Z","698c747aee05acfdd23ea578","","[""p-2""]","SL-69eab69483edf32f2d2cd6db-0","","[{""roundIndex"":0,""isGratuit"":false,""createdAt"":""2026-04-24T00:21:37.126Z"",""price"":175,""proposedBy"":""organizer"",""respondedAt"":null,""message"":"""",""expiresAt"":""2026-04-27T00:21:37.126Z"",""status"":""pending""}]","pending_talent","2026-04-24T00:21:37.126Z","69eab7939dcf3d73d4f9fba2","2026-04-24T00:21:39.637000","2026-04-24T00:21:39.637000","service_eb508f39-ce3d-4391-bb12-d4211c02ede9","false"
"69eab69279bceae19438ebeb","","sc-1","","698d204286a5af9808991620","69eab69483edf32f2d2cd6db","2026-04-27T00:21:20.688Z","","true","2026-04-24T00:21:20.688Z","698dc6f781b400b640a229f6","","[""p-1""]","SL-69eab69483edf32f2d2cd6db-1","","[{""roundIndex"":0,""isGratuit"":true,""createdAt"":""2026-04-24T00:21:20.688Z"",""price"":0,""proposedBy"":""organizer"",""respondedAt"":null,""message"":"""",""expiresAt"":""2026-04-27T00:21:20.688Z"",""status"":""pending""}]","pending_talent","2026-04-24T00:21:20.688Z","69eab7839e53540d7cf74d6a","2026-04-24T00:21:23.938000","2026-04-24T00:21:23.938000","service_eb508f39-ce3d-4391-bb12-d4211c02ede9","false"
"69eab69279bceae19438ebeb","","sc-1","","698d204286a5af9808991620","69eab69483edf32f2d2cd6db","2026-04-27T00:21:04.124Z","","false","2026-04-24T00:21:04.124Z","698c747aee05acfdd23ea578","","[""p-1""]","SL-69eab69483edf32f2d2cd6db-0","","[{""roundIndex"":0,""isGratuit"":false,""createdAt"":""2026-04-24T00:21:04.124Z"",""price"":45,""proposedBy"":""organizer"",""respondedAt"":null,""message"":"""",""expiresAt"":""2026-04-27T00:21:04.124Z"",""status"":""pending""}]","pending_talent","2026-04-24T00:21:04.124Z","69eab772c784f768b36b268d","2026-04-24T00:21:06.939000","2026-04-24T00:21:06.939000","service_eb508f39-ce3d-4391-bb12-d4211c02ede9","false"
"69eab69279bceae19438ebeb","","sc-1776989827197","","698d204286a5af9808991620","69eab69483edf32f2d2cd6db","2026-04-27T00:20:35.745Z","","false","2026-04-24T00:20:35.745Z","698dc6f781b400b640a229f6","","[""p-4""]","SL-69eab69483edf32f2d2cd6db-1","","[{""roundIndex"":0,""isGratuit"":false,""createdAt"":""2026-04-24T00:20:35.745Z"",""price"":125,""proposedBy"":""organizer"",""respondedAt"":null,""message"":"""",""expiresAt"":""2026-04-27T00:20:35.745Z"",""status"":""pending""}]","pending_talent","2026-04-24T00:20:35.745Z","69eab756b7db7eae01ac1ac7","2026-04-24T00:20:38.554000","2026-04-24T00:20:38.554000","service_eb508f39-ce3d-4391-bb12-d4211c02ede9","false"
"69eab69279bceae19438ebeb","","sc-1","","698d204286a5af9808991620","69eab69483edf32f2d2cd6db","2026-04-27T00:19:27.466Z","","false","2026-04-24T00:19:27.466Z","69b48a2b7d5c0db589c6bb1c","","[""p-4""]","SL-69eab69483edf32f2d2cd6db-3","","[{""roundIndex"":0,""isGratuit"":false,""createdAt"":""2026-04-24T00:19:27.466Z"",""price"":20,""proposedBy"":""organizer"",""respondedAt"":null,""message"":"""",""expiresAt"":""2026-04-27T00:19:27.466Z"",""status"":""pending""}]","pending_talent","2026-04-24T00:19:27.466Z","69eab712c6d3c6b95a734863","2026-04-24T00:19:30.650000","2026-04-24T00:19:30.650000","service_eb508f39-ce3d-4391-bb12-d4211c02ede9","false"
"69eab69279bceae19438ebeb","","sc-1","accepted","698d204286a5af9808991620","69eab69483edf32f2d2cd6db","2026-04-27T00:19:08.983Z","","false","2026-04-24T00:19:08.983Z","69cd302266f2193a99122757","2026-04-24T00:19:39.982Z","[""p-4""]","SL-69eab69483edf32f2d2cd6db-2","","[{""roundIndex"":0,""isGratuit"":false,""createdAt"":""2026-04-24T00:19:08.983Z"",""price"":25,""proposedBy"":""organizer"",""respondedAt"":""2026-04-24T00:19:39.982Z"",""message"":"""",""expiresAt"":""2026-04-27T00:19:08.983Z"",""status"":""accepted""}]","accepted","2026-04-24T00:19:39.982Z","69eab6ffbbf1eb5e5d434ca3","2026-04-24T00:19:11.690000","2026-04-24T00:19:41.150000","service_eb508f39-ce3d-4391-bb12-d4211c02ede9","false"
"69eab69279bceae19438ebeb","","sc-1","","698d204286a5af9808991620","69eab69483edf32f2d2cd6db","2026-04-27T00:18:51.493Z","","false","2026-04-24T00:18:51.492Z","69b48a2b7d5c0db589c6bb1c","","[""p-4""]","SL-69eab69483edf32f2d2cd6db-3","","[{""roundIndex"":0,""isGratuit"":false,""createdAt"":""2026-04-24T00:18:51.492Z"",""price"":20,""proposedBy"":""organizer"",""respondedAt"":null,""message"":"""",""expiresAt"":""2026-04-27T00:18:51.493Z"",""status"":""pending""}]","pending_talent","2026-04-24T00:18:51.492Z","69eab6ee927baaecbb6f965c","2026-04-24T00:18:54.209000","2026-04-24T00:18:54.209000","service_eb508f39-ce3d-4391-bb12-d4211c02ede9","false"
"69eab0b648beecffb8a9343a","","sc-1776988332877","","69cd302266f2193a99122757","69eab0b7d47f201a041e676c","2026-04-26T23:58:35.466Z","","false","2026-04-23T23:58:35.466Z","698dc6f781b400b640a229f6","","[""p-4""]","SL-69eab0b7d47f201a041e676c-3","","[{""roundIndex"":0,""isGratuit"":false,""createdAt"":""2026-04-23T23:58:35.466Z"",""price"":15,""proposedBy"":""organizer"",""respondedAt"":null,""message"":"""",""expiresAt"":""2026-04-26T23:58:35.466Z"",""status"":""pending""}]","pending_talent","2026-04-23T23:58:35.466Z","69eab22d2bb53980ed35c7d2","2026-04-23T23:58:37.916000","2026-04-23T23:58:37.916000","service_eb508f39-ce3d-4391-bb12-d4211c02ede9","false"
"69eab0b648beecffb8a9343a","","sc-1776988332877","","69cd302266f2193a99122757","69eab0b7d47f201a041e676c","2026-04-26T23:58:20.198Z","","false","2026-04-23T23:58:20.198Z","698dc6f781b400b640a229f6","","[""p-3""]","SL-69eab0b7d47f201a041e676c-3","","[{""roundIndex"":0,""isGratuit"":false,""createdAt"":""2026-04-23T23:58:20.198Z"",""price"":20,""proposedBy"":""organizer"",""respondedAt"":null,""message"":"""",""expiresAt"":""2026-04-26T23:58:20.198Z"",""status"":""pending""}]","pending_talent","2026-04-23T23:58:20.198Z","69eab21e17cb916601cf2475","2026-04-23T23:58:22.295000","2026-04-23T23:58:22.295000","service_eb508f39-ce3d-4391-bb12-d4211c02ede9","false"
"69eab0b648beecffb8a9343a","","sc-1776988332877","","69cd302266f2193a99122757","69eab0b7d47f201a041e676c","2026-04-26T23:57:31.268Z","","false","2026-04-23T23:57:31.268Z","69b48a2b7d5c0db589c6bb1c","","[""p-4""]","SL-69eab0b7d47f201a041e676c-2","","[{""roundIndex"":0,""isGratuit"":false,""createdAt"":""2026-04-23T23:57:31.268Z"",""price"":15,""proposedBy"":""organizer"",""respondedAt"":null,""message"":"""",""expiresAt"":""2026-04-26T23:57:31.268Z"",""status"":""pending""}]","pending_talent","2026-04-23T23:57:31.268Z","69eab1ee852c9552e6f3429b","2026-04-23T23:57:34.352000","2026-04-23T23:57:34.352000","service_eb508f39-ce3d-4391-bb12-d4211c02ede9","false"
"69eab0b648beecffb8a9343a","","sc-1776988332877","","69cd302266f2193a99122757","69eab0b7d47f201a041e676c","2026-04-26T23:57:02.759Z","","false","2026-04-23T23:57:02.759Z","69b48a2b7d5c0db589c6bb1c","","[""p-3""]","SL-69eab0b7d47f201a041e676c-2","","[{""roundIndex"":0,""isGratuit"":false,""createdAt"":""2026-04-23T23:57:02.759Z"",""price"":30,""proposedBy"":""organizer"",""respondedAt"":null,""message"":"""",""expiresAt"":""2026-04-26T23:57:02.759Z"",""status"":""pending""}]","pending_talent","2026-04-23T23:57:02.759Z","69eab1d1bbf1eb5e5d4335bc","2026-04-23T23:57:05.208000","2026-04-23T23:57:05.208000","service_eb508f39-ce3d-4391-bb12-d4211c02ede9","false"
"69eab0b648beecffb8a9343a","","sc-1776988332877","","69cd302266f2193a99122757","69eab0b7d47f201a041e676c","2026-04-26T23:56:39.269Z","","false","2026-04-23T23:56:39.269Z","69b48a2b7d5c0db589c6bb1c","","[""p-2""]","SL-69eab0b7d47f201a041e676c-2","","[{""roundIndex"":0,""isGratuit"":false,""createdAt"":""2026-04-23T23:56:39.269Z"",""price"":15,""proposedBy"":""organizer"",""respondedAt"":null,""message"":"""",""expiresAt"":""2026-04-26T23:56:39.269Z"",""status"":""pending""}]","pending_talent","2026-04-23T23:56:39.269Z","69eab1b9624418ca2ac27840","2026-04-23T23:56:41.954000","2026-04-23T23:56:41.954000","service_eb508f39-ce3d-4391-bb12-d4211c02ede9","false"
"69eab0b648beecffb8a9343a","","sc-1776988332877","","69cd302266f2193a99122757","69eab0b7d47f201a041e676c","2026-04-26T23:56:18.597Z","","false","2026-04-23T23:56:18.597Z","69b48a2b7d5c0db589c6bb1c","","[""p-1""]","SL-69eab0b7d47f201a041e676c-2","","[{""roundIndex"":0,""isGratuit"":false,""createdAt"":""2026-04-23T23:56:18.597Z"",""price"":10,""proposedBy"":""organizer"",""respondedAt"":null,""message"":"""",""expiresAt"":""2026-04-26T23:56:18.597Z"",""status"":""pending""}]","pending_talent","2026-04-23T23:56:18.597Z","69eab1a57aecc58b63922933","2026-04-23T23:56:21.015000","2026-04-23T23:56:21.015000","service_eb508f39-ce3d-4391-bb12-d4211c02ede9","false"
"69eab0b648beecffb8a9343a","","sc-1","","69cd302266f2193a99122757","69eab0b7d47f201a041e676c","2026-04-26T23:55:00.092Z","","false","2026-04-23T23:55:00.092Z","698d204286a5af9808991620","","[""p-4""]","SL-69eab0b7d47f201a041e676c-0","","[{""roundIndex"":0,""isGratuit"":false,""createdAt"":""2026-04-23T23:55:00.092Z"",""price"":45,""proposedBy"":""organizer"",""respondedAt"":null,""message"":"""",""expiresAt"":""2026-04-26T23:55:00.092Z"",""status"":""pending""}]","pending_talent","2026-04-23T23:55:00.092Z","69eab157b4289a70c4cf5607","2026-04-23T23:55:03.115000","2026-04-23T23:55:03.115000","service_eb508f39-ce3d-4391-bb12-d4211c02ede9","false"
"69eab0b648beecffb8a9343a","","sc-1","","69cd302266f2193a99122757","69eab0b7d47f201a041e676c","2026-04-26T23:54:42.370Z","","false","2026-04-23T23:54:42.370Z","698c747aee05acfdd23ea578","","[""p-4""]","SL-69eab0b7d47f201a041e676c-0","","[{""roundIndex"":0,""isGratuit"":false,""createdAt"":""2026-04-23T23:54:42.370Z"",""price"":75,""proposedBy"":""organizer"",""respondedAt"":null,""message"":"""",""expiresAt"":""2026-04-26T23:54:42.370Z"",""status"":""pending""}]","pending_talent","2026-04-23T23:54:42.370Z","69eab144f026ec15f814bdb1","2026-04-23T23:54:44.865000","2026-04-23T23:54:44.865000","service_eb508f39-ce3d-4391-bb12-d4211c02ede9","false"
"69eab0b648beecffb8a9343a","","sc-1","","69cd302266f2193a99122757","69eab0b7d47f201a041e676c","2026-04-26T23:54:25.765Z","","false","2026-04-23T23:54:25.765Z","698d204286a5af9808991620","","[""p-3""]","SL-69eab0b7d47f201a041e676c-0","","[{""roundIndex"":0,""isGratuit"":false,""createdAt"":""2026-04-23T23:54:25.765Z"",""price"":90,""proposedBy"":""organizer"",""respondedAt"":null,""message"":"""",""expiresAt"":""2026-04-26T23:54:25.765Z"",""status"":""pending""}]","pending_talent","2026-04-23T23:54:25.765Z","69eab134b15271a8e1eb3488","2026-04-23T23:54:28.270000","2026-04-23T23:54:28.270000","service_eb508f39-ce3d-4391-bb12-d4211c02ede9","false"
"69eab0b648beecffb8a9343a","","sc-1","","69cd302266f2193a99122757","69eab0b7d47f201a041e676c","2026-04-26T23:54:11.117Z","","false","2026-04-23T23:54:11.117Z","698c747aee05acfdd23ea578","","[""p-3""]","SL-69eab0b7d47f201a041e676c-0","","[{""roundIndex"":0,""isGratuit"":false,""createdAt"":""2026-04-23T23:54:11.117Z"",""price"":150,""proposedBy"":""organizer"",""respondedAt"":null,""message"":"""",""expiresAt"":""2026-04-26T23:54:11.117Z"",""status"":""pending""}]","pending_talent","2026-04-23T23:54:11.117Z","69eab1257c96d0c28f148cf9","2026-04-23T23:54:13.935000","2026-04-23T23:54:13.935000","service_eb508f39-ce3d-4391-bb12-d4211c02ede9","false"
"69eab0b648beecffb8a9343a","","sc-1","","69cd302266f2193a99122757","69eab0b7d47f201a041e676c","2026-04-26T23:53:56.292Z","","false","2026-04-23T23:53:56.292Z","698c747aee05acfdd23ea578","","[""p-2""]","SL-69eab0b7d47f201a041e676c-0","","[{""roundIndex"":0,""isGratuit"":false,""createdAt"":""2026-04-23T23:53:56.292Z"",""price"":75,""proposedBy"":""organizer"",""respondedAt"":null,""message"":"""",""expiresAt"":""2026-04-26T23:53:56.292Z"",""status"":""pending""}]","pending_talent","2026-04-23T23:53:56.292Z","69eab116b82c8d1d3f4ddc21","2026-04-23T23:53:58.961000","2026-04-23T23:53:58.961000","service_eb508f39-ce3d-4391-bb12-d4211c02ede9","false"
"69eab0b648beecffb8a9343a","","sc-1","","69cd302266f2193a99122757","69eab0b7d47f201a041e676c","2026-04-26T23:53:36.736Z","","false","2026-04-23T23:53:36.736Z","698c747aee05acfdd23ea578","","[""p-1""]","SL-69eab0b7d47f201a041e676c-0","","[{""roundIndex"":0,""isGratuit"":false,""createdAt"":""2026-04-23T23:53:36.736Z"",""price"":50,""proposedBy"":""organizer"",""respondedAt"":null,""message"":"""",""expiresAt"":""2026-04-26T23:53:36.736Z"",""status"":""pending""}]","pending_talent","2026-04-23T23:53:36.736Z","69eab1039e71263c05096ebb","2026-04-23T23:53:39.545000","2026-04-23T23:53:39.545000","service_eb508f39-ce3d-4391-bb12-d4211c02ede9","false"
"69eaa93057a4fd324f40f228","","sc-1","","69cd302266f2193a99122757","69eaa93208aed3dc6eaa1fdb","2026-04-26T23:34:21.266Z","","false","2026-04-23T23:34:21.266Z","698dd1b2193c860027a3457a","","[""p-4""]","SL-69eaa93208aed3dc6eaa1fdb-1","","[{""roundIndex"":0,""isGratuit"":false,""createdAt"":""2026-04-23T23:34:21.266Z"",""price"":20,""proposedBy"":""organizer"",""respondedAt"":null,""message"":"""",""expiresAt"":""2026-04-26T23:34:21.266Z"",""status"":""pending""}]","pending_talent","2026-04-23T23:34:21.266Z","69eaac7e54fdb207661aca4c","2026-04-23T23:34:22.742000","2026-04-23T23:34:22.742000","service_eb508f39-ce3d-4391-bb12-d4211c02ede9","false"
"69eaa93057a4fd324f40f228","","sc-1","accepted","69cd302266f2193a99122757","69eaa93208aed3dc6eaa1fdb","2026-04-26T23:33:32.552Z","","false","2026-04-23T23:33:32.552Z","698dd1b2193c860027a3457a","2026-04-23T23:33:47.209Z","[""p-1""]","SL-69eaa93208aed3dc6eaa1fdb-1","","[{""roundIndex"":0,""isGratuit"":false,""createdAt"":""2026-04-23T23:33:32.552Z"",""price"":20,""proposedBy"":""organizer"",""respondedAt"":""2026-04-23T23:33:47.209Z"",""message"":"""",""expiresAt"":""2026-04-26T23:33:32.552Z"",""status"":""accepted""}]","accepted","2026-04-23T23:33:47.209Z","69eaac4f5173f7791b0a54b1","2026-04-23T23:33:35.024000","2026-04-23T23:33:48.601000","service_eb508f39-ce3d-4391-bb12-d4211c02ede9","false"
"69eaa93057a4fd324f40f228","","sc-1","accepted","69cd302266f2193a99122757","69eaa93208aed3dc6eaa1fdb","2026-04-26T23:29:54.012Z","","false","2026-04-23T23:29:54.012Z","698dd1b2193c860027a3457a","2026-04-23T23:30:18.056Z","[""p-2""]","SL-69eaa93208aed3dc6eaa1fdb-1","","[{""roundIndex"":0,""isGratuit"":false,""createdAt"":""2026-04-23T23:29:54.012Z"",""price"":65,""proposedBy"":""organizer"",""respondedAt"":""2026-04-23T23:30:18.056Z"",""message"":"""",""expiresAt"":""2026-04-26T23:29:54.012Z"",""status"":""accepted""}]","accepted","2026-04-23T23:30:18.056Z","69eaab74dd89feae95e0bb51","2026-04-23T23:29:56.438000","2026-04-23T23:30:19.251000","service_eb508f39-ce3d-4391-bb12-d4211c02ede9","false"
"69eaa93057a4fd324f40f228","","sc-1","accepted","69cd302266f2193a99122757","69eaa93208aed3dc6eaa1fdb","2026-04-26T23:29:32.004Z","","false","2026-04-23T23:29:32.004Z","698dd1b2193c860027a3457a","2026-04-23T23:30:50.330Z","[""p-3""]","SL-69eaa93208aed3dc6eaa1fdb-1","","[{""roundIndex"":0,""isGratuit"":false,""createdAt"":""2026-04-23T23:29:32.004Z"",""price"":40,""proposedBy"":""organizer"",""respondedAt"":""2026-04-23T23:30:50.330Z"",""message"":"""",""expiresAt"":""2026-04-26T23:29:32.004Z"",""status"":""accepted""}]","accepted","2026-04-23T23:30:50.330Z","69eaab5fb0011a18c63db294","2026-04-23T23:29:35.453000","2026-04-23T23:30:51.430000","service_eb508f39-ce3d-4391-bb12-d4211c02ede9","false"
"69eaa93057a4fd324f40f228","","sc-1","accepted","69cd302266f2193a99122757","69eaa93208aed3dc6eaa1fdb","2026-04-26T23:29:09.890Z","","false","2026-04-23T23:27:02.899Z","69b48a2b7d5c0db589c6bb1c","2026-04-23T23:34:06.713Z","[""p-4""]","SL-69eaa93208aed3dc6eaa1fdb-1","","[{""roundIndex"":0,""isGratuit"":false,""createdAt"":""2026-04-23T23:27:02.899Z"",""price"":30,""proposedBy"":""organizer"",""respondedAt"":""2026-04-23T23:28:50.479Z"",""message"":"""",""expiresAt"":""2026-04-26T23:27:02.899Z"",""status"":""countered""},{""roundIndex"":1,""isGratuit"":false,""createdAt"":""2026-04-23T23:28:50.479Z"",""price"":50,""proposedBy"":""talent"",""respondedAt"":""2026-04-23T23:29:09.696Z"",""message"":"""",""expiresAt"":""2026-04-26T23:28:50.700Z"",""status"":""countered""},{""roundIndex"":2,""isGratuit"":false,""createdAt"":""2026-04-23T23:29:09.696Z"",""price"":40,""proposedBy"":""organizer"",""respondedAt"":""2026-04-23T23:34:06.713Z"",""message"":"""",""expiresAt"":""2026-04-26T23:29:09.890Z"",""status"":""accepted""}]","accepted","2026-04-23T23:34:06.713Z","69eaaac92c23cf530a2fc054","2026-04-23T23:27:05.267000","2026-04-23T23:34:07.701000","service_eb508f39-ce3d-4391-bb12-d4211c02ede9","false"
"69eaa93057a4fd324f40f228","","sc-1","","69cd302266f2193a99122757","69eaa93208aed3dc6eaa1fdb","2026-04-26T23:26:42.934Z","","false","2026-04-23T23:26:42.934Z","69b48a2b7d5c0db589c6bb1c","","[""p-3""]","SL-69eaa93208aed3dc6eaa1fdb-1","","[{""roundIndex"":0,""isGratuit"":false,""createdAt"":""2026-04-23T23:26:42.934Z"",""price"":40,""proposedBy"":""organizer"",""respondedAt"":null,""message"":"""",""expiresAt"":""2026-04-26T23:26:42.934Z"",""status"":""pending""}]","pending_talent","2026-04-23T23:26:42.934Z","69eaaab5bd897aa7b6500a27","2026-04-23T23:26:45.764000","2026-04-23T23:26:45.764000","service_eb508f39-ce3d-4391-bb12-d4211c02ede9","false"
"69eaa93057a4fd324f40f228","","sc-1","accepted","69cd302266f2193a99122757","69eaa93208aed3dc6eaa1fdb","2026-04-26T23:26:06.221Z","","false","2026-04-23T23:26:06.221Z","698dd1b2193c860027a3457a","2026-04-23T23:26:23.549Z","[""p-4""]","SL-69eaa93208aed3dc6eaa1fdb-1","","[{""roundIndex"":0,""isGratuit"":false,""createdAt"":""2026-04-23T23:26:06.221Z"",""price"":20,""proposedBy"":""organizer"",""respondedAt"":""2026-04-23T23:26:23.549Z"",""message"":"""",""expiresAt"":""2026-04-26T23:26:06.221Z"",""status"":""accepted""}]","accepted","2026-04-23T23:26:23.549Z","69eaaa9056440db947440319","2026-04-23T23:26:08.778000","2026-04-23T23:26:24.776000","service_eb508f39-ce3d-4391-bb12-d4211c02ede9","false"
"69eaa93057a4fd324f40f228","","sc-1","accepted","69cd302266f2193a99122757","69eaa93208aed3dc6eaa1fdb","2026-04-26T23:25:08.771Z","","false","2026-04-23T23:25:08.771Z","698dd1b2193c860027a3457a","2026-04-23T23:31:05.928Z","[""p-3""]","SL-69eaa93208aed3dc6eaa1fdb-1","","[{""roundIndex"":0,""isGratuit"":false,""createdAt"":""2026-04-23T23:25:08.771Z"",""price"":80,""proposedBy"":""organizer"",""respondedAt"":""2026-04-23T23:31:05.928Z"",""message"":"""",""expiresAt"":""2026-04-26T23:25:08.771Z"",""status"":""accepted""}]","accepted","2026-04-23T23:31:05.928Z","69eaaa57948da4d9ee227f6d","2026-04-23T23:25:11.258000","2026-04-23T23:31:07.036000","service_eb508f39-ce3d-4391-bb12-d4211c02ede9","false"
"69eaa93057a4fd324f40f228","","sc-1","accepted","69cd302266f2193a99122757","69eaa93208aed3dc6eaa1fdb","2026-04-26T23:24:27.262Z","","false","2026-04-23T23:24:27.262Z","698dd1b2193c860027a3457a","2026-04-23T23:25:22.956Z","[""p-2""]","SL-69eaa93208aed3dc6eaa1fdb-1","","[{""roundIndex"":0,""isGratuit"":false,""createdAt"":""2026-04-23T23:24:27.262Z"",""price"":40,""proposedBy"":""organizer"",""respondedAt"":""2026-04-23T23:25:22.956Z"",""message"":"""",""expiresAt"":""2026-04-26T23:24:27.262Z"",""status"":""accepted""}]","accepted","2026-04-23T23:25:22.956Z","69eaaa2ef2a8b690597b2ead","2026-04-23T23:24:30.303000","2026-04-23T23:25:24.060000","service_eb508f39-ce3d-4391-bb12-d4211c02ede9","false"
"69eaa93057a4fd324f40f228","","sc-1","accepted","69cd302266f2193a99122757","69eaa93208aed3dc6eaa1fdb","2026-04-26T23:23:41.334Z","","false","2026-04-23T23:23:41.334Z","698dd1b2193c860027a3457a","2026-04-23T23:24:49.678Z","[""p-1""]","SL-69eaa93208aed3dc6eaa1fdb-1","","[{""roundIndex"":0,""isGratuit"":false,""createdAt"":""2026-04-23T23:23:41.334Z"",""price"":15,""proposedBy"":""organizer"",""respondedAt"":""2026-04-23T23:24:49.678Z"",""message"":"""",""expiresAt"":""2026-04-26T23:23:41.334Z"",""status"":""accepted""}]","accepted","2026-04-23T23:24:49.678Z","69eaaa01fdeb06a82a37e98e","2026-04-23T23:23:45.586000","2026-04-23T23:24:50.868000","service_eb508f39-ce3d-4391-bb12-d4211c02ede9","false"
"69ea7a3dba45aac7aea9dcb0","","sc-1","accepted","699c655e40e8dc98eacda675","69ea7a3fb87a8aad8bf80e46","2026-04-26T20:01:49.234Z","","false","2026-04-23T20:01:49.233Z","698d204286a5af9808991620","2026-04-23T20:02:05.259Z","[""p-3""]","SL-69ea7a3fb87a8aad8bf80e46-0","","[{""roundIndex"":0,""isGratuit"":false,""createdAt"":""2026-04-23T20:01:49.233Z"",""price"":30,""proposedBy"":""organizer"",""respondedAt"":""2026-04-23T20:02:05.259Z"",""message"":"""",""expiresAt"":""2026-04-26T20:01:49.234Z"",""status"":""accepted""}]","accepted","2026-04-23T20:02:05.259Z","69ea7ab0c01e0f93de4ea5d8","2026-04-23T20:01:52.083000","2026-04-23T20:02:06.832000","service_eb508f39-ce3d-4391-bb12-d4211c02ede9","false"
"69ea7a3dba45aac7aea9dcb0","","sc-1","accepted","699c655e40e8dc98eacda675","69ea7a3fb87a8aad8bf80e46","2026-04-26T20:01:17.719Z","","false","2026-04-23T20:01:17.719Z","698dd1b2193c860027a3457a","2026-04-23T20:02:12.089Z","[""p-1""]","SL-69ea7a3fb87a8aad8bf80e46-1","","[{""roundIndex"":0,""isGratuit"":false,""createdAt"":""2026-04-23T20:01:17.719Z"",""price"":200,""proposedBy"":""organizer"",""respondedAt"":""2026-04-23T20:02:12.089Z"",""message"":"""",""expiresAt"":""2026-04-26T20:01:17.719Z"",""status"":""accepted""}]","accepted","2026-04-23T20:02:12.089Z","69ea7a902fa3de9a5f6c9f61","2026-04-23T20:01:20.781000","2026-04-23T20:02:14.125000","service_eb508f39-ce3d-4391-bb12-d4211c02ede9","false"
"69ea44480ce0b77f1fda9c04","","sc-1","accepted","69cd302266f2193a99122757","69ea444a83c7c0fbf873df29","2026-04-26T16:10:40.592Z","","false","2026-04-23T16:10:21.140Z","698c747aee05acfdd23ea578","2026-04-23T16:11:45.707Z","[""p-1""]","SL-69ea444a83c7c0fbf873df29-0","","[{""roundIndex"":0,""isGratuit"":false,""createdAt"":""2026-04-23T16:10:21.140Z"",""price"":500,""proposedBy"":""organizer"",""respondedAt"":""2026-04-23T16:10:40.396Z"",""message"":"""",""expiresAt"":""2026-04-26T16:10:21.140Z"",""status"":""countered""},{""roundIndex"":1,""isGratuit"":false,""createdAt"":""2026-04-23T16:10:40.396Z"",""price"":1000,""proposedBy"":""talent"",""respondedAt"":""2026-04-23T16:11:45.707Z"",""message"":"""",""expiresAt"":""2026-04-26T16:10:40.592Z"",""status"":""accepted""}]","accepted","2026-04-23T16:11:45.707Z","69ea4470e500d27856b59ff8","2026-04-23T16:10:24.494000","2026-04-23T16:11:46.923000","service_eb508f39-ce3d-4391-bb12-d4211c02ede9","false"
"69ea38cbfecda0c9be8b840e","","sc-1","accepted","69cd302266f2193a99122757","69ea38ce560c827a7f50a276","2026-04-26T15:24:23.482Z","","false","2026-04-23T15:24:23.482Z","698c747aee05acfdd23ea578","2026-04-23T15:24:50.519Z","[""p-1""]","SL-69ea38ce560c827a7f50a276-0","","[{""roundIndex"":0,""isGratuit"":false,""createdAt"":""2026-04-23T15:24:23.482Z"",""price"":75,""proposedBy"":""organizer"",""respondedAt"":""2026-04-23T15:24:50.519Z"",""message"":"""",""expiresAt"":""2026-04-26T15:24:23.482Z"",""status"":""accepted""}]","accepted","2026-04-23T15:24:50.519Z","69ea39ae1479b3b45b089cc1","2026-04-23T15:24:30.243000","2026-04-23T15:24:51.809000","service_eb508f39-ce3d-4391-bb12-d4211c02ede9","false"
"69ea38cbfecda0c9be8b840e","","sc-1","accepted","69cd302266f2193a99122757","69ea38ce560c827a7f50a276","2026-04-26T15:21:46.938Z","","false","2026-04-23T15:21:46.938Z","698c747aee05acfdd23ea578","2026-04-23T15:22:06.247Z","[""p-1""]","SL-69ea38ce560c827a7f50a276-0","","[{""roundIndex"":0,""isGratuit"":false,""createdAt"":""2026-04-23T15:21:46.938Z"",""price"":100,""proposedBy"":""organizer"",""respondedAt"":""2026-04-23T15:22:06.247Z"",""message"":"""",""expiresAt"":""2026-04-26T15:21:46.938Z"",""status"":""accepted""}]","accepted","2026-04-23T15:22:06.247Z","69ea390f15473bc97cef7c74","2026-04-23T15:21:51.305000","2026-04-23T15:22:07.626000","service_eb508f39-ce3d-4391-bb12-d4211c02ede9","false"
"69ea2acd3025a2080e9ba3f1","","sc-1776954023395","accepted","698c747aee05acfdd23ea578","69ea2ace0634f74b2aaa7e55","2026-04-26T14:28:11.308Z","","false","2026-04-23T14:28:11.308Z","69b48a2b7d5c0db589c6bb1c","2026-04-23T14:33:26.100Z","[""p-1""]","SL-69ea2ace0634f74b2aaa7e55-0","","[{""roundIndex"":0,""isGratuit"":false,""createdAt"":""2026-04-23T14:28:11.308Z"",""price"":25,""proposedBy"":""organizer"",""respondedAt"":""2026-04-23T14:33:26.100Z"",""message"":"""",""expiresAt"":""2026-04-26T14:28:11.308Z"",""status"":""accepted""}]","accepted","2026-04-23T14:33:26.100Z","69ea2c7ef4574d77a5709537","2026-04-23T14:28:14.611000","2026-04-23T14:33:27.336000","service_eb508f39-ce3d-4391-bb12-d4211c02ede9","false"
"69ea2acd3025a2080e9ba3f1","","sc-1","accepted","698c747aee05acfdd23ea578","69ea2ace0634f74b2aaa7e55","2026-04-26T14:22:40.405Z","","false","2026-04-23T14:22:07.309Z","69cd302266f2193a99122757","2026-04-23T14:22:50.232Z","[""p-1""]","SL-69ea2ace0634f74b2aaa7e55-1","","[{""roundIndex"":0,""isGratuit"":false,""createdAt"":""2026-04-23T14:22:07.309Z"",""price"":72,""proposedBy"":""organizer"",""respondedAt"":""2026-04-23T14:22:40.163Z"",""message"":"""",""expiresAt"":""2026-04-26T14:22:07.309Z"",""status"":""countered""},{""roundIndex"":1,""isGratuit"":false,""createdAt"":""2026-04-23T14:22:40.163Z"",""price"":72,""proposedBy"":""talent"",""respondedAt"":""2026-04-23T14:22:50.232Z"",""message"":"""",""expiresAt"":""2026-04-26T14:22:40.405Z"",""status"":""accepted""}]","accepted","2026-04-23T14:22:50.232Z","69ea2b1428699361e9ad4f1e","2026-04-23T14:22:12.295000","2026-04-23T14:22:51.638000","service_eb508f39-ce3d-4391-bb12-d4211c02ede9","false"
"69ea11a48f571b434985fe92","","sc-1","accepted","69cd302266f2193a99122757","69ea11a56db2aaba7c7bed0e","2026-04-26T12:35:14.529Z","","true","2026-04-23T12:35:14.529Z","698c747aee05acfdd23ea578","2026-04-23T12:35:21.516Z","[""p-2""]","SL-69ea11a56db2aaba7c7bed0e-0","","[{""roundIndex"":0,""isGratuit"":true,""createdAt"":""2026-04-23T12:35:14.529Z"",""price"":0,""proposedBy"":""organizer"",""respondedAt"":""2026-04-23T12:35:21.516Z"",""message"":"""",""expiresAt"":""2026-04-26T12:35:14.529Z"",""status"":""accepted""}]","accepted","2026-04-23T12:35:21.516Z","69ea1205ccc8827dddcc26f1","2026-04-23T12:35:17.308000","2026-04-23T12:35:22.826000","service_eb508f39-ce3d-4391-bb12-d4211c02ede9","false"
"69ea11a48f571b434985fe92","","sc-1776947616093","accepted","69cd302266f2193a99122757","69ea11a56db2aaba7c7bed0e","2026-04-26T12:35:05.156Z","","false","2026-04-23T12:34:41.046Z","698dd1b2193c860027a3457a","2026-04-23T12:35:27.282Z","[""p-1""]","SL-69ea11a56db2aaba7c7bed0e-1","","[{""roundIndex"":0,""isGratuit"":false,""createdAt"":""2026-04-23T12:34:41.046Z"",""price"":180,""proposedBy"":""organizer"",""respondedAt"":""2026-04-23T12:35:04.967Z"",""message"":"""",""expiresAt"":""2026-04-26T12:34:41.046Z"",""status"":""countered""},{""roundIndex"":1,""isGratuit"":false,""createdAt"":""2026-04-23T12:35:04.967Z"",""price"":180,""proposedBy"":""talent"",""respondedAt"":""2026-04-23T12:35:27.282Z"",""message"":"""",""expiresAt"":""2026-04-26T12:35:05.156Z"",""status"":""accepted""}]","accepted","2026-04-23T12:35:27.282Z","69ea11e69f1cba5841e8c01d","2026-04-23T12:34:46.991000","2026-04-23T12:35:28.344000","service_eb508f39-ce3d-4391-bb12-d4211c02ede9","false"
"69e9f68a8934e1f22b3ef8c3","","sc-1","accepted","698d204286a5af9808991620","69e9f68ce64665f7488f3e08","2026-04-26T10:39:28.488Z","","false","2026-04-23T10:39:28.488Z","69b48a2b7d5c0db589c6bb1c","2026-04-23T10:39:46.296Z","[""p-2""]","SL-69e9f68ce64665f7488f3e08-0","","[{""roundIndex"":0,""isGratuit"":false,""createdAt"":""2026-04-23T10:39:28.488Z"",""price"":50,""proposedBy"":""organizer"",""respondedAt"":""2026-04-23T10:39:46.296Z"",""message"":"""",""expiresAt"":""2026-04-26T10:39:28.488Z"",""status"":""accepted""}]","accepted","2026-04-23T10:39:46.296Z","69e9f6e603d694082c416258","2026-04-23T10:39:34.550000","2026-04-23T10:39:48.121000","service_eb508f39-ce3d-4391-bb12-d4211c02ede9","false"
"69e9f68a8934e1f22b3ef8c3","","sc-1776940678483","accepted","698d204286a5af9808991620","69e9f68ce64665f7488f3e08","2026-04-26T10:39:20.668Z","","false","2026-04-23T10:38:59.279Z","698c747aee05acfdd23ea578","2026-04-23T10:42:37.440Z","[""p-1""]","SL-69e9f68ce64665f7488f3e08-1","","[{""roundIndex"":0,""isGratuit"":false,""createdAt"":""2026-04-23T10:38:59.279Z"",""price"":150,""proposedBy"":""organizer"",""respondedAt"":""2026-04-23T10:39:19.750Z"",""message"":"""",""expiresAt"":""2026-04-26T10:38:59.279Z"",""status"":""countered""},{""roundIndex"":1,""isGratuit"":false,""createdAt"":""2026-04-23T10:39:19.750Z"",""price"":180,""proposedBy"":""talent"",""respondedAt"":""2026-04-23T10:42:37.440Z"",""message"":"""",""expiresAt"":""2026-04-26T10:39:20.668Z"",""status"":""accepted""}]","accepted","2026-04-23T10:42:37.440Z","69e9f6ca38330906069cbbb0","2026-04-23T10:39:06.537000","2026-04-23T10:42:38.822000","service_eb508f39-ce3d-4391-bb12-d4211c02ede9","false"
"69e9f31f15c86fbd27554517","","sc-1","","698d204286a5af9808991620","69e9f3218298094efa8dc99b","2026-04-26T10:24:53.642Z","","false","2026-04-23T10:24:53.641Z","698c747aee05acfdd23ea578","","[""p-1""]","SL-69e9f3218298094efa8dc99b-0","","[{""roundIndex"":0,""isGratuit"":false,""createdAt"":""2026-04-23T10:24:53.641Z"",""price"":188,""proposedBy"":""organizer"",""respondedAt"":null,""message"":"""",""expiresAt"":""2026-04-26T10:24:53.642Z"",""status"":""pending""}]","pending_talent","2026-04-23T10:24:53.641Z","69e9f3785ff4a06ba42c9d2a","2026-04-23T10:24:56.530000","2026-04-23T10:24:56.530000","service_eb508f39-ce3d-4391-bb12-d4211c02ede9","false"
"69e9827931502e7066e9d642","","sc-1","accepted","69b48a2b7d5c0db589c6bb1c","69e9827a40d252e1a277981b","2026-04-26T02:23:36.854Z","","false","2026-04-23T02:23:36.854Z","698c747aee05acfdd23ea578","2026-04-23T02:25:30.755Z","[""p-1""]","SL-69e9827a40d252e1a277981b-0","","[{""roundIndex"":0,""isGratuit"":false,""createdAt"":""2026-04-23T02:23:36.854Z"",""price"":180,""proposedBy"":""organizer"",""respondedAt"":""2026-04-23T02:25:30.755Z"",""message"":"""",""expiresAt"":""2026-04-26T02:23:36.854Z"",""status"":""accepted""}]","accepted","2026-04-23T02:25:30.755Z","69e982acda297f430f5ceb6d","2026-04-23T02:23:40.035000","2026-04-23T02:25:32.125000","service_eb508f39-ce3d-4391-bb12-d4211c02ede9","false"
"69e97d4b55f24e6ae443e816","","sc-1776909636195","accepted","69cd302266f2193a99122757","69e97d4cad93ced6fe6a0298","2026-04-26T02:02:32.053Z","","false","2026-04-23T02:02:32.053Z","699c655e40e8dc98eacda675","2026-04-23T02:02:54.014Z","[""p-2""]","SL-69e97d4cad93ced6fe6a0298-1","","[{""roundIndex"":0,""isGratuit"":false,""createdAt"":""2026-04-23T02:02:32.053Z"",""price"":60,""proposedBy"":""organizer"",""respondedAt"":""2026-04-23T02:02:54.014Z"",""message"":"""",""expiresAt"":""2026-04-26T02:02:32.053Z"",""status"":""accepted""}]","accepted","2026-04-23T02:02:54.014Z","69e97dba83a8f1b52c6eb35b","2026-04-23T02:02:34.927000","2026-04-23T02:02:56.796000","service_eb508f39-ce3d-4391-bb12-d4211c02ede9","false"
"69e97d4b55f24e6ae443e816","","sc-1","accepted","69cd302266f2193a99122757","69e97d4cad93ced6fe6a0298","2026-04-26T02:02:13.126Z","","false","2026-04-23T02:02:13.126Z","698c747aee05acfdd23ea578","2026-04-23T02:03:16.297Z","[""p-3""]","SL-69e97d4cad93ced6fe6a0298-1","","[{""roundIndex"":0,""isGratuit"":false,""createdAt"":""2026-04-23T02:02:13.126Z"",""price"":80,""proposedBy"":""organizer"",""respondedAt"":""2026-04-23T02:03:16.297Z"",""message"":"""",""expiresAt"":""2026-04-26T02:02:13.126Z"",""status"":""accepted""}]","accepted","2026-04-23T02:03:16.297Z","69e97da8c71d55d28f7fed0f","2026-04-23T02:02:16.820000","2026-04-23T02:03:17.517000","service_eb508f39-ce3d-4391-bb12-d4211c02ede9","false"
"69e943216c09c49fe424336a","","sc-1","accepted","698c747aee05acfdd23ea578","69e943232ba9ce16593e24a9","2026-04-25T21:53:31.530Z","","false","2026-04-22T21:53:31.529Z","69cd302266f2193a99122757","2026-04-22T21:53:54.693Z","[""p-2""]","SL-69e943232ba9ce16593e24a9-0","","[{""roundIndex"":0,""isGratuit"":false,""createdAt"":""2026-04-22T21:53:31.529Z"",""price"":35,""proposedBy"":""organizer"",""respondedAt"":""2026-04-22T21:53:54.693Z"",""message"":"""",""expiresAt"":""2026-04-25T21:53:31.530Z"",""status"":""accepted""}]","accepted","2026-04-22T21:53:54.693Z","69e9435edb0fa28d87429069","2026-04-22T21:53:34.397000","2026-04-22T21:53:55.740000","service_eb508f39-ce3d-4391-bb12-d4211c02ede9","false"
"69e943216c09c49fe424336a","","sc-1","accepted","698c747aee05acfdd23ea578","69e943232ba9ce16593e24a9","2026-04-25T21:53:19.654Z","","false","2026-04-22T21:53:19.654Z","69b48a2b7d5c0db589c6bb1c","2026-04-22T21:53:44.428Z","[""p-1""]","SL-69e943232ba9ce16593e24a9-0","","[{""roundIndex"":0,""isGratuit"":false,""createdAt"":""2026-04-22T21:53:19.654Z"",""price"":60,""proposedBy"":""organizer"",""respondedAt"":""2026-04-22T21:53:44.428Z"",""message"":"""",""expiresAt"":""2026-04-25T21:53:19.654Z"",""status"":""accepted""}]","accepted","2026-04-22T21:53:44.428Z","69e943521ec7491eb4240d94","2026-04-22T21:53:22.450000","2026-04-22T21:53:45.522000","service_eb508f39-ce3d-4391-bb12-d4211c02ede9","false"
"69e90c54b9f9412ee2f25c2e","","sc-1","accepted","69cd302266f2193a99122757","69e90c55644b9d872318bdf1","2026-04-25T18:00:05.492Z","","false","2026-04-22T17:59:28.025Z","69b48a2b7d5c0db589c6bb1c","2026-04-22T18:00:16.241Z","[""p-1""]","SL-69e90c55644b9d872318bdf1-0","","[{""roundIndex"":0,""isGratuit"":false,""createdAt"":""2026-04-22T17:59:28.025Z"",""price"":10,""proposedBy"":""organizer"",""respondedAt"":""2026-04-22T18:00:05.160Z"",""message"":"""",""expiresAt"":""2026-04-25T17:59:28.025Z"",""status"":""countered""},{""roundIndex"":1,""isGratuit"":false,""createdAt"":""2026-04-22T18:00:05.160Z"",""price"":25,""proposedBy"":""talent"",""respondedAt"":""2026-04-22T18:00:16.241Z"",""message"":"""",""expiresAt"":""2026-04-25T18:00:05.492Z"",""status"":""accepted""}]","accepted","2026-04-22T18:00:16.241Z","69e90c838793bcea4669441d","2026-04-22T17:59:31.092000","2026-04-22T18:00:17.517000","service_eb508f39-ce3d-4391-bb12-d4211c02ede9","false"
"69e908ca7e1c2a2d48a8d808","","sc-1776879815144","accepted","69cd302266f2193a99122757","69e908cb63ebccbcf921e652","2026-04-25T17:45:53.039Z","","false","2026-04-22T17:45:53.039Z","69b48a2b7d5c0db589c6bb1c","2026-04-22T22:28:47.103Z","[""p-1""]","SL-69e908cb63ebccbcf921e652-0","","[{""roundIndex"":0,""isGratuit"":false,""createdAt"":""2026-04-22T17:45:53.039Z"",""price"":40,""proposedBy"":""organizer"",""respondedAt"":""2026-04-22T22:28:47.103Z"",""message"":"""",""expiresAt"":""2026-04-25T17:45:53.039Z"",""status"":""accepted""}]","accepted","2026-04-22T22:28:47.103Z","69e909520992703c79e4ae32","2026-04-22T17:45:54.238000","2026-04-22T22:28:48.389000","service_eb508f39-ce3d-4391-bb12-d4211c02ede9","false"
"69e908ca7e1c2a2d48a8d808","","sc-1","accepted","69cd302266f2193a99122757","69e908cb63ebccbcf921e652","2026-04-25T17:44:42.472Z","","false","2026-04-22T17:44:42.472Z","69b48a2b7d5c0db589c6bb1c","2026-04-22T17:46:14.910Z","[""p-2""]","SL-69e908cb63ebccbcf921e652-0","","[{""roundIndex"":0,""isGratuit"":false,""createdAt"":""2026-04-22T17:44:42.472Z"",""price"":10,""proposedBy"":""organizer"",""respondedAt"":""2026-04-22T17:46:14.910Z"",""message"":"""",""expiresAt"":""2026-04-25T17:44:42.472Z"",""status"":""accepted""}]","accepted","2026-04-22T17:46:14.910Z","69e9090daf6933065a83890f","2026-04-22T17:44:45.855000","2026-04-22T17:46:16.173000","service_eb508f39-ce3d-4391-bb12-d4211c02ede9","false"
"69e908ca7e1c2a2d48a8d808","","sc-1","accepted","69cd302266f2193a99122757","69e908cb63ebccbcf921e652","2026-04-25T17:44:25.433Z","","false","2026-04-22T17:44:25.433Z","69b48a2b7d5c0db589c6bb1c","2026-04-22T23:19:32.949Z","[""p-1""]","SL-69e908cb63ebccbcf921e652-0","","[{""roundIndex"":0,""isGratuit"":false,""createdAt"":""2026-04-22T17:44:25.433Z"",""price"":20,""proposedBy"":""organizer"",""respondedAt"":""2026-04-22T23:19:32.949Z"",""message"":"""",""expiresAt"":""2026-04-25T17:44:25.433Z"",""status"":""accepted""}]","accepted","2026-04-22T23:19:32.949Z","69e908fcf2572774b1c0b534","2026-04-22T17:44:28.542000","2026-04-22T23:19:34.161000","service_eb508f39-ce3d-4391-bb12-d4211c02ede9","false"
"69e8fed2e9dd6272584885ea","","sc-1776877249472","accepted","69cd302266f2193a99122757","69e8fed4c844c773006f3685","2026-04-25T17:09:01.563Z","","false","2026-04-22T17:08:32.498Z","69b48a2b7d5c0db589c6bb1c","2026-04-22T17:09:59.042Z","[""p-2""]","SL-69e8fed4c844c773006f3685-1","","[{""roundIndex"":0,""isGratuit"":false,""createdAt"":""2026-04-22T17:08:32.498Z"",""price"":120,""proposedBy"":""organizer"",""respondedAt"":""2026-04-22T17:09:01.329Z"",""message"":"""",""expiresAt"":""2026-04-25T17:08:32.498Z"",""status"":""countered""},{""roundIndex"":1,""isGratuit"":false,""createdAt"":""2026-04-22T17:09:01.329Z"",""price"":135,""proposedBy"":""talent"",""respondedAt"":""2026-04-22T17:09:59.042Z"",""message"":"""",""expiresAt"":""2026-04-25T17:09:01.563Z"",""status"":""accepted""}]","accepted","2026-04-22T17:09:59.042Z","69e900936113837e26df0c2c","2026-04-22T17:08:35.349000","2026-04-22T17:10:00.493000","service_eb508f39-ce3d-4391-bb12-d4211c02ede9","false"
"69e8fed2e9dd6272584885ea","","sc-1776877249472","accepted","69cd302266f2193a99122757","69e8fed4c844c773006f3685","2026-04-25T17:08:46.620Z","","false","2026-04-22T17:08:18.610Z","69b48a2b7d5c0db589c6bb1c","2026-04-22T17:10:10.911Z","[""p-1""]","SL-69e8fed4c844c773006f3685-1","","[{""roundIndex"":0,""isGratuit"":false,""createdAt"":""2026-04-22T17:08:18.610Z"",""price"":100,""proposedBy"":""organizer"",""respondedAt"":""2026-04-22T17:08:46.394Z"",""message"":"""",""expiresAt"":""2026-04-25T17:08:18.610Z"",""status"":""countered""},{""roundIndex"":1,""isGratuit"":false,""createdAt"":""2026-04-22T17:08:46.394Z"",""price"":115,""proposedBy"":""talent"",""respondedAt"":""2026-04-22T17:10:10.911Z"",""message"":"""",""expiresAt"":""2026-04-25T17:08:46.620Z"",""status"":""accepted""}]","accepted","2026-04-22T17:10:10.911Z","69e9008569ec40047f0ed524","2026-04-22T17:08:21.714000","2026-04-22T17:10:12.254000","service_eb508f39-ce3d-4391-bb12-d4211c02ede9","false"
"69e8fed2e9dd6272584885ea","","sc-1","accepted","69cd302266f2193a99122757","69e8fed4c844c773006f3685","2026-04-25T17:07:52.537Z","","false","2026-04-22T17:07:52.537Z","698c747aee05acfdd23ea578","2026-04-22T17:09:35.528Z","[""p-3""]","SL-69e8fed4c844c773006f3685-0","","[{""roundIndex"":0,""isGratuit"":false,""createdAt"":""2026-04-22T17:07:52.537Z"",""price"":75,""proposedBy"":""organizer"",""respondedAt"":""2026-04-22T17:09:35.528Z"",""message"":"""",""expiresAt"":""2026-04-25T17:07:52.537Z"",""status"":""accepted""}]","accepted","2026-04-22T17:09:35.528Z","69e9006c4e0afa608a10178f","2026-04-22T17:07:56.380000","2026-04-22T17:09:37.585000","service_eb508f39-ce3d-4391-bb12-d4211c02ede9","false"
"69e8fed2e9dd6272584885ea","","sc-1","accepted","69cd302266f2193a99122757","69e8fed4c844c773006f3685","2026-04-25T17:07:27.628Z","","false","2026-04-22T17:07:27.627Z","698c747aee05acfdd23ea578","2026-04-22T17:14:37.035Z","[""p-2""]","SL-69e8fed4c844c773006f3685-0","","[{""roundIndex"":0,""isGratuit"":false,""createdAt"":""2026-04-22T17:07:27.627Z"",""price"":55,""proposedBy"":""organizer"",""respondedAt"":""2026-04-22T17:14:37.035Z"",""message"":"""",""expiresAt"":""2026-04-25T17:07:27.628Z"",""status"":""accepted""}]","accepted","2026-04-22T17:14:37.035Z","69e90052bdf51c1e8b822477","2026-04-22T17:07:30.915000","2026-04-22T17:14:38.334000","service_eb508f39-ce3d-4391-bb12-d4211c02ede9","false"
"69e8fed2e9dd6272584885ea","","sc-1","accepted","69cd302266f2193a99122757","69e8fed4c844c773006f3685","2026-04-25T17:07:05.902Z","","false","2026-04-22T17:07:05.902Z","698c747aee05acfdd23ea578","2026-04-22T17:09:22.764Z","[""p-1""]","SL-69e8fed4c844c773006f3685-0","","[{""roundIndex"":0,""isGratuit"":false,""createdAt"":""2026-04-22T17:07:05.902Z"",""price"":40,""proposedBy"":""organizer"",""respondedAt"":""2026-04-22T17:09:22.764Z"",""message"":"""",""expiresAt"":""2026-04-25T17:07:05.902Z"",""status"":""accepted""}]","accepted","2026-04-22T17:09:22.764Z","69e9003d0600888265f99c4a","2026-04-22T17:07:09.011000","2026-04-22T17:09:24.212000","service_eb508f39-ce3d-4391-bb12-d4211c02ede9","false"
"69e8b316fbc30cb9a462eec4","","sc-1","accepted","69cd302266f2193a99122757","69e8b318d48fad3bf62b4e9c","2026-04-25T11:46:04.180Z","","false","2026-04-22T11:46:04.180Z","698dd1b2193c860027a3457a","2026-04-22T11:50:57.495Z","[""p-2""]","SL-69e8b318d48fad3bf62b4e9c-1","","[{""roundIndex"":0,""isGratuit"":false,""createdAt"":""2026-04-22T11:46:04.180Z"",""price"":30,""proposedBy"":""organizer"",""respondedAt"":""2026-04-22T11:50:57.495Z"",""message"":"""",""expiresAt"":""2026-04-25T11:46:04.180Z"",""status"":""accepted""}]","accepted","2026-04-22T11:50:57.495Z","69e8b4fff1d26311c66ccd34","2026-04-22T11:46:07.085000","2026-04-22T11:50:58.880000","service_eb508f39-ce3d-4391-bb12-d4211c02ede9","false"
"69e8b316fbc30cb9a462eec4","","sc-1","accepted","69cd302266f2193a99122757","69e8b318d48fad3bf62b4e9c","2026-04-25T11:51:15.852Z","","false","2026-04-22T11:45:46.984Z","698d204286a5af9808991620","2026-04-22T11:51:26.375Z","[""p-1""]","SL-69e8b318d48fad3bf62b4e9c-0","","[{""roundIndex"":0,""isGratuit"":false,""createdAt"":""2026-04-22T11:45:46.984Z"",""price"":60,""proposedBy"":""organizer"",""respondedAt"":""2026-04-22T11:51:15.683Z"",""message"":"""",""expiresAt"":""2026-04-25T11:45:46.984Z"",""status"":""countered""},{""roundIndex"":1,""isGratuit"":false,""createdAt"":""2026-04-22T11:51:15.683Z"",""price"":115,""proposedBy"":""talent"",""respondedAt"":""2026-04-22T11:51:26.375Z"",""message"":"""",""expiresAt"":""2026-04-25T11:51:15.852Z"",""status"":""accepted""}]","accepted","2026-04-22T11:51:26.375Z","69e8b4ed44ba2dde07ede98a","2026-04-22T11:45:49.718000","2026-04-22T11:51:27.479000","service_eb508f39-ce3d-4391-bb12-d4211c02ede9","false"
"69e8b316fbc30cb9a462eec4","","sc-1776857851175","accepted","69cd302266f2193a99122757","69e8b318d48fad3bf62b4e9c","2026-04-25T11:41:22.319Z","","false","2026-04-22T11:41:22.319Z","699c655e40e8dc98eacda675","2026-04-22T11:41:36.003Z","[""p-1""]","SL-69e8b318d48fad3bf62b4e9c-1","","[{""roundIndex"":0,""isGratuit"":false,""createdAt"":""2026-04-22T11:41:22.319Z"",""price"":30,""proposedBy"":""organizer"",""respondedAt"":""2026-04-22T11:41:36.003Z"",""message"":"""",""expiresAt"":""2026-04-25T11:41:22.319Z"",""status"":""accepted""}]","accepted","2026-04-22T11:41:36.003Z","69e8b3e5eeae7ca3d8380bb9","2026-04-22T11:41:25.423000","2026-04-22T11:41:37.455000","service_eb508f39-ce3d-4391-bb12-d4211c02ede9","false"
"69e8b316fbc30cb9a462eec4","","sc-1","rejected","69cd302266f2193a99122757","69e8b318d48fad3bf62b4e9c","2026-04-25T11:40:18.229Z","","false","2026-04-22T11:39:47.678Z","699c655e40e8dc98eacda675","2026-04-22T11:40:51.953Z","[""p-1""]","SL-69e8b318d48fad3bf62b4e9c-1","","[{""roundIndex"":0,""isGratuit"":false,""createdAt"":""2026-04-22T11:39:47.678Z"",""price"":50,""proposedBy"":""organizer"",""respondedAt"":""2026-04-22T11:40:18.000Z"",""message"":"""",""expiresAt"":""2026-04-25T11:39:47.678Z"",""status"":""countered""},{""roundIndex"":1,""isGratuit"":false,""createdAt"":""2026-04-22T11:40:18.000Z"",""price"":55,""proposedBy"":""talent"",""respondedAt"":""2026-04-22T11:40:51.953Z"",""message"":"""",""expiresAt"":""2026-04-25T11:40:18.229Z"",""status"":""rejected""}]","rejected","2026-04-22T11:40:51.953Z","69e8b3873f2976ac0dc1542e","2026-04-22T11:39:51.510000","2026-04-22T11:40:52.269000","service_eb508f39-ce3d-4391-bb12-d4211c02ede9","false"
"69e7dc7a3a00ff3f726c896b","","sc-1776802921390","accepted","698d204286a5af9808991620","69e7dc7cb81443acfcb139e8","2026-04-25T00:50:34.868Z","","false","2026-04-22T00:44:26.373Z","699c655e40e8dc98eacda675","2026-04-22T00:52:28.569Z","[""p-3""]","SL-69e7dc7cb81443acfcb139e8-0","","[{""roundIndex"":0,""isGratuit"":false,""createdAt"":""2026-04-22T00:44:26.373Z"",""price"":60,""proposedBy"":""organizer"",""respondedAt"":""2026-04-22T00:46:19.354Z"",""message"":"""",""expiresAt"":""2026-04-25T00:44:26.374Z"",""status"":""countered""},{""roundIndex"":1,""isGratuit"":false,""createdAt"":""2026-04-22T00:46:19.354Z"",""price"":60,""proposedBy"":""talent"",""respondedAt"":""2026-04-22T00:50:34.678Z"",""message"":"""",""expiresAt"":""2026-04-25T00:46:19.676Z"",""status"":""countered""},{""roundIndex"":2,""isGratuit"":false,""createdAt"":""2026-04-22T00:50:34.678Z"",""price"":65,""proposedBy"":""organizer"",""respondedAt"":""2026-04-22T00:52:28.569Z"",""message"":"""",""expiresAt"":""2026-04-25T00:50:34.868Z"",""status"":""accepted""}]","accepted","2026-04-22T00:52:28.569Z","69e819ee16681ef24c545da4","2026-04-22T00:44:30.122000","2026-04-22T00:52:29.938000","service_eb508f39-ce3d-4391-bb12-d4211c02ede9","false"
"69e7dc7a3a00ff3f726c896b","","sc-1776802921390","accepted","698d204286a5af9808991620","69e7dc7cb81443acfcb139e8","2026-04-24T20:45:41.759Z","","false","2026-04-21T20:45:01.796Z","698dbbf753d545317578c200","2026-04-22T00:51:47.782Z","[""p-2""]","SL-69e7dc7cb81443acfcb139e8-0","","[{""roundIndex"":0,""isGratuit"":false,""createdAt"":""2026-04-21T20:45:01.796Z"",""price"":450,""proposedBy"":""organizer"",""respondedAt"":""2026-04-21T20:45:41.580Z"",""message"":"""",""expiresAt"":""2026-04-24T20:45:01.796Z"",""status"":""countered""},{""roundIndex"":1,""isGratuit"":false,""createdAt"":""2026-04-21T20:45:41.580Z"",""price"":510,""proposedBy"":""talent"",""respondedAt"":""2026-04-22T00:51:47.782Z"",""message"":"""",""expiresAt"":""2026-04-24T20:45:41.759Z"",""status"":""accepted""}]","accepted","2026-04-22T00:51:47.782Z","69e7e1d175d24360fc0561e2","2026-04-21T20:45:05.156000","2026-04-22T00:51:48.997000","service_eb508f39-ce3d-4391-bb12-d4211c02ede9","false"
"69e7dc7a3a00ff3f726c896b","","sc-1776802921390","accepted","698d204286a5af9808991620","69e7dc7cb81443acfcb139e8","2026-04-24T20:37:49.509Z","","false","2026-04-21T20:36:36.288Z","69b48a2b7d5c0db589c6bb1c","2026-04-22T00:51:37.589Z","[""p-1""]","SL-69e7dc7cb81443acfcb139e8-0","","[{""roundIndex"":0,""isGratuit"":false,""createdAt"":""2026-04-21T20:36:36.288Z"",""price"":300,""proposedBy"":""organizer"",""respondedAt"":""2026-04-21T20:37:49.231Z"",""message"":"""",""expiresAt"":""2026-04-24T20:36:36.288Z"",""status"":""countered""},{""roundIndex"":1,""isGratuit"":false,""createdAt"":""2026-04-21T20:37:49.231Z"",""price"":400,""proposedBy"":""talent"",""respondedAt"":""2026-04-22T00:51:37.589Z"",""message"":"""",""expiresAt"":""2026-04-24T20:37:49.509Z"",""status"":""accepted""}]","accepted","2026-04-22T00:51:37.589Z","69e7dfd7c02f80133ede6a22","2026-04-21T20:36:39.641000","2026-04-22T00:51:38.985000","service_eb508f39-ce3d-4391-bb12-d4211c02ede9","false"
"69e7dc7a3a00ff3f726c896b","","sc-1","","698d204286a5af9808991620","69e7dc7cb81443acfcb139e8","2026-04-24T20:25:38.026Z","","false","2026-04-21T20:25:38.025Z","698dd1b2193c860027a3457a","","[""p-3""]","SL-69e7dc7cb81443acfcb139e8-1","","[{""roundIndex"":0,""isGratuit"":false,""createdAt"":""2026-04-21T20:25:38.025Z"",""price"":250,""proposedBy"":""organizer"",""respondedAt"":null,""message"":"""",""expiresAt"":""2026-04-24T20:25:38.026Z"",""status"":""pending""}]","pending_talent","2026-04-21T20:25:38.025Z","69e7dd451b1a8db954f6cf53","2026-04-21T20:25:41.324000","2026-04-21T20:25:41.324000","service_eb508f39-ce3d-4391-bb12-d4211c02ede9","false"
"69e7dc7a3a00ff3f726c896b","","sc-1","accepted","698d204286a5af9808991620","69e7dc7cb81443acfcb139e8","2026-04-24T20:24:36.693Z","","false","2026-04-21T20:23:47.330Z","698dd1b2193c860027a3457a","2026-04-22T00:53:56.590Z","[""p-2""]","SL-69e7dc7cb81443acfcb139e8-1","","[{""roundIndex"":0,""isGratuit"":false,""createdAt"":""2026-04-21T20:23:47.330Z"",""price"":200,""proposedBy"":""organizer"",""respondedAt"":""2026-04-21T20:24:36.483Z"",""message"":"""",""expiresAt"":""2026-04-24T20:23:47.330Z"",""status"":""countered""},{""roundIndex"":1,""isGratuit"":false,""createdAt"":""2026-04-21T20:24:36.483Z"",""price"":335,""proposedBy"":""talent"",""respondedAt"":""2026-04-22T00:53:56.590Z"",""message"":"""",""expiresAt"":""2026-04-24T20:24:36.693Z"",""status"":""accepted""}]","accepted","2026-04-22T00:53:56.590Z","69e7dcd6ea8a1a70c82ed771","2026-04-21T20:23:50.288000","2026-04-22T00:53:59.231000","service_eb508f39-ce3d-4391-bb12-d4211c02ede9","false"
"69e7dc7a3a00ff3f726c896b","","sc-1","accepted","698d204286a5af9808991620","69e7dc7cb81443acfcb139e8","2026-04-24T20:23:21.120Z","","false","2026-04-21T20:23:21.119Z","69cd302266f2193a99122757","2026-04-21T20:24:06.395Z","[""p-1""]","SL-69e7dc7cb81443acfcb139e8-0","","[{""roundIndex"":0,""isGratuit"":false,""createdAt"":""2026-04-21T20:23:21.119Z"",""price"":100,""proposedBy"":""organizer"",""respondedAt"":""2026-04-21T20:24:06.395Z"",""message"":"""",""expiresAt"":""2026-04-24T20:23:21.120Z"",""status"":""accepted""}]","accepted","2026-04-21T20:24:06.395Z","69e7dcbcbdf76605a36d7a9c","2026-04-21T20:23:24.045000","2026-04-21T20:24:07.536000","service_eb508f39-ce3d-4391-bb12-d4211c02ede9","false"
"69e7d0dc88c32287b5636d7c","","sc-1776799960240","accepted","698d204286a5af9808991620","69e7d0dd95674ed2e3c8ef38","2026-04-24T20:19:22.403Z","","false","2026-04-21T20:19:22.402Z","698dd1b2193c860027a3457a","2026-04-21T20:19:54.696Z","[""p-1""]","SL-69e7d0dd95674ed2e3c8ef38-0","","[{""roundIndex"":0,""isGratuit"":false,""createdAt"":""2026-04-21T20:19:22.402Z"",""price"":80,""proposedBy"":""organizer"",""respondedAt"":""2026-04-21T20:19:54.696Z"",""message"":"""",""expiresAt"":""2026-04-24T20:19:22.403Z"",""status"":""accepted""}]","accepted","2026-04-21T20:19:54.696Z","69e7dbccbd6e70fddb34325b","2026-04-21T20:19:24.984000","2026-04-21T20:19:56.231000","service_eb508f39-ce3d-4391-bb12-d4211c02ede9","false"
"69e7d0dc88c32287b5636d7c","","sc-1","accepted","698d204286a5af9808991620","69e7d0dd95674ed2e3c8ef38","2026-04-24T19:46:45.347Z","","false","2026-04-21T19:46:45.347Z","699c655e40e8dc98eacda675","2026-04-22T22:15:21.015Z","[""p-3""]","SL-69e7d0dd95674ed2e3c8ef38-0","","[{""roundIndex"":0,""isGratuit"":false,""createdAt"":""2026-04-21T19:46:45.347Z"",""price"":50,""proposedBy"":""organizer"",""respondedAt"":""2026-04-22T22:15:21.015Z"",""message"":"""",""expiresAt"":""2026-04-24T19:46:45.347Z"",""status"":""accepted""}]","accepted","2026-04-22T22:15:21.015Z","69e7d428b872b494594ab46c","2026-04-21T19:46:48.387000","2026-04-22T22:15:22.266000","service_eb508f39-ce3d-4391-bb12-d4211c02ede9","false"
"69e7d0dc88c32287b5636d7c","","sc-1","accepted","698d204286a5af9808991620","69e7d0dd95674ed2e3c8ef38","2026-04-24T19:45:41.173Z","","false","2026-04-21T19:45:41.172Z","699c655e40e8dc98eacda675","2026-04-22T22:15:10.689Z","[""p-2""]","SL-69e7d0dd95674ed2e3c8ef38-0","","[{""roundIndex"":0,""isGratuit"":false,""createdAt"":""2026-04-21T19:45:41.172Z"",""price"":40,""proposedBy"":""organizer"",""respondedAt"":""2026-04-22T22:15:10.689Z"",""message"":"""",""expiresAt"":""2026-04-24T19:45:41.173Z"",""status"":""accepted""}]","accepted","2026-04-22T22:15:10.689Z","69e7d3e8a75432d2576e2153","2026-04-21T19:45:44.948000","2026-04-22T22:15:11.955000","service_eb508f39-ce3d-4391-bb12-d4211c02ede9","false"
"69e7d0dc88c32287b5636d7c","","sc-1","accepted","698d204286a5af9808991620","69e7d0dd95674ed2e3c8ef38","2026-04-24T19:35:56.688Z","","false","2026-04-21T19:35:56.688Z","699c655e40e8dc98eacda675","2026-04-22T22:14:59.132Z","[""p-1""]","SL-69e7d0dd95674ed2e3c8ef38-0","","[{""roundIndex"":0,""isGratuit"":false,""createdAt"":""2026-04-21T19:35:56.688Z"",""price"":20,""proposedBy"":""organizer"",""respondedAt"":""2026-04-22T22:14:59.132Z"",""message"":"""",""expiresAt"":""2026-04-24T19:35:56.688Z"",""status"":""accepted""}]","accepted","2026-04-22T22:14:59.132Z","69e7d19f7782f935a0e79c3c","2026-04-21T19:35:59.838000","2026-04-22T22:15:00.509000","service_eb508f39-ce3d-4391-bb12-d4211c02ede9","false"
"69e7cd5b37d2d78827c5a490","","sc-1","accepted","698d204286a5af9808991620","69e7cd5d03b27e03dfd4b0f4","2026-04-24T19:19:42.204Z","","false","2026-04-21T19:19:42.204Z","699c655e40e8dc98eacda675","2026-04-21T19:21:42.980Z","[""p-1""]","SL-69e7cd5d03b27e03dfd4b0f4-0","","[{""roundIndex"":0,""isGratuit"":false,""createdAt"":""2026-04-21T19:19:42.204Z"",""price"":20,""proposedBy"":""organizer"",""respondedAt"":""2026-04-21T19:21:42.980Z"",""message"":"""",""expiresAt"":""2026-04-24T19:19:42.204Z"",""status"":""accepted""}]","accepted","2026-04-21T19:21:42.980Z","69e7cdd1d68faa4a0f8b609e","2026-04-21T19:19:45.026000","2026-04-21T19:21:44.297000","service_eb508f39-ce3d-4391-bb12-d4211c02ede9","false"
"69e7a0eecfae6cce66c80590","","sc-1","accepted","69b48a2b7d5c0db589c6bb1c","69e7a0f024af800baae392fa","2026-04-24T16:11:33.855Z","","false","2026-04-21T16:11:33.854Z","699c655e40e8dc98eacda675","2026-04-21T16:12:08.646Z","[""p-2""]","SL-69e7a0f024af800baae392fa-0","","[{""roundIndex"":0,""isGratuit"":false,""createdAt"":""2026-04-21T16:11:33.854Z"",""price"":100,""proposedBy"":""organizer"",""respondedAt"":""2026-04-21T16:12:08.646Z"",""message"":"""",""expiresAt"":""2026-04-24T16:11:33.855Z"",""status"":""accepted""}]","accepted","2026-04-21T16:12:08.646Z","69e7a1b96eecbb51cc55a282","2026-04-21T16:11:37.218000","2026-04-21T16:12:10.058000","service_eb508f39-ce3d-4391-bb12-d4211c02ede9","false"
"69e7a0eecfae6cce66c80590","","sc-1","accepted","69b48a2b7d5c0db589c6bb1c","69e7a0f024af800baae392fa","2026-04-24T16:14:11.716Z","","false","2026-04-21T16:09:35.675Z","69cd302266f2193a99122757","2026-04-21T16:14:39.202Z","[""p-1""]","SL-69e7a0f024af800baae392fa-0","","[{""roundIndex"":0,""isGratuit"":false,""createdAt"":""2026-04-21T16:09:35.675Z"",""price"":100,""proposedBy"":""organizer"",""respondedAt"":""2026-04-21T16:13:49.555Z"",""message"":"""",""expiresAt"":""2026-04-24T16:09:35.675Z"",""status"":""countered""},{""roundIndex"":1,""isGratuit"":false,""createdAt"":""2026-04-21T16:13:49.555Z"",""price"":200,""proposedBy"":""talent"",""respondedAt"":""2026-04-21T16:14:11.397Z"",""message"":"""",""expiresAt"":""2026-04-24T16:13:49.739Z"",""status"":""countered""},{""roundIndex"":2,""isGratuit"":false,""createdAt"":""2026-04-21T16:14:11.397Z"",""price"":175,""proposedBy"":""organizer"",""respondedAt"":""2026-04-21T16:14:39.202Z"",""message"":"""",""expiresAt"":""2026-04-24T16:14:11.716Z"",""status"":""accepted""}]","accepted","2026-04-21T16:14:39.202Z","69e7a143c21acb5ca32bdb22","2026-04-21T16:09:39.013000","2026-04-21T16:14:40.853000","service_eb508f39-ce3d-4391-bb12-d4211c02ede9","false"
"69e79b7937a994e48dee53ca","","sc-1776786292632","accepted","69b48a2b7d5c0db589c6bb1c","69e79b7bcd9a5de7b9764940","2026-04-24T15:49:26.246Z","","false","2026-04-21T15:49:26.246Z","69cd302266f2193a99122757","2026-04-21T15:50:45.850Z","[""p-1""]","SL-69e79b7bcd9a5de7b9764940-0","","[{""roundIndex"":0,""isGratuit"":false,""createdAt"":""2026-04-21T15:49:26.246Z"",""price"":25,""proposedBy"":""organizer"",""respondedAt"":""2026-04-21T15:50:45.850Z"",""message"":"""",""expiresAt"":""2026-04-24T15:49:26.246Z"",""status"":""accepted""}]","accepted","2026-04-21T15:50:45.850Z","69e79c8a8a58ff192bd92239","2026-04-21T15:49:30.275000","2026-04-21T15:50:47.681000","service_eb508f39-ce3d-4391-bb12-d4211c02ede9","false"
"69e79b7937a994e48dee53ca","","sc-1","accepted","69b48a2b7d5c0db589c6bb1c","69e79b7bcd9a5de7b9764940","2026-04-24T15:45:47.188Z","","false","2026-04-21T15:45:47.188Z","699c655e40e8dc98eacda675","2026-04-22T22:13:31.246Z","[""p-1""]","SL-69e79b7bcd9a5de7b9764940-0","","[{""roundIndex"":0,""isGratuit"":false,""createdAt"":""2026-04-21T15:45:47.188Z"",""price"":20,""proposedBy"":""organizer"",""respondedAt"":""2026-04-22T22:13:31.246Z"",""message"":"""",""expiresAt"":""2026-04-24T15:45:47.188Z"",""status"":""accepted""}]","accepted","2026-04-22T22:13:31.246Z","69e79bae45ab489002aee982","2026-04-21T15:45:50.516000","2026-04-22T22:13:32.788000","service_eb508f39-ce3d-4391-bb12-d4211c02ede9","false"
"69e79a8347b3ed64ab6d829c","","sc-1","accepted","698d204286a5af9808991620","69e79a853e46328ff535d4ef","2026-04-24T15:42:44.870Z","","false","2026-04-21T15:42:44.870Z","699c655e40e8dc98eacda675","2026-04-21T15:43:45.737Z","[""p-2""]","SL-69e79a853e46328ff535d4ef-0","","[{""roundIndex"":0,""isGratuit"":false,""createdAt"":""2026-04-21T15:42:44.870Z"",""price"":50,""proposedBy"":""organizer"",""respondedAt"":""2026-04-21T15:43:45.737Z"",""message"":"""",""expiresAt"":""2026-04-24T15:42:44.870Z"",""status"":""accepted""}]","accepted","2026-04-21T15:43:45.737Z","69e79af75f926a1e24e39310","2026-04-21T15:42:47.976000","2026-04-21T15:43:47.280000","service_eb508f39-ce3d-4391-bb12-d4211c02ede9","false"
"69e79a8347b3ed64ab6d829c","","sc-1","accepted","698d204286a5af9808991620","69e79a853e46328ff535d4ef","2026-04-24T15:42:14.642Z","","false","2026-04-21T15:42:14.642Z","699c655e40e8dc98eacda675","2026-04-21T15:43:16.776Z","[""p-1""]","SL-69e79a853e46328ff535d4ef-0","","[{""roundIndex"":0,""isGratuit"":false,""createdAt"":""2026-04-21T15:42:14.642Z"",""price"":10,""proposedBy"":""organizer"",""respondedAt"":""2026-04-21T15:43:16.776Z"",""message"":"""",""expiresAt"":""2026-04-24T15:42:14.642Z"",""status"":""accepted""}]","accepted","2026-04-21T15:43:16.776Z","69e79ad9041dcc915dcd42c3","2026-04-21T15:42:17.931000","2026-04-21T15:43:18.522000","service_eb508f39-ce3d-4391-bb12-d4211c02ede9","false"
"69e79a8347b3ed64ab6d829c","","sc-1","","698d204286a5af9808991620","69e79a853e46328ff535d4ef","2026-04-24T15:41:40.764Z","","false","2026-04-21T15:41:40.764Z","699c655e40e8dc98eacda675","","[""p-1""]","SL-69e79a853e46328ff535d4ef-0","","[{""roundIndex"":0,""isGratuit"":false,""createdAt"":""2026-04-21T15:41:40.764Z"",""price"":50,""proposedBy"":""organizer"",""respondedAt"":null,""message"":"""",""expiresAt"":""2026-04-24T15:41:40.764Z"",""status"":""pending""}]","pending_talent","2026-04-21T15:41:40.764Z","69e79ab73f12f41d33647b7c","2026-04-21T15:41:43.800000","2026-04-21T15:41:43.800000","service_eb508f39-ce3d-4391-bb12-d4211c02ede9","false"
"69e76b9ff5bd785d483c6526","","sc-1","accepted","698d204286a5af9808991620","69e76ba137e50e926a8852e8","2026-04-24T12:25:15.133Z","","false","2026-04-21T12:22:05.785Z","698dbd987dbcc355eec0ff7c","2026-04-21T12:25:28.790Z","[""p-2""]","SL-69e76ba137e50e926a8852e8-1","","[{""roundIndex"":0,""isGratuit"":false,""createdAt"":""2026-04-21T12:22:05.785Z"",""price"":200,""proposedBy"":""organizer"",""respondedAt"":""2026-04-21T12:25:14.633Z"",""message"":"""",""expiresAt"":""2026-04-24T12:22:05.785Z"",""status"":""countered""},{""roundIndex"":1,""isGratuit"":false,""createdAt"":""2026-04-21T12:25:14.633Z"",""price"":100,""proposedBy"":""talent"",""respondedAt"":""2026-04-21T12:25:28.790Z"",""message"":"""",""expiresAt"":""2026-04-24T12:25:15.133Z"",""status"":""accepted""}]","accepted","2026-04-21T12:25:28.790Z","69e76bf17986e297d9841024","2026-04-21T12:22:09.092000","2026-04-21T12:25:29.970000","service_eb508f39-ce3d-4391-bb12-d4211c02ede9","false"
"69e7695b2859dda1a128a083","","sc-1","accepted","698dc6f781b400b640a229f6","69e7695dd83869c146d838da","2026-04-24T12:12:40.394Z","","false","2026-04-21T12:12:07.308Z","698c747aee05acfdd23ea578","2026-04-21T12:17:06.742Z","[""p-2""]","SL-69e7695dd83869c146d838da-0","","[{""roundIndex"":0,""isGratuit"":false,""createdAt"":""2026-04-21T12:12:07.308Z"",""price"":150,""proposedBy"":""organizer"",""respondedAt"":""2026-04-21T12:12:40.211Z"",""message"":"""",""expiresAt"":""2026-04-24T12:12:07.308Z"",""status"":""countered""},{""roundIndex"":1,""isGratuit"":false,""createdAt"":""2026-04-21T12:12:40.211Z"",""price"":300,""proposedBy"":""talent"",""respondedAt"":""2026-04-21T12:17:06.742Z"",""message"":"""",""expiresAt"":""2026-04-24T12:12:40.394Z"",""status"":""accepted""}]","accepted","2026-04-21T12:17:06.742Z","69e7699c0c3ab20e89c99548","2026-04-21T12:12:12.450000","2026-04-21T12:17:07.822000","service_eb508f39-ce3d-4391-bb12-d4211c02ede9","false"
"69e616952d5eed0a98638ef6","","sc-1","accepted","698dbbf753d545317578c200","69e61697b68a257a1b32f1e6","2026-04-23T12:11:25.002Z","","false","2026-04-20T12:11:25.002Z","699c655e40e8dc98eacda675","2026-04-20T12:11:46.801Z","[""p-2""]","SL-69e61697b68a257a1b32f1e6-0","","[{""roundIndex"":0,""isGratuit"":false,""createdAt"":""2026-04-20T12:11:25.002Z"",""price"":100,""proposedBy"":""organizer"",""respondedAt"":""2026-04-20T12:11:46.801Z"",""message"":"""",""expiresAt"":""2026-04-23T12:11:25.002Z"",""status"":""accepted""}]","accepted","2026-04-20T12:11:46.801Z","69e617efcf24db7c3672a3d7","2026-04-20T12:11:27.927000","2026-04-20T12:11:48.190000","service_eb508f39-ce3d-4391-bb12-d4211c02ede9","false"
"69e616952d5eed0a98638ef6","","sc-1","accepted","698dbbf753d545317578c200","69e61697b68a257a1b32f1e6","2026-04-23T12:06:56.555Z","","false","2026-04-20T12:06:56.555Z","699c655e40e8dc98eacda675","2026-04-20T12:07:16.503Z","[""p-1""]","SL-69e61697b68a257a1b32f1e6-0","","[{""roundIndex"":0,""isGratuit"":false,""createdAt"":""2026-04-20T12:06:56.555Z"",""price"":100,""proposedBy"":""organizer"",""respondedAt"":""2026-04-20T12:07:16.503Z"",""message"":"""",""expiresAt"":""2026-04-23T12:06:56.555Z"",""status"":""accepted""}]","accepted","2026-04-20T12:07:16.503Z","69e616e399f374d2b9b96349","2026-04-20T12:06:59.379000","2026-04-20T12:07:17.823000","service_eb508f39-ce3d-4391-bb12-d4211c02ede9","false"
"69e60a1a009afd50a6bb2800","","sc-1","accepted","69b48a2b7d5c0db589c6bb1c","69e60a1e5f4569d7af92673c","2026-04-23T11:16:41.462Z","","false","2026-04-20T11:14:16.424Z","69cd302266f2193a99122757","2026-04-20T11:16:57.287Z","[""p-3""]","SL-69e60a1e5f4569d7af92673c-0","","[{""roundIndex"":0,""isGratuit"":false,""createdAt"":""2026-04-20T11:14:16.424Z"",""price"":110,""proposedBy"":""organizer"",""respondedAt"":""2026-04-20T11:16:41.284Z"",""message"":"""",""expiresAt"":""2026-04-23T11:14:16.424Z"",""status"":""countered""},{""roundIndex"":1,""isGratuit"":false,""createdAt"":""2026-04-20T11:16:41.284Z"",""price"":50,""proposedBy"":""talent"",""respondedAt"":""2026-04-20T11:16:57.287Z"",""message"":"""",""expiresAt"":""2026-04-23T11:16:41.462Z"",""status"":""accepted""}]","accepted","2026-04-20T11:16:57.287Z","69e60a8adc600a6ed697e20f","2026-04-20T11:14:18.750000","2026-04-20T11:16:58.326000","service_eb508f39-ce3d-4391-bb12-d4211c02ede9","false"
"69e60a1a009afd50a6bb2800","","sc-1","accepted","69b48a2b7d5c0db589c6bb1c","69e60a1e5f4569d7af92673c","2026-04-23T11:16:35.688Z","","true","2026-04-20T11:14:03.754Z","698dbbf753d545317578c200","2026-04-20T11:17:20.282Z","[""p-2""]","SL-69e60a1e5f4569d7af92673c-0","","[{""roundIndex"":0,""isGratuit"":false,""createdAt"":""2026-04-20T11:14:03.754Z"",""price"":100,""proposedBy"":""organizer"",""respondedAt"":""2026-04-20T11:14:24.292Z"",""message"":"""",""expiresAt"":""2026-04-23T11:14:03.754Z"",""status"":""countered""},{""roundIndex"":1,""isGratuit"":true,""createdAt"":""2026-04-20T11:14:24.292Z"",""price"":0,""proposedBy"":""talent"",""respondedAt"":""2026-04-20T11:14:36.716Z"",""message"":"""",""expiresAt"":""2026-04-23T11:14:24.486Z"",""status"":""countered""},{""roundIndex"":2,""isGratuit"":false,""createdAt"":""2026-04-20T11:14:36.716Z"",""price"":160,""proposedBy"":""organizer"",""respondedAt"":""2026-04-20T11:16:35.528Z"",""message"":"""",""expiresAt"":""2026-04-23T11:14:36.933Z"",""status"":""countered""},{""roundIndex"":3,""isGratuit"":true,""createdAt"":""2026-04-20T11:16:35.528Z"",""price"":0,""proposedBy"":""talent"",""respondedAt"":""2026-04-20T11:17:20.282Z"",""message"":"""",""expiresAt"":""2026-04-23T11:16:35.688Z"",""status"":""accepted""}]","accepted","2026-04-20T11:17:20.282Z","69e60a7e44a6965c334d9037","2026-04-20T11:14:06.644000","2026-04-20T11:17:21.316000","service_eb508f39-ce3d-4391-bb12-d4211c02ede9","false"
"69e607df1a35938e445b9b2c","","sc-1776682958862","accepted","698c747aee05acfdd23ea578","69e607e033eb747a44dfabc3","2026-04-23T11:07:14.847Z","","false","2026-04-20T11:05:33.973Z","698dc6f781b400b640a229f6","2026-04-20T11:07:23.521Z","[""p-3""]","SL-69e607e033eb747a44dfabc3-0","","[{""roundIndex"":0,""isGratuit"":false,""createdAt"":""2026-04-20T11:05:33.973Z"",""price"":100,""proposedBy"":""organizer"",""respondedAt"":""2026-04-20T11:07:14.668Z"",""message"":"""",""expiresAt"":""2026-04-23T11:05:33.973Z"",""status"":""countered""},{""roundIndex"":1,""isGratuit"":false,""createdAt"":""2026-04-20T11:07:14.668Z"",""price"":130,""proposedBy"":""talent"",""respondedAt"":""2026-04-20T11:07:23.521Z"",""message"":"""",""expiresAt"":""2026-04-23T11:07:14.847Z"",""status"":""accepted""}]","accepted","2026-04-20T11:07:23.521Z","69e608801efa4c3710d57595","2026-04-20T11:05:36.467000","2026-04-20T11:07:24.434000","service_eb508f39-ce3d-4391-bb12-d4211c02ede9","false"
"69e607df1a35938e445b9b2c","","sc-1776682958862","accepted","698c747aee05acfdd23ea578","69e607e033eb747a44dfabc3","2026-04-23T11:07:01.758Z","","false","2026-04-20T11:05:24.294Z","698dbd987dbcc355eec0ff7c","2026-04-20T11:07:30.153Z","[""p-2""]","SL-69e607e033eb747a44dfabc3-0","","[{""roundIndex"":0,""isGratuit"":false,""createdAt"":""2026-04-20T11:05:24.294Z"",""price"":165,""proposedBy"":""organizer"",""respondedAt"":""2026-04-20T11:07:01.565Z"",""message"":"""",""expiresAt"":""2026-04-23T11:05:24.294Z"",""status"":""countered""},{""roundIndex"":1,""isGratuit"":false,""createdAt"":""2026-04-20T11:07:01.565Z"",""price"":220,""proposedBy"":""talent"",""respondedAt"":""2026-04-20T11:07:30.153Z"",""message"":"""",""expiresAt"":""2026-04-23T11:07:01.758Z"",""status"":""accepted""}]","accepted","2026-04-20T11:07:30.153Z","69e608765f882434e14e5bd0","2026-04-20T11:05:26.774000","2026-04-20T11:07:31.154000","service_eb508f39-ce3d-4391-bb12-d4211c02ede9","false"
"69e607df1a35938e445b9b2c","","sc-1","accepted","698c747aee05acfdd23ea578","69e607e033eb747a44dfabc3","2026-04-23T11:05:12.974Z","","false","2026-04-20T11:05:12.974Z","698dd1b2193c860027a3457a","2026-04-20T11:06:52.783Z","[""p-3""]","SL-69e607e033eb747a44dfabc3-0","","[{""roundIndex"":0,""isGratuit"":false,""createdAt"":""2026-04-20T11:05:12.974Z"",""price"":200,""proposedBy"":""organizer"",""respondedAt"":""2026-04-20T11:06:52.783Z"",""message"":"""",""expiresAt"":""2026-04-23T11:05:12.974Z"",""status"":""accepted""}]","accepted","2026-04-20T11:06:52.783Z","69e6086bf8250972df14c032","2026-04-20T11:05:15.944000","2026-04-20T11:06:53.798000","service_eb508f39-ce3d-4391-bb12-d4211c02ede9","false"
"69e607df1a35938e445b9b2c","","sc-1","accepted","698c747aee05acfdd23ea578","69e607e033eb747a44dfabc3","2026-04-23T11:06:46.341Z","","false","2026-04-20T11:04:49.550Z","698d204286a5af9808991620","2026-04-20T11:07:37.723Z","[""p-1""]","SL-69e607e033eb747a44dfabc3-0","","[{""roundIndex"":0,""isGratuit"":false,""createdAt"":""2026-04-20T11:04:49.550Z"",""price"":100,""proposedBy"":""organizer"",""respondedAt"":""2026-04-20T11:06:46.128Z"",""message"":"""",""expiresAt"":""2026-04-23T11:04:49.550Z"",""status"":""countered""},{""roundIndex"":1,""isGratuit"":false,""createdAt"":""2026-04-20T11:06:46.128Z"",""price"":150,""proposedBy"":""talent"",""respondedAt"":""2026-04-20T11:07:37.723Z"",""message"":"""",""expiresAt"":""2026-04-23T11:06:46.341Z"",""status"":""accepted""}]","accepted","2026-04-20T11:07:37.723Z","69e60854c6b7ebddc40bb5e8","2026-04-20T11:04:52.372000","2026-04-20T11:07:38.747000","service_eb508f39-ce3d-4391-bb12-d4211c02ede9","false"
"69e5948cd7d5ebd74dd54e82","","sc-1","accepted","698d204286a5af9808991620","69e5948e860ff3f483f9b667","2026-04-23T03:27:26.792Z","","false","2026-04-20T03:26:58.755Z","69b48a2b7d5c0db589c6bb1c","2026-04-20T03:27:35.885Z","[""p-2""]","SL-69e5948e860ff3f483f9b667-0","","[{""roundIndex"":0,""isGratuit"":false,""createdAt"":""2026-04-20T03:26:58.755Z"",""price"":400,""proposedBy"":""organizer"",""respondedAt"":""2026-04-20T03:27:26.542Z"",""message"":"""",""expiresAt"":""2026-04-23T03:26:58.755Z"",""status"":""countered""},{""roundIndex"":1,""isGratuit"":false,""createdAt"":""2026-04-20T03:27:26.542Z"",""price"":500,""proposedBy"":""talent"",""respondedAt"":""2026-04-20T03:27:35.885Z"",""message"":"""",""expiresAt"":""2026-04-23T03:27:26.792Z"",""status"":""accepted""}]","accepted","2026-04-20T03:27:35.885Z","69e59d05d88264415d2dd0ad","2026-04-20T03:27:01.345000","2026-04-20T03:27:37.162000","service_eb508f39-ce3d-4391-bb12-d4211c02ede9","false"
"69e5948cd7d5ebd74dd54e82","","sc-1","accepted","698d204286a5af9808991620","69e5948e860ff3f483f9b667","2026-04-23T03:18:23.794Z","","false","2026-04-20T03:18:23.794Z","69cd302266f2193a99122757","2026-04-20T03:18:46.130Z","[""p-2""]","SL-69e5948e860ff3f483f9b667-0","","[{""roundIndex"":0,""isGratuit"":false,""createdAt"":""2026-04-20T03:18:23.794Z"",""price"":100,""proposedBy"":""organizer"",""respondedAt"":""2026-04-20T03:18:46.130Z"",""message"":"""",""expiresAt"":""2026-04-23T03:18:23.794Z"",""status"":""accepted""}]","accepted","2026-04-20T03:18:46.130Z","69e59b03c757650eb0011f9f","2026-04-20T03:18:27.536000","2026-04-20T03:18:48.721000","service_eb508f39-ce3d-4391-bb12-d4211c02ede9","false"
"69e5948cd7d5ebd74dd54e82","","sc-1","accepted","698d204286a5af9808991620","69e5948e860ff3f483f9b667","2026-04-23T03:20:01.812Z","","false","2026-04-20T02:59:02.729Z","699c655e40e8dc98eacda675","2026-04-20T03:20:08.271Z","[""p-1""]","SL-69e5948e860ff3f483f9b667-0","","[{""roundIndex"":0,""isGratuit"":false,""createdAt"":""2026-04-20T02:59:02.729Z"",""price"":50,""proposedBy"":""organizer"",""respondedAt"":""2026-04-20T03:20:01.596Z"",""message"":"""",""expiresAt"":""2026-04-23T02:59:02.730Z"",""status"":""countered""},{""roundIndex"":1,""isGratuit"":false,""createdAt"":""2026-04-20T03:20:01.596Z"",""price"":65,""proposedBy"":""talent"",""respondedAt"":""2026-04-20T03:20:08.271Z"",""message"":"""",""expiresAt"":""2026-04-23T03:20:01.812Z"",""status"":""accepted""}]","accepted","2026-04-20T03:20:08.271Z","69e59679e8389bc52be7ee1f","2026-04-20T02:59:05.454000","2026-04-20T03:20:09.372000","service_eb508f39-ce3d-4391-bb12-d4211c02ede9","false"
"69e5948cd7d5ebd74dd54e82","","sc-1","accepted","698d204286a5af9808991620","69e5948e860ff3f483f9b667","2026-04-23T02:53:19.090Z","","false","2026-04-20T02:53:19.089Z","699c655e40e8dc98eacda675","2026-04-20T03:32:13.716Z","[""p-1""]","SL-69e5948e860ff3f483f9b667-0","","[{""roundIndex"":0,""isGratuit"":false,""createdAt"":""2026-04-20T02:53:19.089Z"",""price"":100,""proposedBy"":""organizer"",""respondedAt"":""2026-04-20T03:32:13.716Z"",""message"":"""",""expiresAt"":""2026-04-23T02:53:19.090Z"",""status"":""accepted""}]","accepted","2026-04-20T03:32:13.716Z","69e5952184bb2466b0894c39","2026-04-20T02:53:21.909000","2026-04-20T03:32:15.281000","service_eb508f39-ce3d-4391-bb12-d4211c02ede9","false"
"69e5864c2745dd4d3021b23a","","sc-1776649787284","accepted","69cd302266f2193a99122757","69e5864d08b059845f8f4d11","2026-04-23T02:15:34.252Z","","false","2026-04-20T02:15:34.252Z","698dc6f781b400b640a229f6","2026-04-20T02:17:08.723Z","[""p-4""]","SL-69e5864d08b059845f8f4d11-0","","[{""roundIndex"":0,""isGratuit"":false,""createdAt"":""2026-04-20T02:15:34.252Z"",""price"":100,""proposedBy"":""organizer"",""respondedAt"":""2026-04-20T02:17:08.723Z"",""message"":"""",""expiresAt"":""2026-04-23T02:15:34.252Z"",""status"":""accepted""}]","accepted","2026-04-20T02:17:08.723Z","69e58c49860ff3f483f9a884","2026-04-20T02:15:37.283000","2026-04-20T02:17:09.779000","service_eb508f39-ce3d-4391-bb12-d4211c02ede9","false"
"69e5864c2745dd4d3021b23a","","sc-1","accepted","69cd302266f2193a99122757","69e5864d08b059845f8f4d11","2026-04-23T02:17:35.975Z","","false","2026-04-20T02:15:22.504Z","698d204286a5af9808991620","2026-04-20T02:17:50.643Z","[""p-3""]","SL-69e5864d08b059845f8f4d11-0","","[{""roundIndex"":0,""isGratuit"":false,""createdAt"":""2026-04-20T02:15:22.504Z"",""price"":100,""proposedBy"":""organizer"",""respondedAt"":""2026-04-20T02:17:35.784Z"",""message"":"""",""expiresAt"":""2026-04-23T02:15:22.504Z"",""status"":""countered""},{""roundIndex"":1,""isGratuit"":false,""createdAt"":""2026-04-20T02:17:35.784Z"",""price"":200,""proposedBy"":""talent"",""respondedAt"":""2026-04-20T02:17:50.643Z"",""message"":"""",""expiresAt"":""2026-04-23T02:17:35.975Z"",""status"":""accepted""}]","accepted","2026-04-20T02:17:50.643Z","69e58c3d7843e566912e83e1","2026-04-20T02:15:25.082000","2026-04-20T02:17:51.769000","service_eb508f39-ce3d-4391-bb12-d4211c02ede9","false"
"69e5864c2745dd4d3021b23a","","sc-1","accepted","69cd302266f2193a99122757","69e5864d08b059845f8f4d11","2026-04-23T02:13:47.278Z","","false","2026-04-20T02:13:47.277Z","699c655e40e8dc98eacda675","2026-04-20T02:14:07.615Z","[""p-4""]","SL-69e5864d08b059845f8f4d11-1","","[{""roundIndex"":0,""isGratuit"":false,""createdAt"":""2026-04-20T02:13:47.277Z"",""price"":100,""proposedBy"":""organizer"",""respondedAt"":""2026-04-20T02:14:07.615Z"",""message"":"""",""expiresAt"":""2026-04-23T02:13:47.278Z"",""status"":""accepted""}]","accepted","2026-04-20T02:14:07.615Z","69e58bde0284cd5bded47460","2026-04-20T02:13:50.357000","2026-04-20T02:14:09.118000","service_eb508f39-ce3d-4391-bb12-d4211c02ede9","false"
"69e5864c2745dd4d3021b23a","","sc-1","accepted","69cd302266f2193a99122757","69e5864d08b059845f8f4d11","2026-04-23T02:12:51.084Z","","false","2026-04-20T02:12:51.084Z","69cc8733c3fe5f1da80ba357","2026-04-20T02:20:33.123Z","[""p-2""]","SL-69e5864d08b059845f8f4d11-0","","[{""roundIndex"":0,""isGratuit"":false,""createdAt"":""2026-04-20T02:12:51.084Z"",""price"":100,""proposedBy"":""organizer"",""respondedAt"":""2026-04-20T02:20:33.123Z"",""message"":"""",""expiresAt"":""2026-04-23T02:12:51.084Z"",""status"":""accepted""}]","accepted","2026-04-20T02:20:33.123Z","69e58ba508b059845f8f5395","2026-04-20T02:12:53.883000","2026-04-20T02:20:34.438000","service_eb508f39-ce3d-4391-bb12-d4211c02ede9","false"
"69e5864c2745dd4d3021b23a","","sc-1776649787284","accepted","69cd302266f2193a99122757","69e5864d08b059845f8f4d11","2026-04-23T02:18:23.834Z","","true","2026-04-20T02:12:24.971Z","69b48a2b7d5c0db589c6bb1c","2026-04-20T02:18:31.481Z","[""p-1""]","SL-69e5864d08b059845f8f4d11-1","","[{""roundIndex"":0,""isGratuit"":false,""createdAt"":""2026-04-20T02:12:24.971Z"",""price"":50,""proposedBy"":""organizer"",""respondedAt"":""2026-04-20T02:18:23.654Z"",""message"":"""",""expiresAt"":""2026-04-23T02:12:24.971Z"",""status"":""countered""},{""roundIndex"":1,""isGratuit"":true,""createdAt"":""2026-04-20T02:18:23.654Z"",""price"":0,""proposedBy"":""talent"",""respondedAt"":""2026-04-20T02:18:31.481Z"",""message"":"""",""expiresAt"":""2026-04-23T02:18:23.834Z"",""status"":""accepted""}]","accepted","2026-04-20T02:18:31.481Z","69e58b8bce7f4b47e0014d4d","2026-04-20T02:12:27.795000","2026-04-20T02:18:32.749000","service_eb508f39-ce3d-4391-bb12-d4211c02ede9","false"
"69e577bcee2fde3af32912b9","","sc-1","accepted","698c747aee05acfdd23ea578","69e577be7ce88e80ff430bc8","2026-04-23T00:55:55.419Z","","false","2026-04-20T00:55:37.740Z","69b48a2b7d5c0db589c6bb1c","2026-04-20T00:56:06.545Z","[""p-2""]","SL-69e577be7ce88e80ff430bc8-2","","[{""roundIndex"":0,""isGratuit"":true,""createdAt"":""2026-04-20T00:55:37.740Z"",""price"":0,""proposedBy"":""organizer"",""respondedAt"":""2026-04-20T00:55:55.237Z"",""message"":"""",""expiresAt"":""2026-04-23T00:55:37.740Z"",""status"":""countered""},{""roundIndex"":1,""isGratuit"":false,""createdAt"":""2026-04-20T00:55:55.237Z"",""price"":10,""proposedBy"":""talent"",""respondedAt"":""2026-04-20T00:56:06.545Z"",""message"":"""",""expiresAt"":""2026-04-23T00:55:55.419Z"",""status"":""accepted""}]","accepted","2026-04-20T00:56:06.545Z","69e5798c7fe4c7205633c0d0","2026-04-20T00:55:40.881000","2026-04-20T00:56:08.150000","service_eb508f39-ce3d-4391-bb12-d4211c02ede9","false"
"69e577bcee2fde3af32912b9","","sc-1776646072970","accepted","698c747aee05acfdd23ea578","69e577be7ce88e80ff430bc8","2026-04-23T00:54:28.398Z","","false","2026-04-20T00:54:28.398Z","69cd302266f2193a99122757","2026-04-20T00:55:16.008Z","[""p-4""]","SL-69e577be7ce88e80ff430bc8-2","","[{""roundIndex"":0,""isGratuit"":false,""createdAt"":""2026-04-20T00:54:28.398Z"",""price"":90,""proposedBy"":""organizer"",""respondedAt"":""2026-04-20T00:55:16.008Z"",""message"":"""",""expiresAt"":""2026-04-23T00:54:28.398Z"",""status"":""accepted""}]","accepted","2026-04-20T00:55:16.008Z","69e579473345bc6a2b4ea692","2026-04-20T00:54:31.756000","2026-04-20T00:55:17.105000","service_eb508f39-ce3d-4391-bb12-d4211c02ede9","false"
"69e577bcee2fde3af32912b9","","sc-1","accepted","698c747aee05acfdd23ea578","69e577be7ce88e80ff430bc8","2026-04-23T00:53:58.690Z","","false","2026-04-20T00:53:43.697Z","698d204286a5af9808991620","2026-04-20T00:56:28.427Z","[""p-1""]","SL-69e577be7ce88e80ff430bc8-1","","[{""roundIndex"":0,""isGratuit"":false,""createdAt"":""2026-04-20T00:53:43.697Z"",""price"":200,""proposedBy"":""organizer"",""respondedAt"":""2026-04-20T00:53:58.478Z"",""message"":"""",""expiresAt"":""2026-04-23T00:53:43.697Z"",""status"":""countered""},{""roundIndex"":1,""isGratuit"":false,""createdAt"":""2026-04-20T00:53:58.478Z"",""price"":240,""proposedBy"":""talent"",""respondedAt"":""2026-04-20T00:56:28.427Z"",""message"":"""",""expiresAt"":""2026-04-23T00:53:58.690Z"",""status"":""accepted""}]","accepted","2026-04-20T00:56:28.427Z","69e5791d270714c064d14c60","2026-04-20T00:53:49.559000","2026-04-20T00:56:29.738000","service_eb508f39-ce3d-4391-bb12-d4211c02ede9","false"
"69e577bcee2fde3af32912b9","","sc-1776646072970","accepted","698c747aee05acfdd23ea578","69e577be7ce88e80ff430bc8","2026-04-23T00:49:39.987Z","","false","2026-04-20T00:48:50.293Z","69cd302266f2193a99122757","2026-04-20T00:49:50.650Z","[""p-1""]","SL-69e577be7ce88e80ff430bc8-0","","[{""roundIndex"":0,""isGratuit"":false,""createdAt"":""2026-04-20T00:48:50.293Z"",""price"":100,""proposedBy"":""organizer"",""respondedAt"":""2026-04-20T00:49:19.266Z"",""message"":"""",""expiresAt"":""2026-04-23T00:48:50.293Z"",""status"":""countered""},{""roundIndex"":1,""isGratuit"":false,""createdAt"":""2026-04-20T00:49:19.266Z"",""price"":115,""proposedBy"":""talent"",""respondedAt"":""2026-04-20T00:49:39.250Z"",""message"":"""",""expiresAt"":""2026-04-23T00:49:19.466Z"",""status"":""countered""},{""roundIndex"":2,""isGratuit"":false,""createdAt"":""2026-04-20T00:49:39.250Z"",""price"":105,""proposedBy"":""organizer"",""respondedAt"":""2026-04-20T00:49:50.650Z"",""message"":"""",""expiresAt"":""2026-04-23T00:49:39.987Z"",""status"":""accepted""}]","accepted","2026-04-20T00:49:50.650Z","69e577f527aad8c2a1143e13","2026-04-20T00:48:53.984000","2026-04-20T00:49:51.743000","service_eb508f39-ce3d-4391-bb12-d4211c02ede9","false"
"69e55e296ade2869a547e016","","sc-1776639517480","","698d204286a5af9808991620","69e55e2ad6db475c83cd500d","2026-04-22T23:01:09.453Z","","false","2026-04-19T23:01:09.453Z","698dc6f781b400b640a229f6","","[""p-1""]","SL-69e55e2ad6db475c83cd500d-2","","[{""roundIndex"":0,""isGratuit"":false,""createdAt"":""2026-04-19T23:01:09.453Z"",""price"":100,""proposedBy"":""organizer"",""respondedAt"":null,""message"":"""",""expiresAt"":""2026-04-22T23:01:09.453Z"",""status"":""pending""}]","pending_talent","2026-04-19T23:01:09.453Z","69e55eba90e142828c8ccb41","2026-04-19T23:01:14.530000","2026-04-19T23:01:14.530000","service_eb508f39-ce3d-4391-bb12-d4211c02ede9","false"
"69e55e296ade2869a547e016","","sc-1","","698d204286a5af9808991620","69e55e2ad6db475c83cd500d","2026-04-22T23:01:21.002Z","","false","2026-04-19T23:00:35.688Z","69cd302266f2193a99122757","","[""p-1""]","SL-69e55e2ad6db475c83cd500d-1","","[{""roundIndex"":0,""isGratuit"":false,""createdAt"":""2026-04-19T23:00:35.688Z"",""price"":80,""proposedBy"":""organizer"",""respondedAt"":""2026-04-19T23:01:20.805Z"",""message"":"""",""expiresAt"":""2026-04-22T23:00:35.688Z"",""status"":""countered""},{""roundIndex"":1,""isGratuit"":false,""createdAt"":""2026-04-19T23:01:20.805Z"",""price"":90,""proposedBy"":""talent"",""respondedAt"":null,""message"":"""",""expiresAt"":""2026-04-22T23:01:21.002Z"",""status"":""pending""}]","pending_organizer","2026-04-19T23:01:20.805Z","69e55e96680fefef316aa3c0","2026-04-19T23:00:38.742000","2026-04-19T23:01:21.109000","service_eb508f39-ce3d-4391-bb12-d4211c02ede9","false"
"69e5454b680fefef316a8882","","sc-1","","698d204286a5af9808991620","69e5454c6afb3b63bc3d38bc","2026-04-22T22:52:11.449Z","","false","2026-04-19T22:52:11.449Z","69b48a2b7d5c0db589c6bb1c","","[""p-3""]","SL-69e5454c6afb3b63bc3d38bc-0","","[{""roundIndex"":0,""isGratuit"":false,""createdAt"":""2026-04-19T22:52:11.449Z"",""price"":100,""proposedBy"":""organizer"",""respondedAt"":null,""message"":"""",""expiresAt"":""2026-04-22T22:52:11.449Z"",""status"":""pending""}]","pending_talent","2026-04-19T22:52:11.449Z","69e55c9dbe6f1b46040488c0","2026-04-19T22:52:13.980000","2026-04-19T22:52:13.980000","service_eb508f39-ce3d-4391-bb12-d4211c02ede9","false"
"69e5454b680fefef316a8882","","sc-1776633066658","accepted","698d204286a5af9808991620","69e5454c6afb3b63bc3d38bc","2026-04-22T21:15:42.757Z","","false","2026-04-19T21:14:56.903Z","698dbd987dbcc355eec0ff7c","2026-04-19T22:50:08.934Z","[""p-2""]","SL-69e5454c6afb3b63bc3d38bc-1","","[{""roundIndex"":0,""isGratuit"":false,""createdAt"":""2026-04-19T21:14:56.903Z"",""price"":252,""proposedBy"":""organizer"",""respondedAt"":""2026-04-19T21:15:42.566Z"",""message"":"""",""expiresAt"":""2026-04-22T21:14:56.903Z"",""status"":""countered""},{""roundIndex"":1,""isGratuit"":false,""createdAt"":""2026-04-19T21:15:42.566Z"",""price"":300,""proposedBy"":""talent"",""respondedAt"":""2026-04-19T22:50:08.934Z"",""message"":"""",""expiresAt"":""2026-04-22T21:15:42.757Z"",""status"":""accepted""}]","accepted","2026-04-19T22:50:08.934Z","69e545d3f6b2aba8178e52e4","2026-04-19T21:14:59.322000","2026-04-19T22:50:10.513000","service_eb508f39-ce3d-4391-bb12-d4211c02ede9","false"
"69e5454b680fefef316a8882","","sc-1776633066658","accepted","698d204286a5af9808991620","69e5454c6afb3b63bc3d38bc","2026-04-22T22:50:20.777Z","","false","2026-04-19T21:14:29.331Z","69cd302266f2193a99122757","2026-04-19T22:51:35.564Z","[""p-1""]","SL-69e5454c6afb3b63bc3d38bc-2","","[{""roundIndex"":0,""isGratuit"":false,""createdAt"":""2026-04-19T21:14:29.331Z"",""price"":168,""proposedBy"":""organizer"",""respondedAt"":""2026-04-19T21:15:48.459Z"",""message"":"""",""expiresAt"":""2026-04-22T21:14:29.331Z"",""status"":""countered""},{""roundIndex"":1,""isGratuit"":false,""createdAt"":""2026-04-19T21:15:48.459Z"",""price"":200,""proposedBy"":""talent"",""respondedAt"":""2026-04-19T22:50:20.596Z"",""message"":"""",""expiresAt"":""2026-04-22T21:15:48.632Z"",""status"":""countered""},{""roundIndex"":2,""isGratuit"":false,""createdAt"":""2026-04-19T22:50:20.596Z"",""price"":175,""proposedBy"":""organizer"",""respondedAt"":""2026-04-19T22:51:35.564Z"",""message"":"""",""expiresAt"":""2026-04-22T22:50:20.777Z"",""status"":""accepted""}]","accepted","2026-04-19T22:51:35.564Z","69e545b7676c39d9ae6dcb84","2026-04-19T21:14:31.471000","2026-04-19T22:51:36.684000","service_eb508f39-ce3d-4391-bb12-d4211c02ede9","false"
"69e543056bc19bd81b7aa0fb","","sc-1","","698d204286a5af9808991620","69e54306e690ee048e88f4da","2026-04-22T21:04:42.546Z","","false","2026-04-19T21:04:42.546Z","698dd1b2193c860027a3457a","","[""p-1""]","SL-69e54306e690ee048e88f4da-0","","[{""roundIndex"":0,""isGratuit"":false,""createdAt"":""2026-04-19T21:04:42.546Z"",""price"":100,""proposedBy"":""organizer"",""respondedAt"":null,""message"":"""",""expiresAt"":""2026-04-22T21:04:42.546Z"",""status"":""pending""}]","pending_talent","2026-04-19T21:04:42.546Z","69e5436d98d29a674ee6d23e","2026-04-19T21:04:45.007000","2026-04-19T21:04:45.007000","service_eb508f39-ce3d-4391-bb12-d4211c02ede9","false"
"69e53d7ddfb5d661fa8cb7a1","","sc-1","","698d204286a5af9808991620","69e53d7ede80b2d2fa6b5c57","2026-04-22T20:40:41.648Z","","false","2026-04-19T20:40:41.647Z","698dc6f781b400b640a229f6","","[""p-1""]","SL-69e53d7ede80b2d2fa6b5c57-0","","[{""roundIndex"":0,""isGratuit"":false,""createdAt"":""2026-04-19T20:40:41.647Z"",""price"":100,""proposedBy"":""organizer"",""respondedAt"":null,""message"":"""",""expiresAt"":""2026-04-22T20:40:41.648Z"",""status"":""pending""}]","pending_talent","2026-04-19T20:40:41.647Z","69e53dcc696fa0075cf227ed","2026-04-19T20:40:44.418000","2026-04-19T20:40:44.418000","service_eb508f39-ce3d-4391-bb12-d4211c02ede9","false"
"69e3dc9b1c351869c39d98a3","","sc-1776540822865","accepted","698dbbf753d545317578c200","69e3dc9d49ece6fc10ce5599","2026-04-21T20:10:42.883Z","","false","2026-04-18T20:10:42.883Z","69b48a2b7d5c0db589c6bb1c","2026-04-18T20:11:04.944Z","[""p-3""]","SL-69e3dc9d49ece6fc10ce5599-0","","[{""roundIndex"":0,""isGratuit"":false,""createdAt"":""2026-04-18T20:10:42.883Z"",""price"":250,""proposedBy"":""organizer"",""respondedAt"":""2026-04-18T20:11:04.944Z"",""message"":"""",""expiresAt"":""2026-04-21T20:10:42.883Z"",""status"":""accepted""}]","accepted","2026-04-18T20:11:04.944Z","69e3e545ecd0385df7433b48","2026-04-18T20:10:45.668000","2026-04-18T20:11:06.193000","service_eb508f39-ce3d-4391-bb12-d4211c02ede9","false"
"69e3dc9b1c351869c39d98a3","","sc-1776540822865","accepted","698dbbf753d545317578c200","69e3dc9d49ece6fc10ce5599","2026-04-21T19:52:54.042Z","","false","2026-04-18T19:52:54.042Z","69b48a2b7d5c0db589c6bb1c","2026-04-18T19:53:01.755Z","[""p-1""]","SL-69e3dc9d49ece6fc10ce5599-0","","[{""roundIndex"":0,""isGratuit"":false,""createdAt"":""2026-04-18T19:52:54.042Z"",""price"":185,""proposedBy"":""organizer"",""respondedAt"":""2026-04-18T19:53:01.755Z"",""message"":"""",""expiresAt"":""2026-04-21T19:52:54.042Z"",""status"":""accepted""}]","accepted","2026-04-18T19:53:01.755Z","69e3e11844705b93476298a3","2026-04-18T19:52:56.500000","2026-04-18T19:53:02.791000","service_eb508f39-ce3d-4391-bb12-d4211c02ede9","false"
"69e3dc9b1c351869c39d98a3","","sc-1776540822865","accepted","698dbbf753d545317578c200","69e3dc9d49ece6fc10ce5599","2026-04-21T19:37:23.751Z","","false","2026-04-18T19:36:45.176Z","698c747aee05acfdd23ea578","2026-04-18T19:51:36.273Z","[""p-2""]","SL-69e3dc9d49ece6fc10ce5599-0","","[{""roundIndex"":0,""isGratuit"":false,""createdAt"":""2026-04-18T19:36:45.176Z"",""price"":200,""proposedBy"":""organizer"",""respondedAt"":""2026-04-18T19:37:06.852Z"",""message"":"""",""expiresAt"":""2026-04-21T19:36:45.176Z"",""status"":""countered""},{""roundIndex"":1,""isGratuit"":false,""createdAt"":""2026-04-18T19:37:06.852Z"",""price"":350,""proposedBy"":""talent"",""respondedAt"":""2026-04-18T19:37:23.559Z"",""message"":"""",""expiresAt"":""2026-04-21T19:37:07.036Z"",""status"":""countered""},{""roundIndex"":2,""isGratuit"":false,""createdAt"":""2026-04-18T19:37:23.559Z"",""price"":330,""proposedBy"":""organizer"",""respondedAt"":""2026-04-18T19:51:36.273Z"",""message"":"""",""expiresAt"":""2026-04-21T19:37:23.751Z"",""status"":""accepted""}]","accepted","2026-04-18T19:51:36.273Z","69e3dd4f27f0f5bc8f906093","2026-04-18T19:36:47.811000","2026-04-18T19:51:37.634000","service_eb508f39-ce3d-4391-bb12-d4211c02ede9","false"
"69e3dc9b1c351869c39d98a3","","sc-1","accepted","698dbbf753d545317578c200","69e3dc9d49ece6fc10ce5599","2026-04-21T19:35:23.027Z","","false","2026-04-18T19:35:23.027Z","698d204286a5af9808991620","2026-04-18T19:51:52.470Z","[""p-3""]","SL-69e3dc9d49ece6fc10ce5599-0","","[{""roundIndex"":0,""isGratuit"":false,""createdAt"":""2026-04-18T19:35:23.027Z"",""price"":110,""proposedBy"":""organizer"",""respondedAt"":""2026-04-18T19:51:52.470Z"",""message"":"""",""expiresAt"":""2026-04-21T19:35:23.027Z"",""status"":""accepted""}]","accepted","2026-04-18T19:51:52.470Z","69e3dcfdfc2b06fccfa1f8e3","2026-04-18T19:35:25.642000","2026-04-18T19:51:53.628000","service_eb508f39-ce3d-4391-bb12-d4211c02ede9","false"
"69e3dc9b1c351869c39d98a3","","sc-1","rejected","698dbbf753d545317578c200","69e3dc9d49ece6fc10ce5599","2026-04-21T19:35:09.936Z","","false","2026-04-18T19:35:09.935Z","698d204286a5af9808991620","2026-04-18T19:53:21.845Z","[""p-2""]","SL-69e3dc9d49ece6fc10ce5599-0","","[{""roundIndex"":0,""isGratuit"":false,""createdAt"":""2026-04-18T19:35:09.935Z"",""price"":150,""proposedBy"":""organizer"",""respondedAt"":""2026-04-18T19:53:21.845Z"",""message"":"""",""expiresAt"":""2026-04-21T19:35:09.936Z"",""status"":""rejected""}]","rejected","2026-04-18T19:53:21.845Z","69e3dcf0840df3cbbe28d754","2026-04-18T19:35:12.692000","2026-04-18T19:53:22.208000","service_eb508f39-ce3d-4391-bb12-d4211c02ede9","false"
"69e3dc9b1c351869c39d98a3","","sc-1","rejected","698dbbf753d545317578c200","69e3dc9d49ece6fc10ce5599","2026-04-21T19:34:54.777Z","","false","2026-04-18T19:34:54.777Z","698d204286a5af9808991620","2026-04-18T19:53:10.091Z","[""p-1""]","SL-69e3dc9d49ece6fc10ce5599-0","","[{""roundIndex"":0,""isGratuit"":false,""createdAt"":""2026-04-18T19:34:54.777Z"",""price"":100,""proposedBy"":""organizer"",""respondedAt"":""2026-04-18T19:53:10.091Z"",""message"":"""",""expiresAt"":""2026-04-21T19:34:54.777Z"",""status"":""rejected""}]","rejected","2026-04-18T19:53:10.091Z","69e3dce1f38f260de231e456","2026-04-18T19:34:57.698000","2026-04-18T19:53:10.494000","service_eb508f39-ce3d-4391-bb12-d4211c02ede9","false"
"69e3b8248fc51fd03a56857c","","sc-1776531488567","accepted","698c747aee05acfdd23ea578","69e3b825058a3e7c629eb8b8","2026-04-21T17:15:55.716Z","","false","2026-04-18T17:15:55.716Z","698dbbf753d545317578c200","2026-04-18T17:16:41.463Z","[""p-2""]","SL-69e3b825058a3e7c629eb8b8-0","","[{""roundIndex"":0,""isGratuit"":false,""createdAt"":""2026-04-18T17:15:55.716Z"",""price"":335,""proposedBy"":""organizer"",""respondedAt"":""2026-04-18T17:16:41.463Z"",""message"":"""",""expiresAt"":""2026-04-21T17:15:55.716Z"",""status"":""accepted""}]","accepted","2026-04-18T17:16:41.463Z","69e3bc4efe16739b8c8ebeb7","2026-04-18T17:15:58.509000","2026-04-18T17:16:42.556000","service_eb508f39-ce3d-4391-bb12-d4211c02ede9","false"
"69e3b8248fc51fd03a56857c","","sc-1","accepted","698c747aee05acfdd23ea578","69e3b825058a3e7c629eb8b8","2026-04-21T17:11:29.118Z","","false","2026-04-18T17:11:29.117Z","698d204286a5af9808991620","2026-04-18T17:11:38.464Z","[""p-2""]","SL-69e3b825058a3e7c629eb8b8-0","","[{""roundIndex"":0,""isGratuit"":false,""createdAt"":""2026-04-18T17:11:29.117Z"",""price"":200,""proposedBy"":""organizer"",""respondedAt"":""2026-04-18T17:11:38.464Z"",""message"":"""",""expiresAt"":""2026-04-21T17:11:29.118Z"",""status"":""accepted""}]","accepted","2026-04-18T17:11:38.464Z","69e3bb44352f2e4e2cf66443","2026-04-18T17:11:32.235000","2026-04-18T17:11:39.587000","service_eb508f39-ce3d-4391-bb12-d4211c02ede9","false"
"69e3b8248fc51fd03a56857c","","sc-1","accepted","698c747aee05acfdd23ea578","69e3b825058a3e7c629eb8b8","2026-04-21T16:59:21.184Z","","false","2026-04-18T16:58:59.311Z","698dbbf753d545317578c200","2026-04-18T16:59:30.921Z","[""p-1""]","SL-69e3b825058a3e7c629eb8b8-0","","[{""roundIndex"":0,""isGratuit"":true,""createdAt"":""2026-04-18T16:58:59.311Z"",""price"":0,""proposedBy"":""organizer"",""respondedAt"":""2026-04-18T16:59:20.993Z"",""message"":"""",""expiresAt"":""2026-04-21T16:58:59.312Z"",""status"":""countered""},{""roundIndex"":1,""isGratuit"":false,""createdAt"":""2026-04-18T16:59:20.993Z"",""price"":100,""proposedBy"":""talent"",""respondedAt"":""2026-04-18T16:59:30.921Z"",""message"":"""",""expiresAt"":""2026-04-21T16:59:21.184Z"",""status"":""accepted""}]","accepted","2026-04-18T16:59:30.921Z","69e3b8560bc20256e7e5c4f0","2026-04-18T16:59:02.386000","2026-04-18T16:59:31.984000","service_eb508f39-ce3d-4391-bb12-d4211c02ede9","false"
"69e3a047873f1e0e8a9c1220","","sc-1","accepted","698c747aee05acfdd23ea578","69e3a049197ec916be5d0028","2026-04-21T15:20:51.360Z","","false","2026-04-18T15:20:51.360Z","698d204286a5af9808991620","2026-04-18T15:20:59.541Z","[""p-2""]","SL-69e3a049197ec916be5d0028-0","","[{""roundIndex"":0,""isGratuit"":false,""createdAt"":""2026-04-18T15:20:51.360Z"",""price"":140,""proposedBy"":""organizer"",""respondedAt"":""2026-04-18T15:20:59.541Z"",""message"":"""",""expiresAt"":""2026-04-21T15:20:51.360Z"",""status"":""accepted""}]","accepted","2026-04-18T15:20:59.541Z","69e3a155bb26cd5bdebd97cc","2026-04-18T15:20:53.874000","2026-04-18T15:21:00.641000","service_eb508f39-ce3d-4391-bb12-d4211c02ede9","false"
"69e3a047873f1e0e8a9c1220","","sc-1","accepted","698c747aee05acfdd23ea578","69e3a049197ec916be5d0028","2026-04-21T15:19:39.236Z","","false","2026-04-18T15:19:39.236Z","698dbbf753d545317578c200","2026-04-18T15:20:02.322Z","[""p-1""]","SL-69e3a049197ec916be5d0028-0","","[{""roundIndex"":0,""isGratuit"":false,""createdAt"":""2026-04-18T15:19:39.236Z"",""price"":48,""proposedBy"":""organizer"",""respondedAt"":""2026-04-18T15:20:02.322Z"",""message"":"""",""expiresAt"":""2026-04-21T15:19:39.236Z"",""status"":""accepted""}]","accepted","2026-04-18T15:20:02.322Z","69e3a10ddf102bad08a42714","2026-04-18T15:19:41.673000","2026-04-18T15:20:03.499000","service_eb508f39-ce3d-4391-bb12-d4211c02ede9","false"
"69e3a047873f1e0e8a9c1220","","sc-1","accepted","698c747aee05acfdd23ea578","69e3a049197ec916be5d0028","2026-04-21T15:17:28.587Z","","false","2026-04-18T15:17:13.401Z","698dbbf753d545317578c200","2026-04-18T15:17:42.075Z","[""p-2""]","SL-69e3a049197ec916be5d0028-0","","[{""roundIndex"":0,""isGratuit"":false,""createdAt"":""2026-04-18T15:17:13.401Z"",""price"":60,""proposedBy"":""organizer"",""respondedAt"":""2026-04-18T15:17:28.383Z"",""message"":"""",""expiresAt"":""2026-04-21T15:17:13.402Z"",""status"":""countered""},{""roundIndex"":1,""isGratuit"":false,""createdAt"":""2026-04-18T15:17:28.383Z"",""price"":90,""proposedBy"":""talent"",""respondedAt"":""2026-04-18T15:17:42.075Z"",""message"":"""",""expiresAt"":""2026-04-21T15:17:28.587Z"",""status"":""accepted""}]","accepted","2026-04-18T15:17:42.075Z","69e3a07c35b4f475c86631d6","2026-04-18T15:17:16.044000","2026-04-18T15:17:43.282000","service_eb508f39-ce3d-4391-bb12-d4211c02ede9","false"
"69e3a047873f1e0e8a9c1220","","sc-1","accepted","698c747aee05acfdd23ea578","69e3a049197ec916be5d0028","2026-04-21T15:16:52.315Z","","false","2026-04-18T15:16:52.315Z","698d204286a5af9808991620","2026-04-18T15:17:18.578Z","[""p-1""]","SL-69e3a049197ec916be5d0028-0","","[{""roundIndex"":0,""isGratuit"":false,""createdAt"":""2026-04-18T15:16:52.315Z"",""price"":80,""proposedBy"":""organizer"",""respondedAt"":""2026-04-18T15:17:18.578Z"",""message"":"""",""expiresAt"":""2026-04-21T15:16:52.315Z"",""status"":""accepted""}]","accepted","2026-04-18T15:17:18.578Z","69e3a0664796119db94902e4","2026-04-18T15:16:54.640000","2026-04-18T15:17:19.643000","service_eb508f39-ce3d-4391-bb12-d4211c02ede9","false"
"69e39e169f2c1117a5e86121","","sc-1","accepted","698c747aee05acfdd23ea578","69e39e17df102bad08a42571","2026-04-21T15:07:51.004Z","","false","2026-04-18T15:07:51.004Z","698d204286a5af9808991620","2026-04-18T15:09:56.346Z","[""p-1""]","SL-69e39e17df102bad08a42571-0","","[{""roundIndex"":0,""isGratuit"":false,""createdAt"":""2026-04-18T15:07:51.004Z"",""price"":100,""proposedBy"":""organizer"",""respondedAt"":""2026-04-18T15:09:56.346Z"",""message"":"""",""expiresAt"":""2026-04-21T15:07:51.004Z"",""status"":""accepted""}]","accepted","2026-04-18T15:09:56.346Z","69e39e4982afad44cd16a897","2026-04-18T15:07:53.474000","2026-04-18T15:09:57.344000","service_eb508f39-ce3d-4391-bb12-d4211c02ede9","false"
"69e39e169f2c1117a5e86121","","sc-1","accepted","698c747aee05acfdd23ea578","69e39e17df102bad08a42571","2026-04-21T15:07:40.348Z","","false","2026-04-18T15:07:40.348Z","698dbbf753d545317578c200","2026-04-18T15:09:58.972Z","[""p-2""]","SL-69e39e17df102bad08a42571-0","","[{""roundIndex"":0,""isGratuit"":false,""createdAt"":""2026-04-18T15:07:40.348Z"",""price"":200,""proposedBy"":""organizer"",""respondedAt"":""2026-04-18T15:09:58.972Z"",""message"":"""",""expiresAt"":""2026-04-21T15:07:40.348Z"",""status"":""accepted""}]","accepted","2026-04-18T15:09:58.972Z","69e39e3f72762dd7a7dfbaaa","2026-04-18T15:07:43.065000","2026-04-18T15:10:00.150000","service_eb508f39-ce3d-4391-bb12-d4211c02ede9","false"
"69e3993bb98029bbaa79b22b","","sc-1","accepted","698c747aee05acfdd23ea578","69e3993c678f458836db8fff","2026-04-21T14:58:12.703Z","","false","2026-04-18T14:58:12.703Z","698dbbf753d545317578c200","2026-04-19T11:56:20.226Z","[""p-2""]","SL-69e3993c678f458836db8fff-0","","[{""roundIndex"":0,""isGratuit"":false,""createdAt"":""2026-04-18T14:58:12.703Z"",""price"":438,""proposedBy"":""organizer"",""respondedAt"":""2026-04-19T11:56:20.226Z"",""message"":"""",""expiresAt"":""2026-04-21T14:58:12.703Z"",""status"":""accepted""}]","accepted","2026-04-19T11:56:20.226Z","69e39c0733d164c0864de3bc","2026-04-18T14:58:15.932000","2026-04-19T11:56:21.295000","service_eb508f39-ce3d-4391-bb12-d4211c02ede9","false"
"69e3993bb98029bbaa79b22b","","sc-1","","698c747aee05acfdd23ea578","69e3993c678f458836db8fff","2026-04-21T14:47:53.474Z","","false","2026-04-18T14:47:53.474Z","698d204286a5af9808991620","","[""p-1""]","SL-69e3993c678f458836db8fff-0","","[{""roundIndex"":0,""isGratuit"":false,""createdAt"":""2026-04-18T14:47:53.474Z"",""price"":100,""proposedBy"":""organizer"",""respondedAt"":null,""message"":"""",""expiresAt"":""2026-04-21T14:47:53.474Z"",""status"":""pending""}]","pending_talent","2026-04-18T14:47:53.474Z","69e3999c1add8ae823eeeed3","2026-04-18T14:47:56.424000","2026-04-18T14:47:56.424000","service_eb508f39-ce3d-4391-bb12-d4211c02ede9","false"
"69e3993bb98029bbaa79b22b","","sc-1776523571006","accepted","698c747aee05acfdd23ea578","69e3993c678f458836db8fff","2026-04-21T14:47:31.074Z","","false","2026-04-18T14:47:07.420Z","698dbbf753d545317578c200","2026-04-18T14:47:39.603Z","[""p-1""]","SL-69e3993c678f458836db8fff-0","","[{""roundIndex"":0,""isGratuit"":false,""createdAt"":""2026-04-18T14:47:07.420Z"",""price"":100,""proposedBy"":""organizer"",""respondedAt"":""2026-04-18T14:47:20.648Z"",""message"":"""",""expiresAt"":""2026-04-21T14:47:07.420Z"",""status"":""countered""},{""roundIndex"":1,""isGratuit"":false,""createdAt"":""2026-04-18T14:47:20.648Z"",""price"":200,""proposedBy"":""talent"",""respondedAt"":""2026-04-18T14:47:30.898Z"",""message"":"""",""expiresAt"":""2026-04-21T14:47:20.834Z"",""status"":""countered""},{""roundIndex"":2,""isGratuit"":false,""createdAt"":""2026-04-18T14:47:30.898Z"",""price"":160,""proposedBy"":""organizer"",""respondedAt"":""2026-04-18T14:47:39.603Z"",""message"":"""",""expiresAt"":""2026-04-21T14:47:31.074Z"",""status"":""accepted""}]","accepted","2026-04-18T14:47:39.603Z","69e3996d1c133fbef089beb0","2026-04-18T14:47:09.995000","2026-04-18T14:47:40.872000","service_eb508f39-ce3d-4391-bb12-d4211c02ede9","false"
"69e39479b53d7cef1b3eb6b1","","sc-1776522351030","","698c747aee05acfdd23ea578","69e3947bcc5cf310b9c039d1","2026-04-21T14:28:46.069Z","","false","2026-04-18T14:28:46.069Z","698dbbf753d545317578c200","","[""p-3""]","SL-69e3947bcc5cf310b9c039d1-0","","[{""roundIndex"":0,""isGratuit"":false,""createdAt"":""2026-04-18T14:28:46.069Z"",""price"":50,""proposedBy"":""organizer"",""respondedAt"":null,""message"":"""",""expiresAt"":""2026-04-21T14:28:46.069Z"",""status"":""pending""}]","pending_talent","2026-04-18T14:28:46.069Z","69e39520deee83822fdc7e25","2026-04-18T14:28:48.868000","2026-04-18T14:28:48.868000","service_eb508f39-ce3d-4391-bb12-d4211c02ede9","false"
"69e39479b53d7cef1b3eb6b1","","sc-1776522351030","accepted","698c747aee05acfdd23ea578","69e3947bcc5cf310b9c039d1","2026-04-21T14:30:08.268Z","","false","2026-04-18T14:28:31.189Z","698d204286a5af9808991620","2026-04-18T14:30:27.453Z","[""p-3""]","SL-69e3947bcc5cf310b9c039d1-0","","[{""roundIndex"":0,""isGratuit"":false,""createdAt"":""2026-04-18T14:28:31.189Z"",""price"":140,""proposedBy"":""organizer"",""respondedAt"":""2026-04-18T14:30:08.084Z"",""message"":"""",""expiresAt"":""2026-04-21T14:28:31.189Z"",""status"":""countered""},{""roundIndex"":1,""isGratuit"":false,""createdAt"":""2026-04-18T14:30:08.084Z"",""price"":200,""proposedBy"":""talent"",""respondedAt"":""2026-04-18T14:30:27.453Z"",""message"":""je ne me déplace pas en dessous de 200$ "",""expiresAt"":""2026-04-21T14:30:08.268Z"",""status"":""accepted""}]","accepted","2026-04-18T14:30:27.453Z","69e395119f336a818b8f8c78","2026-04-18T14:28:33.386000","2026-04-18T14:30:28.593000","service_eb508f39-ce3d-4391-bb12-d4211c02ede9","false"
"69e39479b53d7cef1b3eb6b1","","sc-1","","698c747aee05acfdd23ea578","69e3947bcc5cf310b9c039d1","2026-04-21T14:29:26.340Z","","false","2026-04-18T14:28:15.934Z","698d204286a5af9808991620","","[""p-2""]","SL-69e3947bcc5cf310b9c039d1-0","","[{""roundIndex"":0,""isGratuit"":false,""createdAt"":""2026-04-18T14:28:15.934Z"",""price"":45,""proposedBy"":""organizer"",""respondedAt"":""2026-04-18T14:29:26.180Z"",""message"":"""",""expiresAt"":""2026-04-21T14:28:15.935Z"",""status"":""countered""},{""roundIndex"":1,""isGratuit"":false,""createdAt"":""2026-04-18T14:29:26.180Z"",""price"":50,""proposedBy"":""talent"",""respondedAt"":null,""message"":"""",""expiresAt"":""2026-04-21T14:29:26.340Z"",""status"":""pending""}]","pending_organizer","2026-04-18T14:29:26.180Z","69e395021ba13fb2c0fb9a98","2026-04-18T14:28:18.434000","2026-04-18T14:29:26.457000","service_eb508f39-ce3d-4391-bb12-d4211c02ede9","false"
"69e39479b53d7cef1b3eb6b1","","sc-1","","698c747aee05acfdd23ea578","69e3947bcc5cf310b9c039d1","2026-04-21T14:28:01.352Z","","false","2026-04-18T14:28:01.352Z","698dbbf753d545317578c200","","[""p-1""]","SL-69e3947bcc5cf310b9c039d1-0","","[{""roundIndex"":0,""isGratuit"":false,""createdAt"":""2026-04-18T14:28:01.352Z"",""price"":30,""proposedBy"":""organizer"",""respondedAt"":null,""message"":"""",""expiresAt"":""2026-04-21T14:28:01.352Z"",""status"":""pending""}]","pending_talent","2026-04-18T14:28:01.352Z","69e394f46816e1459c91c53d","2026-04-18T14:28:04.155000","2026-04-18T14:28:04.155000","service_eb508f39-ce3d-4391-bb12-d4211c02ede9","false"
"69e38bcada564eeacc35a4c3","","sc-1","accepted","698dbbf753d545317578c200","69e38bcca7b9cf249d2c6857","2026-04-21T14:20:46.244Z","","false","2026-04-18T14:20:27.203Z","698c747aee05acfdd23ea578","2026-04-18T14:21:10.283Z","[""p-1""]","SL-69e38bcca7b9cf249d2c6857-0","","[{""roundIndex"":0,""isGratuit"":false,""createdAt"":""2026-04-18T14:20:27.203Z"",""price"":100,""proposedBy"":""organizer"",""respondedAt"":""2026-04-18T14:20:46.073Z"",""message"":"""",""expiresAt"":""2026-04-21T14:20:27.203Z"",""status"":""countered""},{""roundIndex"":1,""isGratuit"":false,""createdAt"":""2026-04-18T14:20:46.073Z"",""price"":150,""proposedBy"":""talent"",""respondedAt"":""2026-04-18T14:21:10.283Z"",""message"":"""",""expiresAt"":""2026-04-21T14:20:46.244Z"",""status"":""accepted""}]","accepted","2026-04-18T14:21:10.283Z","69e3932dce5a98dfffb02413","2026-04-18T14:20:29.579000","2026-04-18T14:21:11.345000","service_eb508f39-ce3d-4391-bb12-d4211c02ede9","false"
"69e38bcada564eeacc35a4c3","","sc-1","accepted","698dbbf753d545317578c200","69e38bcca7b9cf249d2c6857","2026-04-21T14:17:25.962Z","","false","2026-04-18T13:58:07.018Z","698d204286a5af9808991620","2026-04-18T14:17:45.765Z","[""p-2""]","SL-69e38bcca7b9cf249d2c6857-0","","[{""roundIndex"":0,""isGratuit"":false,""createdAt"":""2026-04-18T13:58:07.018Z"",""price"":300,""proposedBy"":""organizer"",""respondedAt"":""2026-04-18T14:17:25.745Z"",""message"":"""",""expiresAt"":""2026-04-21T13:58:07.018Z"",""status"":""countered""},{""roundIndex"":1,""isGratuit"":false,""createdAt"":""2026-04-18T14:17:25.745Z"",""price"":400,""proposedBy"":""talent"",""respondedAt"":""2026-04-18T14:17:45.765Z"",""message"":"""",""expiresAt"":""2026-04-21T14:17:25.962Z"",""status"":""accepted""}]","accepted","2026-04-18T14:17:45.765Z","69e38df176b694da86efd700","2026-04-18T13:58:09.577000","2026-04-18T14:17:47.298000","service_eb508f39-ce3d-4391-bb12-d4211c02ede9","false"
"69e38bcada564eeacc35a4c3","","sc-1","accepted","698dbbf753d545317578c200","69e38bcca7b9cf249d2c6857","2026-04-21T14:16:43.893Z","","false","2026-04-18T13:56:00.246Z","698d204286a5af9808991620","2026-04-18T14:17:00.755Z","[""p-1""]","SL-69e38bcca7b9cf249d2c6857-0","","[{""roundIndex"":0,""isGratuit"":false,""createdAt"":""2026-04-18T13:56:00.246Z"",""price"":100,""proposedBy"":""organizer"",""respondedAt"":""2026-04-18T14:16:32.394Z"",""message"":"""",""expiresAt"":""2026-04-21T13:56:00.246Z"",""status"":""countered""},{""roundIndex"":1,""isGratuit"":false,""createdAt"":""2026-04-18T14:16:32.394Z"",""price"":150,""proposedBy"":""talent"",""respondedAt"":""2026-04-18T14:16:43.637Z"",""message"":"""",""expiresAt"":""2026-04-21T14:16:32.589Z"",""status"":""countered""},{""roundIndex"":2,""isGratuit"":false,""createdAt"":""2026-04-18T14:16:43.637Z"",""price"":130,""proposedBy"":""organizer"",""respondedAt"":""2026-04-18T14:17:00.755Z"",""message"":"""",""expiresAt"":""2026-04-21T14:16:43.893Z"",""status"":""accepted""}]","accepted","2026-04-18T14:17:00.755Z","69e38d73c1a2b164720b6726","2026-04-18T13:56:03.155000","2026-04-18T14:17:01.867000","service_eb508f39-ce3d-4391-bb12-d4211c02ede9","false"
"69e38bcada564eeacc35a4c3","","sc-1","","698dbbf753d545317578c200","69e38bcca7b9cf249d2c6857","2026-04-21T13:50:26.546Z","","false","2026-04-18T13:50:26.546Z","698d204286a5af9808991620","","[""p-2""]","SL-69e38bcca7b9cf249d2c6857-0","","[{""roundIndex"":0,""isGratuit"":false,""createdAt"":""2026-04-18T13:50:26.546Z"",""price"":300,""proposedBy"":""organizer"",""respondedAt"":null,""message"":"""",""expiresAt"":""2026-04-21T13:50:26.546Z"",""status"":""pending""}]","pending_talent","2026-04-18T13:50:26.546Z","69e38c2576b694da86efd630","2026-04-18T13:50:29.073000","2026-04-18T13:50:29.073000","service_eb508f39-ce3d-4391-bb12-d4211c02ede9","false"
"69e38bcada564eeacc35a4c3","","sc-1","","698dbbf753d545317578c200","69e38bcca7b9cf249d2c6857","2026-04-21T13:50:03.730Z","","false","2026-04-18T13:50:03.730Z","698d204286a5af9808991620","","[""p-1""]","SL-69e38bcca7b9cf249d2c6857-0","","[{""roundIndex"":0,""isGratuit"":false,""createdAt"":""2026-04-18T13:50:03.730Z"",""price"":100,""proposedBy"":""organizer"",""respondedAt"":null,""message"":"""",""expiresAt"":""2026-04-21T13:50:03.730Z"",""status"":""pending""}]","pending_talent","2026-04-18T13:50:03.730Z","69e38c0eb44db1e4043cb957","2026-04-18T13:50:06.826000","2026-04-18T13:50:06.826000","service_eb508f39-ce3d-4391-bb12-d4211c02ede9","false"
"69e2ec93b661d22b7d4d5483","","sc-1","rejected","69cd302266f2193a99122757","69e2ec9588a0f2dec9f523a4","2026-04-21T03:12:18.042Z","","false","2026-04-18T03:12:18.042Z","698c747aee05acfdd23ea578","2026-04-18T03:13:00.286Z","[""p-2""]","SL-69e2ec9588a0f2dec9f523a4-0","","[{""roundIndex"":0,""isGratuit"":false,""createdAt"":""2026-04-18T03:12:18.042Z"",""price"":135,""proposedBy"":""organizer"",""respondedAt"":""2026-04-18T03:13:00.286Z"",""message"":"""",""expiresAt"":""2026-04-21T03:12:18.042Z"",""status"":""rejected""}]","rejected","2026-04-18T03:13:00.286Z","69e2f694de2bebdc484eb9b1","2026-04-18T03:12:20.983000","2026-04-18T03:13:00.672000","service_eb508f39-ce3d-4391-bb12-d4211c02ede9","false"
"69e2ec93b661d22b7d4d5483","","sc-1","accepted","69cd302266f2193a99122757","69e2ec9588a0f2dec9f523a4","2026-04-21T02:31:28.528Z","","false","2026-04-18T02:31:28.528Z","698c747aee05acfdd23ea578","2026-04-18T02:33:00.257Z","[""p-1""]","SL-69e2ec9588a0f2dec9f523a4-0","","[{""roundIndex"":0,""isGratuit"":false,""createdAt"":""2026-04-18T02:31:28.528Z"",""price"":50,""proposedBy"":""organizer"",""respondedAt"":""2026-04-18T02:33:00.257Z"",""message"":"""",""expiresAt"":""2026-04-21T02:31:28.528Z"",""status"":""accepted""}]","accepted","2026-04-18T02:33:00.257Z","69e2ed035af69d18f48b9337","2026-04-18T02:31:31.135000","2026-04-18T02:33:01.586000","service_eb508f39-ce3d-4391-bb12-d4211c02ede9","false"
"69e2ec93b661d22b7d4d5483","","sc-1776479360782","rejected","69cd302266f2193a99122757","69e2ec9588a0f2dec9f523a4","2026-04-21T02:32:01.876Z","","false","2026-04-18T02:30:50.543Z","698dd1b2193c860027a3457a","2026-04-18T02:32:16.924Z","[""p-1""]","SL-69e2ec9588a0f2dec9f523a4-0","","[{""roundIndex"":0,""isGratuit"":false,""createdAt"":""2026-04-18T02:30:50.543Z"",""price"":100,""proposedBy"":""organizer"",""respondedAt"":""2026-04-18T02:31:47.221Z"",""message"":"""",""expiresAt"":""2026-04-21T02:30:50.543Z"",""status"":""countered""},{""roundIndex"":1,""isGratuit"":false,""createdAt"":""2026-04-18T02:31:47.221Z"",""price"":150,""proposedBy"":""talent"",""respondedAt"":""2026-04-18T02:32:01.630Z"",""message"":"""",""expiresAt"":""2026-04-21T02:31:47.394Z"",""status"":""countered""},{""roundIndex"":2,""isGratuit"":false,""createdAt"":""2026-04-18T02:32:01.630Z"",""price"":130,""proposedBy"":""organizer"",""respondedAt"":""2026-04-18T02:32:16.924Z"",""message"":"""",""expiresAt"":""2026-04-21T02:32:01.876Z"",""status"":""rejected""}]","rejected","2026-04-18T02:32:16.924Z","69e2ecdd0724ca9a6a11479a","2026-04-18T02:30:53.285000","2026-04-18T02:32:17.230000","service_eb508f39-ce3d-4391-bb12-d4211c02ede9","false"
"69e2e9ac5e64a1209c1b21d5","","sc-1","rejected","698dd1b2193c860027a3457a","69e2e9ae0490c6ec4e2f825d","2026-04-21T02:26:25.572Z","","false","2026-04-18T02:26:25.572Z","69cd302266f2193a99122757","2026-04-18T02:26:51.642Z","[""p-2""]","SL-69e2e9ae0490c6ec4e2f825d-0","","[{""roundIndex"":0,""isGratuit"":false,""createdAt"":""2026-04-18T02:26:25.572Z"",""price"":200,""proposedBy"":""organizer"",""respondedAt"":""2026-04-18T02:26:51.642Z"",""message"":"""",""expiresAt"":""2026-04-21T02:26:25.572Z"",""status"":""rejected""}]","rejected","2026-04-18T02:26:51.642Z","69e2ebd4380c8b58f60ef4fc","2026-04-18T02:26:28.080000","2026-04-18T02:26:52.003000","service_eb508f39-ce3d-4391-bb12-d4211c02ede9","false"
"69e2e9ac5e64a1209c1b21d5","","sc-1","rejected","698dd1b2193c860027a3457a","69e2e9ae0490c6ec4e2f825d","2026-04-21T02:19:49.193Z","","false","2026-04-18T02:19:49.193Z","69cd302266f2193a99122757","2026-04-18T02:20:00.915Z","[""p-2""]","SL-69e2e9ae0490c6ec4e2f825d-0","","[{""roundIndex"":0,""isGratuit"":false,""createdAt"":""2026-04-18T02:19:49.193Z"",""price"":100,""proposedBy"":""organizer"",""respondedAt"":""2026-04-18T02:20:00.915Z"",""message"":"""",""expiresAt"":""2026-04-21T02:19:49.193Z"",""status"":""rejected""}]","rejected","2026-04-18T02:20:00.915Z","69e2ea4af32024680e10968d","2026-04-18T02:19:54.350000","2026-04-18T02:20:01.386000","service_eb508f39-ce3d-4391-bb12-d4211c02ede9","false"
"69e2e9ac5e64a1209c1b21d5","","sc-1","accepted","698dd1b2193c860027a3457a","69e2e9ae0490c6ec4e2f825d","2026-04-21T02:19:02.751Z","","false","2026-04-18T02:18:48.252Z","698c747aee05acfdd23ea578","2026-04-18T02:19:11.342Z","[""p-1""]","SL-69e2e9ae0490c6ec4e2f825d-0","","[{""roundIndex"":0,""isGratuit"":false,""createdAt"":""2026-04-18T02:18:48.252Z"",""price"":50,""proposedBy"":""organizer"",""respondedAt"":""2026-04-18T02:19:02.462Z"",""message"":"""",""expiresAt"":""2026-04-21T02:18:48.252Z"",""status"":""countered""},{""roundIndex"":1,""isGratuit"":false,""createdAt"":""2026-04-18T02:19:02.462Z"",""price"":70,""proposedBy"":""talent"",""respondedAt"":""2026-04-18T02:19:11.342Z"",""message"":"""",""expiresAt"":""2026-04-21T02:19:02.751Z"",""status"":""accepted""}]","accepted","2026-04-18T02:19:11.342Z","69e2ea0b5289df204e85dbc5","2026-04-18T02:18:51.248000","2026-04-18T02:19:12.539000","service_eb508f39-ce3d-4391-bb12-d4211c02ede9","false"
"69e2d75ab661d22b7d4d43d6","","sc-1","accepted","69b48a2b7d5c0db589c6bb1c","69e2d75bc132a55a49e7564b","2026-04-21T01:03:28.558Z","","false","2026-04-18T01:03:28.558Z","698c747aee05acfdd23ea578","2026-04-18T01:03:37.031Z","[""p-1""]","SL-69e2d75bc132a55a49e7564b-1","","[{""roundIndex"":0,""isGratuit"":false,""createdAt"":""2026-04-18T01:03:28.558Z"",""price"":100,""proposedBy"":""organizer"",""respondedAt"":""2026-04-18T01:03:37.031Z"",""message"":"""",""expiresAt"":""2026-04-21T01:03:28.558Z"",""status"":""accepted""}]","accepted","2026-04-18T01:03:37.031Z","69e2d863c0bd8d19b93e235e","2026-04-18T01:03:31.225000","2026-04-18T01:03:38.194000","service_eb508f39-ce3d-4391-bb12-d4211c02ede9","false"
"69e2d75ab661d22b7d4d43d6","","sc-1","rejected","69b48a2b7d5c0db589c6bb1c","69e2d75bc132a55a49e7564b","2026-04-21T01:02:09.704Z","","false","2026-04-18T01:01:10.642Z","698c747aee05acfdd23ea578","2026-04-18T01:02:23.524Z","[""p-3""]","SL-69e2d75bc132a55a49e7564b-1","","[{""roundIndex"":0,""isGratuit"":false,""createdAt"":""2026-04-18T01:01:10.642Z"",""price"":200,""proposedBy"":""organizer"",""respondedAt"":""2026-04-18T01:01:24.379Z"",""message"":"""",""expiresAt"":""2026-04-21T01:01:10.642Z"",""status"":""countered""},{""roundIndex"":1,""isGratuit"":false,""createdAt"":""2026-04-18T01:01:24.379Z"",""price"":300,""proposedBy"":""talent"",""respondedAt"":""2026-04-18T01:02:09.505Z"",""message"":"""",""expiresAt"":""2026-04-21T01:01:24.607Z"",""status"":""countered""},{""roundIndex"":2,""isGratuit"":false,""createdAt"":""2026-04-18T01:02:09.505Z"",""price"":235,""proposedBy"":""organizer"",""respondedAt"":""2026-04-18T01:02:23.524Z"",""message"":"""",""expiresAt"":""2026-04-21T01:02:09.704Z"",""status"":""rejected""}]","rejected","2026-04-18T01:02:23.524Z","69e2d7d98308b1c472f17b1d","2026-04-18T01:01:13.611000","2026-04-18T01:02:23.853000","service_eb508f39-ce3d-4391-bb12-d4211c02ede9","false"
"69e2d75ab661d22b7d4d43d6","","sc-1","accepted","69b48a2b7d5c0db589c6bb1c","69e2d75bc132a55a49e7564b","2026-04-21T01:00:31.469Z","","false","2026-04-18T01:00:16.533Z","698dd1b2193c860027a3457a","2026-04-18T01:00:47.560Z","[""p-2""]","SL-69e2d75bc132a55a49e7564b-2","","[{""roundIndex"":0,""isGratuit"":false,""createdAt"":""2026-04-18T01:00:16.533Z"",""price"":200,""proposedBy"":""organizer"",""respondedAt"":""2026-04-18T01:00:31.278Z"",""message"":"""",""expiresAt"":""2026-04-21T01:00:16.533Z"",""status"":""countered""},{""roundIndex"":1,""isGratuit"":false,""createdAt"":""2026-04-18T01:00:31.278Z"",""price"":300,""proposedBy"":""talent"",""respondedAt"":""2026-04-18T01:00:47.560Z"",""message"":"""",""expiresAt"":""2026-04-21T01:00:31.469Z"",""status"":""accepted""}]","accepted","2026-04-18T01:00:47.560Z","69e2d7a366dd94d47ee65018","2026-04-18T01:00:19.253000","2026-04-18T01:00:48.658000","service_eb508f39-ce3d-4391-bb12-d4211c02ede9","false"
"69e2cf0fe7c8b194afd3d8f8","","sc-1","","69b48a2b7d5c0db589c6bb1c","69e2cf1046384c59095815aa","2026-04-21T00:29:12.985Z","","false","2026-04-18T00:28:10.600Z","698dd1b2193c860027a3457a","","[""p-3""]","SL-69e2cf1046384c59095815aa-0","","[{""roundIndex"":0,""isGratuit"":false,""createdAt"":""2026-04-18T00:28:10.600Z"",""price"":200,""proposedBy"":""organizer"",""respondedAt"":""2026-04-18T00:29:12.822Z"",""message"":"""",""expiresAt"":""2026-04-21T00:28:10.600Z"",""status"":""countered""},{""roundIndex"":1,""isGratuit"":false,""createdAt"":""2026-04-18T00:29:12.822Z"",""price"":250,""proposedBy"":""talent"",""respondedAt"":null,""message"":"""",""expiresAt"":""2026-04-21T00:29:12.985Z"",""status"":""pending""}]","pending_organizer","2026-04-18T00:29:12.822Z","69e2d01dc04b6d0079288a55","2026-04-18T00:28:13.323000","2026-04-18T00:29:13.103000","service_eb508f39-ce3d-4391-bb12-d4211c02ede9","false"
"69e2cf0fe7c8b194afd3d8f8","","sc-1","rejected","69b48a2b7d5c0db589c6bb1c","69e2cf1046384c59095815aa","2026-04-21T00:24:52.444Z","","false","2026-04-18T00:24:52.444Z","698c747aee05acfdd23ea578","2026-04-18T00:26:36.420Z","[""p-2""]","SL-69e2cf1046384c59095815aa-1","","[{""roundIndex"":0,""isGratuit"":false,""createdAt"":""2026-04-18T00:24:52.444Z"",""price"":50,""proposedBy"":""organizer"",""respondedAt"":""2026-04-18T00:26:36.420Z"",""message"":"""",""expiresAt"":""2026-04-21T00:24:52.444Z"",""status"":""rejected""}]","rejected","2026-04-18T00:26:36.420Z","69e2cf57c0d13de870e55571","2026-04-18T00:24:55.512000","2026-04-18T00:26:36.836000","service_eb508f39-ce3d-4391-bb12-d4211c02ede9","false"
"69e2a427fcddd91985cf7791","","sc-1776460825625","accepted","698c747aee05acfdd23ea578","69e2a42938525529663121c9","2026-04-20T22:02:20.264Z","","false","2026-04-17T22:02:20.264Z","69b48a2b7d5c0db589c6bb1c","2026-04-18T14:23:58.461Z","[""p-1""]","SL-69e2a42938525529663121c9-0","","[{""roundIndex"":0,""isGratuit"":false,""createdAt"":""2026-04-17T22:02:20.264Z"",""price"":50,""proposedBy"":""organizer"",""respondedAt"":""2026-04-18T14:23:58.461Z"",""message"":"""",""expiresAt"":""2026-04-20T22:02:20.264Z"",""status"":""accepted""}]","accepted","2026-04-18T14:23:58.461Z","69e2adf0cb7772126b877b9e","2026-04-17T22:02:24.527000","2026-04-18T14:23:59.527000","service_eb508f39-ce3d-4391-bb12-d4211c02ede9","false"
"69e2a427fcddd91985cf7791","","sc-1776460825625","rejected","698c747aee05acfdd23ea578","69e2a42938525529663121c9","2026-04-20T21:48:50.250Z","","false","2026-04-17T21:48:50.250Z","698d204286a5af9808991620","2026-04-17T22:01:30.096Z","[""p-3""]","SL-69e2a42938525529663121c9-2","","[{""roundIndex"":0,""isGratuit"":false,""createdAt"":""2026-04-17T21:48:50.250Z"",""price"":150,""proposedBy"":""organizer"",""respondedAt"":""2026-04-17T22:01:30.096Z"",""message"":"""",""expiresAt"":""2026-04-20T21:48:50.250Z"",""status"":""rejected""}]","rejected","2026-04-17T22:01:30.096Z","69e2aac4ecbe218db7035931","2026-04-17T21:48:52.609000","2026-04-17T22:01:30.460000","service_eb508f39-ce3d-4391-bb12-d4211c02ede9","false"
"69e2a427fcddd91985cf7791","","sc-1","","698c747aee05acfdd23ea578","69e2a42938525529663121c9","2026-04-20T21:58:01.385Z","","false","2026-04-17T21:46:47.205Z","698dd1b2193c860027a3457a","","[""p-2""]","SL-69e2a42938525529663121c9-1","","[{""roundIndex"":0,""isGratuit"":false,""createdAt"":""2026-04-17T21:46:47.205Z"",""price"":200,""proposedBy"":""organizer"",""respondedAt"":""2026-04-17T21:58:01.216Z"",""message"":"""",""expiresAt"":""2026-04-20T21:46:47.205Z"",""status"":""countered""},{""roundIndex"":1,""isGratuit"":false,""createdAt"":""2026-04-17T21:58:01.216Z"",""price"":240,""proposedBy"":""talent"",""respondedAt"":null,""message"":"""",""expiresAt"":""2026-04-20T21:58:01.385Z"",""status"":""pending""}]","pending_organizer","2026-04-17T21:58:01.216Z","69e2aa4aa5ebd9dcad434b64","2026-04-17T21:46:50.613000","2026-04-17T21:58:01.497000","service_eb508f39-ce3d-4391-bb12-d4211c02ede9","false"
"69e2a427fcddd91985cf7791","","sc-1","","698c747aee05acfdd23ea578","69e2a42938525529663121c9","2026-04-20T21:23:17.404Z","","false","2026-04-17T21:23:17.404Z","698dd1b2193c860027a3457a","","[""p-1""]","SL-69e2a42938525529663121c9-1","","[{""roundIndex"":0,""isGratuit"":false,""createdAt"":""2026-04-17T21:23:17.404Z"",""price"":100,""proposedBy"":""organizer"",""respondedAt"":null,""message"":"""",""expiresAt"":""2026-04-20T21:23:17.404Z"",""status"":""pending""}]","pending_talent","2026-04-17T21:23:17.404Z","69e2a4c88d1fc4cac977d21a","2026-04-17T21:23:20.313000","2026-04-17T21:23:20.313000","service_eb508f39-ce3d-4391-bb12-d4211c02ede9","false"
"69e2705d6a092f499ec04025","","sc-1776447229711","","698dd1b2193c860027a3457a","69e27063426fb381e3c30b19","2026-04-20T17:43:37.771Z","","false","2026-04-17T17:43:37.771Z","69b5fabdcdff0f2e42039d46","","[""p-2""]","SL-69e27063426fb381e3c30b19-3","","[{""roundIndex"":0,""isGratuit"":false,""createdAt"":""2026-04-17T17:43:37.771Z"",""price"":120,""proposedBy"":""organizer"",""respondedAt"":null,""message"":"""",""expiresAt"":""2026-04-20T17:43:37.771Z"",""status"":""pending""}]","pending_talent","2026-04-17T17:43:37.771Z","69e2714c65cd1468cc180da2","2026-04-17T17:43:40.935000","2026-04-17T17:43:40.935000","service_eb508f39-ce3d-4391-bb12-d4211c02ede9","false"
"69e2705d6a092f499ec04025","","sc-1","","698dd1b2193c860027a3457a","69e27063426fb381e3c30b19","2026-04-20T17:41:50.495Z","","false","2026-04-17T17:41:50.495Z","69be7dd0c77c2ac0d788be7e","","[""p-1""]","SL-69e27063426fb381e3c30b19-2","","[{""roundIndex"":0,""isGratuit"":false,""createdAt"":""2026-04-17T17:41:50.495Z"",""price"":100,""proposedBy"":""organizer"",""respondedAt"":null,""message"":"""",""expiresAt"":""2026-04-20T17:41:50.495Z"",""status"":""pending""}]","pending_talent","2026-04-17T17:41:50.495Z","69e270e1cdb101e55ec4ffc9","2026-04-17T17:41:53.252000","2026-04-17T17:41:53.252000","service_eb508f39-ce3d-4391-bb12-d4211c02ede9","false"
"69e2705d6a092f499ec04025","","sc-1","","698dd1b2193c860027a3457a","69e27063426fb381e3c30b19","2026-04-20T17:41:26.511Z","","false","2026-04-17T17:41:26.511Z","69be7dd0c77c2ac0d788be7e","","[""p-3""]","SL-69e27063426fb381e3c30b19-2","","[{""roundIndex"":0,""isGratuit"":false,""createdAt"":""2026-04-17T17:41:26.511Z"",""price"":200,""proposedBy"":""organizer"",""respondedAt"":null,""message"":"""",""expiresAt"":""2026-04-20T17:41:26.511Z"",""status"":""pending""}]","pending_talent","2026-04-17T17:41:26.511Z","69e270caffe2f15e6b113eb0","2026-04-17T17:41:30.023000","2026-04-17T17:41:30.023000","service_eb508f39-ce3d-4391-bb12-d4211c02ede9","false"
"69e234fc0c311bac9b82cea9","","sc-1","","698c747aee05acfdd23ea578","69e234fd4383cc129ae58310","2026-04-20T13:28:40.800Z","","false","2026-04-17T13:28:40.800Z","698d204286a5af9808991620","","[""p-3""]","SL-69e234fd4383cc129ae58310-2","","[{""roundIndex"":0,""isGratuit"":false,""createdAt"":""2026-04-17T13:28:40.800Z"",""price"":105,""proposedBy"":""organizer"",""respondedAt"":null,""message"":"""",""expiresAt"":""2026-04-20T13:28:40.800Z"",""status"":""pending""}]","pending_talent","2026-04-17T13:28:40.800Z","69e2358bb5de6db0ab469bae","2026-04-17T13:28:43.249000","2026-04-17T13:28:43.249000","service_eb508f39-ce3d-4391-bb12-d4211c02ede9","false"
"69e234fc0c311bac9b82cea9","","sc-1","","698c747aee05acfdd23ea578","69e234fd4383cc129ae58310","2026-04-20T13:28:28.229Z","","false","2026-04-17T13:28:28.229Z","698d204286a5af9808991620","","[""p-2""]","SL-69e234fd4383cc129ae58310-2","","[{""roundIndex"":0,""isGratuit"":false,""createdAt"":""2026-04-17T13:28:28.229Z"",""price"":135,""proposedBy"":""organizer"",""respondedAt"":null,""message"":"""",""expiresAt"":""2026-04-20T13:28:28.229Z"",""status"":""pending""}]","pending_talent","2026-04-17T13:28:28.229Z","69e2357e51282b7ab14d919e","2026-04-17T13:28:30.916000","2026-04-17T13:28:30.916000","service_eb508f39-ce3d-4391-bb12-d4211c02ede9","false"
"69e234fc0c311bac9b82cea9","","sc-1","","698c747aee05acfdd23ea578","69e234fd4383cc129ae58310","2026-04-20T13:28:19.381Z","","false","2026-04-17T13:28:19.380Z","698d204286a5af9808991620","","[""p-1""]","SL-69e234fd4383cc129ae58310-2","","[{""roundIndex"":0,""isGratuit"":false,""createdAt"":""2026-04-17T13:28:19.380Z"",""price"":60,""proposedBy"":""organizer"",""respondedAt"":null,""message"":"""",""expiresAt"":""2026-04-20T13:28:19.381Z"",""status"":""pending""}]","pending_talent","2026-04-17T13:28:19.380Z","69e23575bc95610747df9e8e","2026-04-17T13:28:21.692000","2026-04-17T13:28:21.692000","service_eb508f39-ce3d-4391-bb12-d4211c02ede9","false"
"69e234fc0c311bac9b82cea9","","sc-1776432370252","","698c747aee05acfdd23ea578","69e234fd4383cc129ae58310","2026-04-20T13:28:00.908Z","","false","2026-04-17T13:28:00.908Z","698dbbf753d545317578c200","","[""p-1""]","SL-69e234fd4383cc129ae58310-1","","[{""roundIndex"":0,""isGratuit"":false,""createdAt"":""2026-04-17T13:28:00.908Z"",""price"":75,""proposedBy"":""organizer"",""respondedAt"":null,""message"":"""",""expiresAt"":""2026-04-20T13:28:00.908Z"",""status"":""pending""}]","pending_talent","2026-04-17T13:28:00.908Z","69e23563a3a7d9ae13e04dda","2026-04-17T13:28:03.435000","2026-04-17T13:28:03.435000","service_eb508f39-ce3d-4391-bb12-d4211c02ede9","false"
"69e234fc0c311bac9b82cea9","","sc-1","","698c747aee05acfdd23ea578","69e234fd4383cc129ae58310","2026-04-20T13:27:30.251Z","","false","2026-04-17T13:27:30.251Z","69b48a2b7d5c0db589c6bb1c","","[""p-3""]","SL-69e234fd4383cc129ae58310-0","","[{""roundIndex"":0,""isGratuit"":false,""createdAt"":""2026-04-17T13:27:30.251Z"",""price"":84,""proposedBy"":""organizer"",""respondedAt"":null,""message"":"""",""expiresAt"":""2026-04-20T13:27:30.251Z"",""status"":""pending""}]","pending_talent","2026-04-17T13:27:30.251Z","69e23544810073bd0cc553b3","2026-04-17T13:27:32.545000","2026-04-17T13:27:32.545000","service_eb508f39-ce3d-4391-bb12-d4211c02ede9","false"
"69e234fc0c311bac9b82cea9","","sc-1","","698c747aee05acfdd23ea578","69e234fd4383cc129ae58310","2026-04-20T13:27:12.583Z","","false","2026-04-17T13:27:12.583Z","69b48a2b7d5c0db589c6bb1c","","[""p-2""]","SL-69e234fd4383cc129ae58310-0","","[{""roundIndex"":0,""isGratuit"":false,""createdAt"":""2026-04-17T13:27:12.583Z"",""price"":108,""proposedBy"":""organizer"",""respondedAt"":null,""message"":"""",""expiresAt"":""2026-04-20T13:27:12.583Z"",""status"":""pending""}]","pending_talent","2026-04-17T13:27:12.583Z","69e23533669f0cd3b283c1e0","2026-04-17T13:27:15.185000","2026-04-17T13:27:15.185000","service_eb508f39-ce3d-4391-bb12-d4211c02ede9","false"
"69e234fc0c311bac9b82cea9","","sc-1","","698c747aee05acfdd23ea578","69e234fd4383cc129ae58310","2026-04-20T13:27:04.261Z","","false","2026-04-17T13:27:04.261Z","69b48a2b7d5c0db589c6bb1c","","[""p-1""]","SL-69e234fd4383cc129ae58310-0","","[{""roundIndex"":0,""isGratuit"":false,""createdAt"":""2026-04-17T13:27:04.261Z"",""price"":48,""proposedBy"":""organizer"",""respondedAt"":null,""message"":"""",""expiresAt"":""2026-04-20T13:27:04.261Z"",""status"":""pending""}]","pending_talent","2026-04-17T13:27:04.261Z","69e2352b42960a27a9e52735","2026-04-17T13:27:07.015000","2026-04-17T13:27:07.015000","service_eb508f39-ce3d-4391-bb12-d4211c02ede9","false"
"69e23274f03ed4a9f01b2198","","sc-1776431723944","","698c747aee05acfdd23ea578","69e23275473d6042cd8f7cc4","2026-04-20T13:19:09.997Z","","false","2026-04-17T13:19:09.997Z","698dbbf753d545317578c200","","[""p-5""]","SL-69e23275473d6042cd8f7cc4-2","","[{""roundIndex"":0,""isGratuit"":false,""createdAt"":""2026-04-17T13:19:09.997Z"",""price"":105,""proposedBy"":""organizer"",""respondedAt"":null,""message"":"""",""expiresAt"":""2026-04-20T13:19:09.997Z"",""status"":""pending""}]","pending_talent","2026-04-17T13:19:09.997Z","69e2334faa72f5e3bab456ec","2026-04-17T13:19:11.102000","2026-04-17T13:19:11.102000","service_eb508f39-ce3d-4391-bb12-d4211c02ede9","false"
"69e23274f03ed4a9f01b2198","","sc-1776431723944","","698c747aee05acfdd23ea578","69e23275473d6042cd8f7cc4","2026-04-20T13:18:59.816Z","","false","2026-04-17T13:18:59.816Z","698dbbf753d545317578c200","","[""p-4""]","SL-69e23275473d6042cd8f7cc4-2","","[{""roundIndex"":0,""isGratuit"":false,""createdAt"":""2026-04-17T13:18:59.816Z"",""price"":94,""proposedBy"":""organizer"",""respondedAt"":null,""message"":"""",""expiresAt"":""2026-04-20T13:18:59.816Z"",""status"":""pending""}]","pending_talent","2026-04-17T13:18:59.816Z","69e2334626307dd906640e6a","2026-04-17T13:19:02.265000","2026-04-17T13:19:02.265000","service_eb508f39-ce3d-4391-bb12-d4211c02ede9","false"
"69e23274f03ed4a9f01b2198","","sc-1776431723944","","698c747aee05acfdd23ea578","69e23275473d6042cd8f7cc4","2026-04-20T13:18:46.055Z","","false","2026-04-17T13:18:46.055Z","698dbbf753d545317578c200","","[""p-3""]","SL-69e23275473d6042cd8f7cc4-2","","[{""roundIndex"":0,""isGratuit"":false,""createdAt"":""2026-04-17T13:18:46.055Z"",""price"":38,""proposedBy"":""organizer"",""respondedAt"":null,""message"":"""",""expiresAt"":""2026-04-20T13:18:46.055Z"",""status"":""pending""}]","pending_talent","2026-04-17T13:18:46.055Z","69e2333889a83880377c1983","2026-04-17T13:18:48.708000","2026-04-17T13:18:48.708000","service_eb508f39-ce3d-4391-bb12-d4211c02ede9","false"
"69e23274f03ed4a9f01b2198","","sc-1776431723944","","698c747aee05acfdd23ea578","69e23275473d6042cd8f7cc4","2026-04-20T13:18:36.880Z","","false","2026-04-17T13:18:36.880Z","698dbbf753d545317578c200","","[""p-2""]","SL-69e23275473d6042cd8f7cc4-2","","[{""roundIndex"":0,""isGratuit"":false,""createdAt"":""2026-04-17T13:18:36.880Z"",""price"":94,""proposedBy"":""organizer"",""respondedAt"":null,""message"":"""",""expiresAt"":""2026-04-20T13:18:36.880Z"",""status"":""pending""}]","pending_talent","2026-04-17T13:18:36.880Z","69e2332f0dc95391dcfa832d","2026-04-17T13:18:39.420000","2026-04-17T13:18:39.420000","service_eb508f39-ce3d-4391-bb12-d4211c02ede9","false"
"69e23274f03ed4a9f01b2198","","sc-1776431723944","","698c747aee05acfdd23ea578","69e23275473d6042cd8f7cc4","2026-04-20T13:18:24.290Z","","false","2026-04-17T13:18:24.290Z","698dbbf753d545317578c200","","[""p-1""]","SL-69e23275473d6042cd8f7cc4-2","","[{""roundIndex"":0,""isGratuit"":false,""createdAt"":""2026-04-17T13:18:24.290Z"",""price"":63,""proposedBy"":""organizer"",""respondedAt"":null,""message"":"""",""expiresAt"":""2026-04-20T13:18:24.290Z"",""status"":""pending""}]","pending_talent","2026-04-17T13:18:24.290Z","69e23323cc4140a6bd8e1be0","2026-04-17T13:18:27.085000","2026-04-17T13:18:27.085000","service_eb508f39-ce3d-4391-bb12-d4211c02ede9","false"
"69e23274f03ed4a9f01b2198","","sc-1","","698c747aee05acfdd23ea578","69e23275473d6042cd8f7cc4","2026-04-20T13:17:37.783Z","","false","2026-04-17T13:17:14.052Z","69b48a2b7d5c0db589c6bb1c","","[""p-2""]","SL-69e23275473d6042cd8f7cc4-1","","[{""roundIndex"":0,""isGratuit"":false,""createdAt"":""2026-04-17T13:17:14.052Z"",""price"":150,""proposedBy"":""organizer"",""respondedAt"":null,""message"":"""",""expiresAt"":""2026-04-20T13:17:14.052Z"",""status"":""pending""},{""roundIndex"":1,""isGratuit"":false,""createdAt"":""2026-04-17T13:17:37.783Z"",""price"":100,""proposedBy"":""organizer"",""respondedAt"":null,""message"":"""",""expiresAt"":""2026-04-20T13:17:37.783Z"",""status"":""pending""}]","pending_talent","2026-04-17T13:17:37.783Z","69e232dcee1eaad2304a9daa","2026-04-17T13:17:16.339000","2026-04-17T13:17:38.031000","service_eb508f39-ce3d-4391-bb12-d4211c02ede9","false"
"69e23274f03ed4a9f01b2198","","sc-1","","698c747aee05acfdd23ea578","69e23275473d6042cd8f7cc4","2026-04-20T13:16:59.698Z","","false","2026-04-17T13:16:59.698Z","69b48a2b7d5c0db589c6bb1c","","[""p-1""]","SL-69e23275473d6042cd8f7cc4-1","","[{""roundIndex"":0,""isGratuit"":false,""createdAt"":""2026-04-17T13:16:59.698Z"",""price"":100,""proposedBy"":""organizer"",""respondedAt"":null,""message"":"""",""expiresAt"":""2026-04-20T13:16:59.698Z"",""status"":""pending""}]","pending_talent","2026-04-17T13:16:59.698Z","69e232cea360327bea79c965","2026-04-17T13:17:02.107000","2026-04-17T13:17:02.107000","service_eb508f39-ce3d-4391-bb12-d4211c02ede9","false"
"69e23274f03ed4a9f01b2198","","sc-1776431723944","","698c747aee05acfdd23ea578","69e23275473d6042cd8f7cc4","2026-04-20T13:16:47.352Z","","false","2026-04-17T13:16:47.352Z","698d204286a5af9808991620","","[""p-3""]","SL-69e23275473d6042cd8f7cc4-0","","[{""roundIndex"":0,""isGratuit"":false,""createdAt"":""2026-04-17T13:16:47.352Z"",""price"":100,""proposedBy"":""organizer"",""respondedAt"":null,""message"":"""",""expiresAt"":""2026-04-20T13:16:47.352Z"",""status"":""pending""}]","pending_talent","2026-04-17T13:16:47.352Z","69e232c1442571227f6582c3","2026-04-17T13:16:49.836000","2026-04-17T13:16:49.836000","service_eb508f39-ce3d-4391-bb12-d4211c02ede9","false"
"69e231107c8a1c819e13d3a4","","sc-1","","698c747aee05acfdd23ea578","69e2311240a6a2d069f3a394","2026-04-20T13:13:58.411Z","","false","2026-04-17T13:13:58.411Z","698dbbf753d545317578c200","","[""p-3""]","SL-69e2311240a6a2d069f3a394-2","","[{""roundIndex"":0,""isGratuit"":false,""createdAt"":""2026-04-17T13:13:58.411Z"",""price"":60,""proposedBy"":""organizer"",""respondedAt"":null,""message"":"""",""expiresAt"":""2026-04-20T13:13:58.411Z"",""status"":""pending""}]","pending_talent","2026-04-17T13:13:58.411Z","69e232185bf4d31bffd2b1d1","2026-04-17T13:14:00.312000","2026-04-17T13:14:00.312000","service_eb508f39-ce3d-4391-bb12-d4211c02ede9","false"
"69e231107c8a1c819e13d3a4","","sc-1","","698c747aee05acfdd23ea578","69e2311240a6a2d069f3a394","2026-04-20T13:13:48.437Z","","false","2026-04-17T13:13:48.437Z","698dbbf753d545317578c200","","[""p-2""]","SL-69e2311240a6a2d069f3a394-2","","[{""roundIndex"":0,""isGratuit"":false,""createdAt"":""2026-04-17T13:13:48.437Z"",""price"":60,""proposedBy"":""organizer"",""respondedAt"":null,""message"":"""",""expiresAt"":""2026-04-20T13:13:48.437Z"",""status"":""pending""}]","pending_talent","2026-04-17T13:13:48.437Z","69e2320e8cc6644a3b439816","2026-04-17T13:13:50.718000","2026-04-17T13:13:50.718000","service_eb508f39-ce3d-4391-bb12-d4211c02ede9","false"
"69e231107c8a1c819e13d3a4","","sc-1","","698c747aee05acfdd23ea578","69e2311240a6a2d069f3a394","2026-04-20T13:13:19.737Z","","true","2026-04-17T13:13:19.737Z","698d204286a5af9808991620","","[""p-2""]","SL-69e2311240a6a2d069f3a394-1","","[{""roundIndex"":0,""isGratuit"":true,""createdAt"":""2026-04-17T13:13:19.737Z"",""price"":0,""proposedBy"":""organizer"",""respondedAt"":null,""message"":"""",""expiresAt"":""2026-04-20T13:13:19.737Z"",""status"":""pending""}]","pending_talent","2026-04-17T13:13:19.737Z","69e231f27262cfae53c4199c","2026-04-17T13:13:22.770000","2026-04-17T13:13:22.770000","service_eb508f39-ce3d-4391-bb12-d4211c02ede9","false"
"69e231107c8a1c819e13d3a4","","sc-1","","698c747aee05acfdd23ea578","69e2311240a6a2d069f3a394","2026-04-20T13:13:06.365Z","","true","2026-04-17T13:13:06.365Z","698dbbf753d545317578c200","","[""p-1""]","SL-69e2311240a6a2d069f3a394-2","","[{""roundIndex"":0,""isGratuit"":true,""createdAt"":""2026-04-17T13:13:06.365Z"",""price"":0,""proposedBy"":""organizer"",""respondedAt"":null,""message"":"""",""expiresAt"":""2026-04-20T13:13:06.365Z"",""status"":""pending""}]","pending_talent","2026-04-17T13:13:06.365Z","69e231e5b2d9e11e457d1618","2026-04-17T13:13:09.095000","2026-04-17T13:13:09.095000","service_eb508f39-ce3d-4391-bb12-d4211c02ede9","false"
"69e231107c8a1c819e13d3a4","","sc-1776431373285","","698c747aee05acfdd23ea578","69e2311240a6a2d069f3a394","2026-04-20T13:12:43.033Z","","false","2026-04-17T13:12:43.033Z","698d204286a5af9808991620","","[""p-3""]","SL-69e2311240a6a2d069f3a394-1","","[{""roundIndex"":0,""isGratuit"":false,""createdAt"":""2026-04-17T13:12:43.033Z"",""price"":100,""proposedBy"":""organizer"",""respondedAt"":null,""message"":"""",""expiresAt"":""2026-04-20T13:12:43.033Z"",""status"":""pending""}]","pending_talent","2026-04-17T13:12:43.033Z","69e231cd4e132ec26d0c5e60","2026-04-17T13:12:45.998000","2026-04-17T13:12:45.998000","service_eb508f39-ce3d-4391-bb12-d4211c02ede9","false"
"69e182682158155ce15ced4a","","sc-1776386648834","accepted","698c747aee05acfdd23ea578","69e1826945004b14c9bf3551","2026-04-20T00:47:58.249Z","","false","2026-04-17T00:47:58.249Z","698dbbf753d545317578c200","2026-04-17T00:48:45.899Z","[""p-2""]","SL-69e1826945004b14c9bf3551-0","","[{""roundIndex"":0,""isGratuit"":false,""createdAt"":""2026-04-17T00:47:58.249Z"",""price"":1000,""proposedBy"":""organizer"",""respondedAt"":""2026-04-17T00:48:45.899Z"",""message"":"""",""expiresAt"":""2026-04-20T00:47:58.249Z"",""status"":""accepted""}]","accepted","2026-04-17T00:48:45.899Z","69e1834193100ee5dd0d69b5","2026-04-17T00:48:01.448000","2026-04-17T00:48:47.241000","service_eb508f39-ce3d-4391-bb12-d4211c02ede9","false"
"69e182682158155ce15ced4a","","sc-1","accepted","698c747aee05acfdd23ea578","69e1826945004b14c9bf3551","2026-04-20T00:45:24.693Z","","false","2026-04-17T00:45:24.693Z","698d204286a5af9808991620","2026-04-17T00:48:45.186Z","[""p-2""]","SL-69e1826945004b14c9bf3551-0","","[{""roundIndex"":0,""isGratuit"":false,""createdAt"":""2026-04-17T00:45:24.693Z"",""price"":500,""proposedBy"":""organizer"",""respondedAt"":""2026-04-17T00:48:45.186Z"",""message"":"""",""expiresAt"":""2026-04-20T00:45:24.693Z"",""status"":""accepted""}]","accepted","2026-04-17T00:48:45.186Z","69e182a725ddd13dfdcb43c7","2026-04-17T00:45:27.525000","2026-04-17T00:48:46.454000","service_eb508f39-ce3d-4391-bb12-d4211c02ede9","false"
"69e182682158155ce15ced4a","","sc-1","accepted","698c747aee05acfdd23ea578","69e1826945004b14c9bf3551","2026-04-20T00:45:07.508Z","","true","2026-04-17T00:45:07.508Z","698d204286a5af9808991620","2026-04-17T00:48:48.468Z","[""p-1""]","SL-69e1826945004b14c9bf3551-0","","[{""roundIndex"":0,""isGratuit"":true,""createdAt"":""2026-04-17T00:45:07.508Z"",""price"":0,""proposedBy"":""organizer"",""respondedAt"":""2026-04-17T00:48:48.468Z"",""message"":"""",""expiresAt"":""2026-04-20T00:45:07.508Z"",""status"":""accepted""}]","accepted","2026-04-17T00:48:48.468Z","69e182965dd819d2ab8eec33","2026-04-17T00:45:10.762000","2026-04-17T00:48:49.812000","service_eb508f39-ce3d-4391-bb12-d4211c02ede9","false"
"69e141d958e797619fd5f69b","","sc-1","accepted","698d204286a5af9808991620","69e141da3d8b4b3b652ce12d","2026-04-20T00:16:13.746Z","","false","2026-04-17T00:16:13.746Z","69a7d3cc06fc3b4f58109b29","2026-04-17T00:16:50.159Z","[""p-2""]","SL-69e141da3d8b4b3b652ce12d-0","","[{""roundIndex"":0,""isGratuit"":false,""createdAt"":""2026-04-17T00:16:13.746Z"",""price"":200,""proposedBy"":""organizer"",""respondedAt"":""2026-04-17T00:16:50.159Z"",""message"":"""",""expiresAt"":""2026-04-20T00:16:13.746Z"",""status"":""accepted""}]","accepted","2026-04-17T00:16:50.159Z","69e17bd00984b3e63c7cff72","2026-04-17T00:16:16.579000","2026-04-17T00:16:51.396000","service_eb508f39-ce3d-4391-bb12-d4211c02ede9","false"
"69e16c116de5c4509261cc1b","","sc-1","","698c747aee05acfdd23ea578","69e16c135d16de85e7467713","2026-04-19T23:11:56.232Z","","false","2026-04-16T23:11:56.232Z","698d204286a5af9808991620","","[""p-2""]","SL-69e16c135d16de85e7467713-1","","[{""roundIndex"":0,""isGratuit"":false,""createdAt"":""2026-04-16T23:11:56.232Z"",""price"":560,""proposedBy"":""organizer"",""respondedAt"":null,""message"":"""",""expiresAt"":""2026-04-19T23:11:56.232Z"",""status"":""pending""}]","pending_talent","2026-04-16T23:11:56.232Z","69e16cbfec0b6e70103b6629","2026-04-16T23:11:59.224000","2026-04-16T23:11:59.224000","service_eb508f39-ce3d-4391-bb12-d4211c02ede9","false"
"69e16c116de5c4509261cc1b","","sc-1","","698c747aee05acfdd23ea578","69e16c135d16de85e7467713","2026-04-19T23:09:50.058Z","","false","2026-04-16T23:09:50.058Z","698dbbf753d545317578c200","","[""p-1""]","SL-69e16c135d16de85e7467713-0","","[{""roundIndex"":0,""isGratuit"":false,""createdAt"":""2026-04-16T23:09:50.058Z"",""price"":70,""proposedBy"":""organizer"",""respondedAt"":null,""message"":"""",""expiresAt"":""2026-04-19T23:09:50.058Z"",""status"":""pending""}]","pending_talent","2026-04-16T23:09:50.058Z","69e16c40d8ed6fbbe81cf91b","2026-04-16T23:09:52.894000","2026-04-16T23:09:52.894000","service_eb508f39-ce3d-4391-bb12-d4211c02ede9","false"
"69e169278a79490c4201e2a0","","sc-1","accepted","698d204286a5af9808991620","69e16929086b919a3c790a4a","2026-04-19T23:00:54.019Z","","false","2026-04-16T23:00:54.018Z","698c747aee05acfdd23ea578","2026-04-17T13:25:12.175Z","[""p-1""]","SL-69e16929086b919a3c790a4a-0","","[{""roundIndex"":0,""isGratuit"":false,""createdAt"":""2026-04-16T23:00:54.018Z"",""price"":50,""proposedBy"":""organizer"",""respondedAt"":""2026-04-17T13:25:12.175Z"",""message"":"""",""expiresAt"":""2026-04-19T23:00:54.019Z"",""status"":""accepted""}]","accepted","2026-04-17T13:25:12.175Z","69e16a282b04158e454539b6","2026-04-16T23:00:56.838000","2026-04-17T13:25:13.298000","service_eb508f39-ce3d-4391-bb12-d4211c02ede9","false"
"69e169278a79490c4201e2a0","","sc-1","accepted","698d204286a5af9808991620","69e16929086b919a3c790a4a","2026-04-19T22:59:24.727Z","","false","2026-04-16T22:59:24.727Z","69b48a2b7d5c0db589c6bb1c","2026-04-16T22:59:54.034Z","[""p-3""]","SL-69e16929086b919a3c790a4a-1","","[{""roundIndex"":0,""isGratuit"":false,""createdAt"":""2026-04-16T22:59:24.727Z"",""price"":200,""proposedBy"":""organizer"",""respondedAt"":""2026-04-16T22:59:54.034Z"",""message"":"""",""expiresAt"":""2026-04-19T22:59:24.727Z"",""status"":""accepted""}]","accepted","2026-04-16T22:59:54.034Z","69e169cfe1bbb414061b66e0","2026-04-16T22:59:27.173000","2026-04-16T22:59:55.094000","service_eb508f39-ce3d-4391-bb12-d4211c02ede9","false"
"69e169278a79490c4201e2a0","","sc-1776380174351","","698d204286a5af9808991620","69e16929086b919a3c790a4a","2026-04-19T22:59:02.156Z","","false","2026-04-16T22:58:37.583Z","698dbbf753d545317578c200","","[""p-2""]","SL-69e16929086b919a3c790a4a-2","","[{""roundIndex"":0,""isGratuit"":false,""createdAt"":""2026-04-16T22:58:37.583Z"",""price"":150,""proposedBy"":""organizer"",""respondedAt"":""2026-04-16T22:59:01.929Z"",""message"":"""",""expiresAt"":""2026-04-19T22:58:37.583Z"",""status"":""countered""},{""roundIndex"":1,""isGratuit"":false,""createdAt"":""2026-04-16T22:59:01.929Z"",""price"":200,""proposedBy"":""talent"",""respondedAt"":null,""message"":"""",""expiresAt"":""2026-04-19T22:59:02.156Z"",""status"":""pending""}]","pending_organizer","2026-04-16T22:59:01.929Z","69e169a057794345627334d6","2026-04-16T22:58:40.196000","2026-04-16T22:59:02.267000","service_eb508f39-ce3d-4391-bb12-d4211c02ede9","false"
"69e169278a79490c4201e2a0","","sc-1776380174351","accepted","698d204286a5af9808991620","69e16929086b919a3c790a4a","2026-04-19T22:58:24.142Z","","false","2026-04-16T22:58:24.142Z","698dbbf753d545317578c200","2026-04-16T22:59:07.061Z","[""p-1""]","SL-69e16929086b919a3c790a4a-2","","[{""roundIndex"":0,""isGratuit"":false,""createdAt"":""2026-04-16T22:58:24.142Z"",""price"":100,""proposedBy"":""organizer"",""respondedAt"":""2026-04-16T22:59:07.061Z"",""message"":"""",""expiresAt"":""2026-04-19T22:58:24.142Z"",""status"":""accepted""}]","accepted","2026-04-16T22:59:07.061Z","69e169939764d9ba40f83ee4","2026-04-16T22:58:27.057000","2026-04-16T22:59:08.363000","service_eb508f39-ce3d-4391-bb12-d4211c02ede9","false"
"69e16397aef418d4fb9eae71","","sc-1","rejected","698d204286a5af9808991620","69e163988123e3bf0b1b4c7e","2026-04-19T22:51:00.868Z","","false","2026-04-16T22:51:00.868Z","69b48a2b7d5c0db589c6bb1c","2026-04-16T22:52:27.192Z","[""p-4""]","SL-69e163988123e3bf0b1b4c7e-0","","[{""roundIndex"":0,""isGratuit"":false,""createdAt"":""2026-04-16T22:51:00.868Z"",""price"":5,""proposedBy"":""organizer"",""respondedAt"":""2026-04-16T22:52:27.192Z"",""message"":"""",""expiresAt"":""2026-04-19T22:51:00.868Z"",""status"":""rejected""}]","rejected","2026-04-16T22:52:27.192Z","69e167d703c0a62c4c977a92","2026-04-16T22:51:03.796000","2026-04-16T22:52:27.582000","service_eb508f39-ce3d-4391-bb12-d4211c02ede9","false"
"69e16397aef418d4fb9eae71","","sc-1","","698d204286a5af9808991620","69e163988123e3bf0b1b4c7e","2026-04-19T22:34:29.603Z","","false","2026-04-16T22:34:29.603Z","698dbbf753d545317578c200","","[""p-3""]","SL-69e163988123e3bf0b1b4c7e-0","","[{""roundIndex"":0,""isGratuit"":false,""createdAt"":""2026-04-16T22:34:29.603Z"",""price"":70,""proposedBy"":""organizer"",""respondedAt"":null,""message"":"""",""expiresAt"":""2026-04-19T22:34:29.603Z"",""status"":""pending""}]","pending_talent","2026-04-16T22:34:29.603Z","69e163f8a5ebd9dcad41cb47","2026-04-16T22:34:32.304000","2026-04-16T22:34:32.304000","service_eb508f39-ce3d-4391-bb12-d4211c02ede9","false"
"69e16397aef418d4fb9eae71","","sc-1776378768116","","698d204286a5af9808991620","69e163988123e3bf0b1b4c7e","2026-04-19T22:34:10.412Z","","false","2026-04-16T22:34:10.412Z","698dbbf753d545317578c200","","[""p-2""]","SL-69e163988123e3bf0b1b4c7e-0","","[{""roundIndex"":0,""isGratuit"":false,""createdAt"":""2026-04-16T22:34:10.412Z"",""price"":20,""proposedBy"":""organizer"",""respondedAt"":null,""message"":"""",""expiresAt"":""2026-04-19T22:34:10.412Z"",""status"":""pending""}]","pending_talent","2026-04-16T22:34:10.412Z","69e163e54e73bb93745ad437","2026-04-16T22:34:13.192000","2026-04-16T22:34:13.192000","service_eb508f39-ce3d-4391-bb12-d4211c02ede9","false"
"69e16397aef418d4fb9eae71","","sc-1776378768116","accepted","698d204286a5af9808991620","69e163988123e3bf0b1b4c7e","2026-04-19T22:33:55.234Z","","false","2026-04-16T22:33:55.233Z","698c747aee05acfdd23ea578","2026-04-17T13:25:19.254Z","[""p-1""]","SL-69e163988123e3bf0b1b4c7e-0","","[{""roundIndex"":0,""isGratuit"":false,""createdAt"":""2026-04-16T22:33:55.233Z"",""price"":10,""proposedBy"":""organizer"",""respondedAt"":""2026-04-17T13:25:19.254Z"",""message"":"""",""expiresAt"":""2026-04-19T22:33:55.234Z"",""status"":""accepted""}]","accepted","2026-04-17T13:25:19.254Z","69e163d5623e80cfba84b4f3","2026-04-16T22:33:57.717000","2026-04-17T13:25:20.440000","service_eb508f39-ce3d-4391-bb12-d4211c02ede9","false"
"69e15e5ee45e1d7cc92f8722","","sc-1776377435513","accepted","698dbbf753d545317578c200","69e15e5f9ab5d2419316a69c","2026-04-19T22:16:30.306Z","","false","2026-04-16T22:16:30.306Z","698d204286a5af9808991620","2026-04-16T23:07:46.314Z","[""p-2""]","SL-69e15e5f9ab5d2419316a69c-0","","[{""roundIndex"":0,""isGratuit"":false,""createdAt"":""2026-04-16T22:16:30.306Z"",""price"":500,""proposedBy"":""organizer"",""respondedAt"":""2026-04-16T23:07:46.314Z"",""message"":"""",""expiresAt"":""2026-04-19T22:16:30.306Z"",""status"":""accepted""}]","accepted","2026-04-16T23:07:46.314Z","69e15fc1495e92a0a33cea7d","2026-04-16T22:16:33.097000","2026-04-16T23:07:47.645000","service_eb508f39-ce3d-4391-bb12-d4211c02ede9","false"
"69e15e5ee45e1d7cc92f8722","","sc-1776377435513","rejected","698dbbf753d545317578c200","69e15e5f9ab5d2419316a69c","2026-04-19T22:14:24.373Z","","false","2026-04-16T22:14:24.373Z","698c747aee05acfdd23ea578","2026-04-17T13:25:17.296Z","[""p-3""]","SL-69e15e5f9ab5d2419316a69c-0","","[{""roundIndex"":0,""isGratuit"":false,""createdAt"":""2026-04-16T22:14:24.373Z"",""price"":60,""proposedBy"":""organizer"",""respondedAt"":""2026-04-17T13:25:17.296Z"",""message"":"""",""expiresAt"":""2026-04-19T22:14:24.373Z"",""status"":""rejected""}]","rejected","2026-04-17T13:25:17.296Z","69e15f43eaae6f0a06bfd83c","2026-04-16T22:14:27.190000","2026-04-17T13:25:17.611000","service_eb508f39-ce3d-4391-bb12-d4211c02ede9","false"
"69e15e5ee45e1d7cc92f8722","","sc-1776377435513","accepted","698dbbf753d545317578c200","69e15e5f9ab5d2419316a69c","2026-04-19T22:12:09.247Z","","false","2026-04-16T22:12:09.246Z","698c747aee05acfdd23ea578","2026-04-16T22:12:34.568Z","[""p-1""]","SL-69e15e5f9ab5d2419316a69c-0","","[{""roundIndex"":0,""isGratuit"":false,""createdAt"":""2026-04-16T22:12:09.246Z"",""price"":100,""proposedBy"":""organizer"",""respondedAt"":""2026-04-16T22:12:34.568Z"",""message"":"""",""expiresAt"":""2026-04-19T22:12:09.247Z"",""status"":""accepted""}]","accepted","2026-04-16T22:12:34.568Z","69e15ebb7a7a69538841d519","2026-04-16T22:12:11.988000","2026-04-16T22:12:35.940000","service_eb508f39-ce3d-4391-bb12-d4211c02ede9","false"
"69e15e5ee45e1d7cc92f8722","","sc-1776377435513","accepted","698dbbf753d545317578c200","69e15e5f9ab5d2419316a69c","2026-04-19T22:11:46.697Z","","false","2026-04-16T22:11:46.697Z","698c747aee05acfdd23ea578","2026-04-16T22:12:56.155Z","[""p-2""]","SL-69e15e5f9ab5d2419316a69c-0","","[{""roundIndex"":0,""isGratuit"":false,""createdAt"":""2026-04-16T22:11:46.697Z"",""price"":200,""proposedBy"":""organizer"",""respondedAt"":""2026-04-16T22:12:56.155Z"",""message"":"""",""expiresAt"":""2026-04-19T22:11:46.697Z"",""status"":""accepted""}]","accepted","2026-04-16T22:12:56.155Z","69e15ea51cccc9ac8e147418","2026-04-16T22:11:49.448000","2026-04-16T22:12:57.529000","service_eb508f39-ce3d-4391-bb12-d4211c02ede9","false"
"69e15e5ee45e1d7cc92f8722","","sc-1","","698dbbf753d545317578c200","69e15e5f9ab5d2419316a69c","2026-04-19T22:12:46.422Z","","false","2026-04-16T22:11:26.149Z","698d204286a5af9808991620","","[""p-3""]","SL-69e15e5f9ab5d2419316a69c-0","","[{""roundIndex"":0,""isGratuit"":false,""createdAt"":""2026-04-16T22:11:26.149Z"",""price"":200,""proposedBy"":""organizer"",""respondedAt"":""2026-04-16T22:12:46.231Z"",""message"":"""",""expiresAt"":""2026-04-19T22:11:26.149Z"",""status"":""countered""},{""roundIndex"":1,""isGratuit"":false,""createdAt"":""2026-04-16T22:12:46.231Z"",""price"":250,""proposedBy"":""talent"",""respondedAt"":null,""message"":"""",""expiresAt"":""2026-04-19T22:12:46.422Z"",""status"":""pending""}]","pending_organizer","2026-04-16T22:12:46.231Z","69e15e9165f1d0726703faa1","2026-04-16T22:11:29.163000","2026-04-16T22:12:46.545000","service_eb508f39-ce3d-4391-bb12-d4211c02ede9","false"
"69e1523cb9a12ac5fc842f5e","","sc-1","accepted","698d204286a5af9808991620","69e1523d55284d7d4b936cce","2026-04-19T21:20:52.338Z","","false","2026-04-16T21:20:52.338Z","698c747aee05acfdd23ea578","2026-04-16T22:13:13.105Z","[""p-1""]","SL-69e1523d55284d7d4b936cce-0","","[{""roundIndex"":0,""isGratuit"":false,""createdAt"":""2026-04-16T21:20:52.338Z"",""price"":30,""proposedBy"":""organizer"",""respondedAt"":""2026-04-16T22:13:13.105Z"",""message"":"""",""expiresAt"":""2026-04-19T21:20:52.338Z"",""status"":""accepted""}]","accepted","2026-04-16T22:13:13.105Z","69e152b774f1f0f317e867ce","2026-04-16T21:20:55.068000","2026-04-16T22:13:14.500000","service_eb508f39-ce3d-4391-bb12-d4211c02ede9","false"
"69e1523cb9a12ac5fc842f5e","","sc-1","","698d204286a5af9808991620","69e1523d55284d7d4b936cce","2026-04-19T21:20:16.763Z","","false","2026-04-16T21:19:53.350Z","698c747aee05acfdd23ea578","","[""p-2""]","SL-69e1523d55284d7d4b936cce-0","","[{""roundIndex"":0,""isGratuit"":false,""createdAt"":""2026-04-16T21:19:53.350Z"",""price"":50,""proposedBy"":""organizer"",""respondedAt"":""2026-04-16T21:20:16.506Z"",""message"":"""",""expiresAt"":""2026-04-19T21:19:53.350Z"",""status"":""countered""},{""roundIndex"":1,""isGratuit"":false,""createdAt"":""2026-04-16T21:20:16.506Z"",""price"":70,""proposedBy"":""talent"",""respondedAt"":null,""message"":"""",""expiresAt"":""2026-04-19T21:20:16.763Z"",""status"":""pending""}]","pending_organizer","2026-04-16T21:20:16.506Z","69e1527b84e04617e96984eb","2026-04-16T21:19:55.906000","2026-04-16T21:20:16.938000","service_eb508f39-ce3d-4391-bb12-d4211c02ede9","false"
"69e1523cb9a12ac5fc842f5e","","sc-1","accepted","698d204286a5af9808991620","69e1523d55284d7d4b936cce","2026-04-19T21:19:40.763Z","","false","2026-04-16T21:19:40.763Z","698dbbf753d545317578c200","2026-04-16T21:20:10.288Z","[""p-1""]","SL-69e1523d55284d7d4b936cce-0","","[{""roundIndex"":0,""isGratuit"":false,""createdAt"":""2026-04-16T21:19:40.763Z"",""price"":100,""proposedBy"":""organizer"",""respondedAt"":""2026-04-16T21:20:10.288Z"",""message"":"""",""expiresAt"":""2026-04-19T21:19:40.763Z"",""status"":""accepted""}]","accepted","2026-04-16T21:20:10.288Z","69e1526fe60ef3534b232d99","2026-04-16T21:19:43.624000","2026-04-16T21:20:11.518000","service_eb508f39-ce3d-4391-bb12-d4211c02ede9","false"
"69e141d958e797619fd5f69b","","sc-1","rejected","698d204286a5af9808991620","69e141da3d8b4b3b652ce12d","2026-04-19T20:11:03.938Z","","false","2026-04-16T20:11:03.938Z","698c747aee05acfdd23ea578","2026-04-16T22:13:04.108Z","[""p-1""]","SL-69e141da3d8b4b3b652ce12d-0","","[{""roundIndex"":0,""isGratuit"":false,""createdAt"":""2026-04-16T20:11:03.938Z"",""price"":100,""proposedBy"":""organizer"",""respondedAt"":""2026-04-16T22:13:04.108Z"",""message"":"""",""expiresAt"":""2026-04-19T20:11:03.938Z"",""status"":""rejected""}]","rejected","2026-04-16T22:13:04.108Z","69e1425a852337135fc864bf","2026-04-16T20:11:06.691000","2026-04-16T22:13:04.609000","service_eb508f39-ce3d-4391-bb12-d4211c02ede9","false"
"69e141d958e797619fd5f69b","","sc-1","rejected","698d204286a5af9808991620","69e141da3d8b4b3b652ce12d","2026-04-19T20:10:35.699Z","","false","2026-04-16T20:10:35.699Z","698c747aee05acfdd23ea578","2026-04-16T22:13:09.611Z","[""p-1""]","SL-69e141da3d8b4b3b652ce12d-0","","[{""roundIndex"":0,""isGratuit"":false,""createdAt"":""2026-04-16T20:10:35.699Z"",""price"":200,""proposedBy"":""organizer"",""respondedAt"":""2026-04-16T22:13:09.611Z"",""message"":"""",""expiresAt"":""2026-04-19T20:10:35.699Z"",""status"":""rejected""}]","rejected","2026-04-16T22:13:09.611Z","69e1423ed2416cb6ff6fd317","2026-04-16T20:10:38.506000","2026-04-16T22:13:10.052000","service_eb508f39-ce3d-4391-bb12-d4211c02ede9","false"
"69e141d958e797619fd5f69b","","sc-1","accepted","698d204286a5af9808991620","69e141da3d8b4b3b652ce12d","2026-04-19T20:10:08.385Z","","false","2026-04-16T20:10:08.385Z","698dbbf753d545317578c200","2026-04-19T11:56:57.938Z","[""p-2""]","SL-69e141da3d8b4b3b652ce12d-0","","[{""roundIndex"":0,""isGratuit"":false,""createdAt"":""2026-04-16T20:10:08.385Z"",""price"":200,""proposedBy"":""organizer"",""respondedAt"":""2026-04-19T11:56:57.938Z"",""message"":"""",""expiresAt"":""2026-04-19T20:10:08.385Z"",""status"":""accepted""}]","accepted","2026-04-19T11:56:57.938Z","69e1422345d6583f3b7a4ed5","2026-04-16T20:10:11.160000","2026-04-19T11:56:59.016000","service_eb508f39-ce3d-4391-bb12-d4211c02ede9","false"
"69e024456f0d9d81c1993506","","sc-1","accepted","69b48a2b7d5c0db589c6bb1c","69e024464cb99833e722a61c","2026-04-18T23:51:37.779Z","","false","2026-04-15T23:51:37.779Z","69cd302266f2193a99122757","2026-04-15T23:52:46.985Z","[""p-1""]","SL-69e024464cb99833e722a61c-0","","[{""roundIndex"":0,""isGratuit"":false,""createdAt"":""2026-04-15T23:51:37.779Z"",""price"":100,""proposedBy"":""organizer"",""respondedAt"":""2026-04-15T23:52:46.985Z"",""message"":"""",""expiresAt"":""2026-04-18T23:51:37.779Z"",""status"":""accepted""}]","accepted","2026-04-15T23:52:46.985Z","69e0248d4c0bc88b5296240c","2026-04-15T23:51:41.355000","2026-04-15T23:52:48.088000","service_eb508f39-ce3d-4391-bb12-d4211c02ede9","false"
"69e022a2c1894041117bd971","","sc-1","","69b48a2b7d5c0db589c6bb1c","69e022a33c4d308a6838cbdb","2026-04-18T23:46:58.549Z","","false","2026-04-15T23:46:58.548Z","69cd302266f2193a99122757","","[""p-2""]","SL-69e022a33c4d308a6838cbdb-0","","[{""roundIndex"":0,""isGratuit"":false,""createdAt"":""2026-04-15T23:46:58.548Z"",""price"":100,""proposedBy"":""organizer"",""respondedAt"":null,""message"":"""",""expiresAt"":""2026-04-18T23:46:58.549Z"",""status"":""pending""}]","pending_talent","2026-04-15T23:46:58.548Z","69e023751ad402149f987ad8","2026-04-15T23:47:01.231000","2026-04-15T23:47:01.231000","service_eb508f39-ce3d-4391-bb12-d4211c02ede9","false"
"69e022a2c1894041117bd971","","sc-1","accepted","69b48a2b7d5c0db589c6bb1c","69e022a33c4d308a6838cbdb","2026-04-18T23:45:12.081Z","","false","2026-04-15T23:45:12.081Z","698d204286a5af9808991620","2026-04-16T22:12:50.638Z","[""p-2""]","SL-69e022a33c4d308a6838cbdb-0","","[{""roundIndex"":0,""isGratuit"":false,""createdAt"":""2026-04-15T23:45:12.081Z"",""price"":200,""proposedBy"":""organizer"",""respondedAt"":""2026-04-16T22:12:50.638Z"",""message"":"""",""expiresAt"":""2026-04-18T23:45:12.081Z"",""status"":""accepted""}]","accepted","2026-04-16T22:12:50.638Z","69e0230a7764cdc4148f904d","2026-04-15T23:45:14.586000","2026-04-16T22:12:51.883000","service_eb508f39-ce3d-4391-bb12-d4211c02ede9","false"
"69e022a2c1894041117bd971","","sc-1","accepted","69b48a2b7d5c0db589c6bb1c","69e022a33c4d308a6838cbdb","2026-04-18T23:44:53.335Z","","false","2026-04-15T23:44:53.334Z","698c747aee05acfdd23ea578","2026-04-15T23:49:33.612Z","[""p-2""]","SL-69e022a33c4d308a6838cbdb-0","","[{""roundIndex"":0,""isGratuit"":false,""createdAt"":""2026-04-15T23:44:53.334Z"",""price"":110,""proposedBy"":""organizer"",""respondedAt"":""2026-04-15T23:49:33.612Z"",""message"":"""",""expiresAt"":""2026-04-18T23:44:53.335Z"",""status"":""accepted""}]","accepted","2026-04-15T23:49:33.612Z","69e022f8012e80c7efc3e0f9","2026-04-15T23:44:56.107000","2026-04-15T23:49:34.696000","service_eb508f39-ce3d-4391-bb12-d4211c02ede9","false"
"69e022a2c1894041117bd971","","sc-1","rejected","69b48a2b7d5c0db589c6bb1c","69e022a33c4d308a6838cbdb","2026-04-18T23:44:36.624Z","","false","2026-04-15T23:44:36.624Z","698d204286a5af9808991620","2026-04-16T22:13:01.109Z","[""p-1""]","SL-69e022a33c4d308a6838cbdb-0","","[{""roundIndex"":0,""isGratuit"":false,""createdAt"":""2026-04-15T23:44:36.624Z"",""price"":200,""proposedBy"":""organizer"",""respondedAt"":""2026-04-16T22:13:01.109Z"",""message"":"""",""expiresAt"":""2026-04-18T23:44:36.624Z"",""status"":""rejected""}]","rejected","2026-04-16T22:13:01.109Z","69e022e7e6c1bd017640655f","2026-04-15T23:44:39.613000","2026-04-16T22:13:01.534000","service_eb508f39-ce3d-4391-bb12-d4211c02ede9","false"
"69e0207e364efd643b9a9763","","sc-1","rejected","698d204286a5af9808991620","69e0207f9719c7dbfa3c58e6","2026-04-18T23:37:15.232Z","","false","2026-04-15T23:37:15.232Z","69b48a2b7d5c0db589c6bb1c","2026-04-16T22:35:09.590Z","[""p-2""]","SL-69e0207f9719c7dbfa3c58e6-0","","[{""roundIndex"":0,""isGratuit"":false,""createdAt"":""2026-04-15T23:37:15.232Z"",""price"":300,""proposedBy"":""organizer"",""respondedAt"":""2026-04-16T22:35:09.590Z"",""message"":"""",""expiresAt"":""2026-04-18T23:37:15.232Z"",""status"":""rejected""}]","rejected","2026-04-16T22:35:09.590Z","69e0212df9846bcd158ee9a3","2026-04-15T23:37:17.633000","2026-04-16T22:35:09.983000","service_eb508f39-ce3d-4391-bb12-d4211c02ede9","false"
"69e0207e364efd643b9a9763","","sc-1","accepted","698d204286a5af9808991620","69e0207f9719c7dbfa3c58e6","2026-04-18T23:36:39.067Z","","false","2026-04-15T23:36:39.067Z","69cd302266f2193a99122757","2026-04-15T23:40:54.082Z","[""p-1""]","SL-69e0207f9719c7dbfa3c58e6-0","","[{""roundIndex"":0,""isGratuit"":false,""createdAt"":""2026-04-15T23:36:39.067Z"",""price"":50,""proposedBy"":""organizer"",""respondedAt"":""2026-04-15T23:40:54.082Z"",""message"":"""",""expiresAt"":""2026-04-18T23:36:39.067Z"",""status"":""accepted""}]","accepted","2026-04-15T23:40:54.082Z","69e02109d69be4acda73e718","2026-04-15T23:36:41.709000","2026-04-15T23:40:55.115000","service_eb508f39-ce3d-4391-bb12-d4211c02ede9","false"
"69e0207e364efd643b9a9763","","sc-1","","698d204286a5af9808991620","69e0207f9719c7dbfa3c58e6","2026-04-20T17:07:35.938Z","","false","2026-04-15T23:35:19.635Z","698dd1b2193c860027a3457a","","[""p-1""]","SL-69e0207f9719c7dbfa3c58e6-0","","[{""roundIndex"":0,""isGratuit"":false,""createdAt"":""2026-04-15T23:35:19.635Z"",""price"":200,""proposedBy"":""organizer"",""respondedAt"":""2026-04-17T17:07:35.508Z"",""message"":"""",""expiresAt"":""2026-04-18T23:35:19.635Z"",""status"":""countered""},{""roundIndex"":1,""isGratuit"":false,""createdAt"":""2026-04-17T17:07:35.508Z"",""price"":270,""proposedBy"":""talent"",""respondedAt"":null,""message"":"""",""expiresAt"":""2026-04-20T17:07:35.938Z"",""status"":""pending""}]","pending_organizer","2026-04-17T17:07:35.508Z","69e020ba68a0b5420b8534a3","2026-04-15T23:35:22.232000","2026-04-17T17:07:36.238000","service_eb508f39-ce3d-4391-bb12-d4211c02ede9","false"
"69e0194a3b7d47dbf10c36da","","sc-1776294217481","accepted","69cd302266f2193a99122757","69e0194ce3c3df3d38ef0fd9","2026-04-18T23:06:59.762Z","","false","2026-04-15T23:06:59.762Z","698c747aee05acfdd23ea578","2026-04-15T23:49:38.537Z","[""p-2""]","SL-69e0194ce3c3df3d38ef0fd9-0","","[{""roundIndex"":0,""isGratuit"":false,""createdAt"":""2026-04-15T23:06:59.762Z"",""price"":200,""proposedBy"":""organizer"",""respondedAt"":""2026-04-15T23:49:38.537Z"",""message"":"""",""expiresAt"":""2026-04-18T23:06:59.762Z"",""status"":""accepted""}]","accepted","2026-04-15T23:49:38.537Z","69e01a166715c639e505ac57","2026-04-15T23:07:02.585000","2026-04-15T23:49:39.591000","service_eb508f39-ce3d-4391-bb12-d4211c02ede9","false"
"69e0194a3b7d47dbf10c36da","","sc-1","","69cd302266f2193a99122757","69e0194ce3c3df3d38ef0fd9","2026-04-18T23:05:23.819Z","","false","2026-04-15T23:04:50.349Z","698d204286a5af9808991620","","[""p-2""]","SL-69e0194ce3c3df3d38ef0fd9-0","","[{""roundIndex"":0,""isGratuit"":false,""createdAt"":""2026-04-15T23:04:50.349Z"",""price"":200,""proposedBy"":""organizer"",""respondedAt"":""2026-04-15T23:05:23.541Z"",""message"":"""",""expiresAt"":""2026-04-18T23:04:50.349Z"",""status"":""countered""},{""roundIndex"":1,""isGratuit"":false,""createdAt"":""2026-04-15T23:05:23.541Z"",""price"":220,""proposedBy"":""talent"",""respondedAt"":null,""message"":"""",""expiresAt"":""2026-04-18T23:05:23.819Z"",""status"":""pending""}]","pending_organizer","2026-04-15T23:05:23.541Z","69e019959719c7dbfa3c3ff9","2026-04-15T23:04:53.638000","2026-04-15T23:05:23.914000","service_eb508f39-ce3d-4391-bb12-d4211c02ede9","false"
"69e0194a3b7d47dbf10c36da","","sc-1776294217481","accepted","69cd302266f2193a99122757","69e0194ce3c3df3d38ef0fd9","2026-04-18T23:04:21.440Z","","false","2026-04-15T23:04:21.440Z","698c747aee05acfdd23ea578","2026-04-15T23:05:27.610Z","[""p-1""]","SL-69e0194ce3c3df3d38ef0fd9-0","","[{""roundIndex"":0,""isGratuit"":false,""createdAt"":""2026-04-15T23:04:21.440Z"",""price"":100,""proposedBy"":""organizer"",""respondedAt"":""2026-04-15T23:05:27.610Z"",""message"":"""",""expiresAt"":""2026-04-18T23:04:21.440Z"",""status"":""accepted""}]","accepted","2026-04-15T23:05:27.610Z","69e01978c8beb92e3110685a","2026-04-15T23:04:24.720000","2026-04-15T23:05:28.789000","service_eb508f39-ce3d-4391-bb12-d4211c02ede9","false"
"69e008d169b748dfae68891f","","sc-1","rejected","698dd1b2193c860027a3457a","69e008d31afbb3a2236a333a","2026-04-18T21:56:58.296Z","","false","2026-04-15T21:56:58.296Z","69b48a2b7d5c0db589c6bb1c","2026-04-15T22:01:47.700Z","[""p-3""]","SL-69e008d31afbb3a2236a333a-0","","[{""roundIndex"":0,""isGratuit"":false,""createdAt"":""2026-04-15T21:56:58.296Z"",""price"":150,""proposedBy"":""organizer"",""respondedAt"":""2026-04-15T22:01:47.700Z"",""message"":"""",""expiresAt"":""2026-04-18T21:56:58.296Z"",""status"":""rejected""}]","rejected","2026-04-15T22:01:47.700Z","69e009ae23dcebdfe71df6dd","2026-04-15T21:57:02.536000","2026-04-15T22:01:48.176000","service_eb508f39-ce3d-4391-bb12-d4211c02ede9","false"
"69e008d169b748dfae68891f","","sc-1","","698dd1b2193c860027a3457a","69e008d31afbb3a2236a333a","2026-04-18T22:01:33.160Z","","false","2026-04-15T21:55:30.922Z","69cd302266f2193a99122757","","[""p-1""]","SL-69e008d31afbb3a2236a333a-0","","[{""roundIndex"":0,""isGratuit"":false,""createdAt"":""2026-04-15T21:55:30.922Z"",""price"":100,""proposedBy"":""organizer"",""respondedAt"":""2026-04-15T22:01:32.834Z"",""message"":"""",""expiresAt"":""2026-04-18T21:55:30.922Z"",""status"":""countered""},{""roundIndex"":1,""isGratuit"":false,""createdAt"":""2026-04-15T22:01:32.834Z"",""price"":150,""proposedBy"":""talent"",""respondedAt"":null,""message"":"""",""expiresAt"":""2026-04-18T22:01:33.160Z"",""status"":""pending""}]","pending_organizer","2026-04-15T22:01:32.834Z","69e00956b13ead5025c06160","2026-04-15T21:55:34.542000","2026-04-15T22:01:33.323000","service_eb508f39-ce3d-4391-bb12-d4211c02ede9","false"
"69e007a156347c60700bcb0d","","sc-1","","698dd1b2193c860027a3457a","69e007a3395a353103f75d5f","2026-04-18T21:52:05.546Z","","false","2026-04-15T21:49:12.217Z","69cd302266f2193a99122757","","[""p-1""]","SL-69e007a3395a353103f75d5f-0","","[{""roundIndex"":0,""isGratuit"":false,""createdAt"":""2026-04-15T21:49:12.217Z"",""price"":100,""proposedBy"":""organizer"",""respondedAt"":null,""message"":"""",""expiresAt"":""2026-04-18T21:49:12.217Z"",""status"":""pending""},{""roundIndex"":1,""isGratuit"":false,""createdAt"":""2026-04-15T21:52:05.546Z"",""price"":100,""proposedBy"":""organizer"",""respondedAt"":null,""message"":"""",""expiresAt"":""2026-04-18T21:52:05.546Z"",""status"":""pending""}]","pending_talent","2026-04-15T21:52:05.546Z","69e007db1d080e8c91dc9d10","2026-04-15T21:49:15.992000","2026-04-15T21:52:05.834000","service_eb508f39-ce3d-4391-bb12-d4211c02ede9","false"
"69e005910a63c3ccdfc6a237","","sc-1776289167279","accepted","698c747aee05acfdd23ea578","69e005928ee62d9de196edc2","2026-04-18T21:44:44.217Z","","false","2026-04-15T21:43:39.417Z","69cd302266f2193a99122757","2026-04-15T21:45:11.755Z","[""p-1""]","SL-69e005928ee62d9de196edc2-0","","[{""roundIndex"":0,""isGratuit"":false,""createdAt"":""2026-04-15T21:43:39.417Z"",""price"":120,""proposedBy"":""organizer"",""respondedAt"":null,""message"":"""",""expiresAt"":""2026-04-18T21:43:39.418Z"",""status"":""pending""},{""roundIndex"":1,""isGratuit"":false,""createdAt"":""2026-04-15T21:44:44.217Z"",""price"":100,""proposedBy"":""organizer"",""respondedAt"":""2026-04-15T21:45:11.755Z"",""message"":"""",""expiresAt"":""2026-04-18T21:44:44.217Z"",""status"":""accepted""}]","accepted","2026-04-15T21:45:11.755Z","69e0068d67844efb656d1a0a","2026-04-15T21:43:41.016000","2026-04-15T21:45:12.965000","service_eb508f39-ce3d-4391-bb12-d4211c02ede9","false"
"69e005910a63c3ccdfc6a237","","sc-1","accepted","698c747aee05acfdd23ea578","69e005928ee62d9de196edc2","2026-04-18T21:43:25.192Z","","false","2026-04-15T21:43:25.192Z","69cd302266f2193a99122757","2026-04-15T21:45:18.598Z","[""p-2""]","SL-69e005928ee62d9de196edc2-0","","[{""roundIndex"":0,""isGratuit"":false,""createdAt"":""2026-04-15T21:43:25.192Z"",""price"":300,""proposedBy"":""organizer"",""respondedAt"":""2026-04-15T21:45:18.598Z"",""message"":"""",""expiresAt"":""2026-04-18T21:43:25.192Z"",""status"":""accepted""}]","accepted","2026-04-15T21:45:18.598Z","69e0068034ac68fc1ffc6bb3","2026-04-15T21:43:28.326000","2026-04-15T21:45:19.826000","service_eb508f39-ce3d-4391-bb12-d4211c02ede9","false"
"69e005910a63c3ccdfc6a237","","sc-1776289167279","rejected","698c747aee05acfdd23ea578","69e005928ee62d9de196edc2","2026-04-18T21:43:03.560Z","","false","2026-04-15T21:43:03.560Z","698dd1b2193c860027a3457a","2026-04-15T21:45:46.950Z","[""p-2""]","SL-69e005928ee62d9de196edc2-1","","[{""roundIndex"":0,""isGratuit"":false,""createdAt"":""2026-04-15T21:43:03.560Z"",""price"":200,""proposedBy"":""organizer"",""respondedAt"":""2026-04-15T21:45:46.950Z"",""message"":"""",""expiresAt"":""2026-04-18T21:43:03.560Z"",""status"":""rejected""}]","rejected","2026-04-15T21:45:46.950Z","69e0066aaf14276b6c960671","2026-04-15T21:43:06.489000","2026-04-15T21:45:47.383000","service_eb508f39-ce3d-4391-bb12-d4211c02ede9","false"
"69e005910a63c3ccdfc6a237","","sc-1","accepted","698c747aee05acfdd23ea578","69e005928ee62d9de196edc2","2026-04-18T21:42:26.737Z","","false","2026-04-15T21:42:26.737Z","69cd302266f2193a99122757","2026-04-15T21:45:23.575Z","[""p-1""]","SL-69e005928ee62d9de196edc2-0","","[{""roundIndex"":0,""isGratuit"":false,""createdAt"":""2026-04-15T21:42:26.737Z"",""price"":100,""proposedBy"":""organizer"",""respondedAt"":""2026-04-15T21:45:23.575Z"",""message"":"""",""expiresAt"":""2026-04-18T21:42:26.737Z"",""status"":""accepted""}]","accepted","2026-04-15T21:45:23.575Z","69e006459e0739de4ab36ca0","2026-04-15T21:42:29.890000","2026-04-15T21:45:24.736000","service_eb508f39-ce3d-4391-bb12-d4211c02ede9","false"
"69dfb25a01334d4456c714c0","","sc-1","accepted","698c747aee05acfdd23ea578","69dfb25be52c33b24773f0f4","2026-04-18T15:56:01.491Z","","false","2026-04-15T15:56:01.490Z","698dbd987dbcc355eec0ff7c","2026-04-15T15:56:35.018Z","[""p-2""]","SL-69dfb25be52c33b24773f0f4-0","","[{""roundIndex"":0,""isGratuit"":false,""createdAt"":""2026-04-15T15:56:01.490Z"",""price"":200,""proposedBy"":""organizer"",""respondedAt"":""2026-04-15T15:56:35.018Z"",""message"":"""",""expiresAt"":""2026-04-18T15:56:01.491Z"",""status"":""accepted""}]","accepted","2026-04-15T15:56:35.018Z","69dfb517adeccfc2b0c73df6","2026-04-15T15:56:07.691000","2026-04-15T15:56:36.672000","service_eb508f39-ce3d-4391-bb12-d4211c02ede9","false"
"69dfb25a01334d4456c714c0","","sc-1","accepted","698c747aee05acfdd23ea578","69dfb25be52c33b24773f0f4","2026-04-18T15:48:28.349Z","","false","2026-04-15T15:48:28.349Z","698d204286a5af9808991620","2026-04-15T15:48:47.848Z","[""p-1""]","SL-69dfb25be52c33b24773f0f4-0","","[{""roundIndex"":0,""isGratuit"":false,""createdAt"":""2026-04-15T15:48:28.349Z"",""price"":200,""proposedBy"":""organizer"",""respondedAt"":""2026-04-15T15:48:47.848Z"",""message"":"""",""expiresAt"":""2026-04-18T15:48:28.349Z"",""status"":""accepted""}]","accepted","2026-04-15T15:48:47.848Z","69dfb34f8fd865c2282a9821","2026-04-15T15:48:31.928000","2026-04-15T15:48:49.046000","service_eb508f39-ce3d-4391-bb12-d4211c02ede9","false"
"69dfb25a01334d4456c714c0","","sc-1","accepted","698c747aee05acfdd23ea578","69dfb25be52c33b24773f0f4","2026-04-18T15:46:57.856Z","","false","2026-04-15T15:46:57.856Z","698dbbf753d545317578c200","2026-04-15T15:49:08.022Z","[""p-3""]","SL-69dfb25be52c33b24773f0f4-0","","[{""roundIndex"":0,""isGratuit"":false,""createdAt"":""2026-04-15T15:46:57.856Z"",""price"":100,""proposedBy"":""organizer"",""respondedAt"":""2026-04-15T15:49:08.022Z"",""message"":"""",""expiresAt"":""2026-04-18T15:46:57.856Z"",""status"":""accepted""}]","accepted","2026-04-15T15:49:08.022Z","69dfb2f5a35c741a7d8af26b","2026-04-15T15:47:01.749000","2026-04-15T15:49:09.283000","service_eb508f39-ce3d-4391-bb12-d4211c02ede9","false"
"69d69ff0c91beb18effd66f8","","sc-1","accepted","69d6986bf4e0b9a5127f24c0","69d69ff2a3277d8c4559261f","2026-04-18T15:41:42.495Z","","false","2026-04-15T15:41:42.494Z","698c747aee05acfdd23ea578","2026-04-15T15:59:41.796Z","[""p-2""]","SL-69d69ff2a3277d8c4559261f-0","","[{""roundIndex"":0,""isGratuit"":false,""createdAt"":""2026-04-15T15:41:42.494Z"",""price"":100,""proposedBy"":""organizer"",""respondedAt"":""2026-04-15T15:59:41.796Z"",""message"":"""",""expiresAt"":""2026-04-18T15:41:42.495Z"",""status"":""accepted""}]","accepted","2026-04-15T15:59:41.796Z","69dfb1b9f18649ea36fddc80","2026-04-15T15:41:45.959000","2026-04-15T15:59:43.233000","service_eb508f39-ce3d-4391-bb12-d4211c02ede9","false"
"69d69ff0c91beb18effd66f8","","sc-1","accepted","69d6986bf4e0b9a5127f24c0","69d69ff2a3277d8c4559261f","2026-04-18T15:32:15.938Z","","true","2026-04-15T15:32:15.938Z","698dbbf753d545317578c200","2026-04-15T15:32:25.881Z","[""p-3""]","SL-69d69ff2a3277d8c4559261f-0","","[{""roundIndex"":0,""isGratuit"":true,""createdAt"":""2026-04-15T15:32:15.938Z"",""price"":0,""proposedBy"":""organizer"",""respondedAt"":""2026-04-15T15:32:25.881Z"",""message"":"""",""expiresAt"":""2026-04-18T15:32:15.938Z"",""status"":""accepted""}]","accepted","2026-04-15T15:32:25.881Z","69dfaf84aa68169977041679","2026-04-15T15:32:20.433000","2026-04-15T15:32:26.960000","service_eb508f39-ce3d-4391-bb12-d4211c02ede9","false"
"69d69ff0c91beb18effd66f8","","sc-1775673252695","","69d6986bf4e0b9a5127f24c0","69d69ff2a3277d8c4559261f","2026-04-18T15:31:41.476Z","","true","2026-04-15T15:31:41.476Z","6992452c5bcc41af3a3296fa","","[""p-3""]","SL-69d69ff2a3277d8c4559261f-1","","[{""roundIndex"":0,""isGratuit"":true,""createdAt"":""2026-04-15T15:31:41.476Z"",""price"":0,""proposedBy"":""organizer"",""respondedAt"":null,""message"":"""",""expiresAt"":""2026-04-18T15:31:41.476Z"",""status"":""pending""}]","pending_talent","2026-04-15T15:31:41.476Z","69dfaf6118ab3ed04e229ac7","2026-04-15T15:31:45.012000","2026-04-15T15:31:45.012000","service_eb508f39-ce3d-4391-bb12-d4211c02ede9","false"
"69dfad29612740b77d251efd","","sc-1","accepted","698d204286a5af9808991620","69dfad2bb9538825cc5cc2f1","2026-04-18T15:22:51.356Z","","false","2026-04-15T15:22:51.355Z","698c747aee05acfdd23ea578","2026-04-15T15:23:01.832Z","[""p-1""]","SL-69dfad2bb9538825cc5cc2f1-0","","[{""roundIndex"":0,""isGratuit"":false,""createdAt"":""2026-04-15T15:22:51.355Z"",""price"":100,""proposedBy"":""organizer"",""respondedAt"":""2026-04-15T15:23:01.832Z"",""message"":"""",""expiresAt"":""2026-04-18T15:22:51.356Z"",""status"":""accepted""}]","accepted","2026-04-15T15:23:01.832Z","69dfad4ed17db4cce4d73a56","2026-04-15T15:22:54.335000","2026-04-15T15:23:02.946000","service_eb508f39-ce3d-4391-bb12-d4211c02ede9","false"
"69dfab11ae8d6e41c6751190","","sc-1776265997057","accepted","698d204286a5af9808991620","69dfab137b286434941bf863","2026-04-18T15:16:09.136Z","","false","2026-04-15T15:15:24.039Z","698c747aee05acfdd23ea578","2026-04-15T15:16:22.435Z","[""p-2""]","SL-69dfab137b286434941bf863-0","","[{""roundIndex"":0,""isGratuit"":false,""createdAt"":""2026-04-15T15:15:24.039Z"",""price"":100,""proposedBy"":""organizer"",""respondedAt"":""2026-04-15T15:15:48.100Z"",""message"":"""",""expiresAt"":""2026-04-18T15:15:24.039Z"",""status"":""countered""},{""roundIndex"":1,""isGratuit"":false,""createdAt"":""2026-04-15T15:15:48.100Z"",""price"":120,""proposedBy"":""talent"",""respondedAt"":null,""message"":"""",""expiresAt"":""2026-04-18T15:15:48.272Z"",""status"":""pending""},{""roundIndex"":2,""isGratuit"":false,""createdAt"":""2026-04-15T15:16:09.136Z"",""price"":100,""proposedBy"":""organizer"",""respondedAt"":""2026-04-15T15:16:22.435Z"",""message"":"""",""expiresAt"":""2026-04-18T15:16:09.136Z"",""status"":""accepted""}]","accepted","2026-04-15T15:16:22.435Z","69dfab8da62338dd1598427d","2026-04-15T15:15:25.136000","2026-04-15T15:16:23.554000","service_eb508f39-ce3d-4391-bb12-d4211c02ede9","false"
"69dfab11ae8d6e41c6751190","","sc-1","accepted","698d204286a5af9808991620","69dfab137b286434941bf863","2026-04-18T15:15:00.746Z","","false","2026-04-15T15:15:00.746Z","69cd302266f2193a99122757","2026-04-15T21:45:28.380Z","[""p-2""]","SL-69dfab137b286434941bf863-0","","[{""roundIndex"":0,""isGratuit"":false,""createdAt"":""2026-04-15T15:15:00.746Z"",""price"":100,""proposedBy"":""organizer"",""respondedAt"":""2026-04-15T21:45:28.380Z"",""message"":"""",""expiresAt"":""2026-04-18T15:15:00.746Z"",""status"":""accepted""}]","accepted","2026-04-15T21:45:28.380Z","69dfab7dbee54692fbb9392e","2026-04-15T15:15:09.955000","2026-04-15T21:45:29.400000","service_eb508f39-ce3d-4391-bb12-d4211c02ede9","false"
"69dfab11ae8d6e41c6751190","","sc-1776265997057","accepted","698d204286a5af9808991620","69dfab137b286434941bf863","2026-04-18T15:14:26.191Z","","false","2026-04-15T15:14:26.191Z","698c747aee05acfdd23ea578","2026-04-15T15:15:38.940Z","[""p-1""]","SL-69dfab137b286434941bf863-0","","[{""roundIndex"":0,""isGratuit"":false,""createdAt"":""2026-04-15T15:14:26.191Z"",""price"":50,""proposedBy"":""organizer"",""respondedAt"":""2026-04-15T15:15:38.940Z"",""message"":"""",""expiresAt"":""2026-04-18T15:14:26.191Z"",""status"":""accepted""}]","accepted","2026-04-15T15:15:38.940Z","69dfab5582883ba63fcd372b","2026-04-15T15:14:29.917000","2026-04-15T15:15:40.226000","service_eb508f39-ce3d-4391-bb12-d4211c02ede9","false"
"69d8e47a29fd00ffd0fffe17","","sc-1","rejected","698c747aee05acfdd23ea578","69d8e47cba22c40affe079c1","2026-04-18T12:06:15.523Z","","false","2026-04-15T12:04:25.435Z","69b48a2b7d5c0db589c6bb1c","2026-04-15T15:59:05.666Z","[""p-2""]","SL-69d8e47cba22c40affe079c1-0","","[{""roundIndex"":0,""isGratuit"":false,""createdAt"":""2026-04-15T12:04:25.435Z"",""price"":300,""proposedBy"":""organizer"",""respondedAt"":null,""message"":"""",""expiresAt"":""2026-04-18T12:04:25.435Z"",""status"":""pending""},{""roundIndex"":1,""isGratuit"":false,""createdAt"":""2026-04-15T12:06:15.523Z"",""price"":260,""proposedBy"":""organizer"",""respondedAt"":""2026-04-15T15:59:05.666Z"",""message"":"""",""expiresAt"":""2026-04-18T12:06:15.523Z"",""status"":""rejected""}]","rejected","2026-04-15T15:59:05.666Z","69df7eccbe725f081c0de8ea","2026-04-15T12:04:28.092000","2026-04-15T15:59:05.973000","service_eb508f39-ce3d-4391-bb12-d4211c02ede9","false"
"69d8eb4e6922f5f585e48baf","","sc-1","accepted","698c747aee05acfdd23ea578","69d8eb50bc5482aaebbd1b9a","2026-04-18T11:57:56.029Z","","false","2026-04-15T11:57:56.029Z","69b48a2b7d5c0db589c6bb1c","2026-04-15T12:00:51.866Z","[""p-2""]","SL-69d8eb50bc5482aaebbd1b9a-0","","[{""roundIndex"":0,""isGratuit"":false,""createdAt"":""2026-04-15T11:57:56.029Z"",""price"":168,""proposedBy"":""organizer"",""respondedAt"":""2026-04-15T12:00:51.866Z"",""message"":"""",""expiresAt"":""2026-04-18T11:57:56.029Z"",""status"":""accepted""}]","accepted","2026-04-15T12:00:51.866Z","69df7d46036a1986163d19c9","2026-04-15T11:57:58.967000","2026-04-15T12:00:52.337000","service_eb508f39-ce3d-4391-bb12-d4211c02ede9","false"
"69d932177a48bf7560309c3e","","sc-1","accepted","698c747aee05acfdd23ea578","69d93219048cae3022ea6206","2026-04-18T11:53:46.404Z","","false","2026-04-15T11:53:46.403Z","698d204286a5af9808991620","2026-04-15T11:58:16.350Z","[""p-1""]","SL-69d93219048cae3022ea6206-0","","[{""roundIndex"":0,""isGratuit"":false,""createdAt"":""2026-04-15T11:53:46.403Z"",""price"":360,""proposedBy"":""organizer"",""respondedAt"":""2026-04-15T11:58:16.350Z"",""message"":"""",""expiresAt"":""2026-04-18T11:53:46.404Z"",""status"":""accepted""}]","accepted","2026-04-15T11:58:16.350Z","69df7c4d16862665835a3a12","2026-04-15T11:53:49.017000","2026-04-15T11:58:16.890000","service_eb508f39-ce3d-4391-bb12-d4211c02ede9","false"
"69d932177a48bf7560309c3e","","sc-1","accepted","698c747aee05acfdd23ea578","69d93219048cae3022ea6206","2026-04-18T11:53:33.022Z","","false","2026-04-15T11:53:33.022Z","69b48a2b7d5c0db589c6bb1c","2026-04-15T12:00:56.109Z","[""p-1""]","SL-69d93219048cae3022ea6206-1","","[{""roundIndex"":0,""isGratuit"":false,""createdAt"":""2026-04-15T11:53:33.022Z"",""price"":144,""proposedBy"":""organizer"",""respondedAt"":""2026-04-15T12:00:56.109Z"",""message"":"""",""expiresAt"":""2026-04-18T11:53:33.022Z"",""status"":""accepted""}]","accepted","2026-04-15T12:00:56.109Z","69df7c3f5b6b2460ac24dca6","2026-04-15T11:53:35.582000","2026-04-15T12:00:56.602000","service_eb508f39-ce3d-4391-bb12-d4211c02ede9","false"
"69de45ad1508614e6455d4a0","","sc-1","accepted","698dd1b2193c860027a3457a","69de45afe5c509a3c34bc381","2026-04-17T13:49:42.706Z","","false","2026-04-14T13:49:42.706Z","69cd302266f2193a99122757","2026-04-14T13:50:19.878Z","[""p-2""]","SL-69de45afe5c509a3c34bc381-0","","[{""roundIndex"":0,""isGratuit"":false,""createdAt"":""2026-04-14T13:49:42.706Z"",""price"":200,""proposedBy"":""organizer"",""respondedAt"":""2026-04-14T13:50:19.878Z"",""message"":"""",""expiresAt"":""2026-04-17T13:49:42.706Z"",""status"":""accepted""}]","accepted","2026-04-14T13:50:19.878Z","69de45fa82f4903812dc7a4b","2026-04-14T13:49:46.285000","2026-04-14T13:50:20.432000","service_eb508f39-ce3d-4391-bb12-d4211c02ede9","false"
"69de45ad1508614e6455d4a0","","sc-1776174496787","","698dd1b2193c860027a3457a","69de45afe5c509a3c34bc381","2026-04-17T13:50:44.100Z","","false","2026-04-14T13:49:12.719Z","69cd302266f2193a99122757","","[""p-1""]","SL-69de45afe5c509a3c34bc381-0","","[{""roundIndex"":0,""isGratuit"":false,""createdAt"":""2026-04-14T13:49:12.719Z"",""price"":100,""proposedBy"":""organizer"",""respondedAt"":""2026-04-14T13:50:43.938Z"",""message"":"""",""expiresAt"":""2026-04-17T13:49:12.719Z"",""status"":""countered""},{""roundIndex"":1,""isGratuit"":false,""createdAt"":""2026-04-14T13:50:43.938Z"",""price"":250,""proposedBy"":""talent"",""respondedAt"":null,""message"":"""",""expiresAt"":""2026-04-17T13:50:44.100Z"",""status"":""pending""}]","pending_organizer","2026-04-14T13:50:43.938Z","69de45db1d156159264c64d7","2026-04-14T13:49:15.902000","2026-04-14T13:50:44.218000","service_eb508f39-ce3d-4391-bb12-d4211c02ede9","false"
"69de2db5d7c95c36d8361f7d","","sc-1","accepted","698dbd987dbcc355eec0ff7c","69de2db7e99e622762a73d11","2026-04-17T12:10:01.430Z","","false","2026-04-14T12:09:32.674Z","69cd302266f2193a99122757","2026-04-14T12:10:20.427Z","[""p-2""]","SL-69de2db7e99e622762a73d11-0","","[{""roundIndex"":0,""isGratuit"":false,""createdAt"":""2026-04-14T12:09:32.674Z"",""price"":448,""proposedBy"":""organizer"",""respondedAt"":null,""message"":"""",""expiresAt"":""2026-04-17T12:09:32.674Z"",""status"":""pending""},{""roundIndex"":1,""isGratuit"":false,""createdAt"":""2026-04-14T12:10:01.430Z"",""price"":448,""proposedBy"":""organizer"",""respondedAt"":""2026-04-14T12:10:20.427Z"",""message"":"""",""expiresAt"":""2026-04-17T12:10:01.430Z"",""status"":""accepted""}]","accepted","2026-04-14T12:10:20.427Z","69de2e7ebce3a2abdc6ed94b","2026-04-14T12:09:34.220000","2026-04-14T12:10:21.022000","service_eb508f39-ce3d-4391-bb12-d4211c02ede9","false"
"69de2db5d7c95c36d8361f7d","","sc-1","rejected","698dbd987dbcc355eec0ff7c","69de2db7e99e622762a73d11","2026-04-17T12:08:12.779Z","","false","2026-04-14T12:08:12.779Z","698d204286a5af9808991620","2026-04-15T11:58:21.368Z","[""p-1""]","SL-69de2db7e99e622762a73d11-0","","[{""roundIndex"":0,""isGratuit"":false,""createdAt"":""2026-04-14T12:08:12.779Z"",""price"":200,""proposedBy"":""organizer"",""respondedAt"":""2026-04-15T11:58:21.368Z"",""message"":"""",""expiresAt"":""2026-04-17T12:08:12.779Z"",""status"":""rejected""}]","rejected","2026-04-15T11:58:21.368Z","69de2e2fe948d431ebb0bfe2","2026-04-14T12:08:15.263000","2026-04-15T11:58:21.730000","service_eb508f39-ce3d-4391-bb12-d4211c02ede9","false"
"69de2db5d7c95c36d8361f7d","","sc-1776168371809","rejected","698dbd987dbcc355eec0ff7c","69de2db7e99e622762a73d11","2026-04-17T12:07:54.295Z","","false","2026-04-14T12:07:54.295Z","698d204286a5af9808991620","2026-04-15T11:58:24.900Z","[""p-2""]","SL-69de2db7e99e622762a73d11-0","","[{""roundIndex"":0,""isGratuit"":false,""createdAt"":""2026-04-14T12:07:54.295Z"",""price"":600,""proposedBy"":""organizer"",""respondedAt"":""2026-04-15T11:58:24.900Z"",""message"":"""",""expiresAt"":""2026-04-17T12:07:54.295Z"",""status"":""rejected""}]","rejected","2026-04-15T11:58:24.900Z","69de2e1c8264b2a7c3aedc1b","2026-04-14T12:07:56.872000","2026-04-15T11:58:25.218000","service_eb508f39-ce3d-4391-bb12-d4211c02ede9","false"
"69de2ba8d376f0e18d386d30","","sc-1776167840455","accepted","698dbd987dbcc355eec0ff7c","69de2baad23a4ec63e3c313f","2026-04-17T11:59:20.182Z","","true","2026-04-14T11:59:20.182Z","69cd302266f2193a99122757","2026-04-14T11:59:53.575Z","[""p-2""]","SL-69de2baad23a4ec63e3c313f-0","","[{""roundIndex"":0,""isGratuit"":true,""createdAt"":""2026-04-14T11:59:20.182Z"",""price"":0,""proposedBy"":""organizer"",""respondedAt"":""2026-04-14T11:59:53.575Z"",""message"":"""",""expiresAt"":""2026-04-17T11:59:20.182Z"",""status"":""accepted""}]","accepted","2026-04-14T11:59:53.575Z","69de2c196fe2ca9e5abb99cf","2026-04-14T11:59:21.235000","2026-04-14T11:59:54.070000","service_eb508f39-ce3d-4391-bb12-d4211c02ede9","false"
"69de2ba8d376f0e18d386d30","","sc-1","accepted","698dbd987dbcc355eec0ff7c","69de2baad23a4ec63e3c313f","2026-04-17T11:58:38.856Z","","false","2026-04-14T11:58:38.856Z","69cd302266f2193a99122757","2026-04-14T11:59:58.862Z","[""p-2""]","SL-69de2baad23a4ec63e3c313f-0","","[{""roundIndex"":0,""isGratuit"":false,""createdAt"":""2026-04-14T11:58:38.856Z"",""price"":200,""proposedBy"":""organizer"",""respondedAt"":""2026-04-14T11:59:58.862Z"",""message"":"""",""expiresAt"":""2026-04-17T11:58:38.856Z"",""status"":""accepted""}]","accepted","2026-04-14T11:59:58.862Z","69de2bf1502b06020f05ac08","2026-04-14T11:58:41.218000","2026-04-14T11:59:59.423000","service_eb508f39-ce3d-4391-bb12-d4211c02ede9","false"
"69de2ba8d376f0e18d386d30","","sc-1776167840455","accepted","698dbd987dbcc355eec0ff7c","69de2baad23a4ec63e3c313f","2026-04-17T11:58:07.083Z","","false","2026-04-14T11:58:07.083Z","69cd302266f2193a99122757","2026-04-14T12:00:02.406Z","[""p-1""]","SL-69de2baad23a4ec63e3c313f-0","","[{""roundIndex"":0,""isGratuit"":false,""createdAt"":""2026-04-14T11:58:07.083Z"",""price"":100,""proposedBy"":""organizer"",""respondedAt"":""2026-04-14T12:00:02.406Z"",""message"":"""",""expiresAt"":""2026-04-17T11:58:07.083Z"",""status"":""accepted""}]","accepted","2026-04-14T12:00:02.406Z","69de2bd13fc95b255956bd9e","2026-04-14T11:58:09.717000","2026-04-14T12:00:03.196000","service_eb508f39-ce3d-4391-bb12-d4211c02ede9","false"
"69de283fadade41b0eb99f7c","","sc-1","accepted","698dbd987dbcc355eec0ff7c","69de2840022bfcb859ffc261","2026-04-17T11:49:28.160Z","","false","2026-04-14T11:48:05.635Z","698c747aee05acfdd23ea578","2026-04-14T11:49:47.276Z","[""p-3""]","SL-69de2840022bfcb859ffc261-0","","[{""roundIndex"":0,""isGratuit"":false,""createdAt"":""2026-04-14T11:48:05.635Z"",""price"":200,""proposedBy"":""organizer"",""respondedAt"":null,""message"":"""",""expiresAt"":""2026-04-17T11:48:05.635Z"",""status"":""pending""},{""roundIndex"":1,""isGratuit"":false,""createdAt"":""2026-04-14T11:48:27.066Z"",""price"":50,""proposedBy"":""organizer"",""respondedAt"":null,""message"":"""",""expiresAt"":""2026-04-17T11:48:27.066Z"",""status"":""pending""},{""roundIndex"":2,""isGratuit"":false,""createdAt"":""2026-04-14T11:49:28.160Z"",""price"":200,""proposedBy"":""organizer"",""respondedAt"":""2026-04-14T11:49:47.276Z"",""message"":"""",""expiresAt"":""2026-04-17T11:49:28.160Z"",""status"":""accepted""}]","accepted","2026-04-14T11:49:47.276Z","69de2978cefa806c8c39f6ee","2026-04-14T11:48:08.291000","2026-04-14T11:49:47.706000","service_eb508f39-ce3d-4391-bb12-d4211c02ede9","false"
"69de283fadade41b0eb99f7c","","sc-1","accepted","698dbd987dbcc355eec0ff7c","69de2840022bfcb859ffc261","2026-04-17T11:48:54.356Z","","false","2026-04-14T11:47:48.045Z","698c747aee05acfdd23ea578","2026-04-14T12:03:29.192Z","[""p-1""]","SL-69de2840022bfcb859ffc261-0","","[{""roundIndex"":0,""isGratuit"":false,""createdAt"":""2026-04-14T11:47:48.045Z"",""price"":150,""proposedBy"":""organizer"",""respondedAt"":null,""message"":"""",""expiresAt"":""2026-04-17T11:47:48.045Z"",""status"":""pending""},{""roundIndex"":1,""isGratuit"":false,""createdAt"":""2026-04-14T11:48:54.356Z"",""price"":200,""proposedBy"":""organizer"",""respondedAt"":""2026-04-14T12:03:29.192Z"",""message"":"""",""expiresAt"":""2026-04-17T11:48:54.356Z"",""status"":""accepted""}]","accepted","2026-04-14T12:03:29.192Z","69de29666a1bba924e2079a9","2026-04-14T11:47:50.940000","2026-04-14T12:03:29.715000","service_eb508f39-ce3d-4391-bb12-d4211c02ede9","false"
"69de283fadade41b0eb99f7c","","sc-1","accepted","698dbd987dbcc355eec0ff7c","69de2840022bfcb859ffc261","2026-04-17T11:43:32.137Z","","false","2026-04-14T11:43:32.137Z","698dd1b2193c860027a3457a","2026-04-14T11:59:39.531Z","[""p-2""]","SL-69de2840022bfcb859ffc261-0","","[{""roundIndex"":0,""isGratuit"":false,""createdAt"":""2026-04-14T11:43:32.137Z"",""price"":100,""proposedBy"":""organizer"",""respondedAt"":""2026-04-14T11:59:39.531Z"",""message"":"""",""expiresAt"":""2026-04-17T11:43:32.137Z"",""status"":""accepted""}]","accepted","2026-04-14T11:59:39.531Z","69de28666abf3dad8c4341b9","2026-04-14T11:43:34.975000","2026-04-14T11:59:40.100000","service_eb508f39-ce3d-4391-bb12-d4211c02ede9","false"
"69d932177a48bf7560309c3e","","sc-1","rejected","698c747aee05acfdd23ea578","69d93219048cae3022ea6206","2026-04-13T17:27:35.887Z","","false","2026-04-10T17:27:35.887Z","698d204286a5af9808991620","2026-04-15T11:58:27.844Z","[""p-2""]","SL-69d93219048cae3022ea6206-0","","[{""roundIndex"":0,""isGratuit"":false,""createdAt"":""2026-04-10T17:27:35.887Z"",""price"":415,""proposedBy"":""organizer"",""respondedAt"":""2026-04-15T11:58:27.844Z"",""message"":"""",""expiresAt"":""2026-04-13T17:27:35.887Z"",""status"":""rejected""}]","rejected","2026-04-15T11:58:27.844Z","69d9330a3ba5514c8ca77e2d","2026-04-10T17:27:38.840000","2026-04-15T11:58:28.185000","service_eb508f39-ce3d-4391-bb12-d4211c02ede9","false"
"69d932177a48bf7560309c3e","","sc-1","accepted","698c747aee05acfdd23ea578","69d93219048cae3022ea6206","2026-04-13T17:24:51.197Z","","false","2026-04-10T17:24:51.197Z","698d204286a5af9808991620","2026-04-10T17:25:42.372Z","[""p-2""]","SL-69d93219048cae3022ea6206-0","","[{""roundIndex"":0,""isGratuit"":false,""createdAt"":""2026-04-10T17:24:51.197Z"",""price"":400,""proposedBy"":""organizer"",""respondedAt"":""2026-04-10T17:25:42.372Z"",""message"":"""",""expiresAt"":""2026-04-13T17:24:51.197Z"",""status"":""accepted""}]","accepted","2026-04-10T17:25:42.372Z","69d93266974f94567199ee18","2026-04-10T17:24:54.312000","2026-04-10T17:25:42.987000","service_eb508f39-ce3d-4391-bb12-d4211c02ede9","false"
"69d932177a48bf7560309c3e","","sc-1","accepted","698c747aee05acfdd23ea578","69d93219048cae3022ea6206","2026-04-13T17:24:27.385Z","","false","2026-04-10T17:24:27.385Z","69b48a2b7d5c0db589c6bb1c","2026-04-10T17:25:34.964Z","[""p-1""]","SL-69d93219048cae3022ea6206-1","","[{""roundIndex"":0,""isGratuit"":false,""createdAt"":""2026-04-10T17:24:27.385Z"",""price"":100,""proposedBy"":""organizer"",""respondedAt"":""2026-04-10T17:25:34.964Z"",""message"":"""",""expiresAt"":""2026-04-13T17:24:27.385Z"",""status"":""accepted""}]","accepted","2026-04-10T17:25:34.964Z","69d9324edf7bc3881a542994","2026-04-10T17:24:30.315000","2026-04-10T17:25:35.498000","service_eb508f39-ce3d-4391-bb12-d4211c02ede9","false"
"69d8f25414d2940afb3a4c94","","sc-1775825487189","accepted","698c747aee05acfdd23ea578","69d8f256e1693c0be1bf72e4","2026-04-13T17:20:25.814Z","","false","2026-04-10T17:20:25.813Z","698dd1b2193c860027a3457a","2026-04-14T11:41:09.491Z","[""p-4""]","SL-69d8f256e1693c0be1bf72e4-0","","[{""roundIndex"":0,""isGratuit"":false,""createdAt"":""2026-04-10T17:20:25.813Z"",""price"":180,""proposedBy"":""organizer"",""respondedAt"":""2026-04-14T11:41:09.491Z"",""message"":"""",""expiresAt"":""2026-04-13T17:20:25.814Z"",""status"":""accepted""}]","accepted","2026-04-14T11:41:09.491Z","69d9315d636f73c7291b56ec","2026-04-10T17:20:29.480000","2026-04-14T11:41:10.191000","service_eb508f39-ce3d-4391-bb12-d4211c02ede9","false"
"69d8f25414d2940afb3a4c94","","sc-1775825487189","rejected","698c747aee05acfdd23ea578","69d8f256e1693c0be1bf72e4","2026-04-13T12:56:22.333Z","","false","2026-04-10T12:56:22.333Z","698d204286a5af9808991620","2026-04-15T11:58:30.726Z","[""p-2""]","SL-69d8f256e1693c0be1bf72e4-0","","[{""roundIndex"":0,""isGratuit"":false,""createdAt"":""2026-04-10T12:56:22.333Z"",""price"":60,""proposedBy"":""organizer"",""respondedAt"":""2026-04-15T11:58:30.726Z"",""message"":"""",""expiresAt"":""2026-04-13T12:56:22.333Z"",""status"":""rejected""}]","rejected","2026-04-15T11:58:30.726Z","69d8f379b40cfbec759962fc","2026-04-10T12:56:25.383000","2026-04-15T11:58:31.057000","service_eb508f39-ce3d-4391-bb12-d4211c02ede9","false"
"69d8f25414d2940afb3a4c94","","sc-1775825487189","rejected","698c747aee05acfdd23ea578","69d8f256e1693c0be1bf72e4","2026-04-13T12:54:33.222Z","","false","2026-04-10T12:54:33.222Z","698d204286a5af9808991620","2026-04-15T11:58:33.802Z","[""p-3""]","SL-69d8f256e1693c0be1bf72e4-0","","[{""roundIndex"":0,""isGratuit"":false,""createdAt"":""2026-04-10T12:54:33.222Z"",""price"":100,""proposedBy"":""organizer"",""respondedAt"":""2026-04-15T11:58:33.802Z"",""message"":"""",""expiresAt"":""2026-04-13T12:54:33.222Z"",""status"":""rejected""}]","rejected","2026-04-15T11:58:33.802Z","69d8f30cba22c40affe08f40","2026-04-10T12:54:36.039000","2026-04-15T11:58:34.122000","service_eb508f39-ce3d-4391-bb12-d4211c02ede9","false"
"69d8f25414d2940afb3a4c94","","sc-1775825487189","rejected","698c747aee05acfdd23ea578","69d8f256e1693c0be1bf72e4","2026-04-13T12:54:19.504Z","","false","2026-04-10T12:54:19.504Z","698d204286a5af9808991620","2026-04-15T12:00:16.517Z","[""p-1""]","SL-69d8f256e1693c0be1bf72e4-0","","[{""roundIndex"":0,""isGratuit"":false,""createdAt"":""2026-04-10T12:54:19.504Z"",""price"":50,""proposedBy"":""organizer"",""respondedAt"":""2026-04-15T12:00:16.517Z"",""message"":"""",""expiresAt"":""2026-04-13T12:54:19.504Z"",""status"":""rejected""}]","rejected","2026-04-15T12:00:16.517Z","69d8f2fe7685d4617a33874b","2026-04-10T12:54:22.373000","2026-04-15T12:00:16.855000","service_eb508f39-ce3d-4391-bb12-d4211c02ede9","false"
"69d8f25414d2940afb3a4c94","","sc-1775825487189","accepted","698c747aee05acfdd23ea578","69d8f256e1693c0be1bf72e4","2026-04-13T12:54:05.441Z","","false","2026-04-10T12:53:24.255Z","698dd1b2193c860027a3457a","2026-04-14T11:41:21.926Z","[""p-1""]","SL-69d8f256e1693c0be1bf72e4-0","","[{""roundIndex"":0,""isGratuit"":false,""createdAt"":""2026-04-10T12:53:24.255Z"",""price"":100,""proposedBy"":""organizer"",""respondedAt"":null,""message"":"""",""expiresAt"":""2026-04-13T12:53:24.255Z"",""status"":""pending""},{""roundIndex"":1,""isGratuit"":false,""createdAt"":""2026-04-10T12:53:51.888Z"",""price"":100,""proposedBy"":""organizer"",""respondedAt"":null,""message"":"""",""expiresAt"":""2026-04-13T12:53:51.888Z"",""status"":""pending""},{""roundIndex"":2,""isGratuit"":false,""createdAt"":""2026-04-10T12:54:05.440Z"",""price"":100,""proposedBy"":""organizer"",""respondedAt"":""2026-04-14T11:41:21.926Z"",""message"":"""",""expiresAt"":""2026-04-13T12:54:05.441Z"",""status"":""accepted""}]","accepted","2026-04-14T11:41:21.926Z","69d8f2c7bfb01d9b6de9048f","2026-04-10T12:53:27.357000","2026-04-14T11:41:22.394000","service_eb508f39-ce3d-4391-bb12-d4211c02ede9","false"
"69d8f25414d2940afb3a4c94","","sc-1","accepted","698c747aee05acfdd23ea578","69d8f256e1693c0be1bf72e4","2026-04-13T12:53:05.206Z","","false","2026-04-10T12:53:05.206Z","698dd1b2193c860027a3457a","2026-04-14T11:41:15.353Z","[""p-4""]","SL-69d8f256e1693c0be1bf72e4-0","","[{""roundIndex"":0,""isGratuit"":false,""createdAt"":""2026-04-10T12:53:05.206Z"",""price"":60,""proposedBy"":""organizer"",""respondedAt"":""2026-04-14T11:41:15.353Z"",""message"":"""",""expiresAt"":""2026-04-13T12:53:05.206Z"",""status"":""accepted""}]","accepted","2026-04-14T11:41:15.353Z","69d8f2b42f070012b826c12e","2026-04-10T12:53:08.036000","2026-04-14T11:41:15.877000","service_eb508f39-ce3d-4391-bb12-d4211c02ede9","false"
"69d8f25414d2940afb3a4c94","","sc-1","accepted","698c747aee05acfdd23ea578","69d8f256e1693c0be1bf72e4","2026-04-13T12:52:39.474Z","","false","2026-04-10T12:52:39.473Z","698dd1b2193c860027a3457a","2026-04-14T11:41:19.106Z","[""p-3""]","SL-69d8f256e1693c0be1bf72e4-0","","[{""roundIndex"":0,""isGratuit"":false,""createdAt"":""2026-04-10T12:52:39.473Z"",""price"":200,""proposedBy"":""organizer"",""respondedAt"":""2026-04-14T11:41:19.106Z"",""message"":"""",""expiresAt"":""2026-04-13T12:52:39.474Z"",""status"":""accepted""}]","accepted","2026-04-14T11:41:19.106Z","69d8f29b468e41938c7f8bde","2026-04-10T12:52:43.768000","2026-04-14T11:41:19.693000","service_eb508f39-ce3d-4391-bb12-d4211c02ede9","false"
"69d8f25414d2940afb3a4c94","","sc-1","rejected","698c747aee05acfdd23ea578","69d8f256e1693c0be1bf72e4","2026-04-13T12:52:23.164Z","","false","2026-04-10T12:52:23.163Z","698d204286a5af9808991620","2026-04-15T12:00:15.513Z","[""p-2""]","SL-69d8f256e1693c0be1bf72e4-0","","[{""roundIndex"":0,""isGratuit"":false,""createdAt"":""2026-04-10T12:52:23.163Z"",""price"":100,""proposedBy"":""organizer"",""respondedAt"":""2026-04-15T12:00:15.513Z"",""message"":"""",""expiresAt"":""2026-04-13T12:52:23.164Z"",""status"":""rejected""}]","rejected","2026-04-15T12:00:15.513Z","69d8f28a25afddfb759ef1b9","2026-04-10T12:52:26.052000","2026-04-15T12:00:15.822000","service_eb508f39-ce3d-4391-bb12-d4211c02ede9","false"
"69d8eb4e6922f5f585e48baf","","sc-1","rejected","698c747aee05acfdd23ea578","69d8eb50bc5482aaebbd1b9a","2026-04-13T12:39:57.788Z","","false","2026-04-10T12:39:57.788Z","698d204286a5af9808991620","2026-04-15T12:00:14.250Z","[""p-1""]","SL-69d8eb50bc5482aaebbd1b9a-0","","[{""roundIndex"":0,""isGratuit"":false,""createdAt"":""2026-04-10T12:39:57.788Z"",""price"":5,""proposedBy"":""organizer"",""respondedAt"":""2026-04-15T12:00:14.250Z"",""message"":"""",""expiresAt"":""2026-04-13T12:39:57.788Z"",""status"":""rejected""}]","rejected","2026-04-15T12:00:14.250Z","69d8efa0b9cbcfce11b1f671","2026-04-10T12:40:00.855000","2026-04-15T12:00:14.584000","service_eb508f39-ce3d-4391-bb12-d4211c02ede9","false"
"69d8eb4e6922f5f585e48baf","","sc-1","rejected","698c747aee05acfdd23ea578","69d8eb50bc5482aaebbd1b9a","2026-04-13T12:39:19.206Z","","true","2026-04-10T12:39:19.206Z","698d204286a5af9808991620","2026-04-15T11:58:43.341Z","[""p-1""]","SL-69d8eb50bc5482aaebbd1b9a-0","","[{""roundIndex"":0,""isGratuit"":true,""createdAt"":""2026-04-10T12:39:19.206Z"",""price"":0,""proposedBy"":""organizer"",""respondedAt"":""2026-04-15T11:58:43.341Z"",""message"":"""",""expiresAt"":""2026-04-13T12:39:19.206Z"",""status"":""rejected""}]","rejected","2026-04-15T11:58:43.341Z","69d8ef79fab1423d58deb2df","2026-04-10T12:39:21.672000","2026-04-15T11:58:43.722000","service_eb508f39-ce3d-4391-bb12-d4211c02ede9","false"
"69d8eb4e6922f5f585e48baf","","sc-1","accepted","698c747aee05acfdd23ea578","69d8eb50bc5482aaebbd1b9a","2026-04-13T12:23:48.957Z","","false","2026-04-10T12:23:48.957Z","698d204286a5af9808991620","2026-04-15T11:58:39.042Z","[""p-1""]","SL-69d8eb50bc5482aaebbd1b9a-0","","[{""roundIndex"":0,""isGratuit"":false,""createdAt"":""2026-04-10T12:23:48.957Z"",""price"":100,""proposedBy"":""organizer"",""respondedAt"":""2026-04-15T11:58:39.042Z"",""message"":"""",""expiresAt"":""2026-04-13T12:23:48.957Z"",""status"":""accepted""}]","accepted","2026-04-15T11:58:39.042Z","69d8ebd76cab084bf2784e34","2026-04-10T12:23:51.681000","2026-04-15T11:58:39.614000","service_eb508f39-ce3d-4391-bb12-d4211c02ede9","false"
"69d8eb4e6922f5f585e48baf","","sc-1","accepted","698c747aee05acfdd23ea578","69d8eb50bc5482aaebbd1b9a","2026-04-13T12:22:19.626Z","","false","2026-04-10T12:22:19.626Z","698d204286a5af9808991620","2026-04-10T12:22:33.487Z","[""p-2""]","SL-69d8eb50bc5482aaebbd1b9a-0","","[{""roundIndex"":0,""isGratuit"":false,""createdAt"":""2026-04-10T12:22:19.626Z"",""price"":100,""proposedBy"":""organizer"",""respondedAt"":""2026-04-10T12:22:33.487Z"",""message"":"""",""expiresAt"":""2026-04-13T12:22:19.626Z"",""status"":""accepted""}]","accepted","2026-04-10T12:22:33.487Z","69d8eb7e14c00ad37f97b363","2026-04-10T12:22:22.479000","2026-04-10T12:22:34.284000","service_eb508f39-ce3d-4391-bb12-d4211c02ede9","false"
"69d8e7ab0ce0bb19c583ce31","","sc-1","accepted","698c747aee05acfdd23ea578","69d8e7ac57c533eefad07c4d","2026-04-13T12:15:31.817Z","","false","2026-04-10T12:15:31.816Z","698d204286a5af9808991620","2026-04-10T12:16:58.834Z","[""p-2""]","SL-69d8e7ac57c533eefad07c4d-0","","[{""roundIndex"":0,""isGratuit"":false,""createdAt"":""2026-04-10T12:15:31.816Z"",""price"":100,""proposedBy"":""organizer"",""respondedAt"":""2026-04-10T12:16:58.834Z"",""message"":"""",""expiresAt"":""2026-04-13T12:15:31.817Z"",""status"":""accepted""}]","accepted","2026-04-10T12:16:58.834Z","69d8e9e749ef2f2d007b1020","2026-04-10T12:15:35.731000","2026-04-10T12:16:59.486000","service_eb508f39-ce3d-4391-bb12-d4211c02ede9","false"
"69d8e7ab0ce0bb19c583ce31","","sc-1","accepted","698c747aee05acfdd23ea578","69d8e7ac57c533eefad07c4d","2026-04-13T12:15:12.667Z","","false","2026-04-10T12:15:12.667Z","698d204286a5af9808991620","2026-04-10T12:17:05.802Z","[""p-1""]","SL-69d8e7ac57c533eefad07c4d-0","","[{""roundIndex"":0,""isGratuit"":false,""createdAt"":""2026-04-10T12:15:12.667Z"",""price"":50,""proposedBy"":""organizer"",""respondedAt"":""2026-04-10T12:17:05.802Z"",""message"":"""",""expiresAt"":""2026-04-13T12:15:12.667Z"",""status"":""accepted""}]","accepted","2026-04-10T12:17:05.802Z","69d8e9d40d6006a65efa735a","2026-04-10T12:15:16.071000","2026-04-10T12:17:06.465000","service_eb508f39-ce3d-4391-bb12-d4211c02ede9","false"
"69d8e7ab0ce0bb19c583ce31","","sc-1","rejected","698c747aee05acfdd23ea578","69d8e7ac57c533eefad07c4d","2026-04-13T12:07:05.236Z","","false","2026-04-10T12:07:05.236Z","698d204286a5af9808991620","2026-04-15T11:58:50.717Z","[""p-2""]","SL-69d8e7ac57c533eefad07c4d-0","","[{""roundIndex"":0,""isGratuit"":false,""createdAt"":""2026-04-10T12:07:05.236Z"",""price"":300,""proposedBy"":""organizer"",""respondedAt"":""2026-04-15T11:58:50.717Z"",""message"":"""",""expiresAt"":""2026-04-13T12:07:05.236Z"",""status"":""rejected""}]","rejected","2026-04-15T11:58:50.717Z","69d8e7ebec569648c5aeece8","2026-04-10T12:07:07.832000","2026-04-15T11:58:51.025000","service_eb508f39-ce3d-4391-bb12-d4211c02ede9","false"
"69d8e7ab0ce0bb19c583ce31","","sc-1","rejected","698c747aee05acfdd23ea578","69d8e7ac57c533eefad07c4d","2026-04-13T12:06:47.895Z","","false","2026-04-10T12:06:47.895Z","698d204286a5af9808991620","2026-04-15T11:58:47.247Z","[""p-1""]","SL-69d8e7ac57c533eefad07c4d-0","","[{""roundIndex"":0,""isGratuit"":false,""createdAt"":""2026-04-10T12:06:47.895Z"",""price"":100,""proposedBy"":""organizer"",""respondedAt"":""2026-04-15T11:58:47.247Z"",""message"":"""",""expiresAt"":""2026-04-13T12:06:47.895Z"",""status"":""rejected""}]","rejected","2026-04-15T11:58:47.247Z","69d8e7da528c30c71c065a0d","2026-04-10T12:06:50.680000","2026-04-15T11:58:47.553000","service_eb508f39-ce3d-4391-bb12-d4211c02ede9","false"
"69d8e47a29fd00ffd0fffe17","","sc-1","rejected","698c747aee05acfdd23ea578","69d8e47cba22c40affe079c1","2026-04-13T11:53:44.447Z","","false","2026-04-10T11:53:44.447Z","698d204286a5af9808991620","2026-04-15T12:00:13.571Z","[""p-2""]","SL-69d8e47cba22c40affe079c1-0","","[{""roundIndex"":0,""isGratuit"":false,""createdAt"":""2026-04-10T11:53:44.447Z"",""price"":250,""proposedBy"":""organizer"",""respondedAt"":""2026-04-15T12:00:13.571Z"",""message"":"""",""expiresAt"":""2026-04-13T11:53:44.447Z"",""status"":""rejected""}]","rejected","2026-04-15T12:00:13.571Z","69d8e4cb7dba5099702def69","2026-04-10T11:53:47.080000","2026-04-15T12:00:13.928000","service_eb508f39-ce3d-4391-bb12-d4211c02ede9","false"
"69d8e47a29fd00ffd0fffe17","","sc-1","accepted","698c747aee05acfdd23ea578","69d8e47cba22c40affe079c1","2026-04-13T11:53:11.602Z","","false","2026-04-10T11:53:11.602Z","698d204286a5af9808991620","2026-04-15T11:58:56.798Z","[""p-1""]","SL-69d8e47cba22c40affe079c1-0","","[{""roundIndex"":0,""isGratuit"":false,""createdAt"":""2026-04-10T11:53:11.602Z"",""price"":100,""proposedBy"":""organizer"",""respondedAt"":""2026-04-15T11:58:56.798Z"",""message"":"""",""expiresAt"":""2026-04-13T11:53:11.602Z"",""status"":""accepted""}]","accepted","2026-04-15T11:58:56.798Z","69d8e4aad3e9337fbb001eee","2026-04-10T11:53:14.523000","2026-04-15T11:58:57.268000","service_eb508f39-ce3d-4391-bb12-d4211c02ede9","false"
"69d8e01d961cdeed1abb2663","","sc-1775820827046","accepted","698c747aee05acfdd23ea578","69d8e01f00d2957ee871b58c","2026-04-13T11:34:39.528Z","","false","2026-04-10T11:34:39.528Z","698d204286a5af9808991620","2026-04-15T11:59:00.415Z","[""p-1""]","SL-69d8e01f00d2957ee871b58c-0","","[{""roundIndex"":0,""isGratuit"":false,""createdAt"":""2026-04-10T11:34:39.528Z"",""price"":20,""proposedBy"":""organizer"",""respondedAt"":""2026-04-15T11:59:00.415Z"",""message"":"""",""expiresAt"":""2026-04-13T11:34:39.528Z"",""status"":""accepted""}]","accepted","2026-04-15T11:59:00.415Z","69d8e05255493d158efb66ae","2026-04-10T11:34:42.180000","2026-04-15T11:59:00.919000","service_eb508f39-ce3d-4391-bb12-d4211c02ede9","false"
"69d8e01d961cdeed1abb2663","","sc-1775820827046","accepted","698c747aee05acfdd23ea578","69d8e01f00d2957ee871b58c","2026-04-13T11:34:24.845Z","","false","2026-04-10T11:34:24.845Z","698d204286a5af9808991620","2026-04-15T11:59:04.473Z","[""p-2""]","SL-69d8e01f00d2957ee871b58c-0","","[{""roundIndex"":0,""isGratuit"":false,""createdAt"":""2026-04-10T11:34:24.845Z"",""price"":100,""proposedBy"":""organizer"",""respondedAt"":""2026-04-15T11:59:04.473Z"",""message"":"""",""expiresAt"":""2026-04-13T11:34:24.845Z"",""status"":""accepted""}]","accepted","2026-04-15T11:59:04.473Z","69d8e043657cbeff54e76315","2026-04-10T11:34:27.670000","2026-04-15T11:59:04.957000","service_eb508f39-ce3d-4391-bb12-d4211c02ede9","false"
"69d824e81b51af4d3471f5f7","","sc-1","","698c747aee05acfdd23ea578","69d824e985ac007e0548c7a7","2026-04-18T12:04:44.589Z","","false","2026-04-09T22:15:57.132Z","698d204286a5af9808991620","","[""p-1""]","SL-69d824e985ac007e0548c7a7-0","","[{""roundIndex"":0,""isGratuit"":false,""createdAt"":""2026-04-09T22:15:57.132Z"",""price"":300,""proposedBy"":""organizer"",""respondedAt"":""2026-04-15T12:04:44.390Z"",""message"":"""",""expiresAt"":""2026-04-12T22:15:57.133Z"",""status"":""countered""},{""roundIndex"":1,""isGratuit"":false,""createdAt"":""2026-04-15T12:04:44.390Z"",""price"":400,""proposedBy"":""talent"",""respondedAt"":null,""message"":"""",""expiresAt"":""2026-04-18T12:04:44.589Z"",""status"":""pending""}]","pending_organizer","2026-04-15T12:04:44.390Z","69d82520fe121bd2d32d1a9f","2026-04-09T22:16:00.004000","2026-04-15T12:04:44.722000","service_eb508f39-ce3d-4391-bb12-d4211c02ede9","false"
"69d81f5301657e9dce048d65","","sc-1","accepted","698c747aee05acfdd23ea578","69d81f5488753115306cf2ae","2026-04-12T21:52:54.497Z","","true","2026-04-09T21:52:54.497Z","698d204286a5af9808991620","2026-04-15T11:59:18.556Z","[""p-2""]","SL-69d81f5488753115306cf2ae-0","","[{""roundIndex"":0,""isGratuit"":true,""createdAt"":""2026-04-09T21:52:54.497Z"",""price"":0,""proposedBy"":""organizer"",""respondedAt"":""2026-04-15T11:59:18.556Z"",""message"":"""",""expiresAt"":""2026-04-12T21:52:54.497Z"",""status"":""accepted""}]","accepted","2026-04-15T11:59:18.556Z","69d81fb850e4f3c6a86786e2","2026-04-09T21:52:56.938000","2026-04-15T11:59:19.070000","service_eb508f39-ce3d-4391-bb12-d4211c02ede9","false"
"69d81f5301657e9dce048d65","","sc-1","","698c747aee05acfdd23ea578","69d81f5488753115306cf2ae","2026-04-18T11:59:24.524Z","","false","2026-04-09T21:52:43.366Z","698d204286a5af9808991620","","[""p-1""]","SL-69d81f5488753115306cf2ae-0","","[{""roundIndex"":0,""isGratuit"":false,""createdAt"":""2026-04-09T21:52:43.366Z"",""price"":720,""proposedBy"":""organizer"",""respondedAt"":""2026-04-15T11:59:24.365Z"",""message"":"""",""expiresAt"":""2026-04-12T21:52:43.366Z"",""status"":""countered""},{""roundIndex"":1,""isGratuit"":false,""createdAt"":""2026-04-15T11:59:24.365Z"",""price"":400,""proposedBy"":""talent"",""respondedAt"":null,""message"":"""",""expiresAt"":""2026-04-18T11:59:24.524Z"",""status"":""pending""}]","pending_organizer","2026-04-15T11:59:24.365Z","69d81fae86a9ae8f1b2958f2","2026-04-09T21:52:46.004000","2026-04-15T11:59:24.608000","service_eb508f39-ce3d-4391-bb12-d4211c02ede9","false"
"69d81aa1c594498c3e155347","","sc-1775770269728","rejected","698c747aee05acfdd23ea578","69d81aa21ab8b30871cde3bf","2026-04-12T21:32:23.956Z","","false","2026-04-09T21:32:23.956Z","698d204286a5af9808991620","2026-04-15T11:59:27.473Z","[""p-2""]","SL-69d81aa21ab8b30871cde3bf-0","","[{""roundIndex"":0,""isGratuit"":false,""createdAt"":""2026-04-09T21:32:23.956Z"",""price"":200,""proposedBy"":""organizer"",""respondedAt"":""2026-04-15T11:59:27.473Z"",""message"":"""",""expiresAt"":""2026-04-12T21:32:23.956Z"",""status"":""rejected""}]","rejected","2026-04-15T11:59:27.473Z","69d81aebb6ad18cc7a679474","2026-04-09T21:32:27.451000","2026-04-15T11:59:27.770000","service_eb508f39-ce3d-4391-bb12-d4211c02ede9","false"
"69d81aa1c594498c3e155347","","sc-1775770269728","rejected","698c747aee05acfdd23ea578","69d81aa21ab8b30871cde3bf","2026-04-12T21:32:08.121Z","","false","2026-04-09T21:32:08.121Z","698d204286a5af9808991620","2026-04-15T11:59:31.124Z","[""p-1""]","SL-69d81aa21ab8b30871cde3bf-0","","[{""roundIndex"":0,""isGratuit"":false,""createdAt"":""2026-04-09T21:32:08.121Z"",""price"":100,""proposedBy"":""organizer"",""respondedAt"":""2026-04-15T11:59:31.124Z"",""message"":"""",""expiresAt"":""2026-04-12T21:32:08.121Z"",""status"":""rejected""}]","rejected","2026-04-15T11:59:31.124Z","69d81ada00e6bdafab73495b","2026-04-09T21:32:10.846000","2026-04-15T11:59:31.428000","service_eb508f39-ce3d-4391-bb12-d4211c02ede9","false"
"69d818db1fbfe378c392bbff","","sc-1","accepted","698d204286a5af9808991620","69d818ddbc215e2c394a06d4","2026-04-12T21:24:51.096Z","","false","2026-04-09T21:24:51.096Z","698c747aee05acfdd23ea578","2026-04-09T21:25:36.091Z","[""p-1""]","SL-69d818ddbc215e2c394a06d4-0","","[{""roundIndex"":0,""isGratuit"":false,""createdAt"":""2026-04-09T21:24:51.096Z"",""price"":60,""proposedBy"":""organizer"",""respondedAt"":""2026-04-09T21:25:36.091Z"",""message"":"""",""expiresAt"":""2026-04-12T21:24:51.096Z"",""status"":""accepted""}]","accepted","2026-04-09T21:25:36.091Z","69d81925122fe310d6bcf300","2026-04-09T21:24:53.507000","2026-04-09T21:25:36.735000","service_eb508f39-ce3d-4391-bb12-d4211c02ede9","false"
"69d818db1fbfe378c392bbff","","sc-1","accepted","698d204286a5af9808991620","69d818ddbc215e2c394a06d4","2026-04-12T21:24:37.893Z","","false","2026-04-09T21:24:37.893Z","698c747aee05acfdd23ea578","2026-04-09T21:25:43.966Z","[""p-2""]","SL-69d818ddbc215e2c394a06d4-0","","[{""roundIndex"":0,""isGratuit"":false,""createdAt"":""2026-04-09T21:24:37.893Z"",""price"":30,""proposedBy"":""organizer"",""respondedAt"":""2026-04-09T21:25:43.966Z"",""message"":"""",""expiresAt"":""2026-04-12T21:24:37.893Z"",""status"":""accepted""}]","accepted","2026-04-09T21:25:43.966Z","69d819186aec43272875df24","2026-04-09T21:24:40.852000","2026-04-09T21:25:44.575000","service_eb508f39-ce3d-4391-bb12-d4211c02ede9","false"
"69d81648bd82e7282106ec34","","sc-1775769142824","accepted","698d204286a5af9808991620","69d816491b678c9031c66ca2","2026-04-12T21:15:18.640Z","","false","2026-04-09T21:15:18.640Z","698c747aee05acfdd23ea578","2026-04-09T21:15:35.298Z","[""p-2""]","SL-69d816491b678c9031c66ca2-0","","[{""roundIndex"":0,""isGratuit"":false,""createdAt"":""2026-04-09T21:15:18.640Z"",""price"":100,""proposedBy"":""organizer"",""respondedAt"":""2026-04-09T21:15:35.298Z"",""message"":"""",""expiresAt"":""2026-04-12T21:15:18.640Z"",""status"":""accepted""}]","accepted","2026-04-09T21:15:35.298Z","69d816e9746182cedb5c0f43","2026-04-09T21:15:21.566000","2026-04-09T21:15:35.834000","service_eb508f39-ce3d-4391-bb12-d4211c02ede9","false"
"69d80cabe1336b871a5d61ac","","sc-1775766595103","accepted","698d204286a5af9808991620","69d80cad97096e5464408d0a","2026-04-12T20:32:48.166Z","","false","2026-04-09T20:32:48.166Z","698c747aee05acfdd23ea578","2026-04-09T21:15:48.177Z","[""p-3""]","SL-69d80cad97096e5464408d0a-0","","[{""roundIndex"":0,""isGratuit"":false,""createdAt"":""2026-04-09T20:32:48.166Z"",""price"":100,""proposedBy"":""organizer"",""respondedAt"":""2026-04-09T21:15:48.177Z"",""message"":"""",""expiresAt"":""2026-04-12T20:32:48.166Z"",""status"":""accepted""}]","accepted","2026-04-09T21:15:48.177Z","69d80cf33ff27509e066d1b5","2026-04-09T20:32:51.050000","2026-04-09T21:15:48.868000","service_eb508f39-ce3d-4391-bb12-d4211c02ede9","false"
"69d8099e38661c6c0e5f15d6","","sc-1775765917896","accepted","698d204286a5af9808991620","69d8099f48e7517f1325b196","2026-04-12T20:19:34.118Z","","false","2026-04-09T20:19:34.118Z","698c747aee05acfdd23ea578","2026-04-09T20:21:18.920Z","[""p-2""]","SL-69d8099f48e7517f1325b196-0","","[{""roundIndex"":0,""isGratuit"":false,""createdAt"":""2026-04-09T20:19:34.118Z"",""price"":263,""proposedBy"":""organizer"",""respondedAt"":""2026-04-09T20:21:18.920Z"",""message"":"""",""expiresAt"":""2026-04-12T20:19:34.118Z"",""status"":""accepted""}]","accepted","2026-04-09T20:21:18.920Z","69d809db6d2f35a90856cd2a","2026-04-09T20:19:39.541000","2026-04-09T20:21:19.852000","service_eb508f39-ce3d-4391-bb12-d4211c02ede9","false"
"69d7f2a1d02b620f26748950","","sc-1","accepted","698d204286a5af9808991620","69d7f2a34ea3081528a41ec5","2026-04-12T18:41:26.153Z","","false","2026-04-09T18:41:26.152Z","698c747aee05acfdd23ea578","2026-04-09T18:47:04.900Z","[""p-2""]","SL-69d7f2a34ea3081528a41ec5-0","","[{""roundIndex"":0,""isGratuit"":false,""createdAt"":""2026-04-09T18:41:26.152Z"",""price"":120,""proposedBy"":""organizer"",""respondedAt"":""2026-04-09T18:47:04.900Z"",""message"":"""",""expiresAt"":""2026-04-12T18:41:26.153Z"",""status"":""accepted""}]","accepted","2026-04-09T18:47:04.900Z","69d7f2d84d04cdfd01cbfbed","2026-04-09T18:41:28.811000","2026-04-09T18:47:05.516000","service_eb508f39-ce3d-4391-bb12-d4211c02ede9","false"
"69d7be0d64dddfaf0eb091c5","","sc-1775746566453","accepted","698c747aee05acfdd23ea578","69d7be0e8db126673d6886e5","2026-04-12T14:57:00.174Z","","false","2026-04-09T14:57:00.174Z","698d204286a5af9808991620","2026-04-09T14:57:54.210Z","[""p-1""]","SL-69d7be0e8db126673d6886e5-0","","[{""roundIndex"":0,""isGratuit"":false,""createdAt"":""2026-04-09T14:57:00.174Z"",""price"":100,""proposedBy"":""organizer"",""respondedAt"":""2026-04-09T14:57:54.210Z"",""message"":"""",""expiresAt"":""2026-04-12T14:57:00.174Z"",""status"":""accepted""}]","accepted","2026-04-09T14:57:54.210Z","69d7be3f47445553461b2898","2026-04-09T14:57:03.017000","2026-04-09T14:57:54.746000","service_eb508f39-ce3d-4391-bb12-d4211c02ede9","false"
"69d7b8e23d9e3c5cae2ce9b6","","sc-1775745248755","rejected","698d204286a5af9808991620","69d7b8e46c897ba1666ff9f6","2026-04-12T14:40:42.460Z","","false","2026-04-09T14:40:42.460Z","698c747aee05acfdd23ea578","2026-04-09T15:01:35.823Z","[""p-1""]","SL-69d7b8e46c897ba1666ff9f6-0","","[{""roundIndex"":0,""isGratuit"":false,""createdAt"":""2026-04-09T14:40:42.460Z"",""price"":125,""proposedBy"":""organizer"",""respondedAt"":""2026-04-09T15:01:35.823Z"",""message"":"""",""expiresAt"":""2026-04-12T14:40:42.460Z"",""status"":""rejected""}]","rejected","2026-04-09T15:01:35.823Z","69d7ba6d1abafd9df2b53bab","2026-04-09T14:40:45.398000","2026-04-09T15:01:36.137000","service_eb508f39-ce3d-4391-bb12-d4211c02ede9","false"
"69d7b8e23d9e3c5cae2ce9b6","","sc-1","rejected","698d204286a5af9808991620","69d7b8e46c897ba1666ff9f6","2026-04-12T14:35:22.442Z","","true","2026-04-09T14:35:22.442Z","698c747aee05acfdd23ea578","2026-04-09T14:38:57.702Z","[""p-2""]","SL-69d7b8e46c897ba1666ff9f6-0","","[{""roundIndex"":0,""isGratuit"":true,""createdAt"":""2026-04-09T14:35:22.442Z"",""price"":0,""proposedBy"":""organizer"",""respondedAt"":""2026-04-09T14:38:57.702Z"",""message"":"""",""expiresAt"":""2026-04-12T14:35:22.442Z"",""status"":""rejected""}]","rejected","2026-04-09T14:38:57.702Z","69d7b92e0a3f11c2ca1baad9","2026-04-09T14:35:26.063000","2026-04-09T14:38:58.110000","service_eb508f39-ce3d-4391-bb12-d4211c02ede9","false"
"69d7b8e23d9e3c5cae2ce9b6","","sc-1","rejected","698d204286a5af9808991620","69d7b8e46c897ba1666ff9f6","2026-04-12T14:35:11.279Z","","false","2026-04-09T14:35:11.279Z","698c747aee05acfdd23ea578","2026-04-09T14:39:01.947Z","[""p-1""]","SL-69d7b8e46c897ba1666ff9f6-0","","[{""roundIndex"":0,""isGratuit"":false,""createdAt"":""2026-04-09T14:35:11.279Z"",""price"":263,""proposedBy"":""organizer"",""respondedAt"":""2026-04-09T14:39:01.947Z"",""message"":"""",""expiresAt"":""2026-04-12T14:35:11.279Z"",""status"":""rejected""}]","rejected","2026-04-09T14:39:01.947Z","69d7b921c4bfb4e2963c0561","2026-04-09T14:35:13.838000","2026-04-09T14:39:02.339000","service_eb508f39-ce3d-4391-bb12-d4211c02ede9","false"
"69d7a40951dab62ca47ba638","","sc-1","rejected","698c747aee05acfdd23ea578","69d7a40a6b14c16e95ff9633","2026-04-12T13:06:10.713Z","","false","2026-04-09T13:06:10.713Z","698d204286a5af9808991620","2026-04-09T14:39:39.597Z","[""p-2""]","SL-69d7a40a6b14c16e95ff9633-0","","[{""roundIndex"":0,""isGratuit"":false,""createdAt"":""2026-04-09T13:06:10.713Z"",""price"":120,""proposedBy"":""organizer"",""respondedAt"":""2026-04-09T14:39:39.597Z"",""message"":"""",""expiresAt"":""2026-04-12T13:06:10.713Z"",""status"":""rejected""}]","rejected","2026-04-09T14:39:39.597Z","69d7a445c3241aa82744cd9d","2026-04-09T13:06:13.066000","2026-04-09T14:39:39.951000","service_eb508f39-ce3d-4391-bb12-d4211c02ede9","false"
"69d7a40951dab62ca47ba638","","sc-1","rejected","698c747aee05acfdd23ea578","69d7a40a6b14c16e95ff9633","2026-04-12T13:05:52.116Z","","false","2026-04-09T13:05:52.116Z","698d204286a5af9808991620","2026-04-09T14:39:48.488Z","[""p-1""]","SL-69d7a40a6b14c16e95ff9633-0","","[{""roundIndex"":0,""isGratuit"":false,""createdAt"":""2026-04-09T13:05:52.116Z"",""price"":180,""proposedBy"":""organizer"",""respondedAt"":""2026-04-09T14:39:48.488Z"",""message"":"""",""expiresAt"":""2026-04-12T13:05:52.116Z"",""status"":""rejected""}]","rejected","2026-04-09T14:39:48.488Z","69d7a4325f4baaaf764889a6","2026-04-09T13:05:54.705000","2026-04-09T14:39:48.855000","service_eb508f39-ce3d-4391-bb12-d4211c02ede9","false"
"69d7a2d58c1b81558a43c8d8","","sc-1","accepted","698c747aee05acfdd23ea578","69d7a2d6850be2995e7e1124","2026-04-12T13:02:06.021Z","","false","2026-04-09T13:02:06.020Z","698d204286a5af9808991620","2026-04-09T13:02:26.701Z","[""p-3""]","SL-69d7a2d6850be2995e7e1124-1","","[{""roundIndex"":0,""isGratuit"":false,""createdAt"":""2026-04-09T13:02:06.020Z"",""price"":200,""proposedBy"":""organizer"",""respondedAt"":""2026-04-09T13:02:26.701Z"",""message"":"""",""expiresAt"":""2026-04-12T13:02:06.021Z"",""status"":""accepted""}]","accepted","2026-04-09T13:02:26.701Z","69d7a3509599e433e71af08c","2026-04-09T13:02:08.382000","2026-04-09T13:02:27.216000","service_eb508f39-ce3d-4391-bb12-d4211c02ede9","false"
"69d7a2d58c1b81558a43c8d8","","sc-1","accepted","698c747aee05acfdd23ea578","69d7a2d6850be2995e7e1124","2026-04-12T13:01:50.416Z","","false","2026-04-09T13:01:50.416Z","698d204286a5af9808991620","2026-04-09T13:02:43.477Z","[""p-2""]","SL-69d7a2d6850be2995e7e1124-0","","[{""roundIndex"":0,""isGratuit"":false,""createdAt"":""2026-04-09T13:01:50.416Z"",""price"":500,""proposedBy"":""organizer"",""respondedAt"":""2026-04-09T13:02:43.477Z"",""message"":"""",""expiresAt"":""2026-04-12T13:01:50.416Z"",""status"":""accepted""}]","accepted","2026-04-09T13:02:43.477Z","69d7a3411155aa69b95de53f","2026-04-09T13:01:53.394000","2026-04-09T13:02:43.994000","service_eb508f39-ce3d-4391-bb12-d4211c02ede9","false"
"69d7a2d58c1b81558a43c8d8","","sc-1","accepted","698c747aee05acfdd23ea578","69d7a2d6850be2995e7e1124","2026-04-12T13:01:37.454Z","","false","2026-04-09T13:01:37.453Z","698d204286a5af9808991620","2026-04-09T13:02:32.848Z","[""p-1""]","SL-69d7a2d6850be2995e7e1124-0","","[{""roundIndex"":0,""isGratuit"":false,""createdAt"":""2026-04-09T13:01:37.453Z"",""price"":300,""proposedBy"":""organizer"",""respondedAt"":""2026-04-09T13:02:32.848Z"",""message"":"""",""expiresAt"":""2026-04-12T13:01:37.454Z"",""status"":""accepted""}]","accepted","2026-04-09T13:02:32.848Z","69d7a333b9eeeafcf0365d20","2026-04-09T13:01:39.966000","2026-04-09T13:02:33.394000","service_eb508f39-ce3d-4391-bb12-d4211c02ede9","false"
"69d7a155a2d79a27145730f6","","sc-1","accepted","698d204286a5af9808991620","69d7a1580d696ce016445736","2026-04-12T12:55:29.121Z","","false","2026-04-09T12:55:29.121Z","698c747aee05acfdd23ea578","2026-04-09T12:56:10.425Z","[""p-3""]","SL-69d7a1580d696ce016445736-1","","[{""roundIndex"":0,""isGratuit"":false,""createdAt"":""2026-04-09T12:55:29.121Z"",""price"":105,""proposedBy"":""organizer"",""respondedAt"":""2026-04-09T12:56:10.425Z"",""message"":"""",""expiresAt"":""2026-04-12T12:55:29.121Z"",""status"":""accepted""}]","accepted","2026-04-09T12:56:10.425Z","69d7a1c3a72e13061ed18297","2026-04-09T12:55:31.876000","2026-04-09T12:56:10.938000","service_eb508f39-ce3d-4391-bb12-d4211c02ede9","false"
"69d7a155a2d79a27145730f6","","sc-1","accepted","698d204286a5af9808991620","69d7a1580d696ce016445736","2026-04-12T12:55:12.851Z","","true","2026-04-09T12:55:12.851Z","698c747aee05acfdd23ea578","2026-04-09T12:56:13.639Z","[""p-1""]","SL-69d7a1580d696ce016445736-1","","[{""roundIndex"":0,""isGratuit"":true,""createdAt"":""2026-04-09T12:55:12.851Z"",""price"":0,""proposedBy"":""organizer"",""respondedAt"":""2026-04-09T12:56:13.639Z"",""message"":"""",""expiresAt"":""2026-04-12T12:55:12.851Z"",""status"":""accepted""}]","accepted","2026-04-09T12:56:13.639Z","69d7a1b44fe0025450a3f5b6","2026-04-09T12:55:16.178000","2026-04-09T12:56:14.202000","service_eb508f39-ce3d-4391-bb12-d4211c02ede9","false"
"69d7a155a2d79a27145730f6","","sc-1","accepted","698d204286a5af9808991620","69d7a1580d696ce016445736","2026-04-12T12:55:02.164Z","","false","2026-04-09T12:55:02.164Z","698c747aee05acfdd23ea578","2026-04-09T12:56:16.891Z","[""p-2""]","SL-69d7a1580d696ce016445736-1","","[{""roundIndex"":0,""isGratuit"":false,""createdAt"":""2026-04-09T12:55:02.164Z"",""price"":563,""proposedBy"":""organizer"",""respondedAt"":""2026-04-09T12:56:16.891Z"",""message"":"""",""expiresAt"":""2026-04-12T12:55:02.164Z"",""status"":""accepted""}]","accepted","2026-04-09T12:56:16.891Z","69d7a1a93368cf09dbcce666","2026-04-09T12:55:05.066000","2026-04-09T12:56:17.422000","service_eb508f39-ce3d-4391-bb12-d4211c02ede9","false"
"69d6e7da1ff67a43745b12e7","","sc-1","rejected","69b48a2b7d5c0db589c6bb1c","69d6e7db6cd91eed2b44c120","2026-04-11T23:43:15.520Z","","false","2026-04-08T23:43:15.520Z","698d204286a5af9808991620","2026-04-09T14:39:43.810Z","[""p-1""]","SL-69d6e7db6cd91eed2b44c120-0","","[{""roundIndex"":0,""isGratuit"":false,""createdAt"":""2026-04-08T23:43:15.520Z"",""price"":180,""proposedBy"":""organizer"",""respondedAt"":""2026-04-09T14:39:43.810Z"",""message"":"""",""expiresAt"":""2026-04-11T23:43:15.520Z"",""status"":""rejected""}]","rejected","2026-04-09T14:39:43.810Z","69d6e816fee771bf77cb434c","2026-04-08T23:43:18.426000","2026-04-09T14:39:44.184000","service_eb508f39-ce3d-4391-bb12-d4211c02ede9","false"
"69d6e600bd465602e93bc614","","sc-1775691263042","","698c747aee05acfdd23ea578","69d6e60457dc56f470dd9d53","2026-04-11T23:38:13.195Z","","false","2026-04-08T23:37:54.959Z","69b48a2b7d5c0db589c6bb1c","","[""p-1""]","SL-69d6e60457dc56f470dd9d53-0","","[{""roundIndex"":0,""isGratuit"":false,""createdAt"":""2026-04-08T23:37:54.959Z"",""price"":180,""proposedBy"":""organizer"",""respondedAt"":""2026-04-08T23:38:12.942Z"",""message"":"""",""expiresAt"":""2026-04-11T23:37:54.959Z"",""status"":""countered""},{""roundIndex"":1,""isGratuit"":false,""createdAt"":""2026-04-08T23:38:12.942Z"",""price"":115,""proposedBy"":""talent"",""respondedAt"":null,""message"":"""",""expiresAt"":""2026-04-11T23:38:13.195Z"",""status"":""pending""}]","pending_organizer","2026-04-08T23:38:12.942Z","69d6e6d552c01b2aa0267f33","2026-04-08T23:37:57.972000","2026-04-08T23:38:13.398000","service_eb508f39-ce3d-4391-bb12-d4211c02ede9","false"
"69d69ff0c91beb18effd66f8","","sc-1775673252695","accepted","69d6986bf4e0b9a5127f24c0","69d69ff2a3277d8c4559261f","2026-04-11T18:38:38.833Z","","false","2026-04-08T18:38:38.833Z","698c747aee05acfdd23ea578","2026-04-08T18:38:47.578Z","[""p-1""]","SL-69d69ff2a3277d8c4559261f-0","","[{""roundIndex"":0,""isGratuit"":false,""createdAt"":""2026-04-08T18:38:38.833Z"",""price"":100,""proposedBy"":""organizer"",""respondedAt"":""2026-04-08T18:38:47.578Z"",""message"":"""",""expiresAt"":""2026-04-11T18:38:38.833Z"",""status"":""accepted""}]","accepted","2026-04-08T18:38:47.578Z","69d6a0b114cf359ecd95781f","2026-04-08T18:38:41.193000","2026-04-08T18:38:48.195000","service_eb508f39-ce3d-4391-bb12-d4211c02ede9","false"
"69d69ff0c91beb18effd66f8","","sc-1","accepted","69d6986bf4e0b9a5127f24c0","69d69ff2a3277d8c4559261f","2026-04-11T18:38:16.779Z","","false","2026-04-08T18:38:16.779Z","69cd302266f2193a99122757","2026-04-14T12:00:06.072Z","[""p-1""]","SL-69d69ff2a3277d8c4559261f-0","","[{""roundIndex"":0,""isGratuit"":false,""createdAt"":""2026-04-08T18:38:16.779Z"",""price"":80,""proposedBy"":""organizer"",""respondedAt"":""2026-04-14T12:00:06.072Z"",""message"":"""",""expiresAt"":""2026-04-11T18:38:16.779Z"",""status"":""accepted""}]","accepted","2026-04-14T12:00:06.072Z","69d6a09cb0abd747a9cbb665","2026-04-08T18:38:20.233000","2026-04-14T12:00:06.590000","service_eb508f39-ce3d-4391-bb12-d4211c02ede9","false"
"69d50aef1d027b3e5062e3fd","","sc-1","accepted","69b48a2b7d5c0db589c6bb1c","69d50af1f405399be1bae359","2026-04-10T13:49:10.961Z","","false","2026-04-07T13:49:10.961Z","698c747aee05acfdd23ea578","2026-04-07T13:50:31.474Z","[""p-2""]","SL-69d50af1f405399be1bae359-0","","[{""roundIndex"":0,""isGratuit"":false,""createdAt"":""2026-04-07T13:49:10.961Z"",""price"":140,""proposedBy"":""organizer"",""respondedAt"":""2026-04-07T13:50:31.474Z"",""message"":"""",""expiresAt"":""2026-04-10T13:49:10.961Z"",""status"":""accepted""}]","accepted","2026-04-07T13:50:31.474Z","69d50b5acd048e7abf0a80b7","2026-04-07T13:49:14.095000","2026-04-07T13:50:31.983000","service_eb508f39-ce3d-4391-bb12-d4211c02ede9","false"
"69d50aef1d027b3e5062e3fd","","sc-1","accepted","69b48a2b7d5c0db589c6bb1c","69d50af1f405399be1bae359","2026-04-10T13:48:59.345Z","","false","2026-04-07T13:48:59.345Z","698c747aee05acfdd23ea578","2026-04-07T13:50:34.990Z","[""p-1""]","SL-69d50af1f405399be1bae359-0","","[{""roundIndex"":0,""isGratuit"":false,""createdAt"":""2026-04-07T13:48:59.345Z"",""price"":30,""proposedBy"":""organizer"",""respondedAt"":""2026-04-07T13:50:34.990Z"",""message"":"""",""expiresAt"":""2026-04-10T13:48:59.345Z"",""status"":""accepted""}]","accepted","2026-04-07T13:50:34.990Z","69d50b4e1703d153cad5b038","2026-04-07T13:49:02.292000","2026-04-07T13:50:35.517000","service_eb508f39-ce3d-4391-bb12-d4211c02ede9","false"
"69d4226e96b1a73f25f14199","","sc-1","accepted","69b48a2b7d5c0db589c6bb1c","69d4226f05dbb2cfcceb67f0","2026-04-09T21:20:25.930Z","","false","2026-04-06T21:20:25.930Z","698dc6f781b400b640a229f6","2026-04-06T21:23:34.601Z","[""p-4""]","SL-69d4226f05dbb2cfcceb67f0-0","","[{""roundIndex"":0,""isGratuit"":false,""createdAt"":""2026-04-06T21:20:25.930Z"",""price"":80,""proposedBy"":""organizer"",""respondedAt"":""2026-04-06T21:23:34.601Z"",""message"":"""",""expiresAt"":""2026-04-09T21:20:25.930Z"",""status"":""accepted""}]","accepted","2026-04-06T21:23:34.601Z","69d4239c4a7e357da628ff7d","2026-04-06T21:20:28.493000","2026-04-06T21:23:35.173000","service_eb508f39-ce3d-4391-bb12-d4211c02ede9","false"
"69d4226e96b1a73f25f14199","","sc-1","accepted","69b48a2b7d5c0db589c6bb1c","69d4226f05dbb2cfcceb67f0","2026-04-09T21:20:07.486Z","","false","2026-04-06T21:20:07.486Z","698dc6f781b400b640a229f6","2026-04-06T21:23:34.008Z","[""p-3""]","SL-69d4226f05dbb2cfcceb67f0-0","","[{""roundIndex"":0,""isGratuit"":false,""createdAt"":""2026-04-06T21:20:07.486Z"",""price"":100,""proposedBy"":""organizer"",""respondedAt"":""2026-04-06T21:23:34.008Z"",""message"":"""",""expiresAt"":""2026-04-09T21:20:07.486Z"",""status"":""accepted""}]","accepted","2026-04-06T21:23:34.008Z","69d4238a3b340b80e7ba9253","2026-04-06T21:20:10.223000","2026-04-06T21:23:34.586000","service_eb508f39-ce3d-4391-bb12-d4211c02ede9","false"
"69d4226e96b1a73f25f14199","","sc-1","","69b48a2b7d5c0db589c6bb1c","69d4226f05dbb2cfcceb67f0","2026-04-09T21:25:08.013Z","","false","2026-04-06T21:19:52.671Z","698dc6f781b400b640a229f6","","[""p-2""]","SL-69d4226f05dbb2cfcceb67f0-0","","[{""roundIndex"":0,""isGratuit"":false,""createdAt"":""2026-04-06T21:19:52.671Z"",""price"":80,""proposedBy"":""organizer"",""respondedAt"":""2026-04-06T21:25:07.794Z"",""message"":"""",""expiresAt"":""2026-04-09T21:19:52.671Z"",""status"":""countered""},{""roundIndex"":1,""isGratuit"":false,""createdAt"":""2026-04-06T21:25:07.794Z"",""price"":150,""proposedBy"":""talent"",""respondedAt"":null,""message"":"""",""expiresAt"":""2026-04-09T21:25:08.013Z"",""status"":""pending""}]","pending_organizer","2026-04-06T21:25:07.794Z","69d4237bc39e22a27c3d28a3","2026-04-06T21:19:55.474000","2026-04-06T21:25:08.175000","service_eb508f39-ce3d-4391-bb12-d4211c02ede9","false"
"69d4226e96b1a73f25f14199","","sc-1775509938929","accepted","69b48a2b7d5c0db589c6bb1c","69d4226f05dbb2cfcceb67f0","2026-04-09T21:19:12.231Z","","false","2026-04-06T21:19:12.231Z","698dbbf753d545317578c200","2026-04-06T21:23:32.317Z","[""p-3""]","SL-69d4226f05dbb2cfcceb67f0-1","","[{""roundIndex"":0,""isGratuit"":false,""createdAt"":""2026-04-06T21:19:12.231Z"",""price"":100,""proposedBy"":""organizer"",""respondedAt"":""2026-04-06T21:23:32.317Z"",""message"":"""",""expiresAt"":""2026-04-09T21:19:12.231Z"",""status"":""accepted""}]","accepted","2026-04-06T21:23:32.317Z","69d42353ee61117e7200120a","2026-04-06T21:19:15.040000","2026-04-06T21:23:32.907000","service_eb508f39-ce3d-4391-bb12-d4211c02ede9","false"
"69d4226e96b1a73f25f14199","","sc-1775509938929","accepted","69b48a2b7d5c0db589c6bb1c","69d4226f05dbb2cfcceb67f0","2026-04-09T21:18:42.600Z","","true","2026-04-06T21:18:42.600Z","698dbbf753d545317578c200","2026-04-06T21:23:33.147Z","[""p-2""]","SL-69d4226f05dbb2cfcceb67f0-1","","[{""roundIndex"":0,""isGratuit"":true,""createdAt"":""2026-04-06T21:18:42.600Z"",""price"":0,""proposedBy"":""organizer"",""respondedAt"":""2026-04-06T21:23:33.147Z"",""message"":"""",""expiresAt"":""2026-04-09T21:18:42.600Z"",""status"":""accepted""}]","accepted","2026-04-06T21:23:33.147Z","69d4233533c3f2a9f8fa8a15","2026-04-06T21:18:45.300000","2026-04-06T21:23:33.895000","service_eb508f39-ce3d-4391-bb12-d4211c02ede9","false"
"69d4226e96b1a73f25f14199","","sc-1775509938929","accepted","69b48a2b7d5c0db589c6bb1c","69d4226f05dbb2cfcceb67f0","2026-04-09T21:18:31.036Z","","true","2026-04-06T21:18:31.036Z","698dbbf753d545317578c200","2026-04-06T21:25:55.898Z","[""p-1""]","SL-69d4226f05dbb2cfcceb67f0-1","","[{""roundIndex"":0,""isGratuit"":true,""createdAt"":""2026-04-06T21:18:31.036Z"",""price"":0,""proposedBy"":""organizer"",""respondedAt"":""2026-04-06T21:25:55.898Z"",""message"":"""",""expiresAt"":""2026-04-09T21:18:31.036Z"",""status"":""accepted""}]","accepted","2026-04-06T21:25:55.898Z","69d42329864fd68bacf2fa0f","2026-04-06T21:18:33.729000","2026-04-06T21:25:56.538000","service_eb508f39-ce3d-4391-bb12-d4211c02ede9","false"
"69d41ef4d51b881561f5e737","","sc-1","","69b48a2b7d5c0db589c6bb1c","69d41ef764449065dcbeb80e","2026-04-09T21:10:18.668Z","","false","2026-04-06T21:10:18.668Z","698dc6f781b400b640a229f6","","[""p-4""]","SL-69d41ef764449065dcbeb80e-0","","[{""roundIndex"":0,""isGratuit"":false,""createdAt"":""2026-04-06T21:10:18.668Z"",""price"":50,""proposedBy"":""organizer"",""respondedAt"":null,""message"":"""",""expiresAt"":""2026-04-09T21:10:18.668Z"",""status"":""pending""}]","pending_talent","2026-04-06T21:10:18.668Z","69d4213e186fabf881a13360","2026-04-06T21:10:22.270000","2026-04-06T21:10:22.270000","service_eb508f39-ce3d-4391-bb12-d4211c02ede9","false"
"69d41ef4d51b881561f5e737","","sc-1","accepted","69b48a2b7d5c0db589c6bb1c","69d41ef764449065dcbeb80e","2026-04-09T21:10:07.384Z","","false","2026-04-06T21:10:07.384Z","698dc6f781b400b640a229f6","2026-04-06T21:25:51.005Z","[""p-3""]","SL-69d41ef764449065dcbeb80e-0","","[{""roundIndex"":0,""isGratuit"":false,""createdAt"":""2026-04-06T21:10:07.384Z"",""price"":50,""proposedBy"":""organizer"",""respondedAt"":""2026-04-06T21:25:51.005Z"",""message"":"""",""expiresAt"":""2026-04-09T21:10:07.384Z"",""status"":""accepted""}]","accepted","2026-04-06T21:25:51.005Z","69d42132081361cf0cd27761","2026-04-06T21:10:10.024000","2026-04-06T21:25:51.613000","service_eb508f39-ce3d-4391-bb12-d4211c02ede9","false"
"69d41ef4d51b881561f5e737","","sc-1","accepted","69b48a2b7d5c0db589c6bb1c","69d41ef764449065dcbeb80e","2026-04-09T21:09:56.156Z","","true","2026-04-06T21:09:56.155Z","698dbbf753d545317578c200","2026-04-15T15:54:50.707Z","[""p-2""]","SL-69d41ef764449065dcbeb80e-0","","[{""roundIndex"":0,""isGratuit"":true,""createdAt"":""2026-04-06T21:09:56.155Z"",""price"":0,""proposedBy"":""organizer"",""respondedAt"":""2026-04-15T15:54:50.707Z"",""message"":"""",""expiresAt"":""2026-04-09T21:09:56.156Z"",""status"":""accepted""}]","accepted","2026-04-15T15:54:50.707Z","69d42127fe0d17d2e8d598d8","2026-04-06T21:09:59.161000","2026-04-15T15:54:52.055000","service_eb508f39-ce3d-4391-bb12-d4211c02ede9","false"
"69d0f6544647a7b192b1fa61","","sc-1","","698d204286a5af9808991620","69d0f65631c8dae2d8ffa22b","2026-04-07T13:34:19.513Z","","false","2026-04-04T13:34:19.513Z","698dc6f781b400b640a229f6","","[""p-1""]","SL-69d0f65631c8dae2d8ffa22b-0","","[{""roundIndex"":0,""isGratuit"":false,""createdAt"":""2026-04-04T13:34:19.513Z"",""price"":150,""proposedBy"":""organizer"",""respondedAt"":null,""message"":"""",""expiresAt"":""2026-04-07T13:34:19.513Z"",""status"":""pending""}]","pending_talent","2026-04-04T13:34:19.513Z","69d1135e5908c3e299fb987f","2026-04-04T13:34:22.017000","2026-04-04T13:34:22.017000","service_eb508f39-ce3d-4391-bb12-d4211c02ede9","false"
"69d0f6544647a7b192b1fa61","","sc-1","accepted","698d204286a5af9808991620","69d0f65631c8dae2d8ffa22b","2026-04-07T13:34:09.725Z","","false","2026-04-04T13:24:14.057Z","69cd302266f2193a99122757","2026-04-14T12:00:10.345Z","[""p-2""]","SL-69d0f65631c8dae2d8ffa22b-0","","[{""roundIndex"":0,""isGratuit"":false,""createdAt"":""2026-04-04T13:24:14.057Z"",""price"":80,""proposedBy"":""organizer"",""respondedAt"":""2026-04-04T13:24:50.356Z"",""message"":"""",""expiresAt"":""2026-04-07T13:24:14.057Z"",""status"":""countered""},{""roundIndex"":1,""isGratuit"":false,""createdAt"":""2026-04-04T13:24:50.356Z"",""price"":100,""proposedBy"":""talent"",""respondedAt"":null,""message"":"""",""expiresAt"":""2026-04-07T13:24:50.554Z"",""status"":""pending""},{""roundIndex"":2,""isGratuit"":false,""createdAt"":""2026-04-04T13:34:09.725Z"",""price"":144,""proposedBy"":""organizer"",""respondedAt"":""2026-04-14T12:00:10.345Z"",""message"":"""",""expiresAt"":""2026-04-07T13:34:09.725Z"",""status"":""accepted""}]","accepted","2026-04-14T12:00:10.345Z","69d11100dea8922b3e1f0f14","2026-04-04T13:24:16.708000","2026-04-14T12:00:10.880000","service_eb508f39-ce3d-4391-bb12-d4211c02ede9","false"