sceneId,contributionScore,checkpointSystemId,id,created_date,updated_date,created_by_id,is_sample
"69ea389e5a79708603b390d1","0","NC-0000000114","69ea389fb86cbb76fa59828d","2026-04-23T15:19:59.927000","2026-04-23T15:19:59.927000","service_20f63310-1e7c-45d0-b0d5-32d80f7be796","false"
"69ea389e5a79708603b390d1","0","NC-0000000118","69ea389fb86cbb76fa59828e","2026-04-23T15:19:59.927000","2026-04-23T15:19:59.927000","service_20f63310-1e7c-45d0-b0d5-32d80f7be796","false"
"69ea389e5a79708603b390d1","0","NC-0000000143","69ea389fb86cbb76fa59828f","2026-04-23T15:19:59.927000","2026-04-23T15:19:59.927000","service_20f63310-1e7c-45d0-b0d5-32d80f7be796","false"
"69ea389fc10276442553502e","0","NC-0000000036","69ea389fb86cbb76fa598290","2026-04-23T15:19:59.927000","2026-04-23T15:19:59.927000","service_20f63310-1e7c-45d0-b0d5-32d80f7be796","false"
"69ea389fc10276442553502e","0","NC-0000000060","69ea389fb86cbb76fa598291","2026-04-23T15:19:59.927000","2026-04-23T15:19:59.927000","service_20f63310-1e7c-45d0-b0d5-32d80f7be796","false"
"69ea389fc10276442553502e","0","NC-0000000181","69ea389fb86cbb76fa598292","2026-04-23T15:19:59.927000","2026-04-23T15:19:59.927000","service_20f63310-1e7c-45d0-b0d5-32d80f7be796","false"
"69ea389fc10276442553502e","0","NC-0000000167","69ea389fb86cbb76fa598293","2026-04-23T15:19:59.927000","2026-04-23T15:19:59.927000","service_20f63310-1e7c-45d0-b0d5-32d80f7be796","false"
"69ea38970733d7fa93a84fd7","0","NC-0000000124","69ea389fb86cbb76fa598245","2026-04-23T15:19:59.926000","2026-04-23T15:19:59.926000","service_20f63310-1e7c-45d0-b0d5-32d80f7be796","false"
"69ea38970733d7fa93a84fd7","0","NC-0000000093","69ea389fb86cbb76fa598246","2026-04-23T15:19:59.926000","2026-04-23T15:19:59.926000","service_20f63310-1e7c-45d0-b0d5-32d80f7be796","false"
"69ea3898b12aa2f6ae5506d0","0","NC-0000000135","69ea389fb86cbb76fa598247","2026-04-23T15:19:59.926000","2026-04-23T15:19:59.926000","service_20f63310-1e7c-45d0-b0d5-32d80f7be796","false"
"69ea3898b12aa2f6ae5506d0","0","NC-0000000177","69ea389fb86cbb76fa598248","2026-04-23T15:19:59.926000","2026-04-23T15:19:59.926000","service_20f63310-1e7c-45d0-b0d5-32d80f7be796","false"
"69ea3898b12aa2f6ae5506d0","0","NC-0000000150","69ea389fb86cbb76fa598249","2026-04-23T15:19:59.926000","2026-04-23T15:19:59.926000","service_20f63310-1e7c-45d0-b0d5-32d80f7be796","false"
"69ea3898b12aa2f6ae5506d0","0","NC-0000000117","69ea389fb86cbb76fa59824a","2026-04-23T15:19:59.926000","2026-04-23T15:19:59.926000","service_20f63310-1e7c-45d0-b0d5-32d80f7be796","false"
"69ea3898b12aa2f6ae5506d0","0","NC-0000000069","69ea389fb86cbb76fa59824b","2026-04-23T15:19:59.926000","2026-04-23T15:19:59.926000","service_20f63310-1e7c-45d0-b0d5-32d80f7be796","false"
"69ea3898b12aa2f6ae5506d0","0","NC-0000000067","69ea389fb86cbb76fa59824c","2026-04-23T15:19:59.926000","2026-04-23T15:19:59.926000","service_20f63310-1e7c-45d0-b0d5-32d80f7be796","false"
"69ea3898cdbfed569db60b3d","0","NC-0000000156","69ea389fb86cbb76fa59824d","2026-04-23T15:19:59.926000","2026-04-23T15:19:59.926000","service_20f63310-1e7c-45d0-b0d5-32d80f7be796","false"
"69ea3898cdbfed569db60b3d","0","NC-0000000301","69ea389fb86cbb76fa59824e","2026-04-23T15:19:59.926000","2026-04-23T15:19:59.926000","service_20f63310-1e7c-45d0-b0d5-32d80f7be796","false"
"69ea3898cdbfed569db60b3d","0","NC-0000000153","69ea389fb86cbb76fa59824f","2026-04-23T15:19:59.926000","2026-04-23T15:19:59.926000","service_20f63310-1e7c-45d0-b0d5-32d80f7be796","false"
"69ea3898cdbfed569db60b3d","0","NC-0000000095","69ea389fb86cbb76fa598250","2026-04-23T15:19:59.926000","2026-04-23T15:19:59.926000","service_20f63310-1e7c-45d0-b0d5-32d80f7be796","false"
"69ea3898cdbfed569db60b3d","0","NC-0000000068","69ea389fb86cbb76fa598251","2026-04-23T15:19:59.926000","2026-04-23T15:19:59.926000","service_20f63310-1e7c-45d0-b0d5-32d80f7be796","false"
"69ea3898cdbfed569db60b3d","0","NC-0000000149","69ea389fb86cbb76fa598252","2026-04-23T15:19:59.926000","2026-04-23T15:19:59.926000","service_20f63310-1e7c-45d0-b0d5-32d80f7be796","false"
"69ea3898cdbfed569db60b3d","0","NC-0000000106","69ea389fb86cbb76fa598253","2026-04-23T15:19:59.926000","2026-04-23T15:19:59.926000","service_20f63310-1e7c-45d0-b0d5-32d80f7be796","false"
"69ea3898ea7eef56e3eca609","0","NC-0000000059","69ea389fb86cbb76fa598254","2026-04-23T15:19:59.926000","2026-04-23T15:19:59.926000","service_20f63310-1e7c-45d0-b0d5-32d80f7be796","false"
"69ea3898ea7eef56e3eca609","0","NC-0000000039","69ea389fb86cbb76fa598255","2026-04-23T15:19:59.926000","2026-04-23T15:19:59.926000","service_20f63310-1e7c-45d0-b0d5-32d80f7be796","false"
"69ea3898ea7eef56e3eca609","0","NC-0000000029","69ea389fb86cbb76fa598256","2026-04-23T15:19:59.926000","2026-04-23T15:19:59.926000","service_20f63310-1e7c-45d0-b0d5-32d80f7be796","false"
"69ea38983b398729f2878dc5","0","NC-0000000113","69ea389fb86cbb76fa598257","2026-04-23T15:19:59.926000","2026-04-23T15:19:59.926000","service_20f63310-1e7c-45d0-b0d5-32d80f7be796","false"
"69ea38983b398729f2878dc5","0","NC-0000000138","69ea389fb86cbb76fa598258","2026-04-23T15:19:59.926000","2026-04-23T15:19:59.926000","service_20f63310-1e7c-45d0-b0d5-32d80f7be796","false"
"69ea38983b398729f2878dc5","0","NC-0000000303","69ea389fb86cbb76fa598259","2026-04-23T15:19:59.926000","2026-04-23T15:19:59.926000","service_20f63310-1e7c-45d0-b0d5-32d80f7be796","false"
"69ea38983b398729f2878dc5","0","NC-0000000111","69ea389fb86cbb76fa59825a","2026-04-23T15:19:59.926000","2026-04-23T15:19:59.926000","service_20f63310-1e7c-45d0-b0d5-32d80f7be796","false"
"69ea38983b398729f2878dc5","0","NC-0000000137","69ea389fb86cbb76fa59825b","2026-04-23T15:19:59.926000","2026-04-23T15:19:59.926000","service_20f63310-1e7c-45d0-b0d5-32d80f7be796","false"
"69ea38983b398729f2878dc5","0","NC-0000000084","69ea389fb86cbb76fa59825c","2026-04-23T15:19:59.926000","2026-04-23T15:19:59.926000","service_20f63310-1e7c-45d0-b0d5-32d80f7be796","false"
"69ea38983b398729f2878dc5","0","NC-0000000131","69ea389fb86cbb76fa59825d","2026-04-23T15:19:59.926000","2026-04-23T15:19:59.926000","service_20f63310-1e7c-45d0-b0d5-32d80f7be796","false"
"69ea3899aae785065168a93a","0","NC-0000000192","69ea389fb86cbb76fa59825e","2026-04-23T15:19:59.926000","2026-04-23T15:19:59.926000","service_20f63310-1e7c-45d0-b0d5-32d80f7be796","false"
"69ea3899aae785065168a93a","0","NC-0000000072","69ea389fb86cbb76fa59825f","2026-04-23T15:19:59.926000","2026-04-23T15:19:59.926000","service_20f63310-1e7c-45d0-b0d5-32d80f7be796","false"
"69ea3899aae785065168a93a","0","NC-0000000208","69ea389fb86cbb76fa598260","2026-04-23T15:19:59.926000","2026-04-23T15:19:59.926000","service_20f63310-1e7c-45d0-b0d5-32d80f7be796","false"
"69ea3899aae785065168a93a","0","NC-0000000139","69ea389fb86cbb76fa598261","2026-04-23T15:19:59.926000","2026-04-23T15:19:59.926000","service_20f63310-1e7c-45d0-b0d5-32d80f7be796","false"
"69ea3899aae785065168a93a","0","NC-0000000091","69ea389fb86cbb76fa598262","2026-04-23T15:19:59.926000","2026-04-23T15:19:59.926000","service_20f63310-1e7c-45d0-b0d5-32d80f7be796","false"
"69ea3899aae785065168a93a","0","NC-0000000190","69ea389fb86cbb76fa598263","2026-04-23T15:19:59.926000","2026-04-23T15:19:59.926000","service_20f63310-1e7c-45d0-b0d5-32d80f7be796","false"
"69ea3899aae785065168a93a","0","NC-0000000079","69ea389fb86cbb76fa598264","2026-04-23T15:19:59.926000","2026-04-23T15:19:59.926000","service_20f63310-1e7c-45d0-b0d5-32d80f7be796","false"
"69ea389944b43b51f2ab8c67","0","NC-0000000085","69ea389fb86cbb76fa598265","2026-04-23T15:19:59.926000","2026-04-23T15:19:59.926000","service_20f63310-1e7c-45d0-b0d5-32d80f7be796","false"
"69ea389944b43b51f2ab8c67","0","NC-0000000115","69ea389fb86cbb76fa598266","2026-04-23T15:19:59.926000","2026-04-23T15:19:59.926000","service_20f63310-1e7c-45d0-b0d5-32d80f7be796","false"
"69ea389944b43b51f2ab8c67","0","NC-0000000134","69ea389fb86cbb76fa598267","2026-04-23T15:19:59.926000","2026-04-23T15:19:59.926000","service_20f63310-1e7c-45d0-b0d5-32d80f7be796","false"
"69ea389944b43b51f2ab8c67","0","NC-0000000121","69ea389fb86cbb76fa598268","2026-04-23T15:19:59.926000","2026-04-23T15:19:59.926000","service_20f63310-1e7c-45d0-b0d5-32d80f7be796","false"
"69ea389944b43b51f2ab8c67","0","NC-0000000112","69ea389fb86cbb76fa598269","2026-04-23T15:19:59.926000","2026-04-23T15:19:59.926000","service_20f63310-1e7c-45d0-b0d5-32d80f7be796","false"
"69ea389944b43b51f2ab8c67","0","NC-0000000142","69ea389fb86cbb76fa59826a","2026-04-23T15:19:59.926000","2026-04-23T15:19:59.926000","service_20f63310-1e7c-45d0-b0d5-32d80f7be796","false"
"69ea389944b43b51f2ab8c67","0","NC-0000000086","69ea389fb86cbb76fa59826b","2026-04-23T15:19:59.926000","2026-04-23T15:19:59.926000","service_20f63310-1e7c-45d0-b0d5-32d80f7be796","false"
"69ea389944b43b51f2ab8c67","0","NC-0000000087","69ea389fb86cbb76fa59826c","2026-04-23T15:19:59.926000","2026-04-23T15:19:59.926000","service_20f63310-1e7c-45d0-b0d5-32d80f7be796","false"
"69ea38992926f26fd199b9c9","0","NC-0000000103","69ea389fb86cbb76fa59826d","2026-04-23T15:19:59.926000","2026-04-23T15:19:59.926000","service_20f63310-1e7c-45d0-b0d5-32d80f7be796","false"
"69ea38992926f26fd199b9c9","0","NC-0000000209","69ea389fb86cbb76fa59826e","2026-04-23T15:19:59.926000","2026-04-23T15:19:59.926000","service_20f63310-1e7c-45d0-b0d5-32d80f7be796","false"
"69ea38992926f26fd199b9c9","0","NC-0000000081","69ea389fb86cbb76fa59826f","2026-04-23T15:19:59.926000","2026-04-23T15:19:59.926000","service_20f63310-1e7c-45d0-b0d5-32d80f7be796","false"
"69ea38992926f26fd199b9c9","0","NC-0000000178","69ea389fb86cbb76fa598270","2026-04-23T15:19:59.926000","2026-04-23T15:19:59.926000","service_20f63310-1e7c-45d0-b0d5-32d80f7be796","false"
"69ea389da42109fd61f3889d","0","NC-0000000127","69ea389fb86cbb76fa598271","2026-04-23T15:19:59.926000","2026-04-23T15:19:59.926000","service_20f63310-1e7c-45d0-b0d5-32d80f7be796","false"
"69ea389da42109fd61f3889d","0","NC-0000000089","69ea389fb86cbb76fa598272","2026-04-23T15:19:59.926000","2026-04-23T15:19:59.926000","service_20f63310-1e7c-45d0-b0d5-32d80f7be796","false"
"69ea389da42109fd61f3889d","0","NC-0000000147","69ea389fb86cbb76fa598273","2026-04-23T15:19:59.926000","2026-04-23T15:19:59.926000","service_20f63310-1e7c-45d0-b0d5-32d80f7be796","false"
"69ea389da42109fd61f3889d","0","NC-0000000203","69ea389fb86cbb76fa598274","2026-04-23T15:19:59.926000","2026-04-23T15:19:59.926000","service_20f63310-1e7c-45d0-b0d5-32d80f7be796","false"
"69ea389da42109fd61f3889d","0","NC-0000000307","69ea389fb86cbb76fa598275","2026-04-23T15:19:59.926000","2026-04-23T15:19:59.926000","service_20f63310-1e7c-45d0-b0d5-32d80f7be796","false"
"69ea389da42109fd61f3889d","0","NC-0000000306","69ea389fb86cbb76fa598276","2026-04-23T15:19:59.926000","2026-04-23T15:19:59.926000","service_20f63310-1e7c-45d0-b0d5-32d80f7be796","false"
"69ea389da42109fd61f3889d","0","NC-0000000158","69ea389fb86cbb76fa598277","2026-04-23T15:19:59.926000","2026-04-23T15:19:59.926000","service_20f63310-1e7c-45d0-b0d5-32d80f7be796","false"
"69ea389da42109fd61f3889d","0","NC-0000000305","69ea389fb86cbb76fa598278","2026-04-23T15:19:59.926000","2026-04-23T15:19:59.926000","service_20f63310-1e7c-45d0-b0d5-32d80f7be796","false"
"69ea389da4087236fbfa2152","0","NC-0000000157","69ea389fb86cbb76fa598279","2026-04-23T15:19:59.926000","2026-04-23T15:19:59.926000","service_20f63310-1e7c-45d0-b0d5-32d80f7be796","false"
"69ea389da4087236fbfa2152","0","NC-0000000109","69ea389fb86cbb76fa59827a","2026-04-23T15:19:59.926000","2026-04-23T15:19:59.926000","service_20f63310-1e7c-45d0-b0d5-32d80f7be796","false"
"69ea389da4087236fbfa2152","0","NC-0000000119","69ea389fb86cbb76fa59827b","2026-04-23T15:19:59.926000","2026-04-23T15:19:59.926000","service_20f63310-1e7c-45d0-b0d5-32d80f7be796","false"
"69ea389da4087236fbfa2152","0","NC-0000000094","69ea389fb86cbb76fa59827c","2026-04-23T15:19:59.926000","2026-04-23T15:19:59.926000","service_20f63310-1e7c-45d0-b0d5-32d80f7be796","false"
"69ea389e11c39be4aaf199c4","0","NC-0000000062","69ea389fb86cbb76fa59827d","2026-04-23T15:19:59.926000","2026-04-23T15:19:59.926000","service_20f63310-1e7c-45d0-b0d5-32d80f7be796","false"
"69ea389e11c39be4aaf199c4","0","NC-0000000006","69ea389fb86cbb76fa59827e","2026-04-23T15:19:59.926000","2026-04-23T15:19:59.926000","service_20f63310-1e7c-45d0-b0d5-32d80f7be796","false"
"69ea389e11c39be4aaf199c4","0","NC-0000000018","69ea389fb86cbb76fa59827f","2026-04-23T15:19:59.926000","2026-04-23T15:19:59.926000","service_20f63310-1e7c-45d0-b0d5-32d80f7be796","false"
"69ea389e11c39be4aaf199c4","0","NC-0000000045","69ea389fb86cbb76fa598280","2026-04-23T15:19:59.926000","2026-04-23T15:19:59.926000","service_20f63310-1e7c-45d0-b0d5-32d80f7be796","false"
"69ea389e11c39be4aaf199c4","0","NC-0000000061","69ea389fb86cbb76fa598281","2026-04-23T15:19:59.926000","2026-04-23T15:19:59.926000","service_20f63310-1e7c-45d0-b0d5-32d80f7be796","false"
"69ea389e11c39be4aaf199c4","0","NC-0000000040","69ea389fb86cbb76fa598282","2026-04-23T15:19:59.926000","2026-04-23T15:19:59.926000","service_20f63310-1e7c-45d0-b0d5-32d80f7be796","false"
"69ea389e11c39be4aaf199c4","0","NC-0000000031","69ea389fb86cbb76fa598283","2026-04-23T15:19:59.926000","2026-04-23T15:19:59.926000","service_20f63310-1e7c-45d0-b0d5-32d80f7be796","false"
"69ea389e5a79708603b390d1","0","NC-0000000098","69ea389fb86cbb76fa598284","2026-04-23T15:19:59.926000","2026-04-23T15:19:59.926000","service_20f63310-1e7c-45d0-b0d5-32d80f7be796","false"
"69ea389e5a79708603b390d1","0","NC-0000000164","69ea389fb86cbb76fa598285","2026-04-23T15:19:59.926000","2026-04-23T15:19:59.926000","service_20f63310-1e7c-45d0-b0d5-32d80f7be796","false"
"69ea389e5a79708603b390d1","0","NC-0000000304","69ea389fb86cbb76fa598286","2026-04-23T15:19:59.926000","2026-04-23T15:19:59.926000","service_20f63310-1e7c-45d0-b0d5-32d80f7be796","false"
"69ea389e5a79708603b390d1","0","NC-0000000126","69ea389fb86cbb76fa598287","2026-04-23T15:19:59.926000","2026-04-23T15:19:59.926000","service_20f63310-1e7c-45d0-b0d5-32d80f7be796","false"
"69ea389e5a79708603b390d1","0","NC-0000000110","69ea389fb86cbb76fa598288","2026-04-23T15:19:59.926000","2026-04-23T15:19:59.926000","service_20f63310-1e7c-45d0-b0d5-32d80f7be796","false"
"69ea389e5a79708603b390d1","0","NC-0000000132","69ea389fb86cbb76fa598289","2026-04-23T15:19:59.926000","2026-04-23T15:19:59.926000","service_20f63310-1e7c-45d0-b0d5-32d80f7be796","false"
"69ea389e5a79708603b390d1","0","NC-0000000151","69ea389fb86cbb76fa59828a","2026-04-23T15:19:59.926000","2026-04-23T15:19:59.926000","service_20f63310-1e7c-45d0-b0d5-32d80f7be796","false"
"69ea389e5a79708603b390d1","0","NC-0000000077","69ea389fb86cbb76fa59828b","2026-04-23T15:19:59.926000","2026-04-23T15:19:59.926000","service_20f63310-1e7c-45d0-b0d5-32d80f7be796","false"
"69ea389e5a79708603b390d1","0","NC-0000000120","69ea389fb86cbb76fa59828c","2026-04-23T15:19:59.926000","2026-04-23T15:19:59.926000","service_20f63310-1e7c-45d0-b0d5-32d80f7be796","false"
"69ea38970733d7fa93a84fd7","0","NC-0000000310","69ea389fb86cbb76fa598240","2026-04-23T15:19:59.925000","2026-04-23T15:19:59.925000","service_20f63310-1e7c-45d0-b0d5-32d80f7be796","false"
"69ea38970733d7fa93a84fd7","0","NC-0000000191","69ea389fb86cbb76fa598241","2026-04-23T15:19:59.925000","2026-04-23T15:19:59.925000","service_20f63310-1e7c-45d0-b0d5-32d80f7be796","false"
"69ea38970733d7fa93a84fd7","0","NC-0000000129","69ea389fb86cbb76fa598242","2026-04-23T15:19:59.925000","2026-04-23T15:19:59.925000","service_20f63310-1e7c-45d0-b0d5-32d80f7be796","false"
"69ea38970733d7fa93a84fd7","0","NC-0000000101","69ea389fb86cbb76fa598243","2026-04-23T15:19:59.925000","2026-04-23T15:19:59.925000","service_20f63310-1e7c-45d0-b0d5-32d80f7be796","false"
"69ea38970733d7fa93a84fd7","0","NC-0000000105","69ea389fb86cbb76fa598244","2026-04-23T15:19:59.925000","2026-04-23T15:19:59.925000","service_20f63310-1e7c-45d0-b0d5-32d80f7be796","false"
"69e8b300d6a38b725c6678cc","0","NC-0000000120","69e8b30125a78b4f1948524d","2026-04-22T11:37:37.605000","2026-04-22T11:37:37.605000","service_20f63310-1e7c-45d0-b0d5-32d80f7be796","false"
"69e8b300d6a38b725c6678cc","0","NC-0000000114","69e8b30125a78b4f1948524e","2026-04-22T11:37:37.605000","2026-04-22T11:37:37.605000","service_20f63310-1e7c-45d0-b0d5-32d80f7be796","false"
"69e8b300d6a38b725c6678cc","0","NC-0000000118","69e8b30125a78b4f1948524f","2026-04-22T11:37:37.605000","2026-04-22T11:37:37.605000","service_20f63310-1e7c-45d0-b0d5-32d80f7be796","false"
"69e8b300d6a38b725c6678cc","0","NC-0000000068","69e8b30125a78b4f19485250","2026-04-22T11:37:37.605000","2026-04-22T11:37:37.605000","service_20f63310-1e7c-45d0-b0d5-32d80f7be796","false"
"69e8b300d6a38b725c6678cc","0","NC-0000000143","69e8b30125a78b4f19485251","2026-04-22T11:37:37.605000","2026-04-22T11:37:37.605000","service_20f63310-1e7c-45d0-b0d5-32d80f7be796","false"
"69e8b2ff2381414745f2b69f","0","NC-0000000073","69e8b30125a78b4f19485233","2026-04-22T11:37:37.604000","2026-04-22T11:37:37.604000","service_20f63310-1e7c-45d0-b0d5-32d80f7be796","false"
"69e8b2ff2381414745f2b69f","0","NC-0000000161","69e8b30125a78b4f19485234","2026-04-22T11:37:37.604000","2026-04-22T11:37:37.604000","service_20f63310-1e7c-45d0-b0d5-32d80f7be796","false"
"69e8b2ff2381414745f2b69f","0","NC-0000000139","69e8b30125a78b4f19485235","2026-04-22T11:37:37.604000","2026-04-22T11:37:37.604000","service_20f63310-1e7c-45d0-b0d5-32d80f7be796","false"
"69e8b300bf0e235972621545","0","NC-0000000127","69e8b30125a78b4f19485236","2026-04-22T11:37:37.604000","2026-04-22T11:37:37.604000","service_20f63310-1e7c-45d0-b0d5-32d80f7be796","false"
"69e8b300bf0e235972621545","0","NC-0000000089","69e8b30125a78b4f19485237","2026-04-22T11:37:37.604000","2026-04-22T11:37:37.604000","service_20f63310-1e7c-45d0-b0d5-32d80f7be796","false"
"69e8b300bf0e235972621545","0","NC-0000000147","69e8b30125a78b4f19485238","2026-04-22T11:37:37.604000","2026-04-22T11:37:37.604000","service_20f63310-1e7c-45d0-b0d5-32d80f7be796","false"
"69e8b300bf0e235972621545","0","NC-0000000203","69e8b30125a78b4f19485239","2026-04-22T11:37:37.604000","2026-04-22T11:37:37.604000","service_20f63310-1e7c-45d0-b0d5-32d80f7be796","false"
"69e8b300bf0e235972621545","0","NC-0000000156","69e8b30125a78b4f1948523a","2026-04-22T11:37:37.604000","2026-04-22T11:37:37.604000","service_20f63310-1e7c-45d0-b0d5-32d80f7be796","false"
"69e8b300bf0e235972621545","0","NC-0000000307","69e8b30125a78b4f1948523b","2026-04-22T11:37:37.604000","2026-04-22T11:37:37.604000","service_20f63310-1e7c-45d0-b0d5-32d80f7be796","false"
"69e8b300bf0e235972621545","0","NC-0000000153","69e8b30125a78b4f1948523c","2026-04-22T11:37:37.604000","2026-04-22T11:37:37.604000","service_20f63310-1e7c-45d0-b0d5-32d80f7be796","false"
"69e8b300bf0e235972621545","0","NC-0000000306","69e8b30125a78b4f1948523d","2026-04-22T11:37:37.604000","2026-04-22T11:37:37.604000","service_20f63310-1e7c-45d0-b0d5-32d80f7be796","false"
"69e8b300bf0e235972621545","0","NC-0000000158","69e8b30125a78b4f1948523e","2026-04-22T11:37:37.604000","2026-04-22T11:37:37.604000","service_20f63310-1e7c-45d0-b0d5-32d80f7be796","false"
"69e8b300bf0e235972621545","0","NC-0000000305","69e8b30125a78b4f1948523f","2026-04-22T11:37:37.604000","2026-04-22T11:37:37.604000","service_20f63310-1e7c-45d0-b0d5-32d80f7be796","false"
"69e8b300bf0e235972621545","0","NC-0000000106","69e8b30125a78b4f19485240","2026-04-22T11:37:37.604000","2026-04-22T11:37:37.604000","service_20f63310-1e7c-45d0-b0d5-32d80f7be796","false"
"69df812b3936d429e8908454","0","NC-0000000301","69e8b30125a78b4f19485241","2026-04-22T11:37:37.604000","2026-04-22T11:37:37.604000","service_20f63310-1e7c-45d0-b0d5-32d80f7be796","false"
"69e8b300d6a38b725c6678cc","0","NC-0000000098","69e8b30125a78b4f19485242","2026-04-22T11:37:37.604000","2026-04-22T11:37:37.604000","service_20f63310-1e7c-45d0-b0d5-32d80f7be796","false"
"69e8b300d6a38b725c6678cc","0","NC-0000000164","69e8b30125a78b4f19485243","2026-04-22T11:37:37.604000","2026-04-22T11:37:37.604000","service_20f63310-1e7c-45d0-b0d5-32d80f7be796","false"
"69e8b300d6a38b725c6678cc","0","NC-0000000304","69e8b30125a78b4f19485244","2026-04-22T11:37:37.604000","2026-04-22T11:37:37.604000","service_20f63310-1e7c-45d0-b0d5-32d80f7be796","false"
"69e8b300d6a38b725c6678cc","0","NC-0000000126","69e8b30125a78b4f19485245","2026-04-22T11:37:37.604000","2026-04-22T11:37:37.604000","service_20f63310-1e7c-45d0-b0d5-32d80f7be796","false"
"69e8b300d6a38b725c6678cc","0","NC-0000000110","69e8b30125a78b4f19485246","2026-04-22T11:37:37.604000","2026-04-22T11:37:37.604000","service_20f63310-1e7c-45d0-b0d5-32d80f7be796","false"
"69e8b300d6a38b725c6678cc","0","NC-0000000132","69e8b30125a78b4f19485247","2026-04-22T11:37:37.604000","2026-04-22T11:37:37.604000","service_20f63310-1e7c-45d0-b0d5-32d80f7be796","false"
"69e8b300d6a38b725c6678cc","0","NC-0000000151","69e8b30125a78b4f19485248","2026-04-22T11:37:37.604000","2026-04-22T11:37:37.604000","service_20f63310-1e7c-45d0-b0d5-32d80f7be796","false"
"69e8b300d6a38b725c6678cc","0","NC-0000000123","69e8b30125a78b4f19485249","2026-04-22T11:37:37.604000","2026-04-22T11:37:37.604000","service_20f63310-1e7c-45d0-b0d5-32d80f7be796","false"
"69e8b300d6a38b725c6678cc","0","NC-0000000095","69e8b30125a78b4f1948524a","2026-04-22T11:37:37.604000","2026-04-22T11:37:37.604000","service_20f63310-1e7c-45d0-b0d5-32d80f7be796","false"
"69e8b300d6a38b725c6678cc","0","NC-0000000107","69e8b30125a78b4f1948524b","2026-04-22T11:37:37.604000","2026-04-22T11:37:37.604000","service_20f63310-1e7c-45d0-b0d5-32d80f7be796","false"
"69e8b300d6a38b725c6678cc","0","NC-0000000077","69e8b30125a78b4f1948524c","2026-04-22T11:37:37.604000","2026-04-22T11:37:37.604000","service_20f63310-1e7c-45d0-b0d5-32d80f7be796","false"
"69e63811a871750ef1cee4ec","0","NC-0000000310","69e63814dd4889f971d2cfdd","2026-04-20T14:28:36.533000","2026-04-20T14:28:36.533000","service_20f63310-1e7c-45d0-b0d5-32d80f7be796","false"
"69e63811a871750ef1cee4ec","0","NC-0000000191","69e63814dd4889f971d2cfde","2026-04-20T14:28:36.533000","2026-04-20T14:28:36.533000","service_20f63310-1e7c-45d0-b0d5-32d80f7be796","false"
"69e63811a871750ef1cee4ec","0","NC-0000000192","69e63814dd4889f971d2cfdf","2026-04-20T14:28:36.533000","2026-04-20T14:28:36.533000","service_20f63310-1e7c-45d0-b0d5-32d80f7be796","false"
"69e63811a871750ef1cee4ec","0","NC-0000000072","69e63814dd4889f971d2cfe0","2026-04-20T14:28:36.533000","2026-04-20T14:28:36.533000","service_20f63310-1e7c-45d0-b0d5-32d80f7be796","false"
"69e63811a871750ef1cee4ec","0","NC-0000000137","69e63814dd4889f971d2cfe1","2026-04-20T14:28:36.533000","2026-04-20T14:28:36.533000","service_20f63310-1e7c-45d0-b0d5-32d80f7be796","false"
"69e63811a871750ef1cee4ec","0","NC-0000000208","69e63814dd4889f971d2cfe2","2026-04-20T14:28:36.533000","2026-04-20T14:28:36.533000","service_20f63310-1e7c-45d0-b0d5-32d80f7be796","false"
"69e63811a871750ef1cee4ec","0","NC-0000000129","69e63814dd4889f971d2cfe3","2026-04-20T14:28:36.533000","2026-04-20T14:28:36.533000","service_20f63310-1e7c-45d0-b0d5-32d80f7be796","false"
"69e63811a871750ef1cee4ec","0","NC-0000000131","69e63814dd4889f971d2cfe4","2026-04-20T14:28:36.533000","2026-04-20T14:28:36.533000","service_20f63310-1e7c-45d0-b0d5-32d80f7be796","false"
"69e63811a871750ef1cee4ec","0","NC-0000000101","69e63814dd4889f971d2cfe5","2026-04-20T14:28:36.533000","2026-04-20T14:28:36.533000","service_20f63310-1e7c-45d0-b0d5-32d80f7be796","false"
"69e63811a871750ef1cee4ec","0","NC-0000000105","69e63814dd4889f971d2cfe6","2026-04-20T14:28:36.533000","2026-04-20T14:28:36.533000","service_20f63310-1e7c-45d0-b0d5-32d80f7be796","false"
"69e63811a871750ef1cee4ec","0","NC-0000000124","69e63814dd4889f971d2cfe7","2026-04-20T14:28:36.533000","2026-04-20T14:28:36.533000","service_20f63310-1e7c-45d0-b0d5-32d80f7be796","false"
"69e63811a871750ef1cee4ec","0","NC-0000000091","69e63814dd4889f971d2cfe8","2026-04-20T14:28:36.533000","2026-04-20T14:28:36.533000","service_20f63310-1e7c-45d0-b0d5-32d80f7be796","false"
"69e63811a871750ef1cee4ec","0","NC-0000000093","69e63814dd4889f971d2cfe9","2026-04-20T14:28:36.533000","2026-04-20T14:28:36.533000","service_20f63310-1e7c-45d0-b0d5-32d80f7be796","false"
"69e63811a871750ef1cee4ec","0","NC-0000000190","69e63814dd4889f971d2cfea","2026-04-20T14:28:36.533000","2026-04-20T14:28:36.533000","service_20f63310-1e7c-45d0-b0d5-32d80f7be796","false"
"69e63811a871750ef1cee4ec","0","NC-0000000079","69e63814dd4889f971d2cfeb","2026-04-20T14:28:36.533000","2026-04-20T14:28:36.533000","service_20f63310-1e7c-45d0-b0d5-32d80f7be796","false"
"69e63812c75d78bd6768e920","0","NC-0000000073","69e63814dd4889f971d2cfec","2026-04-20T14:28:36.533000","2026-04-20T14:28:36.533000","service_20f63310-1e7c-45d0-b0d5-32d80f7be796","false"
"69e63812c75d78bd6768e920","0","NC-0000000161","69e63814dd4889f971d2cfed","2026-04-20T14:28:36.533000","2026-04-20T14:28:36.533000","service_20f63310-1e7c-45d0-b0d5-32d80f7be796","false"
"69e63812c75d78bd6768e920","0","NC-0000000139","69e63814dd4889f971d2cfee","2026-04-20T14:28:36.533000","2026-04-20T14:28:36.533000","service_20f63310-1e7c-45d0-b0d5-32d80f7be796","false"
"69e63812c75d78bd6768e920","0","NC-0000000160","69e63814dd4889f971d2cfef","2026-04-20T14:28:36.533000","2026-04-20T14:28:36.533000","service_20f63310-1e7c-45d0-b0d5-32d80f7be796","false"
"69df812c243c47861feb6041","0","NC-0000000008","69df8140e43dd528bfbc5ce8","2026-04-15T12:14:56.169000","2026-04-15T12:14:56.169000","service_eb508f39-ce3d-4391-bb12-d4211c02ede9","false"
"69df812c243c47861feb6041","47","NC-0000000029","69df814075937aeaafe5e6be","2026-04-15T12:14:56.012000","2026-04-20T14:28:36.793000","service_eb508f39-ce3d-4391-bb12-d4211c02ede9","false"
"69df812c243c47861feb6041","0","NC-0000000039","69df813f0229c2645ebef56a","2026-04-15T12:14:55.853000","2026-04-15T12:14:55.853000","service_eb508f39-ce3d-4391-bb12-d4211c02ede9","false"
"69df812b85cf0a47b2a90fb3","0","NC-0000000167","69df813e4e65703e6a78c3ab","2026-04-15T12:14:54.774000","2026-04-15T12:14:54.774000","service_eb508f39-ce3d-4391-bb12-d4211c02ede9","false"
"69df812b85cf0a47b2a90fb3","0","NC-0000000181","69df813edc9536e3e2f39b89","2026-04-15T12:14:54.556000","2026-04-15T12:14:54.556000","service_eb508f39-ce3d-4391-bb12-d4211c02ede9","false"
"69df812b85cf0a47b2a90fb3","0","NC-0000000060","69df813e07b8ca4397b19ed7","2026-04-15T12:14:54.374000","2026-04-15T12:14:54.374000","service_eb508f39-ce3d-4391-bb12-d4211c02ede9","false"
"69df812b85cf0a47b2a90fb3","0","NC-0000000059","69df813e9813964ff06502ea","2026-04-15T12:14:54.188000","2026-04-15T12:14:54.188000","service_eb508f39-ce3d-4391-bb12-d4211c02ede9","false"
"69df812b85cf0a47b2a90fb3","0","NC-0000000036","69df813e489fa54d5f760e05","2026-04-15T12:14:54.029000","2026-04-15T12:14:54.029000","service_eb508f39-ce3d-4391-bb12-d4211c02ede9","false"
"69df812be43dd528bfbc5cdd","0","NC-0000000118","69df813d45429eee1cb02ffd","2026-04-15T12:14:53.857000","2026-04-15T12:14:53.857000","service_eb508f39-ce3d-4391-bb12-d4211c02ede9","false"
"69df812be43dd528bfbc5cdd","0","NC-0000000107","69df813da0aa4f088a5b7a43","2026-04-15T12:14:53.671000","2026-04-15T12:14:53.671000","service_eb508f39-ce3d-4391-bb12-d4211c02ede9","false"
"69df812be43dd528bfbc5cdd","0","NC-0000000123","69df813d2cc2660056db03b6","2026-04-15T12:14:53.505000","2026-04-15T12:14:53.505000","service_eb508f39-ce3d-4391-bb12-d4211c02ede9","false"
"69df812be43dd528bfbc5cdd","0","NC-0000000110","69df813dc17726096213f3cf","2026-04-15T12:14:53.138000","2026-04-15T12:14:53.138000","service_eb508f39-ce3d-4391-bb12-d4211c02ede9","false"
"69df812be43dd528bfbc5cdd","0","NC-0000000126","69df813cd84aeea819844b22","2026-04-15T12:14:52.963000","2026-04-15T12:14:52.963000","service_eb508f39-ce3d-4391-bb12-d4211c02ede9","false"
"69df812be43dd528bfbc5cdd","0","NC-0000000304","69df813ca99fb4818df6a8e5","2026-04-15T12:14:52.809000","2026-04-15T12:14:52.809000","service_eb508f39-ce3d-4391-bb12-d4211c02ede9","false"
"69df812be43dd528bfbc5cdd","0","NC-0000000098","69df813c005023aed0207479","2026-04-15T12:14:52.651000","2026-04-15T12:14:52.652000","service_eb508f39-ce3d-4391-bb12-d4211c02ede9","false"
"69df812b3abaf715e885f707","0","NC-0000000031","69df813c578e64a2f7081624","2026-04-15T12:14:52.487000","2026-04-15T12:14:52.487000","service_eb508f39-ce3d-4391-bb12-d4211c02ede9","false"
"69df812b3abaf715e885f707","0","NC-0000000040","69df813cd1bb5839994efa58","2026-04-15T12:14:52.288000","2026-04-15T12:14:52.288000","service_eb508f39-ce3d-4391-bb12-d4211c02ede9","false"
"69df812b3abaf715e885f707","0","NC-0000000061","69df813cc24c38376bb93755","2026-04-15T12:14:52.125000","2026-04-15T12:14:52.125000","service_eb508f39-ce3d-4391-bb12-d4211c02ede9","false"
"69df812b3abaf715e885f707","0","NC-0000000045","69df813b68cde86c00ac7f2f","2026-04-15T12:14:51.963000","2026-04-15T12:14:51.963000","service_eb508f39-ce3d-4391-bb12-d4211c02ede9","false"
"69df812b3abaf715e885f707","0","NC-0000000018","69df813b32ba0b18263f2e92","2026-04-15T12:14:51.754000","2026-04-15T12:14:51.754000","service_eb508f39-ce3d-4391-bb12-d4211c02ede9","false"
"69df812b3abaf715e885f707","0","NC-0000000006","69df813b153d755432972c88","2026-04-15T12:14:51.502000","2026-04-15T12:14:51.502000","service_eb508f39-ce3d-4391-bb12-d4211c02ede9","false"
"69df812b3abaf715e885f707","0","NC-0000000062","69df813bbbe83d2765023879","2026-04-15T12:14:51.136000","2026-04-15T12:14:51.136000","service_eb508f39-ce3d-4391-bb12-d4211c02ede9","false"
"69df812b3936d429e8908454","0","NC-0000000149","69df813a4ff99150e0be5c4a","2026-04-15T12:14:50.979000","2026-04-15T12:14:50.979000","service_eb508f39-ce3d-4391-bb12-d4211c02ede9","false"
"69df812b3936d429e8908454","0","NC-0000000302","69df813a67075e93de0a2ada","2026-04-15T12:14:50.815000","2026-04-15T12:14:50.815000","service_eb508f39-ce3d-4391-bb12-d4211c02ede9","false"
"69df812b3936d429e8908454","0","NC-0000000094","69df813a9f122efd27f80cc2","2026-04-15T12:14:50.648000","2026-04-15T12:14:50.648000","service_eb508f39-ce3d-4391-bb12-d4211c02ede9","false"
"69df812b3936d429e8908454","0","NC-0000000119","69df813ae304fb00efce45c7","2026-04-15T12:14:50.488000","2026-04-15T12:14:50.488000","service_eb508f39-ce3d-4391-bb12-d4211c02ede9","false"
"69df812b3936d429e8908454","0","NC-0000000109","69df813af63f0f63c6f0512c","2026-04-15T12:14:50.329000","2026-04-15T12:14:50.329000","service_eb508f39-ce3d-4391-bb12-d4211c02ede9","false"
"69df812b3936d429e8908454","0","NC-0000000122","69df813a6e597297ba3a2930","2026-04-15T12:14:50.134000","2026-04-15T12:14:50.134000","service_eb508f39-ce3d-4391-bb12-d4211c02ede9","false"
"69df812b3936d429e8908454","0","NC-0000000157","69df8139465ecd3bcba764cd","2026-04-15T12:14:49.963000","2026-04-15T12:14:49.963000","service_eb508f39-ce3d-4391-bb12-d4211c02ede9","false"
"69df812b3936d429e8908454","0","NC-0000000163","69df8139bffc0cc023475638","2026-04-15T12:14:49.763000","2026-04-15T12:14:49.763000","service_eb508f39-ce3d-4391-bb12-d4211c02ede9","false"
"69df812bfa74061e3bc6edcf","0","NC-0000000106","69df8139478b071cb050a9a7","2026-04-15T12:14:49.617000","2026-04-15T12:14:49.617000","service_eb508f39-ce3d-4391-bb12-d4211c02ede9","false"
"69df812bfa74061e3bc6edcf","0","NC-0000000305","69df8139470e88ce7d243bb9","2026-04-15T12:14:49.270000","2026-04-15T12:14:49.270000","service_eb508f39-ce3d-4391-bb12-d4211c02ede9","false"
"69df812bfa74061e3bc6edcf","0","NC-0000000158","69df8139438e2b094ab16701","2026-04-15T12:14:49.124000","2026-04-15T12:14:49.124000","service_eb508f39-ce3d-4391-bb12-d4211c02ede9","false"
"69df812bfa74061e3bc6edcf","0","NC-0000000143","69df81387c010b78b1e16a36","2026-04-15T12:14:48.952000","2026-04-15T12:14:48.952000","service_eb508f39-ce3d-4391-bb12-d4211c02ede9","false"
"69df812bfa74061e3bc6edcf","0","NC-0000000068","69df8138d7530f2bbcd75af8","2026-04-15T12:14:48.781000","2026-04-15T12:14:48.781000","service_eb508f39-ce3d-4391-bb12-d4211c02ede9","false"
"69df812bfa74061e3bc6edcf","0","NC-0000000306","69df8138485c1e4b6c48e487","2026-04-15T12:14:48.597000","2026-04-15T12:14:48.597000","service_eb508f39-ce3d-4391-bb12-d4211c02ede9","false"
"69df812bfa74061e3bc6edcf","0","NC-0000000114","69df81387c010b78b1e16a35","2026-04-15T12:14:48.405000","2026-04-15T12:14:48.405000","service_eb508f39-ce3d-4391-bb12-d4211c02ede9","false"
"69df812bfa74061e3bc6edcf","0","NC-0000000120","69df8138a2ee24d867db9f91","2026-04-15T12:14:48.240000","2026-04-15T12:14:48.240000","service_eb508f39-ce3d-4391-bb12-d4211c02ede9","false"
"69df812bfa74061e3bc6edcf","0","NC-0000000077","69df8138c7154cfb551d5709","2026-04-15T12:14:48.079000","2026-04-15T12:14:48.079000","service_eb508f39-ce3d-4391-bb12-d4211c02ede9","false"
"69df812bfa74061e3bc6edcf","0","NC-0000000095","69df8137dc2145a8da9f9ba9","2026-04-15T12:14:47.900000","2026-04-15T12:14:47.900000","service_eb508f39-ce3d-4391-bb12-d4211c02ede9","false"
"69df812bfa74061e3bc6edcf","0","NC-0000000151","69df8137251ae3615775caf1","2026-04-15T12:14:47.724000","2026-04-15T12:14:47.724000","service_eb508f39-ce3d-4391-bb12-d4211c02ede9","false"
"69df812bfa74061e3bc6edcf","0","NC-0000000132","69df813724dd120a5ef09943","2026-04-15T12:14:47.327000","2026-04-15T12:14:47.327000","service_eb508f39-ce3d-4391-bb12-d4211c02ede9","false"
"69df812bfa74061e3bc6edcf","0","NC-0000000153","69df8137c9053bc30bca3c5c","2026-04-15T12:14:47.156000","2026-04-15T12:14:47.156000","service_eb508f39-ce3d-4391-bb12-d4211c02ede9","false"
"69df812bfa74061e3bc6edcf","0","NC-0000000164","69df813602c4427fcbbde946","2026-04-15T12:14:46.997000","2026-04-15T12:14:46.997000","service_eb508f39-ce3d-4391-bb12-d4211c02ede9","false"
"69df812bfa74061e3bc6edcf","0","NC-0000000301","69df8136fd9cf95b45cbf240","2026-04-15T12:14:46.806000","2026-04-15T12:14:46.806000","service_eb508f39-ce3d-4391-bb12-d4211c02ede9","false"
"69df812bfa74061e3bc6edcf","0","NC-0000000307","69df8136ef567f12624375ab","2026-04-15T12:14:46.649000","2026-04-15T12:14:46.649000","service_eb508f39-ce3d-4391-bb12-d4211c02ede9","false"
"69df812bfa74061e3bc6edcf","0","NC-0000000156","69df81366444084daf4870a8","2026-04-15T12:14:46.464000","2026-04-15T12:14:46.464000","service_eb508f39-ce3d-4391-bb12-d4211c02ede9","false"
"69df812bfa74061e3bc6edcf","0","NC-0000000203","69df8136c6d0a73274c849e5","2026-04-15T12:14:46.279000","2026-04-15T12:14:46.279000","service_eb508f39-ce3d-4391-bb12-d4211c02ede9","false"
"69df812bfa74061e3bc6edcf","0","NC-0000000147","69df81363a71df012fa5eb3c","2026-04-15T12:14:46.102000","2026-04-15T12:14:46.102000","service_eb508f39-ce3d-4391-bb12-d4211c02ede9","false"
"69df812bfa74061e3bc6edcf","0","NC-0000000127","69df8135773ab636c5461a50","2026-04-15T12:14:45.951000","2026-04-15T12:14:45.951000","service_eb508f39-ce3d-4391-bb12-d4211c02ede9","false"
"69df812bfa74061e3bc6edcf","0","NC-0000000097","69df8135d221469d28382a24","2026-04-15T12:14:45.782000","2026-04-15T12:14:45.782000","service_eb508f39-ce3d-4391-bb12-d4211c02ede9","false"
"69df812b876d59edd8355a81","0","NC-0000000087","69df8135abd7be77cc3151de","2026-04-15T12:14:45.401000","2026-04-15T12:14:45.401000","service_eb508f39-ce3d-4391-bb12-d4211c02ede9","false"
"69df812b876d59edd8355a81","0","NC-0000000086","69df813507b8ca4397b19ed4","2026-04-15T12:14:45.203000","2026-04-15T12:14:45.203000","service_eb508f39-ce3d-4391-bb12-d4211c02ede9","false"
"69df812b876d59edd8355a81","0","NC-0000000142","69df8135ed0ef3286eb7bb5f","2026-04-15T12:14:45.032000","2026-04-15T12:14:45.032000","service_eb508f39-ce3d-4391-bb12-d4211c02ede9","false"
"69df812b876d59edd8355a81","0","NC-0000000130","69df813448cc10b4fdcf8723","2026-04-15T12:14:44.860000","2026-04-15T12:14:44.860000","service_eb508f39-ce3d-4391-bb12-d4211c02ede9","false"
"69df812b876d59edd8355a81","1","NC-0000000148","69df813419c41b14e958ccba","2026-04-15T12:14:44.669000","2026-04-20T14:28:36.796000","service_eb508f39-ce3d-4391-bb12-d4211c02ede9","false"
"69df812b876d59edd8355a81","0","NC-0000000112","69df81340a94917078ccc929","2026-04-15T12:14:44.514000","2026-04-15T12:14:44.514000","service_eb508f39-ce3d-4391-bb12-d4211c02ede9","false"
"69df812b876d59edd8355a81","0","NC-0000000121","69df8134250b43f700284596","2026-04-15T12:14:44.338000","2026-04-15T12:14:44.338000","service_eb508f39-ce3d-4391-bb12-d4211c02ede9","false"
"69df812b876d59edd8355a81","0","NC-0000000134","69df8134f40865c098939b0d","2026-04-15T12:14:44.178000","2026-04-15T12:14:44.178000","service_eb508f39-ce3d-4391-bb12-d4211c02ede9","false"
"69df812b876d59edd8355a81","0","NC-0000000115","69df8134bbe83d2765023878","2026-04-15T12:14:44.017000","2026-04-15T12:14:44.017000","service_eb508f39-ce3d-4391-bb12-d4211c02ede9","false"
"69df812b876d59edd8355a81","0","NC-0000000085","69df8133bd15319e4b17660a","2026-04-15T12:14:43.850000","2026-04-15T12:14:43.850000","service_eb508f39-ce3d-4391-bb12-d4211c02ede9","false"
"69df812a7ca3a3941ddb43a6","0","NC-0000000178","69df8133f7988bea6e9ba7aa","2026-04-15T12:14:43.498000","2026-04-15T12:14:43.498000","service_eb508f39-ce3d-4391-bb12-d4211c02ede9","false"
"69df812a7ca3a3941ddb43a6","0","NC-0000000067","69df813346b72364a1755e8d","2026-04-15T12:14:43.333000","2026-04-15T12:14:43.333000","service_eb508f39-ce3d-4391-bb12-d4211c02ede9","false"
"69df812a7ca3a3941ddb43a6","0","NC-0000000069","69df81337f1940fb6ce0ebb8","2026-04-15T12:14:43.155000","2026-04-15T12:14:43.155000","service_eb508f39-ce3d-4391-bb12-d4211c02ede9","false"
"69df812a7ca3a3941ddb43a6","0","NC-0000000117","69df8132c27d3ced6bbdd789","2026-04-15T12:14:42.997000","2026-04-15T12:14:42.997000","service_eb508f39-ce3d-4391-bb12-d4211c02ede9","false"
"69df812a7ca3a3941ddb43a6","0","NC-0000000150","69df8132c394e8e45123d9bf","2026-04-15T12:14:42.815000","2026-04-15T12:14:42.815000","service_eb508f39-ce3d-4391-bb12-d4211c02ede9","false"
"69df812a7ca3a3941ddb43a6","0","NC-0000000177","69df8132e88078a210e8509f","2026-04-15T12:14:42.663000","2026-04-15T12:14:42.663000","service_eb508f39-ce3d-4391-bb12-d4211c02ede9","false"
"69df812a7ca3a3941ddb43a6","0","NC-0000000081","69df81326eda6b0601304958","2026-04-15T12:14:42.496000","2026-04-15T12:14:42.496000","service_eb508f39-ce3d-4391-bb12-d4211c02ede9","false"
"69df812a7ca3a3941ddb43a6","0","NC-0000000209","69df81323c9b0a24dacb815a","2026-04-15T12:14:42.359000","2026-04-15T12:14:42.359000","service_eb508f39-ce3d-4391-bb12-d4211c02ede9","false"
"69df812a7ca3a3941ddb43a6","0","NC-0000000103","69df8132fe17bbe462ff69bd","2026-04-15T12:14:42.176000","2026-04-15T12:14:42.176000","service_eb508f39-ce3d-4391-bb12-d4211c02ede9","false"
"69df812a7ca3a3941ddb43a6","0","NC-0000000135","69df8132565ba6798a71329a","2026-04-15T12:14:42.010000","2026-04-15T12:14:42.010000","service_eb508f39-ce3d-4391-bb12-d4211c02ede9","false"
"69cfbe12f335e604ba3cf8f6","0","NC-0000000123","69cfbe27c5d45f5e70b0b692","2026-04-03T13:18:31.065000","2026-04-03T13:18:31.065000","service_eb508f39-ce3d-4391-bb12-d4211c02ede9","false"
"69cfbe12f335e604ba3cf8f6","0","NC-0000000107","69cfbe26804b3b8c821917bd","2026-04-03T13:18:30.899000","2026-04-03T13:18:30.899000","service_eb508f39-ce3d-4391-bb12-d4211c02ede9","false"
"69cfbe12f335e604ba3cf8f6","0","NC-0000000110","69cfbe26455d13a6906d80f2","2026-04-03T13:18:30.754000","2026-04-03T13:18:30.754000","service_eb508f39-ce3d-4391-bb12-d4211c02ede9","false"
"69cfbe12f335e604ba3cf8f6","0","NC-0000000098","69cfbe26911ad5ea6a6b4866","2026-04-03T13:18:30.594000","2026-04-03T13:18:30.594000","service_eb508f39-ce3d-4391-bb12-d4211c02ede9","false"
"69cfbe12f335e604ba3cf8f6","0","NC-0000000126","69cfbe268010c746748c3241","2026-04-03T13:18:30.430000","2026-04-03T13:18:30.430000","service_eb508f39-ce3d-4391-bb12-d4211c02ede9","false"
"69cfbe12b6ddc974b9a2123a","0","NC-0000000035","69cfbe2690b2f17d895a2e3d","2026-04-03T13:18:30.265000","2026-04-15T12:14:55.485000","service_eb508f39-ce3d-4391-bb12-d4211c02ede9","false"
"69cfbe12b6ddc974b9a2123a","0","NC-0000000009","69cfbe264a90f2600275065c","2026-04-03T13:18:30.116000","2026-04-15T12:14:54.944000","service_eb508f39-ce3d-4391-bb12-d4211c02ede9","false"
"69cfbe12b6ddc974b9a2123a","0","NC-0000000021","69cfbe2571e9f1b9d84b4536","2026-04-03T13:18:29.725000","2026-04-15T12:14:55.095000","service_eb508f39-ce3d-4391-bb12-d4211c02ede9","false"
"69cfbe12b6ddc974b9a2123a","0","NC-0000000167","69cfbe25edf8070abd24f70e","2026-04-03T13:18:29.543000","2026-04-03T13:18:29.543000","service_eb508f39-ce3d-4391-bb12-d4211c02ede9","false"
"69cfbe12b6ddc974b9a2123a","0","NC-0000000027","69cfbe250214e1dafc76445a","2026-04-03T13:18:29.372000","2026-04-15T12:14:55.698000","service_eb508f39-ce3d-4391-bb12-d4211c02ede9","false"
"69cfbe1168e6db05e025e1a7","0","NC-0000000087","69cfbe242e3e99c5381b438c","2026-04-03T13:18:28.504000","2026-04-03T13:18:28.504000","service_eb508f39-ce3d-4391-bb12-d4211c02ede9","false"
"69cfbe1168e6db05e025e1a7","0","NC-0000000142","69cfbe2490b2f17d895a2e3c","2026-04-03T13:18:28.301000","2026-04-03T13:18:28.301000","service_eb508f39-ce3d-4391-bb12-d4211c02ede9","false"
"69cfbe1168e6db05e025e1a7","0","NC-0000000108","69cfbe24a9510b1896769961","2026-04-03T13:18:28.152000","2026-04-03T13:18:28.152000","service_eb508f39-ce3d-4391-bb12-d4211c02ede9","false"
"69cc82a1df70f24fbc8259b6","0","NC-0000000036","69cfbe232282d149ffc79152","2026-04-03T13:18:27.118000","2026-04-03T13:18:27.118000","service_eb508f39-ce3d-4391-bb12-d4211c02ede9","false"
"69cc82a1df70f24fbc8259b6","0","NC-0000000181","69cfbe22205af8c686b46a95","2026-04-03T13:18:26.974000","2026-04-03T13:18:26.974000","service_eb508f39-ce3d-4391-bb12-d4211c02ede9","false"
"69cfbe11e688cebdf52d12c3","0","NC-0000000094","69cfbe214779237a4be3d842","2026-04-03T13:18:25.922000","2026-04-03T13:18:25.922000","service_eb508f39-ce3d-4391-bb12-d4211c02ede9","false"
"69cfbe11e688cebdf52d12c3","0","NC-0000000109","69cfbe211d224f2c813e6687","2026-04-03T13:18:25.748000","2026-04-03T13:18:25.748000","service_eb508f39-ce3d-4391-bb12-d4211c02ede9","false"
"69cfbe11e688cebdf52d12c3","0","NC-0000000302","69cfbe21fa3baf1c965496bd","2026-04-03T13:18:25.590000","2026-04-03T13:18:25.590000","service_eb508f39-ce3d-4391-bb12-d4211c02ede9","false"
"69cfbe11e688cebdf52d12c3","0","NC-0000000119","69cfbe21f3a093beaed82ee1","2026-04-03T13:18:25.403000","2026-04-03T13:18:25.403000","service_eb508f39-ce3d-4391-bb12-d4211c02ede9","false"
"69cfbe11e688cebdf52d12c3","0","NC-0000000163","69cfbe21d8f6dc61955b832d","2026-04-03T13:18:25.223000","2026-04-03T13:18:25.223000","service_eb508f39-ce3d-4391-bb12-d4211c02ede9","false"
"69cfbe11d4f4549854a55bb4","0","NC-0000000122","69cfbe21f7ffd20c52c5340d","2026-04-03T13:18:25.044000","2026-04-03T13:18:25.044000","service_eb508f39-ce3d-4391-bb12-d4211c02ede9","false"
"69cfbe11d4f4549854a55bb4","0","NC-0000000157","69cfbe20de4be7a4a51a3a47","2026-04-03T13:18:24.884000","2026-04-03T13:18:24.884000","service_eb508f39-ce3d-4391-bb12-d4211c02ede9","false"
"69cfbe11d4f4549854a55bb4","0","NC-0000000160","69cfbe202f68d8f449c88b7c","2026-04-03T13:18:24.714000","2026-04-03T13:18:24.714000","service_eb508f39-ce3d-4391-bb12-d4211c02ede9","false"
"69cfbe11c975f95ce25158d6","0","NC-0000000105","69cfbe204bedf97f81ddd8c5","2026-04-03T13:18:24.449000","2026-04-03T13:18:24.449000","service_eb508f39-ce3d-4391-bb12-d4211c02ede9","false"
"69cfbe11c975f95ce25158d6","0","NC-0000000101","69cfbe204838151baca9f3c1","2026-04-03T13:18:24.200000","2026-04-03T13:18:24.200000","service_eb508f39-ce3d-4391-bb12-d4211c02ede9","false"
"69cfbe11c975f95ce25158d6","0","NC-0000000129","69cfbe1f11760bd4e5e32133","2026-04-03T13:18:23.817000","2026-04-03T13:18:23.817000","service_eb508f39-ce3d-4391-bb12-d4211c02ede9","false"
"69cfbe10c3e081545ef789f9","0","NC-0000000178","69cfbe1ff82d67f20ee70da0","2026-04-03T13:18:23.669000","2026-04-03T13:18:23.669000","service_eb508f39-ce3d-4391-bb12-d4211c02ede9","false"
"69cfbe10c3e081545ef789f9","0","NC-0000000081","69cfbe1f4d1b9eebed767ca7","2026-04-03T13:18:23.455000","2026-04-03T13:18:23.455000","service_eb508f39-ce3d-4391-bb12-d4211c02ede9","false"
"69cfbe10c3e081545ef789f9","0","NC-0000000209","69cfbe1fa5a333134444b230","2026-04-03T13:18:23.349000","2026-04-03T13:18:23.349000","service_eb508f39-ce3d-4391-bb12-d4211c02ede9","false"
"69cfbe10c3e081545ef789f9","0","NC-0000000135","69cfbe1fb78cceaa0bfd6a2f","2026-04-03T13:18:23.188000","2026-04-03T13:18:23.188000","service_eb508f39-ce3d-4391-bb12-d4211c02ede9","false"
"69cfbe10c3e081545ef789f9","0","NC-0000000117","69cfbe1f17eedf655b067842","2026-04-03T13:18:23.027000","2026-04-03T13:18:23.027000","service_eb508f39-ce3d-4391-bb12-d4211c02ede9","false"
"69cfbe10c3e081545ef789f9","0","NC-0000000103","69cfbe1e57c3a0fa24f372c1","2026-04-03T13:18:22.734000","2026-04-03T13:18:22.734000","service_eb508f39-ce3d-4391-bb12-d4211c02ede9","false"
"69cfbe10c3e081545ef789f9","0","NC-0000000177","69cfbe1e06e1a1325efed563","2026-04-03T13:18:22.633000","2026-04-03T13:18:22.633000","service_eb508f39-ce3d-4391-bb12-d4211c02ede9","false"
"69cfbe10b59e7488dbb95882","0","NC-0000000086","69cfbe1ed4f4549854a55bb9","2026-04-03T13:18:22.469000","2026-04-03T13:18:22.469000","service_eb508f39-ce3d-4391-bb12-d4211c02ede9","false"
"69cfbe10b59e7488dbb95882","0","NC-0000000130","69cfbe1e8fd01868faf03f33","2026-04-03T13:18:22.302000","2026-04-03T13:18:22.302000","service_eb508f39-ce3d-4391-bb12-d4211c02ede9","false"
"69cfbe10b59e7488dbb95882","0","NC-0000000118","69cfbe1dca38b5041b42d56c","2026-04-03T13:18:21.916000","2026-04-03T13:18:21.916000","service_eb508f39-ce3d-4391-bb12-d4211c02ede9","false"
"69cfbe10b59e7488dbb95882","0","NC-0000000304","69cfbe1d4e0184830d625c66","2026-04-03T13:18:21.748000","2026-04-03T13:18:21.748000","service_eb508f39-ce3d-4391-bb12-d4211c02ede9","false"
"69cfbe10b59e7488dbb95882","0","NC-0000000112","69cfbe1d8926154e4abd373c","2026-04-03T13:18:21.605000","2026-04-03T13:18:21.605000","service_eb508f39-ce3d-4391-bb12-d4211c02ede9","false"
"69cfbe10b59e7488dbb95882","0","NC-0000000085","69cfbe1db1337bf05a239665","2026-04-03T13:18:21.466000","2026-04-03T13:18:21.466000","service_eb508f39-ce3d-4391-bb12-d4211c02ede9","false"
"69cfbe10b59e7488dbb95882","0","NC-0000000115","69cfbe1d8010c746748c3239","2026-04-03T13:18:21.307000","2026-04-03T13:18:21.307000","service_eb508f39-ce3d-4391-bb12-d4211c02ede9","false"
"69cfbe10b59e7488dbb95882","0","NC-0000000121","69cfbe1d07b776138a6723b2","2026-04-03T13:18:21.103000","2026-04-03T13:18:21.103000","service_eb508f39-ce3d-4391-bb12-d4211c02ede9","false"
"69cfbe10b59e7488dbb95882","0","NC-0000000134","69cfbe1c0d392a816c8bf4c9","2026-04-03T13:18:20.950000","2026-04-03T13:18:20.950000","service_eb508f39-ce3d-4391-bb12-d4211c02ede9","false"
"69cfbe10b59e7488dbb95882","0","NC-0000000069","69cfbe1cce67737b6c906218","2026-04-03T13:18:20.774000","2026-04-03T13:18:20.774000","service_eb508f39-ce3d-4391-bb12-d4211c02ede9","false"
"69cfbe10b59e7488dbb95882","0","NC-0000000150","69cfbe1cb75b4d477ad12f8b","2026-04-03T13:18:20.614000","2026-04-03T13:18:20.614000","service_eb508f39-ce3d-4391-bb12-d4211c02ede9","false"
"69cfbe10b59e7488dbb95882","0","NC-0000000148","69cfbe1c40498a8b514eff18","2026-04-03T13:18:20.441000","2026-04-03T13:18:20.441000","service_eb508f39-ce3d-4391-bb12-d4211c02ede9","false"
"69cfbe10a1ff6199f5df2247","0","NC-0000000106","69cfbe1cd6d2f73022eef52c","2026-04-03T13:18:20.021000","2026-04-03T13:18:20.021000","service_eb508f39-ce3d-4391-bb12-d4211c02ede9","false"
"69cfbe10a1ff6199f5df2247","0","NC-0000000153","69cfbe1bd424e0570f5471d2","2026-04-03T13:18:19.864000","2026-04-03T13:18:19.864000","service_eb508f39-ce3d-4391-bb12-d4211c02ede9","false"
"69cfbe10a1ff6199f5df2247","0","NC-0000000306","69cfbe1bfa465edf4bb0cff6","2026-04-03T13:18:19.670000","2026-04-03T13:18:19.670000","service_eb508f39-ce3d-4391-bb12-d4211c02ede9","false"
"69cfbe10a1ff6199f5df2247","20","NC-0000000095","69cfbe1bc6dfdad1aec4b5eb","2026-04-03T13:18:19.511000","2026-04-03T13:18:19.511000","service_eb508f39-ce3d-4391-bb12-d4211c02ede9","false"
"69cfbe10a1ff6199f5df2247","0","NC-0000000068","69cfbe1b755afdb948952202","2026-04-03T13:18:19.349000","2026-04-03T13:18:19.349000","service_eb508f39-ce3d-4391-bb12-d4211c02ede9","false"
"69cfbe10a1ff6199f5df2247","0","NC-0000000114","69cfbe1bd739633484dd7216","2026-04-03T13:18:19.191000","2026-04-03T13:18:19.191000","service_eb508f39-ce3d-4391-bb12-d4211c02ede9","false"
"69cfbe10a1ff6199f5df2247","0","NC-0000000151","69cfbe1a911ad5ea6a6b4861","2026-04-03T13:18:18.963000","2026-04-03T13:18:18.963000","service_eb508f39-ce3d-4391-bb12-d4211c02ede9","false"
"69cfbe10a1ff6199f5df2247","0","NC-0000000132","69cfbe1a6fe60f497687c076","2026-04-03T13:18:18.793000","2026-04-03T13:18:18.793000","service_eb508f39-ce3d-4391-bb12-d4211c02ede9","false"
"69cfbe10a1ff6199f5df2247","0","NC-0000000158","69cfbe1a881c32936a32bf87","2026-04-03T13:18:18.626000","2026-04-03T13:18:18.626000","service_eb508f39-ce3d-4391-bb12-d4211c02ede9","false"
"69cfbe10a1ff6199f5df2247","0","NC-0000000077","69cfbe1adaadec63b2542d82","2026-04-03T13:18:18.475000","2026-04-03T13:18:18.475000","service_eb508f39-ce3d-4391-bb12-d4211c02ede9","false"
"69cfbe10a1ff6199f5df2247","0","NC-0000000143","69cfbe1a4879081e8bb824b0","2026-04-03T13:18:18.082000","2026-04-03T13:18:18.082000","service_eb508f39-ce3d-4391-bb12-d4211c02ede9","false"
"69cfbe10a1ff6199f5df2247","0","NC-0000000164","69cfbe19f7e3bec180504428","2026-04-03T13:18:17.882000","2026-04-03T13:18:17.882000","service_eb508f39-ce3d-4391-bb12-d4211c02ede9","false"
"69cfbe10a1ff6199f5df2247","0","NC-0000000120","69cfbe194d08e0b3aa538b40","2026-04-03T13:18:17.716000","2026-04-03T13:18:17.716000","service_eb508f39-ce3d-4391-bb12-d4211c02ede9","false"
"69cfbe10a1ff6199f5df2247","0","NC-0000000301","69cfbe19d04b9f66408f4835","2026-04-03T13:18:17.556000","2026-04-03T13:18:17.556000","service_eb508f39-ce3d-4391-bb12-d4211c02ede9","false"
"69cfbe10a1ff6199f5df2247","0","NC-0000000149","69cfbe19e1ac5fee7666162f","2026-04-03T13:18:17.409000","2026-04-03T13:18:17.409000","service_eb508f39-ce3d-4391-bb12-d4211c02ede9","false"
"69cfbe10a1ff6199f5df2247","0","NC-0000000089","69cfbe1944e94bae21071c9a","2026-04-03T13:18:17.222000","2026-04-03T13:18:17.222000","service_eb508f39-ce3d-4391-bb12-d4211c02ede9","false"
"69cfbe10a1ff6199f5df2247","0","NC-0000000127","69cfbe195980401a4818f7ca","2026-04-03T13:18:17.057000","2026-04-03T13:18:17.057000","service_eb508f39-ce3d-4391-bb12-d4211c02ede9","false"
"69cfbe10a1ff6199f5df2247","0","NC-0000000097","69cfbe18804b3b8c821917b8","2026-04-03T13:18:16.898000","2026-04-03T13:18:16.898000","service_eb508f39-ce3d-4391-bb12-d4211c02ede9","false"
"69cfbe10a1ff6199f5df2247","0","NC-0000000203","69cfbe1878a07530a6e75066","2026-04-03T13:18:16.749000","2026-04-03T13:18:16.749000","service_eb508f39-ce3d-4391-bb12-d4211c02ede9","false"
"69cfbe10a1ff6199f5df2247","0","NC-0000000307","69cfbe18e00db79a0e32ff7b","2026-04-03T13:18:16.588000","2026-04-03T13:18:16.588000","service_eb508f39-ce3d-4391-bb12-d4211c02ede9","false"
"69cfbe10a1ff6199f5df2247","0","NC-0000000147","69cfbe186bc990ab21fa0fbc","2026-04-03T13:18:16.228000","2026-04-03T13:18:16.228000","service_eb508f39-ce3d-4391-bb12-d4211c02ede9","false"
"69cfbe10a1ff6199f5df2247","0","NC-0000000156","69cfbe1819c8407ea8397882","2026-04-03T13:18:16.053000","2026-04-03T13:18:16.053000","service_eb508f39-ce3d-4391-bb12-d4211c02ede9","false"
"69cd4f82a5fb7de5c18ec587","0","NC-0000000124","69cfbe1527b43cc37430c10b","2026-04-03T13:18:13.614000","2026-04-15T12:14:41.099000","service_eb508f39-ce3d-4391-bb12-d4211c02ede9","false"
"69cd4f82a5fb7de5c18ec587","0","NC-0000000131","69cfbe1506980385273f6da5","2026-04-03T13:18:13.432000","2026-04-15T12:14:40.942000","service_eb508f39-ce3d-4391-bb12-d4211c02ede9","false"
"69cd4f82a5fb7de5c18ec587","0","NC-0000000137","69cfbe1558d0e91a3d7c6d62","2026-04-03T13:18:13.267000","2026-04-15T12:14:40.615000","service_eb508f39-ce3d-4391-bb12-d4211c02ede9","false"
"69cd4f82a5fb7de5c18ec587","0","NC-0000000113","69cfbe151c80bf92499d0ba1","2026-04-03T13:18:13.099000","2026-04-15T12:14:39.236000","service_eb508f39-ce3d-4391-bb12-d4211c02ede9","false"
"69cd4f82a5fb7de5c18ec587","0","NC-0000000138","69cfbe149beca1f7b3badf19","2026-04-03T13:18:12.914000","2026-04-15T12:14:39.758000","service_eb508f39-ce3d-4391-bb12-d4211c02ede9","false"
"69cd4f82a5fb7de5c18ec587","0","NC-0000000111","69cfbe14608882cf3f0abe7e","2026-04-03T13:18:12.730000","2026-04-15T12:14:40.457000","service_eb508f39-ce3d-4391-bb12-d4211c02ede9","false"
"69cd4f82a5fb7de5c18ec587","0","NC-0000000084","69cfbe14b6776f32add9bbd0","2026-04-03T13:18:12.556000","2026-04-15T12:14:40.779000","service_eb508f39-ce3d-4391-bb12-d4211c02ede9","false"
"69cd4f82a5fb7de5c18ec587","0","NC-0000000144","69cfbe1406980385273f6da2","2026-04-03T13:18:12.199000","2026-04-15T12:14:40.162000","service_eb508f39-ce3d-4391-bb12-d4211c02ede9","false"
"69cd4f82a5fb7de5c18ec587","0","NC-0000000303","69cfbe14248859d2a023ef9d","2026-04-03T13:18:12.049000","2026-04-15T12:14:40.308000","service_eb508f39-ce3d-4391-bb12-d4211c02ede9","false"
"69cd4f82a5fb7de5c18ec587","0","NC-0000000104","69cfbe13c6dfdad1aec4b5e7","2026-04-03T13:18:11.897000","2026-04-15T12:14:39.578000","service_eb508f39-ce3d-4391-bb12-d4211c02ede9","false"
"69cd4f82a5fb7de5c18ec587","0","NC-0000000133","69cfbe139ec1883163ac2a75","2026-04-03T13:18:11.751000","2026-04-15T12:14:39.403000","service_eb508f39-ce3d-4391-bb12-d4211c02ede9","false"
"69cd4f834695d89aa834ce6c","0","NC-0000000052","69cfbe13fddf5eadbd3df11a","2026-04-03T13:18:11.552000","2026-04-15T12:14:41.290000","service_eb508f39-ce3d-4391-bb12-d4211c02ede9","false"
"69cd4f834695d89aa834ce6c","0","NC-0000000054","69cfbe1356a04ce3259895ec","2026-04-03T13:18:11.368000","2026-04-15T12:14:41.484000","service_eb508f39-ce3d-4391-bb12-d4211c02ede9","false"
"69cd4f834695d89aa834ce6c","0","NC-0000000053","69cfbe137b91e7fb04bafd30","2026-04-03T13:18:11.211000","2026-04-15T12:14:41.638000","service_eb508f39-ce3d-4391-bb12-d4211c02ede9","false"
"69cd4f81587ec6c19b412ec1","14","NC-0000000035","69cd4f90f6b962828564971f","2026-04-01T17:02:08.117000","2026-04-01T17:02:08.117000","service_eb508f39-ce3d-4391-bb12-d4211c02ede9","false"
"69cd4f81587ec6c19b412ec1","0","NC-0000000009","69cd4f8face6c510bb8f2c6b","2026-04-01T17:02:07.854000","2026-04-01T17:02:07.854000","service_eb508f39-ce3d-4391-bb12-d4211c02ede9","false"
"69cd4f81587ec6c19b412ec1","0","NC-0000000021","69cd4f8fcc87167120e7b23c","2026-04-01T17:02:07.614000","2026-04-01T17:02:07.614000","service_eb508f39-ce3d-4391-bb12-d4211c02ede9","false"
"69cd309edddc98127708bf0b","0","NC-0000000081","69cd30a3efa08e49995c9c2c","2026-04-01T14:50:11.623000","2026-04-01T18:25:42.976000","service_eb508f39-ce3d-4391-bb12-d4211c02ede9","false"
"69cd309edddc98127708bf0b","0","NC-0000000209","69cd30a36b3e2f865b856c11","2026-04-01T14:50:11.450000","2026-04-01T18:25:42.738000","service_eb508f39-ce3d-4391-bb12-d4211c02ede9","false"
"69cd309edddc98127708bf0b","0","NC-0000000135","69cd30a3f39a30529ee8e8a0","2026-04-01T14:50:11.222000","2026-04-01T18:25:42.494000","service_eb508f39-ce3d-4391-bb12-d4211c02ede9","false"
"69cd309edddc98127708bf0b","0","NC-0000000117","69cd30a2d74536980035901a","2026-04-01T14:50:10.909000","2026-04-01T18:25:42.241000","service_eb508f39-ce3d-4391-bb12-d4211c02ede9","false"
"69cd309edddc98127708bf0b","0","NC-0000000103","69cd30a2fa659888860a5df1","2026-04-01T14:50:10.730000","2026-04-01T18:25:41.996000","service_eb508f39-ce3d-4391-bb12-d4211c02ede9","false"
"69cd309edddc98127708bf0b","0","NC-0000000177","69cd30a217be101c687031bc","2026-04-01T14:50:10.507000","2026-04-01T18:25:41.737000","service_eb508f39-ce3d-4391-bb12-d4211c02ede9","false"
"69cd309edddc98127708bf0b","0","NC-0000000128","69cd30a230e1d81a9cad826b","2026-04-01T14:50:10.321000","2026-04-01T18:25:41.511000","service_eb508f39-ce3d-4391-bb12-d4211c02ede9","false"
"69cd309edddc98127708bf0b","0","NC-0000000067","69cd30a2d37a9067d710dc23","2026-04-01T14:50:10.114000","2026-04-01T18:25:41.220000","service_eb508f39-ce3d-4391-bb12-d4211c02ede9","false"
"69cd309edddc98127708bf0b","0","NC-0000000178","69cd30a1d2e7dd8470542eb5","2026-04-01T14:50:09.838000","2026-04-01T18:25:40.919000","service_eb508f39-ce3d-4391-bb12-d4211c02ede9","false"
"69cc82a7ea9d787cde4ca4d5","0","NC-0000000051","69cc82c4fa7e1336dd6e8fec","2026-04-01T02:28:20.201000","2026-04-15T12:14:36.490000","service_eb508f39-ce3d-4391-bb12-d4211c02ede9","false"
"69cc82a7ea9d787cde4ca4d5","0","NC-0000000049","69cc82c418c787cb14bc2c33","2026-04-01T02:28:20.021000","2026-04-15T12:14:36.320000","service_eb508f39-ce3d-4391-bb12-d4211c02ede9","false"
"69cc82a7ea9d787cde4ca4d5","0","NC-0000000050","69cc82c3662cd135c7dfc127","2026-04-01T02:28:19.852000","2026-04-15T12:14:36.653000","service_eb508f39-ce3d-4391-bb12-d4211c02ede9","false"
"69b3287edc0638706a412c7f","0","NC-0000000214","69cc82c03718df3d9895ee3f","2026-04-01T02:28:16.038000","2026-04-01T02:28:16.038000","service_eb508f39-ce3d-4391-bb12-d4211c02ede9","false"
"69b3287edc0638706a412c7f","0","NC-0000000211","69cc82bfa32aa098d7d25553","2026-04-01T02:28:15.746000","2026-04-01T02:28:15.746000","service_eb508f39-ce3d-4391-bb12-d4211c02ede9","false"
"69b3287edc0638706a412c7f","0","NC-0000000212","69cc82befa7e1336dd6e8fe9","2026-04-01T02:28:14.776000","2026-04-01T02:28:14.776000","service_eb508f39-ce3d-4391-bb12-d4211c02ede9","false"
"69b3287edc0638706a412c7f","0","NC-0000000303","69cc82bcb153b21ddaba7aff","2026-04-01T02:28:12.245000","2026-04-01T02:28:12.245000","service_eb508f39-ce3d-4391-bb12-d4211c02ede9","false"
"69b3287edc0638706a412c7f","0","NC-0000000129","69cc82bb95d0bae8c1b91b66","2026-04-01T02:28:11.329000","2026-04-01T02:28:11.329000","service_eb508f39-ce3d-4391-bb12-d4211c02ede9","false"
"69cc82a6906bdb78aa9063a4","0","NC-0000000203","69cc82bae3ba039f1fcd3cbc","2026-04-01T02:28:10.679000","2026-04-01T02:28:10.679000","service_eb508f39-ce3d-4391-bb12-d4211c02ede9","false"
"69cc82a6906bdb78aa9063a4","0","NC-0000000153","69cc82ba389d507bf4ba41a2","2026-04-01T02:28:10.498000","2026-04-01T02:28:10.498000","service_eb508f39-ce3d-4391-bb12-d4211c02ede9","false"
"69cc82a6906bdb78aa9063a4","0","NC-0000000306","69cc82ba02a4a2581346f7ca","2026-04-01T02:28:10.295000","2026-04-01T02:28:10.295000","service_eb508f39-ce3d-4391-bb12-d4211c02ede9","false"
"69cc82a6bb32642e169d939d","0","NC-0000000130","69cc82ba9944218ffb282c34","2026-04-01T02:28:10.068000","2026-04-01T02:28:10.068000","service_eb508f39-ce3d-4391-bb12-d4211c02ede9","false"
"69cc82a6bb32642e169d939d","0","NC-0000000118","69cc82b91a5e77efa5e4afd3","2026-04-01T02:28:09.899000","2026-04-01T02:28:09.899000","service_eb508f39-ce3d-4391-bb12-d4211c02ede9","false"
"69cc82a6bb32642e169d939d","0","NC-0000000304","69cc82b9ab57904c2744cc88","2026-04-01T02:28:09.692000","2026-04-01T02:28:09.692000","service_eb508f39-ce3d-4391-bb12-d4211c02ede9","false"
"69cc82a6bb32642e169d939d","0","NC-0000000123","69cc82b9b7948b775dc8e228","2026-04-01T02:28:09.513000","2026-04-01T02:28:09.513000","service_eb508f39-ce3d-4391-bb12-d4211c02ede9","false"
"69cc82a6bb32642e169d939d","0","NC-0000000107","69cc82b9c974dff97ac04907","2026-04-01T02:28:09.075000","2026-04-01T02:28:09.075000","service_eb508f39-ce3d-4391-bb12-d4211c02ede9","false"
"69cc82a6bb32642e169d939d","0","NC-0000000110","69cc82b80168364ece3f4203","2026-04-01T02:28:08.872000","2026-04-01T02:28:08.872000","service_eb508f39-ce3d-4391-bb12-d4211c02ede9","false"
"69cc82a6f582386d8ddfd154","0","NC-0000000163","69cc82b83f151535fa6c6541","2026-04-01T02:28:08.695000","2026-04-01T14:50:25.612000","service_eb508f39-ce3d-4391-bb12-d4211c02ede9","false"
"69cc82a6f582386d8ddfd154","0","NC-0000000157","69cc82b87e931084c9d39f31","2026-04-01T02:28:08.422000","2026-04-01T14:50:25.401000","service_eb508f39-ce3d-4391-bb12-d4211c02ede9","false"
"69cc82a6f582386d8ddfd154","0","NC-0000000105","69cc82b87f8c3365b5f4da39","2026-04-01T02:28:08.260000","2026-04-01T14:50:25.211000","service_eb508f39-ce3d-4391-bb12-d4211c02ede9","false"
"69cc82a6f582386d8ddfd154","0","NC-0000000101","69cc82b820aba14f0126e4d7","2026-04-01T02:28:08.027000","2026-04-01T14:50:25.049000","service_eb508f39-ce3d-4391-bb12-d4211c02ede9","false"
"69cc82a6f582386d8ddfd154","0","NC-0000000095","69cc82b751bef8131b267f9a","2026-04-01T02:28:07.833000","2026-04-01T14:50:24.858000","service_eb508f39-ce3d-4391-bb12-d4211c02ede9","false"
"69cc82a6f582386d8ddfd154","0","NC-0000000068","69cc82b7ddcbd717d6bda8e4","2026-04-01T02:28:07.631000","2026-04-01T14:50:24.594000","service_eb508f39-ce3d-4391-bb12-d4211c02ede9","false"
"69cc82a6f582386d8ddfd154","0","NC-0000000114","69cc82b72ce0251f9133b5ed","2026-04-01T02:28:07.425000","2026-04-01T14:50:24.348000","service_eb508f39-ce3d-4391-bb12-d4211c02ede9","false"
"69cc82a6f582386d8ddfd154","0","NC-0000000151","69cc82b78bee23a796b5daf9","2026-04-01T02:28:07.257000","2026-04-01T14:50:23.966000","service_eb508f39-ce3d-4391-bb12-d4211c02ede9","false"
"69cc82a6f582386d8ddfd154","0","NC-0000000132","69cc82b612261c86d6b80443","2026-04-01T02:28:06.865000","2026-04-01T14:50:23.754000","service_eb508f39-ce3d-4391-bb12-d4211c02ede9","false"
"69cc82a6f582386d8ddfd154","0","NC-0000000158","69cc82b6906bdb78aa9063e4","2026-04-01T02:28:06.571000","2026-04-01T14:50:23.461000","service_eb508f39-ce3d-4391-bb12-d4211c02ede9","false"
"69cc82a6f582386d8ddfd154","0","NC-0000000077","69cc82b67302ab0583646405","2026-04-01T02:28:06.377000","2026-04-01T17:02:11.430000","service_eb508f39-ce3d-4391-bb12-d4211c02ede9","false"
"69cc82a6f582386d8ddfd154","0","NC-0000000143","69cc82b6f879155f056466bc","2026-04-01T02:28:06.189000","2026-04-01T17:02:11.153000","service_eb508f39-ce3d-4391-bb12-d4211c02ede9","false"
"69cc82a6f582386d8ddfd154","0","NC-0000000164","69cc82b50f125c7c3dd7197e","2026-04-01T02:28:05.987000","2026-04-01T17:02:10.921000","service_eb508f39-ce3d-4391-bb12-d4211c02ede9","false"
"69cc82a6f582386d8ddfd154","0","NC-0000000120","69cc82b5b7e527a7b7dc7563","2026-04-01T02:28:05.770000","2026-04-01T17:02:10.722000","service_eb508f39-ce3d-4391-bb12-d4211c02ede9","false"
"69cc82a6f582386d8ddfd154","0","NC-0000000301","69cc82b5d0a31d2d85de0876","2026-04-01T02:28:05.596000","2026-04-01T17:02:10.435000","service_eb508f39-ce3d-4391-bb12-d4211c02ede9","false"
"69cc82a6f582386d8ddfd154","0","NC-0000000098","69cc82b5d7042f6cb6c2df65","2026-04-01T02:28:05.375000","2026-04-01T17:02:10.235000","service_eb508f39-ce3d-4391-bb12-d4211c02ede9","false"
"69cc82a6f582386d8ddfd154","0","NC-0000000126","69cc82b58801e8a2cf56d156","2026-04-01T02:28:05.133000","2026-04-01T17:02:09.775000","service_eb508f39-ce3d-4391-bb12-d4211c02ede9","false"
"69cc82a6f582386d8ddfd154","0","NC-0000000149","69cc82b46bcbb0e0cc5a911e","2026-04-01T02:28:04.946000","2026-04-01T17:02:09.577000","service_eb508f39-ce3d-4391-bb12-d4211c02ede9","false"
"69cc82a6f582386d8ddfd154","0","NC-0000000094","69cc82b4641691478bcaa248","2026-04-01T02:28:04.539000","2026-04-01T17:02:09.379000","service_eb508f39-ce3d-4391-bb12-d4211c02ede9","false"
"69cc82a6f582386d8ddfd154","0","NC-0000000109","69cc82b4a2904ea2fb203cd3","2026-04-01T02:28:04.297000","2026-04-01T17:02:08.948000","service_eb508f39-ce3d-4391-bb12-d4211c02ede9","false"
"69cc82a6f582386d8ddfd154","0","NC-0000000302","69cc82b412193ab6d7351e9b","2026-04-01T02:28:04.033000","2026-04-01T17:02:08.662000","service_eb508f39-ce3d-4391-bb12-d4211c02ede9","false"
"69cc82a6f582386d8ddfd154","0","NC-0000000119","69cc82b31c36ffc545dc6e5b","2026-04-01T02:28:03.861000","2026-04-01T17:02:08.295000","service_eb508f39-ce3d-4391-bb12-d4211c02ede9","false"
"69cc82a449cdd5da2faa4c4f","0","NC-0000000167","69cc82b3c9108c8624a1976a","2026-04-01T02:28:03.619000","2026-04-01T17:02:07.320000","service_eb508f39-ce3d-4391-bb12-d4211c02ede9","false"
"69cc82a449cdd5da2faa4c4f","0","NC-0000000027","69cc82b36cef1287aca1272a","2026-04-01T02:28:03.305000","2026-04-01T17:02:07.083000","service_eb508f39-ce3d-4391-bb12-d4211c02ede9","false"
"69cc82a449cdd5da2faa4c4f","0","NC-0000000036","69cc82b3bec6589b1056ccc5","2026-04-01T02:28:03","2026-04-01T17:02:06.806000","service_eb508f39-ce3d-4391-bb12-d4211c02ede9","false"
"69cc82a449cdd5da2faa4c4f","0","NC-0000000181","69cc82b2088cad04298741a0","2026-04-01T02:28:02.722000","2026-04-01T17:02:06.551000","service_eb508f39-ce3d-4391-bb12-d4211c02ede9","false"
"69cc82a1c00ce8186ba9e39d","0","NC-0000000040","69cc82b2e4fc59c36d1ab40b","2026-04-01T02:28:02.522000","2026-04-03T13:18:29.208000","service_eb508f39-ce3d-4391-bb12-d4211c02ede9","false"
"69cc82a1c00ce8186ba9e39d","0","NC-0000000006","69cc82b2a93ba5dadd20d86c","2026-04-01T02:28:02.262000","2026-04-03T13:18:29.041000","service_eb508f39-ce3d-4391-bb12-d4211c02ede9","false"
"69cc82a1c00ce8186ba9e39d","0","NC-0000000061","69cc82b1e6fab75176785050","2026-04-01T02:28:01.805000","2026-04-03T13:18:28.825000","service_eb508f39-ce3d-4391-bb12-d4211c02ede9","false"
"69cc82a1c00ce8186ba9e39d","0","NC-0000000062","69cc82b1c3d764d6a0ae6888","2026-04-01T02:28:01.577000","2026-04-03T13:18:28.680000","service_eb508f39-ce3d-4391-bb12-d4211c02ede9","false"
"69cc82a1df70f24fbc8259b6","0","NC-0000000018","69cc82b175bd14c14c2514db","2026-04-01T02:28:01.299000","2026-04-03T13:18:26.808000","service_eb508f39-ce3d-4391-bb12-d4211c02ede9","false"
"69cc82a1df70f24fbc8259b6","0","NC-0000000045","69cc82b13ea662ec90752fc4","2026-04-01T02:28:01.018000","2026-04-03T13:18:26.649000","service_eb508f39-ce3d-4391-bb12-d4211c02ede9","false"
"69cc82a1df70f24fbc8259b6","0","NC-0000000059","69cc82b0471e4051cf33a252","2026-04-01T02:28:00.856000","2026-04-03T13:18:26.456000","service_eb508f39-ce3d-4391-bb12-d4211c02ede9","false"
"69cc82a1df70f24fbc8259b6","0","NC-0000000060","69cc82b010550f120c30a96e","2026-04-01T02:28:00.685000","2026-04-03T13:18:26.304000","service_eb508f39-ce3d-4391-bb12-d4211c02ede9","false"
"69cc82a1df70f24fbc8259b6","0","NC-0000000008","69cc82b08386807fd65901b2","2026-04-01T02:28:00.452000","2026-04-03T13:18:27.757000","service_eb508f39-ce3d-4391-bb12-d4211c02ede9","false"
"69cc82a1df70f24fbc8259b6","0","NC-0000000031","69cc82b061edcb0177d5cb83","2026-04-01T02:28:00.236000","2026-04-03T13:18:27.603000","service_eb508f39-ce3d-4391-bb12-d4211c02ede9","false"
"69cc82a1df70f24fbc8259b6","0","NC-0000000039","69cc82b084a9035ece3478bb","2026-04-01T02:28:00.069000","2026-04-03T13:18:27.435000","service_eb508f39-ce3d-4391-bb12-d4211c02ede9","false"
"69cc82a1df70f24fbc8259b6","0","NC-0000000029","69cc82af3223a36062f76238","2026-04-01T02:27:59.790000","2026-04-03T13:18:27.265000","service_eb508f39-ce3d-4391-bb12-d4211c02ede9","false"
"69cc82a0109a1e2c09cf0a08","0","NC-0000000112","69cc82aff472abc4fc41e1aa","2026-04-01T02:27:59.376000","2026-04-01T17:02:02.599000","service_eb508f39-ce3d-4391-bb12-d4211c02ede9","false"
"69cc82a0109a1e2c09cf0a08","0","NC-0000000085","69cc82af8f08271f260ed09f","2026-04-01T02:27:59.159000","2026-04-01T17:02:02.316000","service_eb508f39-ce3d-4391-bb12-d4211c02ede9","false"
"69cc82a0109a1e2c09cf0a08","0","NC-0000000115","69cc82aec9108c8624a19768","2026-04-01T02:27:58.925000","2026-04-01T17:02:02.027000","service_eb508f39-ce3d-4391-bb12-d4211c02ede9","false"
"69cc82a0109a1e2c09cf0a08","0","NC-0000000121","69cc82ae3e442425e1be3ed2","2026-04-01T02:27:58.673000","2026-04-01T17:02:01.826000","service_eb508f39-ce3d-4391-bb12-d4211c02ede9","false"
"69cc82a0109a1e2c09cf0a08","0","NC-0000000134","69cc82aee6fab7517678504e","2026-04-01T02:27:58.480000","2026-04-01T17:02:01.581000","service_eb508f39-ce3d-4391-bb12-d4211c02ede9","false"
"69cc82a0109a1e2c09cf0a08","0","NC-0000000069","69cc82ae296d11bcf6134c39","2026-04-01T02:27:58.283000","2026-04-01T17:02:01.305000","service_eb508f39-ce3d-4391-bb12-d4211c02ede9","false"
"69cc82a0109a1e2c09cf0a08","0","NC-0000000150","69cc82ae4fd62986815e9775","2026-04-01T02:27:58.077000","2026-04-01T17:02:01.074000","service_eb508f39-ce3d-4391-bb12-d4211c02ede9","false"
"69cc82a0109a1e2c09cf0a08","0","NC-0000000148","69cc82adb159346ea6d5ea9e","2026-04-01T02:27:57.911000","2026-04-01T17:02:00.906000","service_eb508f39-ce3d-4391-bb12-d4211c02ede9","false"
"69cc82a0109a1e2c09cf0a08","0","NC-0000000087","69cc82ad40eb2fc841fe1227","2026-04-01T02:27:57.719000","2026-04-01T17:02:00.464000","service_eb508f39-ce3d-4391-bb12-d4211c02ede9","false"
"69cc82a0109a1e2c09cf0a08","0","NC-0000000142","69cc82adbb77ebffc6d0fbba","2026-04-01T02:27:57.531000","2026-04-01T17:02:00.213000","service_eb508f39-ce3d-4391-bb12-d4211c02ede9","false"
"69cc82a0109a1e2c09cf0a08","0","NC-0000000086","69cc82ad0f125c7c3dd71966","2026-04-01T02:27:57.148000","2026-04-01T17:01:59.867000","service_eb508f39-ce3d-4391-bb12-d4211c02ede9","false"
"69cc82a018c787cb14bc2c29","0","NC-0000000207","69cc82aca13c46721811e445","2026-04-01T02:27:56.950000","2026-04-01T14:50:13.588000","service_eb508f39-ce3d-4391-bb12-d4211c02ede9","false"
"69cc82a018c787cb14bc2c29","0","NC-0000000089","69cc82ac6d2cd773a7efc84d","2026-04-01T02:27:56.782000","2026-04-01T17:01:59.598000","service_eb508f39-ce3d-4391-bb12-d4211c02ede9","false"
"69cc82a018c787cb14bc2c29","0","NC-0000000127","69cc82ac0b9e667d6003189c","2026-04-01T02:27:56.606000","2026-04-01T17:01:59.341000","service_eb508f39-ce3d-4391-bb12-d4211c02ede9","false"
"69cc82a018c787cb14bc2c29","0","NC-0000000097","69cc82ac1e4a296e379453d2","2026-04-01T02:27:56.340000","2026-04-01T17:01:59.101000","service_eb508f39-ce3d-4391-bb12-d4211c02ede9","false"
"69cc82a018c787cb14bc2c29","0","NC-0000000307","69cc82ac26115ff05fa0a342","2026-04-01T02:27:56.161000","2026-04-01T17:01:58.846000","service_eb508f39-ce3d-4391-bb12-d4211c02ede9","false"
"69cc82a018c787cb14bc2c29","0","NC-0000000147","69cc82ab1e4a296e379453d1","2026-04-01T02:27:55.965000","2026-04-01T17:01:58.682000","service_eb508f39-ce3d-4391-bb12-d4211c02ede9","false"
"69cc82a018c787cb14bc2c29","0","NC-0000000156","69cc82ab541098c18d854630","2026-04-01T02:27:55.756000","2026-04-01T18:25:43.834000","service_eb508f39-ce3d-4391-bb12-d4211c02ede9","false"
"69cc82a018c787cb14bc2c29","0","NC-0000000305","69cc82abc7d1ffabf59d6b8a","2026-04-01T02:27:55.571000","2026-04-01T18:25:43.604000","service_eb508f39-ce3d-4391-bb12-d4211c02ede9","false"
"69cc82a018c787cb14bc2c29","0","NC-0000000106","69cc82ab3223a36062f76235","2026-04-01T02:27:55.261000","2026-04-01T18:25:43.180000","service_eb508f39-ce3d-4391-bb12-d4211c02ede9","false"
"69cc829b896e1ea15f2557e0","0","NC-0000000081","69cc82aa0d8db19271c8bc8e","2026-04-01T02:27:54.871000","2026-04-01T03:48:27.902000","service_eb508f39-ce3d-4391-bb12-d4211c02ede9","false"
"69cc829b896e1ea15f2557e0","0","NC-0000000209","69cc82aa03f88cb13f0a658e","2026-04-01T02:27:54.619000","2026-04-01T03:48:27.715000","service_eb508f39-ce3d-4391-bb12-d4211c02ede9","false"
"69cc829b896e1ea15f2557e0","0","NC-0000000070","69cc82aa6843966b4a3bbd2d","2026-04-01T02:27:54.370000","2026-04-01T03:48:27.539000","service_eb508f39-ce3d-4391-bb12-d4211c02ede9","false"
"69cc829b896e1ea15f2557e0","0","NC-0000000135","69cc82aa8aa1e8811ff08489","2026-04-01T02:27:54.171000","2026-04-01T03:48:27.329000","service_eb508f39-ce3d-4391-bb12-d4211c02ede9","false"
"69cc829b896e1ea15f2557e0","0","NC-0000000117","69cc82a975bd14c14c2514d9","2026-04-01T02:27:53.923000","2026-04-01T03:48:27.082000","service_eb508f39-ce3d-4391-bb12-d4211c02ede9","false"
"69cc829b896e1ea15f2557e0","0","NC-0000000103","69cc82a9d4482ad0e8f7ac6a","2026-04-01T02:27:53.762000","2026-04-01T03:48:26.895000","service_eb508f39-ce3d-4391-bb12-d4211c02ede9","false"
"69cc829b896e1ea15f2557e0","0","NC-0000000177","69cc82a926d1357f16b501b3","2026-04-01T02:27:53.506000","2026-04-01T03:48:26.657000","service_eb508f39-ce3d-4391-bb12-d4211c02ede9","false"
"69cc829b896e1ea15f2557e0","0","NC-0000000128","69cc82a9be30e44cdffa4e30","2026-04-01T02:27:53.226000","2026-04-01T03:48:26.438000","service_eb508f39-ce3d-4391-bb12-d4211c02ede9","false"
"69cc829b896e1ea15f2557e0","0","NC-0000000067","69cc82a9d0ae711fe3927057","2026-04-01T02:27:53.010000","2026-04-01T03:48:26.244000","service_eb508f39-ce3d-4391-bb12-d4211c02ede9","false"
"69cc829b896e1ea15f2557e0","0","NC-0000000178","69cc82a8752d05f810285d49","2026-04-01T02:27:52.684000","2026-04-01T03:48:25.983000","service_eb508f39-ce3d-4391-bb12-d4211c02ede9","false"
"69b32882d88efef991ba3e63","0","NC-0000000140","69b328aaae6df3de66a1c3d4","2026-03-12T20:57:14.677000","2026-03-12T20:57:14.677000","service_eb508f39-ce3d-4391-bb12-d4211c02ede9","false"
"69b32882d88efef991ba3e63","0","NC-0000000122","69b328aabf3101375f3144fc","2026-03-12T20:57:14.131000","2026-03-12T20:57:14.131000","service_eb508f39-ce3d-4391-bb12-d4211c02ede9","false"
"69b32882d88efef991ba3e63","0","NC-0000000206","69b328a95da757d171e848fb","2026-03-12T20:57:13.946000","2026-03-12T20:57:13.946000","service_eb508f39-ce3d-4391-bb12-d4211c02ede9","false"
"69b32881a9ba2c004170450c","0","NC-0000000051","69b328a97a060cee4e12da62","2026-03-12T20:57:13.589000","2026-03-12T20:57:13.589000","service_eb508f39-ce3d-4391-bb12-d4211c02ede9","false"
"69b32881a9ba2c004170450c","0","NC-0000000050","69b328a96dadafcf779d2fb5","2026-03-12T20:57:13.433000","2026-03-12T20:57:13.433000","service_eb508f39-ce3d-4391-bb12-d4211c02ede9","false"
"69b32881a9ba2c004170450c","0","NC-0000000049","69b328a9b8d80eee18771fab","2026-03-12T20:57:13.041000","2026-03-12T20:57:13.041000","service_eb508f39-ce3d-4391-bb12-d4211c02ede9","false"
"69b32881a9ba2c004170450c","0","NC-0000000034","69b328a8b34493be32298238","2026-03-12T20:57:12.843000","2026-03-12T20:57:12.843000","service_eb508f39-ce3d-4391-bb12-d4211c02ede9","false"
"69b328819315c42b8aa0f059","0","NC-0000000129","69b328a842a97aacf8f633d6","2026-03-12T20:57:12.664000","2026-03-12T20:57:12.664000","service_eb508f39-ce3d-4391-bb12-d4211c02ede9","false"
"69b328819315c42b8aa0f059","0","NC-0000000157","69b328a87003040e5adbf67e","2026-03-12T20:57:12.206000","2026-03-12T20:57:12.206000","service_eb508f39-ce3d-4391-bb12-d4211c02ede9","false"
"69b328819315c42b8aa0f059","0","NC-0000000105","69b328a8553f8ff12c16b687","2026-03-12T20:57:12.021000","2026-03-12T20:57:12.021000","service_eb508f39-ce3d-4391-bb12-d4211c02ede9","false"
"69b093de560a26125b1c081f","0","NC-0000000196","69b328a6ce64ccb6d683f29b","2026-03-12T20:57:10.858000","2026-03-12T20:57:10.858000","service_eb508f39-ce3d-4391-bb12-d4211c02ede9","false"
"69b0a8f29d0287a227cd6d86","0","NC-0000000166","69b328a65ca338cb5661664a","2026-03-12T20:57:10.642000","2026-03-12T20:57:10.642000","service_eb508f39-ce3d-4391-bb12-d4211c02ede9","false"
"69b0a8f29d0287a227cd6d86","0","NC-0000000066","69b328a6d68e22a925548b89","2026-03-12T20:57:10.440000","2026-03-12T20:57:10.440000","service_eb508f39-ce3d-4391-bb12-d4211c02ede9","false"
"69b0a8f29d0287a227cd6d86","0","NC-0000000011","69b328a6a2256a5574828b45","2026-03-12T20:57:10.266000","2026-03-12T20:57:10.266000","service_eb508f39-ce3d-4391-bb12-d4211c02ede9","false"
"69b32881dd4707cedfb59fec","0","NC-0000000167","69b328a6689ab25ad029da1e","2026-03-12T20:57:10.081000","2026-03-12T20:57:10.081000","service_eb508f39-ce3d-4391-bb12-d4211c02ede9","false"
"69b32881dd4707cedfb59fec","0","NC-0000000044","69b328a5b9000752274d1109","2026-03-12T20:57:09.886000","2026-03-12T20:57:09.886000","service_eb508f39-ce3d-4391-bb12-d4211c02ede9","false"
"69b32881dd4707cedfb59fec","0","NC-0000000041","69b328a5b654783dbc194bf3","2026-03-12T20:57:09.686000","2026-03-12T20:57:09.686000","service_eb508f39-ce3d-4391-bb12-d4211c02ede9","false"
"69b32881dd4707cedfb59fec","0","NC-0000000027","69b328a517828120c48501a6","2026-03-12T20:57:09.473000","2026-03-12T20:57:09.473000","service_eb508f39-ce3d-4391-bb12-d4211c02ede9","false"
"69b32881dd4707cedfb59fec","0","NC-0000000021","69b328a57b0983a6256a18d7","2026-03-12T20:57:09.247000","2026-03-12T20:57:09.247000","service_eb508f39-ce3d-4391-bb12-d4211c02ede9","false"
"69b32881dd4707cedfb59fec","0","NC-0000000009","69b328a4a3bb9db3b9ad0472","2026-03-12T20:57:08.864000","2026-03-12T20:57:08.864000","service_eb508f39-ce3d-4391-bb12-d4211c02ede9","false"
"69b328804d5a82d7f5ffd9ca","0","NC-0000000060","69b328a4a9a568fd068cad61","2026-03-12T20:57:08.688000","2026-03-12T20:57:08.688000","service_eb508f39-ce3d-4391-bb12-d4211c02ede9","false"
"69b328804d5a82d7f5ffd9ca","0","NC-0000000059","69b328a4a9dd82b81e66aac4","2026-03-12T20:57:08.483000","2026-03-12T20:57:08.483000","service_eb508f39-ce3d-4391-bb12-d4211c02ede9","false"
"69b328804d5a82d7f5ffd9ca","0","NC-0000000039","69b328a49315c42b8aa0f06c","2026-03-12T20:57:08.273000","2026-03-12T20:57:08.273000","service_eb508f39-ce3d-4391-bb12-d4211c02ede9","false"
"69b328804d5a82d7f5ffd9ca","0","NC-0000000031","69b328a437b1d6d2ca28c592","2026-03-12T20:57:08.066000","2026-03-12T20:57:08.066000","service_eb508f39-ce3d-4391-bb12-d4211c02ede9","false"
"69b328804d5a82d7f5ffd9ca","0","NC-0000000029","69b328a37e26d87909863360","2026-03-12T20:57:07.634000","2026-03-12T20:57:07.634000","service_eb508f39-ce3d-4391-bb12-d4211c02ede9","false"
"69b328804d5a82d7f5ffd9ca","0","NC-0000000028","69b328a322af335f2b051302","2026-03-12T20:57:07.439000","2026-03-12T20:57:07.439000","service_eb508f39-ce3d-4391-bb12-d4211c02ede9","false"
"69b328804d5a82d7f5ffd9ca","0","NC-0000000008","69b328a35f1482fe03b80310","2026-03-12T20:57:07.180000","2026-03-12T20:57:07.180000","service_eb508f39-ce3d-4391-bb12-d4211c02ede9","false"
"69b32880131bb0b8c8e2d062","0","NC-0000000249","69b328a2165e94538972f58a","2026-03-12T20:57:06.521000","2026-03-12T20:57:06.521000","service_eb508f39-ce3d-4391-bb12-d4211c02ede9","false"
"69b32880131bb0b8c8e2d062","0","NC-0000000062","69b328a2689ab25ad029da12","2026-03-12T20:57:06.341000","2026-03-12T20:57:06.341000","service_eb508f39-ce3d-4391-bb12-d4211c02ede9","false"
"69b32880131bb0b8c8e2d062","0","NC-0000000061","69b328a1f04a89424993e913","2026-03-12T20:57:05.968000","2026-03-12T20:57:05.968000","service_eb508f39-ce3d-4391-bb12-d4211c02ede9","false"
"69b32880131bb0b8c8e2d062","0","NC-0000000045","69b328a10d5fd6b6281be15b","2026-03-12T20:57:05.771000","2026-03-12T20:57:05.771000","service_eb508f39-ce3d-4391-bb12-d4211c02ede9","false"
"69b32880131bb0b8c8e2d062","0","NC-0000000040","69b328a15e9c2387c547e9e7","2026-03-12T20:57:05.578000","2026-03-12T20:57:05.578000","service_eb508f39-ce3d-4391-bb12-d4211c02ede9","false"
"69b32880131bb0b8c8e2d062","0","NC-0000000036","69b328a154e27c321be38832","2026-03-12T20:57:05.342000","2026-03-12T20:57:05.342000","service_eb508f39-ce3d-4391-bb12-d4211c02ede9","false"
"69b32880131bb0b8c8e2d062","0","NC-0000000018","69b328a13d4c77aaf476928a","2026-03-12T20:57:05.172000","2026-03-12T20:57:05.172000","service_eb508f39-ce3d-4391-bb12-d4211c02ede9","false"
"69b32880131bb0b8c8e2d062","0","NC-0000000010","69b328a05c573ca423adaf46","2026-03-12T20:57:04.734000","2026-03-12T20:57:04.734000","service_eb508f39-ce3d-4391-bb12-d4211c02ede9","false"
"69b32880131bb0b8c8e2d062","0","NC-0000000006","69b3289f235cc6fc835dbcec","2026-03-12T20:57:03.580000","2026-03-12T20:57:03.580000","service_eb508f39-ce3d-4391-bb12-d4211c02ede9","false"
"69b3287fef9868f18795e715","0","NC-0000000126","69b3289e9081cbcb8428a3ae","2026-03-12T20:57:02.895000","2026-03-12T20:57:02.895000","service_eb508f39-ce3d-4391-bb12-d4211c02ede9","false"
"69b3287fef9868f18795e715","0","NC-0000000125","69b3289eac641e2caf0cee93","2026-03-12T20:57:02.722000","2026-03-12T20:57:02.722000","service_eb508f39-ce3d-4391-bb12-d4211c02ede9","false"
"69b3287fef9868f18795e715","0","NC-0000000163","69b3289ea6165c906760f1cd","2026-03-12T20:57:02.538000","2026-03-12T20:57:02.538000","service_eb508f39-ce3d-4391-bb12-d4211c02ede9","false"
"69b3287fef9868f18795e715","0","NC-0000000119","69b3289e5bf09f939870b237","2026-03-12T20:57:02.169000","2026-03-12T20:57:02.169000","service_eb508f39-ce3d-4391-bb12-d4211c02ede9","false"
"69b3287fef9868f18795e715","0","NC-0000000110","69b3289d5e93af9e66f20985","2026-03-12T20:57:01.996000","2026-03-12T20:57:01.996000","service_eb508f39-ce3d-4391-bb12-d4211c02ede9","false"
"69b3287fef9868f18795e715","0","NC-0000000109","69b3289df7158ec9dbe06ea8","2026-03-12T20:57:01.515000","2026-03-12T20:57:01.515000","service_eb508f39-ce3d-4391-bb12-d4211c02ede9","false"
"69b3287fef9868f18795e715","0","NC-0000000184","69b3289dd34e9f953614dbe1","2026-03-12T20:57:01.332000","2026-03-12T20:57:01.332000","service_eb508f39-ce3d-4391-bb12-d4211c02ede9","false"
"69b3287fef9868f18795e715","0","NC-0000000098","69b3289d151812df8d143f4c","2026-03-12T20:57:01.121000","2026-03-12T20:57:01.121000","service_eb508f39-ce3d-4391-bb12-d4211c02ede9","false"
"69b3287f12cb823a1bb74a1f","0","NC-0000000135","69b3289ce93998d804d00c9e","2026-03-12T20:57:00.950000","2026-03-12T20:57:00.950000","service_eb508f39-ce3d-4391-bb12-d4211c02ede9","false"
"69b3287f12cb823a1bb74a1f","0","NC-0000000128","69b3289c0194835b4f9f4ce0","2026-03-12T20:57:00.765000","2026-03-12T20:57:00.765000","service_eb508f39-ce3d-4391-bb12-d4211c02ede9","false"
"69b3287f12cb823a1bb74a1f","0","NC-0000000209","69b3289cd167a98cdc8d661b","2026-03-12T20:57:00.534000","2026-03-12T20:57:00.534000","service_eb508f39-ce3d-4391-bb12-d4211c02ede9","false"
"69b3287f12cb823a1bb74a1f","0","NC-0000000205","69b3289c7f2cfdb010e14dbb","2026-03-12T20:57:00.339000","2026-03-12T20:57:00.339000","service_eb508f39-ce3d-4391-bb12-d4211c02ede9","false"
"69b3287f12cb823a1bb74a1f","0","NC-0000000178","69b3289cc928156a3e6e32eb","2026-03-12T20:57:00.162000","2026-03-12T20:57:00.162000","service_eb508f39-ce3d-4391-bb12-d4211c02ede9","false"
"69b3287f12cb823a1bb74a1f","0","NC-0000000177","69b3289bdeb0b131cbbaa37f","2026-03-12T20:56:59.770000","2026-03-12T20:56:59.770000","service_eb508f39-ce3d-4391-bb12-d4211c02ede9","false"
"69b3287f12cb823a1bb74a1f","0","NC-0000000070","69b3289b58c828e56c80f2ee","2026-03-12T20:56:59.605000","2026-03-12T20:56:59.605000","service_eb508f39-ce3d-4391-bb12-d4211c02ede9","false"
"69b3287f12cb823a1bb74a1f","0","NC-0000000067","69b3289bd88efef991ba3e65","2026-03-12T20:56:59.379000","2026-03-12T20:56:59.379000","service_eb508f39-ce3d-4391-bb12-d4211c02ede9","false"
"69b3287f12cb823a1bb74a1f","0","NC-0000000117","69b3289bb841690e9d3173e7","2026-03-12T20:56:59.184000","2026-03-12T20:56:59.184000","service_eb508f39-ce3d-4391-bb12-d4211c02ede9","false"
"69b3287f12cb823a1bb74a1f","0","NC-0000000103","69b3289a67ed5dc354dd1e4c","2026-03-12T20:56:58.766000","2026-03-12T20:56:58.766000","service_eb508f39-ce3d-4391-bb12-d4211c02ede9","false"
"69b3287f12cb823a1bb74a1f","0","NC-0000000090","69b3289a010b5c771c9f07ed","2026-03-12T20:56:58.556000","2026-03-12T20:56:58.556000","service_eb508f39-ce3d-4391-bb12-d4211c02ede9","false"
"69b3287f12cb823a1bb74a1f","0","NC-0000000081","69b3289a7b0983a6256a18d6","2026-03-12T20:56:58.415000","2026-03-12T20:56:58.415000","service_eb508f39-ce3d-4391-bb12-d4211c02ede9","false"
"69b3287f05fa11ed5f6624e6","0","NC-0000000150","69b3289aceac3361c45c86cf","2026-03-12T20:56:58.194000","2026-03-12T20:56:58.194000","service_eb508f39-ce3d-4391-bb12-d4211c02ede9","false"
"69b3287f05fa11ed5f6624e6","0","NC-0000000148","69b3289a943b90f66c41e7ab","2026-03-12T20:56:58.002000","2026-03-12T20:56:58.002000","service_eb508f39-ce3d-4391-bb12-d4211c02ede9","false"
"69b3287f05fa11ed5f6624e6","0","NC-0000000141","69b32899350559230beb4cdb","2026-03-12T20:56:57.760000","2026-03-12T20:56:57.760000","service_eb508f39-ce3d-4391-bb12-d4211c02ede9","false"
"69b3287f05fa11ed5f6624e6","0","NC-0000000134","69b328997893c5268474893c","2026-03-12T20:56:57.381000","2026-03-12T20:56:57.381000","service_eb508f39-ce3d-4391-bb12-d4211c02ede9","false"
"69b3287f05fa11ed5f6624e6","0","NC-0000000130","69b32899442af00dbb31ac95","2026-03-12T20:56:57.200000","2026-03-12T20:56:57.200000","service_eb508f39-ce3d-4391-bb12-d4211c02ede9","false"
"69b3287f05fa11ed5f6624e6","0","NC-0000000123","69b32898db992904d93d9360","2026-03-12T20:56:56.748000","2026-03-12T20:56:56.748000","service_eb508f39-ce3d-4391-bb12-d4211c02ede9","false"
"69b3287f05fa11ed5f6624e6","0","NC-0000000155","69b328985b7da9e4c1dd60dd","2026-03-12T20:56:56.589000","2026-03-12T20:56:56.589000","service_eb508f39-ce3d-4391-bb12-d4211c02ede9","false"
"69b3287f05fa11ed5f6624e6","3","NC-0000000069","69b32898aa76ff524e14c7d0","2026-03-12T20:56:56.422000","2026-03-12T20:56:56.422000","service_eb508f39-ce3d-4391-bb12-d4211c02ede9","false"
"69b3287f05fa11ed5f6624e6","0","NC-0000000121","69b328985da757d171e848f7","2026-03-12T20:56:56.237000","2026-03-12T20:56:56.237000","service_eb508f39-ce3d-4391-bb12-d4211c02ede9","false"
"69b3287f05fa11ed5f6624e6","0","NC-0000000118","69b32897e618dcf456e7cd0c","2026-03-12T20:56:55.989000","2026-03-12T20:56:55.989000","service_eb508f39-ce3d-4391-bb12-d4211c02ede9","false"
"69b3287f05fa11ed5f6624e6","0","NC-0000000116","69b328977ded4f14d85126da","2026-03-12T20:56:55.768000","2026-03-12T20:56:55.768000","service_eb508f39-ce3d-4391-bb12-d4211c02ede9","false"
"69b3287f05fa11ed5f6624e6","0","NC-0000000115","69b3289737bc449afb856cf2","2026-03-12T20:56:55.542000","2026-03-12T20:56:55.542000","service_eb508f39-ce3d-4391-bb12-d4211c02ede9","false"
"69b3287f05fa11ed5f6624e6","0","NC-0000000112","69b328972aae67ffa69d5bda","2026-03-12T20:56:55.386000","2026-03-12T20:56:55.386000","service_eb508f39-ce3d-4391-bb12-d4211c02ede9","false"
"69b3287f05fa11ed5f6624e6","0","NC-0000000107","69b328975081bcc6abb1928e","2026-03-12T20:56:55.014000","2026-03-12T20:56:55.014000","service_eb508f39-ce3d-4391-bb12-d4211c02ede9","false"
"69b3287f05fa11ed5f6624e6","0","NC-0000000085","69b328967d2ba1ce37034070","2026-03-12T20:56:54.845000","2026-03-12T20:56:54.845000","service_eb508f39-ce3d-4391-bb12-d4211c02ede9","false"
"69b3287f05fa11ed5f6624e6","0","NC-0000000080","69b328969fa9b8ec949c59fa","2026-03-12T20:56:54.633000","2026-03-12T20:56:54.633000","service_eb508f39-ce3d-4391-bb12-d4211c02ede9","false"
"69b3287f05fa11ed5f6624e6","0","NC-0000000078","69b328962e8c7c5eabb12991","2026-03-12T20:56:54.434000","2026-03-12T20:56:54.434000","service_eb508f39-ce3d-4391-bb12-d4211c02ede9","false"
"69b3287fd167a98cdc8d6614","0","NC-0000000146","69b32896993251ffb230b092","2026-03-12T20:56:54.177000","2026-03-12T20:56:54.177000","service_eb508f39-ce3d-4391-bb12-d4211c02ede9","false"
"69b3287fd167a98cdc8d6614","0","NC-0000000142","69b328958ee2651a5006c238","2026-03-12T20:56:53.997000","2026-03-12T20:56:53.997000","service_eb508f39-ce3d-4391-bb12-d4211c02ede9","false"
"69b3287fd167a98cdc8d6614","0","NC-0000000176","69b32895d0e9d6104c0c69b8","2026-03-12T20:56:53.557000","2026-03-12T20:56:53.557000","service_eb508f39-ce3d-4391-bb12-d4211c02ede9","false"
"69b3287fd167a98cdc8d6614","0","NC-0000000071","69b328956b8c876e9a75f2c4","2026-03-12T20:56:53.377000","2026-03-12T20:56:53.377000","service_eb508f39-ce3d-4391-bb12-d4211c02ede9","false"
"69b3287fd167a98cdc8d6614","0","NC-0000000108","69b32895edba15b06d837420","2026-03-12T20:56:53.188000","2026-03-12T20:56:53.188000","service_eb508f39-ce3d-4391-bb12-d4211c02ede9","false"
"69b3287fd167a98cdc8d6614","0","NC-0000000087","69b32894de86b07c2dd134e5","2026-03-12T20:56:52.940000","2026-03-12T20:56:52.940000","service_eb508f39-ce3d-4391-bb12-d4211c02ede9","false"
"69b3287fd167a98cdc8d6614","0","NC-0000000086","69b32894ec23c979cb4ab549","2026-03-12T20:56:52.546000","2026-03-12T20:56:52.546000","service_eb508f39-ce3d-4391-bb12-d4211c02ede9","false"
"69b3287fd167a98cdc8d6614","0","NC-0000000083","69b328940194835b4f9f4cdc","2026-03-12T20:56:52.374000","2026-03-12T20:56:52.374000","service_eb508f39-ce3d-4391-bb12-d4211c02ede9","false"
"69b3287fd167a98cdc8d6614","0","NC-0000000076","69b3289406793b1b36d20bfb","2026-03-12T20:56:52.210000","2026-03-12T20:56:52.210000","service_eb508f39-ce3d-4391-bb12-d4211c02ede9","false"
"69b3287eaf37e2b33c7b2e54","0","NC-0000000149","69b3289404a5b95524ab5bce","2026-03-12T20:56:52.010000","2026-03-12T20:56:52.010000","service_eb508f39-ce3d-4391-bb12-d4211c02ede9","false"
"69b3287eaf37e2b33c7b2e54","0","NC-0000000147","69b3289386dd0414f9477c95","2026-03-12T20:56:51.818000","2026-03-12T20:56:51.818000","service_eb508f39-ce3d-4391-bb12-d4211c02ede9","false"
"69b3287eaf37e2b33c7b2e54","0","NC-0000000143","69b328938cc332d73d592e61","2026-03-12T20:56:51.614000","2026-03-12T20:56:51.614000","service_eb508f39-ce3d-4391-bb12-d4211c02ede9","false"
"69b3287eaf37e2b33c7b2e54","0","NC-0000000132","69b32893349c1d16ea86c117","2026-03-12T20:56:51.377000","2026-03-12T20:56:51.377000","service_eb508f39-ce3d-4391-bb12-d4211c02ede9","false"
"69b3287eaf37e2b33c7b2e54","0","NC-0000000127","69b32893bff0f64cf93e1503","2026-03-12T20:56:51.161000","2026-03-12T20:56:51.161000","service_eb508f39-ce3d-4391-bb12-d4211c02ede9","false"
"69b3287eaf37e2b33c7b2e54","0","NC-0000000207","69b3289221c4ef929f9f6e03","2026-03-12T20:56:50.747000","2026-03-12T20:56:50.747000","service_eb508f39-ce3d-4391-bb12-d4211c02ede9","false"
"69b3287eaf37e2b33c7b2e54","0","NC-0000000203","69b32892b031d4155d502f75","2026-03-12T20:56:50.492000","2026-03-12T20:56:50.492000","service_eb508f39-ce3d-4391-bb12-d4211c02ede9","false"
"69b3287eaf37e2b33c7b2e54","0","NC-0000000164","69b3289254e27c321be3882d","2026-03-12T20:56:50.107000","2026-03-12T20:56:50.107000","service_eb508f39-ce3d-4391-bb12-d4211c02ede9","false"
"69b3287eaf37e2b33c7b2e54","0","NC-0000000158","69b32891f6472a21c3a05ccb","2026-03-12T20:56:49.917000","2026-03-12T20:56:49.917000","service_eb508f39-ce3d-4391-bb12-d4211c02ede9","false"
"69b3287eaf37e2b33c7b2e54","0","NC-0000000156","69b32891edba15b06d83741d","2026-03-12T20:56:49.743000","2026-03-12T20:56:49.743000","service_eb508f39-ce3d-4391-bb12-d4211c02ede9","false"
"69b3287eaf37e2b33c7b2e54","0","NC-0000000153","69b32891d841df0e1bda2c17","2026-03-12T20:56:49.561000","2026-03-12T20:56:49.561000","service_eb508f39-ce3d-4391-bb12-d4211c02ede9","false"
"69b3287eaf37e2b33c7b2e54","0","NC-0000000152","69b3289143cdb706f6b59e2d","2026-03-12T20:56:49.365000","2026-03-12T20:56:49.365000","service_eb508f39-ce3d-4391-bb12-d4211c02ede9","false"
"69b3287eaf37e2b33c7b2e54","0","NC-0000000151","69b3289141a4e3b84cec118b","2026-03-12T20:56:49.216000","2026-03-12T20:56:49.216000","service_eb508f39-ce3d-4391-bb12-d4211c02ede9","false"
"69b3287eaf37e2b33c7b2e54","0","NC-0000000120","69b328915bf09f939870b235","2026-03-12T20:56:49.047000","2026-03-12T20:56:49.047000","service_eb508f39-ce3d-4391-bb12-d4211c02ede9","false"
"69b3287eaf37e2b33c7b2e54","0","NC-0000000114","69b328902f250087e3c606a1","2026-03-12T20:56:48.816000","2026-03-12T20:56:48.816000","service_eb508f39-ce3d-4391-bb12-d4211c02ede9","false"
"69b3287eaf37e2b33c7b2e54","0","NC-0000000106","69b328908969691eb825a8bb","2026-03-12T20:56:48.401000","2026-03-12T20:56:48.401000","service_eb508f39-ce3d-4391-bb12-d4211c02ede9","false"
"69b3287eaf37e2b33c7b2e54","0","NC-0000000202","69b3288f7611e99af49f6d8c","2026-03-12T20:56:47.968000","2026-03-12T20:56:47.968000","service_eb508f39-ce3d-4391-bb12-d4211c02ede9","false"
"69b3287eaf37e2b33c7b2e54","0","NC-0000000102","69b3288f73488fb30cb28f58","2026-03-12T20:56:47.601000","2026-03-12T20:56:47.601000","service_eb508f39-ce3d-4391-bb12-d4211c02ede9","false"
"69b3287eaf37e2b33c7b2e54","0","NC-0000000097","69b3288f5d6f7157af8e6f84","2026-03-12T20:56:47.155000","2026-03-12T20:56:47.155000","service_eb508f39-ce3d-4391-bb12-d4211c02ede9","false"
"69b3287eaf37e2b33c7b2e54","0","NC-0000000096","69b3288ef11847f467f80fea","2026-03-12T20:56:46.976000","2026-03-12T20:56:46.976000","service_eb508f39-ce3d-4391-bb12-d4211c02ede9","false"
"69b3287eaf37e2b33c7b2e54","0","NC-0000000095","69b3288e99b75e239480a93e","2026-03-12T20:56:46.796000","2026-03-12T20:56:46.796000","service_eb508f39-ce3d-4391-bb12-d4211c02ede9","false"
"69b3287eaf37e2b33c7b2e54","0","NC-0000000094","69b3288e177869d22909ff66","2026-03-12T20:56:46.614000","2026-03-12T20:56:46.614000","service_eb508f39-ce3d-4391-bb12-d4211c02ede9","false"
"69b3287eaf37e2b33c7b2e54","0","NC-0000000089","69b3288e2f250087e3c606a0","2026-03-12T20:56:46.383000","2026-03-12T20:56:46.383000","service_eb508f39-ce3d-4391-bb12-d4211c02ede9","false"
"69b3287eaf37e2b33c7b2e54","0","NC-0000000077","69b3288e045f63424e055cc0","2026-03-12T20:56:46.185000","2026-03-12T20:56:46.185000","service_eb508f39-ce3d-4391-bb12-d4211c02ede9","false"
"69b3287eaf37e2b33c7b2e54","0","NC-0000000075","69b3288ecf2c7126ab1a6459","2026-03-12T20:56:46.004000","2026-03-12T20:56:46.004000","service_eb508f39-ce3d-4391-bb12-d4211c02ede9","false"
"69b3287edc0638706a412c7f","0","NC-0000000144","69b3288dfaaef1cc142ef8fe","2026-03-12T20:56:45.809000","2026-04-01T02:28:12.657000","service_eb508f39-ce3d-4391-bb12-d4211c02ede9","false"
"69b3287edc0638706a412c7f","0","NC-0000000138","69b3288c12cb823a1bb74a25","2026-03-12T20:56:44.700000","2026-04-01T02:28:13.752000","service_eb508f39-ce3d-4391-bb12-d4211c02ede9","false"
"69b3287edc0638706a412c7f","0","NC-0000000137","69b3288c1ad716314ce3ca69","2026-03-12T20:56:44.304000","2026-04-01T02:28:16.303000","service_eb508f39-ce3d-4391-bb12-d4211c02ede9","false"
"69b3287edc0638706a412c7f","0","NC-0000000133","69b3288c86f8b0d298969ffa","2026-03-12T20:56:44.133000","2026-04-01T02:28:11.756000","service_eb508f39-ce3d-4391-bb12-d4211c02ede9","false"
"69b3287edc0638706a412c7f","0","NC-0000000131","69b3288b1ad716314ce3ca67","2026-03-12T20:56:43.972000","2026-04-01T02:28:10.896000","service_eb508f39-ce3d-4391-bb12-d4211c02ede9","false"
"69b3287edc0638706a412c7f","0","NC-0000000124","69b3288b75179107c2d02215","2026-03-12T20:56:43.789000","2026-04-01T02:28:11.096000","service_eb508f39-ce3d-4391-bb12-d4211c02ede9","false"
"69b3287edc0638706a412c7f","0","NC-0000000113","69b3288b4e291a5236a4d12b","2026-03-12T20:56:43.361000","2026-04-01T02:28:14.155000","service_eb508f39-ce3d-4391-bb12-d4211c02ede9","false"
"69b3287edc0638706a412c7f","0","NC-0000000111","69b3288b063ea74170304883","2026-03-12T20:56:43.181000","2026-04-01T02:28:13.374000","service_eb508f39-ce3d-4391-bb12-d4211c02ede9","false"
"69b3287edc0638706a412c7f","0","NC-0000000104","69b3288bf3ec7d3227f5e036","2026-03-12T20:56:43.001000","2026-04-01T02:28:12.007000","service_eb508f39-ce3d-4391-bb12-d4211c02ede9","false"
"69b3287edc0638706a412c7f","0","NC-0000000088","69b3288a010b5c771c9f07e6","2026-03-12T20:56:42.775000","2026-04-01T02:28:13.557000","service_eb508f39-ce3d-4391-bb12-d4211c02ede9","false"
"69b3287edc0638706a412c7f","0","NC-0000000084","69b3288ac0256eb97dc8f6f4","2026-03-12T20:56:42.304000","2026-04-01T02:28:12.839000","service_eb508f39-ce3d-4391-bb12-d4211c02ede9","false"
"69b3287edc0638706a412c7f","0","NC-0000000082","69b3288a12cb823a1bb74a23","2026-03-12T20:56:42.104000","2026-04-01T02:28:13.110000","service_eb508f39-ce3d-4391-bb12-d4211c02ede9","false"
"69b3287edc0638706a412c7f","0","NC-0000000074","69b328894c8fe25fca0b4f1a","2026-03-12T20:56:41.401000","2026-04-01T02:28:12.476000","service_eb508f39-ce3d-4391-bb12-d4211c02ede9","false"
"69b093d52923c2fe54b6cc9c","0","NC-0000000160","69b328843866c214abf1fb56","2026-03-12T20:56:36.746000","2026-04-15T12:14:38.410000","service_eb508f39-ce3d-4391-bb12-d4211c02ede9","false"
"69b093d52923c2fe54b6cc9c","0","NC-0000000101","69b3288391cff2586e4313aa","2026-03-12T20:56:35.548000","2026-04-15T12:14:37.824000","service_eb508f39-ce3d-4391-bb12-d4211c02ede9","false"
"69b093d52923c2fe54b6cc9c","0","NC-0000000092","69b328826a4ca9bf8d6e5e7f","2026-03-12T20:56:34.911000","2026-03-12T20:56:34.911000","service_eb508f39-ce3d-4391-bb12-d4211c02ede9","false"
"69b093eaf1248ed5824a8b94","0","NC-0000000056","69b093eb80bac69001e32598","2026-03-10T21:58:03.467000","2026-03-10T21:58:03.467000","service_20f63310-1e7c-45d0-b0d5-32d80f7be796","false"
"69b093eaf1248ed5824a8b94","0","NC-0000000043","69b093ebcb18e09535b06c43","2026-03-10T21:58:03.272000","2026-03-10T21:58:03.272000","service_20f63310-1e7c-45d0-b0d5-32d80f7be796","false"
"69b093eaf1248ed5824a8b94","0","NC-0000000033","69b093eb40ce3336ed0c7a67","2026-03-10T21:58:03.064000","2026-03-10T21:58:03.064000","service_20f63310-1e7c-45d0-b0d5-32d80f7be796","false"
"69b093eaf1248ed5824a8b94","0","NC-0000000170","69b093eac890318db11fdf48","2026-03-10T21:58:02.862000","2026-03-10T21:58:02.862000","service_20f63310-1e7c-45d0-b0d5-32d80f7be796","false"
"69b093eaf1248ed5824a8b94","0","NC-0000000274","69b093eaabbed9c010df65bc","2026-03-10T21:58:02.650000","2026-03-10T21:58:02.650000","service_20f63310-1e7c-45d0-b0d5-32d80f7be796","false"
"69b093e6eb103bda49f36341","0","NC-0000000090","69b093ea8c5d6a40479af3af","2026-03-10T21:58:02.185000","2026-03-10T21:58:02.185000","service_20f63310-1e7c-45d0-b0d5-32d80f7be796","false"
"69b093e6eb103bda49f36341","0","NC-0000000086","69b093e9c2d74a7b072e1c37","2026-03-10T21:58:01.954000","2026-03-10T21:58:01.954000","service_20f63310-1e7c-45d0-b0d5-32d80f7be796","false"
"69b093e6eb103bda49f36341","0","NC-0000000085","69b093e9ccd995a776b65b0b","2026-03-10T21:58:01.595000","2026-03-10T21:58:01.595000","service_20f63310-1e7c-45d0-b0d5-32d80f7be796","false"
"69b093e6eb103bda49f36341","0","NC-0000000070","69b093e91aca35d72088d62b","2026-03-10T21:58:01.428000","2026-03-10T21:58:01.428000","service_20f63310-1e7c-45d0-b0d5-32d80f7be796","false"
"69b093e6eb103bda49f36341","0","NC-0000000069","69b093e970df6cb749d53054","2026-03-10T21:58:01.194000","2026-03-10T21:58:01.194000","service_20f63310-1e7c-45d0-b0d5-32d80f7be796","false"
"69b093e6eb103bda49f36341","0","NC-0000000067","69b093e84bb6bec68069391b","2026-03-10T21:58:00.949000","2026-03-10T21:58:00.949000","service_20f63310-1e7c-45d0-b0d5-32d80f7be796","false"
"69b093e6eb103bda49f36341","0","NC-0000000121","69b093e86bc27a55c3374d94","2026-03-10T21:58:00.712000","2026-03-10T21:58:00.712000","service_20f63310-1e7c-45d0-b0d5-32d80f7be796","false"
"69b093e6eb103bda49f36341","0","NC-0000000115","69b093e833deb81cbf25fd7e","2026-03-10T21:58:00.503000","2026-03-10T21:58:00.503000","service_20f63310-1e7c-45d0-b0d5-32d80f7be796","false"
"69b093e6eb103bda49f36341","0","NC-0000000112","69b093e8cb18e09535b06c3f","2026-03-10T21:58:00.364000","2026-03-10T21:58:00.364000","service_20f63310-1e7c-45d0-b0d5-32d80f7be796","false"
"69b093e6eb103bda49f36341","0","NC-0000000176","69b093e8a28792840f4da1f9","2026-03-10T21:58:00.218000","2026-03-10T21:58:00.218000","service_20f63310-1e7c-45d0-b0d5-32d80f7be796","false"
"69b093e6eb103bda49f36341","0","NC-0000000159","69b093e76be895060b9e892d","2026-03-10T21:57:59.991000","2026-03-10T21:57:59.991000","service_20f63310-1e7c-45d0-b0d5-32d80f7be796","false"
"69b093e6eb103bda49f36341","0","NC-0000000154","69b093e76055cd66f5b6e1d6","2026-03-10T21:57:59.839000","2026-03-10T21:57:59.839000","service_20f63310-1e7c-45d0-b0d5-32d80f7be796","false"
"69b093e6eb103bda49f36341","0","NC-0000000150","69b093e7f3d6b0c648482ae8","2026-03-10T21:57:59.652000","2026-03-10T21:57:59.652000","service_20f63310-1e7c-45d0-b0d5-32d80f7be796","false"
"69b093e6eb103bda49f36341","0","NC-0000000148","69b093e7fa2b84dbde0bee1c","2026-03-10T21:57:59.457000","2026-03-10T21:57:59.457000","service_20f63310-1e7c-45d0-b0d5-32d80f7be796","false"
"69b093e6eb103bda49f36341","0","NC-0000000141","69b093e71610fb3dd9b6835b","2026-03-10T21:57:59.281000","2026-03-10T21:57:59.281000","service_20f63310-1e7c-45d0-b0d5-32d80f7be796","false"
"69b093e6eb103bda49f36341","0","NC-0000000134","69b093e7f848c70a16b3bc14","2026-03-10T21:57:59.105000","2026-03-10T21:57:59.105000","service_20f63310-1e7c-45d0-b0d5-32d80f7be796","false"
"69b093e6eb103bda49f36341","0","NC-0000000236","69b093e63febb1d5f74f2f26","2026-03-10T21:57:58.956000","2026-03-10T21:57:58.956000","service_20f63310-1e7c-45d0-b0d5-32d80f7be796","false"
"69b093e6eb103bda49f36341","0","NC-0000000272","69b093e698ad79b3db94853f","2026-03-10T21:57:58.734000","2026-03-10T21:57:58.734000","service_20f63310-1e7c-45d0-b0d5-32d80f7be796","false"
"69b093e5498ee927af59e58a","0","NC-0000000074","69b093e60958360c21e9dafc","2026-03-10T21:57:58.432000","2026-03-10T21:57:58.432000","service_20f63310-1e7c-45d0-b0d5-32d80f7be796","false"
"69b093e5498ee927af59e58a","0","NC-0000000104","69b093e6f848c70a16b3bc13","2026-03-10T21:57:58.274000","2026-03-10T21:57:58.274000","service_20f63310-1e7c-45d0-b0d5-32d80f7be796","false"
"69b093e5498ee927af59e58a","0","NC-0000000144","69b093e6b2d7cc2070ecd0d2","2026-03-10T21:57:58.091000","2026-03-10T21:57:58.091000","service_20f63310-1e7c-45d0-b0d5-32d80f7be796","false"
"69b093e5498ee927af59e58a","0","NC-0000000133","69b093e57fc00b399e0db6a0","2026-03-10T21:57:57.905000","2026-03-10T21:57:57.905000","service_20f63310-1e7c-45d0-b0d5-32d80f7be796","false"
"69b093e5498ee927af59e58a","0","NC-0000000270","69b093e50d926e453dc58734","2026-03-10T21:57:57.690000","2026-03-10T21:57:57.690000","service_20f63310-1e7c-45d0-b0d5-32d80f7be796","false"
"69b093e43f7201fd76f6d651","0","NC-0000000106","69b093e57db1a7e36f799908","2026-03-10T21:57:57.284000","2026-03-10T21:57:57.284000","service_20f63310-1e7c-45d0-b0d5-32d80f7be796","false"
"69b093e43f7201fd76f6d651","0","NC-0000000226","69b093e56bc27a55c3374d93","2026-03-10T21:57:57.077000","2026-03-10T21:57:57.077000","service_20f63310-1e7c-45d0-b0d5-32d80f7be796","false"
"69b093e43f7201fd76f6d651","0","NC-0000000273","69b093e4a3c1424cc1a977a8","2026-03-10T21:57:56.940000","2026-03-10T21:57:56.940000","service_20f63310-1e7c-45d0-b0d5-32d80f7be796","false"
"69b093e43f7201fd76f6d651","0","NC-0000000268","69b093e4eb7b5b83353d737a","2026-03-10T21:57:56.681000","2026-03-10T21:57:56.681000","service_20f63310-1e7c-45d0-b0d5-32d80f7be796","false"
"69b093e22a91b6ab8e8c8261","0","NC-0000000087","69b093e4b94c33976a9723ce","2026-03-10T21:57:56.316000","2026-03-10T21:57:56.316000","service_20f63310-1e7c-45d0-b0d5-32d80f7be796","false"
"69b093e22a91b6ab8e8c8261","0","NC-0000000083","69b093e406611f3e9b008f26","2026-03-10T21:57:56.145000","2026-03-10T21:57:56.145000","service_20f63310-1e7c-45d0-b0d5-32d80f7be796","false"
"69b093e22a91b6ab8e8c8261","0","NC-0000000076","69b093e3e1662a4aed5e92a2","2026-03-10T21:57:55.933000","2026-03-10T21:57:55.933000","service_20f63310-1e7c-45d0-b0d5-32d80f7be796","false"
"69b093e22a91b6ab8e8c8261","0","NC-0000000071","69b093e3eb22f608d2f55433","2026-03-10T21:57:55.695000","2026-03-10T22:57:57.609000","service_20f63310-1e7c-45d0-b0d5-32d80f7be796","false"
"69b093e22a91b6ab8e8c8261","0","NC-0000000108","69b093e3349413498232f4bc","2026-03-10T21:57:55.481000","2026-03-10T22:57:57.455000","service_20f63310-1e7c-45d0-b0d5-32d80f7be796","false"
"69b093e22a91b6ab8e8c8261","0","NC-0000000175","69b093e383a0e9c7c6669730","2026-03-10T21:57:55.253000","2026-03-10T22:57:57.284000","service_20f63310-1e7c-45d0-b0d5-32d80f7be796","false"
"69b093e22a91b6ab8e8c8261","0","NC-0000000146","69b093e37806256700837d55","2026-03-10T21:57:55.068000","2026-03-10T22:57:57.068000","service_20f63310-1e7c-45d0-b0d5-32d80f7be796","false"
"69b093e22a91b6ab8e8c8261","0","NC-0000000142","69b093e24360001303527c60","2026-03-10T21:57:54.774000","2026-03-10T22:57:56.862000","service_20f63310-1e7c-45d0-b0d5-32d80f7be796","false"
"69b093e22a91b6ab8e8c8261","0","NC-0000000235","69b093e219317deee2c6c46c","2026-03-10T21:57:54.551000","2026-03-10T23:28:16.171000","service_20f63310-1e7c-45d0-b0d5-32d80f7be796","false"
"69b093e22a91b6ab8e8c8261","0","NC-0000000267","69b093e2784a074ab973ec68","2026-03-10T21:57:54.393000","2026-03-10T23:28:15.990000","service_20f63310-1e7c-45d0-b0d5-32d80f7be796","false"
"69b093e22a91b6ab8e8c8261","0","NC-0000000266","69b093e22640fe7fc510aa0c","2026-03-10T21:57:54.235000","2026-03-10T23:28:15.758000","service_20f63310-1e7c-45d0-b0d5-32d80f7be796","false"
"69b093e13bd7cc46e07c0122","0","NC-0000000064","69b093e19b702e4769fc4af3","2026-03-10T21:57:53.918000","2026-03-10T23:28:15.544000","service_20f63310-1e7c-45d0-b0d5-32d80f7be796","false"
"69b093e13bd7cc46e07c0122","0","NC-0000000194","69b093e17f2cdcae5b2c4670","2026-03-10T21:57:53.727000","2026-03-10T23:28:15.373000","service_20f63310-1e7c-45d0-b0d5-32d80f7be796","false"
"69b093e13bd7cc46e07c0122","0","NC-0000000169","69b093e174413b9f4022d466","2026-03-10T21:57:53.560000","2026-03-10T23:28:14.984000","service_20f63310-1e7c-45d0-b0d5-32d80f7be796","false"
"69b093e13bd7cc46e07c0122","0","NC-0000000247","69b093e16b6ad64cbdb843e3","2026-03-10T21:57:53.389000","2026-03-10T23:28:14.769000","service_20f63310-1e7c-45d0-b0d5-32d80f7be796","false"
"69b093e13bd7cc46e07c0122","0","NC-0000000264","69b093e13372f90c2cf395c2","2026-03-10T21:57:53.237000","2026-03-10T23:28:14.542000","service_20f63310-1e7c-45d0-b0d5-32d80f7be796","false"
"69b093e0ffad41e94fa898d9","0","NC-0000000034","69b093e07f2cdcae5b2c466e","2026-03-10T21:57:52.877000","2026-03-10T23:28:14.332000","service_20f63310-1e7c-45d0-b0d5-32d80f7be796","false"
"69b093e0ffad41e94fa898d9","0","NC-0000000245","69b093e0a1ddcad3c0f90c0d","2026-03-10T21:57:52.717000","2026-03-10T23:28:14.119000","service_20f63310-1e7c-45d0-b0d5-32d80f7be796","false"
"69b093e0ffad41e94fa898d9","0","NC-0000000263","69b093e02935059c93decaca","2026-03-10T21:57:52.563000","2026-03-10T23:28:13.909000","service_20f63310-1e7c-45d0-b0d5-32d80f7be796","false"
"69b093df4a677f6c0daf2037","0","NC-0000000050","69b093e07041273982ded723","2026-03-10T21:57:52.154000","2026-03-10T23:28:13.684000","service_20f63310-1e7c-45d0-b0d5-32d80f7be796","false"
"69b093df4a677f6c0daf2037","0","NC-0000000049","69b093df976a8b8af0de6037","2026-03-10T21:57:51.981000","2026-03-10T23:28:13.399000","service_20f63310-1e7c-45d0-b0d5-32d80f7be796","false"
"69b093df4a677f6c0daf2037","0","NC-0000000262","69b093df68cbb0a7973c362b","2026-03-10T21:57:51.799000","2026-03-10T23:28:13.196000","service_20f63310-1e7c-45d0-b0d5-32d80f7be796","false"
"69b093df4a677f6c0daf2037","0","NC-0000000261","69b093dff0fcfd4922f53caa","2026-03-10T21:57:51.587000","2026-03-10T23:28:12.928000","service_20f63310-1e7c-45d0-b0d5-32d80f7be796","false"
"69b093de560a26125b1c081f","0","NC-0000000054","69b093df4dec64fcad9a879e","2026-03-10T21:57:51.265000","2026-04-01T02:28:20.798000","service_20f63310-1e7c-45d0-b0d5-32d80f7be796","false"
"69b093de560a26125b1c081f","0","NC-0000000053","69b093df5cddb8a4f4941e31","2026-03-10T21:57:51.087000","2026-04-01T02:28:20.603000","service_20f63310-1e7c-45d0-b0d5-32d80f7be796","false"
"69b093de560a26125b1c081f","0","NC-0000000052","69b093de05595be9318893dd","2026-03-10T21:57:50.911000","2026-04-01T02:28:20.997000","service_20f63310-1e7c-45d0-b0d5-32d80f7be796","false"
"69b093de560a26125b1c081f","0","NC-0000000168","69b093debb17f9a0b2f59953","2026-03-10T21:57:50.698000","2026-04-01T02:28:21.177000","service_20f63310-1e7c-45d0-b0d5-32d80f7be796","false"
"69b093de560a26125b1c081f","0","NC-0000000269","69b093de6000ae511d2c1895","2026-03-10T21:57:50.513000","2026-03-10T23:28:09.759000","service_20f63310-1e7c-45d0-b0d5-32d80f7be796","false"
"69b093de560a26125b1c081f","0","NC-0000000259","69b093de01a570e23b780107","2026-03-10T21:57:50.295000","2026-03-10T23:28:09.524000","service_20f63310-1e7c-45d0-b0d5-32d80f7be796","false"
"69b093dd48bb2b7cf58fd8cd","0","NC-0000000002","69b093ddcb2cb1f856a27e37","2026-03-10T21:57:49.860000","2026-03-10T23:28:07.749000","service_20f63310-1e7c-45d0-b0d5-32d80f7be796","false"
"69b093dd48bb2b7cf58fd8cd","0","NC-0000000260","69b093dd58b861559172d2f8","2026-03-10T21:57:49.663000","2026-03-10T23:28:07.482000","service_20f63310-1e7c-45d0-b0d5-32d80f7be796","false"
"69b093dd48bb2b7cf58fd8cd","0","NC-0000000258","69b093dd926038537321af55","2026-03-10T21:57:49.477000","2026-03-10T23:28:07.239000","service_20f63310-1e7c-45d0-b0d5-32d80f7be796","false"
"69b093dd48bb2b7cf58fd8cd","0","NC-0000000257","69b093dd79a5ffe6c56f7ef7","2026-03-10T21:57:49.311000","2026-03-10T23:28:07.008000","service_20f63310-1e7c-45d0-b0d5-32d80f7be796","false"
"69b093d901b7de04c4af80ac","0","NC-0000000101","69b093dc7806256700837d52","2026-03-10T21:57:48.846000","2026-03-10T23:28:06.600000","service_20f63310-1e7c-45d0-b0d5-32d80f7be796","false"
"69b093d901b7de04c4af80ac","0","NC-0000000092","69b093dc6f947bc316233da8","2026-03-10T21:57:48.684000","2026-03-10T23:28:06.355000","service_20f63310-1e7c-45d0-b0d5-32d80f7be796","false"
"69b093d901b7de04c4af80ac","0","NC-0000000119","69b093dc4b259b956ea2b3b9","2026-03-10T21:57:48.462000","2026-03-10T23:28:06.122000","service_20f63310-1e7c-45d0-b0d5-32d80f7be796","false"
"69b093d901b7de04c4af80ac","0","NC-0000000202","69b093dceed3ab3e8d1ee6ef","2026-03-10T21:57:48.245000","2026-03-10T23:28:05.872000","service_20f63310-1e7c-45d0-b0d5-32d80f7be796","false"
"69b093d901b7de04c4af80ac","0","NC-0000000198","69b093dc21a28bb2bb9fe37d","2026-03-10T21:57:48.048000","2026-03-10T23:28:05.647000","service_20f63310-1e7c-45d0-b0d5-32d80f7be796","false"
"69b093d901b7de04c4af80ac","0","NC-0000000189","69b093dbd9fafcf9675f58b6","2026-03-10T21:57:47.837000","2026-03-10T23:28:05.205000","service_20f63310-1e7c-45d0-b0d5-32d80f7be796","false"
"69b093d901b7de04c4af80ac","0","NC-0000000163","69b093db5e750ec16acfba5d","2026-03-10T21:57:47.618000","2026-03-10T23:28:04.949000","service_20f63310-1e7c-45d0-b0d5-32d80f7be796","false"
"69b093d901b7de04c4af80ac","0","NC-0000000160","69b093db9e1169ee5e044cde","2026-03-10T21:57:47.455000","2026-03-10T23:28:04.661000","service_20f63310-1e7c-45d0-b0d5-32d80f7be796","false"
"69b093d901b7de04c4af80ac","0","NC-0000000157","69b093db01a04c2df0180d2b","2026-03-10T21:57:47.217000","2026-03-10T23:28:04.420000","service_20f63310-1e7c-45d0-b0d5-32d80f7be796","false"
"69b093d901b7de04c4af80ac","0","NC-0000000140","69b093da6b6ad64cbdb843e0","2026-03-10T21:57:46.979000","2026-03-10T23:28:04.204000","service_20f63310-1e7c-45d0-b0d5-32d80f7be796","false"
"69b093d901b7de04c4af80ac","0","NC-0000000122","69b093da7db1a7e36f799903","2026-03-10T21:57:46.795000","2026-03-10T23:28:03.735000","service_20f63310-1e7c-45d0-b0d5-32d80f7be796","false"
"69b093d901b7de04c4af80ac","0","NC-0000000206","69b093da304442e0f633be4d","2026-03-10T21:57:46.556000","2026-03-10T23:28:03.481000","service_20f63310-1e7c-45d0-b0d5-32d80f7be796","false"
"69b093d901b7de04c4af80ac","0","NC-0000000256","69b093da7bb657555b99db1d","2026-03-10T21:57:46.405000","2026-03-10T23:28:03.194000","service_20f63310-1e7c-45d0-b0d5-32d80f7be796","false"
"69b093d901b7de04c4af80ac","0","NC-0000000255","69b093da976a8b8af0de6034","2026-03-10T21:57:46.191000","2026-03-10T23:28:03.001000","service_20f63310-1e7c-45d0-b0d5-32d80f7be796","false"
"69b093d901b7de04c4af80ac","0","NC-0000000253","69b093d93f7201fd76f6d64d","2026-03-10T21:57:45.927000","2026-03-10T23:28:01.002000","service_20f63310-1e7c-45d0-b0d5-32d80f7be796","false"
"69b093d52923c2fe54b6cc9c","0","NC-0000000093","69b093d974a9eb4773f82204","2026-03-10T21:57:45.567000","2026-04-15T12:14:38.739000","service_20f63310-1e7c-45d0-b0d5-32d80f7be796","false"
"69b093d52923c2fe54b6cc9c","0","NC-0000000091","69b093d92a91b6ab8e8c8260","2026-03-10T21:57:45.372000","2026-04-15T12:14:38.573000","service_20f63310-1e7c-45d0-b0d5-32d80f7be796","false"
"69b093d52923c2fe54b6cc9c","0","NC-0000000079","69b093d92a91b6ab8e8c825f","2026-03-10T21:57:45.205000","2026-04-15T12:14:39.074000","service_20f63310-1e7c-45d0-b0d5-32d80f7be796","false"
"69b093d52923c2fe54b6cc9c","0","NC-0000000073","69b093d91ba41b5bb9bec7ba","2026-03-10T21:57:45.029000","2026-04-15T12:14:36.826000","service_20f63310-1e7c-45d0-b0d5-32d80f7be796","false"
"69b093d52923c2fe54b6cc9c","0","NC-0000000072","69b093d80faa549b6d5ccd0c","2026-03-10T21:57:44.865000","2026-04-15T12:14:37.495000","service_20f63310-1e7c-45d0-b0d5-32d80f7be796","false"
"69b093d52923c2fe54b6cc9c","0","NC-0000000196","69b093d8d8b1e53a1a7df4d1","2026-03-10T21:57:44.683000","2026-03-10T23:27:57.562000","service_20f63310-1e7c-45d0-b0d5-32d80f7be796","false"
"69b093d52923c2fe54b6cc9c","0","NC-0000000192","69b093d8008d6d14f0447896","2026-03-10T21:57:44.474000","2026-04-15T12:14:37.158000","service_20f63310-1e7c-45d0-b0d5-32d80f7be796","false"
"69b093d52923c2fe54b6cc9c","0","NC-0000000191","69b093d8cf2a5dca8e88489a","2026-03-10T21:57:44.255000","2026-04-15T12:14:37","service_20f63310-1e7c-45d0-b0d5-32d80f7be796","false"
"69b093d52923c2fe54b6cc9c","0","NC-0000000190","69b093d842a150ec39866d70","2026-03-10T21:57:44.109000","2026-04-15T12:14:38.917000","service_20f63310-1e7c-45d0-b0d5-32d80f7be796","false"
"69b093d52923c2fe54b6cc9c","0","NC-0000000161","69b093d725a478ea5e618069","2026-03-10T21:57:43.935000","2026-04-15T12:14:37.331000","service_20f63310-1e7c-45d0-b0d5-32d80f7be796","false"
"69b093d52923c2fe54b6cc9c","0","NC-0000000145","69b093d70faa549b6d5ccd0b","2026-03-10T21:57:43.723000","2026-03-12T20:56:41.150000","service_20f63310-1e7c-45d0-b0d5-32d80f7be796","false"
"69b093d52923c2fe54b6cc9c","0","NC-0000000139","69b093d79e1169ee5e044cdc","2026-03-10T21:57:43.551000","2026-04-15T12:14:38.235000","service_20f63310-1e7c-45d0-b0d5-32d80f7be796","false"
"69b093d52923c2fe54b6cc9c","0","NC-0000000214","69b093d71157d5cad428b1c4","2026-03-10T21:57:43.391000","2026-03-12T20:56:39.955000","service_20f63310-1e7c-45d0-b0d5-32d80f7be796","false"
"69b093d52923c2fe54b6cc9c","0","NC-0000000213","69b093d7a2a480dab6666354","2026-03-10T21:57:43.158000","2026-03-12T20:56:38.872000","service_20f63310-1e7c-45d0-b0d5-32d80f7be796","false"
"69b093d52923c2fe54b6cc9c","0","NC-0000000212","69b093d69e1169ee5e044cdb","2026-03-10T21:57:42.990000","2026-03-12T20:56:38.589000","service_20f63310-1e7c-45d0-b0d5-32d80f7be796","false"
"69b093d52923c2fe54b6cc9c","0","NC-0000000211","69b093d6359b27fbbee6124a","2026-03-10T21:57:42.823000","2026-03-12T20:56:38.310000","service_20f63310-1e7c-45d0-b0d5-32d80f7be796","false"
"69b093d52923c2fe54b6cc9c","0","NC-0000000208","69b093d66bc27a55c3374d90","2026-03-10T21:57:42.651000","2026-04-15T12:14:37.639000","service_20f63310-1e7c-45d0-b0d5-32d80f7be796","false"
"69b093d52923c2fe54b6cc9c","0","NC-0000000265","69b093d6e11e4b509e3e407b","2026-03-10T21:57:42.465000","2026-03-10T23:27:54.849000","service_20f63310-1e7c-45d0-b0d5-32d80f7be796","false"
"69b093d52923c2fe54b6cc9c","0","NC-0000000254","69b093d638ee520b1371cfe4","2026-03-10T21:57:42.272000","2026-03-10T23:27:54.662000","service_20f63310-1e7c-45d0-b0d5-32d80f7be796","false"
"69b093d52923c2fe54b6cc9c","0","NC-0000000252","69b093d661421f97a16dee7c","2026-03-10T21:57:42.114000","2026-03-10T23:27:54.470000","service_20f63310-1e7c-45d0-b0d5-32d80f7be796","false"
"69b093d52923c2fe54b6cc9c","0","NC-0000000251","69b093d5b7717cc442ae632a","2026-03-10T21:57:41.950000","2026-03-10T23:27:54.287000","service_20f63310-1e7c-45d0-b0d5-32d80f7be796","false"
"69b093d3abc5bce424e583e9","0","NC-0000000008","69b093d59f10283ab9aac063","2026-03-10T21:57:41.613000","2026-03-10T23:27:54.126000","service_20f63310-1e7c-45d0-b0d5-32d80f7be796","false"
"69b093d3abc5bce424e583e9","0","NC-0000000060","69b093d5eb103bda49f3632f","2026-03-10T21:57:41.469000","2026-03-10T23:27:53.923000","service_20f63310-1e7c-45d0-b0d5-32d80f7be796","false"
"69b093d3abc5bce424e583e9","0","NC-0000000059","69b093d5efa26a6ed4c175f4","2026-03-10T21:57:41.290000","2026-03-10T23:27:53.726000","service_20f63310-1e7c-45d0-b0d5-32d80f7be796","false"
"69b093d3abc5bce424e583e9","0","NC-0000000039","69b093d5dfb700c8d7566bc5","2026-03-10T21:57:41.141000","2026-03-10T23:27:53.537000","service_20f63310-1e7c-45d0-b0d5-32d80f7be796","false"
"69b093d3abc5bce424e583e9","0","NC-0000000029","69b093d45e19c789623295a7","2026-03-10T21:57:40.985000","2026-03-10T23:27:53.181000","service_20f63310-1e7c-45d0-b0d5-32d80f7be796","false"
"69b093d3abc5bce424e583e9","0","NC-0000000028","69b093d447ee0a17d8b32ab2","2026-03-10T21:57:40.843000","2026-03-10T23:27:53.020000","service_20f63310-1e7c-45d0-b0d5-32d80f7be796","false"
"69b093d3abc5bce424e583e9","0","NC-0000000181","69b093d43f9514857d27ca5e","2026-03-10T21:57:40.697000","2026-03-10T23:27:52.828000","service_20f63310-1e7c-45d0-b0d5-32d80f7be796","false"
"69b093d3abc5bce424e583e9","0","NC-0000000180","69b093d40315ad9b52e3047c","2026-03-10T21:57:40.542000","2026-03-10T23:27:52.682000","service_20f63310-1e7c-45d0-b0d5-32d80f7be796","false"
"69b093d3abc5bce424e583e9","0","NC-0000000179","69b093d47347957914376207","2026-03-10T21:57:40.384000","2026-03-10T23:27:52.460000","service_20f63310-1e7c-45d0-b0d5-32d80f7be796","false"
"69b093d3abc5bce424e583e9","0","NC-0000000240","69b093d49191e891dc028bd1","2026-03-10T21:57:40.237000","2026-03-10T23:27:52.212000","service_20f63310-1e7c-45d0-b0d5-32d80f7be796","false"
"69b093d3abc5bce424e583e9","0","NC-0000000237","69b093d46c1f850297082527","2026-03-10T21:57:40.089000","2026-03-10T23:27:51.941000","service_20f63310-1e7c-45d0-b0d5-32d80f7be796","false"
"69b093d3abc5bce424e583e9","0","NC-0000000250","69b093d325a478ea5e618067","2026-03-10T21:57:39.945000","2026-03-10T23:27:51.703000","service_20f63310-1e7c-45d0-b0d5-32d80f7be796","false"
"69b093d12f44d88897c2968e","0","NC-0000000010","69b093d308b42698a8c2d532","2026-03-10T21:57:39.677000","2026-03-10T23:27:51.468000","service_20f63310-1e7c-45d0-b0d5-32d80f7be796","false"
"69b093d12f44d88897c2968e","0","NC-0000000006","69b093d3ffad41e94fa898d3","2026-03-10T21:57:39.506000","2026-03-10T23:27:51.289000","service_20f63310-1e7c-45d0-b0d5-32d80f7be796","false"
"69b093d12f44d88897c2968e","0","NC-0000000062","69b093d3e956c8d0348f6120","2026-03-10T21:57:39.342000","2026-03-10T23:27:50.871000","service_20f63310-1e7c-45d0-b0d5-32d80f7be796","false"
"69b093d12f44d88897c2968e","0","NC-0000000061","69b093d347ee0a17d8b32aae","2026-03-10T21:57:39.173000","2026-03-10T23:27:50.636000","service_20f63310-1e7c-45d0-b0d5-32d80f7be796","false"
"69b093d12f44d88897c2968e","0","NC-0000000045","69b093d2eea34bc02bf7a08c","2026-03-10T21:57:38.998000","2026-03-10T23:27:50.400000","service_20f63310-1e7c-45d0-b0d5-32d80f7be796","false"
"69b093d12f44d88897c2968e","0","NC-0000000040","69b093d2c99b32fa5ff2cd46","2026-03-10T21:57:38.829000","2026-03-10T23:27:50.154000","service_20f63310-1e7c-45d0-b0d5-32d80f7be796","false"
"69b093d12f44d88897c2968e","0","NC-0000000036","69b093d27bd0cba76a50dc27","2026-03-10T21:57:38.684000","2026-03-10T23:27:49.956000","service_20f63310-1e7c-45d0-b0d5-32d80f7be796","false"
"69b093d12f44d88897c2968e","0","NC-0000000031","69b093d2b94c33976a9723ba","2026-03-10T21:57:38.528000","2026-03-10T23:27:49.791000","service_20f63310-1e7c-45d0-b0d5-32d80f7be796","false"
"69b093d12f44d88897c2968e","0","NC-0000000018","69b093d23e63c56c7d5ab5da","2026-03-10T21:57:38.300000","2026-03-10T23:27:49.557000","service_20f63310-1e7c-45d0-b0d5-32d80f7be796","false"
"69b093d12f44d88897c2968e","0","NC-0000000238","69b093d2296f4dfafec71029","2026-03-10T21:57:38.136000","2026-03-10T23:27:49.335000","service_20f63310-1e7c-45d0-b0d5-32d80f7be796","false"
"69b093d12f44d88897c2968e","0","NC-0000000271","69b093d1886d336ccbcc4395","2026-03-10T21:57:37.982000","2026-03-10T23:27:49.118000","service_20f63310-1e7c-45d0-b0d5-32d80f7be796","false"
"69b093d12f44d88897c2968e","0","NC-0000000249","69b093d15e19c789623295a6","2026-03-10T21:57:37.831000","2026-03-10T23:27:48.059000","service_20f63310-1e7c-45d0-b0d5-32d80f7be796","false"