actualEndAt,hostUserId,moodFilterSnapshot,lockedAt,launchRequestedAt,sessionType,captainUserId,actualStartAt,startAt,participants,eventId,maxPlayers,scheduledStartAt,minPlayers,referrerId,checkpointLockedAt,totalPresenceCount,audienceCountFrozen,originContext,lobbyOpenedAt,slots,checkpointSystemId,artistCount,sotsSubmittedBy,launchedByUserId,audienceCount,checkpointLockedByUserId,status,id,created_date,updated_date,created_by_id,is_sample
"","69cd302266f2193a99122757","{""lineupScenes"":[{""sceneId"":""sc-1"",""label"":""Scène principale"",""icon"":""🎛""},{""sceneId"":""sc-1777410553494"",""label"":""Micro"",""icon"":""🎤""}],""lineupSchedule"":[{""plageId"":""p-1"",""label"":""Warmup"",""timeStart"":""2026-06-06T16:00:00.000Z"",""timeEnd"":""2026-06-06T16:36:00.000Z""},{""plageId"":""p-2"",""label"":""Peak"",""timeStart"":""2026-06-06T16:36:00.000Z"",""timeEnd"":""2026-06-06T18:00:00.000Z""}],""lineupPlacements"":{""SL-69f1220479760a5105fc2aa0-0:69b48a2b7d5c0db589c6bb1c:sc-1777410553494:p-1"":{""slotId"":""SL-69f1220479760a5105fc2aa0-0"",""userId"":""69b48a2b7d5c0db589c6bb1c"",""sceneId"":""sc-1777410553494"",""plageId"":""p-1"",""roleSystemId"":""RL-000008"",""assignedPrice"":120,""assignedStyleSystemIds"":[],""isPlaced"":true,""_pricingMeta"":{""hourlyRate"":309.6,""workedMin"":36,""requiredMin"":36,""billableMin"":36,""allocationRatio"":1,""blockSize"":1},""_primeMeta"":{""sots"":""+10%"",""jour"":""+10% (WE)"",""xp"":""+11% (niv.16)"",""saison"":""+15%"",""offreDemande"":""N/A""},""_primeMultiplier"":1.548,""priceIsOverridden"":true,""priceOverridedAt"":""2026-04-28T21:11:12.417Z"",""calculatedPrice"":186,""proposalId"":""69f12273b4fa996800a85b5a"",""proposalStatus"":""accepted"",""proposedBy"":""69cd302266f2193a99122757"",""proposedAt"":""2026-04-28T21:11:12.417Z"",""talentCounterPrice"":null,""talentResponseNote"":null}}}","","","event","","","","[{""submittedBallot"":false,""roleSystemId"":""RL-000008"",""styleSystemIds"":[],""joinedAt"":""2026-04-28T21:09:47.456Z"",""styleSystemId"":null,""sotsSubmitted"":null,""userId"":""698c747aee05acfdd23ea578"",""isNoShow"":null,""status"":""confirmed""},{""submittedBallot"":false,""roleSystemId"":""RL-000008"",""styleSystemIds"":[],""joinedAt"":""2026-04-28T21:10:46.097Z"",""styleSystemId"":null,""sotsSubmitted"":null,""userId"":""69b48a2b7d5c0db589c6bb1c"",""isNoShow"":null,""status"":""confirmed""}]","69f12202b0291cf8a10f1bbd","6","","2","","","","","","","[{""roleSystemId"":""RL-000008"",""candidateUserId"":""698c747aee05acfdd23ea578"",""confirmedBy"":""69cd302266f2193a99122757"",""candidateStyleSystemIds"":[],""slotId"":""SL-69f1220479760a5105fc2aa0-0"",""confirmedAt"":""2026-04-28T21:09:55.679Z"",""status"":""confirmed""}]","NC-0000000164","","[]","","","","aborted","69f1220479760a5105fc2aa0","2026-04-28T21:09:24.814000","2026-04-28T21:48:11.604000","service_eb508f39-ce3d-4391-bb12-d4211c02ede9","false"
"2026-04-28T18:59:36.089Z","698c747aee05acfdd23ea578","","2026-04-28T18:58:59.905Z","2026-04-28T18:58:59.905Z","quickplay","698c747aee05acfdd23ea578","2026-04-28T18:58:59.905Z","2026-04-28T18:58:59.905Z","[{""submittedBallot"":false,""roleSystemId"":""RL-000008"",""styleSystemIds"":[""ST-000038"",""ST-000100"",""ST-000165"",""ST-000217""],""joinedAt"":""2026-04-28T18:58:10.340Z"",""styleSystemId"":""ST-000038"",""sotsSubmitted"":null,""userId"":""698c747aee05acfdd23ea578"",""isNoShow"":null,""status"":""ready""},{""submittedBallot"":true,""roleSystemId"":""RL-000010"",""styleSystemIds"":[""ST-000201""],""joinedAt"":""2026-04-28T18:58:10.340Z"",""styleSystemId"":""ST-000201"",""sotsSubmitted"":true,""userId"":""69f0ffc2193f2d4d0a7bcbfa"",""isNoShow"":null,""status"":""ready""}]","","6","","2","","2026-04-28T18:58:59.905Z","","","","2026-04-28T18:58:10.340Z","[]","NC-0000000122","","[""69f0ffc2193f2d4d0a7bcbfa""]","698c747aee05acfdd23ea578","","698c747aee05acfdd23ea578","completed","69f1034459a60f4b9ff07d82","2026-04-28T18:58:12.266000","2026-04-28T18:59:57.087000","service_eb508f39-ce3d-4391-bb12-d4211c02ede9","false"
"","698c747aee05acfdd23ea578","{""lineupScenes"":[{""sceneId"":""sc-1"",""label"":""Scène principale"",""icon"":""🎛""},{""sceneId"":""sc-1777400202627"",""label"":""Micro"",""icon"":""🎤""}],""lineupSchedule"":[{""plageId"":""p-1"",""label"":""Warmup"",""timeStart"":""2026-04-28T19:15:00.000Z"",""timeEnd"":""2026-04-28T19:33:18.000Z""},{""plageId"":""p-2"",""label"":""Peak"",""timeStart"":""2026-04-28T19:33:18.000Z"",""timeEnd"":""2026-04-28T20:16:00.000Z""}],""lineupPlacements"":{""SL-69f0f98e06d265552ac1f9be-0:69cd302266f2193a99122757:sc-1:p-1"":{""slotId"":""SL-69f0f98e06d265552ac1f9be-0"",""userId"":""69cd302266f2193a99122757"",""sceneId"":""sc-1"",""plageId"":""p-1"",""roleSystemId"":""RL-000009"",""assignedPrice"":40,""assignedStyleSystemIds"":[],""isPlaced"":true,""_pricingMeta"":{""hourlyRate"":111.28,""workedMin"":18.3,""requiredMin"":18.3,""billableMin"":30,""allocationRatio"":1,""blockSize"":1},""_primeMeta"":{""sots"":""+5%"",""urgence"":""+25%"",""xp"":""+6% (niv.9)"",""offreDemande"":""N/A""},""_primeMultiplier"":1.391,""priceIsOverridden"":true,""priceOverridedAt"":""2026-04-28T20:57:31.990Z"",""calculatedPrice"":56,""proposalId"":""69f11f3ff78af5a4a41f3980"",""proposalStatus"":""accepted"",""proposedBy"":""698c747aee05acfdd23ea578"",""proposedAt"":""2026-04-28T20:57:31.990Z"",""talentCounterPrice"":null,""talentResponseNote"":null}}}","","","event","","","","[{""submittedBallot"":false,""roleSystemId"":""RL-000009"",""styleSystemIds"":[],""joinedAt"":""2026-04-28T20:57:16.526Z"",""styleSystemId"":null,""sotsSubmitted"":null,""userId"":""69cd302266f2193a99122757"",""isNoShow"":null,""status"":""confirmed""}]","69f0f98dcf62ccab46ce2eba","6","","2","","","","","","","[{""roleSystemId"":""RL-000009"",""candidateUserId"":""69cd302266f2193a99122757"",""confirmedBy"":""698c747aee05acfdd23ea578"",""candidateStyleSystemIds"":[],""slotId"":""SL-69f0f98e06d265552ac1f9be-0"",""confirmedAt"":""2026-04-28T20:57:21.419Z"",""status"":""confirmed""}]","NC-0000000192","","[]","","","","aborted","69f0f98e06d265552ac1f9be","2026-04-28T18:16:46.865000","2026-04-28T21:47:23.228000","service_eb508f39-ce3d-4391-bb12-d4211c02ede9","false"
"","69cd302266f2193a99122757","{""lineupScenes"":[{""sceneId"":""sc-1"",""label"":""Scène principale"",""icon"":""🎛""},{""sceneId"":""sc-1777395663594"",""label"":""Micro"",""icon"":""🎤""}],""lineupSchedule"":[{""plageId"":""p-1"",""label"":""Warmup"",""timeStart"":""2028-01-01T11:00:00.000Z"",""timeEnd"":""2028-01-01T12:48:00.000Z""},{""plageId"":""p-2"",""label"":""Peak"",""timeStart"":""2028-01-01T12:48:00.000Z"",""timeEnd"":""2028-01-01T15:30:00.000Z""},{""plageId"":""p-3"",""label"":""Closer"",""timeStart"":""2028-01-01T15:30:00.000Z"",""timeEnd"":""2028-01-01T17:00:00.000Z""}],""lineupPlacements"":{""SL-69f0e7d3cafc98181ba7f75c-0:698c747aee05acfdd23ea578:sc-1777395663594:p-1"":{""slotId"":""SL-69f0e7d3cafc98181ba7f75c-0"",""userId"":""698c747aee05acfdd23ea578"",""sceneId"":""sc-1777395663594"",""plageId"":""p-1"",""roleSystemId"":""RL-000008"",""assignedPrice"":210,""assignedStyleSystemIds"":[],""isPlaced"":true,""_pricingMeta"":{""hourlyRate"":289.8,""workedMin"":108,""requiredMin"":108,""billableMin"":108,""allocationRatio"":1,""blockSize"":1},""_primeMeta"":{""sots"":""+5%"",""jour"":""+20% (férié)"",""xp"":""+15% (niv.22)"",""offreDemande"":""N/A""},""_primeMultiplier"":1.449,""priceIsOverridden"":true,""priceOverridedAt"":""2026-04-28T17:01:39.743Z"",""calculatedPrice"":522,""proposalId"":""69f0e7f6a25e0b93de3a0ef9"",""proposalStatus"":""accepted"",""proposedBy"":""69cd302266f2193a99122757"",""proposedAt"":""2026-04-28T17:01:39.743Z"",""talentCounterPrice"":null,""talentResponseNote"":null}}}","","","event","","","","[{""submittedBallot"":false,""roleSystemId"":""RL-000008"",""styleSystemIds"":[],""joinedAt"":""2026-04-28T17:01:19.668Z"",""styleSystemId"":null,""sotsSubmitted"":null,""userId"":""698c747aee05acfdd23ea578"",""isNoShow"":null,""status"":""confirmed""}]","69f0e7d20e47fd882890d48c","6","","2","","","","","","","[{""roleSystemId"":""RL-000008"",""candidateUserId"":""698c747aee05acfdd23ea578"",""confirmedBy"":""69cd302266f2193a99122757"",""candidateStyleSystemIds"":[],""slotId"":""SL-69f0e7d3cafc98181ba7f75c-0"",""confirmedAt"":""2026-04-28T17:01:30.847Z"",""status"":""confirmed""}]","NC-0000000304","","[]","","","","aborted","69f0e7d3cafc98181ba7f75c","2026-04-28T17:01:07.985000","2026-04-28T21:48:18.786000","service_eb508f39-ce3d-4391-bb12-d4211c02ede9","false"
"","69cd302266f2193a99122757","{""lineupScenes"":[{""sceneId"":""sc-1"",""label"":""Scène principale"",""icon"":""🎛""}],""lineupSchedule"":[{""plageId"":""p-1"",""label"":""Warmup"",""timeStart"":""2026-06-06T10:00:00.000Z"",""timeEnd"":""2026-06-06T22:36:00.000Z""},{""plageId"":""p-2"",""label"":""Peak"",""timeStart"":""2026-06-06T22:36:00.000Z"",""timeEnd"":""2026-06-07T17:30:00.000Z""},{""plageId"":""p-3"",""label"":""Closer"",""timeStart"":""2026-06-07T17:30:00.000Z"",""timeEnd"":""2026-06-08T04:00:00.000Z""}],""lineupPlacements"":{""SL-69f0e77b4b66c59c927aba37-0:698c747aee05acfdd23ea578:sc-1:p-1"":{""slotId"":""SL-69f0e77b4b66c59c927aba37-0"",""userId"":""698c747aee05acfdd23ea578"",""sceneId"":""sc-1"",""plageId"":""p-1"",""roleSystemId"":""RL-000008"",""assignedPrice"":250,""assignedStyleSystemIds"":[],""isPlaced"":true,""_pricingMeta"":{""hourlyRate"":305.4,""workedMin"":756,""requiredMin"":756,""billableMin"":756,""allocationRatio"":1,""blockSize"":1},""_primeMeta"":{""sots"":""+5%"",""jour"":""+10% (WE)"",""xp"":""+15% (niv.22)"",""saison"":""+15%"",""offreDemande"":""N/A""},""_primeMultiplier"":1.527,""priceIsOverridden"":true,""priceOverridedAt"":""2026-04-28T17:00:19.388Z"",""calculatedPrice"":3848,""proposalId"":""69f0e7a6ce0d562534106da6"",""proposalStatus"":""pending_talent"",""proposedBy"":""69cd302266f2193a99122757"",""proposedAt"":""2026-04-28T17:00:19.388Z"",""talentCounterPrice"":null,""talentResponseNote"":null}}}","","","event","","","","[{""submittedBallot"":false,""roleSystemId"":""RL-000008"",""styleSystemIds"":[],""joinedAt"":""2026-04-28T16:59:58.115Z"",""styleSystemId"":null,""sotsSubmitted"":null,""userId"":""698c747aee05acfdd23ea578"",""isNoShow"":null,""status"":""confirmed""}]","69f0e77a18ab67191b45cc44","6","","2","","","","","","","[{""roleSystemId"":""RL-000008"",""candidateUserId"":""698c747aee05acfdd23ea578"",""confirmedBy"":""69cd302266f2193a99122757"",""candidateStyleSystemIds"":[],""slotId"":""SL-69f0e77b4b66c59c927aba37-0"",""confirmedAt"":""2026-04-28T17:00:08.150Z"",""status"":""confirmed""}]","NC-0000000049","","[]","","","","aborted","69f0e77b4b66c59c927aba37","2026-04-28T16:59:39.863000","2026-04-28T21:48:26.142000","service_eb508f39-ce3d-4391-bb12-d4211c02ede9","false"
"","69cd302266f2193a99122757","{""lineupScenes"":[{""sceneId"":""sc-1"",""label"":""Scène principale"",""icon"":""🎛""}],""lineupSchedule"":[{""plageId"":""p-1"",""label"":""Cérémonie"",""timeStart"":""2026-06-07T10:00:00.000Z"",""timeEnd"":""2026-06-07T10:18:00.000Z""},{""plageId"":""p-2"",""label"":""Cocktail"",""timeStart"":""2026-06-07T10:18:00.000Z"",""timeEnd"":""2026-06-07T10:54:00.000Z""},{""plageId"":""p-3"",""label"":""Souper"",""timeStart"":""2026-06-07T10:54:00.000Z"",""timeEnd"":""2026-06-07T11:44:24.000Z""},{""plageId"":""p-4"",""label"":""Danse"",""timeStart"":""2026-06-07T11:44:24.000Z"",""timeEnd"":""2026-06-07T12:06:00.000Z""},{""plageId"":""p-5"",""label"":""Party"",""timeStart"":""2026-06-07T12:06:00.000Z"",""timeEnd"":""2026-06-07T13:00:00.000Z""}],""lineupPlacements"":{""SL-69f0e437d3c2232e3ab54e7e-0:698c747aee05acfdd23ea578:sc-1:p-1"":{""slotId"":""SL-69f0e437d3c2232e3ab54e7e-0"",""userId"":""698c747aee05acfdd23ea578"",""sceneId"":""sc-1"",""plageId"":""p-1"",""roleSystemId"":""RL-000008"",""assignedPrice"":115,""assignedStyleSystemIds"":[],""isPlaced"":true,""_pricingMeta"":{""hourlyRate"":305.4,""workedMin"":18,""requiredMin"":18,""billableMin"":30,""allocationRatio"":1,""blockSize"":1},""_primeMeta"":{""sots"":""+5%"",""jour"":""+10% (WE)"",""xp"":""+15% (niv.22)"",""saison"":""+15%"",""offreDemande"":""N/A""},""_primeMultiplier"":1.527,""priceIsOverridden"":true,""priceOverridedAt"":""2026-04-28T16:46:24.697Z"",""calculatedPrice"":153,""proposalId"":""69f0e464f4cbc00ca21ff297"",""proposalStatus"":""accepted"",""proposedBy"":""69cd302266f2193a99122757"",""proposedAt"":""2026-04-28T16:46:24.697Z"",""talentCounterPrice"":115,""talentResponseNote"":null},""SL-69f0e437d3c2232e3ab54e7e-0:698c747aee05acfdd23ea578:sc-1:p-3"":{""slotId"":""SL-69f0e437d3c2232e3ab54e7e-0"",""userId"":""698c747aee05acfdd23ea578"",""sceneId"":""sc-1"",""plageId"":""p-3"",""roleSystemId"":""RL-000008"",""assignedPrice"":185,""assignedStyleSystemIds"":[],""isPlaced"":true,""_pricingMeta"":{""hourlyRate"":305.4,""workedMin"":50.4,""requiredMin"":50.4,""billableMin"":50.4,""allocationRatio"":1,""blockSize"":1},""_primeMeta"":{""sots"":""+5%"",""jour"":""+10% (WE)"",""xp"":""+15% (niv.22)"",""saison"":""+15%"",""offreDemande"":""N/A""},""_primeMultiplier"":1.527,""priceIsOverridden"":true,""priceOverridedAt"":""2026-04-28T16:47:25.158Z"",""calculatedPrice"":257,""proposalId"":""69f0e4a07b99e4d6a2e3625f"",""proposalStatus"":""accepted"",""proposedBy"":""69cd302266f2193a99122757"",""proposedAt"":""2026-04-28T16:47:25.158Z"",""talentCounterPrice"":185,""talentResponseNote"":null}}}","","","event","","","","[{""submittedBallot"":false,""roleSystemId"":""RL-000008"",""styleSystemIds"":[],""joinedAt"":""2026-04-28T16:46:01.746Z"",""styleSystemId"":null,""sotsSubmitted"":null,""userId"":""698c747aee05acfdd23ea578"",""isNoShow"":null,""status"":""confirmed""}]","69f0e4361bd96edff7653490","6","","2","","","","","","","[{""roleSystemId"":""RL-000008"",""candidateUserId"":""698c747aee05acfdd23ea578"",""confirmedBy"":""69cd302266f2193a99122757"",""candidateStyleSystemIds"":[],""slotId"":""SL-69f0e437d3c2232e3ab54e7e-0"",""confirmedAt"":""2026-04-28T16:46:10.385Z"",""status"":""confirmed""}]","NC-0000000310","","[]","","","","aborted","69f0e437d3c2232e3ab54e7e","2026-04-28T16:45:43.671000","2026-04-28T21:49:06.396000","service_eb508f39-ce3d-4391-bb12-d4211c02ede9","false"
"","69cd302266f2193a99122757","{""lineupScenes"":[{""sceneId"":""sc-1"",""label"":""Scène principale"",""icon"":""🎛""},{""sceneId"":""sc-1777393790028"",""label"":""Micro"",""icon"":""🎤""}],""lineupSchedule"":[{""plageId"":""p-1"",""label"":""Warmup"",""timeStart"":""2026-09-09T14:00:00.000Z"",""timeEnd"":""2026-09-09T14:36:00.000Z""},{""plageId"":""p-2"",""label"":""Peak"",""timeStart"":""2026-09-09T14:36:00.000Z"",""timeEnd"":""2026-09-09T16:00:00.000Z""}],""lineupPlacements"":{""SL-69f0e08230f934b25a4e2a9a-0:698c747aee05acfdd23ea578:sc-1:p-1"":{""slotId"":""SL-69f0e08230f934b25a4e2a9a-0"",""userId"":""698c747aee05acfdd23ea578"",""sceneId"":""sc-1"",""plageId"":""p-1"",""roleSystemId"":""RL-000008"",""assignedPrice"":null,""assignedStyleSystemIds"":[],""isPlaced"":true,""_pricingMeta"":{""hourlyRate"":241.6,""workedMin"":36,""requiredMin"":120,""billableMin"":120,""allocationRatio"":0.3,""blockSize"":2},""_primeMeta"":{""sots"":""+5%"",""xp"":""+15% (niv.22)"",""offreDemande"":""N/A""},""_primeMultiplier"":1.208,""priceIsOverridden"":true,""priceOverridedAt"":""2026-04-28T16:30:39.155Z"",""calculatedPrice"":145,""proposalId"":""69f0e0b22b1f45b654e6ec97"",""proposalStatus"":""accepted"",""proposedBy"":""69cd302266f2193a99122757"",""proposedAt"":""2026-04-28T16:30:39.155Z"",""talentCounterPrice"":135,""talentResponseNote"":null},""SL-69f0e08230f934b25a4e2a9a-0:698c747aee05acfdd23ea578:sc-1:p-2"":{""slotId"":""SL-69f0e08230f934b25a4e2a9a-0"",""userId"":""698c747aee05acfdd23ea578"",""sceneId"":""sc-1"",""plageId"":""p-2"",""roleSystemId"":""RL-000008"",""assignedPrice"":null,""assignedStyleSystemIds"":[],""isPlaced"":true,""_pricingMeta"":{""hourlyRate"":241.6,""workedMin"":84,""requiredMin"":120,""billableMin"":120,""allocationRatio"":0.7,""blockSize"":2},""_primeMeta"":{""sots"":""+5%"",""xp"":""+15% (niv.22)"",""offreDemande"":""N/A""},""_primeMultiplier"":1.208,""priceIsOverridden"":true,""priceOverridedAt"":""2026-04-28T16:31:41.169Z"",""calculatedPrice"":338,""proposalId"":""69f0e0f01e3a451b9e072b37"",""proposalStatus"":""accepted"",""proposedBy"":""69cd302266f2193a99122757"",""proposedAt"":""2026-04-28T16:31:41.169Z"",""talentCounterPrice"":325,""talentResponseNote"":null}}}","","","event","","","","[{""submittedBallot"":false,""roleSystemId"":""RL-000008"",""styleSystemIds"":[""ST-000038"",""ST-000100""],""joinedAt"":""2026-04-28T16:30:11.294Z"",""styleSystemId"":null,""sotsSubmitted"":null,""userId"":""698c747aee05acfdd23ea578"",""isNoShow"":null,""status"":""confirmed""}]","69f0e08017a841019661d987","6","","2","","","","","","","[{""roleSystemId"":""RL-000008"",""candidateUserId"":""698c747aee05acfdd23ea578"",""confirmedBy"":""69cd302266f2193a99122757"",""candidateStyleSystemIds"":[""ST-000038"",""ST-000100""],""slotId"":""SL-69f0e08230f934b25a4e2a9a-0"",""confirmedAt"":""2026-04-28T16:30:15.567Z"",""status"":""confirmed""}]","NC-0000000310","","[]","","","","aborted","69f0e08230f934b25a4e2a9a","2026-04-28T16:29:54.041000","2026-04-28T21:48:59.104000","service_eb508f39-ce3d-4391-bb12-d4211c02ede9","false"
"2026-04-28T14:39:43.705Z","69cbfedd21c3baa494041243","","2026-04-28T14:39:35.431Z","2026-04-28T14:39:35.431Z","quickplay","69cbfedd21c3baa494041243","2026-04-28T14:39:35.431Z","2026-04-28T14:39:35.431Z","[{""submittedBallot"":true,""roleSystemId"":""RL-000008"",""styleSystemIds"":[""ST-000114""],""joinedAt"":""2026-04-28T14:39:17.598Z"",""styleSystemId"":""ST-000114"",""sotsSubmitted"":true,""userId"":""69cbfedd21c3baa494041243"",""isNoShow"":null,""status"":""ready""},{""submittedBallot"":true,""roleSystemId"":""RL-000025"",""styleSystemIds"":[""ST-000032"",""ST-000009"",""ST-000013"",""ST-000007"",""ST-000219"",""ST-000155""],""joinedAt"":""2026-04-28T14:39:17.598Z"",""styleSystemId"":""ST-000032"",""sotsSubmitted"":true,""userId"":""698dbbf753d545317578c200"",""isNoShow"":null,""status"":""ready""}]","","6","","2","","2026-04-28T14:39:35.431Z","","","","2026-04-28T14:39:17.598Z","[]","NC-0000000104","","[""69cbfedd21c3baa494041243"",""698dbbf753d545317578c200""]","69cbfedd21c3baa494041243","","69cbfedd21c3baa494041243","sots_submitted","69f0c6970803bf124b82d341","2026-04-28T14:39:19.902000","2026-04-28T14:40:11.961000","service_eb508f39-ce3d-4391-bb12-d4211c02ede9","false"
"","698c747aee05acfdd23ea578","{""lineupScenes"":[{""sceneId"":""sc-1"",""label"":""Scène principale"",""icon"":""🎛""}],""lineupSchedule"":[{""plageId"":""p-1"",""label"":""Warmup"",""timeStart"":""2026-09-09T13:00:00.000Z"",""timeEnd"":""2026-09-09T13:36:00.000Z""},{""plageId"":""p-2"",""label"":""Peak"",""timeStart"":""2026-09-09T13:36:00.000Z"",""timeEnd"":""2026-09-09T15:00:00.000Z""}],""lineupPlacements"":{""SL-69f0b5559b1fc7abe63829c9-0:698dbbf753d545317578c200:sc-1:p-1"":{""assignedPrice"":120,""isPlaced"":true,""priceIsOverridden"":true,""priceOverridedAt"":""2026-04-28T17:22:55.546Z"",""calculatedPrice"":120,""proposalId"":""69f0b57cb8fe1808a82e5ad3"",""proposalStatus"":""pending_talent"",""proposedBy"":""698c747aee05acfdd23ea578"",""proposedAt"":""2026-04-28T17:22:55.546Z"",""talentCounterPrice"":null,""talentResponseNote"":null}}}","","","event","","","","[{""submittedBallot"":false,""roleSystemId"":""RL-000008"",""styleSystemIds"":[""ST-000032"",""ST-000009"",""ST-000013"",""ST-000007"",""ST-000219""],""joinedAt"":""2026-04-28T13:26:03.433Z"",""styleSystemId"":null,""sotsSubmitted"":null,""userId"":""698dbbf753d545317578c200"",""isNoShow"":null,""status"":""confirmed""}]","69f0b554878a81215537d7d1","6","","2","","","","","","","[{""roleSystemId"":""RL-000008"",""candidateUserId"":""698dbbf753d545317578c200"",""confirmedBy"":""698c747aee05acfdd23ea578"",""candidateStyleSystemIds"":[""ST-000032"",""ST-000009"",""ST-000013"",""ST-000007"",""ST-000219""],""slotId"":""SL-69f0b5559b1fc7abe63829c9-0"",""confirmedAt"":""2026-04-28T13:26:10.124Z"",""status"":""confirmed""}]","NC-0000000310","","[]","","","","aborted","69f0b5559b1fc7abe63829c9","2026-04-28T13:25:41.521000","2026-04-28T21:47:26.980000","service_eb508f39-ce3d-4391-bb12-d4211c02ede9","false"
"","698dbbf753d545317578c200","{""lineupScenes"":[{""sceneId"":""sc-1"",""label"":""Scène principale"",""icon"":""🎛""}],""lineupSchedule"":[{""plageId"":""p-1"",""label"":""Arrivée"",""timeStart"":""2026-08-08T12:00:00.000Z"",""timeEnd"":""2026-08-08T12:12:00.000Z""},{""plageId"":""p-2"",""label"":""Warmup"",""timeStart"":""2026-08-08T12:12:00.000Z"",""timeEnd"":""2026-08-08T12:33:36.000Z""},{""plageId"":""p-3"",""label"":""Build"",""timeStart"":""2026-08-08T12:33:36.000Z"",""timeEnd"":""2026-08-08T13:02:24.000Z""},{""plageId"":""p-4"",""label"":""Peak"",""timeStart"":""2026-08-08T13:02:24.000Z"",""timeEnd"":""2026-08-08T13:38:24.000Z""},{""plageId"":""p-5"",""label"":""Closer"",""timeStart"":""2026-08-08T13:38:24.000Z"",""timeEnd"":""2026-08-08T14:00:00.000Z""}],""lineupPlacements"":{""SL-69f0b1d75226ed00da5397a8-0:698c747aee05acfdd23ea578:sc-1:p-1"":{""assignedPrice"":100,""priceIsOverridden"":true,""priceOverridedAt"":""2026-04-28T13:11:25.812Z"",""calculatedPrice"":0,""proposalId"":""69f0b1ffb07de9a57748e981"",""proposalStatus"":""pending_talent"",""proposedBy"":""698dbbf753d545317578c200"",""proposedAt"":""2026-04-28T13:11:25.812Z"",""talentCounterPrice"":null,""talentResponseNote"":null},""SL-69f0b1d75226ed00da5397a8-0:698c747aee05acfdd23ea578:sc-1:p-2"":{""assignedPrice"":100,""priceIsOverridden"":true,""priceOverridedAt"":""2026-04-28T13:11:48.833Z"",""calculatedPrice"":0,""proposalId"":""69f0b216efce1b6397a7b347"",""proposalStatus"":""pending_talent"",""proposedBy"":""698dbbf753d545317578c200"",""proposedAt"":""2026-04-28T13:11:48.833Z"",""talentCounterPrice"":null,""talentResponseNote"":null},""SL-69f0b1d75226ed00da5397a8-0:698c747aee05acfdd23ea578:sc-1:p-4"":{""assignedPrice"":120,""isPlaced"":true,""priceIsOverridden"":true,""priceOverridedAt"":""2026-04-28T13:25:00.031Z"",""calculatedPrice"":0,""proposalId"":""69f0b52df5d20255bd623164"",""proposalStatus"":""pending_talent"",""proposedBy"":""698dbbf753d545317578c200"",""proposedAt"":""2026-04-28T13:25:00.031Z"",""talentCounterPrice"":null,""talentResponseNote"":null},""SL-69f0b1d75226ed00da5397a8-0:698c747aee05acfdd23ea578:sc-1:p-5"":{""slotId"":""SL-69f0b1d75226ed00da5397a8-0"",""userId"":""698c747aee05acfdd23ea578"",""sceneId"":""sc-1"",""plageId"":""p-5"",""roleSystemId"":""RL-000008"",""assignedPrice"":100,""assignedStyleSystemIds"":[],""isPlaced"":true,""_pricingMeta"":{""hourlyRate"":305.4,""workedMin"":21.6,""requiredMin"":21.6,""billableMin"":30,""allocationRatio"":1,""blockSize"":1},""_primeMeta"":{""sots"":""+5%"",""jour"":""+10% (WE)"",""xp"":""+15% (niv.22)"",""saison"":""+15%"",""offreDemande"":""N/A""},""_primeMultiplier"":1.527,""priceIsOverridden"":true,""priceOverridedAt"":""2026-04-28T13:35:27.518Z"",""calculatedPrice"":153,""proposalId"":""69f0b7a212c7e9dac5f16a1d"",""proposalStatus"":""pending_organizer"",""proposedBy"":""698dbbf753d545317578c200"",""proposedAt"":""2026-04-28T13:35:27.518Z"",""talentCounterPrice"":175,""talentResponseNote"":null}}}","","","event","","","","[{""submittedBallot"":false,""roleSystemId"":""RL-000008"",""styleSystemIds"":[""ST-000038"",""ST-000100""],""joinedAt"":""2026-04-28T13:11:04.549Z"",""styleSystemId"":null,""sotsSubmitted"":null,""userId"":""698c747aee05acfdd23ea578"",""isNoShow"":null,""status"":""confirmed""}]","69f0b1d6bc0615a645b177f7","6","","2","","","","","","","[{""roleSystemId"":""RL-000008"",""candidateUserId"":""698c747aee05acfdd23ea578"",""confirmedBy"":""698dbbf753d545317578c200"",""candidateStyleSystemIds"":[""ST-000038"",""ST-000100""],""slotId"":""SL-69f0b1d75226ed00da5397a8-0"",""confirmedAt"":""2026-04-28T13:11:16.985Z"",""status"":""confirmed""}]","NC-0000000033","","[]","","","","aborted","69f0b1d75226ed00da5397a8","2026-04-28T13:10:47.821000","2026-04-28T21:50:09.977000","service_eb508f39-ce3d-4391-bb12-d4211c02ede9","false"
"","698dbbf753d545317578c200","{""lineupScenes"":[{""sceneId"":""sc-1"",""label"":""Scène principale"",""icon"":""🎛""},{""sceneId"":""sc-1777378467789"",""label"":""Micro"",""icon"":""🎤""}],""lineupSchedule"":[{""plageId"":""p-1"",""label"":""Warmup"",""timeStart"":""2026-07-07T12:00:00.000Z"",""timeEnd"":""2026-07-07T13:48:00.000Z""},{""plageId"":""p-2"",""label"":""Peak"",""timeStart"":""2026-07-07T13:48:00.000Z"",""timeEnd"":""2026-07-07T18:00:00.000Z""}],""lineupPlacements"":{""SL-69f0a4a928761f0e962fc49c-0:698c747aee05acfdd23ea578:sc-1:p-1"":{""assignedPrice"":360,""priceIsOverridden"":true,""priceOverridedAt"":""2026-04-28T12:40:59.297Z"",""calculatedPrice"":360,""proposalId"":""69f0aacba61563113404ab09"",""proposalStatus"":""pending_talent"",""proposedBy"":""698dbbf753d545317578c200"",""proposedAt"":""2026-04-28T12:40:59.297Z"",""talentCounterPrice"":null,""talentResponseNote"":null},""SL-69f0a4a928761f0e962fc49c-0:698c747aee05acfdd23ea578:sc-1:p-2"":{""assignedPrice"":840,""priceIsOverridden"":true,""priceOverridedAt"":""2026-04-28T12:43:04.712Z"",""calculatedPrice"":0,""proposalId"":""69f0ab5b5d49857063749c72"",""proposalStatus"":""pending_talent"",""proposedBy"":""698dbbf753d545317578c200"",""proposedAt"":""2026-04-28T12:43:04.712Z"",""talentCounterPrice"":null,""talentResponseNote"":null},""SL-69f0a4a928761f0e962fc49c-0:698c747aee05acfdd23ea578:sc-1777378467789:p-1"":{""assignedPrice"":360,""priceIsOverridden"":true,""priceOverridedAt"":""2026-04-28T13:10:10.799Z"",""calculatedPrice"":0,""proposalId"":""69f0b1b43e5869ff977a2b60"",""proposalStatus"":""pending_talent"",""proposedBy"":""698dbbf753d545317578c200"",""proposedAt"":""2026-04-28T13:10:10.799Z"",""talentCounterPrice"":null,""talentResponseNote"":null}}}","","","event","","","","[{""submittedBallot"":false,""roleSystemId"":""RL-000008"",""styleSystemIds"":[],""joinedAt"":""2026-04-28T12:40:22.563Z"",""styleSystemId"":null,""sotsSubmitted"":null,""userId"":""698c747aee05acfdd23ea578"",""isNoShow"":null,""status"":""confirmed""}]","69f0a4a819020e82fe25833d","6","","2","","","","","","","[{""roleSystemId"":""RL-000008"",""candidateUserId"":""698c747aee05acfdd23ea578"",""confirmedBy"":""698dbbf753d545317578c200"",""candidateStyleSystemIds"":[],""slotId"":""SL-69f0a4a928761f0e962fc49c-0"",""confirmedAt"":""2026-04-28T12:40:35.371Z"",""status"":""confirmed""}]","NC-0000000159","","[]","","","","aborted","69f0a4a928761f0e962fc49c","2026-04-28T12:14:33.250000","2026-04-28T21:50:22.238000","service_eb508f39-ce3d-4391-bb12-d4211c02ede9","false"
"2026-04-28T12:05:07.332Z","698c747aee05acfdd23ea578","{""lineupScenes"":[{""sceneId"":""sc-1"",""label"":""Scène principale"",""icon"":""🎛""}],""lineupSchedule"":[{""plageId"":""p-1"",""label"":""Warmup"",""timeStart"":""2026-07-07T05:00:00.000Z"",""timeEnd"":""2026-07-07T06:30:00.000Z""},{""plageId"":""p-2"",""label"":""Peak"",""timeStart"":""2026-07-07T06:30:00.000Z"",""timeEnd"":""2026-07-07T10:00:00.000Z""}],""lineupPlacements"":{""SL-69f099b8afa18f836d087348-0:698dbbf753d545317578c200:sc-1:p-1"":{""slotId"":""SL-69f099b8afa18f836d087348-0"",""userId"":""698dbbf753d545317578c200"",""sceneId"":""sc-1"",""plageId"":""p-1"",""roleSystemId"":""RL-000009"",""assignedPrice"":null,""assignedStyleSystemIds"":[],""isPlaced"":true,""_pricingMeta"":{""hourlyRate"":107.44,""workedMin"":90,""requiredMin"":90,""billableMin"":90,""allocationRatio"":1,""blockSize"":1},""_primeMeta"":{""sots"":""+5%"",""xp"":""+11% (niv.16)"",""saison"":""+15%"",""offreDemande"":""N/A""},""_primeMultiplier"":1.343,""priceIsOverridden"":true,""priceOverridedAt"":""2026-04-28T11:29:09.113Z"",""calculatedPrice"":161,""proposalId"":""69f09a0863664bbddb719fa3"",""proposalStatus"":""accepted"",""proposedBy"":""698c747aee05acfdd23ea578"",""proposedAt"":""2026-04-28T11:29:09.113Z"",""talentCounterPrice"":null,""talentResponseNote"":null}}}","","","event","","2026-04-28T12:03:12.907Z","","[{""submittedBallot"":true,""roleSystemId"":""RL-000009"",""styleSystemIds"":[],""joinedAt"":""2026-04-28T11:28:23.421Z"",""styleSystemId"":null,""sotsSubmitted"":true,""userId"":""698dbbf753d545317578c200"",""isNoShow"":null,""status"":""confirmed""},{""submittedBallot"":true,""roleSystemId"":""RL-ORGANIZER"",""styleSystemIds"":[],""joinedAt"":""2026-04-28T12:03:12.907Z"",""styleSystemId"":null,""sotsSubmitted"":true,""userId"":""698c747aee05acfdd23ea578"",""isNoShow"":null,""status"":""confirmed""}]","69f099b6a046e1579b382c7c","6","","2","","","2","0","","","[{""roleSystemId"":""RL-000009"",""candidateUserId"":""698dbbf753d545317578c200"",""confirmedBy"":""698c747aee05acfdd23ea578"",""candidateStyleSystemIds"":[],""slotId"":""SL-69f099b8afa18f836d087348-0"",""confirmedAt"":""2026-04-28T11:28:32.446Z"",""status"":""confirmed""}]","NC-0000000160","1","[""698c747aee05acfdd23ea578"",""698dbbf753d545317578c200""]","","0","","sots_submitted","69f099b8afa18f836d087348","2026-04-28T11:27:52.286000","2026-04-28T12:05:30.002000","service_eb508f39-ce3d-4391-bb12-d4211c02ede9","false"
"","698c747aee05acfdd23ea578","{""lineupScenes"":[{""sceneId"":""sc-1"",""label"":""Scène principale"",""icon"":""🎛""}],""lineupSchedule"":[{""plageId"":""p-1"",""label"":""Warmup"",""timeStart"":""2026-06-07T04:00:00.000Z"",""timeEnd"":""2026-06-07T07:36:00.000Z""},{""plageId"":""p-2"",""label"":""Peak"",""timeStart"":""2026-06-07T07:36:00.000Z"",""timeEnd"":""2026-06-07T16:00:00.000Z""}],""lineupPlacements"":{""SL-69ee4d48c1e7421e84fcd05b-0:69cd302266f2193a99122757:sc-1:p-1"":{""slotId"":""SL-69ee4d48c1e7421e84fcd05b-0"",""userId"":""69cd302266f2193a99122757"",""sceneId"":""sc-1"",""plageId"":""p-1"",""roleSystemId"":""RL-000008"",""assignedPrice"":null,""assignedStyleSystemIds"":[],""isPlaced"":true,""_pricingMeta"":{""hourlyRate"":112.64,""workedMin"":216,""requiredMin"":720,""billableMin"":720,""allocationRatio"":0.3,""blockSize"":2},""_primeMeta"":{""sots"":""+5%"",""jour"":""+10% (WE)"",""xp"":""+6% (niv.9)"",""saison"":""+15%"",""offreDemande"":""N/A""},""_primeMultiplier"":1.408,""priceIsOverridden"":true,""priceOverridedAt"":""2026-04-26T17:38:36.995Z"",""calculatedPrice"":406,""proposalId"":""69ee4da0b7847f597cd4e519"",""proposalStatus"":""accepted"",""proposedBy"":""698c747aee05acfdd23ea578"",""proposedAt"":""2026-04-26T17:38:36.995Z"",""talentCounterPrice"":null,""talentResponseNote"":null},""SL-69ee4d48c1e7421e84fcd05b-0:69cd302266f2193a99122757:sc-1:p-2"":{""slotId"":""SL-69ee4d48c1e7421e84fcd05b-0"",""userId"":""69cd302266f2193a99122757"",""sceneId"":""sc-1"",""plageId"":""p-2"",""roleSystemId"":""RL-000008"",""assignedPrice"":600,""assignedStyleSystemIds"":[],""isPlaced"":true,""_pricingMeta"":{""hourlyRate"":112.64,""workedMin"":504,""requiredMin"":720,""billableMin"":720,""allocationRatio"":0.7,""blockSize"":2},""_primeMeta"":{""sots"":""+5%"",""jour"":""+10% (WE)"",""xp"":""+6% (niv.9)"",""saison"":""+15%"",""offreDemande"":""N/A""},""_primeMultiplier"":1.408,""priceIsOverridden"":true,""priceOverridedAt"":""2026-04-26T17:38:55.976Z"",""calculatedPrice"":946,""proposalId"":""69ee4db3b25beab1063ad736"",""proposalStatus"":""pending_organizer"",""proposedBy"":""698c747aee05acfdd23ea578"",""proposedAt"":""2026-04-26T17:38:55.976Z"",""talentCounterPrice"":500,""talentResponseNote"":null}}}","","","event","","","","[{""submittedBallot"":false,""roleSystemId"":""RL-000008"",""styleSystemIds"":[""ST-000239"",""ST-000102"",""ST-000097""],""joinedAt"":""2026-04-26T17:38:05.038Z"",""styleSystemId"":null,""sotsSubmitted"":null,""userId"":""69cd302266f2193a99122757"",""isNoShow"":null,""status"":""confirmed""},{""submittedBallot"":false,""roleSystemId"":""RL-000008"",""styleSystemIds"":[],""joinedAt"":""2026-04-28T18:56:10.739Z"",""styleSystemId"":null,""sotsSubmitted"":null,""userId"":""69f0ffc2193f2d4d0a7bcbfa"",""isNoShow"":null,""status"":""lobby""}]","69ee4d4655675c96cd568806","6","","2","","","","","","","[{""roleSystemId"":""RL-000008"",""candidateUserId"":""69cd302266f2193a99122757"",""confirmedBy"":""698c747aee05acfdd23ea578"",""candidateStyleSystemIds"":[""ST-000239"",""ST-000102"",""ST-000097""],""slotId"":""SL-69ee4d48c1e7421e84fcd05b-0"",""confirmedAt"":""2026-04-26T17:38:13.441Z"",""status"":""confirmed""}]","NC-0000000310","","[]","","","","aborted","69ee4d48c1e7421e84fcd05b","2026-04-26T17:37:12.784000","2026-04-28T21:47:30.036000","service_eb508f39-ce3d-4391-bb12-d4211c02ede9","false"
"2026-04-24T13:58:46.461Z","699c655e40e8dc98eacda675","{""lineupScenes"":[{""sceneId"":""sc-1"",""label"":""Scène principale"",""icon"":""🎛""}],""lineupSchedule"":[{""plageId"":""p-1"",""label"":""Warmup"",""timeStart"":""2026-06-06T10:00:00.000Z"",""timeEnd"":""2026-06-06T11:12:00.000Z""},{""plageId"":""p-2"",""label"":""Peak"",""timeStart"":""2026-06-06T11:12:00.000Z"",""timeEnd"":""2026-06-06T14:00:00.000Z""}],""lineupPlacements"":{""SL-69eb6a83d8a595925a5192e8-0:698dc6f781b400b640a229f6:sc-1:p-1"":{""slotId"":""SL-69eb6a83d8a595925a5192e8-0"",""userId"":""698dc6f781b400b640a229f6"",""sceneId"":""sc-1"",""plageId"":""p-1"",""roleSystemId"":""RL-000008"",""assignedPrice"":120,""assignedStyleSystemIds"":[],""isPlaced"":true,""_pricingMeta"":{""hourlyRate"":132.2,""workedMin"":72,""requiredMin"":72,""billableMin"":72,""allocationRatio"":1,""blockSize"":1},""_primeMeta"":{""sots"":""0%"",""jour"":""+10% (WE)"",""xp"":""+5% (niv.7)"",""saison"":""+15%"",""offreDemande"":""N/A""},""_primeMultiplier"":1.322,""priceIsOverridden"":true,""priceOverridedAt"":""2026-04-24T13:06:14.729Z"",""calculatedPrice"":159,""proposalId"":""69eb6ac906ed0d2b1702df6f"",""proposalStatus"":""accepted"",""proposedBy"":""699c655e40e8dc98eacda675"",""proposedAt"":""2026-04-24T13:06:14.729Z"",""talentCounterPrice"":null,""talentResponseNote"":null},""SL-69eb6a83d8a595925a5192e8-0:698d204286a5af9808991620:sc-1:p-2"":{""slotId"":""SL-69eb6a83d8a595925a5192e8-0"",""userId"":""698d204286a5af9808991620"",""sceneId"":""sc-1"",""plageId"":""p-2"",""roleSystemId"":""RL-000008"",""assignedPrice"":280,""assignedStyleSystemIds"":[],""isPlaced"":true,""_pricingMeta"":{""hourlyRate"":152.7,""workedMin"":168,""requiredMin"":168,""billableMin"":168,""allocationRatio"":1,""blockSize"":1},""_primeMeta"":{""sots"":""+5%"",""jour"":""+10% (WE)"",""xp"":""+15% (niv.22)"",""saison"":""+15%"",""offreDemande"":""N/A""},""_primeMultiplier"":1.527,""priceIsOverridden"":true,""priceOverridedAt"":""2026-04-24T13:09:46.841Z"",""calculatedPrice"":428,""proposalId"":""69eb6b9d705f4b4ad2b8db63"",""proposalStatus"":""accepted"",""proposedBy"":""699c655e40e8dc98eacda675"",""proposedAt"":""2026-04-24T13:09:46.841Z"",""talentCounterPrice"":null,""talentResponseNote"":null}}}","","","event","","2026-04-24T13:11:31.789Z","","[{""submittedBallot"":true,""roleSystemId"":""RL-000008"",""styleSystemIds"":[""ST-000074"",""ST-000012"",""ST-000042"",""ST-000008""],""joinedAt"":""2026-04-24T13:05:44.712Z"",""styleSystemId"":null,""sotsSubmitted"":true,""userId"":""698dc6f781b400b640a229f6"",""isNoShow"":null,""status"":""confirmed""},{""submittedBallot"":false,""roleSystemId"":""RL-000008"",""styleSystemIds"":[],""joinedAt"":""2026-04-24T13:09:13.157Z"",""styleSystemId"":null,""sotsSubmitted"":null,""userId"":""698d204286a5af9808991620"",""isNoShow"":null,""status"":""confirmed""},{""submittedBallot"":true,""roleSystemId"":""RL-ORGANIZER"",""styleSystemIds"":[""ST-000074"",""ST-000012"",""ST-000042"",""ST-000008""],""joinedAt"":""2026-04-24T13:11:31.789Z"",""styleSystemId"":null,""sotsSubmitted"":true,""userId"":""699c655e40e8dc98eacda675"",""isNoShow"":null,""status"":""confirmed""}]","69eb6a82d3d017cfbd3e77bc","6","","2","","","3","1","","","[{""roleSystemId"":""RL-000008"",""candidateUserId"":""698dc6f781b400b640a229f6"",""confirmedBy"":""699c655e40e8dc98eacda675"",""candidateStyleSystemIds"":[""ST-000074"",""ST-000012"",""ST-000042"",""ST-000008""],""slotId"":""SL-69eb6a83d8a595925a5192e8-0"",""confirmedAt"":""2026-04-24T13:05:57.049Z"",""status"":""confirmed""}]","NC-0000000165","1","[""699c655e40e8dc98eacda675"",""698dc6f781b400b640a229f6""]","","1","","completed","69eb6a83d8a595925a5192e8","2026-04-24T13:05:07.400000","2026-04-24T13:59:59.542000","service_eb508f39-ce3d-4391-bb12-d4211c02ede9","false"
"","699c655e40e8dc98eacda675","{""lineupScenes"":[{""sceneId"":""sc-1"",""label"":""Scène principale"",""icon"":""🎛""}],""lineupSchedule"":[{""plageId"":""p-1"",""label"":""Warmup"",""timeStart"":""2026-08-04T09:00:00.000Z"",""timeEnd"":""2026-08-04T10:30:00.000Z""},{""plageId"":""p-2"",""label"":""Peak"",""timeStart"":""2026-08-04T10:30:00.000Z"",""timeEnd"":""2026-08-04T14:00:00.000Z""}]}","","","event","","","","[]","69eb69adf0603feade4e7432","6","","2","","","","","","","[{""roleSystemId"":""RL-000008"",""candidateUserId"":null,""confirmedBy"":null,""candidateStyleSystemIds"":[],""slotId"":""SL-69eb69af25862e6bbf1214d4-0"",""confirmedAt"":null,""status"":""open""}]","NC-0000000165","","[]","","","","lobby","69eb69af25862e6bbf1214d4","2026-04-24T13:01:35.028000","2026-04-24T13:01:35.345000","service_eb508f39-ce3d-4391-bb12-d4211c02ede9","false"
"2026-04-24T13:52:55.644Z","698c747aee05acfdd23ea578","{""lineupScenes"":[{""sceneId"":""sc-1"",""label"":""Scène principale"",""icon"":""🎛""}],""lineupSchedule"":[{""plageId"":""p-1"",""label"":""Warmup"",""timeStart"":""2026-08-08T12:00:00.000Z"",""timeEnd"":""2026-08-08T13:12:00.000Z""},{""plageId"":""p-2"",""label"":""Peak"",""timeStart"":""2026-08-08T13:12:00.000Z"",""timeEnd"":""2026-08-08T16:00:00.000Z""}],""lineupPlacements"":{""SL-69eb682cd2b77c668d3efe23-0:69cd302266f2193a99122757:sc-1:p-1"":{""slotId"":""SL-69eb682cd2b77c668d3efe23-0"",""userId"":""69cd302266f2193a99122757"",""sceneId"":""sc-1"",""plageId"":""p-1"",""roleSystemId"":""RL-000008"",""assignedPrice"":100,""assignedStyleSystemIds"":[],""isPlaced"":true,""_pricingMeta"":{""hourlyRate"":112.64,""workedMin"":72,""requiredMin"":72,""billableMin"":72,""allocationRatio"":1,""blockSize"":1},""_primeMeta"":{""sots"":""+5%"",""jour"":""+10% (WE)"",""xp"":""+6% (niv.9)"",""saison"":""+15%"",""offreDemande"":""N/A""},""_primeMultiplier"":1.408,""priceIsOverridden"":true,""priceOverridedAt"":""2026-04-24T12:56:14.277Z"",""calculatedPrice"":135,""proposalId"":""69eb6870f2119e0bd88f3a7d"",""proposalStatus"":""accepted"",""proposedBy"":""698c747aee05acfdd23ea578"",""proposedAt"":""2026-04-24T12:56:14.277Z"",""talentCounterPrice"":null,""talentResponseNote"":null},""SL-69eb682cd2b77c668d3efe23-0:698d204286a5af9808991620:sc-1:p-2"":{""slotId"":""SL-69eb682cd2b77c668d3efe23-0"",""userId"":""698d204286a5af9808991620"",""sceneId"":""sc-1"",""plageId"":""p-2"",""roleSystemId"":""RL-000008"",""assignedPrice"":200,""assignedStyleSystemIds"":[],""isPlaced"":true,""_pricingMeta"":{""hourlyRate"":152.7,""workedMin"":168,""requiredMin"":168,""billableMin"":168,""allocationRatio"":1,""blockSize"":1},""_primeMeta"":{""sots"":""+5%"",""jour"":""+10% (WE)"",""xp"":""+15% (niv.22)"",""saison"":""+15%"",""offreDemande"":""N/A""},""_primeMultiplier"":1.527,""priceIsOverridden"":true,""priceOverridedAt"":""2026-04-24T12:56:32.486Z"",""calculatedPrice"":428,""proposalId"":""69eb68830bb19b6d3242af00"",""proposalStatus"":""accepted"",""proposedBy"":""698c747aee05acfdd23ea578"",""proposedAt"":""2026-04-24T12:56:32.486Z"",""talentCounterPrice"":null,""talentResponseNote"":null}}}","","","event","","2026-04-24T12:59:32.656Z","","[{""submittedBallot"":true,""roleSystemId"":""RL-000008"",""styleSystemIds"":[],""joinedAt"":""2026-04-24T12:55:26.140Z"",""styleSystemId"":null,""sotsSubmitted"":true,""userId"":""69cd302266f2193a99122757"",""isNoShow"":null,""status"":""confirmed""},{""submittedBallot"":false,""roleSystemId"":""RL-000008"",""styleSystemIds"":[""ST-000088"",""ST-000074""],""joinedAt"":""2026-04-24T12:55:49.861Z"",""styleSystemId"":null,""sotsSubmitted"":null,""userId"":""698d204286a5af9808991620"",""isNoShow"":null,""status"":""confirmed""},{""submittedBallot"":true,""roleSystemId"":""RL-ORGANIZER"",""styleSystemIds"":[""ST-000088"",""ST-000074""],""joinedAt"":""2026-04-24T12:59:32.656Z"",""styleSystemId"":null,""sotsSubmitted"":true,""userId"":""698c747aee05acfdd23ea578"",""isNoShow"":null,""status"":""confirmed""}]","69eb682b9430b4c08113234d","6","","2","","","4","0","","","[{""roleSystemId"":""RL-000008"",""candidateUserId"":""69cd302266f2193a99122757"",""confirmedBy"":""698c747aee05acfdd23ea578"",""candidateStyleSystemIds"":[],""slotId"":""SL-69eb682cd2b77c668d3efe23-0"",""confirmedAt"":""2026-04-24T12:55:34.025Z"",""status"":""confirmed""}]","NC-0000000165","3","[""698c747aee05acfdd23ea578"",""69b48a2b7d5c0db589c6bb1c"",""69cd302266f2193a99122757""]","","0","","completed","69eb682cd2b77c668d3efe23","2026-04-24T12:55:08.633000","2026-04-24T13:57:09.304000","service_eb508f39-ce3d-4391-bb12-d4211c02ede9","false"
"2026-04-24T12:34:41.957Z","698dbbf753d545317578c200","{""lineupScenes"":[{""sceneId"":""sc-1"",""label"":""Scène principale"",""icon"":""🎛""}],""lineupSchedule"":[{""plageId"":""p-1"",""label"":""Warmup"",""timeStart"":""2026-07-07T11:00:00.000Z"",""timeEnd"":""2026-07-07T11:36:00.000Z""},{""plageId"":""p-2"",""label"":""Peak"",""timeStart"":""2026-07-07T11:36:00.000Z"",""timeEnd"":""2026-07-07T13:00:00.000Z""}],""lineupPlacements"":{""SL-69eb5ea4d363b3e6878d5f16-0:699c655e40e8dc98eacda675:sc-1:p-1"":{""slotId"":""SL-69eb5ea4d363b3e6878d5f16-0"",""userId"":""699c655e40e8dc98eacda675"",""sceneId"":""sc-1"",""plageId"":""p-1"",""roleSystemId"":""RL-000008"",""assignedPrice"":40,""assignedStyleSystemIds"":[],""isPlaced"":true,""_pricingMeta"":{""hourlyRate"":58.8,""workedMin"":36,""requiredMin"":36,""billableMin"":36,""allocationRatio"":1,""blockSize"":1},""_primeMeta"":{""sots"":""0%"",""xp"":""+2% (niv.4)"",""saison"":""+15%"",""offreDemande"":""N/A""},""_primeMultiplier"":1.176,""priceIsOverridden"":true,""priceOverridedAt"":""2026-04-24T12:15:11.144Z"",""calculatedPrice"":35,""proposalId"":""69eb5ed2759a2b113dd17f12"",""proposalStatus"":""accepted"",""proposedBy"":""698dbbf753d545317578c200"",""proposedAt"":""2026-04-24T12:15:11.144Z"",""talentCounterPrice"":null,""talentResponseNote"":null},""SL-69eb5ea4d363b3e6878d5f16-0:698dc6f781b400b640a229f6:sc-1:p-2"":{""slotId"":""SL-69eb5ea4d363b3e6878d5f16-0"",""userId"":""698dc6f781b400b640a229f6"",""sceneId"":""sc-1"",""plageId"":""p-2"",""roleSystemId"":""RL-000008"",""assignedPrice"":60,""assignedStyleSystemIds"":[],""isPlaced"":true,""_pricingMeta"":{""hourlyRate"":120.2,""workedMin"":84,""requiredMin"":84,""billableMin"":84,""allocationRatio"":1,""blockSize"":1},""_primeMeta"":{""sots"":""0%"",""xp"":""+5% (niv.7)"",""saison"":""+15%"",""offreDemande"":""N/A""},""_primeMultiplier"":1.202,""priceIsOverridden"":true,""priceOverridedAt"":""2026-04-24T12:15:51.244Z"",""calculatedPrice"":168,""proposalId"":""69eb5ef90bb19b6d3242a680"",""proposalStatus"":""accepted"",""proposedBy"":""698dbbf753d545317578c200"",""proposedAt"":""2026-04-24T12:15:51.244Z"",""talentCounterPrice"":null,""talentResponseNote"":null}}}","","","event","","2026-04-24T12:20:35.026Z","","[{""submittedBallot"":false,""roleSystemId"":""RL-000008"",""styleSystemIds"":[""ST-000100"",""ST-000102"",""ST-000104""],""joinedAt"":""2026-04-24T12:14:47.842Z"",""styleSystemId"":null,""sotsSubmitted"":null,""userId"":""699c655e40e8dc98eacda675"",""isNoShow"":null,""status"":""confirmed""},{""submittedBallot"":true,""roleSystemId"":""RL-000008"",""styleSystemIds"":[""ST-000074"",""ST-000012"",""ST-000042"",""ST-000008""],""joinedAt"":""2026-04-24T12:15:22.033Z"",""styleSystemId"":null,""sotsSubmitted"":true,""userId"":""698dc6f781b400b640a229f6"",""isNoShow"":null,""status"":""confirmed""},{""submittedBallot"":true,""roleSystemId"":""RL-ORGANIZER"",""styleSystemIds"":[""ST-000100"",""ST-000102"",""ST-000104"",""ST-000074"",""ST-000012"",""ST-000042"",""ST-000008""],""joinedAt"":""2026-04-24T12:20:35.026Z"",""styleSystemId"":null,""sotsSubmitted"":true,""userId"":""698dbbf753d545317578c200"",""isNoShow"":null,""status"":""confirmed""}]","69eb5ea399dc25700de73ac6","6","","2","","","3","0","","","[{""roleSystemId"":""RL-000008"",""candidateUserId"":""699c655e40e8dc98eacda675"",""confirmedBy"":""698dbbf753d545317578c200"",""candidateStyleSystemIds"":[""ST-000100"",""ST-000102"",""ST-000104""],""slotId"":""SL-69eb5ea4d363b3e6878d5f16-0"",""confirmedAt"":""2026-04-24T12:14:59.915Z"",""status"":""confirmed""}]","NC-0000000165","1","[""698dbbf753d545317578c200"",""698dc6f781b400b640a229f6""]","","0","","completed","69eb5ea4d363b3e6878d5f16","2026-04-24T12:14:28.888000","2026-04-24T12:35:16.546000","service_eb508f39-ce3d-4391-bb12-d4211c02ede9","false"
"","698dbbf753d545317578c200","{""lineupScenes"":[{""sceneId"":""sc-1"",""label"":""Scène principale"",""icon"":""🎛""}],""lineupSchedule"":[{""plageId"":""p-1"",""label"":""Warmup"",""timeStart"":""2026-06-06T05:00:00.000Z"",""timeEnd"":""2026-06-06T06:12:00.000Z""},{""plageId"":""p-2"",""label"":""Peak"",""timeStart"":""2026-06-06T06:12:00.000Z"",""timeEnd"":""2026-06-06T09:00:00.000Z""}],""lineupPlacements"":{""SL-69eb5b1f4aef501af043cadf-0:699c655e40e8dc98eacda675:sc-1:p-1"":{""slotId"":""SL-69eb5b1f4aef501af043cadf-0"",""userId"":""699c655e40e8dc98eacda675"",""sceneId"":""sc-1"",""plageId"":""p-1"",""roleSystemId"":""RL-000008"",""assignedPrice"":120,""assignedStyleSystemIds"":[],""isPlaced"":true,""_pricingMeta"":{""hourlyRate"":64.65,""workedMin"":72,""requiredMin"":72,""billableMin"":72,""allocationRatio"":1,""blockSize"":1},""_primeMeta"":{""sots"":""0%"",""jour"":""+10% (WE)"",""xp"":""+2% (niv.4)"",""saison"":""+15%"",""offreDemande"":""N/A""},""_primeMultiplier"":1.293,""priceIsOverridden"":true,""priceOverridedAt"":""2026-04-24T12:00:25.342Z"",""calculatedPrice"":78,""proposalId"":""69eb5b5cc713bd6291b0a8d1"",""proposalStatus"":""accepted"",""proposedBy"":""698dbbf753d545317578c200"",""proposedAt"":""2026-04-24T12:00:25.342Z"",""talentCounterPrice"":120,""talentResponseNote"":null},""SL-69eb5b1f4aef501af043cadf-0:698dc6f781b400b640a229f6:sc-1:p-2"":{""slotId"":""SL-69eb5b1f4aef501af043cadf-0"",""userId"":""698dc6f781b400b640a229f6"",""sceneId"":""sc-1"",""plageId"":""p-2"",""roleSystemId"":""RL-000008"",""assignedPrice"":80,""assignedStyleSystemIds"":[],""isPlaced"":true,""_pricingMeta"":{""hourlyRate"":132.2,""workedMin"":168,""requiredMin"":168,""billableMin"":168,""allocationRatio"":1,""blockSize"":1},""_primeMeta"":{""sots"":""0%"",""jour"":""+10% (WE)"",""xp"":""+5% (niv.7)"",""saison"":""+15%"",""offreDemande"":""N/A""},""_primeMultiplier"":1.322,""priceIsOverridden"":true,""priceOverridedAt"":""2026-04-24T12:00:40.035Z"",""calculatedPrice"":370,""proposalId"":""69eb5b6a8b7e399ef4dd50ab"",""proposalStatus"":""accepted"",""proposedBy"":""698dbbf753d545317578c200"",""proposedAt"":""2026-04-24T12:00:40.035Z"",""talentCounterPrice"":80,""talentResponseNote"":null}}}","","","event","","","","[{""submittedBallot"":false,""roleSystemId"":""RL-000008"",""styleSystemIds"":[],""joinedAt"":""2026-04-24T11:59:51.196Z"",""styleSystemId"":null,""sotsSubmitted"":null,""userId"":""699c655e40e8dc98eacda675"",""isNoShow"":null,""status"":""confirmed""},{""submittedBallot"":false,""roleSystemId"":""RL-000008"",""styleSystemIds"":[],""joinedAt"":""2026-04-24T12:00:00.780Z"",""styleSystemId"":null,""sotsSubmitted"":null,""userId"":""698dc6f781b400b640a229f6"",""isNoShow"":null,""status"":""confirmed""}]","69eb5b1d364972c7c3e18948","6","","2","","","","","","","[{""roleSystemId"":""RL-000008"",""candidateUserId"":""699c655e40e8dc98eacda675"",""confirmedBy"":""698dbbf753d545317578c200"",""candidateStyleSystemIds"":[],""slotId"":""SL-69eb5b1f4aef501af043cadf-0"",""confirmedAt"":""2026-04-24T12:00:15.426Z"",""status"":""confirmed""}]","NC-0000000165","","[]","","","","aborted","69eb5b1f4aef501af043cadf","2026-04-24T11:59:27.579000","2026-04-28T21:50:16.984000","service_eb508f39-ce3d-4391-bb12-d4211c02ede9","false"
"","698dbbf753d545317578c200","{""lineupScenes"":[{""sceneId"":""sc-1"",""label"":""Scène principale"",""icon"":""🎛""}],""lineupSchedule"":[{""plageId"":""p-1"",""label"":""Warmup"",""timeStart"":""2026-07-07T05:00:00.000Z"",""timeEnd"":""2026-07-07T05:18:00.000Z""},{""plageId"":""p-2"",""label"":""Peak"",""timeStart"":""2026-07-07T05:18:00.000Z"",""timeEnd"":""2026-07-07T06:00:00.000Z""}],""lineupPlacements"":{""SL-69eb583140cd8d2ab72406c6-0:699c655e40e8dc98eacda675:sc-1:p-1"":{""slotId"":""SL-69eb583140cd8d2ab72406c6-0"",""userId"":""699c655e40e8dc98eacda675"",""sceneId"":""sc-1"",""plageId"":""p-1"",""roleSystemId"":""RL-000008"",""assignedPrice"":40,""assignedStyleSystemIds"":[],""isPlaced"":true,""_pricingMeta"":{""hourlyRate"":58.8,""workedMin"":18,""requiredMin"":18,""billableMin"":30,""allocationRatio"":1,""blockSize"":1},""_primeMeta"":{""sots"":""0%"",""xp"":""+2% (niv.4)"",""saison"":""+15%"",""offreDemande"":""N/A""},""_primeMultiplier"":1.176,""priceIsOverridden"":true,""priceOverridedAt"":""2026-04-24T11:48:38.001Z"",""calculatedPrice"":29,""proposalId"":""69eb58986a09ef0bed407a1a"",""proposalStatus"":""accepted"",""proposedBy"":""698dbbf753d545317578c200"",""proposedAt"":""2026-04-24T11:48:38.001Z"",""talentCounterPrice"":null,""talentResponseNote"":null},""SL-69eb583140cd8d2ab72406c6-0:698dc6f781b400b640a229f6:sc-1:p-2"":{""slotId"":""SL-69eb583140cd8d2ab72406c6-0"",""userId"":""698dc6f781b400b640a229f6"",""sceneId"":""sc-1"",""plageId"":""p-2"",""roleSystemId"":""RL-000008"",""assignedPrice"":60,""assignedStyleSystemIds"":[],""isPlaced"":true,""_pricingMeta"":{""hourlyRate"":120.2,""workedMin"":42,""requiredMin"":42,""billableMin"":42,""allocationRatio"":1,""blockSize"":1},""_primeMeta"":{""sots"":""0%"",""xp"":""+5% (niv.7)"",""saison"":""+15%"",""offreDemande"":""N/A""},""_primeMultiplier"":1.202,""priceIsOverridden"":true,""priceOverridedAt"":""2026-04-24T11:50:47.841Z"",""calculatedPrice"":84,""proposalId"":""69eb591a387cc8abd3fc03c3"",""proposalStatus"":""accepted"",""proposedBy"":""698dbbf753d545317578c200"",""proposedAt"":""2026-04-24T11:50:47.841Z"",""talentCounterPrice"":null,""talentResponseNote"":null}}}","","","event","","","","[{""submittedBallot"":false,""roleSystemId"":""RL-000008"",""styleSystemIds"":[""ST-000100"",""ST-000102"",""ST-000104""],""joinedAt"":""2026-04-24T11:48:08.855Z"",""styleSystemId"":null,""sotsSubmitted"":null,""userId"":""699c655e40e8dc98eacda675"",""isNoShow"":null,""status"":""confirmed""},{""submittedBallot"":false,""roleSystemId"":""RL-000008"",""styleSystemIds"":[""ST-000074"",""ST-000012"",""ST-000042"",""ST-000008""],""joinedAt"":""2026-04-24T11:49:38.257Z"",""styleSystemId"":null,""sotsSubmitted"":null,""userId"":""698dc6f781b400b640a229f6"",""isNoShow"":null,""status"":""confirmed""}]","69eb582f4e6d9e1d588579e0","6","","2","","","","","","","[{""roleSystemId"":""RL-000008"",""candidateUserId"":""699c655e40e8dc98eacda675"",""confirmedBy"":""698dbbf753d545317578c200"",""candidateStyleSystemIds"":[""ST-000100"",""ST-000102"",""ST-000104""],""slotId"":""SL-69eb583140cd8d2ab72406c6-0"",""confirmedAt"":""2026-04-24T11:48:17.322Z"",""status"":""confirmed""}]","NC-0000000165","","[]","","","","aborted","69eb583140cd8d2ab72406c6","2026-04-24T11:46:57.080000","2026-04-28T21:50:28.198000","service_eb508f39-ce3d-4391-bb12-d4211c02ede9","false"
"2026-04-24T12:32:37.442Z","698c747aee05acfdd23ea578","{""lineupScenes"":[{""sceneId"":""sc-1"",""label"":""Scène principale"",""icon"":""🎛""},{""sceneId"":""sc-1777030260763"",""label"":""Micro"",""icon"":""🎤""},{""sceneId"":""sc-1777030263384"",""label"":""Live"",""icon"":""🎸""}],""lineupSchedule"":[{""plageId"":""p-1"",""label"":""Warmup"",""timeStart"":""2026-08-02T00:00:00.000Z"",""timeEnd"":""2026-08-02T02:06:00.000Z""},{""plageId"":""p-2"",""label"":""Peak"",""timeStart"":""2026-08-02T02:06:00.000Z"",""timeEnd"":""2026-08-02T05:15:00.000Z""},{""plageId"":""p-3"",""label"":""Closer"",""timeStart"":""2026-08-02T05:15:00.000Z"",""timeEnd"":""2026-08-02T07:00:00.000Z""}],""lineupPlacements"":{""SL-69eb54a2f5c5fc5960ac180b-5:69cd302266f2193a99122757:sc-1:p-2"":{""slotId"":""SL-69eb54a2f5c5fc5960ac180b-5"",""userId"":""69cd302266f2193a99122757"",""sceneId"":""sc-1"",""plageId"":""p-2"",""roleSystemId"":""RL-000008"",""assignedPrice"":400,""assignedStyleSystemIds"":[],""isPlaced"":true,""_pricingMeta"":{""hourlyRate"":112.64,""workedMin"":189,""requiredMin"":189,""billableMin"":189,""allocationRatio"":1,""blockSize"":1},""_primeMeta"":{""sots"":""+5%"",""jour"":""+10% (WE)"",""xp"":""+6% (niv.9)"",""saison"":""+15%"",""offreDemande"":""N/A""},""_primeMultiplier"":1.408,""priceIsOverridden"":true,""priceOverridedAt"":""2026-04-24T11:32:43.900Z"",""calculatedPrice"":355,""proposalId"":""69eb54de2c6f4bf8cf633490"",""proposalStatus"":""accepted"",""proposedBy"":""698c747aee05acfdd23ea578"",""proposedAt"":""2026-04-24T11:32:43.900Z"",""talentCounterPrice"":null,""talentResponseNote"":null},""SL-69eb54a2f5c5fc5960ac180b-6:698d204286a5af9808991620:sc-1777030260763:p-2"":{""slotId"":""SL-69eb54a2f5c5fc5960ac180b-6"",""userId"":""698d204286a5af9808991620"",""sceneId"":""sc-1777030260763"",""plageId"":""p-2"",""roleSystemId"":""RL-000010"",""assignedPrice"":600,""assignedStyleSystemIds"":[],""isPlaced"":true,""_pricingMeta"":{""hourlyRate"":229.05,""workedMin"":189,""requiredMin"":189,""billableMin"":189,""allocationRatio"":1,""blockSize"":1},""_primeMeta"":{""sots"":""+5%"",""jour"":""+10% (WE)"",""xp"":""+15% (niv.22)"",""saison"":""+15%"",""offreDemande"":""N/A""},""_primeMultiplier"":1.527,""priceIsOverridden"":true,""priceOverridedAt"":""2026-04-24T11:35:48.385Z"",""calculatedPrice"":722,""proposalId"":""69eb559831d3c4905870367b"",""proposalStatus"":""accepted"",""proposedBy"":""698c747aee05acfdd23ea578"",""proposedAt"":""2026-04-24T11:35:48.385Z"",""talentCounterPrice"":null,""talentResponseNote"":null}}}","","","event","","2026-04-24T11:38:02.747Z","","[{""submittedBallot"":true,""roleSystemId"":""RL-000010"",""styleSystemIds"":[],""joinedAt"":""2026-04-24T11:32:15.646Z"",""styleSystemId"":null,""sotsSubmitted"":true,""userId"":""69cd302266f2193a99122757"",""isNoShow"":null,""status"":""confirmed""},{""submittedBallot"":false,""roleSystemId"":""RL-000010"",""styleSystemIds"":[],""joinedAt"":""2026-04-24T11:33:59.898Z"",""styleSystemId"":null,""sotsSubmitted"":null,""userId"":""698d204286a5af9808991620"",""isNoShow"":null,""status"":""confirmed""},{""submittedBallot"":true,""roleSystemId"":""RL-ORGANIZER"",""styleSystemIds"":[],""joinedAt"":""2026-04-24T11:38:02.747Z"",""styleSystemId"":null,""sotsSubmitted"":true,""userId"":""698c747aee05acfdd23ea578"",""isNoShow"":null,""status"":""confirmed""}]","69eb54a1a9707a51c042eaff","6","","2","","","4","0","","","[{""roleSystemId"":""RL-000009"",""candidateUserId"":null,""confirmedBy"":null,""candidateStyleSystemIds"":[],""slotId"":""SL-69eb54a2f5c5fc5960ac180b-0"",""confirmedAt"":null,""status"":""open""},{""roleSystemId"":""RL-000060"",""candidateUserId"":null,""confirmedBy"":null,""candidateStyleSystemIds"":[],""slotId"":""SL-69eb54a2f5c5fc5960ac180b-1"",""confirmedAt"":null,""status"":""open""},{""roleSystemId"":""RL-000061"",""candidateUserId"":null,""confirmedBy"":null,""candidateStyleSystemIds"":[],""slotId"":""SL-69eb54a2f5c5fc5960ac180b-2"",""confirmedAt"":null,""status"":""open""},{""roleSystemId"":""RL-001001"",""candidateUserId"":null,""confirmedBy"":null,""candidateStyleSystemIds"":[],""slotId"":""SL-69eb54a2f5c5fc5960ac180b-3"",""confirmedAt"":null,""status"":""open""},{""roleSystemId"":""RL-000101"",""candidateUserId"":null,""confirmedBy"":null,""candidateStyleSystemIds"":[],""slotId"":""SL-69eb54a2f5c5fc5960ac180b-4"",""confirmedAt"":null,""status"":""open""},{""roleSystemId"":""RL-000008"",""candidateUserId"":""69cd302266f2193a99122757"",""confirmedBy"":""698c747aee05acfdd23ea578"",""candidateStyleSystemIds"":[""ST-000239"",""ST-000102"",""ST-000097""],""slotId"":""SL-69eb54a2f5c5fc5960ac180b-5"",""confirmedAt"":""2026-04-24T11:32:30.465Z"",""status"":""confirmed""},{""roleSystemId"":""RL-000010"",""candidateUserId"":""69cd302266f2193a99122757"",""confirmedBy"":""698c747aee05acfdd23ea578"",""candidateStyleSystemIds"":[],""slotId"":""SL-69eb54a2f5c5fc5960ac180b-6"",""confirmedAt"":""2026-04-24T11:33:16.068Z"",""status"":""confirmed""}]","","3","[""698c747aee05acfdd23ea578"",""698dd1b2193c860027a3457a"",""69b48a2b7d5c0db589c6bb1c"",""69cd302266f2193a99122757""]","","0","","completed","69eb54a2f5c5fc5960ac180b","2026-04-24T11:31:46.592000","2026-04-24T12:33:34.033000","service_eb508f39-ce3d-4391-bb12-d4211c02ede9","false"
"2026-04-24T01:17:29.576Z","698d204286a5af9808991620","{""lineupScenes"":[{""sceneId"":""sc-1"",""label"":""Scène principale"",""icon"":""🎛""},{""sceneId"":""sc-1776990877222"",""label"":""Micro"",""icon"":""🎤""}],""lineupSchedule"":[{""plageId"":""p-1"",""label"":""Warmup"",""timeStart"":""2026-07-07T12:00:00.000Z"",""timeEnd"":""2026-07-07T13:48:00.000Z""},{""plageId"":""p-2"",""label"":""Peak"",""timeStart"":""2026-07-07T13:48:00.000Z"",""timeEnd"":""2026-07-07T16:30:00.000Z""},{""plageId"":""p-3"",""label"":""Closer"",""timeStart"":""2026-07-07T16:30:00.000Z"",""timeEnd"":""2026-07-07T18:00:00.000Z""}],""lineupPlacements"":{""SL-69eabaa1c05f12225946de3b-0:69cd302266f2193a99122757:sc-1:p-1"":{""slotId"":""SL-69eabaa1c05f12225946de3b-0"",""userId"":""69cd302266f2193a99122757"",""sceneId"":""sc-1"",""plageId"":""p-1"",""roleSystemId"":""RL-000060"",""assignedPrice"":35,""assignedStyleSystemIds"":[],""isPlaced"":true,""_pricingMeta"":{""hourlyRate"":102.4,""workedMin"":108,""requiredMin"":360,""billableMin"":360,""allocationRatio"":0.3,""blockSize"":3},""_primeMeta"":{""sots"":""+5%"",""xp"":""+6% (niv.9)"",""saison"":""+15%"",""offreDemande"":""N/A""},""_primeMultiplier"":1.28,""priceIsOverridden"":true,""priceOverridedAt"":""2026-04-24T00:35:43.058Z"",""calculatedPrice"":184,""proposalId"":""69eabae17bb5984586ce9fe6"",""proposalStatus"":""accepted"",""proposedBy"":""698d204286a5af9808991620"",""proposedAt"":""2026-04-24T00:35:43.058Z"",""talentCounterPrice"":null,""talentResponseNote"":null},""SL-69eabaa1c05f12225946de3b-0:69cd302266f2193a99122757:sc-1:p-2"":{""slotId"":""SL-69eabaa1c05f12225946de3b-0"",""userId"":""69cd302266f2193a99122757"",""sceneId"":""sc-1"",""plageId"":""p-2"",""roleSystemId"":""RL-000060"",""assignedPrice"":55,""assignedStyleSystemIds"":[],""isPlaced"":true,""_pricingMeta"":{""hourlyRate"":102.4,""workedMin"":162,""requiredMin"":360,""billableMin"":360,""allocationRatio"":0.45,""blockSize"":3},""_primeMeta"":{""sots"":""+5%"",""xp"":""+6% (niv.9)"",""saison"":""+15%"",""offreDemande"":""N/A""},""_primeMultiplier"":1.28,""priceIsOverridden"":true,""priceOverridedAt"":""2026-04-24T00:36:02.008Z"",""calculatedPrice"":276,""proposalId"":""69eabaf41bac3f5b953d6692"",""proposalStatus"":""accepted"",""proposedBy"":""698d204286a5af9808991620"",""proposedAt"":""2026-04-24T00:36:02.008Z"",""talentCounterPrice"":null,""talentResponseNote"":null},""SL-69eabaa1c05f12225946de3b-0:69cd302266f2193a99122757:sc-1:p-3"":{""slotId"":""SL-69eabaa1c05f12225946de3b-0"",""userId"":""69cd302266f2193a99122757"",""sceneId"":""sc-1"",""plageId"":""p-3"",""roleSystemId"":""RL-000060"",""assignedPrice"":30,""assignedStyleSystemIds"":[],""isPlaced"":true,""_pricingMeta"":{""hourlyRate"":102.4,""workedMin"":90,""requiredMin"":360,""billableMin"":360,""allocationRatio"":0.25,""blockSize"":3},""_primeMeta"":{""sots"":""+5%"",""xp"":""+6% (niv.9)"",""saison"":""+15%"",""offreDemande"":""N/A""},""_primeMultiplier"":1.28,""priceIsOverridden"":true,""priceOverridedAt"":""2026-04-24T00:36:13.297Z"",""calculatedPrice"":154,""proposalId"":""69eabb00f2cafd819cbb7203"",""proposalStatus"":""accepted"",""proposedBy"":""698d204286a5af9808991620"",""proposedAt"":""2026-04-24T00:36:13.297Z"",""talentCounterPrice"":null,""talentResponseNote"":null},""SL-69eabaa1c05f12225946de3b-1:698c747aee05acfdd23ea578:sc-1:p-2"":{""slotId"":""SL-69eabaa1c05f12225946de3b-1"",""userId"":""698c747aee05acfdd23ea578"",""sceneId"":""sc-1"",""plageId"":""p-2"",""roleSystemId"":""RL-000061"",""assignedPrice"":50,""assignedStyleSystemIds"":[],""isPlaced"":true,""_pricingMeta"":{""hourlyRate"":173.63,""workedMin"":162,""requiredMin"":360,""billableMin"":360,""allocationRatio"":0.45,""blockSize"":3},""_primeMeta"":{""sots"":""+5%"",""xp"":""+15% (niv.21)"",""saison"":""+15%"",""offreDemande"":""N/A""},""_primeMultiplier"":1.389,""priceIsOverridden"":true,""priceOverridedAt"":""2026-04-24T00:36:33.061Z"",""calculatedPrice"":469,""proposalId"":""69eabb15f770f599f2f61ffc"",""proposalStatus"":""accepted"",""proposedBy"":""698d204286a5af9808991620"",""proposedAt"":""2026-04-24T00:36:33.061Z"",""talentCounterPrice"":null,""talentResponseNote"":null},""SL-69eabaa1c05f12225946de3b-1:698c747aee05acfdd23ea578:sc-1:p-3"":{""slotId"":""SL-69eabaa1c05f12225946de3b-1"",""userId"":""698c747aee05acfdd23ea578"",""sceneId"":""sc-1"",""plageId"":""p-3"",""roleSystemId"":""RL-000061"",""assignedPrice"":30,""assignedStyleSystemIds"":[],""isPlaced"":true,""_pricingMeta"":{""hourlyRate"":173.63,""workedMin"":90,""requiredMin"":360,""billableMin"":360,""allocationRatio"":0.25,""blockSize"":3},""_primeMeta"":{""sots"":""+5%"",""xp"":""+15% (niv.21)"",""saison"":""+15%"",""offreDemande"":""N/A""},""_primeMultiplier"":1.389,""priceIsOverridden"":true,""priceOverridedAt"":""2026-04-24T00:36:46.756Z"",""calculatedPrice"":260,""proposalId"":""69eabb224cd03d78d603318c"",""proposalStatus"":""accepted"",""proposedBy"":""698d204286a5af9808991620"",""proposedAt"":""2026-04-24T00:36:46.756Z"",""talentCounterPrice"":null,""talentResponseNote"":null},""SL-69eabaa1c05f12225946de3b-2:69b48a2b7d5c0db589c6bb1c:sc-1:p-3"":{""slotId"":""SL-69eabaa1c05f12225946de3b-2"",""userId"":""69b48a2b7d5c0db589c6bb1c"",""sceneId"":""sc-1"",""plageId"":""p-3"",""roleSystemId"":""RL-000010"",""assignedPrice"":200,""assignedStyleSystemIds"":[],""isPlaced"":true,""_pricingMeta"":{""hourlyRate"":111.84,""workedMin"":90,""requiredMin"":252,""billableMin"":252,""allocationRatio"":0.35714285714285715,""blockSize"":2},""_primeMeta"":{""sots"":""+10%"",""xp"":""+11% (niv.15)"",""saison"":""+15%"",""offreDemande"":""N/A""},""_primeMultiplier"":1.398,""priceIsOverridden"":true,""priceOverridedAt"":""2026-04-24T00:37:27.862Z"",""calculatedPrice"":168,""proposalId"":""69eabb4a7c97f3894bfc25fa"",""proposalStatus"":""accepted"",""proposedBy"":""698d204286a5af9808991620"",""proposedAt"":""2026-04-24T00:37:27.862Z"",""talentCounterPrice"":null,""talentResponseNote"":null},""SL-69eabaa1c05f12225946de3b-3:698dd1b2193c860027a3457a:sc-1:p-3"":{""slotId"":""SL-69eabaa1c05f12225946de3b-3"",""userId"":""698dd1b2193c860027a3457a"",""sceneId"":""sc-1"",""plageId"":""p-3"",""roleSystemId"":""RL-000008"",""assignedPrice"":500,""assignedStyleSystemIds"":[],""isPlaced"":true,""_pricingMeta"":{""hourlyRate"":265,""workedMin"":90,""requiredMin"":90,""billableMin"":90,""allocationRatio"":1,""blockSize"":1},""_primeMeta"":{""sots"":""+5%"",""xp"":""+10% (niv.14)"",""saison"":""+15%"",""offreDemande"":""N/A""},""_primeMultiplier"":1.325,""priceIsOverridden"":true,""priceOverridedAt"":""2026-04-24T00:38:19.766Z"",""calculatedPrice"":398,""proposalId"":""69eabb7ecee9fda288abfcb2"",""proposalStatus"":""accepted"",""proposedBy"":""698d204286a5af9808991620"",""proposedAt"":""2026-04-24T00:38:19.766Z"",""talentCounterPrice"":500,""talentResponseNote"":null},""SL-69eabaa1c05f12225946de3b-1:698dc6f781b400b640a229f6:sc-1:p-3"":{""slotId"":""SL-69eabaa1c05f12225946de3b-1"",""userId"":""698dc6f781b400b640a229f6"",""sceneId"":""sc-1"",""plageId"":""p-3"",""roleSystemId"":""RL-000061"",""assignedPrice"":120,""assignedStyleSystemIds"":[],""isPlaced"":true,""_pricingMeta"":{""hourlyRate"":149.13,""workedMin"":90,""requiredMin"":90,""billableMin"":90,""allocationRatio"":1,""blockSize"":1},""_primeMeta"":{""sots"":""0%"",""xp"":""+4% (niv.6)"",""saison"":""+15%"",""offreDemande"":""N/A""},""_primeMultiplier"":1.193,""priceIsOverridden"":true,""priceOverridedAt"":""2026-04-24T00:39:11.392Z"",""calculatedPrice"":224,""proposalId"":""69eabbb20f8e72dce3c232ba"",""proposalStatus"":""accepted"",""proposedBy"":""698d204286a5af9808991620"",""proposedAt"":""2026-04-24T00:39:11.392Z"",""talentCounterPrice"":120,""talentResponseNote"":null},""SL-69eabaa1c05f12225946de3b-2:69b48a2b7d5c0db589c6bb1c:sc-1776990877222:p-2"":{""slotId"":""SL-69eabaa1c05f12225946de3b-2"",""userId"":""69b48a2b7d5c0db589c6bb1c"",""sceneId"":""sc-1776990877222"",""plageId"":""p-2"",""roleSystemId"":""RL-000010"",""assignedPrice"":200,""assignedStyleSystemIds"":[],""isPlaced"":true,""_pricingMeta"":{""hourlyRate"":111.84,""workedMin"":162,""requiredMin"":252,""billableMin"":252,""allocationRatio"":0.6428571428571429,""blockSize"":2},""_primeMeta"":{""sots"":""+10%"",""xp"":""+11% (niv.15)"",""saison"":""+15%"",""offreDemande"":""N/A""},""_primeMultiplier"":1.398,""priceIsOverridden"":true,""priceOverridedAt"":""2026-04-24T00:39:41.710Z"",""calculatedPrice"":302,""proposalId"":""69eabbd0ca768d1cae318a4c"",""proposalStatus"":""accepted"",""proposedBy"":""698d204286a5af9808991620"",""proposedAt"":""2026-04-24T00:39:41.710Z"",""talentCounterPrice"":null,""talentResponseNote"":null},""SL-69eabaa1c05f12225946de3b-1:698c747aee05acfdd23ea578:sc-1776990877222:p-1"":{""slotId"":""SL-69eabaa1c05f12225946de3b-1"",""userId"":""698c747aee05acfdd23ea578"",""sceneId"":""sc-1776990877222"",""plageId"":""p-1"",""roleSystemId"":""RL-000061"",""assignedPrice"":5,""assignedStyleSystemIds"":[],""isPlaced"":true,""_pricingMeta"":{""hourlyRate"":173.63,""workedMin"":108,""requiredMin"":360,""billableMin"":360,""allocationRatio"":0.3,""blockSize"":3},""_primeMeta"":{""sots"":""+5%"",""xp"":""+15% (niv.21)"",""saison"":""+15%"",""offreDemande"":""N/A""},""_primeMultiplier"":1.389,""priceIsOverridden"":true,""priceOverridedAt"":""2026-04-24T00:46:14.204Z"",""calculatedPrice"":313,""proposalId"":""69eabd59bbf1eb5e5d4359b7"",""proposalStatus"":""accepted"",""proposedBy"":""698d204286a5af9808991620"",""proposedAt"":""2026-04-24T00:46:14.204Z"",""talentCounterPrice"":null,""talentResponseNote"":null}}}","","","event","","2026-04-24T00:46:34.828Z","","[{""submittedBallot"":false,""roleSystemId"":""RL-000060"",""styleSystemIds"":[],""joinedAt"":""2026-04-24T00:35:09.183Z"",""styleSystemId"":null,""sotsSubmitted"":null,""userId"":""69cd302266f2193a99122757"",""isNoShow"":null,""status"":""confirmed""},{""submittedBallot"":false,""roleSystemId"":""RL-000061"",""styleSystemIds"":[],""joinedAt"":""2026-04-24T00:35:27.084Z"",""styleSystemId"":null,""sotsSubmitted"":null,""userId"":""698c747aee05acfdd23ea578"",""isNoShow"":null,""status"":""confirmed""},{""submittedBallot"":false,""roleSystemId"":""RL-000010"",""styleSystemIds"":[],""joinedAt"":""2026-04-24T00:37:01.274Z"",""styleSystemId"":null,""sotsSubmitted"":null,""userId"":""69b48a2b7d5c0db589c6bb1c"",""isNoShow"":null,""status"":""confirmed""},{""submittedBallot"":true,""roleSystemId"":""RL-000008"",""styleSystemIds"":[""ST-000077"",""ST-000103""],""joinedAt"":""2026-04-24T00:37:46.099Z"",""styleSystemId"":null,""sotsSubmitted"":true,""userId"":""698dd1b2193c860027a3457a"",""isNoShow"":null,""status"":""confirmed""},{""submittedBallot"":false,""roleSystemId"":""RL-000061"",""styleSystemIds"":[],""joinedAt"":""2026-04-24T00:38:44.167Z"",""styleSystemId"":null,""sotsSubmitted"":null,""userId"":""698dc6f781b400b640a229f6"",""isNoShow"":null,""status"":""confirmed""},{""submittedBallot"":true,""roleSystemId"":""RL-ORGANIZER"",""styleSystemIds"":[""ST-000077"",""ST-000103""],""joinedAt"":""2026-04-24T00:46:34.828Z"",""styleSystemId"":null,""sotsSubmitted"":true,""userId"":""698d204286a5af9808991620"",""isNoShow"":null,""status"":""confirmed""}]","69eabaa014b3b229e04cd76a","6","","2","","","8","3","","","[{""roleSystemId"":""RL-000060"",""candidateUserId"":""69cd302266f2193a99122757"",""confirmedBy"":""698d204286a5af9808991620"",""candidateStyleSystemIds"":[],""slotId"":""SL-69eabaa1c05f12225946de3b-0"",""confirmedAt"":""2026-04-24T00:35:28.593Z"",""status"":""confirmed""},{""roleSystemId"":""RL-000061"",""candidateUserId"":""698c747aee05acfdd23ea578"",""confirmedBy"":""698d204286a5af9808991620"",""candidateStyleSystemIds"":[],""slotId"":""SL-69eabaa1c05f12225946de3b-1"",""confirmedAt"":""2026-04-24T00:35:33.620Z"",""status"":""confirmed""},{""roleSystemId"":""RL-000010"",""candidateUserId"":""69b48a2b7d5c0db589c6bb1c"",""confirmedBy"":""698d204286a5af9808991620"",""candidateStyleSystemIds"":[],""slotId"":""SL-69eabaa1c05f12225946de3b-2"",""confirmedAt"":""2026-04-24T00:37:14.142Z"",""status"":""confirmed""},{""roleSystemId"":""RL-000008"",""candidateUserId"":""698dd1b2193c860027a3457a"",""confirmedBy"":""698d204286a5af9808991620"",""candidateStyleSystemIds"":[""ST-000077"",""ST-000103""],""slotId"":""SL-69eabaa1c05f12225946de3b-3"",""confirmedAt"":""2026-04-24T00:37:54.129Z"",""status"":""confirmed""}]","NC-0000000165","4","[""698d204286a5af9808991620"",""698dd1b2193c860027a3457a""]","","3","","completed","69eabaa1c05f12225946de3b","2026-04-24T00:34:41.677000","2026-04-24T01:18:28.456000","service_eb508f39-ce3d-4391-bb12-d4211c02ede9","false"
"","698d204286a5af9808991620","{""lineupPlacements"":{""SL-69eab69483edf32f2d2cd6db-0:698c747aee05acfdd23ea578:sc-1:p-3"":{""slotId"":""SL-69eab69483edf32f2d2cd6db-0"",""userId"":""698c747aee05acfdd23ea578"",""sceneId"":""sc-1"",""plageId"":""p-3"",""roleSystemId"":""RL-000008"",""assignedPrice"":290,""assignedStyleSystemIds"":[],""isPlaced"":true,""_pricingMeta"":{""hourlyRate"":80,""workedMin"":120,""requiredMin"":240,""billableMin"":240,""allocationRatio"":0.5,""blockSize"":3},""_primeMeta"":{""offreDemande"":""N/A""},""_primeMultiplier"":1,""priceIsOverridden"":true,""priceOverridedAt"":""2026-04-24T00:21:52.177Z"",""calculatedPrice"":160,""proposalId"":""69eab7a2fdd6f868722c6586"",""proposalStatus"":""pending_talent"",""proposedBy"":""698d204286a5af9808991620"",""proposedAt"":""2026-04-24T00:21:52.177Z"",""talentCounterPrice"":null,""talentResponseNote"":null}}}","","","event","","","","[{""submittedBallot"":false,""roleSystemId"":""RL-000008"",""styleSystemIds"":[""ST-000038"",""ST-000100""],""joinedAt"":""2026-04-24T00:17:59.152Z"",""styleSystemId"":null,""sotsSubmitted"":null,""userId"":""698c747aee05acfdd23ea578"",""isNoShow"":null,""status"":""confirmed""},{""submittedBallot"":false,""roleSystemId"":""RL-000060"",""styleSystemIds"":[],""joinedAt"":""2026-04-24T00:18:00.813Z"",""styleSystemId"":null,""sotsSubmitted"":null,""userId"":""69cd302266f2193a99122757"",""isNoShow"":null,""status"":""confirmed""},{""submittedBallot"":false,""roleSystemId"":""RL-000061"",""styleSystemIds"":[],""joinedAt"":""2026-04-24T00:18:14.933Z"",""styleSystemId"":null,""sotsSubmitted"":null,""userId"":""69b48a2b7d5c0db589c6bb1c"",""isNoShow"":null,""status"":""confirmed""},{""submittedBallot"":false,""roleSystemId"":""RL-000010"",""styleSystemIds"":[],""joinedAt"":""2026-04-24T00:18:24.526Z"",""styleSystemId"":null,""sotsSubmitted"":null,""userId"":""698dc6f781b400b640a229f6"",""isNoShow"":null,""status"":""confirmed""}]","69eab69279bceae19438ebeb","6","","2","","","","","","","[{""roleSystemId"":""RL-000008"",""candidateUserId"":""698c747aee05acfdd23ea578"",""confirmedBy"":""698d204286a5af9808991620"",""candidateStyleSystemIds"":[""ST-000038"",""ST-000100""],""slotId"":""SL-69eab69483edf32f2d2cd6db-0"",""confirmedAt"":""2026-04-24T00:18:04.282Z"",""status"":""confirmed""},{""roleSystemId"":""RL-000010"",""candidateUserId"":""698dc6f781b400b640a229f6"",""confirmedBy"":""698d204286a5af9808991620"",""candidateStyleSystemIds"":[],""slotId"":""SL-69eab69483edf32f2d2cd6db-1"",""confirmedAt"":""2026-04-24T00:18:31.088Z"",""status"":""confirmed""},{""roleSystemId"":""RL-000060"",""candidateUserId"":""69cd302266f2193a99122757"",""confirmedBy"":""698d204286a5af9808991620"",""candidateStyleSystemIds"":[],""slotId"":""SL-69eab69483edf32f2d2cd6db-2"",""confirmedAt"":""2026-04-24T00:18:12.227Z"",""status"":""confirmed""},{""roleSystemId"":""RL-000061"",""candidateUserId"":""69b48a2b7d5c0db589c6bb1c"",""confirmedBy"":""698d204286a5af9808991620"",""candidateStyleSystemIds"":[],""slotId"":""SL-69eab69483edf32f2d2cd6db-3"",""confirmedAt"":""2026-04-24T00:18:27.854Z"",""status"":""confirmed""}]","NC-0000000165","","[]","","","","aborted","69eab69483edf32f2d2cd6db","2026-04-24T00:17:24.121000","2026-04-24T00:33:48.892000","service_eb508f39-ce3d-4391-bb12-d4211c02ede9","false"
"","69cd302266f2193a99122757","{""lineupPlacements"":{""SL-69eab0b7d47f201a041e676c-3:698dc6f781b400b640a229f6:sc-1776988332877:p-3"":{""assignedPrice"":20,""priceIsOverridden"":true,""priceOverridedAt"":""2026-04-23T23:58:20.198Z"",""calculatedPrice"":0,""proposalId"":""69eab21e17cb916601cf2475"",""proposalStatus"":""pending_talent"",""proposedBy"":""69cd302266f2193a99122757"",""proposedAt"":""2026-04-23T23:58:20.198Z"",""talentCounterPrice"":null,""talentResponseNote"":null},""SL-69eab0b7d47f201a041e676c-3:698dc6f781b400b640a229f6:sc-1776988332877:p-4"":{""slotId"":""SL-69eab0b7d47f201a041e676c-3"",""userId"":""698dc6f781b400b640a229f6"",""sceneId"":""sc-1776988332877"",""plageId"":""p-4"",""roleSystemId"":""RL-000061"",""assignedPrice"":15,""assignedStyleSystemIds"":[],""isPlaced"":true,""_primeMeta"":{""sots"":""0%"",""xp"":""+4% (niv.6)"",""offreDemande"":""N/A""},""_primeMultiplier"":1.038,""priceIsOverridden"":true,""priceOverridedAt"":""2026-04-23T23:58:35.466Z"",""calculatedPrice"":0,""proposalId"":""69eab22d2bb53980ed35c7d2"",""proposalStatus"":""pending_talent"",""proposedBy"":""69cd302266f2193a99122757"",""proposedAt"":""2026-04-23T23:58:35.466Z"",""talentCounterPrice"":null,""talentResponseNote"":null}},""lineupScenes"":[{""sceneId"":""sc-1"",""icon"":""🎛"",""label"":""Scène principale""},{""sceneId"":""sc-1776988332877"",""icon"":""🎤"",""label"":""Micro""},{""sceneId"":""sc-1776988333571"",""icon"":""🎸"",""label"":""Live""}],""lineupSchedule"":[{""timeEnd"":""2026-09-09T18:27:00.000Z"",""plageId"":""p-1"",""label"":""Arrivée"",""timeStart"":""2026-09-09T18:00:00.000Z""},{""timeEnd"":""2026-09-09T19:12:00.000Z"",""plageId"":""p-2"",""label"":""Warmup"",""timeStart"":""2026-09-09T18:27:00.000Z""},{""timeEnd"":""2026-09-09T20:24:00.000Z"",""plageId"":""p-3"",""label"":""Peak"",""timeStart"":""2026-09-09T19:12:00.000Z""},{""timeEnd"":""2026-09-09T21:00:00.000Z"",""plageId"":""p-4"",""label"":""Closer"",""timeStart"":""2026-09-09T20:24:00.000Z""}]}","","","event","","","","[{""submittedBallot"":false,""roleSystemId"":""RL-000008"",""styleSystemIds"":[""ST-000088"",""ST-000074""],""joinedAt"":""2026-04-23T23:53:00.346Z"",""styleSystemId"":null,""sotsSubmitted"":null,""userId"":""698d204286a5af9808991620"",""isNoShow"":null,""status"":""confirmed""},{""submittedBallot"":false,""roleSystemId"":""RL-000008"",""styleSystemIds"":[""ST-000038"",""ST-000100""],""joinedAt"":""2026-04-23T23:53:02.502Z"",""styleSystemId"":null,""sotsSubmitted"":null,""userId"":""698c747aee05acfdd23ea578"",""isNoShow"":null,""status"":""confirmed""},{""submittedBallot"":false,""roleSystemId"":""RL-000010"",""styleSystemIds"":[],""joinedAt"":""2026-04-23T23:55:13.267Z"",""styleSystemId"":null,""sotsSubmitted"":null,""userId"":""698dd1b2193c860027a3457a"",""isNoShow"":null,""status"":""confirmed""},{""submittedBallot"":false,""roleSystemId"":""RL-000060"",""styleSystemIds"":[],""joinedAt"":""2026-04-23T23:55:49.735Z"",""styleSystemId"":null,""sotsSubmitted"":null,""userId"":""69b48a2b7d5c0db589c6bb1c"",""isNoShow"":null,""status"":""confirmed""},{""submittedBallot"":false,""roleSystemId"":""RL-000061"",""styleSystemIds"":[],""joinedAt"":""2026-04-23T23:58:01.117Z"",""styleSystemId"":null,""sotsSubmitted"":null,""userId"":""698dc6f781b400b640a229f6"",""isNoShow"":null,""status"":""confirmed""}]","69eab0b648beecffb8a9343a","6","","2","","","","","","","[{""roleSystemId"":""RL-000008"",""candidateUserId"":""698d204286a5af9808991620"",""confirmedBy"":""69cd302266f2193a99122757"",""candidateStyleSystemIds"":[""ST-000088"",""ST-000074""],""slotId"":""SL-69eab0b7d47f201a041e676c-0"",""confirmedAt"":""2026-04-23T23:53:05.225Z"",""status"":""confirmed""},{""roleSystemId"":""RL-000010"",""candidateUserId"":""698dd1b2193c860027a3457a"",""confirmedBy"":""69cd302266f2193a99122757"",""candidateStyleSystemIds"":[],""slotId"":""SL-69eab0b7d47f201a041e676c-1"",""confirmedAt"":""2026-04-23T23:55:26.097Z"",""status"":""confirmed""},{""roleSystemId"":""RL-000060"",""candidateUserId"":""69b48a2b7d5c0db589c6bb1c"",""confirmedBy"":""69cd302266f2193a99122757"",""candidateStyleSystemIds"":[],""slotId"":""SL-69eab0b7d47f201a041e676c-2"",""confirmedAt"":""2026-04-23T23:56:00.043Z"",""status"":""confirmed""},{""roleSystemId"":""RL-000061"",""candidateUserId"":""698dc6f781b400b640a229f6"",""confirmedBy"":""69cd302266f2193a99122757"",""candidateStyleSystemIds"":[],""slotId"":""SL-69eab0b7d47f201a041e676c-3"",""confirmedAt"":""2026-04-23T23:58:05.479Z"",""status"":""confirmed""}]","NC-0000000165","","[]","","","","aborted","69eab0b7d47f201a041e676c","2026-04-23T23:52:23.353000","2026-04-28T21:48:31.709000","service_eb508f39-ce3d-4391-bb12-d4211c02ede9","false"
"","69cd302266f2193a99122757","{""lineupPlacements"":{""SL-69eaa93208aed3dc6eaa1fdb-1:698dd1b2193c860027a3457a:sc-1:p-4"":{""assignedPrice"":20,""priceIsOverridden"":true,""priceOverridedAt"":""2026-04-23T23:34:21.266Z"",""calculatedPrice"":0,""proposalId"":""69eaac7e54fdb207661aca4c"",""proposalStatus"":""pending_talent"",""proposedBy"":""69cd302266f2193a99122757"",""proposedAt"":""2026-04-23T23:34:21.266Z"",""talentCounterPrice"":null,""talentResponseNote"":null}}}","","","event","","","","[{""submittedBallot"":false,""roleSystemId"":""RL-000008"",""styleSystemIds"":[""ST-000074""],""joinedAt"":""2026-04-23T23:21:03.231Z"",""styleSystemId"":null,""sotsSubmitted"":null,""userId"":""698d204286a5af9808991620"",""isNoShow"":null,""status"":""confirmed""},{""submittedBallot"":false,""roleSystemId"":""RL-000008"",""styleSystemIds"":[""ST-000038""],""joinedAt"":""2026-04-23T23:21:38.089Z"",""styleSystemId"":null,""sotsSubmitted"":null,""userId"":""698c747aee05acfdd23ea578"",""isNoShow"":null,""status"":""confirmed""},{""submittedBallot"":false,""roleSystemId"":""RL-000060"",""styleSystemIds"":[],""joinedAt"":""2026-04-23T23:22:04.487Z"",""styleSystemId"":null,""sotsSubmitted"":null,""userId"":""69b48a2b7d5c0db589c6bb1c"",""isNoShow"":null,""status"":""confirmed""},{""submittedBallot"":false,""roleSystemId"":""RL-000060"",""styleSystemIds"":[],""joinedAt"":""2026-04-23T23:22:26.252Z"",""styleSystemId"":null,""sotsSubmitted"":null,""userId"":""698dd1b2193c860027a3457a"",""isNoShow"":null,""status"":""confirmed""},{""submittedBallot"":false,""roleSystemId"":""RL-000010"",""styleSystemIds"":[],""joinedAt"":""2026-04-23T23:23:07.944Z"",""styleSystemId"":null,""sotsSubmitted"":null,""userId"":""698dc6f781b400b640a229f6"",""isNoShow"":null,""status"":""confirmed""}]","69eaa93057a4fd324f40f228","6","","2","","","","","","","[{""roleSystemId"":""RL-000008"",""candidateUserId"":""698d204286a5af9808991620"",""confirmedBy"":""69cd302266f2193a99122757"",""candidateStyleSystemIds"":[""ST-000074""],""slotId"":""SL-69eaa93208aed3dc6eaa1fdb-0"",""confirmedAt"":""2026-04-23T23:21:17.515Z"",""status"":""confirmed""},{""roleSystemId"":""RL-000060"",""candidateUserId"":""69b48a2b7d5c0db589c6bb1c"",""confirmedBy"":""69cd302266f2193a99122757"",""candidateStyleSystemIds"":[],""slotId"":""SL-69eaa93208aed3dc6eaa1fdb-1"",""confirmedAt"":""2026-04-23T23:22:30.952Z"",""status"":""confirmed""},{""roleSystemId"":""RL-000010"",""candidateUserId"":""698dc6f781b400b640a229f6"",""confirmedBy"":""69cd302266f2193a99122757"",""candidateStyleSystemIds"":[],""slotId"":""SL-69eaa93208aed3dc6eaa1fdb-2"",""confirmedAt"":""2026-04-23T23:23:13.213Z"",""status"":""confirmed""}]","NC-0000000165","","[]","","","","aborted","69eaa93208aed3dc6eaa1fdb","2026-04-23T23:20:18.255000","2026-04-28T21:48:37.892000","service_eb508f39-ce3d-4391-bb12-d4211c02ede9","false"
"2026-04-23T20:12:12.109Z","699c655e40e8dc98eacda675","{""lineupScenes"":[{""sceneId"":""sc-1"",""label"":""Scène principale"",""icon"":""🎛""},{""sceneId"":""sc-1776974393290"",""label"":""Micro"",""icon"":""🎤""}],""lineupSchedule"":[{""plageId"":""p-1"",""label"":""Warmup"",""timeStart"":""2026-07-09T15:00:00.000Z"",""timeEnd"":""2026-07-09T15:54:00.000Z""},{""plageId"":""p-2"",""label"":""Peak"",""timeStart"":""2026-07-09T15:54:00.000Z"",""timeEnd"":""2026-07-09T17:15:00.000Z""},{""plageId"":""p-3"",""label"":""Closer"",""timeStart"":""2026-07-09T17:15:00.000Z"",""timeEnd"":""2026-07-09T18:00:00.000Z""}],""lineupPlacements"":{""SL-69ea7a3fb87a8aad8bf80e46-1:698dd1b2193c860027a3457a:sc-1:p-1"":{""slotId"":""SL-69ea7a3fb87a8aad8bf80e46-1"",""userId"":""698dd1b2193c860027a3457a"",""sceneId"":""sc-1"",""plageId"":""p-1"",""roleSystemId"":""RL-000009"",""assignedPrice"":200,""assignedStyleSystemIds"":[],""isPlaced"":true,""_pricingMeta"":{""hourlyRate"":555.2,""workedMin"":54,""requiredMin"":54,""billableMin"":54,""allocationRatio"":1,""blockSize"":1},""_primeMeta"":{""sots"":""+10%"",""xp"":""+10% (niv.14)"",""saison"":""+15%"",""offreDemande"":""N/A""},""_primeMultiplier"":1.388,""priceIsOverridden"":true,""priceOverridedAt"":""2026-04-23T20:01:17.719Z"",""calculatedPrice"":500,""proposalId"":""69ea7a902fa3de9a5f6c9f61"",""proposalStatus"":""accepted"",""proposedBy"":""699c655e40e8dc98eacda675"",""proposedAt"":""2026-04-23T20:01:17.719Z"",""talentCounterPrice"":null,""talentResponseNote"":null},""SL-69ea7a3fb87a8aad8bf80e46-0:698d204286a5af9808991620:sc-1:p-3"":{""slotId"":""SL-69ea7a3fb87a8aad8bf80e46-0"",""userId"":""698d204286a5af9808991620"",""sceneId"":""sc-1"",""plageId"":""p-3"",""roleSystemId"":""RL-000060"",""assignedPrice"":30,""assignedStyleSystemIds"":[],""isPlaced"":true,""_pricingMeta"":{""hourlyRate"":138.9,""workedMin"":45,""requiredMin"":45,""billableMin"":45,""allocationRatio"":1,""blockSize"":1},""_primeMeta"":{""sots"":""+5%"",""xp"":""+15% (niv.21)"",""saison"":""+15%"",""offreDemande"":""N/A""},""_primeMultiplier"":1.389,""priceIsOverridden"":true,""priceOverridedAt"":""2026-04-23T20:01:49.233Z"",""calculatedPrice"":104,""proposalId"":""69ea7ab0c01e0f93de4ea5d8"",""proposalStatus"":""accepted"",""proposedBy"":""699c655e40e8dc98eacda675"",""proposedAt"":""2026-04-23T20:01:49.233Z"",""talentCounterPrice"":null,""talentResponseNote"":null}}}","","","event","","2026-04-23T20:05:06.083Z","","[{""submittedBallot"":false,""roleSystemId"":""RL-000009"",""styleSystemIds"":[],""joinedAt"":""2026-04-23T20:00:46.137Z"",""styleSystemId"":null,""sotsSubmitted"":null,""userId"":""698dd1b2193c860027a3457a"",""isNoShow"":null,""status"":""confirmed""},{""submittedBallot"":true,""roleSystemId"":""RL-000060"",""styleSystemIds"":[],""joinedAt"":""2026-04-23T20:01:05.820Z"",""styleSystemId"":null,""sotsSubmitted"":true,""userId"":""698d204286a5af9808991620"",""isNoShow"":null,""status"":""confirmed""},{""submittedBallot"":true,""roleSystemId"":""RL-ORGANIZER"",""styleSystemIds"":[],""joinedAt"":""2026-04-23T20:05:06.083Z"",""styleSystemId"":null,""sotsSubmitted"":true,""userId"":""699c655e40e8dc98eacda675"",""isNoShow"":null,""status"":""confirmed""}]","69ea7a3dba45aac7aea9dcb0","6","","2","","","10","4","","","[{""roleSystemId"":""RL-000060"",""candidateUserId"":""698d204286a5af9808991620"",""confirmedBy"":""699c655e40e8dc98eacda675"",""candidateStyleSystemIds"":[],""slotId"":""SL-69ea7a3fb87a8aad8bf80e46-0"",""confirmedAt"":""2026-04-23T20:01:29.366Z"",""status"":""confirmed""},{""roleSystemId"":""RL-000009"",""candidateUserId"":""698dd1b2193c860027a3457a"",""confirmedBy"":""699c655e40e8dc98eacda675"",""candidateStyleSystemIds"":[],""slotId"":""SL-69ea7a3fb87a8aad8bf80e46-1"",""confirmedAt"":""2026-04-23T20:01:02.942Z"",""status"":""confirmed""}]","NC-0000000165","4","[""699c655e40e8dc98eacda675"",""698d204286a5af9808991620"",""69b48a2b7d5c0db589c6bb1c"",""698dc6f781b400b640a229f6"",""69cd302266f2193a99122757""]","","4","","completed","69ea7a3fb87a8aad8bf80e46","2026-04-23T19:59:59.420000","2026-04-23T23:18:25.284000","service_eb508f39-ce3d-4391-bb12-d4211c02ede9","false"
"2026-04-23T16:20:13.818Z","69cd302266f2193a99122757","{""lineupScenes"":[{""sceneId"":""sc-1"",""label"":""Scène principale"",""icon"":""🎛""}],""lineupSchedule"":[{""plageId"":""p-1"",""label"":""Peak"",""timeStart"":""2026-07-01T18:00:00.000Z"",""timeEnd"":""2026-07-01T22:00:00.000Z""}],""lineupPlacements"":{""SL-69ea444a83c7c0fbf873df29-0:698c747aee05acfdd23ea578:sc-1:p-1"":{""slotId"":""SL-69ea444a83c7c0fbf873df29-0"",""userId"":""698c747aee05acfdd23ea578"",""sceneId"":""sc-1"",""plageId"":""p-1"",""roleSystemId"":""RL-000009"",""assignedPrice"":1000,""assignedStyleSystemIds"":[],""isPlaced"":true,""_pricingMeta"":{""hourlyRate"":208.25,""workedMin"":240,""requiredMin"":240,""billableMin"":240,""allocationRatio"":1,""blockSize"":1},""_primeMeta"":{""sots"":""+5%"",""jour"":""+20% (férié)"",""xp"":""+15% (niv.21)"",""saison"":""+15%"",""offreDemande"":""N/A""},""_primeMultiplier"":1.666,""priceIsOverridden"":true,""priceOverridedAt"":""2026-04-23T16:10:21.140Z"",""calculatedPrice"":833,""proposalId"":""69ea4470e500d27856b59ff8"",""proposalStatus"":""accepted"",""proposedBy"":""69cd302266f2193a99122757"",""proposedAt"":""2026-04-23T16:10:21.140Z"",""talentCounterPrice"":1000,""talentResponseNote"":null}}}","","","event","","2026-04-23T16:13:59.316Z","","[{""submittedBallot"":true,""roleSystemId"":""RL-000009"",""styleSystemIds"":[],""joinedAt"":""2026-04-23T16:10:04.897Z"",""styleSystemId"":null,""sotsSubmitted"":true,""userId"":""698c747aee05acfdd23ea578"",""isNoShow"":null,""status"":""confirmed""},{""submittedBallot"":false,""roleSystemId"":""RL-ORGANIZER"",""styleSystemIds"":[],""joinedAt"":""2026-04-23T16:13:59.316Z"",""styleSystemId"":null,""sotsSubmitted"":false,""userId"":""69cd302266f2193a99122757"",""isNoShow"":null,""status"":""confirmed""}]","69ea44480ce0b77f1fda9c04","6","","2","","","4","2","","","[{""roleSystemId"":""RL-000009"",""candidateUserId"":""698c747aee05acfdd23ea578"",""confirmedBy"":""69cd302266f2193a99122757"",""candidateStyleSystemIds"":[],""slotId"":""SL-69ea444a83c7c0fbf873df29-0"",""confirmedAt"":""2026-04-23T16:10:09.277Z"",""status"":""confirmed""}]","NC-0000000165","1","[""698c747aee05acfdd23ea578"",""698dc6f781b400b640a229f6"",""698d204286a5af9808991620""]","","2","","archived","69ea444a83c7c0fbf873df29","2026-04-23T16:09:46.549000","2026-04-26T18:25:40.368000","service_eb508f39-ce3d-4391-bb12-d4211c02ede9","false"
"2026-04-23T15:58:46.679Z","69cd302266f2193a99122757","{""lineupScenes"":[{""sceneId"":""sc-1"",""label"":""Scène principale"",""icon"":""🎛""},{""sceneId"":""sc-1776957628054"",""label"":""Micro"",""icon"":""🎤""}],""lineupSchedule"":[{""plageId"":""p-1"",""label"":""Warmup"",""timeStart"":""2026-09-09T13:00:00.000Z"",""timeEnd"":""2026-09-09T13:54:00.000Z""},{""plageId"":""p-2"",""label"":""Peak"",""timeStart"":""2026-09-09T13:54:00.000Z"",""timeEnd"":""2026-09-09T16:00:00.000Z""}],""lineupPlacements"":{""SL-69ea38ce560c827a7f50a276-0:698c747aee05acfdd23ea578:sc-1:p-1"":{""slotId"":""SL-69ea38ce560c827a7f50a276-0"",""userId"":""698c747aee05acfdd23ea578"",""sceneId"":""sc-1"",""plageId"":""p-1"",""roleSystemId"":""RL-000008"",""assignedPrice"":75,""assignedStyleSystemIds"":[],""isPlaced"":true,""_pricingMeta"":{""hourlyRate"":241.6,""workedMin"":54,""requiredMin"":54,""billableMin"":54,""allocationRatio"":1,""blockSize"":1},""_primeMeta"":{""sots"":""+5%"",""xp"":""+15% (niv.21)"",""offreDemande"":""N/A""},""_primeMultiplier"":1.208,""priceIsOverridden"":true,""priceOverridedAt"":""2026-04-23T15:24:23.482Z"",""calculatedPrice"":217,""proposalId"":""69ea39ae1479b3b45b089cc1"",""proposalStatus"":""accepted"",""proposedBy"":""69cd302266f2193a99122757"",""proposedAt"":""2026-04-23T15:24:23.482Z"",""talentCounterPrice"":null,""talentResponseNote"":null}}}","","","event","","2026-04-23T15:25:06.829Z","","[{""submittedBallot"":false,""roleSystemId"":""RL-000008"",""styleSystemIds"":[],""joinedAt"":""2026-04-23T15:21:19.443Z"",""styleSystemId"":null,""sotsSubmitted"":null,""userId"":""698c747aee05acfdd23ea578"",""isNoShow"":null,""status"":""confirmed""},{""submittedBallot"":true,""roleSystemId"":""RL-ORGANIZER"",""styleSystemIds"":[],""joinedAt"":""2026-04-23T15:25:06.829Z"",""styleSystemId"":null,""sotsSubmitted"":true,""userId"":""69cd302266f2193a99122757"",""isNoShow"":null,""status"":""confirmed""}]","69ea38cbfecda0c9be8b840e","6","","2","","","8","6","","","[{""roleSystemId"":""RL-000008"",""candidateUserId"":""698c747aee05acfdd23ea578"",""confirmedBy"":""69cd302266f2193a99122757"",""candidateStyleSystemIds"":[],""slotId"":""SL-69ea38ce560c827a7f50a276-0"",""confirmedAt"":""2026-04-23T15:21:34.447Z"",""status"":""confirmed""}]","NC-0000000165","1","[""69cd302266f2193a99122757"",""698d204286a5af9808991620"",""698dd1b2193c860027a3457a"",""69b48a2b7d5c0db589c6bb1c"",""698dbbf753d545317578c200"",""698dc6f781b400b640a229f6""]","","6","","archived","69ea38ce560c827a7f50a276","2026-04-23T15:20:46.278000","2026-04-26T18:25:40.401000","service_eb508f39-ce3d-4391-bb12-d4211c02ede9","false"
"2026-04-23T15:10:47.378Z","698c747aee05acfdd23ea578","{""lineupScenes"":[{""sceneId"":""sc-1"",""label"":""Scène principale"",""icon"":""🎛""},{""sceneId"":""sc-1776954023395"",""label"":""Micro"",""icon"":""🎤""}],""lineupSchedule"":[{""plageId"":""p-1"",""label"":""Warmup"",""timeStart"":""2026-09-01T18:00:00.000Z"",""timeEnd"":""2026-09-01T18:54:00.000Z""},{""plageId"":""p-2"",""label"":""Peak"",""timeStart"":""2026-09-01T18:54:00.000Z"",""timeEnd"":""2026-09-01T20:15:00.000Z""},{""plageId"":""p-3"",""label"":""Closer"",""timeStart"":""2026-09-01T20:15:00.000Z"",""timeEnd"":""2026-09-01T21:00:00.000Z""}],""lineupPlacements"":{""SL-69ea2ace0634f74b2aaa7e55-1:69cd302266f2193a99122757:sc-1:p-1"":{""slotId"":""SL-69ea2ace0634f74b2aaa7e55-1"",""userId"":""69cd302266f2193a99122757"",""sceneId"":""sc-1"",""plageId"":""p-1"",""roleSystemId"":""RL-000008"",""assignedPrice"":72,""assignedStyleSystemIds"":[],""isPlaced"":true,""_pricingMeta"":{""hourlyRate"":111.12,""workedMin"":54,""requiredMin"":54,""billableMin"":54,""allocationRatio"":1,""blockSize"":1},""_primeMeta"":{""sots"":""+10%"",""jour"":""+20% (férié)"",""xp"":""+5% (niv.8)"",""offreDemande"":""N/A""},""_primeMultiplier"":1.389,""priceIsOverridden"":true,""priceOverridedAt"":""2026-04-23T14:22:07.309Z"",""calculatedPrice"":100,""proposalId"":""69ea2b1428699361e9ad4f1e"",""proposalStatus"":""accepted"",""proposedBy"":""698c747aee05acfdd23ea578"",""proposedAt"":""2026-04-23T14:22:07.309Z"",""talentCounterPrice"":72,""talentResponseNote"":null},""SL-69ea2ace0634f74b2aaa7e55-0:69b48a2b7d5c0db589c6bb1c:sc-1776954023395:p-1"":{""slotId"":""SL-69ea2ace0634f74b2aaa7e55-0"",""userId"":""69b48a2b7d5c0db589c6bb1c"",""sceneId"":""sc-1776954023395"",""plageId"":""p-1"",""roleSystemId"":""RL-000060"",""assignedPrice"":25,""assignedStyleSystemIds"":[],""isPlaced"":true,""_pricingMeta"":{""hourlyRate"":116.72,""workedMin"":54,""requiredMin"":54,""billableMin"":54,""allocationRatio"":1,""blockSize"":1},""_primeMeta"":{""sots"":""+10%"",""jour"":""+20% (férié)"",""xp"":""+11% (niv.15)"",""offreDemande"":""N/A""},""_primeMultiplier"":1.459,""priceIsOverridden"":true,""priceOverridedAt"":""2026-04-23T14:28:11.308Z"",""calculatedPrice"":105,""proposalId"":""69ea2c7ef4574d77a5709537"",""proposalStatus"":""accepted"",""proposedBy"":""698c747aee05acfdd23ea578"",""proposedAt"":""2026-04-23T14:28:11.308Z"",""talentCounterPrice"":null,""talentResponseNote"":null}}}","","","event","","2026-04-23T14:34:45.794Z","","[{""submittedBallot"":true,""roleSystemId"":""RL-000008"",""styleSystemIds"":[""ST-000239"",""ST-000102"",""ST-000097""],""joinedAt"":""2026-04-23T14:21:19.011Z"",""styleSystemId"":null,""sotsSubmitted"":true,""userId"":""69cd302266f2193a99122757"",""isNoShow"":null,""status"":""confirmed""},{""submittedBallot"":true,""roleSystemId"":""RL-000060"",""styleSystemIds"":[],""joinedAt"":""2026-04-23T14:27:34.729Z"",""styleSystemId"":null,""sotsSubmitted"":true,""userId"":""69b48a2b7d5c0db589c6bb1c"",""isNoShow"":null,""status"":""confirmed""},{""submittedBallot"":true,""roleSystemId"":""RL-ORGANIZER"",""styleSystemIds"":[""ST-000239"",""ST-000102"",""ST-000097""],""joinedAt"":""2026-04-23T14:34:45.794Z"",""styleSystemId"":null,""sotsSubmitted"":true,""userId"":""698c747aee05acfdd23ea578"",""isNoShow"":null,""status"":""confirmed""}]","69ea2acd3025a2080e9ba3f1","6","","2","","","10","7","","","[{""roleSystemId"":""RL-000060"",""candidateUserId"":""69b48a2b7d5c0db589c6bb1c"",""confirmedBy"":""698c747aee05acfdd23ea578"",""candidateStyleSystemIds"":[],""slotId"":""SL-69ea2ace0634f74b2aaa7e55-0"",""confirmedAt"":""2026-04-23T14:28:01.203Z"",""status"":""confirmed""},{""roleSystemId"":""RL-000008"",""candidateUserId"":""69cd302266f2193a99122757"",""confirmedBy"":""698c747aee05acfdd23ea578"",""candidateStyleSystemIds"":[""ST-000239"",""ST-000102"",""ST-000097""],""slotId"":""SL-69ea2ace0634f74b2aaa7e55-1"",""confirmedAt"":""2026-04-23T14:21:29.760Z"",""status"":""confirmed""}]","NC-0000000165","2","[""698c747aee05acfdd23ea578"",""69b48a2b7d5c0db589c6bb1c"",""698d204286a5af9808991620"",""69cd302266f2193a99122757""]","","7","","sots_submitted","69ea2ace0634f74b2aaa7e55","2026-04-23T14:21:02.726000","2026-04-23T15:11:39.332000","service_eb508f39-ce3d-4391-bb12-d4211c02ede9","false"
"2026-04-23T13:17:27.877Z","69cd302266f2193a99122757","{""lineupScenes"":[{""sceneId"":""sc-1"",""label"":""Scène principale"",""icon"":""🎛""},{""sceneId"":""sc-1776947616093"",""label"":""Micro"",""icon"":""🎤""}],""lineupSchedule"":[{""plageId"":""p-1"",""label"":""Warmup"",""timeStart"":""2026-05-21T21:00:00.000Z"",""timeEnd"":""2026-05-21T21:54:00.000Z""},{""plageId"":""p-2"",""label"":""Peak"",""timeStart"":""2026-05-21T21:54:00.000Z"",""timeEnd"":""2026-05-22T00:00:00.000Z""}],""lineupPlacements"":{""SL-69ea11a56db2aaba7c7bed0e-1:698dd1b2193c860027a3457a:sc-1776947616093:p-1"":{""slotId"":""SL-69ea11a56db2aaba7c7bed0e-1"",""userId"":""698dd1b2193c860027a3457a"",""sceneId"":""sc-1776947616093"",""plageId"":""p-1"",""roleSystemId"":""RL-000008"",""assignedPrice"":180,""assignedStyleSystemIds"":[],""isPlaced"":true,""_pricingMeta"":{""hourlyRate"":239.8,""workedMin"":54,""requiredMin"":54,""billableMin"":54,""allocationRatio"":1,""blockSize"":1},""_primeMeta"":{""sots"":""+10%"",""xp"":""+9% (niv.13)"",""offreDemande"":""N/A""},""_primeMultiplier"":1.199,""priceIsOverridden"":true,""priceOverridedAt"":""2026-04-23T12:34:41.046Z"",""calculatedPrice"":216,""proposalId"":""69ea11e69f1cba5841e8c01d"",""proposalStatus"":""accepted"",""proposedBy"":""69cd302266f2193a99122757"",""proposedAt"":""2026-04-23T12:34:41.046Z"",""talentCounterPrice"":180,""talentResponseNote"":null},""SL-69ea11a56db2aaba7c7bed0e-0:698c747aee05acfdd23ea578:sc-1:p-2"":{""slotId"":""SL-69ea11a56db2aaba7c7bed0e-0"",""userId"":""698c747aee05acfdd23ea578"",""sceneId"":""sc-1"",""plageId"":""p-2"",""roleSystemId"":""RL-000010"",""assignedPrice"":0,""assignedStyleSystemIds"":[],""isPlaced"":true,""_pricingMeta"":{""hourlyRate"":151,""workedMin"":126,""requiredMin"":126,""billableMin"":126,""allocationRatio"":1,""blockSize"":1},""_primeMeta"":{""sots"":""+5%"",""xp"":""+15% (niv.21)"",""offreDemande"":""N/A""},""_primeMultiplier"":1.208,""priceIsOverridden"":true,""priceOverridedAt"":""2026-04-23T12:35:14.529Z"",""calculatedPrice"":317,""proposalId"":""69ea1205ccc8827dddcc26f1"",""proposalStatus"":""accepted"",""proposedBy"":""69cd302266f2193a99122757"",""proposedAt"":""2026-04-23T12:35:14.529Z"",""talentCounterPrice"":null,""talentResponseNote"":null}}}","","","event","","2026-04-23T12:39:22.317Z","","[{""submittedBallot"":false,""roleSystemId"":""RL-000010"",""styleSystemIds"":[""ST-000217""],""joinedAt"":""2026-04-23T12:34:13.537Z"",""styleSystemId"":null,""sotsSubmitted"":null,""userId"":""698c747aee05acfdd23ea578"",""isNoShow"":null,""status"":""confirmed""},{""submittedBallot"":true,""roleSystemId"":""RL-000008"",""styleSystemIds"":[""ST-000077"",""ST-000103""],""joinedAt"":""2026-04-23T12:34:25.157Z"",""styleSystemId"":null,""sotsSubmitted"":true,""userId"":""698dd1b2193c860027a3457a"",""isNoShow"":null,""status"":""confirmed""},{""submittedBallot"":true,""roleSystemId"":""RL-ORGANIZER"",""styleSystemIds"":[""ST-000217"",""ST-000077"",""ST-000103""],""joinedAt"":""2026-04-23T12:39:22.317Z"",""styleSystemId"":null,""sotsSubmitted"":true,""userId"":""69cd302266f2193a99122757"",""isNoShow"":null,""status"":""confirmed""}]","69ea11a48f571b434985fe92","6","","2","","","12","5","","","[{""roleSystemId"":""RL-000010"",""candidateUserId"":""698c747aee05acfdd23ea578"",""confirmedBy"":""69cd302266f2193a99122757"",""candidateStyleSystemIds"":[""ST-000217""],""slotId"":""SL-69ea11a56db2aaba7c7bed0e-0"",""confirmedAt"":""2026-04-23T12:34:27.370Z"",""status"":""confirmed""},{""roleSystemId"":""RL-000008"",""candidateUserId"":""698dd1b2193c860027a3457a"",""confirmedBy"":""69cd302266f2193a99122757"",""candidateStyleSystemIds"":[""ST-000077"",""ST-000103""],""slotId"":""SL-69ea11a56db2aaba7c7bed0e-1"",""confirmedAt"":""2026-04-23T12:34:30.691Z"",""status"":""confirmed""}]","NC-0000000165","6","[""69cd302266f2193a99122757"",""698dbbf753d545317578c200"",""698d204286a5af9808991620"",""698dd1b2193c860027a3457a"",""698dbd987dbcc355eec0ff7c"",""69b48a2b7d5c0db589c6bb1c""]","","5","","archived","69ea11a56db2aaba7c7bed0e","2026-04-23T12:33:41.936000","2026-04-26T18:25:40.477000","service_eb508f39-ce3d-4391-bb12-d4211c02ede9","false"
"2026-04-23T10:50:13.414Z","698d204286a5af9808991620","{""lineupScenes"":[{""sceneId"":""sc-1"",""label"":""Scène principale"",""icon"":""🎛""},{""sceneId"":""sc-1776940678483"",""label"":""Micro"",""icon"":""🎤""}],""lineupSchedule"":[{""plageId"":""p-1"",""label"":""Warmup"",""timeStart"":""2026-07-04T15:00:00.000Z"",""timeEnd"":""2026-07-04T16:12:00.000Z""},{""plageId"":""p-2"",""label"":""Peak"",""timeStart"":""2026-07-04T16:12:00.000Z"",""timeEnd"":""2026-07-04T19:00:00.000Z""}],""lineupPlacements"":{""SL-69e9f68ce64665f7488f3e08-1:698c747aee05acfdd23ea578:sc-1776940678483:p-1"":{""slotId"":""SL-69e9f68ce64665f7488f3e08-1"",""userId"":""698c747aee05acfdd23ea578"",""sceneId"":""sc-1776940678483"",""plageId"":""p-1"",""roleSystemId"":""RL-000009"",""assignedPrice"":180,""assignedStyleSystemIds"":[],""isPlaced"":true,""_pricingMeta"":{""hourlyRate"":190.88,""workedMin"":72,""requiredMin"":72,""billableMin"":72,""allocationRatio"":1,""blockSize"":1},""_primeMeta"":{""sots"":""+5%"",""jour"":""+10% (WE)"",""xp"":""+15% (niv.21)"",""saison"":""+15%"",""offreDemande"":""N/A""},""_primeMultiplier"":1.527,""priceIsOverridden"":true,""priceOverridedAt"":""2026-04-23T10:38:59.279Z"",""calculatedPrice"":229,""proposalId"":""69e9f6ca38330906069cbbb0"",""proposalStatus"":""accepted"",""proposedBy"":""698d204286a5af9808991620"",""proposedAt"":""2026-04-23T10:38:59.279Z"",""talentCounterPrice"":180,""talentResponseNote"":null},""SL-69e9f68ce64665f7488f3e08-0:69b48a2b7d5c0db589c6bb1c:sc-1:p-2"":{""slotId"":""SL-69e9f68ce64665f7488f3e08-0"",""userId"":""69b48a2b7d5c0db589c6bb1c"",""sceneId"":""sc-1"",""plageId"":""p-2"",""roleSystemId"":""RL-000060"",""assignedPrice"":50,""assignedStyleSystemIds"":[],""isPlaced"":true,""_pricingMeta"":{""hourlyRate"":123.04,""workedMin"":168,""requiredMin"":168,""billableMin"":168,""allocationRatio"":1,""blockSize"":1},""_primeMeta"":{""sots"":""+10%"",""jour"":""+10% (WE)"",""xp"":""+11% (niv.15)"",""saison"":""+15%"",""offreDemande"":""N/A""},""_primeMultiplier"":1.538,""priceIsOverridden"":true,""priceOverridedAt"":""2026-04-23T10:39:28.488Z"",""calculatedPrice"":345,""proposalId"":""69e9f6e603d694082c416258"",""proposalStatus"":""accepted"",""proposedBy"":""698d204286a5af9808991620"",""proposedAt"":""2026-04-23T10:39:28.488Z"",""talentCounterPrice"":null,""talentResponseNote"":null}}}","","","event","","2026-04-23T10:44:00.517Z","","[{""submittedBallot"":false,""roleSystemId"":""RL-000009"",""styleSystemIds"":[],""joinedAt"":""2026-04-23T10:38:24.970Z"",""styleSystemId"":null,""sotsSubmitted"":null,""userId"":""698c747aee05acfdd23ea578"",""isNoShow"":null,""status"":""confirmed""},{""submittedBallot"":true,""roleSystemId"":""RL-000060"",""styleSystemIds"":[],""joinedAt"":""2026-04-23T10:38:28.430Z"",""styleSystemId"":null,""sotsSubmitted"":true,""userId"":""69b48a2b7d5c0db589c6bb1c"",""isNoShow"":null,""status"":""confirmed""},{""submittedBallot"":true,""roleSystemId"":""RL-ORGANIZER"",""styleSystemIds"":[],""joinedAt"":""2026-04-23T10:44:00.517Z"",""styleSystemId"":null,""sotsSubmitted"":true,""userId"":""698d204286a5af9808991620"",""isNoShow"":null,""status"":""confirmed""}]","69e9f68a8934e1f22b3ef8c3","6","","2","","","0","0","","","[{""roleSystemId"":""RL-000060"",""candidateUserId"":""69b48a2b7d5c0db589c6bb1c"",""confirmedBy"":""698d204286a5af9808991620"",""candidateStyleSystemIds"":[],""slotId"":""SL-69e9f68ce64665f7488f3e08-0"",""confirmedAt"":""2026-04-23T10:38:35.251Z"",""status"":""confirmed""},{""roleSystemId"":""RL-000009"",""candidateUserId"":""698c747aee05acfdd23ea578"",""confirmedBy"":""698d204286a5af9808991620"",""candidateStyleSystemIds"":[],""slotId"":""SL-69e9f68ce64665f7488f3e08-1"",""confirmedAt"":""2026-04-23T10:38:45.622Z"",""status"":""confirmed""}]","NC-0000000165","0","[""69b48a2b7d5c0db589c6bb1c"",""69cd302266f2193a99122757"",""6992452c5bcc41af3a3296fa"",""698d204286a5af9808991620"",""698dbbf753d545317578c200"",""698dc6f781b400b640a229f6"",""698dbd987dbcc355eec0ff7c"",""698dd1b2193c860027a3457a""]","","0","","archived","69e9f68ce64665f7488f3e08","2026-04-23T10:38:04.107000","2026-04-26T18:25:40.526000","service_eb508f39-ce3d-4391-bb12-d4211c02ede9","false"
"","698d204286a5af9808991620","{""lineupPlacements"":{""SL-69e9f3218298094efa8dc99b-0:698c747aee05acfdd23ea578:sc-1:p-1"":{""assignedPrice"":188,""priceIsOverridden"":true,""priceOverridedAt"":""2026-04-23T10:24:53.641Z"",""calculatedPrice"":0,""proposalId"":""69e9f3785ff4a06ba42c9d2a"",""proposalStatus"":""pending_talent"",""proposedBy"":""698d204286a5af9808991620"",""proposedAt"":""2026-04-23T10:24:53.641Z"",""talentCounterPrice"":null,""talentResponseNote"":null}},""lineupScenes"":[{""sceneId"":""sc-1"",""icon"":""🎛"",""label"":""Scène principale""},{""sceneId"":""sc-1776939801260"",""icon"":""🎤"",""label"":""Micro""}],""lineupSchedule"":[{""timeEnd"":""2026-08-01T15:30:00.000Z"",""plageId"":""p-1"",""label"":""Warmup"",""timeStart"":""2026-08-01T14:00:00.000Z""},{""timeEnd"":""2026-08-01T17:45:00.000Z"",""plageId"":""p-2"",""label"":""Peak"",""timeStart"":""2026-08-01T15:30:00.000Z""},{""timeEnd"":""2026-08-01T19:00:00.000Z"",""plageId"":""p-3"",""label"":""Closer"",""timeStart"":""2026-08-01T17:45:00.000Z""}]}","","","event","","","","[{""submittedBallot"":false,""roleSystemId"":""RL-000010"",""styleSystemIds"":[],""joinedAt"":""2026-04-23T10:24:38.574Z"",""styleSystemId"":null,""sotsSubmitted"":null,""userId"":""698c747aee05acfdd23ea578"",""isNoShow"":null,""status"":""confirmed""}]","69e9f31f15c86fbd27554517","6","","2","","","","","","","[{""roleSystemId"":""RL-000010"",""candidateUserId"":""698c747aee05acfdd23ea578"",""confirmedBy"":""698d204286a5af9808991620"",""candidateStyleSystemIds"":[],""slotId"":""SL-69e9f3218298094efa8dc99b-0"",""confirmedAt"":""2026-04-23T10:24:45.575Z"",""status"":""confirmed""}]","NC-0000000165","","[]","","","","archived","69e9f3218298094efa8dc99b","2026-04-23T10:23:29.519000","2026-04-26T18:25:40.328000","service_eb508f39-ce3d-4391-bb12-d4211c02ede9","false"
"2026-04-23T10:24:29.154Z","69b48a2b7d5c0db589c6bb1c","{""lineupScenes"":[{""sceneId"":""sc-1"",""label"":""Scène principale"",""icon"":""🎛""},{""sceneId"":""sc-1776910965735"",""label"":""Micro"",""icon"":""🎤""},{""sceneId"":""sc-1776910966314"",""label"":""Live"",""icon"":""🎸""}],""lineupSchedule"":[{""plageId"":""p-1"",""label"":""Warmup"",""timeStart"":""2026-10-11T16:00:00.000Z"",""timeEnd"":""2026-10-11T17:48:00.000Z""},{""plageId"":""p-2"",""label"":""Peak"",""timeStart"":""2026-10-11T17:48:00.000Z"",""timeEnd"":""2026-10-11T22:00:00.000Z""}],""lineupPlacements"":{""SL-69e9827a40d252e1a277981b-0:698c747aee05acfdd23ea578:sc-1:p-1"":{""slotId"":""SL-69e9827a40d252e1a277981b-0"",""userId"":""698c747aee05acfdd23ea578"",""sceneId"":""sc-1"",""plageId"":""p-1"",""roleSystemId"":""RL-000010"",""assignedPrice"":180,""assignedStyleSystemIds"":[],""isPlaced"":true,""_pricingMeta"":{""hourlyRate"":166,""workedMin"":108,""requiredMin"":108,""billableMin"":108,""allocationRatio"":1,""blockSize"":1},""_primeMeta"":{""sots"":""+5%"",""jour"":""+10% (WE)"",""xp"":""+15% (niv.21)"",""offreDemande"":""N/A""},""_primeMultiplier"":1.328,""priceIsOverridden"":true,""priceOverridedAt"":""2026-04-23T02:23:36.854Z"",""calculatedPrice"":299,""proposalId"":""69e982acda297f430f5ceb6d"",""proposalStatus"":""accepted"",""proposedBy"":""69b48a2b7d5c0db589c6bb1c"",""proposedAt"":""2026-04-23T02:23:36.854Z"",""talentCounterPrice"":null,""talentResponseNote"":null}}}","","","event","","2026-04-23T02:25:39.557Z","","[{""submittedBallot"":false,""roleSystemId"":""RL-000010"",""styleSystemIds"":[""ST-000217""],""joinedAt"":""2026-04-23T02:23:20.523Z"",""styleSystemId"":null,""sotsSubmitted"":null,""userId"":""698c747aee05acfdd23ea578"",""isNoShow"":null,""status"":""confirmed""},{""submittedBallot"":true,""roleSystemId"":""RL-ORGANIZER"",""styleSystemIds"":[""ST-000217""],""joinedAt"":""2026-04-23T02:25:39.557Z"",""styleSystemId"":null,""sotsSubmitted"":true,""userId"":""69b48a2b7d5c0db589c6bb1c"",""isNoShow"":null,""status"":""confirmed""}]","69e9827931502e7066e9d642","6","","2","","","0","0","","","[{""roleSystemId"":""RL-000010"",""candidateUserId"":""698c747aee05acfdd23ea578"",""confirmedBy"":""69b48a2b7d5c0db589c6bb1c"",""candidateStyleSystemIds"":[""ST-000217""],""slotId"":""SL-69e9827a40d252e1a277981b-0"",""confirmedAt"":""2026-04-23T02:23:28.840Z"",""status"":""confirmed""},{""roleSystemId"":""RL-000060"",""candidateUserId"":null,""confirmedBy"":null,""candidateStyleSystemIds"":[],""slotId"":""SL-69e9827a40d252e1a277981b-1"",""confirmedAt"":null,""status"":""open""}]","NC-0000000165","0","[""69b48a2b7d5c0db589c6bb1c""]","","0","","archived","69e9827a40d252e1a277981b","2026-04-23T02:22:50.937000","2026-04-26T18:25:40.371000","service_eb508f39-ce3d-4391-bb12-d4211c02ede9","false"
"2026-04-23T02:05:45.033Z","69cd302266f2193a99122757","{""lineupScenes"":[{""sceneId"":""sc-1"",""label"":""Scène principale"",""icon"":""🎛""},{""sceneId"":""sc-1776909636195"",""label"":""Micro"",""icon"":""🎤""}],""lineupSchedule"":[{""plageId"":""p-1"",""label"":""Warmup"",""timeStart"":""2026-07-09T18:00:00.000Z"",""timeEnd"":""2026-07-09T18:54:00.000Z""},{""plageId"":""p-2"",""label"":""Peak"",""timeStart"":""2026-07-09T18:54:00.000Z"",""timeEnd"":""2026-07-09T20:15:00.000Z""},{""plageId"":""p-3"",""label"":""Closer"",""timeStart"":""2026-07-09T20:15:00.000Z"",""timeEnd"":""2026-07-09T21:00:00.000Z""}],""lineupPlacements"":{""SL-69e97d4cad93ced6fe6a0298-1:698c747aee05acfdd23ea578:sc-1:p-3"":{""slotId"":""SL-69e97d4cad93ced6fe6a0298-1"",""userId"":""698c747aee05acfdd23ea578"",""sceneId"":""sc-1"",""plageId"":""p-3"",""roleSystemId"":""RL-000008"",""assignedPrice"":80,""assignedStyleSystemIds"":[],""isPlaced"":true,""_pricingMeta"":{""hourlyRate"":277.8,""workedMin"":45,""requiredMin"":45,""billableMin"":45,""allocationRatio"":1,""blockSize"":1},""_primeMeta"":{""sots"":""+5%"",""xp"":""+15% (niv.21)"",""saison"":""+15%"",""offreDemande"":""N/A""},""_primeMultiplier"":1.389,""priceIsOverridden"":true,""priceOverridedAt"":""2026-04-23T02:02:13.126Z"",""calculatedPrice"":208,""proposalId"":""69e97da8c71d55d28f7fed0f"",""proposalStatus"":""accepted"",""proposedBy"":""69cd302266f2193a99122757"",""proposedAt"":""2026-04-23T02:02:13.126Z"",""talentCounterPrice"":null,""talentResponseNote"":null},""SL-69e97d4cad93ced6fe6a0298-1:699c655e40e8dc98eacda675:sc-1776909636195:p-2"":{""slotId"":""SL-69e97d4cad93ced6fe6a0298-1"",""userId"":""699c655e40e8dc98eacda675"",""sceneId"":""sc-1776909636195"",""plageId"":""p-2"",""roleSystemId"":""RL-000008"",""assignedPrice"":60,""assignedStyleSystemIds"":[],""isPlaced"":true,""_pricingMeta"":{""hourlyRate"":58.8,""workedMin"":81,""requiredMin"":81,""billableMin"":81,""allocationRatio"":1,""blockSize"":1},""_primeMeta"":{""sots"":""0%"",""xp"":""+2% (niv.4)"",""saison"":""+15%"",""offreDemande"":""N/A""},""_primeMultiplier"":1.176,""priceIsOverridden"":true,""priceOverridedAt"":""2026-04-23T02:02:32.053Z"",""calculatedPrice"":79,""proposalId"":""69e97dba83a8f1b52c6eb35b"",""proposalStatus"":""accepted"",""proposedBy"":""69cd302266f2193a99122757"",""proposedAt"":""2026-04-23T02:02:32.053Z"",""talentCounterPrice"":null,""talentResponseNote"":null}}}","","","event","","2026-04-23T02:05:21.965Z","","[{""submittedBallot"":false,""roleSystemId"":""RL-000008"",""styleSystemIds"":[""ST-000038""],""joinedAt"":""2026-04-23T02:01:05.588Z"",""styleSystemId"":null,""sotsSubmitted"":null,""userId"":""698c747aee05acfdd23ea578"",""isNoShow"":null,""status"":""confirmed""},{""submittedBallot"":false,""roleSystemId"":""RL-000008"",""styleSystemIds"":[""ST-000100"",""ST-000102""],""joinedAt"":""2026-04-23T02:01:46.079Z"",""styleSystemId"":null,""sotsSubmitted"":null,""userId"":""699c655e40e8dc98eacda675"",""isNoShow"":null,""status"":""confirmed""},{""submittedBallot"":true,""roleSystemId"":""RL-ORGANIZER"",""styleSystemIds"":[""ST-000038"",""ST-000100"",""ST-000102""],""joinedAt"":""2026-04-23T02:05:21.965Z"",""styleSystemId"":null,""sotsSubmitted"":true,""userId"":""69cd302266f2193a99122757"",""isNoShow"":null,""status"":""confirmed""}]","69e97d4b55f24e6ae443e816","6","","2","","","0","0","","","[{""roleSystemId"":""RL-000060"",""candidateUserId"":null,""confirmedBy"":null,""candidateStyleSystemIds"":[],""slotId"":""SL-69e97d4cad93ced6fe6a0298-0"",""confirmedAt"":null,""status"":""open""},{""roleSystemId"":""RL-000008"",""candidateUserId"":""698c747aee05acfdd23ea578"",""confirmedBy"":""69cd302266f2193a99122757"",""candidateStyleSystemIds"":[""ST-000038""],""slotId"":""SL-69e97d4cad93ced6fe6a0298-1"",""confirmedAt"":""2026-04-23T02:01:56.035Z"",""status"":""confirmed""}]","NC-0000000043","0","[""69cd302266f2193a99122757""]","","0","","archived","69e97d4cad93ced6fe6a0298","2026-04-23T02:00:44.756000","2026-04-26T18:25:40.383000","service_eb508f39-ce3d-4391-bb12-d4211c02ede9","false"
"2026-04-22T22:56:40.857Z","698c747aee05acfdd23ea578","{""lineupScenes"":[{""sceneId"":""sc-1"",""label"":""Scène principale"",""icon"":""🎛""}],""lineupSchedule"":[{""plageId"":""p-1"",""label"":""Warmup"",""timeStart"":""2026-08-08T12:00:00.000Z"",""timeEnd"":""2026-08-08T13:12:00.000Z""},{""plageId"":""p-2"",""label"":""Peak"",""timeStart"":""2026-08-08T13:12:00.000Z"",""timeEnd"":""2026-08-08T16:00:00.000Z""}],""lineupPlacements"":{""SL-69e943232ba9ce16593e24a9-0:69b48a2b7d5c0db589c6bb1c:sc-1:p-1"":{""slotId"":""SL-69e943232ba9ce16593e24a9-0"",""userId"":""69b48a2b7d5c0db589c6bb1c"",""sceneId"":""sc-1"",""plageId"":""p-1"",""roleSystemId"":""RL-000060"",""assignedPrice"":60,""assignedStyleSystemIds"":[],""isPlaced"":true,""_pricingMeta"":{""hourlyRate"":123.04,""workedMin"":72,""requiredMin"":72,""billableMin"":72,""allocationRatio"":1,""blockSize"":1},""_primeMeta"":{""sots"":""+10%"",""jour"":""+10% (WE)"",""xp"":""+11% (niv.15)"",""saison"":""+15%"",""offreDemande"":""N/A""},""_primeMultiplier"":1.538,""priceIsOverridden"":true,""priceOverridedAt"":""2026-04-22T21:53:19.654Z"",""calculatedPrice"":148,""proposalId"":""69e943521ec7491eb4240d94"",""proposalStatus"":""accepted"",""proposedBy"":""698c747aee05acfdd23ea578"",""proposedAt"":""2026-04-22T21:53:19.654Z"",""talentCounterPrice"":null,""talentResponseNote"":null},""SL-69e943232ba9ce16593e24a9-0:69cd302266f2193a99122757:sc-1:p-2"":{""slotId"":""SL-69e943232ba9ce16593e24a9-0"",""userId"":""69cd302266f2193a99122757"",""sceneId"":""sc-1"",""plageId"":""p-2"",""roleSystemId"":""RL-000060"",""assignedPrice"":35,""assignedStyleSystemIds"":[],""isPlaced"":true,""_pricingMeta"":{""hourlyRate"":116.32,""workedMin"":168,""requiredMin"":168,""billableMin"":168,""allocationRatio"":1,""blockSize"":1},""_primeMeta"":{""sots"":""+10%"",""jour"":""+10% (WE)"",""xp"":""+5% (niv.7)"",""saison"":""+15%"",""offreDemande"":""N/A""},""_primeMultiplier"":1.454,""priceIsOverridden"":true,""priceOverridedAt"":""2026-04-22T21:53:31.529Z"",""calculatedPrice"":326,""proposalId"":""69e9435edb0fa28d87429069"",""proposalStatus"":""accepted"",""proposedBy"":""698c747aee05acfdd23ea578"",""proposedAt"":""2026-04-22T21:53:31.529Z"",""talentCounterPrice"":null,""talentResponseNote"":null}}}","","","event","","2026-04-22T21:57:30.288Z","","[{""submittedBallot"":true,""roleSystemId"":""RL-000060"",""styleSystemIds"":[],""joinedAt"":""2026-04-22T21:52:51.628Z"",""styleSystemId"":null,""sotsSubmitted"":true,""userId"":""69cd302266f2193a99122757"",""isNoShow"":null,""status"":""confirmed""},{""submittedBallot"":false,""roleSystemId"":""RL-000060"",""styleSystemIds"":[],""joinedAt"":""2026-04-22T21:52:56.088Z"",""styleSystemId"":null,""sotsSubmitted"":null,""userId"":""69b48a2b7d5c0db589c6bb1c"",""isNoShow"":null,""status"":""confirmed""},{""submittedBallot"":true,""roleSystemId"":""RL-ORGANIZER"",""styleSystemIds"":[],""joinedAt"":""2026-04-22T21:57:30.288Z"",""styleSystemId"":null,""sotsSubmitted"":true,""userId"":""698c747aee05acfdd23ea578"",""isNoShow"":null,""status"":""confirmed""}]","69e943216c09c49fe424336a","6","","2","","","","","","","[{""roleSystemId"":""RL-000060"",""candidateUserId"":""69cd302266f2193a99122757"",""confirmedBy"":""698c747aee05acfdd23ea578"",""candidateStyleSystemIds"":[],""slotId"":""SL-69e943232ba9ce16593e24a9-0"",""confirmedAt"":""2026-04-22T21:53:07.909Z"",""status"":""confirmed""}]","NC-0000000165","","[""698c747aee05acfdd23ea578"",""69cd302266f2193a99122757""]","","","","archived","69e943232ba9ce16593e24a9","2026-04-22T21:52:35.184000","2026-04-26T18:25:40.372000","service_eb508f39-ce3d-4391-bb12-d4211c02ede9","false"
"2026-04-22T19:42:54.030Z","69cd302266f2193a99122757","{""lineupScenes"":[{""sceneId"":""sc-1"",""label"":""Scène principale"",""icon"":""🎛""},{""sceneId"":""sc-1776880720755"",""label"":""Micro"",""icon"":""🎤""}],""lineupSchedule"":[{""plageId"":""p-1"",""label"":""Warmup"",""timeStart"":""2026-07-05T09:00:00.000Z"",""timeEnd"":""2026-07-05T10:12:00.000Z""},{""plageId"":""p-2"",""label"":""Peak"",""timeStart"":""2026-07-05T10:12:00.000Z"",""timeEnd"":""2026-07-05T13:00:00.000Z""}],""lineupPlacements"":{""SL-69e90c55644b9d872318bdf1-0:69b48a2b7d5c0db589c6bb1c:sc-1:p-1"":{""slotId"":""SL-69e90c55644b9d872318bdf1-0"",""userId"":""69b48a2b7d5c0db589c6bb1c"",""sceneId"":""sc-1"",""plageId"":""p-1"",""roleSystemId"":""RL-000060"",""assignedPrice"":25,""assignedStyleSystemIds"":[],""isPlaced"":true,""_pricingMeta"":{""hourlyRate"":123.04,""workedMin"":72,""requiredMin"":72,""billableMin"":72,""allocationRatio"":1,""blockSize"":1},""_primeMeta"":{""sots"":""+10%"",""jour"":""+10% (WE)"",""xp"":""+11% (niv.15)"",""saison"":""+15%"",""offreDemande"":""N/A""},""_primeMultiplier"":1.538,""priceIsOverridden"":true,""priceOverridedAt"":""2026-04-22T17:59:28.025Z"",""calculatedPrice"":148,""proposalId"":""69e90c838793bcea4669441d"",""proposalStatus"":""accepted"",""proposedBy"":""69cd302266f2193a99122757"",""proposedAt"":""2026-04-22T17:59:28.025Z"",""talentCounterPrice"":25,""talentResponseNote"":null}}}","","","event","","2026-04-22T18:01:50.207Z","","[{""submittedBallot"":true,""roleSystemId"":""RL-000060"",""styleSystemIds"":[""ST-000075""],""joinedAt"":""2026-04-22T17:59:05.378Z"",""styleSystemId"":null,""sotsSubmitted"":true,""userId"":""69b48a2b7d5c0db589c6bb1c"",""isNoShow"":null,""status"":""confirmed""},{""submittedBallot"":true,""roleSystemId"":""RL-ORGANIZER"",""styleSystemIds"":[""ST-000075""],""joinedAt"":""2026-04-22T18:01:50.207Z"",""styleSystemId"":null,""sotsSubmitted"":true,""userId"":""69cd302266f2193a99122757"",""isNoShow"":null,""status"":""confirmed""}]","69e90c54b9f9412ee2f25c2e","6","","2","","","","","","","[{""roleSystemId"":""RL-000060"",""candidateUserId"":""69b48a2b7d5c0db589c6bb1c"",""confirmedBy"":""69cd302266f2193a99122757"",""candidateStyleSystemIds"":[""ST-000075""],""slotId"":""SL-69e90c55644b9d872318bdf1-0"",""confirmedAt"":""2026-04-22T17:59:17.023Z"",""status"":""confirmed""}]","NC-0000000058","","[""69b48a2b7d5c0db589c6bb1c"",""69cd302266f2193a99122757""]","","","","sots_submitted","69e90c55644b9d872318bdf1","2026-04-22T17:58:45.665000","2026-04-22T19:48:05.860000","service_eb508f39-ce3d-4391-bb12-d4211c02ede9","false"
"","69cd302266f2193a99122757","{""lineupScenes"":[{""sceneId"":""sc-1"",""label"":""Scène principale"",""icon"":""🎛""},{""sceneId"":""sc-1776880532450"",""label"":""Micro"",""icon"":""🎤""}],""lineupSchedule"":[{""plageId"":""p-1"",""label"":""Warmup"",""timeStart"":""2026-08-02T18:00:00.000Z"",""timeEnd"":""2026-08-03T02:24:00.000Z""},{""plageId"":""p-2"",""label"":""Peak"",""timeStart"":""2026-08-03T02:24:00.000Z"",""timeEnd"":""2026-08-03T15:00:00.000Z""},{""plageId"":""p-3"",""label"":""Closer"",""timeStart"":""2026-08-03T15:00:00.000Z"",""timeEnd"":""2026-08-03T22:00:00.000Z""}]}","","","event","","","","[{""submittedBallot"":false,""roleSystemId"":""RL-000001"",""styleSystemIds"":[],""joinedAt"":""2026-04-22T17:56:03.719Z"",""styleSystemId"":null,""sotsSubmitted"":null,""userId"":""69b48a2b7d5c0db589c6bb1c"",""isNoShow"":null,""status"":""confirmed""}]","69e90b97bd26f708d2cefa19","6","","2","","","","","","","[{""roleSystemId"":""RL-000001"",""candidateUserId"":""69b48a2b7d5c0db589c6bb1c"",""confirmedBy"":""69cd302266f2193a99122757"",""candidateStyleSystemIds"":[],""slotId"":""SL-69e90b99065f563ea246f312-0"",""confirmedAt"":""2026-04-22T17:56:11.957Z"",""status"":""confirmed""},{""roleSystemId"":""RL-000060"",""candidateUserId"":null,""confirmedBy"":null,""candidateStyleSystemIds"":[],""slotId"":""SL-69e90b99065f563ea246f312-1"",""confirmedAt"":null,""status"":""open""}]","NC-0000000058","","[]","","","","archived","69e90b99065f563ea246f312","2026-04-22T17:55:37.372000","2026-04-26T18:25:40.384000","service_eb508f39-ce3d-4391-bb12-d4211c02ede9","false"
"2026-04-23T14:18:52.879Z","69cd302266f2193a99122757","{""lineupScenes"":[{""sceneId"":""sc-1"",""label"":""Scène principale"",""icon"":""🎛""},{""sceneId"":""sc-1776879815144"",""label"":""Micro"",""icon"":""🎤""}],""lineupSchedule"":[{""plageId"":""p-1"",""label"":""Warmup"",""timeStart"":""2026-07-14T15:00:00.000Z"",""timeEnd"":""2026-07-14T15:54:00.000Z""},{""plageId"":""p-2"",""label"":""Peak"",""timeStart"":""2026-07-14T15:54:00.000Z"",""timeEnd"":""2026-07-14T17:15:00.000Z""},{""plageId"":""p-3"",""label"":""Closer"",""timeStart"":""2026-07-14T17:15:00.000Z"",""timeEnd"":""2026-07-14T18:00:00.000Z""}],""lineupPlacements"":{""SL-69e908cb63ebccbcf921e652-0:69b48a2b7d5c0db589c6bb1c:sc-1:p-1"":{""slotId"":""SL-69e908cb63ebccbcf921e652-0"",""userId"":""69b48a2b7d5c0db589c6bb1c"",""sceneId"":""sc-1"",""plageId"":""p-1"",""roleSystemId"":""RL-001001"",""assignedPrice"":20,""assignedStyleSystemIds"":[],""isPlaced"":true,""_pricingMeta"":{""hourlyRate"":111.84,""workedMin"":54,""requiredMin"":135,""billableMin"":135,""allocationRatio"":0.4,""blockSize"":2},""_primeMeta"":{""sots"":""+10%"",""xp"":""+11% (niv.15)"",""saison"":""+15%"",""offreDemande"":""N/A""},""_primeMultiplier"":1.398,""priceIsOverridden"":true,""priceOverridedAt"":""2026-04-22T17:44:25.433Z"",""calculatedPrice"":101,""proposalId"":""69e908fcf2572774b1c0b534"",""proposalStatus"":""accepted"",""proposedBy"":""69cd302266f2193a99122757"",""proposedAt"":""2026-04-22T17:44:25.433Z"",""talentCounterPrice"":null,""talentResponseNote"":null},""SL-69e908cb63ebccbcf921e652-0:69b48a2b7d5c0db589c6bb1c:sc-1:p-2"":{""slotId"":""SL-69e908cb63ebccbcf921e652-0"",""userId"":""69b48a2b7d5c0db589c6bb1c"",""sceneId"":""sc-1"",""plageId"":""p-2"",""roleSystemId"":""RL-001001"",""assignedPrice"":10,""assignedStyleSystemIds"":[],""isPlaced"":true,""_pricingMeta"":{""hourlyRate"":111.84,""workedMin"":81,""requiredMin"":135,""billableMin"":135,""allocationRatio"":0.6,""blockSize"":2},""_primeMeta"":{""sots"":""+10%"",""xp"":""+11% (niv.15)"",""saison"":""+15%"",""offreDemande"":""N/A""},""_primeMultiplier"":1.398,""priceIsOverridden"":true,""priceOverridedAt"":""2026-04-22T17:44:42.472Z"",""calculatedPrice"":151,""proposalId"":""69e9090daf6933065a83890f"",""proposalStatus"":""accepted"",""proposedBy"":""69cd302266f2193a99122757"",""proposedAt"":""2026-04-22T17:44:42.472Z"",""talentCounterPrice"":null,""talentResponseNote"":null},""SL-69e908cb63ebccbcf921e652-0:69b48a2b7d5c0db589c6bb1c:sc-1776879815144:p-1"":{""assignedPrice"":40,""priceIsOverridden"":true,""priceOverridedAt"":""2026-04-22T17:45:53.039Z"",""calculatedPrice"":0,""proposalId"":""69e909520992703c79e4ae32"",""proposalStatus"":""pending_talent"",""proposedBy"":""69cd302266f2193a99122757"",""proposedAt"":""2026-04-22T17:45:53.039Z"",""talentCounterPrice"":null,""talentResponseNote"":null}}}","","","event","","2026-04-22T23:19:47.297Z","","[{""submittedBallot"":false,""roleSystemId"":""RL-001001"",""styleSystemIds"":[],""joinedAt"":""2026-04-22T17:44:05.571Z"",""styleSystemId"":null,""sotsSubmitted"":null,""userId"":""69b48a2b7d5c0db589c6bb1c"",""isNoShow"":null,""status"":""confirmed""},{""submittedBallot"":true,""roleSystemId"":""RL-ORGANIZER"",""styleSystemIds"":[],""joinedAt"":""2026-04-22T23:19:47.297Z"",""styleSystemId"":null,""sotsSubmitted"":true,""userId"":""69cd302266f2193a99122757"",""isNoShow"":null,""status"":""confirmed""}]","69e908ca7e1c2a2d48a8d808","6","","2","","","2","0","","","[{""roleSystemId"":""RL-001001"",""candidateUserId"":""69b48a2b7d5c0db589c6bb1c"",""confirmedBy"":""69cd302266f2193a99122757"",""candidateStyleSystemIds"":[],""slotId"":""SL-69e908cb63ebccbcf921e652-0"",""confirmedAt"":""2026-04-22T17:44:14.719Z"",""status"":""confirmed""},{""roleSystemId"":""RL-000060"",""candidateUserId"":null,""confirmedBy"":null,""candidateStyleSystemIds"":[],""slotId"":""SL-69e908cb63ebccbcf921e652-1"",""confirmedAt"":null,""status"":""open""}]","NC-0000000165","0","[""69cd302266f2193a99122757""]","","0","","archived","69e908cb63ebccbcf921e652","2026-04-22T17:43:39.409000","2026-04-26T18:25:40.523000","service_eb508f39-ce3d-4391-bb12-d4211c02ede9","false"
"2026-04-22T17:33:04.160Z","69cd302266f2193a99122757","{""lineupScenes"":[{""sceneId"":""sc-1"",""label"":""Scène principale"",""icon"":""🎛""},{""sceneId"":""sc-1776877249472"",""label"":""Micro"",""icon"":""🎤""}],""lineupSchedule"":[{""plageId"":""p-1"",""label"":""Warmup"",""timeStart"":""2026-07-08T16:00:00.000Z"",""timeEnd"":""2026-07-08T17:30:00.000Z""},{""plageId"":""p-2"",""label"":""Peak"",""timeStart"":""2026-07-08T17:30:00.000Z"",""timeEnd"":""2026-07-08T19:45:00.000Z""},{""plageId"":""p-3"",""label"":""Closer"",""timeStart"":""2026-07-08T19:45:00.000Z"",""timeEnd"":""2026-07-08T21:00:00.000Z""}],""lineupPlacements"":{""SL-69e8fed4c844c773006f3685-0:698c747aee05acfdd23ea578:sc-1:p-1"":{""slotId"":""SL-69e8fed4c844c773006f3685-0"",""userId"":""698c747aee05acfdd23ea578"",""sceneId"":""sc-1"",""plageId"":""p-1"",""roleSystemId"":""RL-000061"",""assignedPrice"":40,""assignedStyleSystemIds"":[],""isPlaced"":true,""_pricingMeta"":{""hourlyRate"":173.63,""workedMin"":90,""requiredMin"":300,""billableMin"":300,""allocationRatio"":0.3,""blockSize"":3},""_primeMeta"":{""sots"":""+5%"",""xp"":""+15% (niv.21)"",""saison"":""+15%"",""offreDemande"":""N/A""},""_primeMultiplier"":1.389,""priceIsOverridden"":true,""priceOverridedAt"":""2026-04-22T17:07:05.902Z"",""calculatedPrice"":260,""proposalId"":""69e9003d0600888265f99c4a"",""proposalStatus"":""accepted"",""proposedBy"":""69cd302266f2193a99122757"",""proposedAt"":""2026-04-22T17:07:05.902Z"",""talentCounterPrice"":null,""talentResponseNote"":null},""SL-69e8fed4c844c773006f3685-0:698c747aee05acfdd23ea578:sc-1:p-2"":{""slotId"":""SL-69e8fed4c844c773006f3685-0"",""userId"":""698c747aee05acfdd23ea578"",""sceneId"":""sc-1"",""plageId"":""p-2"",""roleSystemId"":""RL-000061"",""assignedPrice"":55,""assignedStyleSystemIds"":[],""isPlaced"":true,""_pricingMeta"":{""hourlyRate"":173.63,""workedMin"":135,""requiredMin"":300,""billableMin"":300,""allocationRatio"":0.45,""blockSize"":3},""_primeMeta"":{""sots"":""+5%"",""xp"":""+15% (niv.21)"",""saison"":""+15%"",""offreDemande"":""N/A""},""_primeMultiplier"":1.389,""priceIsOverridden"":true,""priceOverridedAt"":""2026-04-22T17:07:27.627Z"",""calculatedPrice"":391,""proposalId"":""69e90052bdf51c1e8b822477"",""proposalStatus"":""accepted"",""proposedBy"":""69cd302266f2193a99122757"",""proposedAt"":""2026-04-22T17:07:27.627Z"",""talentCounterPrice"":null,""talentResponseNote"":null},""SL-69e8fed4c844c773006f3685-0:698c747aee05acfdd23ea578:sc-1:p-3"":{""slotId"":""SL-69e8fed4c844c773006f3685-0"",""userId"":""698c747aee05acfdd23ea578"",""sceneId"":""sc-1"",""plageId"":""p-3"",""roleSystemId"":""RL-000061"",""assignedPrice"":75,""assignedStyleSystemIds"":[],""isPlaced"":true,""_pricingMeta"":{""hourlyRate"":173.63,""workedMin"":75,""requiredMin"":300,""billableMin"":300,""allocationRatio"":0.25,""blockSize"":3},""_primeMeta"":{""sots"":""+5%"",""xp"":""+15% (niv.21)"",""saison"":""+15%"",""offreDemande"":""N/A""},""_primeMultiplier"":1.389,""priceIsOverridden"":true,""priceOverridedAt"":""2026-04-22T17:07:52.537Z"",""calculatedPrice"":217,""proposalId"":""69e9006c4e0afa608a10178f"",""proposalStatus"":""accepted"",""proposedBy"":""69cd302266f2193a99122757"",""proposedAt"":""2026-04-22T17:07:52.537Z"",""talentCounterPrice"":null,""talentResponseNote"":null},""SL-69e8fed4c844c773006f3685-1:69b48a2b7d5c0db589c6bb1c:sc-1776877249472:p-1"":{""slotId"":""SL-69e8fed4c844c773006f3685-1"",""userId"":""69b48a2b7d5c0db589c6bb1c"",""sceneId"":""sc-1776877249472"",""plageId"":""p-1"",""roleSystemId"":""RL-000008"",""assignedPrice"":115,""assignedStyleSystemIds"":[],""isPlaced"":true,""_pricingMeta"":{""hourlyRate"":279.6,""workedMin"":90,""requiredMin"":225,""billableMin"":225,""allocationRatio"":0.4,""blockSize"":2},""_primeMeta"":{""sots"":""+10%"",""xp"":""+11% (niv.15)"",""saison"":""+15%"",""offreDemande"":""N/A""},""_primeMultiplier"":1.398,""priceIsOverridden"":true,""priceOverridedAt"":""2026-04-22T17:08:18.610Z"",""calculatedPrice"":419,""proposalId"":""69e9008569ec40047f0ed524"",""proposalStatus"":""accepted"",""proposedBy"":""69cd302266f2193a99122757"",""proposedAt"":""2026-04-22T17:08:18.610Z"",""talentCounterPrice"":115,""talentResponseNote"":null},""SL-69e8fed4c844c773006f3685-1:69b48a2b7d5c0db589c6bb1c:sc-1776877249472:p-2"":{""slotId"":""SL-69e8fed4c844c773006f3685-1"",""userId"":""69b48a2b7d5c0db589c6bb1c"",""sceneId"":""sc-1776877249472"",""plageId"":""p-2"",""roleSystemId"":""RL-000008"",""assignedPrice"":135,""assignedStyleSystemIds"":[],""isPlaced"":true,""_pricingMeta"":{""hourlyRate"":279.6,""workedMin"":135,""requiredMin"":225,""billableMin"":225,""allocationRatio"":0.6,""blockSize"":2},""_primeMeta"":{""sots"":""+10%"",""xp"":""+11% (niv.15)"",""saison"":""+15%"",""offreDemande"":""N/A""},""_primeMultiplier"":1.398,""priceIsOverridden"":true,""priceOverridedAt"":""2026-04-22T17:08:32.498Z"",""calculatedPrice"":629,""proposalId"":""69e900936113837e26df0c2c"",""proposalStatus"":""accepted"",""proposedBy"":""69cd302266f2193a99122757"",""proposedAt"":""2026-04-22T17:08:32.498Z"",""talentCounterPrice"":135,""talentResponseNote"":null}}}","","","event","","2026-04-22T17:16:03.737Z","","[{""submittedBallot"":false,""roleSystemId"":""RL-000061"",""styleSystemIds"":[],""joinedAt"":""2026-04-22T17:05:37.978Z"",""styleSystemId"":null,""sotsSubmitted"":null,""userId"":""698c747aee05acfdd23ea578"",""isNoShow"":null,""status"":""confirmed""},{""submittedBallot"":false,""roleSystemId"":""RL-000008"",""styleSystemIds"":[""ST-000099"",""ST-000100""],""joinedAt"":""2026-04-22T17:06:43.504Z"",""styleSystemId"":null,""sotsSubmitted"":null,""userId"":""69b48a2b7d5c0db589c6bb1c"",""isNoShow"":null,""status"":""confirmed""},{""submittedBallot"":true,""roleSystemId"":""RL-ORGANIZER"",""styleSystemIds"":[""ST-000099"",""ST-000100""],""joinedAt"":""2026-04-22T17:16:03.737Z"",""styleSystemId"":null,""sotsSubmitted"":true,""userId"":""69cd302266f2193a99122757"",""isNoShow"":null,""status"":""confirmed""}]","69e8fed2e9dd6272584885ea","6","","2","","","","","","","[{""roleSystemId"":""RL-000061"",""candidateUserId"":""698c747aee05acfdd23ea578"",""confirmedBy"":""69cd302266f2193a99122757"",""candidateStyleSystemIds"":[],""slotId"":""SL-69e8fed4c844c773006f3685-0"",""confirmedAt"":""2026-04-22T17:06:05.809Z"",""status"":""confirmed""},{""roleSystemId"":""RL-000008"",""candidateUserId"":""69b48a2b7d5c0db589c6bb1c"",""confirmedBy"":""69cd302266f2193a99122757"",""candidateStyleSystemIds"":[""ST-000099"",""ST-000100""],""slotId"":""SL-69e8fed4c844c773006f3685-1"",""confirmedAt"":""2026-04-22T17:08:01.509Z"",""status"":""confirmed""}]","NC-0000000200","","[""69cd302266f2193a99122757""]","","","","archived","69e8fed4c844c773006f3685","2026-04-22T17:01:08.776000","2026-04-26T18:25:40.374000","service_eb508f39-ce3d-4391-bb12-d4211c02ede9","false"
"2026-04-22T12:24:33.206Z","698dd1b2193c860027a3457a","","2026-04-22T12:15:59.727Z","2026-04-22T12:15:59.727Z","quickplay","698dd1b2193c860027a3457a","2026-04-22T12:15:59.727Z","2026-04-22T12:15:59.727Z","[{""submittedBallot"":true,""roleSystemId"":""RL-000008"",""styleSystemIds"":[""ST-000077""],""joinedAt"":""2026-04-22T12:07:29.396Z"",""styleSystemId"":""ST-000077"",""sotsSubmitted"":true,""userId"":""698dd1b2193c860027a3457a"",""isNoShow"":null,""status"":""ready""},{""submittedBallot"":true,""roleSystemId"":""RL-000008"",""styleSystemIds"":[""ST-000076"",""ST-000141""],""joinedAt"":""2026-04-22T12:07:29.396Z"",""styleSystemId"":""ST-000076"",""sotsSubmitted"":true,""userId"":""698dbd987dbcc355eec0ff7c"",""isNoShow"":null,""status"":""ready""}]","","6","","2","","2026-04-22T12:15:59.727Z","","","","2026-04-22T12:07:29.396Z","[]","NC-0000000191","","[""698dbd987dbcc355eec0ff7c"",""698dd1b2193c860027a3457a""]","698dd1b2193c860027a3457a","","698dd1b2193c860027a3457a","sots_submitted","69e8ba022d82726f98b964e7","2026-04-22T12:07:30.754000","2026-04-22T12:26:37.514000","service_eb508f39-ce3d-4391-bb12-d4211c02ede9","false"
"2026-04-22T13:00:30.100Z","698dd1b2193c860027a3457a","","","","quickplay","698dd1b2193c860027a3457a","","","[{""submittedBallot"":false,""roleSystemId"":""RL-000011"",""styleSystemIds"":[""ST-000077"",""ST-000103"",""ST-000225"",""ST-000224"",""ST-000228"",""ST-000227"",""ST-000165""],""joinedAt"":""2026-04-22T12:07:29.080Z"",""styleSystemId"":""ST-000077"",""sotsSubmitted"":null,""userId"":""698dd1b2193c860027a3457a"",""isNoShow"":null,""status"":""lobby""},{""submittedBallot"":false,""roleSystemId"":""RL-000008"",""styleSystemIds"":[""ST-000076"",""ST-000141""],""joinedAt"":""2026-04-22T12:07:29.080Z"",""styleSystemId"":""ST-000076"",""sotsSubmitted"":null,""userId"":""698dbd987dbcc355eec0ff7c"",""isNoShow"":null,""status"":""ready""}]","","6","","2","","","","","","2026-04-22T12:07:29.080Z","[]","","","[]","","","","archived","69e8ba02d37ded6c629f37f9","2026-04-22T12:07:30.558000","2026-04-26T18:25:40.524000","service_eb508f39-ce3d-4391-bb12-d4211c02ede9","false"
"2026-04-22T12:24:11.961Z","69cd302266f2193a99122757","{""lineupScenes"":[{""sceneId"":""sc-1"",""label"":""Scène principale"",""icon"":""🎛""},{""sceneId"":""sc-1776857851175"",""label"":""Micro"",""icon"":""🎤""}],""lineupSchedule"":[{""plageId"":""p-1"",""label"":""Warmup"",""timeStart"":""2026-07-15T19:00:00.000Z"",""timeEnd"":""2026-07-15T19:54:00.000Z""},{""plageId"":""p-2"",""label"":""Peak"",""timeStart"":""2026-07-15T19:54:00.000Z"",""timeEnd"":""2026-07-15T22:00:00.000Z""}],""lineupPlacements"":{""SL-69e8b318d48fad3bf62b4e9c-1:699c655e40e8dc98eacda675:sc-1776857851175:p-1"":{""slotId"":""SL-69e8b318d48fad3bf62b4e9c-1"",""userId"":""699c655e40e8dc98eacda675"",""sceneId"":""sc-1776857851175"",""plageId"":""p-1"",""roleSystemId"":""RL-000025"",""assignedPrice"":30,""assignedStyleSystemIds"":[],""isPlaced"":true,""_pricingMeta"":{""hourlyRate"":82.32,""workedMin"":54,""requiredMin"":54,""billableMin"":54,""allocationRatio"":1,""blockSize"":1},""_primeMeta"":{""sots"":""0%"",""xp"":""+2% (niv.4)"",""saison"":""+15%"",""offreDemande"":""N/A""},""_primeMultiplier"":1.176,""priceIsOverridden"":true,""priceOverridedAt"":""2026-04-22T11:41:22.319Z"",""calculatedPrice"":74,""proposalId"":""69e8b3e5eeae7ca3d8380bb9"",""proposalStatus"":""accepted"",""proposedBy"":""69cd302266f2193a99122757"",""proposedAt"":""2026-04-22T11:41:22.319Z"",""talentCounterPrice"":null,""talentResponseNote"":null},""SL-69e8b318d48fad3bf62b4e9c-0:698d204286a5af9808991620:sc-1:p-1"":{""slotId"":""SL-69e8b318d48fad3bf62b4e9c-0"",""userId"":""698d204286a5af9808991620"",""sceneId"":""sc-1"",""plageId"":""p-1"",""roleSystemId"":""RL-000010"",""assignedPrice"":115,""assignedStyleSystemIds"":[],""isPlaced"":true,""_pricingMeta"":{""hourlyRate"":105.56,""workedMin"":54,""requiredMin"":54,""billableMin"":54,""allocationRatio"":1,""blockSize"":1},""_primeMeta"":{""sots"":""+5%"",""xp"":""+15% (niv.21)"",""saison"":""+15%"",""offreDemande"":""N/A""},""_primeMultiplier"":1.389,""priceIsOverridden"":true,""priceOverridedAt"":""2026-04-22T11:45:46.984Z"",""calculatedPrice"":95,""proposalId"":""69e8b4ed44ba2dde07ede98a"",""proposalStatus"":""accepted"",""proposedBy"":""69cd302266f2193a99122757"",""proposedAt"":""2026-04-22T11:45:46.984Z"",""talentCounterPrice"":115,""talentResponseNote"":null},""SL-69e8b318d48fad3bf62b4e9c-1:698dd1b2193c860027a3457a:sc-1:p-2"":{""slotId"":""SL-69e8b318d48fad3bf62b4e9c-1"",""userId"":""698dd1b2193c860027a3457a"",""sceneId"":""sc-1"",""plageId"":""p-2"",""roleSystemId"":""RL-000025"",""assignedPrice"":30,""assignedStyleSystemIds"":[],""isPlaced"":true,""_pricingMeta"":{""hourlyRate"":275.8,""workedMin"":126,""requiredMin"":126,""billableMin"":126,""allocationRatio"":1,""blockSize"":1},""_primeMeta"":{""sots"":""+10%"",""xp"":""+9% (niv.13)"",""saison"":""+15%"",""offreDemande"":""N/A""},""_primeMultiplier"":1.379,""priceIsOverridden"":true,""priceOverridedAt"":""2026-04-22T11:46:04.180Z"",""calculatedPrice"":579,""proposalId"":""69e8b4fff1d26311c66ccd34"",""proposalStatus"":""accepted"",""proposedBy"":""69cd302266f2193a99122757"",""proposedAt"":""2026-04-22T11:46:04.180Z"",""talentCounterPrice"":null,""talentResponseNote"":null}}}","","","event","","2026-04-22T11:52:56.771Z","","[{""submittedBallot"":false,""roleSystemId"":""RL-000025"",""styleSystemIds"":[""ST-000166"",""ST-000167""],""joinedAt"":""2026-04-22T11:39:12.258Z"",""styleSystemId"":null,""sotsSubmitted"":null,""userId"":""699c655e40e8dc98eacda675"",""isNoShow"":null,""status"":""confirmed""},{""submittedBallot"":true,""roleSystemId"":""RL-000010"",""styleSystemIds"":[],""joinedAt"":""2026-04-22T11:44:36.307Z"",""styleSystemId"":null,""sotsSubmitted"":true,""userId"":""698d204286a5af9808991620"",""isNoShow"":null,""status"":""confirmed""},{""submittedBallot"":true,""roleSystemId"":""RL-000025"",""styleSystemIds"":[""ST-000165""],""joinedAt"":""2026-04-22T11:45:26.160Z"",""styleSystemId"":null,""sotsSubmitted"":true,""userId"":""698dd1b2193c860027a3457a"",""isNoShow"":null,""status"":""confirmed""},{""submittedBallot"":true,""roleSystemId"":""RL-ORGANIZER"",""styleSystemIds"":[""ST-000166"",""ST-000167"",""ST-000165""],""joinedAt"":""2026-04-22T11:52:56.771Z"",""styleSystemId"":null,""sotsSubmitted"":true,""userId"":""69cd302266f2193a99122757"",""isNoShow"":null,""status"":""confirmed""}]","69e8b316fbc30cb9a462eec4","6","","2","","","","","","","[{""roleSystemId"":""RL-000010"",""candidateUserId"":""698d204286a5af9808991620"",""confirmedBy"":""69cd302266f2193a99122757"",""candidateStyleSystemIds"":[],""slotId"":""SL-69e8b318d48fad3bf62b4e9c-0"",""confirmedAt"":""2026-04-22T11:45:40.420Z"",""status"":""confirmed""},{""roleSystemId"":""RL-000025"",""candidateUserId"":""699c655e40e8dc98eacda675"",""confirmedBy"":""69cd302266f2193a99122757"",""candidateStyleSystemIds"":[""ST-000166"",""ST-000167""],""slotId"":""SL-69e8b318d48fad3bf62b4e9c-1"",""confirmedAt"":""2026-04-22T11:39:19.515Z"",""status"":""confirmed""}]","NC-0000000165","","[""69cd302266f2193a99122757"",""698d204286a5af9808991620"",""698dd1b2193c860027a3457a""]","","","","archived","69e8b318d48fad3bf62b4e9c","2026-04-22T11:38:00.172000","2026-04-26T18:25:40.387000","service_eb508f39-ce3d-4391-bb12-d4211c02ede9","false"
"","698d204286a5af9808991620","{""lineupScenes"":[{""sceneId"":""sc-1"",""label"":""Scène principale"",""icon"":""🎛""},{""sceneId"":""sc-1776802921390"",""label"":""Micro"",""icon"":""🎤""}],""lineupSchedule"":[{""plageId"":""p-1"",""label"":""Warmup"",""timeStart"":""2026-07-01T18:00:00.000Z"",""timeEnd"":""2026-07-01T19:30:00.000Z""},{""plageId"":""p-2"",""label"":""Peak"",""timeStart"":""2026-07-01T19:30:00.000Z"",""timeEnd"":""2026-07-01T21:45:00.000Z""},{""plageId"":""p-3"",""label"":""Closer"",""timeStart"":""2026-07-01T21:45:00.000Z"",""timeEnd"":""2026-07-01T23:00:00.000Z""}],""lineupPlacements"":{""SL-69e7dc7cb81443acfcb139e8-0:698dbbf753d545317578c200:sc-1776802921390:p-2"":{""slotId"":""SL-69e7dc7cb81443acfcb139e8-0"",""userId"":""698dbbf753d545317578c200"",""sceneId"":""sc-1776802921390"",""plageId"":""p-2"",""roleSystemId"":""RL-000008"",""assignedPrice"":510,""assignedStyleSystemIds"":[],""isPlaced"":true,""_pricingMeta"":{""hourlyRate"":322.4,""workedMin"":135,""requiredMin"":135,""billableMin"":135,""allocationRatio"":1,""blockSize"":1},""_primeMeta"":{""sots"":""+5%"",""jour"":""+20% (férié)"",""xp"":""+11% (niv.16)"",""saison"":""+15%"",""offreDemande"":""N/A""},""_primeMultiplier"":1.612,""priceIsOverridden"":true,""priceOverridedAt"":""2026-04-21T20:45:01.796Z"",""calculatedPrice"":725,""proposalId"":""69e7e1d175d24360fc0561e2"",""proposalStatus"":""accepted"",""proposedBy"":""698d204286a5af9808991620"",""proposedAt"":""2026-04-21T20:45:01.796Z"",""talentCounterPrice"":510,""talentResponseNote"":null}}}","","","event","","","","[{""submittedBallot"":false,""roleSystemId"":""RL-000008"",""styleSystemIds"":[],""joinedAt"":""2026-04-21T20:22:48.453Z"",""styleSystemId"":null,""sotsSubmitted"":null,""userId"":""69cd302266f2193a99122757"",""isNoShow"":null,""status"":""confirmed""},{""submittedBallot"":false,""roleSystemId"":""RL-000025"",""styleSystemIds"":[""ST-000165""],""joinedAt"":""2026-04-21T20:22:52.907Z"",""styleSystemId"":null,""sotsSubmitted"":null,""userId"":""698dd1b2193c860027a3457a"",""isNoShow"":null,""status"":""confirmed""},{""submittedBallot"":false,""roleSystemId"":""RL-000008"",""styleSystemIds"":[""ST-000099"",""ST-000103""],""joinedAt"":""2026-04-21T20:36:02.592Z"",""styleSystemId"":null,""sotsSubmitted"":null,""userId"":""69b48a2b7d5c0db589c6bb1c"",""isNoShow"":null,""status"":""confirmed""},{""submittedBallot"":false,""roleSystemId"":""RL-000008"",""styleSystemIds"":[""ST-000076"",""ST-000141""],""joinedAt"":""2026-04-21T20:41:15.211Z"",""styleSystemId"":null,""sotsSubmitted"":null,""userId"":""698dbd987dbcc355eec0ff7c"",""isNoShow"":null,""status"":""lobby""},{""submittedBallot"":false,""roleSystemId"":""RL-000008"",""styleSystemIds"":[""ST-000007"",""ST-000219""],""joinedAt"":""2026-04-21T20:43:11.819Z"",""styleSystemId"":null,""sotsSubmitted"":null,""userId"":""698dbbf753d545317578c200"",""isNoShow"":null,""status"":""confirmed""},{""submittedBallot"":false,""roleSystemId"":""RL-000008"",""styleSystemIds"":[""ST-000100"",""ST-000102""],""joinedAt"":""2026-04-22T00:43:47.106Z"",""styleSystemId"":null,""sotsSubmitted"":null,""userId"":""699c655e40e8dc98eacda675"",""isNoShow"":null,""status"":""confirmed""}]","69e7dc7a3a00ff3f726c896b","6","","2","","","","","","","[{""roleSystemId"":""RL-000008"",""candidateUserId"":""69cd302266f2193a99122757"",""confirmedBy"":""698d204286a5af9808991620"",""candidateStyleSystemIds"":[],""slotId"":""SL-69e7dc7cb81443acfcb139e8-0"",""confirmedAt"":""2026-04-21T20:23:07.579Z"",""status"":""confirmed""},{""roleSystemId"":""RL-000025"",""candidateUserId"":""698dd1b2193c860027a3457a"",""confirmedBy"":""698d204286a5af9808991620"",""candidateStyleSystemIds"":[""ST-000165""],""slotId"":""SL-69e7dc7cb81443acfcb139e8-1"",""confirmedAt"":""2026-04-21T20:23:10.897Z"",""status"":""confirmed""}]","NC-0000000165","","[]","","","","aborted","69e7dc7cb81443acfcb139e8","2026-04-21T20:22:20.204000","2026-04-28T21:49:34.085000","service_eb508f39-ce3d-4391-bb12-d4211c02ede9","false"
"","698d204286a5af9808991620","{""lineupScenes"":[{""sceneId"":""sc-1"",""label"":""Scène principale"",""icon"":""🎛""},{""sceneId"":""sc-1776799960240"",""label"":""Micro"",""icon"":""🎤""}],""lineupSchedule"":[{""plageId"":""p-1"",""label"":""Cocktail"",""timeStart"":""2026-07-03T21:00:00.000Z"",""timeEnd"":""2026-07-03T21:30:00.000Z""},{""plageId"":""p-2"",""label"":""Souper"",""timeStart"":""2026-07-03T21:30:00.000Z"",""timeEnd"":""2026-07-03T22:12:00.000Z""},{""plageId"":""p-3"",""label"":""Party"",""timeStart"":""2026-07-03T22:12:00.000Z"",""timeEnd"":""2026-07-03T23:00:00.000Z""}],""lineupPlacements"":{""SL-69e7d0dd95674ed2e3c8ef38-0:699c655e40e8dc98eacda675:sc-1:p-1"":{""slotId"":""SL-69e7d0dd95674ed2e3c8ef38-0"",""userId"":""699c655e40e8dc98eacda675"",""sceneId"":""sc-1"",""plageId"":""p-1"",""roleSystemId"":""RL-000025"",""assignedPrice"":20,""assignedStyleSystemIds"":[],""isPlaced"":true,""_pricingMeta"":{""hourlyRate"":82.32,""workedMin"":30,""requiredMin"":120,""billableMin"":120,""allocationRatio"":0.25,""blockSize"":3},""_primeMeta"":{""sots"":""0%"",""xp"":""+2% (niv.4)"",""saison"":""+15%"",""offreDemande"":""N/A""},""_primeMultiplier"":1.176,""priceIsOverridden"":true,""priceOverridedAt"":""2026-04-21T19:35:56.688Z"",""calculatedPrice"":41,""proposalId"":""69e7d19f7782f935a0e79c3c"",""proposalStatus"":""accepted"",""proposedBy"":""698d204286a5af9808991620"",""proposedAt"":""2026-04-21T19:35:56.688Z"",""talentCounterPrice"":null,""talentResponseNote"":null},""SL-69e7d0dd95674ed2e3c8ef38-0:699c655e40e8dc98eacda675:sc-1:p-2"":{""slotId"":""SL-69e7d0dd95674ed2e3c8ef38-0"",""userId"":""699c655e40e8dc98eacda675"",""sceneId"":""sc-1"",""plageId"":""p-2"",""roleSystemId"":""RL-000025"",""assignedPrice"":40,""assignedStyleSystemIds"":[],""isPlaced"":true,""_pricingMeta"":{""hourlyRate"":82.32,""workedMin"":42,""requiredMin"":120,""billableMin"":120,""allocationRatio"":0.35,""blockSize"":3},""_primeMeta"":{""sots"":""0%"",""xp"":""+2% (niv.4)"",""saison"":""+15%"",""offreDemande"":""N/A""},""_primeMultiplier"":1.176,""priceIsOverridden"":true,""priceOverridedAt"":""2026-04-21T19:45:41.172Z"",""calculatedPrice"":58,""proposalId"":""69e7d3e8a75432d2576e2153"",""proposalStatus"":""accepted"",""proposedBy"":""698d204286a5af9808991620"",""proposedAt"":""2026-04-21T19:45:41.172Z"",""talentCounterPrice"":null,""talentResponseNote"":null},""SL-69e7d0dd95674ed2e3c8ef38-0:699c655e40e8dc98eacda675:sc-1:p-3"":{""slotId"":""SL-69e7d0dd95674ed2e3c8ef38-0"",""userId"":""699c655e40e8dc98eacda675"",""sceneId"":""sc-1"",""plageId"":""p-3"",""roleSystemId"":""RL-000025"",""assignedPrice"":50,""assignedStyleSystemIds"":[],""isPlaced"":true,""_pricingMeta"":{""hourlyRate"":82.32,""workedMin"":48,""requiredMin"":120,""billableMin"":120,""allocationRatio"":0.4,""blockSize"":3},""_primeMeta"":{""sots"":""0%"",""xp"":""+2% (niv.4)"",""saison"":""+15%"",""offreDemande"":""N/A""},""_primeMultiplier"":1.176,""priceIsOverridden"":true,""priceOverridedAt"":""2026-04-21T19:46:45.347Z"",""calculatedPrice"":66,""proposalId"":""69e7d428b872b494594ab46c"",""proposalStatus"":""accepted"",""proposedBy"":""698d204286a5af9808991620"",""proposedAt"":""2026-04-21T19:46:45.347Z"",""talentCounterPrice"":null,""talentResponseNote"":null},""SL-69e7d0dd95674ed2e3c8ef38-0:698dd1b2193c860027a3457a:sc-1776799960240:p-1"":{""slotId"":""SL-69e7d0dd95674ed2e3c8ef38-0"",""userId"":""698dd1b2193c860027a3457a"",""sceneId"":""sc-1776799960240"",""plageId"":""p-1"",""roleSystemId"":""RL-000025"",""assignedPrice"":80,""assignedStyleSystemIds"":[],""isPlaced"":true,""_pricingMeta"":{""hourlyRate"":275.8,""workedMin"":30,""requiredMin"":30,""billableMin"":30,""allocationRatio"":1,""blockSize"":1},""_primeMeta"":{""sots"":""+10%"",""xp"":""+9% (niv.13)"",""saison"":""+15%"",""offreDemande"":""N/A""},""_primeMultiplier"":1.379,""priceIsOverridden"":true,""priceOverridedAt"":""2026-04-21T20:19:22.402Z"",""calculatedPrice"":138,""proposalId"":""69e7dbccbd6e70fddb34325b"",""proposalStatus"":""accepted"",""proposedBy"":""698d204286a5af9808991620"",""proposedAt"":""2026-04-21T20:19:22.402Z"",""talentCounterPrice"":null,""talentResponseNote"":null}}}","","","event","","","","[{""submittedBallot"":false,""roleSystemId"":""RL-000025"",""styleSystemIds"":[],""joinedAt"":""2026-04-21T19:33:35.726Z"",""styleSystemId"":null,""sotsSubmitted"":null,""userId"":""699c655e40e8dc98eacda675"",""isNoShow"":null,""status"":""confirmed""},{""submittedBallot"":false,""roleSystemId"":""RL-000025"",""styleSystemIds"":[""ST-000165""],""joinedAt"":""2026-04-21T20:18:55.433Z"",""styleSystemId"":null,""sotsSubmitted"":null,""userId"":""698dd1b2193c860027a3457a"",""isNoShow"":null,""status"":""confirmed""}]","69e7d0dc88c32287b5636d7c","6","","2","","","","","","","[{""roleSystemId"":""RL-000025"",""candidateUserId"":""699c655e40e8dc98eacda675"",""confirmedBy"":""698d204286a5af9808991620"",""candidateStyleSystemIds"":[],""slotId"":""SL-69e7d0dd95674ed2e3c8ef38-0"",""confirmedAt"":""2026-04-21T19:34:26.298Z"",""status"":""confirmed""}]","NC-0000000042","","[]","","","","aborted","69e7d0dd95674ed2e3c8ef38","2026-04-21T19:32:45.895000","2026-04-28T21:49:41.551000","service_eb508f39-ce3d-4391-bb12-d4211c02ede9","false"
"2026-04-22T22:57:35.029Z","698d204286a5af9808991620","{""lineupScenes"":[{""sceneId"":""sc-1"",""label"":""Scène principale"",""icon"":""🎛""}],""lineupSchedule"":[{""plageId"":""p-1"",""label"":""Warmup"",""timeStart"":""2026-06-09T19:00:00.000Z"",""timeEnd"":""2026-06-09T20:30:00.000Z""},{""plageId"":""p-2"",""label"":""Peak"",""timeStart"":""2026-06-09T20:30:00.000Z"",""timeEnd"":""2026-06-10T00:00:00.000Z""}],""lineupPlacements"":{""SL-69e7cd5d03b27e03dfd4b0f4-0:699c655e40e8dc98eacda675:sc-1:p-1"":{""slotId"":""SL-69e7cd5d03b27e03dfd4b0f4-0"",""userId"":""699c655e40e8dc98eacda675"",""sceneId"":""sc-1"",""plageId"":""p-1"",""roleSystemId"":""RL-000101"",""assignedPrice"":20,""assignedStyleSystemIds"":[],""isPlaced"":true,""_pricingMeta"":{""hourlyRate"":94.08,""workedMin"":90,""requiredMin"":90,""billableMin"":90,""allocationRatio"":1,""blockSize"":1},""_primeMeta"":{""sots"":""0%"",""xp"":""+2% (niv.4)"",""saison"":""+15%"",""offreDemande"":""N/A""},""_primeMultiplier"":1.176,""priceIsOverridden"":true,""priceOverridedAt"":""2026-04-21T19:19:42.204Z"",""calculatedPrice"":141,""proposalId"":""69e7cdd1d68faa4a0f8b609e"",""proposalStatus"":""accepted"",""proposedBy"":""698d204286a5af9808991620"",""proposedAt"":""2026-04-21T19:19:42.204Z"",""talentCounterPrice"":null,""talentResponseNote"":null}}}","","","event","","2026-04-22T22:29:46.709Z","","[{""submittedBallot"":true,""roleSystemId"":""RL-000101"",""styleSystemIds"":[],""joinedAt"":""2026-04-21T19:18:40.293Z"",""styleSystemId"":null,""sotsSubmitted"":true,""userId"":""699c655e40e8dc98eacda675"",""isNoShow"":null,""status"":""confirmed""},{""submittedBallot"":true,""roleSystemId"":""RL-ORGANIZER"",""styleSystemIds"":[],""joinedAt"":""2026-04-22T22:29:46.709Z"",""styleSystemId"":null,""sotsSubmitted"":true,""userId"":""698d204286a5af9808991620"",""isNoShow"":null,""status"":""confirmed""}]","69e7cd5b37d2d78827c5a490","6","","2","","","","","","","[{""roleSystemId"":""RL-000101"",""candidateUserId"":""699c655e40e8dc98eacda675"",""confirmedBy"":""698d204286a5af9808991620"",""candidateStyleSystemIds"":[],""slotId"":""SL-69e7cd5d03b27e03dfd4b0f4-0"",""confirmedAt"":""2026-04-21T19:18:46.019Z"",""status"":""confirmed""}]","NC-0000000165","","[""698d204286a5af9808991620"",""699c655e40e8dc98eacda675""]","","","","sots_submitted","69e7cd5d03b27e03dfd4b0f4","2026-04-21T19:17:49.102000","2026-04-22T22:58:31.111000","service_eb508f39-ce3d-4391-bb12-d4211c02ede9","false"
"2026-04-21T17:11:50.296Z","69b48a2b7d5c0db589c6bb1c","{""lineupScenes"":[{""sceneId"":""sc-1"",""label"":""Scène principale"",""icon"":""🎛""},{""sceneId"":""sc-1776787682601"",""label"":""Micro"",""icon"":""🎤""}],""lineupSchedule"":[{""plageId"":""p-1"",""label"":""Warmup"",""timeStart"":""2026-07-04T14:00:00.000Z"",""timeEnd"":""2026-07-04T16:24:00.000Z""},{""plageId"":""p-2"",""label"":""Peak"",""timeStart"":""2026-07-04T16:24:00.000Z"",""timeEnd"":""2026-07-04T22:00:00.000Z""}],""lineupPlacements"":{""SL-69e7a0f024af800baae392fa-0:69cd302266f2193a99122757:sc-1:p-1"":{""slotId"":""SL-69e7a0f024af800baae392fa-0"",""userId"":""69cd302266f2193a99122757"",""sceneId"":""sc-1"",""plageId"":""p-1"",""roleSystemId"":""RL-000009"",""assignedPrice"":175,""assignedStyleSystemIds"":[],""isPlaced"":true,""_pricingMeta"":{""hourlyRate"":116.32,""workedMin"":144,""requiredMin"":144,""billableMin"":144,""allocationRatio"":1,""blockSize"":1},""_primeMeta"":{""sots"":""+10%"",""jour"":""+10% (WE)"",""xp"":""+5% (niv.7)"",""saison"":""+15%"",""offreDemande"":""N/A""},""_primeMultiplier"":1.454,""priceIsOverridden"":true,""priceOverridedAt"":""2026-04-21T16:09:35.675Z"",""calculatedPrice"":279,""proposalId"":""69e7a143c21acb5ca32bdb22"",""proposalStatus"":""accepted"",""proposedBy"":""69b48a2b7d5c0db589c6bb1c"",""proposedAt"":""2026-04-21T16:09:35.675Z"",""talentCounterPrice"":175,""talentResponseNote"":null},""SL-69e7a0f024af800baae392fa-0:699c655e40e8dc98eacda675:sc-1:p-2"":{""slotId"":""SL-69e7a0f024af800baae392fa-0"",""userId"":""699c655e40e8dc98eacda675"",""sceneId"":""sc-1"",""plageId"":""p-2"",""roleSystemId"":""RL-000009"",""assignedPrice"":100,""assignedStyleSystemIds"":[],""isPlaced"":true,""_pricingMeta"":{""hourlyRate"":103.44,""workedMin"":336,""requiredMin"":336,""billableMin"":336,""allocationRatio"":1,""blockSize"":1},""_primeMeta"":{""sots"":""0%"",""jour"":""+10% (WE)"",""xp"":""+2% (niv.4)"",""saison"":""+15%"",""offreDemande"":""N/A""},""_primeMultiplier"":1.293,""priceIsOverridden"":true,""priceOverridedAt"":""2026-04-21T16:11:33.854Z"",""calculatedPrice"":579,""proposalId"":""69e7a1b96eecbb51cc55a282"",""proposalStatus"":""accepted"",""proposedBy"":""69b48a2b7d5c0db589c6bb1c"",""proposedAt"":""2026-04-21T16:11:33.854Z"",""talentCounterPrice"":null,""talentResponseNote"":null}}}","","","event","","2026-04-21T16:18:29.699Z","","[{""submittedBallot"":false,""roleSystemId"":""RL-000009"",""styleSystemIds"":[],""joinedAt"":""2026-04-21T16:09:03.807Z"",""styleSystemId"":null,""sotsSubmitted"":null,""userId"":""69cd302266f2193a99122757"",""isNoShow"":null,""status"":""confirmed""},{""submittedBallot"":false,""roleSystemId"":""RL-000009"",""styleSystemIds"":[],""joinedAt"":""2026-04-21T16:11:05.359Z"",""styleSystemId"":null,""sotsSubmitted"":null,""userId"":""699c655e40e8dc98eacda675"",""isNoShow"":null,""status"":""confirmed""},{""submittedBallot"":false,""roleSystemId"":""RL-ORGANIZER"",""styleSystemIds"":[],""joinedAt"":""2026-04-21T16:18:29.699Z"",""styleSystemId"":null,""sotsSubmitted"":false,""userId"":""69b48a2b7d5c0db589c6bb1c"",""isNoShow"":null,""status"":""confirmed""}]","69e7a0eecfae6cce66c80590","6","","2","","","","","","","[{""roleSystemId"":""RL-000009"",""candidateUserId"":""69cd302266f2193a99122757"",""confirmedBy"":""69b48a2b7d5c0db589c6bb1c"",""candidateStyleSystemIds"":[],""slotId"":""SL-69e7a0f024af800baae392fa-0"",""confirmedAt"":""2026-04-21T16:09:10.834Z"",""status"":""confirmed""}]","NC-0000000089","","[]","","","","archived","69e7a0f024af800baae392fa","2026-04-21T16:08:16.283000","2026-04-24T18:25:40.434000","service_eb508f39-ce3d-4391-bb12-d4211c02ede9","false"
"2026-04-23T02:15:52.125Z","69b48a2b7d5c0db589c6bb1c","{""lineupScenes"":[{""sceneId"":""sc-1"",""label"":""Scène principale"",""icon"":""🎛""},{""sceneId"":""sc-1776786292632"",""label"":""Micro"",""icon"":""🎤""}],""lineupSchedule"":[{""plageId"":""p-1"",""label"":""Warmup"",""timeStart"":""2026-08-01T18:00:00.000Z"",""timeEnd"":""2026-08-01T18:54:00.000Z""},{""plageId"":""p-2"",""label"":""Peak"",""timeStart"":""2026-08-01T18:54:00.000Z"",""timeEnd"":""2026-08-01T20:15:00.000Z""},{""plageId"":""p-3"",""label"":""Closer"",""timeStart"":""2026-08-01T20:15:00.000Z"",""timeEnd"":""2026-08-01T21:00:00.000Z""}],""lineupPlacements"":{""SL-69e79b7bcd9a5de7b9764940-0:699c655e40e8dc98eacda675:sc-1:p-1"":{""slotId"":""SL-69e79b7bcd9a5de7b9764940-0"",""userId"":""699c655e40e8dc98eacda675"",""sceneId"":""sc-1"",""plageId"":""p-1"",""roleSystemId"":""RL-000101"",""assignedPrice"":20,""assignedStyleSystemIds"":[],""isPlaced"":true,""_pricingMeta"":{""hourlyRate"":103.44,""workedMin"":54,""requiredMin"":54,""billableMin"":54,""allocationRatio"":1,""blockSize"":1},""_primeMeta"":{""sots"":""0%"",""jour"":""+10% (WE)"",""xp"":""+2% (niv.4)"",""saison"":""+15%"",""offreDemande"":""N/A""},""_primeMultiplier"":1.293,""priceIsOverridden"":true,""priceOverridedAt"":""2026-04-21T15:45:47.188Z"",""calculatedPrice"":93,""proposalId"":""69e79bae45ab489002aee982"",""proposalStatus"":""accepted"",""proposedBy"":""69b48a2b7d5c0db589c6bb1c"",""proposedAt"":""2026-04-21T15:45:47.188Z"",""talentCounterPrice"":null,""talentResponseNote"":null},""SL-69e79b7bcd9a5de7b9764940-0:69cd302266f2193a99122757:sc-1776786292632:p-1"":{""slotId"":""SL-69e79b7bcd9a5de7b9764940-0"",""userId"":""69cd302266f2193a99122757"",""sceneId"":""sc-1776786292632"",""plageId"":""p-1"",""roleSystemId"":""RL-000101"",""assignedPrice"":25,""assignedStyleSystemIds"":[],""isPlaced"":true,""_pricingMeta"":{""hourlyRate"":116.32,""workedMin"":54,""requiredMin"":54,""billableMin"":54,""allocationRatio"":1,""blockSize"":1},""_primeMeta"":{""sots"":""+10%"",""jour"":""+10% (WE)"",""xp"":""+5% (niv.7)"",""saison"":""+15%"",""offreDemande"":""N/A""},""_primeMultiplier"":1.454,""priceIsOverridden"":true,""priceOverridedAt"":""2026-04-21T15:49:26.246Z"",""calculatedPrice"":105,""proposalId"":""69e79c8a8a58ff192bd92239"",""proposalStatus"":""accepted"",""proposedBy"":""69b48a2b7d5c0db589c6bb1c"",""proposedAt"":""2026-04-21T15:49:26.246Z"",""talentCounterPrice"":null,""talentResponseNote"":null}}}","","","event","","2026-04-23T02:09:48.831Z","","[{""submittedBallot"":false,""roleSystemId"":""RL-000101"",""styleSystemIds"":[],""joinedAt"":""2026-04-21T15:45:27.898Z"",""styleSystemId"":null,""sotsSubmitted"":null,""userId"":""699c655e40e8dc98eacda675"",""isNoShow"":null,""status"":""confirmed""},{""submittedBallot"":false,""roleSystemId"":""RL-000101"",""styleSystemIds"":[],""joinedAt"":""2026-04-21T15:48:36.724Z"",""styleSystemId"":null,""sotsSubmitted"":null,""userId"":""69cd302266f2193a99122757"",""isNoShow"":null,""status"":""confirmed""},{""submittedBallot"":true,""roleSystemId"":""RL-ORGANIZER"",""styleSystemIds"":[],""joinedAt"":""2026-04-23T02:09:48.831Z"",""styleSystemId"":null,""sotsSubmitted"":true,""userId"":""69b48a2b7d5c0db589c6bb1c"",""isNoShow"":null,""status"":""confirmed""}]","69e79b7937a994e48dee53ca","6","","2","","","0","0","","","[{""roleSystemId"":""RL-000101"",""candidateUserId"":""699c655e40e8dc98eacda675"",""confirmedBy"":""69b48a2b7d5c0db589c6bb1c"",""candidateStyleSystemIds"":[],""slotId"":""SL-69e79b7bcd9a5de7b9764940-0"",""confirmedAt"":""2026-04-21T15:45:31.412Z"",""status"":""confirmed""}]","NC-0000000023","0","[""69b48a2b7d5c0db589c6bb1c""]","","0","","archived","69e79b7bcd9a5de7b9764940","2026-04-21T15:44:59.601000","2026-04-26T18:25:40.330000","service_eb508f39-ce3d-4391-bb12-d4211c02ede9","false"
"","698d204286a5af9808991620","{""lineupScenes"":[{""sceneId"":""sc-1"",""label"":""Scène principale"",""icon"":""🎛""},{""sceneId"":""sc-1776786047490"",""label"":""Micro"",""icon"":""🎤""}],""lineupSchedule"":[{""plageId"":""p-1"",""label"":""Warmup"",""timeStart"":""2026-04-29T19:00:00.000Z"",""timeEnd"":""2026-04-29T19:36:00.000Z""},{""plageId"":""p-2"",""label"":""Peak"",""timeStart"":""2026-04-29T19:36:00.000Z"",""timeEnd"":""2026-04-29T21:00:00.000Z""}],""lineupPlacements"":{""SL-69e79a853e46328ff535d4ef-0:699c655e40e8dc98eacda675:sc-1:p-1"":{""slotId"":""SL-69e79a853e46328ff535d4ef-0"",""userId"":""699c655e40e8dc98eacda675"",""sceneId"":""sc-1"",""plageId"":""p-1"",""roleSystemId"":""RL-000101"",""assignedPrice"":10,""assignedStyleSystemIds"":[],""isPlaced"":true,""_pricingMeta"":{""hourlyRate"":81.84,""workedMin"":36,""requiredMin"":120,""billableMin"":120,""allocationRatio"":0.3,""blockSize"":2},""_primeMeta"":{""sots"":""0%"",""xp"":""+2% (niv.4)"",""offreDemande"":""N/A""},""_primeMultiplier"":1.023,""priceIsOverridden"":true,""priceOverridedAt"":""2026-04-21T15:42:14.642Z"",""calculatedPrice"":49,""proposalId"":""69e79ad9041dcc915dcd42c3"",""proposalStatus"":""accepted"",""proposedBy"":""698d204286a5af9808991620"",""proposedAt"":""2026-04-21T15:42:14.642Z"",""talentCounterPrice"":null,""talentResponseNote"":null},""SL-69e79a853e46328ff535d4ef-0:699c655e40e8dc98eacda675:sc-1:p-2"":{""slotId"":""SL-69e79a853e46328ff535d4ef-0"",""userId"":""699c655e40e8dc98eacda675"",""sceneId"":""sc-1"",""plageId"":""p-2"",""roleSystemId"":""RL-000101"",""assignedPrice"":50,""assignedStyleSystemIds"":[],""isPlaced"":true,""_pricingMeta"":{""hourlyRate"":81.84,""workedMin"":84,""requiredMin"":120,""billableMin"":120,""allocationRatio"":0.7,""blockSize"":2},""_primeMeta"":{""sots"":""0%"",""xp"":""+2% (niv.4)"",""offreDemande"":""N/A""},""_primeMultiplier"":1.023,""priceIsOverridden"":true,""priceOverridedAt"":""2026-04-21T15:42:44.870Z"",""calculatedPrice"":115,""proposalId"":""69e79af75f926a1e24e39310"",""proposalStatus"":""accepted"",""proposedBy"":""698d204286a5af9808991620"",""proposedAt"":""2026-04-21T15:42:44.870Z"",""talentCounterPrice"":null,""talentResponseNote"":null}}}","","","event","","","","[{""submittedBallot"":false,""roleSystemId"":""RL-000101"",""styleSystemIds"":[],""joinedAt"":""2026-04-21T15:41:08.063Z"",""styleSystemId"":null,""sotsSubmitted"":null,""userId"":""699c655e40e8dc98eacda675"",""isNoShow"":null,""status"":""confirmed""}]","69e79a8347b3ed64ab6d829c","6","","2","","","","","","","[{""roleSystemId"":""RL-000101"",""candidateUserId"":""699c655e40e8dc98eacda675"",""confirmedBy"":""698d204286a5af9808991620"",""candidateStyleSystemIds"":[],""slotId"":""SL-69e79a853e46328ff535d4ef-0"",""confirmedAt"":""2026-04-21T15:41:16.943Z"",""status"":""confirmed""}]","NC-0000000023","","[]","","","","aborted","69e79a853e46328ff535d4ef","2026-04-21T15:40:53.250000","2026-04-28T21:49:46.854000","service_eb508f39-ce3d-4391-bb12-d4211c02ede9","false"
"2026-04-21T13:56:07.695Z","698d204286a5af9808991620","{""lineupScenes"":[{""sceneId"":""sc-1"",""label"":""Scène principale"",""icon"":""🎛""}],""lineupSchedule"":[{""plageId"":""p-1"",""label"":""Warmup"",""timeStart"":""2027-05-01T18:00:00.000Z"",""timeEnd"":""2027-05-01T18:54:00.000Z""},{""plageId"":""p-2"",""label"":""Peak"",""timeStart"":""2027-05-01T18:54:00.000Z"",""timeEnd"":""2027-05-01T21:00:00.000Z""}],""lineupPlacements"":{""SL-69e76ba137e50e926a8852e8-1:698dbd987dbcc355eec0ff7c:sc-1:p-2"":{""slotId"":""SL-69e76ba137e50e926a8852e8-1"",""userId"":""698dbd987dbcc355eec0ff7c"",""sceneId"":""sc-1"",""plageId"":""p-2"",""roleSystemId"":""RL-000101"",""assignedPrice"":100,""assignedStyleSystemIds"":[],""isPlaced"":true,""_pricingMeta"":{""hourlyRate"":95.2,""workedMin"":126,""requiredMin"":126,""billableMin"":126,""allocationRatio"":1,""blockSize"":1},""_primeMeta"":{""sots"":""+5%"",""jour"":""+10% (WE)"",""xp"":""+3% (niv.5)"",""offreDemande"":""N/A""},""_primeMultiplier"":1.19,""priceIsOverridden"":true,""priceOverridedAt"":""2026-04-21T12:22:05.785Z"",""calculatedPrice"":200,""proposalId"":""69e76bf17986e297d9841024"",""proposalStatus"":""accepted"",""proposedBy"":""698d204286a5af9808991620"",""proposedAt"":""2026-04-21T12:22:05.785Z"",""talentCounterPrice"":100,""talentResponseNote"":null}}}","","","event","","2026-04-21T12:26:50.380Z","","[{""submittedBallot"":false,""roleSystemId"":""RL-000101"",""styleSystemIds"":[],""joinedAt"":""2026-04-21T12:21:51.266Z"",""styleSystemId"":null,""sotsSubmitted"":null,""userId"":""698dbd987dbcc355eec0ff7c"",""isNoShow"":null,""status"":""confirmed""},{""submittedBallot"":false,""roleSystemId"":""RL-ORGANIZER"",""styleSystemIds"":[],""joinedAt"":""2026-04-21T12:26:50.380Z"",""styleSystemId"":null,""sotsSubmitted"":false,""userId"":""698d204286a5af9808991620"",""isNoShow"":null,""status"":""confirmed""}]","69e76b9ff5bd785d483c6526","6","","2","","","","","","","[{""roleSystemId"":""RL-001002"",""candidateUserId"":null,""confirmedBy"":null,""candidateStyleSystemIds"":[],""slotId"":""SL-69e76ba137e50e926a8852e8-0"",""confirmedAt"":null,""status"":""open""},{""roleSystemId"":""RL-000101"",""candidateUserId"":""698dbd987dbcc355eec0ff7c"",""confirmedBy"":""698d204286a5af9808991620"",""candidateStyleSystemIds"":[],""slotId"":""SL-69e76ba137e50e926a8852e8-1"",""confirmedAt"":""2026-04-21T12:21:55.913Z"",""status"":""confirmed""}]","NC-0000000023","","[]","","","","archived","69e76ba137e50e926a8852e8","2026-04-21T12:20:49.569000","2026-04-24T18:25:40.384000","service_eb508f39-ce3d-4391-bb12-d4211c02ede9","false"
"2026-04-21T13:08:15.664Z","698dc6f781b400b640a229f6","{""lineupScenes"":[{""sceneId"":""sc-1"",""label"":""Scène principale"",""icon"":""🎛""}],""lineupSchedule"":[{""plageId"":""p-1"",""label"":""Warmup"",""timeStart"":""2026-06-08T15:00:00.000Z"",""timeEnd"":""2026-06-08T16:30:00.000Z""},{""plageId"":""p-2"",""label"":""Peak"",""timeStart"":""2026-06-08T16:30:00.000Z"",""timeEnd"":""2026-06-08T18:45:00.000Z""},{""plageId"":""p-3"",""label"":""Closer"",""timeStart"":""2026-06-08T18:45:00.000Z"",""timeEnd"":""2026-06-08T20:00:00.000Z""}],""lineupPlacements"":{""SL-69e7695dd83869c146d838da-0:698c747aee05acfdd23ea578:sc-1:p-2"":{""slotId"":""SL-69e7695dd83869c146d838da-0"",""userId"":""698c747aee05acfdd23ea578"",""sceneId"":""sc-1"",""plageId"":""p-2"",""roleSystemId"":""RL-001001"",""assignedPrice"":300,""assignedStyleSystemIds"":[],""isPlaced"":true,""_pricingMeta"":{""hourlyRate"":173.63,""workedMin"":135,""requiredMin"":135,""billableMin"":135,""allocationRatio"":1,""blockSize"":1},""_primeMeta"":{""sots"":""+5%"",""xp"":""+15% (niv.21)"",""saison"":""+15%"",""offreDemande"":""N/A""},""_primeMultiplier"":1.389,""priceIsOverridden"":true,""priceOverridedAt"":""2026-04-21T12:12:07.308Z"",""calculatedPrice"":391,""proposalId"":""69e7699c0c3ab20e89c99548"",""proposalStatus"":""accepted"",""proposedBy"":""698dc6f781b400b640a229f6"",""proposedAt"":""2026-04-21T12:12:07.308Z"",""talentCounterPrice"":300,""talentResponseNote"":null}}}","","","event","","2026-04-21T12:19:24.116Z","","[{""submittedBallot"":false,""roleSystemId"":""RL-001001"",""styleSystemIds"":[],""joinedAt"":""2026-04-21T12:11:35.182Z"",""styleSystemId"":null,""sotsSubmitted"":null,""userId"":""698c747aee05acfdd23ea578"",""isNoShow"":null,""status"":""confirmed""},{""submittedBallot"":true,""roleSystemId"":""RL-ORGANIZER"",""styleSystemIds"":[],""joinedAt"":""2026-04-21T12:19:24.116Z"",""styleSystemId"":null,""sotsSubmitted"":true,""userId"":""698dc6f781b400b640a229f6"",""isNoShow"":null,""status"":""confirmed""}]","69e7695b2859dda1a128a083","6","","2","","","","","","","[{""roleSystemId"":""RL-001001"",""candidateUserId"":""698c747aee05acfdd23ea578"",""confirmedBy"":""698dc6f781b400b640a229f6"",""candidateStyleSystemIds"":[],""slotId"":""SL-69e7695dd83869c146d838da-0"",""confirmedAt"":""2026-04-21T12:11:45.059Z"",""status"":""confirmed""},{""roleSystemId"":""RL-000101"",""candidateUserId"":null,""confirmedBy"":null,""candidateStyleSystemIds"":[],""slotId"":""SL-69e7695dd83869c146d838da-1"",""confirmedAt"":null,""status"":""open""}]","NC-0000000023","","[""698dc6f781b400b640a229f6""]","","","","archived","69e7695dd83869c146d838da","2026-04-21T12:11:09.050000","2026-04-24T18:25:40.399000","service_eb508f39-ce3d-4391-bb12-d4211c02ede9","false"
"2026-04-20T12:23:56.646Z","699c655e40e8dc98eacda675","","2026-04-20T12:23:51.092Z","2026-04-20T12:23:51.092Z","quickplay","699c655e40e8dc98eacda675","2026-04-20T12:23:51.092Z","2026-04-20T12:23:51.092Z","[{""submittedBallot"":true,""roleSystemId"":""RL-000008"",""styleSystemIds"":[""ST-000100""],""joinedAt"":""2026-04-20T12:21:31.835Z"",""styleSystemId"":""ST-000100"",""sotsSubmitted"":true,""userId"":""699c655e40e8dc98eacda675"",""isNoShow"":null,""status"":""ready""},{""submittedBallot"":true,""roleSystemId"":""RL-000008"",""styleSystemIds"":[""ST-000165"",""ST-000088"",""ST-000074""],""joinedAt"":""2026-04-20T12:21:31.835Z"",""styleSystemId"":""ST-000165"",""sotsSubmitted"":true,""userId"":""698d204286a5af9808991620"",""isNoShow"":null,""status"":""ready""},{""submittedBallot"":true,""roleSystemId"":""RL-000025"",""styleSystemIds"":[""ST-000032"",""ST-000009"",""ST-000013"",""ST-000007"",""ST-000219"",""ST-000155""],""joinedAt"":""2026-04-20T12:21:36.441Z"",""styleSystemId"":""ST-000032"",""sotsSubmitted"":true,""userId"":""698dbbf753d545317578c200"",""isNoShow"":null,""status"":""ready""}]","","6","","2","","2026-04-20T12:23:51.092Z","","","","2026-04-20T12:21:31.835Z","[]","NC-0000000104","","[""698d204286a5af9808991620"",""698dbbf753d545317578c200"",""699c655e40e8dc98eacda675""]","699c655e40e8dc98eacda675","","699c655e40e8dc98eacda675","sots_submitted","69e61a4de70f3398c1b5fa17","2026-04-20T12:21:33.299000","2026-04-21T13:07:49.088000","service_eb508f39-ce3d-4391-bb12-d4211c02ede9","false"
"2026-04-20T13:00:29.713Z","699c655e40e8dc98eacda675","","","","quickplay","698d204286a5af9808991620","","","[{""submittedBallot"":false,""roleSystemId"":""RL-000008"",""styleSystemIds"":[""ST-000165"",""ST-000088"",""ST-000074""],""joinedAt"":""2026-04-20T12:21:31.833Z"",""styleSystemId"":""ST-000165"",""sotsSubmitted"":null,""userId"":""698d204286a5af9808991620"",""isNoShow"":null,""status"":""ready""}]","","6","","2","","","","","","2026-04-20T12:21:31.833Z","[]","","","[]","","","","archived","69e61a4ddaa5bd4432ab510a","2026-04-20T12:21:33.244000","2026-04-24T18:25:40.408000","service_eb508f39-ce3d-4391-bb12-d4211c02ede9","false"
"2026-04-20T12:17:44.534Z","698dbbf753d545317578c200","","2026-04-20T12:16:54.837Z","2026-04-20T12:16:54.837Z","quickplay","698dbbf753d545317578c200","2026-04-20T12:16:54.837Z","2026-04-20T12:16:54.837Z","[{""submittedBallot"":true,""roleSystemId"":""RL-000025"",""styleSystemIds"":[""ST-000032"",""ST-000009"",""ST-000013"",""ST-000007"",""ST-000219"",""ST-000155""],""joinedAt"":""2026-04-20T12:13:51.897Z"",""styleSystemId"":""ST-000032"",""sotsSubmitted"":true,""userId"":""698dbbf753d545317578c200"",""isNoShow"":null,""status"":""ready""},{""submittedBallot"":true,""roleSystemId"":""RL-000008"",""styleSystemIds"":[""ST-000085""],""joinedAt"":""2026-04-20T12:13:51.897Z"",""styleSystemId"":""ST-000085"",""sotsSubmitted"":true,""userId"":""699c655e40e8dc98eacda675"",""isNoShow"":null,""status"":""ready""}]","","6","","2","","2026-04-20T12:16:54.837Z","","","","2026-04-20T12:13:51.897Z","[]","NC-0000000169","","[""698dbbf753d545317578c200"",""699c655e40e8dc98eacda675""]","698dbbf753d545317578c200","","698dbbf753d545317578c200","sots_submitted","69e61881e7f9803a776289ed","2026-04-20T12:13:53.706000","2026-04-20T12:18:02.437000","service_eb508f39-ce3d-4391-bb12-d4211c02ede9","false"
"2026-04-20T12:18:50.463Z","698dbbf753d545317578c200","","2026-04-20T12:18:44.861Z","2026-04-20T12:18:44.861Z","quickplay","698dbbf753d545317578c200","2026-04-20T12:18:44.861Z","2026-04-20T12:18:44.861Z","[{""submittedBallot"":true,""roleSystemId"":""RL-000025"",""styleSystemIds"":[""ST-000032"",""ST-000009"",""ST-000013"",""ST-000007"",""ST-000219"",""ST-000155""],""joinedAt"":""2026-04-20T12:13:51.769Z"",""styleSystemId"":""ST-000032"",""sotsSubmitted"":true,""userId"":""698dbbf753d545317578c200"",""isNoShow"":null,""status"":""ready""},{""submittedBallot"":true,""roleSystemId"":""RL-000008"",""styleSystemIds"":[""ST-000009"",""ST-000080"",""ST-000085""],""joinedAt"":""2026-04-20T12:13:51.769Z"",""styleSystemId"":""ST-000009"",""sotsSubmitted"":true,""userId"":""699c655e40e8dc98eacda675"",""isNoShow"":null,""status"":""ready""}]","","6","","2","","2026-04-20T12:18:44.861Z","","","","2026-04-20T12:13:51.769Z","[]","NC-0000000104","","[""698dbbf753d545317578c200"",""699c655e40e8dc98eacda675""]","698dbbf753d545317578c200","","698dbbf753d545317578c200","sots_submitted","69e618819c66e868340431aa","2026-04-20T12:13:53.141000","2026-04-20T12:19:36.257000","service_eb508f39-ce3d-4391-bb12-d4211c02ede9","false"
"","698dbbf753d545317578c200","{""lineupScenes"":[{""sceneId"":""sc-1"",""label"":""Scène principale"",""icon"":""🎛""}],""lineupSchedule"":[{""plageId"":""p-1"",""label"":""Warmup"",""timeStart"":""2026-07-01T12:00:00.000Z"",""timeEnd"":""2026-07-01T13:48:00.000Z""},{""plageId"":""p-2"",""label"":""Peak"",""timeStart"":""2026-07-01T13:48:00.000Z"",""timeEnd"":""2026-07-01T18:00:00.000Z""}],""lineupPlacements"":{""SL-69e61697b68a257a1b32f1e6-0:699c655e40e8dc98eacda675:sc-1:p-1"":{""slotId"":""SL-69e61697b68a257a1b32f1e6-0"",""userId"":""699c655e40e8dc98eacda675"",""sceneId"":""sc-1"",""plageId"":""p-1"",""roleSystemId"":""RL-000008"",""assignedPrice"":100,""assignedStyleSystemIds"":[],""isPlaced"":true,""_pricingMeta"":{""hourlyRate"":112.08,""workedMin"":108,""requiredMin"":360,""billableMin"":360,""allocationRatio"":0.3,""blockSize"":2},""_primeMeta"":{""sots"":""0%"",""jour"":""+20% (férié)"",""xp"":""+2% (niv.3)"",""saison"":""+15%"",""offreDemande"":""N/A""},""_primeMultiplier"":1.401,""priceIsOverridden"":true,""priceOverridedAt"":""2026-04-20T12:06:56.555Z"",""calculatedPrice"":202,""proposalId"":""69e616e399f374d2b9b96349"",""proposalStatus"":""accepted"",""proposedBy"":""698dbbf753d545317578c200"",""proposedAt"":""2026-04-20T12:06:56.555Z"",""talentCounterPrice"":null,""talentResponseNote"":null},""SL-69e61697b68a257a1b32f1e6-0:699c655e40e8dc98eacda675:sc-1:p-2"":{""slotId"":""SL-69e61697b68a257a1b32f1e6-0"",""userId"":""699c655e40e8dc98eacda675"",""sceneId"":""sc-1"",""plageId"":""p-2"",""roleSystemId"":""RL-000008"",""assignedPrice"":100,""assignedStyleSystemIds"":[],""isPlaced"":true,""_pricingMeta"":{""hourlyRate"":112.08,""workedMin"":252,""requiredMin"":360,""billableMin"":360,""allocationRatio"":0.7,""blockSize"":2},""_primeMeta"":{""sots"":""0%"",""jour"":""+20% (férié)"",""xp"":""+2% (niv.3)"",""saison"":""+15%"",""offreDemande"":""N/A""},""_primeMultiplier"":1.401,""priceIsOverridden"":true,""priceOverridedAt"":""2026-04-20T12:11:25.002Z"",""calculatedPrice"":471,""proposalId"":""69e617efcf24db7c3672a3d7"",""proposalStatus"":""accepted"",""proposedBy"":""698dbbf753d545317578c200"",""proposedAt"":""2026-04-20T12:11:25.002Z"",""talentCounterPrice"":null,""talentResponseNote"":null}}}","","","event","","","","[{""submittedBallot"":false,""roleSystemId"":""RL-000008"",""styleSystemIds"":[""ST-000080""],""joinedAt"":""2026-04-20T12:06:36.205Z"",""styleSystemId"":null,""sotsSubmitted"":null,""userId"":""699c655e40e8dc98eacda675"",""isNoShow"":null,""status"":""confirmed""}]","69e616952d5eed0a98638ef6","6","","2","","","","","","","[{""roleSystemId"":""RL-000008"",""candidateUserId"":""699c655e40e8dc98eacda675"",""confirmedBy"":""698dbbf753d545317578c200"",""candidateStyleSystemIds"":[""ST-000080""],""slotId"":""SL-69e61697b68a257a1b32f1e6-0"",""confirmedAt"":""2026-04-20T12:06:42.494Z"",""status"":""confirmed""}]","NC-0000000057","","[]","","","","aborted","69e61697b68a257a1b32f1e6","2026-04-20T12:05:43.187000","2026-04-28T21:50:38.945000","service_eb508f39-ce3d-4391-bb12-d4211c02ede9","false"
"2026-04-20T11:55:17.736Z","69b48a2b7d5c0db589c6bb1c","{""lineupScenes"":[{""sceneId"":""sc-1"",""label"":""Scène principale"",""icon"":""🎛""}],""lineupSchedule"":[{""plageId"":""p-1"",""label"":""Cocktail"",""timeStart"":""2026-05-01T18:00:00.000Z"",""timeEnd"":""2026-05-01T18:45:00.000Z""},{""plageId"":""p-2"",""label"":""Souper"",""timeStart"":""2026-05-01T18:45:00.000Z"",""timeEnd"":""2026-05-01T19:48:00.000Z""},{""plageId"":""p-3"",""label"":""Party"",""timeStart"":""2026-05-01T19:48:00.000Z"",""timeEnd"":""2026-05-01T21:00:00.000Z""}],""lineupPlacements"":{""SL-69e60a1e5f4569d7af92673c-0:698dbbf753d545317578c200:sc-1:p-2"":{""slotId"":""SL-69e60a1e5f4569d7af92673c-0"",""userId"":""698dbbf753d545317578c200"",""sceneId"":""sc-1"",""plageId"":""p-2"",""roleSystemId"":""RL-000025"",""assignedPrice"":0,""assignedStyleSystemIds"":[],""isPlaced"":true,""_pricingMeta"":{""hourlyRate"":152,""workedMin"":63,""requiredMin"":63,""billableMin"":63,""allocationRatio"":1,""blockSize"":1},""_primeMeta"":{""sots"":""+10%"",""xp"":""+11% (niv.15)"",""offreDemande"":""N/A""},""_primeMultiplier"":1.216,""priceIsOverridden"":true,""priceOverridedAt"":""2026-04-20T11:14:03.754Z"",""calculatedPrice"":160,""proposalId"":""69e60a7e44a6965c334d9037"",""proposalStatus"":""accepted"",""proposedBy"":""69b48a2b7d5c0db589c6bb1c"",""proposedAt"":""2026-04-20T11:14:03.754Z"",""talentCounterPrice"":0,""talentResponseNote"":null},""SL-69e60a1e5f4569d7af92673c-0:69cd302266f2193a99122757:sc-1:p-3"":{""slotId"":""SL-69e60a1e5f4569d7af92673c-0"",""userId"":""69cd302266f2193a99122757"",""sceneId"":""sc-1"",""plageId"":""p-3"",""roleSystemId"":""RL-000025"",""assignedPrice"":50,""assignedStyleSystemIds"":[],""isPlaced"":true,""_pricingMeta"":{""hourlyRate"":91.28,""workedMin"":72,""requiredMin"":72,""billableMin"":72,""allocationRatio"":1,""blockSize"":1},""_primeMeta"":{""sots"":""+10%"",""xp"":""+4% (niv.6)"",""offreDemande"":""N/A""},""_primeMultiplier"":1.141,""priceIsOverridden"":true,""priceOverridedAt"":""2026-04-20T11:14:16.424Z"",""calculatedPrice"":110,""proposalId"":""69e60a8adc600a6ed697e20f"",""proposalStatus"":""accepted"",""proposedBy"":""69b48a2b7d5c0db589c6bb1c"",""proposedAt"":""2026-04-20T11:14:16.424Z"",""talentCounterPrice"":50,""talentResponseNote"":null}}}","","","event","","2026-04-20T11:19:13.021Z","","[{""submittedBallot"":true,""roleSystemId"":""RL-000025"",""styleSystemIds"":[],""joinedAt"":""2026-04-20T11:13:27.831Z"",""styleSystemId"":null,""sotsSubmitted"":true,""userId"":""698dbbf753d545317578c200"",""isNoShow"":null,""status"":""confirmed""},{""submittedBallot"":false,""roleSystemId"":""RL-000025"",""styleSystemIds"":[],""joinedAt"":""2026-04-20T11:13:50.529Z"",""styleSystemId"":null,""sotsSubmitted"":null,""userId"":""69cd302266f2193a99122757"",""isNoShow"":null,""status"":""confirmed""},{""submittedBallot"":true,""roleSystemId"":""RL-ORGANIZER"",""styleSystemIds"":[],""joinedAt"":""2026-04-20T11:19:13.021Z"",""styleSystemId"":null,""sotsSubmitted"":true,""userId"":""69b48a2b7d5c0db589c6bb1c"",""isNoShow"":null,""status"":""confirmed""}]","69e60a1a009afd50a6bb2800","6","","2","","","","","","","[{""roleSystemId"":""RL-000025"",""candidateUserId"":""698dbbf753d545317578c200"",""confirmedBy"":""69b48a2b7d5c0db589c6bb1c"",""candidateStyleSystemIds"":[],""slotId"":""SL-69e60a1e5f4569d7af92673c-0"",""confirmedAt"":""2026-04-20T11:13:40.720Z"",""status"":""confirmed""}]","NC-0000000310","","[""69b48a2b7d5c0db589c6bb1c"",""698dbbf753d545317578c200""]","","","","archived","69e60a1e5f4569d7af92673c","2026-04-20T11:12:30.216000","2026-04-24T18:25:40.402000","service_eb508f39-ce3d-4391-bb12-d4211c02ede9","false"
"2026-04-20T11:53:47.568Z","698c747aee05acfdd23ea578","{""lineupScenes"":[{""sceneId"":""sc-1"",""label"":""Scène principale"",""icon"":""🎛""},{""sceneId"":""sc-1776682958862"",""label"":""Micro"",""icon"":""🎤""}],""lineupSchedule"":[{""plageId"":""p-1"",""label"":""Warmup"",""timeStart"":""2026-06-01T16:00:00.000Z"",""timeEnd"":""2026-06-01T17:48:00.000Z""},{""plageId"":""p-2"",""label"":""Peak"",""timeStart"":""2026-06-01T17:48:00.000Z"",""timeEnd"":""2026-06-01T20:30:00.000Z""},{""plageId"":""p-3"",""label"":""Closer"",""timeStart"":""2026-06-01T20:30:00.000Z"",""timeEnd"":""2026-06-01T22:00:00.000Z""}],""lineupPlacements"":{""SL-69e607e033eb747a44dfabc3-0:698d204286a5af9808991620:sc-1:p-1"":{""slotId"":""SL-69e607e033eb747a44dfabc3-0"",""userId"":""698d204286a5af9808991620"",""sceneId"":""sc-1"",""plageId"":""p-1"",""roleSystemId"":""RL-000008"",""assignedPrice"":150,""assignedStyleSystemIds"":[],""isPlaced"":true,""_pricingMeta"":{""hourlyRate"":138.9,""workedMin"":108,""requiredMin"":108,""billableMin"":108,""allocationRatio"":1,""blockSize"":1},""_primeMeta"":{""sots"":""+5%"",""xp"":""+15% (niv.21)"",""saison"":""+15%"",""offreDemande"":""N/A""},""_primeMultiplier"":1.389,""priceIsOverridden"":true,""priceOverridedAt"":""2026-04-20T11:04:49.550Z"",""calculatedPrice"":250,""proposalId"":""69e60854c6b7ebddc40bb5e8"",""proposalStatus"":""accepted"",""proposedBy"":""698c747aee05acfdd23ea578"",""proposedAt"":""2026-04-20T11:04:49.550Z"",""talentCounterPrice"":150,""talentResponseNote"":null},""SL-69e607e033eb747a44dfabc3-0:698dd1b2193c860027a3457a:sc-1:p-3"":{""slotId"":""SL-69e607e033eb747a44dfabc3-0"",""userId"":""698dd1b2193c860027a3457a"",""sceneId"":""sc-1"",""plageId"":""p-3"",""roleSystemId"":""RL-000008"",""assignedPrice"":200,""assignedStyleSystemIds"":[],""isPlaced"":true,""_pricingMeta"":{""hourlyRate"":275.8,""workedMin"":90,""requiredMin"":90,""billableMin"":90,""allocationRatio"":1,""blockSize"":1},""_primeMeta"":{""sots"":""+10%"",""xp"":""+9% (niv.13)"",""saison"":""+15%"",""offreDemande"":""N/A""},""_primeMultiplier"":1.379,""priceIsOverridden"":true,""priceOverridedAt"":""2026-04-20T11:05:12.974Z"",""calculatedPrice"":414,""proposalId"":""69e6086bf8250972df14c032"",""proposalStatus"":""accepted"",""proposedBy"":""698c747aee05acfdd23ea578"",""proposedAt"":""2026-04-20T11:05:12.974Z"",""talentCounterPrice"":null,""talentResponseNote"":null},""SL-69e607e033eb747a44dfabc3-0:698dbd987dbcc355eec0ff7c:sc-1776682958862:p-2"":{""slotId"":""SL-69e607e033eb747a44dfabc3-0"",""userId"":""698dbd987dbcc355eec0ff7c"",""sceneId"":""sc-1776682958862"",""plageId"":""p-2"",""roleSystemId"":""RL-000008"",""assignedPrice"":220,""assignedStyleSystemIds"":[],""isPlaced"":true,""_pricingMeta"":{""hourlyRate"":97.73,""workedMin"":162,""requiredMin"":162,""billableMin"":162,""allocationRatio"":1,""blockSize"":1},""_primeMeta"":{""sots"":""+10%"",""xp"":""+3% (niv.5)"",""saison"":""+15%"",""offreDemande"":""N/A""},""_primeMultiplier"":1.303,""priceIsOverridden"":true,""priceOverridedAt"":""2026-04-20T11:05:24.294Z"",""calculatedPrice"":264,""proposalId"":""69e608765f882434e14e5bd0"",""proposalStatus"":""accepted"",""proposedBy"":""698c747aee05acfdd23ea578"",""proposedAt"":""2026-04-20T11:05:24.294Z"",""talentCounterPrice"":220,""talentResponseNote"":null},""SL-69e607e033eb747a44dfabc3-0:698dc6f781b400b640a229f6:sc-1776682958862:p-3"":{""slotId"":""SL-69e607e033eb747a44dfabc3-0"",""userId"":""698dc6f781b400b640a229f6"",""sceneId"":""sc-1776682958862"",""plageId"":""p-3"",""roleSystemId"":""RL-000008"",""assignedPrice"":130,""assignedStyleSystemIds"":[],""isPlaced"":true,""_pricingMeta"":{""hourlyRate"":119.3,""workedMin"":90,""requiredMin"":90,""billableMin"":90,""allocationRatio"":1,""blockSize"":1},""_primeMeta"":{""sots"":""0%"",""xp"":""+4% (niv.6)"",""saison"":""+15%"",""offreDemande"":""N/A""},""_primeMultiplier"":1.193,""priceIsOverridden"":true,""priceOverridedAt"":""2026-04-20T11:05:33.973Z"",""calculatedPrice"":179,""proposalId"":""69e608801efa4c3710d57595"",""proposalStatus"":""accepted"",""proposedBy"":""698c747aee05acfdd23ea578"",""proposedAt"":""2026-04-20T11:05:33.973Z"",""talentCounterPrice"":130,""talentResponseNote"":null}}}","","","event","","2026-04-20T11:19:22.342Z","","[{""submittedBallot"":true,""roleSystemId"":""RL-000008"",""styleSystemIds"":[],""joinedAt"":""2026-04-20T11:03:19.351Z"",""styleSystemId"":null,""sotsSubmitted"":true,""userId"":""698d204286a5af9808991620"",""isNoShow"":null,""status"":""confirmed""},{""submittedBallot"":true,""roleSystemId"":""RL-000008"",""styleSystemIds"":[""ST-000077"",""ST-000103""],""joinedAt"":""2026-04-20T11:04:14.333Z"",""styleSystemId"":null,""sotsSubmitted"":true,""userId"":""698dd1b2193c860027a3457a"",""isNoShow"":null,""status"":""confirmed""},{""submittedBallot"":true,""roleSystemId"":""RL-000008"",""styleSystemIds"":[],""joinedAt"":""2026-04-20T11:04:22.904Z"",""styleSystemId"":null,""sotsSubmitted"":true,""userId"":""698dbd987dbcc355eec0ff7c"",""isNoShow"":null,""status"":""confirmed""},{""submittedBallot"":true,""roleSystemId"":""RL-000008"",""styleSystemIds"":[""ST-000012"",""ST-000042"",""ST-000008""],""joinedAt"":""2026-04-20T11:04:36.663Z"",""styleSystemId"":null,""sotsSubmitted"":true,""userId"":""698dc6f781b400b640a229f6"",""isNoShow"":null,""status"":""confirmed""},{""submittedBallot"":true,""roleSystemId"":""RL-ORGANIZER"",""styleSystemIds"":[""ST-000077"",""ST-000103"",""ST-000012"",""ST-000042"",""ST-000008""],""joinedAt"":""2026-04-20T11:19:22.342Z"",""styleSystemId"":null,""sotsSubmitted"":true,""userId"":""698c747aee05acfdd23ea578"",""isNoShow"":null,""status"":""confirmed""}]","69e607df1a35938e445b9b2c","6","","2","","","","","","","[{""roleSystemId"":""RL-000008"",""candidateUserId"":""698d204286a5af9808991620"",""confirmedBy"":""698c747aee05acfdd23ea578"",""candidateStyleSystemIds"":[],""slotId"":""SL-69e607e033eb747a44dfabc3-0"",""confirmedAt"":""2026-04-20T11:03:34.950Z"",""status"":""confirmed""}]","NC-0000000117","","[""698c747aee05acfdd23ea578"",""698d204286a5af9808991620"",""698dd1b2193c860027a3457a"",""698dbd987dbcc355eec0ff7c"",""698dc6f781b400b640a229f6""]","","","","sots_submitted","69e607e033eb747a44dfabc3","2026-04-20T11:02:56.951000","2026-04-20T11:55:04.043000","service_eb508f39-ce3d-4391-bb12-d4211c02ede9","false"
"2026-04-20T03:25:35.254Z","69b48a2b7d5c0db589c6bb1c","","2026-04-20T03:25:28.402Z","2026-04-20T03:25:28.402Z","quickplay","69b48a2b7d5c0db589c6bb1c","2026-04-20T03:25:28.402Z","2026-04-20T03:25:28.402Z","[{""submittedBallot"":true,""roleSystemId"":""RL-000008"",""styleSystemIds"":[""ST-000075"",""ST-000192""],""joinedAt"":""2026-04-20T03:24:23.758Z"",""styleSystemId"":""ST-000075"",""sotsSubmitted"":true,""userId"":""69b48a2b7d5c0db589c6bb1c"",""isNoShow"":null,""status"":""ready""},{""submittedBallot"":true,""roleSystemId"":""RL-000008"",""styleSystemIds"":[""ST-000239""],""joinedAt"":""2026-04-20T03:24:23.758Z"",""styleSystemId"":""ST-000239"",""sotsSubmitted"":true,""userId"":""69cd302266f2193a99122757"",""isNoShow"":null,""status"":""ready""},{""submittedBallot"":true,""roleSystemId"":""RL-000025"",""styleSystemIds"":[""ST-000032"",""ST-000009"",""ST-000013"",""ST-000007"",""ST-000219"",""ST-000155""],""joinedAt"":""2026-04-20T03:25:12.787Z"",""styleSystemId"":""ST-000032"",""sotsSubmitted"":true,""userId"":""698dbbf753d545317578c200"",""isNoShow"":null,""status"":""ready""}]","","6","","2","","2026-04-20T03:25:28.402Z","","","","2026-04-20T03:24:23.758Z","[]","NC-0000000014","","[""698dbbf753d545317578c200"",""69b48a2b7d5c0db589c6bb1c"",""69cd302266f2193a99122757""]","69b48a2b7d5c0db589c6bb1c","","69b48a2b7d5c0db589c6bb1c","sots_submitted","69e59c6999895a6a9ae411ee","2026-04-20T03:24:25.358000","2026-04-20T03:26:22.206000","service_eb508f39-ce3d-4391-bb12-d4211c02ede9","false"
"2026-04-20T03:22:31.792Z","69b48a2b7d5c0db589c6bb1c","","2026-04-20T03:22:23.304Z","2026-04-20T03:22:23.304Z","quickplay","69b48a2b7d5c0db589c6bb1c","2026-04-20T03:22:23.304Z","2026-04-20T03:22:23.304Z","[{""submittedBallot"":true,""roleSystemId"":""RL-000008"",""styleSystemIds"":[""ST-000075"",""ST-000192""],""joinedAt"":""2026-04-20T03:22:04.045Z"",""styleSystemId"":""ST-000075"",""sotsSubmitted"":true,""userId"":""69b48a2b7d5c0db589c6bb1c"",""isNoShow"":null,""status"":""ready""},{""submittedBallot"":true,""roleSystemId"":""RL-000008"",""styleSystemIds"":[""ST-000239""],""joinedAt"":""2026-04-20T03:22:04.045Z"",""styleSystemId"":""ST-000239"",""sotsSubmitted"":true,""userId"":""69cd302266f2193a99122757"",""isNoShow"":null,""status"":""ready""}]","","6","","2","","2026-04-20T03:22:23.304Z","","","","2026-04-20T03:22:04.045Z","[]","NC-0000000124","","[""69cd302266f2193a99122757"",""69b48a2b7d5c0db589c6bb1c""]","69b48a2b7d5c0db589c6bb1c","","69b48a2b7d5c0db589c6bb1c","sots_submitted","69e59bdd25a52c137ae9b09a","2026-04-20T03:22:05.580000","2026-04-20T03:22:53.779000","service_eb508f39-ce3d-4391-bb12-d4211c02ede9","false"
"2026-04-20T04:02:44.397Z","698d204286a5af9808991620","{""lineupScenes"":[{""sceneId"":""sc-1"",""label"":""Scène principale"",""icon"":""🎛""}],""lineupSchedule"":[{""plageId"":""p-1"",""label"":""Warmup"",""timeStart"":""2026-08-01T18:00:00.000Z"",""timeEnd"":""2026-08-01T18:54:00.000Z""},{""plageId"":""p-2"",""label"":""Peak"",""timeStart"":""2026-08-01T18:54:00.000Z"",""timeEnd"":""2026-08-01T21:00:00.000Z""}],""lineupPlacements"":{""SL-69e5948e860ff3f483f9b667-0:699c655e40e8dc98eacda675:sc-1:p-1"":{""slotId"":""SL-69e5948e860ff3f483f9b667-0"",""userId"":""699c655e40e8dc98eacda675"",""sceneId"":""sc-1"",""plageId"":""p-1"",""roleSystemId"":""RL-000008"",""assignedPrice"":100,""assignedStyleSystemIds"":[],""isPlaced"":true,""_pricingMeta"":{""hourlyRate"":102.72,""workedMin"":54,""requiredMin"":54,""billableMin"":54,""allocationRatio"":1,""blockSize"":1},""_primeMeta"":{""sots"":""0%"",""jour"":""+10% (WE)"",""xp"":""+2% (niv.3)"",""saison"":""+15%"",""offreDemande"":""N/A""},""_primeMultiplier"":1.284,""priceIsOverridden"":true,""priceOverridedAt"":""2026-04-20T02:59:02.729Z"",""calculatedPrice"":92,""proposalId"":""69e59679e8389bc52be7ee1f"",""proposalStatus"":""accepted"",""proposedBy"":""698d204286a5af9808991620"",""proposedAt"":""2026-04-20T02:59:02.729Z"",""talentCounterPrice"":65,""talentResponseNote"":null},""SL-69e5948e860ff3f483f9b667-0:69cd302266f2193a99122757:sc-1:p-2"":{""slotId"":""SL-69e5948e860ff3f483f9b667-0"",""userId"":""69cd302266f2193a99122757"",""sceneId"":""sc-1"",""plageId"":""p-2"",""roleSystemId"":""RL-000008"",""assignedPrice"":100,""assignedStyleSystemIds"":[],""isPlaced"":true,""_pricingMeta"":{""hourlyRate"":110.24,""workedMin"":126,""requiredMin"":126,""billableMin"":126,""allocationRatio"":1,""blockSize"":1},""_primeMeta"":{""sots"":""+5%"",""jour"":""+10% (WE)"",""xp"":""+4% (niv.6)"",""saison"":""+15%"",""offreDemande"":""N/A""},""_primeMultiplier"":1.378,""priceIsOverridden"":true,""priceOverridedAt"":""2026-04-20T03:18:23.794Z"",""calculatedPrice"":232,""proposalId"":""69e59b03c757650eb0011f9f"",""proposalStatus"":""accepted"",""proposedBy"":""698d204286a5af9808991620"",""proposedAt"":""2026-04-20T03:18:23.794Z"",""talentCounterPrice"":null,""talentResponseNote"":null},""SL-69e5948e860ff3f483f9b667-0:69b48a2b7d5c0db589c6bb1c:sc-1:p-2"":{""slotId"":""SL-69e5948e860ff3f483f9b667-0"",""userId"":""69b48a2b7d5c0db589c6bb1c"",""sceneId"":""sc-1"",""plageId"":""p-2"",""roleSystemId"":""RL-000008"",""assignedPrice"":500,""assignedStyleSystemIds"":[],""isPlaced"":true,""_pricingMeta"":{""hourlyRate"":307.6,""workedMin"":126,""requiredMin"":126,""billableMin"":126,""allocationRatio"":1,""blockSize"":1},""_primeMeta"":{""sots"":""+10%"",""jour"":""+10% (WE)"",""xp"":""+11% (niv.15)"",""saison"":""+15%"",""offreDemande"":""N/A""},""_primeMultiplier"":1.538,""priceIsOverridden"":true,""priceOverridedAt"":""2026-04-20T03:26:58.755Z"",""calculatedPrice"":646,""proposalId"":""69e59d05d88264415d2dd0ad"",""proposalStatus"":""accepted"",""proposedBy"":""698d204286a5af9808991620"",""proposedAt"":""2026-04-20T03:26:58.755Z"",""talentCounterPrice"":500,""talentResponseNote"":null}}}","","","event","","2026-04-20T03:35:38.207Z","","[{""submittedBallot"":true,""roleSystemId"":""RL-000008"",""styleSystemIds"":[""ST-000239""],""joinedAt"":""2026-04-20T02:51:11.983Z"",""styleSystemId"":null,""sotsSubmitted"":true,""userId"":""69cd302266f2193a99122757"",""isNoShow"":null,""status"":""confirmed""},{""submittedBallot"":false,""roleSystemId"":""RL-000008"",""styleSystemIds"":[],""joinedAt"":""2026-04-20T02:51:12.391Z"",""styleSystemId"":null,""sotsSubmitted"":null,""userId"":""69b48a2b7d5c0db589c6bb1c"",""isNoShow"":null,""status"":""confirmed""},{""submittedBallot"":false,""roleSystemId"":""RL-000008"",""styleSystemIds"":[],""joinedAt"":""2026-04-20T02:52:28.414Z"",""styleSystemId"":null,""sotsSubmitted"":null,""userId"":""699c655e40e8dc98eacda675"",""isNoShow"":null,""status"":""confirmed""},{""submittedBallot"":true,""roleSystemId"":""RL-ORGANIZER"",""styleSystemIds"":[""ST-000239""],""joinedAt"":""2026-04-20T03:35:38.207Z"",""styleSystemId"":null,""sotsSubmitted"":true,""userId"":""698d204286a5af9808991620"",""isNoShow"":null,""status"":""confirmed""}]","69e5948cd7d5ebd74dd54e82","6","","2","","","","","","","[{""roleSystemId"":""RL-000008"",""candidateUserId"":""69cd302266f2193a99122757"",""confirmedBy"":""698d204286a5af9808991620"",""candidateStyleSystemIds"":[""ST-000239""],""slotId"":""SL-69e5948e860ff3f483f9b667-0"",""confirmedAt"":""2026-04-20T02:51:15.625Z"",""status"":""confirmed""}]","NC-0000000310","","[""698d204286a5af9808991620"",""69cd302266f2193a99122757""]","","","","archived","69e5948e860ff3f483f9b667","2026-04-20T02:50:54.243000","2026-04-24T18:25:40.555000","service_eb508f39-ce3d-4391-bb12-d4211c02ede9","false"
"2026-04-20T02:11:11.262Z","69cc8733c3fe5f1da80ba357","","2026-04-20T02:11:03.652Z","2026-04-20T02:11:03.652Z","quickplay","69cc8733c3fe5f1da80ba357","2026-04-20T02:11:03.652Z","2026-04-20T02:11:03.652Z","[{""submittedBallot"":true,""roleSystemId"":""RL-000008"",""styleSystemIds"":[""ST-000075"",""ST-000192""],""joinedAt"":""2026-04-20T02:10:32.631Z"",""styleSystemId"":""ST-000075"",""sotsSubmitted"":true,""userId"":""69cc8733c3fe5f1da80ba357"",""isNoShow"":null,""status"":""ready""},{""submittedBallot"":true,""roleSystemId"":""RL-000008"",""styleSystemIds"":[""ST-000075"",""ST-000192""],""joinedAt"":""2026-04-20T02:10:32.631Z"",""styleSystemId"":""ST-000075"",""sotsSubmitted"":true,""userId"":""69b48a2b7d5c0db589c6bb1c"",""isNoShow"":null,""status"":""ready""}]","","6","","2","","2026-04-20T02:11:03.652Z","","","","2026-04-20T02:10:32.631Z","[]","NC-0000000011","","[""69b48a2b7d5c0db589c6bb1c"",""69cc8733c3fe5f1da80ba357""]","69cc8733c3fe5f1da80ba357","","69cc8733c3fe5f1da80ba357","sots_submitted","69e58b1a3345bc6a2b4eb8da","2026-04-20T02:10:34.249000","2026-04-20T02:11:27.778000","service_eb508f39-ce3d-4391-bb12-d4211c02ede9","false"
"2026-04-20T02:07:19.527Z","699c655e40e8dc98eacda675","","2026-04-20T02:07:10.704Z","2026-04-20T02:07:10.704Z","quickplay","699c655e40e8dc98eacda675","2026-04-20T02:07:10.704Z","2026-04-20T02:07:10.704Z","[{""submittedBallot"":true,""roleSystemId"":""RL-000008"",""styleSystemIds"":[""ST-000080""],""joinedAt"":""2026-04-20T02:05:27.509Z"",""styleSystemId"":""ST-000080"",""sotsSubmitted"":true,""userId"":""699c655e40e8dc98eacda675"",""isNoShow"":null,""status"":""ready""},{""submittedBallot"":true,""roleSystemId"":""RL-000008"",""styleSystemIds"":[""ST-000165"",""ST-000088"",""ST-000074""],""joinedAt"":""2026-04-20T02:05:27.509Z"",""styleSystemId"":""ST-000165"",""sotsSubmitted"":true,""userId"":""698d204286a5af9808991620"",""isNoShow"":null,""status"":""ready""},{""submittedBallot"":true,""roleSystemId"":""RL-000008"",""styleSystemIds"":[""ST-000074""],""joinedAt"":""2026-04-20T02:06:50.977Z"",""styleSystemId"":""ST-000074"",""sotsSubmitted"":true,""userId"":""698dc6f781b400b640a229f6"",""isNoShow"":null,""status"":""ready""}]","","6","","2","","2026-04-20T02:07:10.704Z","","","","2026-04-20T02:05:27.509Z","[]","NC-0000000030","","[""699c655e40e8dc98eacda675"",""698d204286a5af9808991620"",""698dc6f781b400b640a229f6""]","699c655e40e8dc98eacda675","","699c655e40e8dc98eacda675","sots_submitted","69e589e919cf170e996eb891","2026-04-20T02:05:29.063000","2026-04-20T02:07:55.064000","service_eb508f39-ce3d-4391-bb12-d4211c02ede9","false"
"2026-04-20T01:59:47.778Z","698d204286a5af9808991620","","2026-04-20T01:59:39.014Z","2026-04-20T01:59:39.014Z","quickplay","698d204286a5af9808991620","2026-04-20T01:59:39.014Z","2026-04-20T01:59:39.014Z","[{""submittedBallot"":true,""roleSystemId"":""RL-000008"",""styleSystemIds"":[""ST-000165"",""ST-000088"",""ST-000074""],""joinedAt"":""2026-04-20T01:58:47.557Z"",""styleSystemId"":""ST-000165"",""sotsSubmitted"":true,""userId"":""698d204286a5af9808991620"",""isNoShow"":null,""status"":""ready""},{""submittedBallot"":true,""roleSystemId"":""RL-000008"",""styleSystemIds"":[""ST-000042"",""ST-000008""],""joinedAt"":""2026-04-20T01:58:47.557Z"",""styleSystemId"":""ST-000042"",""sotsSubmitted"":true,""userId"":""698dc6f781b400b640a229f6"",""isNoShow"":null,""status"":""ready""}]","","6","","2","","2026-04-20T01:59:39.014Z","","","","2026-04-20T01:58:47.557Z","[]","NC-0000000122","","[""698d204286a5af9808991620"",""698dc6f781b400b640a229f6""]","698d204286a5af9808991620","","698d204286a5af9808991620","sots_submitted","69e5885881c39d7fcbd60f1a","2026-04-20T01:58:48.701000","2026-04-20T02:00:04.131000","service_eb508f39-ce3d-4391-bb12-d4211c02ede9","false"
"2026-04-20T01:58:52.157Z","698dbd987dbcc355eec0ff7c","","2026-04-20T01:58:04.697Z","2026-04-20T01:58:04.697Z","quickplay","698dbd987dbcc355eec0ff7c","2026-04-20T01:58:04.697Z","2026-04-20T01:58:04.697Z","[{""submittedBallot"":true,""roleSystemId"":""RL-000008"",""styleSystemIds"":[""ST-000076"",""ST-000141""],""joinedAt"":""2026-04-20T01:55:30.694Z"",""styleSystemId"":""ST-000076"",""sotsSubmitted"":true,""userId"":""698dbd987dbcc355eec0ff7c"",""isNoShow"":null,""status"":""ready""},{""submittedBallot"":true,""roleSystemId"":""RL-000008"",""styleSystemIds"":[""ST-000075"",""ST-000192""],""joinedAt"":""2026-04-20T01:55:30.694Z"",""styleSystemId"":""ST-000075"",""sotsSubmitted"":true,""userId"":""69b48a2b7d5c0db589c6bb1c"",""isNoShow"":null,""status"":""ready""}]","","6","","2","","2026-04-20T01:58:04.697Z","","","","2026-04-20T01:55:30.694Z","[]","NC-0000000107","","[""698dbd987dbcc355eec0ff7c"",""69b48a2b7d5c0db589c6bb1c""]","698dbd987dbcc355eec0ff7c","","698dbd987dbcc355eec0ff7c","sots_submitted","69e587948a998e96b17bbea5","2026-04-20T01:55:32.067000","2026-04-20T01:59:14.560000","service_eb508f39-ce3d-4391-bb12-d4211c02ede9","false"
"2026-04-20T01:53:53.634Z","69b48a2b7d5c0db589c6bb1c","","2026-04-20T01:53:45.165Z","2026-04-20T01:53:45.165Z","quickplay","69b48a2b7d5c0db589c6bb1c","2026-04-20T01:53:45.165Z","2026-04-20T01:53:45.165Z","[{""submittedBallot"":true,""roleSystemId"":""RL-000008"",""styleSystemIds"":[""ST-000192""],""joinedAt"":""2026-04-20T01:53:03.020Z"",""styleSystemId"":""ST-000192"",""sotsSubmitted"":true,""userId"":""69b48a2b7d5c0db589c6bb1c"",""isNoShow"":null,""status"":""ready""},{""submittedBallot"":true,""roleSystemId"":""RL-000008"",""styleSystemIds"":[""ST-000141""],""joinedAt"":""2026-04-20T01:53:03.020Z"",""styleSystemId"":""ST-000141"",""sotsSubmitted"":true,""userId"":""698dbd987dbcc355eec0ff7c"",""isNoShow"":null,""status"":""ready""}]","","6","","2","","2026-04-20T01:53:45.165Z","","","","2026-04-20T01:53:03.020Z","[]","NC-0000000104","","[""698dbd987dbcc355eec0ff7c"",""69b48a2b7d5c0db589c6bb1c""]","69b48a2b7d5c0db589c6bb1c","","69b48a2b7d5c0db589c6bb1c","sots_submitted","69e5870099fb1c0e44be3365","2026-04-20T01:53:04.469000","2026-04-20T01:54:08.631000","service_eb508f39-ce3d-4391-bb12-d4211c02ede9","false"
"2026-04-20T02:34:24.263Z","69cd302266f2193a99122757","{""lineupScenes"":[{""sceneId"":""sc-1"",""label"":""Scène principale"",""icon"":""🎛""},{""sceneId"":""sc-1776649787284"",""label"":""Micro"",""icon"":""🎤""}],""lineupSchedule"":[{""plageId"":""p-1"",""label"":""Accueil"",""timeStart"":""2026-08-01T18:00:00.000Z"",""timeEnd"":""2026-08-01T18:27:00.000Z""},{""plageId"":""p-2"",""label"":""Conf 1"",""timeStart"":""2026-08-01T18:27:00.000Z"",""timeEnd"":""2026-08-01T19:21:00.000Z""},{""plageId"":""p-3"",""label"":""Conf 2"",""timeStart"":""2026-08-01T19:21:00.000Z"",""timeEnd"":""2026-08-01T20:06:00.000Z""},{""plageId"":""p-4"",""label"":""Cocktail"",""timeStart"":""2026-08-01T20:06:00.000Z"",""timeEnd"":""2026-08-01T21:00:00.000Z""}],""lineupPlacements"":{""SL-69e5864d08b059845f8f4d11-1:69b48a2b7d5c0db589c6bb1c:sc-1776649787284:p-1"":{""slotId"":""SL-69e5864d08b059845f8f4d11-1"",""userId"":""69b48a2b7d5c0db589c6bb1c"",""sceneId"":""sc-1776649787284"",""plageId"":""p-1"",""roleSystemId"":""RL-000025"",""assignedPrice"":0,""assignedStyleSystemIds"":[],""isPlaced"":true,""_pricingMeta"":{""hourlyRate"":122.16,""workedMin"":27,""requiredMin"":27,""billableMin"":30,""allocationRatio"":1,""blockSize"":1},""_primeMeta"":{""sots"":""+10%"",""jour"":""+10% (WE)"",""xp"":""+10% (niv.14)"",""saison"":""+15%"",""offreDemande"":""N/A""},""_primeMultiplier"":1.527,""priceIsOverridden"":true,""priceOverridedAt"":""2026-04-20T02:12:24.971Z"",""calculatedPrice"":61,""proposalId"":""69e58b8bce7f4b47e0014d4d"",""proposalStatus"":""accepted"",""proposedBy"":""69cd302266f2193a99122757"",""proposedAt"":""2026-04-20T02:12:24.971Z"",""talentCounterPrice"":0,""talentResponseNote"":null},""SL-69e5864d08b059845f8f4d11-0:69cc8733c3fe5f1da80ba357:sc-1:p-2"":{""slotId"":""SL-69e5864d08b059845f8f4d11-0"",""userId"":""69cc8733c3fe5f1da80ba357"",""sceneId"":""sc-1"",""plageId"":""p-2"",""roleSystemId"":""RL-000008"",""assignedPrice"":100,""assignedStyleSystemIds"":[],""isPlaced"":true,""_pricingMeta"":{""hourlyRate"":126.5,""workedMin"":54,""requiredMin"":54,""billableMin"":54,""allocationRatio"":1,""blockSize"":1},""_primeMeta"":{""jour"":""+10% (WE)"",""saison"":""+15%"",""offreDemande"":""N/A""},""_primeMultiplier"":1.265,""priceIsOverridden"":true,""priceOverridedAt"":""2026-04-20T02:12:51.084Z"",""calculatedPrice"":114,""proposalId"":""69e58ba508b059845f8f5395"",""proposalStatus"":""accepted"",""proposedBy"":""69cd302266f2193a99122757"",""proposedAt"":""2026-04-20T02:12:51.084Z"",""talentCounterPrice"":null,""talentResponseNote"":null},""SL-69e5864d08b059845f8f4d11-1:699c655e40e8dc98eacda675:sc-1:p-4"":{""slotId"":""SL-69e5864d08b059845f8f4d11-1"",""userId"":""699c655e40e8dc98eacda675"",""sceneId"":""sc-1"",""plageId"":""p-4"",""roleSystemId"":""RL-000025"",""assignedPrice"":100,""assignedStyleSystemIds"":[],""isPlaced"":true,""_pricingMeta"":{""hourlyRate"":102.72,""workedMin"":54,""requiredMin"":54,""billableMin"":54,""allocationRatio"":1,""blockSize"":1},""_primeMeta"":{""sots"":""0%"",""jour"":""+10% (WE)"",""xp"":""+2% (niv.3)"",""saison"":""+15%"",""offreDemande"":""N/A""},""_primeMultiplier"":1.284,""priceIsOverridden"":true,""priceOverridedAt"":""2026-04-20T02:13:47.277Z"",""calculatedPrice"":92,""proposalId"":""69e58bde0284cd5bded47460"",""proposalStatus"":""accepted"",""proposedBy"":""69cd302266f2193a99122757"",""proposedAt"":""2026-04-20T02:13:47.277Z"",""talentCounterPrice"":null,""talentResponseNote"":null},""SL-69e5864d08b059845f8f4d11-0:698d204286a5af9808991620:sc-1:p-3"":{""slotId"":""SL-69e5864d08b059845f8f4d11-0"",""userId"":""698d204286a5af9808991620"",""sceneId"":""sc-1"",""plageId"":""p-3"",""roleSystemId"":""RL-000008"",""assignedPrice"":200,""assignedStyleSystemIds"":[],""isPlaced"":true,""_pricingMeta"":{""hourlyRate"":160,""workedMin"":45,""requiredMin"":45,""billableMin"":45,""allocationRatio"":1,""blockSize"":1},""_primeMeta"":{""sots"":""+10%"",""jour"":""+10% (WE)"",""xp"":""+15% (niv.21)"",""saison"":""+15%"",""offreDemande"":""N/A""},""_primeMultiplier"":1.6,""priceIsOverridden"":true,""priceOverridedAt"":""2026-04-20T02:15:22.504Z"",""calculatedPrice"":120,""proposalId"":""69e58c3d7843e566912e83e1"",""proposalStatus"":""accepted"",""proposedBy"":""69cd302266f2193a99122757"",""proposedAt"":""2026-04-20T02:15:22.504Z"",""talentCounterPrice"":200,""talentResponseNote"":null},""SL-69e5864d08b059845f8f4d11-0:698dc6f781b400b640a229f6:sc-1776649787284:p-4"":{""slotId"":""SL-69e5864d08b059845f8f4d11-0"",""userId"":""698dc6f781b400b640a229f6"",""sceneId"":""sc-1776649787284"",""plageId"":""p-4"",""roleSystemId"":""RL-000008"",""assignedPrice"":100,""assignedStyleSystemIds"":[],""isPlaced"":true,""_pricingMeta"":{""hourlyRate"":131.2,""workedMin"":54,""requiredMin"":54,""billableMin"":54,""allocationRatio"":1,""blockSize"":1},""_primeMeta"":{""sots"":""0%"",""jour"":""+10% (WE)"",""xp"":""+4% (niv.6)"",""saison"":""+15%"",""offreDemande"":""N/A""},""_primeMultiplier"":1.312,""priceIsOverridden"":true,""priceOverridedAt"":""2026-04-20T02:15:34.252Z"",""calculatedPrice"":118,""proposalId"":""69e58c49860ff3f483f9a884"",""proposalStatus"":""accepted"",""proposedBy"":""69cd302266f2193a99122757"",""proposedAt"":""2026-04-20T02:15:34.252Z"",""talentCounterPrice"":null,""talentResponseNote"":null}}}","","","event","","2026-04-20T02:20:48.948Z","","[{""submittedBallot"":true,""roleSystemId"":""RL-000008"",""styleSystemIds"":[""ST-000088"",""ST-000074""],""joinedAt"":""2026-04-20T01:50:23.178Z"",""styleSystemId"":null,""sotsSubmitted"":true,""userId"":""698d204286a5af9808991620"",""isNoShow"":null,""status"":""confirmed""},{""submittedBallot"":true,""roleSystemId"":""RL-000025"",""styleSystemIds"":[],""joinedAt"":""2026-04-20T01:50:24.288Z"",""styleSystemId"":null,""sotsSubmitted"":true,""userId"":""69b48a2b7d5c0db589c6bb1c"",""isNoShow"":null,""status"":""confirmed""},{""submittedBallot"":true,""roleSystemId"":""RL-000008"",""styleSystemIds"":[""ST-000012"",""ST-000042"",""ST-000008""],""joinedAt"":""2026-04-20T01:51:14.683Z"",""styleSystemId"":null,""sotsSubmitted"":true,""userId"":""698dc6f781b400b640a229f6"",""isNoShow"":null,""status"":""confirmed""},{""submittedBallot"":false,""roleSystemId"":""RL-000008"",""styleSystemIds"":[""ST-000192""],""joinedAt"":""2026-04-20T02:12:03.861Z"",""styleSystemId"":null,""sotsSubmitted"":null,""userId"":""69cc8733c3fe5f1da80ba357"",""isNoShow"":null,""status"":""confirmed""},{""submittedBallot"":false,""roleSystemId"":""RL-000025"",""styleSystemIds"":[],""joinedAt"":""2026-04-20T02:13:18.706Z"",""styleSystemId"":null,""sotsSubmitted"":null,""userId"":""699c655e40e8dc98eacda675"",""isNoShow"":null,""status"":""confirmed""},{""submittedBallot"":true,""roleSystemId"":""RL-ORGANIZER"",""styleSystemIds"":[""ST-000088"",""ST-000074"",""ST-000012"",""ST-000042"",""ST-000008"",""ST-000192""],""joinedAt"":""2026-04-20T02:20:48.948Z"",""styleSystemId"":null,""sotsSubmitted"":true,""userId"":""69cd302266f2193a99122757"",""isNoShow"":null,""status"":""confirmed""}]","69e5864c2745dd4d3021b23a","6","","2","","","","","","","[{""roleSystemId"":""RL-000008"",""candidateUserId"":""698d204286a5af9808991620"",""confirmedBy"":""69cd302266f2193a99122757"",""candidateStyleSystemIds"":[""ST-000088"",""ST-000074""],""slotId"":""SL-69e5864d08b059845f8f4d11-0"",""confirmedAt"":""2026-04-20T01:50:34.688Z"",""status"":""confirmed""},{""roleSystemId"":""RL-000025"",""candidateUserId"":""69b48a2b7d5c0db589c6bb1c"",""confirmedBy"":""69cd302266f2193a99122757"",""candidateStyleSystemIds"":[],""slotId"":""SL-69e5864d08b059845f8f4d11-1"",""confirmedAt"":""2026-04-20T01:50:37.642Z"",""status"":""confirmed""}]","NC-0000000165","","[""69cd302266f2193a99122757"",""69b48a2b7d5c0db589c6bb1c"",""698dc6f781b400b640a229f6"",""698d204286a5af9808991620""]","","","","archived","69e5864d08b059845f8f4d11","2026-04-20T01:50:05.700000","2026-04-24T18:25:40.381000","service_eb508f39-ce3d-4391-bb12-d4211c02ede9","false"
"2026-04-20T01:29:35.327Z","69b8923e5da3bfb51a6a8594","","2026-04-20T01:18:00.412Z","2026-04-20T01:18:00.412Z","quickplay","69b8923e5da3bfb51a6a8594","2026-04-20T01:18:00.412Z","2026-04-20T01:18:00.412Z","[{""submittedBallot"":true,""roleSystemId"":""RL-000008"",""styleSystemIds"":[""ST-000240""],""joinedAt"":""2026-04-20T01:17:25.873Z"",""styleSystemId"":""ST-000240"",""sotsSubmitted"":true,""userId"":""69b8923e5da3bfb51a6a8594"",""isNoShow"":null,""status"":""ready""},{""submittedBallot"":true,""roleSystemId"":""RL-000008"",""styleSystemIds"":[""ST-000092""],""joinedAt"":""2026-04-20T01:17:25.873Z"",""styleSystemId"":""ST-000092"",""sotsSubmitted"":true,""userId"":""69be7dd0c77c2ac0d788be7e"",""isNoShow"":null,""status"":""ready""}]","","6","","2","","2026-04-20T01:18:00.412Z","","","","2026-04-20T01:17:25.873Z","[]","NC-0000000108","","[""69b8923e5da3bfb51a6a8594"",""69be7dd0c77c2ac0d788be7e""]","69b8923e5da3bfb51a6a8594","","69b8923e5da3bfb51a6a8594","sots_submitted","69e57ea72577d59c9b51a298","2026-04-20T01:17:27.298000","2026-04-20T01:29:58.413000","service_eb508f39-ce3d-4391-bb12-d4211c02ede9","false"
"2026-04-20T01:32:26.699Z","698c747aee05acfdd23ea578","{""lineupScenes"":[{""sceneId"":""sc-1"",""label"":""Scène principale"",""icon"":""🎛""},{""sceneId"":""sc-1776646072970"",""label"":""Micro"",""icon"":""🎤""}],""lineupSchedule"":[{""plageId"":""p-1"",""label"":""Arrivée"",""timeStart"":""2026-07-09T16:00:00.000Z"",""timeEnd"":""2026-07-09T17:12:00.000Z""},{""plageId"":""p-2"",""label"":""Warmup"",""timeStart"":""2026-07-09T17:12:00.000Z"",""timeEnd"":""2026-07-09T19:12:00.000Z""},{""plageId"":""p-3"",""label"":""Peak"",""timeStart"":""2026-07-09T19:12:00.000Z"",""timeEnd"":""2026-07-09T22:24:00.000Z""},{""plageId"":""p-4"",""label"":""Closer"",""timeStart"":""2026-07-09T22:24:00.000Z"",""timeEnd"":""2026-07-10T00:00:00.000Z""}],""lineupPlacements"":{""SL-69e577be7ce88e80ff430bc8-0:69cd302266f2193a99122757:sc-1776646072970:p-1"":{""slotId"":""SL-69e577be7ce88e80ff430bc8-0"",""userId"":""69cd302266f2193a99122757"",""sceneId"":""sc-1776646072970"",""plageId"":""p-1"",""roleSystemId"":""RL-000008"",""assignedPrice"":105,""assignedStyleSystemIds"":[],""isPlaced"":true,""_pricingMeta"":{""hourlyRate"":104.96,""workedMin"":72,""requiredMin"":72,""billableMin"":72,""allocationRatio"":1,""blockSize"":1},""_primeMeta"":{""sots"":""+10%"",""xp"":""+4% (niv.6)"",""saison"":""+15%"",""offreDemande"":""N/A""},""_primeMultiplier"":1.312,""priceIsOverridden"":true,""priceOverridedAt"":""2026-04-20T00:48:50.293Z"",""calculatedPrice"":126,""proposalId"":""69e577f527aad8c2a1143e13"",""proposalStatus"":""accepted"",""proposedBy"":""698c747aee05acfdd23ea578"",""proposedAt"":""2026-04-20T00:48:50.293Z"",""talentCounterPrice"":105,""talentResponseNote"":null},""SL-69e577be7ce88e80ff430bc8-1:698d204286a5af9808991620:sc-1:p-1"":{""slotId"":""SL-69e577be7ce88e80ff430bc8-1"",""userId"":""698d204286a5af9808991620"",""sceneId"":""sc-1"",""plageId"":""p-1"",""roleSystemId"":""RL-000025"",""assignedPrice"":240,""assignedStyleSystemIds"":[],""isPlaced"":true,""_pricingMeta"":{""hourlyRate"":289,""workedMin"":72,""requiredMin"":72,""billableMin"":72,""allocationRatio"":1,""blockSize"":1},""_primeMeta"":{""sots"":""+10%"",""xp"":""+14% (niv.20)"",""saison"":""+15%"",""offreDemande"":""N/A""},""_primeMultiplier"":1.445,""priceIsOverridden"":true,""priceOverridedAt"":""2026-04-20T00:53:43.697Z"",""calculatedPrice"":347,""proposalId"":""69e5791d270714c064d14c60"",""proposalStatus"":""accepted"",""proposedBy"":""698c747aee05acfdd23ea578"",""proposedAt"":""2026-04-20T00:53:43.697Z"",""talentCounterPrice"":240,""talentResponseNote"":null},""SL-69e577be7ce88e80ff430bc8-2:69cd302266f2193a99122757:sc-1776646072970:p-4"":{""slotId"":""SL-69e577be7ce88e80ff430bc8-2"",""userId"":""69cd302266f2193a99122757"",""sceneId"":""sc-1776646072970"",""plageId"":""p-4"",""roleSystemId"":""RL-000009"",""assignedPrice"":90,""assignedStyleSystemIds"":[],""isPlaced"":true,""_pricingMeta"":{""hourlyRate"":104.96,""workedMin"":96,""requiredMin"":96,""billableMin"":96,""allocationRatio"":1,""blockSize"":1},""_primeMeta"":{""sots"":""+10%"",""xp"":""+4% (niv.6)"",""saison"":""+15%"",""offreDemande"":""N/A""},""_primeMultiplier"":1.312,""priceIsOverridden"":true,""priceOverridedAt"":""2026-04-20T00:54:28.398Z"",""calculatedPrice"":168,""proposalId"":""69e579473345bc6a2b4ea692"",""proposalStatus"":""accepted"",""proposedBy"":""698c747aee05acfdd23ea578"",""proposedAt"":""2026-04-20T00:54:28.398Z"",""talentCounterPrice"":null,""talentResponseNote"":null},""SL-69e577be7ce88e80ff430bc8-2:69b48a2b7d5c0db589c6bb1c:sc-1:p-2"":{""slotId"":""SL-69e577be7ce88e80ff430bc8-2"",""userId"":""69b48a2b7d5c0db589c6bb1c"",""sceneId"":""sc-1"",""plageId"":""p-2"",""roleSystemId"":""RL-000009"",""assignedPrice"":10,""assignedStyleSystemIds"":[],""isPlaced"":true,""_pricingMeta"":{""hourlyRate"":111.04,""workedMin"":120,""requiredMin"":120,""billableMin"":120,""allocationRatio"":1,""blockSize"":1},""_primeMeta"":{""sots"":""+10%"",""xp"":""+10% (niv.14)"",""saison"":""+15%"",""offreDemande"":""N/A""},""_primeMultiplier"":1.388,""priceIsOverridden"":true,""priceOverridedAt"":""2026-04-20T00:55:37.740Z"",""calculatedPrice"":222,""proposalId"":""69e5798c7fe4c7205633c0d0"",""proposalStatus"":""accepted"",""proposedBy"":""698c747aee05acfdd23ea578"",""proposedAt"":""2026-04-20T00:55:37.740Z"",""talentCounterPrice"":10,""talentResponseNote"":null}}}","","","event","","2026-04-20T00:57:50.152Z","","[{""submittedBallot"":true,""roleSystemId"":""RL-000009"",""styleSystemIds"":[],""joinedAt"":""2026-04-20T00:48:20.299Z"",""styleSystemId"":null,""sotsSubmitted"":true,""userId"":""69cd302266f2193a99122757"",""isNoShow"":null,""status"":""confirmed""},{""submittedBallot"":true,""roleSystemId"":""RL-000025"",""styleSystemIds"":[""ST-000165""],""joinedAt"":""2026-04-20T00:48:21.181Z"",""styleSystemId"":null,""sotsSubmitted"":true,""userId"":""698d204286a5af9808991620"",""isNoShow"":null,""status"":""confirmed""},{""submittedBallot"":true,""roleSystemId"":""RL-000009"",""styleSystemIds"":[],""joinedAt"":""2026-04-20T00:48:23.145Z"",""styleSystemId"":null,""sotsSubmitted"":true,""userId"":""69b48a2b7d5c0db589c6bb1c"",""isNoShow"":null,""status"":""confirmed""},{""submittedBallot"":true,""roleSystemId"":""RL-ORGANIZER"",""styleSystemIds"":[""ST-000165""],""joinedAt"":""2026-04-20T00:57:50.152Z"",""styleSystemId"":null,""sotsSubmitted"":true,""userId"":""698c747aee05acfdd23ea578"",""isNoShow"":null,""status"":""confirmed""}]","69e577bcee2fde3af32912b9","6","","2","","","","","","","[{""roleSystemId"":""RL-000008"",""candidateUserId"":""69cd302266f2193a99122757"",""confirmedBy"":""698c747aee05acfdd23ea578"",""candidateStyleSystemIds"":[""ST-000239""],""slotId"":""SL-69e577be7ce88e80ff430bc8-0"",""confirmedAt"":""2026-04-20T00:48:30.809Z"",""status"":""confirmed""},{""roleSystemId"":""RL-000025"",""candidateUserId"":""698d204286a5af9808991620"",""confirmedBy"":""698c747aee05acfdd23ea578"",""candidateStyleSystemIds"":[""ST-000165""],""slotId"":""SL-69e577be7ce88e80ff430bc8-1"",""confirmedAt"":""2026-04-20T00:50:04.516Z"",""status"":""confirmed""},{""roleSystemId"":""RL-000009"",""candidateUserId"":""69b48a2b7d5c0db589c6bb1c"",""confirmedBy"":""698c747aee05acfdd23ea578"",""candidateStyleSystemIds"":[],""slotId"":""SL-69e577be7ce88e80ff430bc8-2"",""confirmedAt"":""2026-04-20T00:50:08.260Z"",""status"":""confirmed""}]","NC-0000000165","","[""698c747aee05acfdd23ea578"",""69b48a2b7d5c0db589c6bb1c"",""69cd302266f2193a99122757"",""698d204286a5af9808991620""]","","","","sots_submitted","69e577be7ce88e80ff430bc8","2026-04-20T00:47:58.063000","2026-04-20T01:33:30.487000","service_eb508f39-ce3d-4391-bb12-d4211c02ede9","false"
"","698d204286a5af9808991620","{""lineupPlacements"":{""SL-69e55e2ad6db475c83cd500d-2:698dc6f781b400b640a229f6:sc-1776639517480:p-1"":{""slotId"":""SL-69e55e2ad6db475c83cd500d-2"",""userId"":""698dc6f781b400b640a229f6"",""sceneId"":""sc-1776639517480"",""plageId"":""p-1"",""roleSystemId"":""RL-000008"",""assignedPrice"":100,""assignedStyleSystemIds"":[],""isPlaced"":true,""_pricingMeta"":{""hourlyRate"":80,""workedMin"":72,""requiredMin"":72,""billableMin"":72,""allocationRatio"":1,""blockSize"":1},""_primeMeta"":{""offreDemande"":""N/A""},""_primeMultiplier"":1,""priceIsOverridden"":true,""priceOverridedAt"":""2026-04-19T23:01:09.453Z"",""calculatedPrice"":96,""proposalId"":""69e55eba90e142828c8ccb41"",""proposalStatus"":""pending_talent"",""proposedBy"":""698d204286a5af9808991620"",""proposedAt"":""2026-04-19T23:01:09.453Z"",""talentCounterPrice"":null,""talentResponseNote"":null}}}","","","event","","","","[{""submittedBallot"":false,""roleSystemId"":""RL-000008"",""styleSystemIds"":[""ST-000012"",""ST-000042"",""ST-000008""],""joinedAt"":""2026-04-19T22:59:59.290Z"",""styleSystemId"":null,""sotsSubmitted"":null,""userId"":""698dc6f781b400b640a229f6"",""isNoShow"":null,""status"":""confirmed""},{""submittedBallot"":false,""roleSystemId"":""RL-000025"",""styleSystemIds"":[],""joinedAt"":""2026-04-19T23:00:00.739Z"",""styleSystemId"":null,""sotsSubmitted"":null,""userId"":""69cd302266f2193a99122757"",""isNoShow"":null,""status"":""confirmed""},{""submittedBallot"":false,""roleSystemId"":""RL-000008"",""styleSystemIds"":[""ST-000076"",""ST-000141""],""joinedAt"":""2026-04-19T23:00:08.154Z"",""styleSystemId"":null,""sotsSubmitted"":null,""userId"":""698dbd987dbcc355eec0ff7c"",""isNoShow"":null,""status"":""lobby""},{""submittedBallot"":false,""roleSystemId"":""RL-000025"",""styleSystemIds"":[""ST-000165""],""joinedAt"":""2026-04-19T23:00:19.083Z"",""styleSystemId"":null,""sotsSubmitted"":null,""userId"":""698dd1b2193c860027a3457a"",""isNoShow"":null,""status"":""lobby""},{""submittedBallot"":false,""roleSystemId"":""RL-000010"",""styleSystemIds"":[],""joinedAt"":""2026-04-20T01:49:20.139Z"",""styleSystemId"":null,""sotsSubmitted"":null,""userId"":""69b48a2b7d5c0db589c6bb1c"",""isNoShow"":null,""status"":""lobby""}]","69e55e296ade2869a547e016","6","","2","","","","","","","[{""roleSystemId"":""RL-000010"",""candidateUserId"":null,""confirmedBy"":null,""candidateStyleSystemIds"":[],""slotId"":""SL-69e55e2ad6db475c83cd500d-0"",""confirmedAt"":null,""status"":""pending""},{""roleSystemId"":""RL-000025"",""candidateUserId"":""69cd302266f2193a99122757"",""confirmedBy"":""698d204286a5af9808991620"",""candidateStyleSystemIds"":[],""slotId"":""SL-69e55e2ad6db475c83cd500d-1"",""confirmedAt"":""2026-04-19T23:00:21.768Z"",""status"":""confirmed""},{""roleSystemId"":""RL-000008"",""candidateUserId"":""698dc6f781b400b640a229f6"",""confirmedBy"":""698d204286a5af9808991620"",""candidateStyleSystemIds"":[""ST-000012"",""ST-000042"",""ST-000008""],""slotId"":""SL-69e55e2ad6db475c83cd500d-2"",""confirmedAt"":""2026-04-19T23:00:53.742Z"",""status"":""confirmed""}]","NC-0000000165","","[]","","","","archived","69e55e2ad6db475c83cd500d","2026-04-19T22:58:50.432000","2026-04-26T18:25:40.381000","service_eb508f39-ce3d-4391-bb12-d4211c02ede9","false"
"","698d204286a5af9808991620","{""lineupPlacements"":{""SL-69e5454c6afb3b63bc3d38bc-0:69b48a2b7d5c0db589c6bb1c:sc-1:p-3"":{""assignedPrice"":100,""priceIsOverridden"":true,""priceOverridedAt"":""2026-04-19T22:52:11.449Z"",""calculatedPrice"":0,""proposalId"":""69e55c9dbe6f1b46040488c0"",""proposalStatus"":""pending_talent"",""proposedBy"":""698d204286a5af9808991620"",""proposedAt"":""2026-04-19T22:52:11.449Z"",""talentCounterPrice"":null,""talentResponseNote"":null}}}","","","event","","","","[{""submittedBallot"":false,""roleSystemId"":""RL-000009"",""styleSystemIds"":[],""joinedAt"":""2026-04-19T21:13:31.200Z"",""styleSystemId"":null,""sotsSubmitted"":null,""userId"":""698dc6f781b400b640a229f6"",""isNoShow"":null,""status"":""lobby""},{""submittedBallot"":false,""roleSystemId"":""RL-000008"",""styleSystemIds"":[""ST-000239""],""joinedAt"":""2026-04-19T21:13:32.818Z"",""styleSystemId"":null,""sotsSubmitted"":null,""userId"":""69cd302266f2193a99122757"",""isNoShow"":null,""status"":""confirmed""},{""submittedBallot"":false,""roleSystemId"":""RL-000025"",""styleSystemIds"":[],""joinedAt"":""2026-04-19T21:13:34.538Z"",""styleSystemId"":null,""sotsSubmitted"":null,""userId"":""698dbd987dbcc355eec0ff7c"",""isNoShow"":null,""status"":""confirmed""},{""submittedBallot"":false,""roleSystemId"":""RL-000009"",""styleSystemIds"":[],""joinedAt"":""2026-04-19T21:13:43.252Z"",""styleSystemId"":null,""sotsSubmitted"":null,""userId"":""69b48a2b7d5c0db589c6bb1c"",""isNoShow"":null,""status"":""confirmed""},{""submittedBallot"":false,""roleSystemId"":""RL-000009"",""styleSystemIds"":[],""joinedAt"":""2026-04-21T19:04:10.069Z"",""styleSystemId"":null,""sotsSubmitted"":null,""userId"":""698c747aee05acfdd23ea578"",""isNoShow"":null,""status"":""lobby""}]","69e5454b680fefef316a8882","6","","2","","","","","","","[{""roleSystemId"":""RL-000009"",""candidateUserId"":""69b48a2b7d5c0db589c6bb1c"",""confirmedBy"":""698d204286a5af9808991620"",""candidateStyleSystemIds"":[],""slotId"":""SL-69e5454c6afb3b63bc3d38bc-0"",""confirmedAt"":""2026-04-19T22:51:59.418Z"",""status"":""confirmed""},{""roleSystemId"":""RL-000025"",""candidateUserId"":""698dbd987dbcc355eec0ff7c"",""confirmedBy"":""698d204286a5af9808991620"",""candidateStyleSystemIds"":[],""slotId"":""SL-69e5454c6afb3b63bc3d38bc-1"",""confirmedAt"":""2026-04-19T21:14:44.815Z"",""status"":""confirmed""},{""roleSystemId"":""RL-000008"",""candidateUserId"":""69cd302266f2193a99122757"",""confirmedBy"":""698d204286a5af9808991620"",""candidateStyleSystemIds"":[""ST-000239""],""slotId"":""SL-69e5454c6afb3b63bc3d38bc-2"",""confirmedAt"":""2026-04-19T21:13:48.053Z"",""status"":""confirmed""}]","NC-0000000165","","[]","","","","archived","69e5454c6afb3b63bc3d38bc","2026-04-19T21:12:44.939000","2026-04-26T18:25:40.363000","service_eb508f39-ce3d-4391-bb12-d4211c02ede9","false"
"","698d204286a5af9808991620","{""lineupPlacements"":{""SL-69e54306e690ee048e88f4da-0:698dd1b2193c860027a3457a:sc-1:p-1"":{""slotId"":""SL-69e54306e690ee048e88f4da-0"",""userId"":""698dd1b2193c860027a3457a"",""sceneId"":""sc-1"",""plageId"":""p-1"",""roleSystemId"":""RL-000010"",""assignedPrice"":100,""assignedStyleSystemIds"":[],""isPlaced"":true,""_pricingMeta"":{""hourlyRate"":119.1,""workedMin"":54,""requiredMin"":54,""billableMin"":54,""allocationRatio"":1,""blockSize"":1},""_primeMeta"":{""sots"":""+10%"",""xp"":""+8% (niv.12)"",""offreDemande"":""N/A""},""_primeMultiplier"":1.191,""priceIsOverridden"":true,""priceOverridedAt"":""2026-04-19T21:04:42.546Z"",""calculatedPrice"":107,""proposalId"":""69e5436d98d29a674ee6d23e"",""proposalStatus"":""pending_talent"",""proposedBy"":""698d204286a5af9808991620"",""proposedAt"":""2026-04-19T21:04:42.546Z"",""talentCounterPrice"":null,""talentResponseNote"":null}}}","","","event","","","","[{""submittedBallot"":false,""roleSystemId"":""RL-000008"",""styleSystemIds"":[""ST-000075"",""ST-000192""],""joinedAt"":""2026-04-19T21:03:47.290Z"",""styleSystemId"":null,""sotsSubmitted"":null,""userId"":""69b48a2b7d5c0db589c6bb1c"",""isNoShow"":null,""status"":""lobby""},{""submittedBallot"":false,""roleSystemId"":""RL-000008"",""styleSystemIds"":[""ST-000076"",""ST-000141""],""joinedAt"":""2026-04-19T21:03:51.126Z"",""styleSystemId"":null,""sotsSubmitted"":null,""userId"":""698dbd987dbcc355eec0ff7c"",""isNoShow"":null,""status"":""confirmed""},{""submittedBallot"":false,""roleSystemId"":""RL-000010"",""styleSystemIds"":[],""joinedAt"":""2026-04-19T21:03:56.742Z"",""styleSystemId"":null,""sotsSubmitted"":null,""userId"":""698dd1b2193c860027a3457a"",""isNoShow"":null,""status"":""confirmed""},{""submittedBallot"":false,""roleSystemId"":""RL-000008"",""styleSystemIds"":[""ST-000239""],""joinedAt"":""2026-04-19T21:03:58.709Z"",""styleSystemId"":null,""sotsSubmitted"":null,""userId"":""69cd302266f2193a99122757"",""isNoShow"":null,""status"":""lobby""},{""submittedBallot"":false,""roleSystemId"":""RL-000025"",""styleSystemIds"":[],""joinedAt"":""2026-04-19T21:04:01.352Z"",""styleSystemId"":null,""sotsSubmitted"":null,""userId"":""698dc6f781b400b640a229f6"",""isNoShow"":null,""status"":""confirmed""}]","69e543056bc19bd81b7aa0fb","6","","2","","","","","","","[{""roleSystemId"":""RL-000010"",""candidateUserId"":""698dd1b2193c860027a3457a"",""confirmedBy"":""698d204286a5af9808991620"",""candidateStyleSystemIds"":[],""slotId"":""SL-69e54306e690ee048e88f4da-0"",""confirmedAt"":""2026-04-19T21:04:10.379Z"",""status"":""confirmed""},{""roleSystemId"":""RL-000025"",""candidateUserId"":""698dc6f781b400b640a229f6"",""confirmedBy"":""698d204286a5af9808991620"",""candidateStyleSystemIds"":[],""slotId"":""SL-69e54306e690ee048e88f4da-1"",""confirmedAt"":""2026-04-19T21:04:07.106Z"",""status"":""confirmed""},{""roleSystemId"":""RL-000008"",""candidateUserId"":""698dbd987dbcc355eec0ff7c"",""confirmedBy"":""698d204286a5af9808991620"",""candidateStyleSystemIds"":[""ST-000076"",""ST-000141""],""slotId"":""SL-69e54306e690ee048e88f4da-2"",""confirmedAt"":""2026-04-19T21:03:55.663Z"",""status"":""confirmed""}]","NC-0000000165","","[]","","","","archived","69e54306e690ee048e88f4da","2026-04-19T21:03:02.744000","2026-04-26T18:25:40.373000","service_eb508f39-ce3d-4391-bb12-d4211c02ede9","false"
"","698d204286a5af9808991620","{""lineupPlacements"":{""SL-69e53d7ede80b2d2fa6b5c57-0:698dc6f781b400b640a229f6:sc-1:p-1"":{""slotId"":""SL-69e53d7ede80b2d2fa6b5c57-0"",""userId"":""698dc6f781b400b640a229f6"",""sceneId"":""sc-1"",""plageId"":""p-1"",""roleSystemId"":""RL-000010"",""assignedPrice"":100,""assignedStyleSystemIds"":[],""isPlaced"":true,""_pricingMeta"":{""hourlyRate"":172.25,""workedMin"":54,""requiredMin"":54,""billableMin"":54,""allocationRatio"":1,""blockSize"":1},""_primeMeta"":{""sots"":""+5%"",""jour"":""+10% (WE)"",""xp"":""+4% (niv.6)"",""saison"":""+15%"",""offreDemande"":""N/A""},""_primeMultiplier"":1.378,""priceIsOverridden"":true,""priceOverridedAt"":""2026-04-19T20:40:41.647Z"",""calculatedPrice"":155,""proposalId"":""69e53dcc696fa0075cf227ed"",""proposalStatus"":""pending_talent"",""proposedBy"":""698d204286a5af9808991620"",""proposedAt"":""2026-04-19T20:40:41.647Z"",""talentCounterPrice"":null,""talentResponseNote"":null}}}","","","event","","","","[{""submittedBallot"":false,""roleSystemId"":""RL-000008"",""styleSystemIds"":[""ST-000075"",""ST-000192""],""joinedAt"":""2026-04-19T20:40:01.724Z"",""styleSystemId"":null,""sotsSubmitted"":null,""userId"":""69b48a2b7d5c0db589c6bb1c"",""isNoShow"":null,""status"":""lobby""},{""submittedBallot"":false,""roleSystemId"":""RL-000025"",""styleSystemIds"":[""ST-000165""],""joinedAt"":""2026-04-19T20:40:05.867Z"",""styleSystemId"":null,""sotsSubmitted"":null,""userId"":""698dd1b2193c860027a3457a"",""isNoShow"":null,""status"":""lobby""},{""submittedBallot"":false,""roleSystemId"":""RL-000010"",""styleSystemIds"":[],""joinedAt"":""2026-04-19T20:40:08.844Z"",""styleSystemId"":null,""sotsSubmitted"":null,""userId"":""698dc6f781b400b640a229f6"",""isNoShow"":null,""status"":""confirmed""},{""submittedBallot"":false,""roleSystemId"":""RL-000010"",""styleSystemIds"":[],""joinedAt"":""2026-04-19T20:40:10.339Z"",""styleSystemId"":null,""sotsSubmitted"":null,""userId"":""69cd302266f2193a99122757"",""isNoShow"":null,""status"":""lobby""},{""submittedBallot"":false,""roleSystemId"":""RL-000025"",""styleSystemIds"":[],""joinedAt"":""2026-04-19T20:40:20.040Z"",""styleSystemId"":null,""sotsSubmitted"":null,""userId"":""698dbd987dbcc355eec0ff7c"",""isNoShow"":null,""status"":""lobby""}]","69e53d7ddfb5d661fa8cb7a1","6","","2","","","","","","","[{""roleSystemId"":""RL-000010"",""candidateUserId"":""698dc6f781b400b640a229f6"",""confirmedBy"":""698d204286a5af9808991620"",""candidateStyleSystemIds"":[],""slotId"":""SL-69e53d7ede80b2d2fa6b5c57-0"",""confirmedAt"":""2026-04-19T20:40:26.367Z"",""status"":""confirmed""},{""roleSystemId"":""RL-000025"",""candidateUserId"":null,""confirmedBy"":null,""candidateStyleSystemIds"":[],""slotId"":""SL-69e53d7ede80b2d2fa6b5c57-1"",""confirmedAt"":null,""status"":""pending""},{""roleSystemId"":""RL-000008"",""candidateUserId"":null,""confirmedBy"":null,""candidateStyleSystemIds"":[],""slotId"":""SL-69e53d7ede80b2d2fa6b5c57-2"",""confirmedAt"":null,""status"":""pending""}]","NC-0000000165","","[]","","","","archived","69e53d7ede80b2d2fa6b5c57","2026-04-19T20:39:26.871000","2026-04-26T18:25:40.481000","service_eb508f39-ce3d-4391-bb12-d4211c02ede9","false"
"2026-04-19T12:40:44.618Z","698dbbf753d545317578c200","{""lineupScenes"":[{""sceneId"":""sc-1"",""label"":""Scène principale"",""icon"":""🎛""},{""sceneId"":""sc-1776540822865"",""label"":""Micro"",""icon"":""🎤""}],""lineupSchedule"":[{""plageId"":""p-1"",""label"":""Warmup"",""timeStart"":""2026-07-08T16:00:00.000Z"",""timeEnd"":""2026-07-08T17:30:00.000Z""},{""plageId"":""p-2"",""label"":""Peak"",""timeStart"":""2026-07-08T17:30:00.000Z"",""timeEnd"":""2026-07-08T19:45:00.000Z""},{""plageId"":""p-3"",""label"":""Closer"",""timeStart"":""2026-07-08T19:45:00.000Z"",""timeEnd"":""2026-07-08T21:00:00.000Z""}],""lineupPlacements"":{""SL-69e3dc9d49ece6fc10ce5599-0:698d204286a5af9808991620:sc-1:p-3"":{""slotId"":""SL-69e3dc9d49ece6fc10ce5599-0"",""userId"":""698d204286a5af9808991620"",""sceneId"":""sc-1"",""plageId"":""p-3"",""roleSystemId"":""RL-000008"",""assignedPrice"":110,""assignedStyleSystemIds"":[],""isPlaced"":true,""_pricingMeta"":{""hourlyRate"":144.5,""workedMin"":75,""requiredMin"":75,""billableMin"":75,""allocationRatio"":1,""blockSize"":1},""_primeMeta"":{""sots"":""+10%"",""xp"":""+14% (niv.20)"",""saison"":""+15%"",""offreDemande"":""N/A""},""_primeMultiplier"":1.445,""priceIsOverridden"":true,""priceOverridedAt"":""2026-04-18T19:35:23.027Z"",""calculatedPrice"":181,""proposalId"":""69e3dcfdfc2b06fccfa1f8e3"",""proposalStatus"":""accepted"",""proposedBy"":""698dbbf753d545317578c200"",""proposedAt"":""2026-04-18T19:35:23.027Z"",""talentCounterPrice"":null,""talentResponseNote"":null},""SL-69e3dc9d49ece6fc10ce5599-0:698c747aee05acfdd23ea578:sc-1776540822865:p-2"":{""slotId"":""SL-69e3dc9d49ece6fc10ce5599-0"",""userId"":""698c747aee05acfdd23ea578"",""sceneId"":""sc-1776540822865"",""plageId"":""p-2"",""roleSystemId"":""RL-000008"",""assignedPrice"":330,""assignedStyleSystemIds"":[],""isPlaced"":true,""_pricingMeta"":{""hourlyRate"":291,""workedMin"":135,""requiredMin"":135,""billableMin"":135,""allocationRatio"":1,""blockSize"":1},""_primeMeta"":{""sots"":""+10%"",""xp"":""+15% (niv.21)"",""saison"":""+15%"",""offreDemande"":""N/A""},""_primeMultiplier"":1.455,""priceIsOverridden"":true,""priceOverridedAt"":""2026-04-18T19:36:45.176Z"",""calculatedPrice"":655,""proposalId"":""69e3dd4f27f0f5bc8f906093"",""proposalStatus"":""accepted"",""proposedBy"":""698dbbf753d545317578c200"",""proposedAt"":""2026-04-18T19:36:45.176Z"",""talentCounterPrice"":350,""talentResponseNote"":null,""currentOfferPrice"":330},""SL-69e3dc9d49ece6fc10ce5599-0:69b48a2b7d5c0db589c6bb1c:sc-1776540822865:p-1"":{""slotId"":""SL-69e3dc9d49ece6fc10ce5599-0"",""userId"":""69b48a2b7d5c0db589c6bb1c"",""sceneId"":""sc-1776540822865"",""plageId"":""p-1"",""roleSystemId"":""RL-000008"",""assignedPrice"":185,""assignedStyleSystemIds"":[],""isPlaced"":true,""_pricingMeta"":{""hourlyRate"":275.8,""workedMin"":90,""requiredMin"":90,""billableMin"":90,""allocationRatio"":1,""blockSize"":1},""_primeMeta"":{""sots"":""+10%"",""xp"":""+9% (niv.13)"",""saison"":""+15%"",""offreDemande"":""N/A""},""_primeMultiplier"":1.379,""priceIsOverridden"":true,""priceOverridedAt"":""2026-04-18T19:52:54.042Z"",""calculatedPrice"":414,""proposalId"":""69e3e11844705b93476298a3"",""proposalStatus"":""accepted"",""proposedBy"":""698dbbf753d545317578c200"",""proposedAt"":""2026-04-18T19:52:54.042Z"",""talentCounterPrice"":null,""talentResponseNote"":null},""SL-69e3dc9d49ece6fc10ce5599-0:69b48a2b7d5c0db589c6bb1c:sc-1776540822865:p-3"":{""slotId"":""SL-69e3dc9d49ece6fc10ce5599-0"",""userId"":""69b48a2b7d5c0db589c6bb1c"",""sceneId"":""sc-1776540822865"",""plageId"":""p-3"",""roleSystemId"":""RL-000008"",""assignedPrice"":250,""assignedStyleSystemIds"":[],""isPlaced"":true,""_pricingMeta"":{""hourlyRate"":275.8,""workedMin"":75,""requiredMin"":75,""billableMin"":75,""allocationRatio"":1,""blockSize"":1},""_primeMeta"":{""sots"":""+10%"",""xp"":""+9% (niv.13)"",""saison"":""+15%"",""offreDemande"":""N/A""},""_primeMultiplier"":1.379,""priceIsOverridden"":true,""priceOverridedAt"":""2026-04-18T20:10:42.883Z"",""calculatedPrice"":345,""proposalId"":""69e3e545ecd0385df7433b48"",""proposalStatus"":""accepted"",""proposedBy"":""698dbbf753d545317578c200"",""proposedAt"":""2026-04-18T20:10:42.883Z"",""talentCounterPrice"":null,""talentResponseNote"":null}}}","","","event","","2026-04-19T12:08:01.447Z","","[{""submittedBallot"":true,""roleSystemId"":""RL-000008"",""styleSystemIds"":[""ST-000088"",""ST-000074""],""joinedAt"":""2026-04-18T19:34:20.564Z"",""styleSystemId"":null,""sotsSubmitted"":true,""userId"":""698d204286a5af9808991620"",""isNoShow"":null,""status"":""confirmed""},{""submittedBallot"":true,""roleSystemId"":""RL-000008"",""styleSystemIds"":[],""joinedAt"":""2026-04-18T19:34:25.270Z"",""styleSystemId"":null,""sotsSubmitted"":true,""userId"":""698c747aee05acfdd23ea578"",""isNoShow"":null,""status"":""confirmed""},{""submittedBallot"":true,""roleSystemId"":""RL-000008"",""styleSystemIds"":[],""joinedAt"":""2026-04-18T19:52:22.401Z"",""styleSystemId"":null,""sotsSubmitted"":true,""userId"":""69b48a2b7d5c0db589c6bb1c"",""isNoShow"":null,""status"":""confirmed""},{""submittedBallot"":true,""roleSystemId"":""RL-ORGANIZER"",""styleSystemIds"":[""ST-000088"",""ST-000074""],""joinedAt"":""2026-04-19T12:08:01.447Z"",""styleSystemId"":null,""sotsSubmitted"":true,""userId"":""698dbbf753d545317578c200"",""isNoShow"":null,""status"":""confirmed""}]","69e3dc9b1c351869c39d98a3","6","","2","","","","","","","[{""roleSystemId"":""RL-000008"",""candidateUserId"":""698d204286a5af9808991620"",""confirmedBy"":""698dbbf753d545317578c200"",""candidateStyleSystemIds"":[""ST-000088"",""ST-000074""],""slotId"":""SL-69e3dc9d49ece6fc10ce5599-0"",""confirmedAt"":""2026-04-18T19:34:37.459Z"",""status"":""confirmed""}]","NC-0000000029","","[""698dbbf753d545317578c200"",""698c747aee05acfdd23ea578"",""69b48a2b7d5c0db589c6bb1c"",""698d204286a5af9808991620""]","","","","sots_submitted","69e3dc9d49ece6fc10ce5599","2026-04-18T19:33:49.061000","2026-04-19T12:42:26.082000","service_eb508f39-ce3d-4391-bb12-d4211c02ede9","false"
"","698c747aee05acfdd23ea578","{""lineupScenes"":[{""sceneId"":""sc-1"",""label"":""Scène principale"",""icon"":""🎛""},{""sceneId"":""sc-1776531488567"",""label"":""Micro"",""icon"":""🎤""}],""lineupSchedule"":[{""plageId"":""p-1"",""label"":""Warmup"",""timeStart"":""2026-07-08T14:10:00.000Z"",""timeEnd"":""2026-07-08T15:19:00.000Z""},{""plageId"":""p-2"",""label"":""Peak"",""timeStart"":""2026-07-08T15:19:00.000Z"",""timeEnd"":""2026-07-08T18:00:00.000Z""}],""lineupPlacements"":{""SL-69e3b825058a3e7c629eb8b8-0:698dbbf753d545317578c200:sc-1:p-1"":{""slotId"":""SL-69e3b825058a3e7c629eb8b8-0"",""userId"":""698dbbf753d545317578c200"",""sceneId"":""sc-1"",""plageId"":""p-1"",""roleSystemId"":""RL-000010"",""assignedPrice"":100,""assignedStyleSystemIds"":[],""isPlaced"":true,""_pricingMeta"":{""hourlyRate"":174.75,""workedMin"":69,""requiredMin"":69,""billableMin"":69,""allocationRatio"":1,""blockSize"":1},""_primeMeta"":{""sots"":""+10%"",""xp"":""+11% (niv.15)"",""saison"":""+15%"",""offreDemande"":""N/A""},""_primeMultiplier"":1.398,""priceIsOverridden"":true,""priceOverridedAt"":""2026-04-18T16:58:59.311Z"",""calculatedPrice"":201,""proposalId"":""69e3b8560bc20256e7e5c4f0"",""proposalStatus"":""accepted"",""proposedBy"":""698c747aee05acfdd23ea578"",""proposedAt"":""2026-04-18T16:58:59.311Z"",""talentCounterPrice"":100,""talentResponseNote"":null},""SL-69e3b825058a3e7c629eb8b8-0:698d204286a5af9808991620:sc-1:p-2"":{""slotId"":""SL-69e3b825058a3e7c629eb8b8-0"",""userId"":""698d204286a5af9808991620"",""sceneId"":""sc-1"",""plageId"":""p-2"",""roleSystemId"":""RL-000010"",""assignedPrice"":200,""assignedStyleSystemIds"":[],""isPlaced"":true,""_pricingMeta"":{""hourlyRate"":109.82,""workedMin"":161,""requiredMin"":161,""billableMin"":161,""allocationRatio"":1,""blockSize"":1},""_primeMeta"":{""sots"":""+10%"",""xp"":""+14% (niv.20)"",""saison"":""+15%"",""offreDemande"":""N/A""},""_primeMultiplier"":1.445,""priceIsOverridden"":true,""priceOverridedAt"":""2026-04-18T17:11:29.117Z"",""calculatedPrice"":295,""proposalId"":""69e3bb44352f2e4e2cf66443"",""proposalStatus"":""accepted"",""proposedBy"":""698c747aee05acfdd23ea578"",""proposedAt"":""2026-04-18T17:11:29.117Z"",""talentCounterPrice"":null,""talentResponseNote"":null}}}","","","event","","","","[{""submittedBallot"":false,""roleSystemId"":""RL-000010"",""styleSystemIds"":[],""joinedAt"":""2026-04-18T16:58:30.580Z"",""styleSystemId"":null,""sotsSubmitted"":null,""userId"":""698d204286a5af9808991620"",""isNoShow"":null,""status"":""confirmed""},{""submittedBallot"":false,""roleSystemId"":""RL-000010"",""styleSystemIds"":[""ST-000219""],""joinedAt"":""2026-04-18T16:58:31.284Z"",""styleSystemId"":null,""sotsSubmitted"":null,""userId"":""698dbbf753d545317578c200"",""isNoShow"":null,""status"":""confirmed""}]","69e3b8248fc51fd03a56857c","6","","2","","","","","","","[{""roleSystemId"":""RL-000010"",""candidateUserId"":""698d204286a5af9808991620"",""confirmedBy"":""698c747aee05acfdd23ea578"",""candidateStyleSystemIds"":[],""slotId"":""SL-69e3b825058a3e7c629eb8b8-0"",""confirmedAt"":""2026-04-18T16:58:41.644Z"",""status"":""confirmed""}]","NC-0000000160","","[]","","","","aborted","69e3b825058a3e7c629eb8b8","2026-04-18T16:58:13.716000","2026-04-28T21:47:35.686000","service_eb508f39-ce3d-4391-bb12-d4211c02ede9","false"
"2026-04-18T15:54:29.619Z","698c747aee05acfdd23ea578","{""lineupScenes"":[{""sceneId"":""sc-1"",""label"":""Scène principale"",""icon"":""🎛""}],""lineupSchedule"":[{""plageId"":""p-1"",""label"":""Warmup"",""timeStart"":""2026-07-07T15:10:00.000Z"",""timeEnd"":""2026-07-07T15:46:00.000Z""},{""plageId"":""p-2"",""label"":""Peak"",""timeStart"":""2026-07-07T15:46:00.000Z"",""timeEnd"":""2026-07-07T17:10:00.000Z""}],""lineupPlacements"":{""SL-69e3a049197ec916be5d0028-0:698d204286a5af9808991620:sc-1:p-1"":{""slotId"":""SL-69e3a049197ec916be5d0028-0"",""userId"":""698d204286a5af9808991620"",""sceneId"":""sc-1"",""plageId"":""p-1"",""roleSystemId"":""RL-000009"",""assignedPrice"":80,""assignedStyleSystemIds"":[],""isPlaced"":true,""_pricingMeta"":{""hourlyRate"":144.5,""workedMin"":36,""requiredMin"":120,""billableMin"":120,""allocationRatio"":0.3,""blockSize"":2},""_primeMeta"":{""sots"":""+10%"",""xp"":""+14% (niv.20)"",""saison"":""+15%"",""offreDemande"":""N/A""},""_primeMultiplier"":1.445,""priceIsOverridden"":true,""priceOverridedAt"":""2026-04-18T15:16:52.315Z"",""calculatedPrice"":87,""proposalId"":""69e3a0664796119db94902e4"",""proposalStatus"":""accepted"",""proposedBy"":""698c747aee05acfdd23ea578"",""proposedAt"":""2026-04-18T15:16:52.315Z"",""talentCounterPrice"":null,""talentResponseNote"":null},""SL-69e3a049197ec916be5d0028-0:698dbbf753d545317578c200:sc-1:p-2"":{""slotId"":""SL-69e3a049197ec916be5d0028-0"",""userId"":""698dbbf753d545317578c200"",""sceneId"":""sc-1"",""plageId"":""p-2"",""roleSystemId"":""RL-000009"",""assignedPrice"":90,""assignedStyleSystemIds"":[],""isPlaced"":true,""_pricingMeta"":{""hourlyRate"":111.84,""workedMin"":84,""requiredMin"":120,""billableMin"":120,""allocationRatio"":0.7,""blockSize"":2},""_primeMeta"":{""sots"":""+10%"",""xp"":""+11% (niv.15)"",""saison"":""+15%"",""offreDemande"":""N/A""},""_primeMultiplier"":1.398,""priceIsOverridden"":true,""priceOverridedAt"":""2026-04-18T15:17:13.401Z"",""calculatedPrice"":157,""proposalId"":""69e3a07c35b4f475c86631d6"",""proposalStatus"":""accepted"",""proposedBy"":""698c747aee05acfdd23ea578"",""proposedAt"":""2026-04-18T15:17:13.401Z"",""talentCounterPrice"":90,""talentResponseNote"":null},""SL-69e3a049197ec916be5d0028-0:698dbbf753d545317578c200:sc-1:p-1"":{""slotId"":""SL-69e3a049197ec916be5d0028-0"",""userId"":""698dbbf753d545317578c200"",""sceneId"":""sc-1"",""plageId"":""p-1"",""roleSystemId"":""RL-000009"",""assignedPrice"":48,""assignedStyleSystemIds"":[],""isPlaced"":true,""_pricingMeta"":{""hourlyRate"":111.84,""workedMin"":36,""requiredMin"":120,""billableMin"":120,""allocationRatio"":0.3,""blockSize"":2},""_primeMeta"":{""sots"":""+10%"",""xp"":""+11% (niv.15)"",""saison"":""+15%"",""offreDemande"":""N/A""},""_primeMultiplier"":1.398,""priceIsOverridden"":true,""priceOverridedAt"":""2026-04-18T15:19:39.236Z"",""calculatedPrice"":67,""proposalId"":""69e3a10ddf102bad08a42714"",""proposalStatus"":""accepted"",""proposedBy"":""698c747aee05acfdd23ea578"",""proposedAt"":""2026-04-18T15:19:39.236Z"",""talentCounterPrice"":null,""talentResponseNote"":null},""SL-69e3a049197ec916be5d0028-0:698d204286a5af9808991620:sc-1:p-2"":{""slotId"":""SL-69e3a049197ec916be5d0028-0"",""userId"":""698d204286a5af9808991620"",""sceneId"":""sc-1"",""plageId"":""p-2"",""roleSystemId"":""RL-000009"",""assignedPrice"":140,""assignedStyleSystemIds"":[],""isPlaced"":true,""_pricingMeta"":{""hourlyRate"":144.5,""workedMin"":84,""requiredMin"":120,""billableMin"":120,""allocationRatio"":0.7,""blockSize"":2},""_primeMeta"":{""sots"":""+10%"",""xp"":""+14% (niv.20)"",""saison"":""+15%"",""offreDemande"":""N/A""},""_primeMultiplier"":1.445,""priceIsOverridden"":true,""priceOverridedAt"":""2026-04-18T15:20:51.360Z"",""calculatedPrice"":202,""proposalId"":""69e3a155bb26cd5bdebd97cc"",""proposalStatus"":""accepted"",""proposedBy"":""698c747aee05acfdd23ea578"",""proposedAt"":""2026-04-18T15:20:51.360Z"",""talentCounterPrice"":null,""talentResponseNote"":null}}}","","","event","","2026-04-18T15:54:12.351Z","","[{""submittedBallot"":true,""roleSystemId"":""RL-000009"",""styleSystemIds"":[],""joinedAt"":""2026-04-18T15:16:39.874Z"",""styleSystemId"":null,""sotsSubmitted"":true,""userId"":""698d204286a5af9808991620"",""isNoShow"":null,""status"":""confirmed""},{""submittedBallot"":true,""roleSystemId"":""RL-000009"",""styleSystemIds"":[],""joinedAt"":""2026-04-18T15:16:40.344Z"",""styleSystemId"":null,""sotsSubmitted"":true,""userId"":""698dbbf753d545317578c200"",""isNoShow"":null,""status"":""confirmed""},{""submittedBallot"":true,""roleSystemId"":""RL-ORGANIZER"",""styleSystemIds"":[],""joinedAt"":""2026-04-18T15:54:12.351Z"",""styleSystemId"":null,""sotsSubmitted"":true,""userId"":""698c747aee05acfdd23ea578"",""isNoShow"":null,""status"":""confirmed""}]","69e3a047873f1e0e8a9c1220","6","","2","","","","","","","[{""roleSystemId"":""RL-000009"",""candidateUserId"":""698d204286a5af9808991620"",""confirmedBy"":""698c747aee05acfdd23ea578"",""candidateStyleSystemIds"":[],""slotId"":""SL-69e3a049197ec916be5d0028-0"",""confirmedAt"":""2026-04-18T15:16:43.331Z"",""status"":""confirmed""}]","NC-0000000148","","[""698c747aee05acfdd23ea578"",""698d204286a5af9808991620"",""698dbbf753d545317578c200""]","","","","sots_submitted","69e3a049197ec916be5d0028","2026-04-18T15:16:25.037000","2026-04-18T15:55:56.654000","service_eb508f39-ce3d-4391-bb12-d4211c02ede9","false"
"2026-04-18T16:55:47.218Z","698c747aee05acfdd23ea578","{""lineupScenes"":[{""sceneId"":""sc-1"",""label"":""Scène principale"",""icon"":""🎛""}],""lineupSchedule"":[{""plageId"":""p-1"",""label"":""Warmup"",""timeStart"":""2026-06-08T14:00:00.000Z"",""timeEnd"":""2026-06-08T14:54:00.000Z""},{""plageId"":""p-2"",""label"":""Peak"",""timeStart"":""2026-06-08T14:54:00.000Z"",""timeEnd"":""2026-06-08T17:00:00.000Z""}],""lineupPlacements"":{""SL-69e39e17df102bad08a42571-0:698dbbf753d545317578c200:sc-1:p-2"":{""slotId"":""SL-69e39e17df102bad08a42571-0"",""userId"":""698dbbf753d545317578c200"",""sceneId"":""sc-1"",""plageId"":""p-2"",""roleSystemId"":""RL-000008"",""assignedPrice"":200,""assignedStyleSystemIds"":[],""isPlaced"":true,""_pricingMeta"":{""hourlyRate"":279.6,""workedMin"":126,""requiredMin"":126,""billableMin"":126,""allocationRatio"":1,""blockSize"":1},""_primeMeta"":{""sots"":""+10%"",""xp"":""+11% (niv.15)"",""saison"":""+15%"",""offreDemande"":""N/A""},""_primeMultiplier"":1.398,""priceIsOverridden"":true,""priceOverridedAt"":""2026-04-18T15:07:40.348Z"",""calculatedPrice"":587,""proposalId"":""69e39e3f72762dd7a7dfbaaa"",""proposalStatus"":""accepted"",""proposedBy"":""698c747aee05acfdd23ea578"",""proposedAt"":""2026-04-18T15:07:40.348Z"",""talentCounterPrice"":null,""talentResponseNote"":null},""SL-69e39e17df102bad08a42571-0:698d204286a5af9808991620:sc-1:p-1"":{""slotId"":""SL-69e39e17df102bad08a42571-0"",""userId"":""698d204286a5af9808991620"",""sceneId"":""sc-1"",""plageId"":""p-1"",""roleSystemId"":""RL-000008"",""assignedPrice"":100,""assignedStyleSystemIds"":[],""isPlaced"":true,""_pricingMeta"":{""hourlyRate"":144.5,""workedMin"":54,""requiredMin"":54,""billableMin"":54,""allocationRatio"":1,""blockSize"":1},""_primeMeta"":{""sots"":""+10%"",""xp"":""+14% (niv.20)"",""saison"":""+15%"",""offreDemande"":""N/A""},""_primeMultiplier"":1.445,""priceIsOverridden"":true,""priceOverridedAt"":""2026-04-18T15:07:51.004Z"",""calculatedPrice"":130,""proposalId"":""69e39e4982afad44cd16a897"",""proposalStatus"":""accepted"",""proposedBy"":""698c747aee05acfdd23ea578"",""proposedAt"":""2026-04-18T15:07:51.004Z"",""talentCounterPrice"":null,""talentResponseNote"":null}}}","","","event","","2026-04-18T16:53:46.487Z","","[{""submittedBallot"":true,""roleSystemId"":""RL-000008"",""styleSystemIds"":[],""joinedAt"":""2026-04-18T15:07:21.903Z"",""styleSystemId"":null,""sotsSubmitted"":true,""userId"":""698d204286a5af9808991620"",""isNoShow"":null,""status"":""confirmed""},{""submittedBallot"":true,""roleSystemId"":""RL-000008"",""styleSystemIds"":[""ST-000032"",""ST-000009"",""ST-000013"",""ST-000007"",""ST-000219""],""joinedAt"":""2026-04-18T15:07:22.357Z"",""styleSystemId"":null,""sotsSubmitted"":true,""userId"":""698dbbf753d545317578c200"",""isNoShow"":null,""status"":""confirmed""},{""submittedBallot"":true,""roleSystemId"":""RL-ORGANIZER"",""styleSystemIds"":[""ST-000032"",""ST-000009"",""ST-000013"",""ST-000007"",""ST-000219""],""joinedAt"":""2026-04-18T16:53:46.487Z"",""styleSystemId"":null,""sotsSubmitted"":true,""userId"":""698c747aee05acfdd23ea578"",""isNoShow"":null,""status"":""confirmed""}]","69e39e169f2c1117a5e86121","6","","2","","","","","","","[{""roleSystemId"":""RL-000008"",""candidateUserId"":""698d204286a5af9808991620"",""confirmedBy"":""698c747aee05acfdd23ea578"",""candidateStyleSystemIds"":[],""slotId"":""SL-69e39e17df102bad08a42571-0"",""confirmedAt"":""2026-04-18T15:07:29.252Z"",""status"":""confirmed""}]","NC-0000000057","","[""698d204286a5af9808991620"",""698c747aee05acfdd23ea578"",""698dbbf753d545317578c200""]","","","","sots_submitted","69e39e17df102bad08a42571","2026-04-18T15:07:03.720000","2026-04-18T16:56:18.972000","service_eb508f39-ce3d-4391-bb12-d4211c02ede9","false"
"2026-04-18T14:59:05.926Z","698c747aee05acfdd23ea578","{""lineupScenes"":[{""sceneId"":""sc-1"",""label"":""Scène principale"",""icon"":""🎛""},{""sceneId"":""sc-1776523571006"",""label"":""Micro"",""icon"":""🎤""}],""lineupSchedule"":[{""plageId"":""p-1"",""label"":""Warmup"",""timeStart"":""2026-06-08T12:00:00.000Z"",""timeEnd"":""2026-06-08T13:30:00.000Z""},{""plageId"":""p-2"",""label"":""Peak"",""timeStart"":""2026-06-08T13:30:00.000Z"",""timeEnd"":""2026-06-08T17:00:00.000Z""}],""lineupPlacements"":{""SL-69e3993c678f458836db8fff-0:698dbbf753d545317578c200:sc-1776523571006:p-1"":{""slotId"":""SL-69e3993c678f458836db8fff-0"",""userId"":""698dbbf753d545317578c200"",""sceneId"":""sc-1776523571006"",""plageId"":""p-1"",""roleSystemId"":""RL-000025"",""assignedPrice"":160,""assignedStyleSystemIds"":[],""isPlaced"":true,""_pricingMeta"":{""hourlyRate"":174.75,""workedMin"":90,""requiredMin"":300,""billableMin"":300,""allocationRatio"":0.3,""blockSize"":2},""_primeMeta"":{""sots"":""+10%"",""xp"":""+11% (niv.15)"",""saison"":""+15%"",""offreDemande"":""N/A""},""_primeMultiplier"":1.398,""priceIsOverridden"":true,""priceOverridedAt"":""2026-04-18T14:47:07.420Z"",""calculatedPrice"":262,""proposalId"":""69e3996d1c133fbef089beb0"",""proposalStatus"":""accepted"",""proposedBy"":""698c747aee05acfdd23ea578"",""proposedAt"":""2026-04-18T14:47:07.420Z"",""talentCounterPrice"":200,""talentResponseNote"":null,""currentOfferPrice"":160},""SL-69e3993c678f458836db8fff-0:698d204286a5af9808991620:sc-1:p-1"":{""slotId"":""SL-69e3993c678f458836db8fff-0"",""userId"":""698d204286a5af9808991620"",""sceneId"":""sc-1"",""plageId"":""p-1"",""roleSystemId"":""RL-000025"",""assignedPrice"":100,""assignedStyleSystemIds"":[],""isPlaced"":true,""_pricingMeta"":{""hourlyRate"":289,""workedMin"":90,""requiredMin"":90,""billableMin"":90,""allocationRatio"":1,""blockSize"":1},""_primeMeta"":{""sots"":""+10%"",""xp"":""+14% (niv.20)"",""saison"":""+15%"",""offreDemande"":""N/A""},""_primeMultiplier"":1.445,""priceIsOverridden"":true,""priceOverridedAt"":""2026-04-18T14:47:53.474Z"",""calculatedPrice"":434,""proposalId"":""69e3999c1add8ae823eeeed3"",""proposalStatus"":""pending_talent"",""proposedBy"":""698c747aee05acfdd23ea578"",""proposedAt"":""2026-04-18T14:47:53.474Z"",""talentCounterPrice"":null,""talentResponseNote"":null},""SL-69e3993c678f458836db8fff-0:698dbbf753d545317578c200:sc-1:p-2"":{""slotId"":""SL-69e3993c678f458836db8fff-0"",""userId"":""698dbbf753d545317578c200"",""sceneId"":""sc-1"",""plageId"":""p-2"",""roleSystemId"":""RL-000025"",""assignedPrice"":438,""assignedStyleSystemIds"":[],""isPlaced"":true,""_pricingMeta"":{""hourlyRate"":174.75,""workedMin"":210,""requiredMin"":300,""billableMin"":300,""allocationRatio"":0.7,""blockSize"":2},""_primeMeta"":{""sots"":""+10%"",""xp"":""+11% (niv.15)"",""saison"":""+15%"",""offreDemande"":""N/A""},""_primeMultiplier"":1.398,""priceIsOverridden"":true,""priceOverridedAt"":""2026-04-18T14:58:12.703Z"",""calculatedPrice"":612,""proposalId"":""69e39c0733d164c0864de3bc"",""proposalStatus"":""accepted"",""proposedBy"":""698c747aee05acfdd23ea578"",""proposedAt"":""2026-04-18T14:58:12.703Z"",""talentCounterPrice"":null,""talentResponseNote"":null}}}","","","event","","2026-04-18T14:58:37.099Z","","[{""submittedBallot"":true,""roleSystemId"":""RL-000025"",""styleSystemIds"":[""ST-000165""],""joinedAt"":""2026-04-18T14:46:43.622Z"",""styleSystemId"":null,""sotsSubmitted"":true,""userId"":""698d204286a5af9808991620"",""isNoShow"":null,""status"":""confirmed""},{""submittedBallot"":true,""roleSystemId"":""RL-000025"",""styleSystemIds"":[""ST-000155""],""joinedAt"":""2026-04-18T14:46:45.350Z"",""styleSystemId"":null,""sotsSubmitted"":true,""userId"":""698dbbf753d545317578c200"",""isNoShow"":null,""status"":""confirmed""},{""submittedBallot"":true,""roleSystemId"":""RL-ORGANIZER"",""styleSystemIds"":[""ST-000165"",""ST-000155""],""joinedAt"":""2026-04-18T14:58:37.099Z"",""styleSystemId"":null,""sotsSubmitted"":true,""userId"":""698c747aee05acfdd23ea578"",""isNoShow"":null,""status"":""confirmed""}]","69e3993bb98029bbaa79b22b","6","","2","","","","","","","[{""roleSystemId"":""RL-000025"",""candidateUserId"":""698d204286a5af9808991620"",""confirmedBy"":""698c747aee05acfdd23ea578"",""candidateStyleSystemIds"":[""ST-000165""],""slotId"":""SL-69e3993c678f458836db8fff-0"",""confirmedAt"":""2026-04-18T14:46:53.833Z"",""status"":""confirmed""},{""roleSystemId"":""RL-001001"",""candidateUserId"":null,""confirmedBy"":null,""candidateStyleSystemIds"":[],""slotId"":""SL-69e3993c678f458836db8fff-1"",""confirmedAt"":null,""status"":""open""},{""roleSystemId"":""RL-001002"",""candidateUserId"":null,""confirmedBy"":null,""candidateStyleSystemIds"":[],""slotId"":""SL-69e3993c678f458836db8fff-2"",""confirmedAt"":null,""status"":""open""}]","NC-0000000163","","[""698d204286a5af9808991620"",""698c747aee05acfdd23ea578"",""698dbbf753d545317578c200""]","","","","sots_submitted","69e3993c678f458836db8fff","2026-04-18T14:46:20.572000","2026-04-19T11:56:21.811000","service_eb508f39-ce3d-4391-bb12-d4211c02ede9","false"
"2026-04-18T14:30:43.298Z","698c747aee05acfdd23ea578","{""lineupScenes"":[{""sceneId"":""sc-1"",""label"":""Scène principale"",""icon"":""🎛""},{""sceneId"":""sc-1776522351030"",""label"":""Micro"",""icon"":""🎤""}],""lineupSchedule"":[{""plageId"":""p-1"",""label"":""Warmup"",""timeStart"":""2026-05-30T18:00:00.000Z"",""timeEnd"":""2026-05-30T19:12:00.000Z""},{""plageId"":""p-2"",""label"":""Peak"",""timeStart"":""2026-05-30T19:12:00.000Z"",""timeEnd"":""2026-05-30T21:00:00.000Z""},{""plageId"":""p-3"",""label"":""Closer"",""timeStart"":""2026-05-30T21:00:00.000Z"",""timeEnd"":""2026-05-30T22:00:00.000Z""}],""lineupPlacements"":{""SL-69e3947bcc5cf310b9c039d1-0:698dbbf753d545317578c200:sc-1:p-1"":{""slotId"":""SL-69e3947bcc5cf310b9c039d1-0"",""userId"":""698dbbf753d545317578c200"",""sceneId"":""sc-1"",""plageId"":""p-1"",""roleSystemId"":""RL-000025"",""assignedPrice"":30,""assignedStyleSystemIds"":[],""isPlaced"":true,""_pricingMeta"":{""hourlyRate"":167.13,""workedMin"":72,""requiredMin"":72,""billableMin"":72,""allocationRatio"":1,""blockSize"":1},""_primeMeta"":{""sots"":""+10%"",""jour"":""+10% (WE)"",""xp"":""+11% (niv.15)"",""offreDemande"":""N/A""},""_primeMultiplier"":1.337,""priceIsOverridden"":true,""priceOverridedAt"":""2026-04-18T14:28:01.352Z"",""calculatedPrice"":201,""proposalId"":""69e394f46816e1459c91c53d"",""proposalStatus"":""pending_talent"",""proposedBy"":""698c747aee05acfdd23ea578"",""proposedAt"":""2026-04-18T14:28:01.352Z"",""talentCounterPrice"":null,""talentResponseNote"":null},""SL-69e3947bcc5cf310b9c039d1-0:698d204286a5af9808991620:sc-1:p-2"":{""slotId"":""SL-69e3947bcc5cf310b9c039d1-0"",""userId"":""698d204286a5af9808991620"",""sceneId"":""sc-1"",""plageId"":""p-2"",""roleSystemId"":""RL-000025"",""assignedPrice"":45,""assignedStyleSystemIds"":[],""isPlaced"":true,""_pricingMeta"":{""hourlyRate"":276.4,""workedMin"":108,""requiredMin"":168,""billableMin"":168,""allocationRatio"":0.6428571428571429,""blockSize"":2},""_primeMeta"":{""sots"":""+10%"",""jour"":""+10% (WE)"",""xp"":""+14% (niv.20)"",""offreDemande"":""N/A""},""_primeMultiplier"":1.382,""priceIsOverridden"":true,""priceOverridedAt"":""2026-04-18T14:28:15.934Z"",""calculatedPrice"":498,""proposalId"":""69e395021ba13fb2c0fb9a98"",""proposalStatus"":""pending_organizer"",""proposedBy"":""698c747aee05acfdd23ea578"",""proposedAt"":""2026-04-18T14:28:15.934Z"",""talentCounterPrice"":50,""talentResponseNote"":null},""SL-69e3947bcc5cf310b9c039d1-0:698d204286a5af9808991620:sc-1776522351030:p-3"":{""slotId"":""SL-69e3947bcc5cf310b9c039d1-0"",""userId"":""698d204286a5af9808991620"",""sceneId"":""sc-1776522351030"",""plageId"":""p-3"",""roleSystemId"":""RL-000025"",""assignedPrice"":200,""assignedStyleSystemIds"":[],""isPlaced"":true,""_pricingMeta"":{""hourlyRate"":276.4,""workedMin"":60,""requiredMin"":168,""billableMin"":168,""allocationRatio"":0.35714285714285715,""blockSize"":2},""_primeMeta"":{""sots"":""+10%"",""jour"":""+10% (WE)"",""xp"":""+14% (niv.20)"",""offreDemande"":""N/A""},""_primeMultiplier"":1.382,""priceIsOverridden"":true,""priceOverridedAt"":""2026-04-18T14:28:31.189Z"",""calculatedPrice"":276,""proposalId"":""69e395119f336a818b8f8c78"",""proposalStatus"":""accepted"",""proposedBy"":""698c747aee05acfdd23ea578"",""proposedAt"":""2026-04-18T14:28:31.189Z"",""talentCounterPrice"":200,""talentResponseNote"":""je ne me déplace pas en dessous de 200$ ""},""SL-69e3947bcc5cf310b9c039d1-0:698dbbf753d545317578c200:sc-1776522351030:p-3"":{""slotId"":""SL-69e3947bcc5cf310b9c039d1-0"",""userId"":""698dbbf753d545317578c200"",""sceneId"":""sc-1776522351030"",""plageId"":""p-3"",""roleSystemId"":""RL-000025"",""assignedPrice"":50,""assignedStyleSystemIds"":[],""isPlaced"":true,""_pricingMeta"":{""hourlyRate"":167.13,""workedMin"":60,""requiredMin"":60,""billableMin"":60,""allocationRatio"":1,""blockSize"":1},""_primeMeta"":{""sots"":""+10%"",""jour"":""+10% (WE)"",""xp"":""+11% (niv.15)"",""offreDemande"":""N/A""},""_primeMultiplier"":1.337,""priceIsOverridden"":true,""priceOverridedAt"":""2026-04-18T14:28:46.069Z"",""calculatedPrice"":167,""proposalId"":""69e39520deee83822fdc7e25"",""proposalStatus"":""pending_talent"",""proposedBy"":""698c747aee05acfdd23ea578"",""proposedAt"":""2026-04-18T14:28:46.069Z"",""talentCounterPrice"":null,""talentResponseNote"":null}}}","","","event","","2026-04-18T14:30:36.279Z","","[{""submittedBallot"":true,""roleSystemId"":""RL-000025"",""styleSystemIds"":[""ST-000165""],""joinedAt"":""2026-04-18T14:26:16.287Z"",""styleSystemId"":null,""sotsSubmitted"":true,""userId"":""698d204286a5af9808991620"",""isNoShow"":null,""status"":""confirmed""},{""submittedBallot"":true,""roleSystemId"":""RL-000025"",""styleSystemIds"":[""ST-000155""],""joinedAt"":""2026-04-18T14:26:17.890Z"",""styleSystemId"":null,""sotsSubmitted"":true,""userId"":""698dbbf753d545317578c200"",""isNoShow"":null,""status"":""confirmed""},{""submittedBallot"":true,""roleSystemId"":""RL-ORGANIZER"",""styleSystemIds"":[""ST-000165"",""ST-000155""],""joinedAt"":""2026-04-18T14:30:36.279Z"",""styleSystemId"":null,""sotsSubmitted"":true,""userId"":""698c747aee05acfdd23ea578"",""isNoShow"":null,""status"":""confirmed""}]","69e39479b53d7cef1b3eb6b1","6","","2","","","","","","","[{""roleSystemId"":""RL-000025"",""candidateUserId"":""698d204286a5af9808991620"",""confirmedBy"":""698c747aee05acfdd23ea578"",""candidateStyleSystemIds"":[""ST-000165""],""slotId"":""SL-69e3947bcc5cf310b9c039d1-0"",""confirmedAt"":""2026-04-18T14:27:40.473Z"",""status"":""confirmed""}]","NC-0000000057","","[""698d204286a5af9808991620"",""698dbbf753d545317578c200"",""698c747aee05acfdd23ea578""]","","","","sots_submitted","69e3947bcc5cf310b9c039d1","2026-04-18T14:26:03.292000","2026-04-18T14:31:24.868000","service_eb508f39-ce3d-4391-bb12-d4211c02ede9","false"
"2026-04-18T14:22:31.922Z","698dbbf753d545317578c200","{""lineupScenes"":[{""sceneId"":""sc-1"",""label"":""Scène principale"",""icon"":""🎛""}],""lineupSchedule"":[{""plageId"":""p-1"",""label"":""Warmup"",""timeStart"":""2026-05-09T16:00:00.000Z"",""timeEnd"":""2026-05-09T17:30:00.000Z""},{""plageId"":""p-2"",""label"":""Peak"",""timeStart"":""2026-05-09T17:30:00.000Z"",""timeEnd"":""2026-05-09T21:00:00.000Z""}],""lineupPlacements"":{""SL-69e38bcca7b9cf249d2c6857-0:698d204286a5af9808991620:sc-1:p-1"":{""slotId"":""SL-69e38bcca7b9cf249d2c6857-0"",""userId"":""698d204286a5af9808991620"",""sceneId"":""sc-1"",""plageId"":""p-1"",""roleSystemId"":""RL-000010"",""assignedPrice"":130,""assignedStyleSystemIds"":[],""isPlaced"":true,""_pricingMeta"":{""hourlyRate"":105.03,""workedMin"":90,""requiredMin"":300,""billableMin"":300,""allocationRatio"":0.3,""blockSize"":2},""_primeMeta"":{""sots"":""+10%"",""jour"":""+10% (WE)"",""xp"":""+14% (niv.20)"",""offreDemande"":""N/A""},""_primeMultiplier"":1.382,""priceIsOverridden"":true,""priceOverridedAt"":""2026-04-18T13:56:00.246Z"",""calculatedPrice"":158,""proposalId"":""69e38d73c1a2b164720b6726"",""proposalStatus"":""accepted"",""proposedBy"":""698dbbf753d545317578c200"",""proposedAt"":""2026-04-18T13:56:00.246Z"",""talentCounterPrice"":150,""talentResponseNote"":null,""currentOfferPrice"":130},""SL-69e38bcca7b9cf249d2c6857-0:698d204286a5af9808991620:sc-1:p-2"":{""slotId"":""SL-69e38bcca7b9cf249d2c6857-0"",""userId"":""698d204286a5af9808991620"",""sceneId"":""sc-1"",""plageId"":""p-2"",""roleSystemId"":""RL-000010"",""assignedPrice"":400,""assignedStyleSystemIds"":[],""isPlaced"":true,""_pricingMeta"":{""hourlyRate"":105.03,""workedMin"":210,""requiredMin"":300,""billableMin"":300,""allocationRatio"":0.7,""blockSize"":2},""_primeMeta"":{""sots"":""+10%"",""jour"":""+10% (WE)"",""xp"":""+14% (niv.20)"",""offreDemande"":""N/A""},""_primeMultiplier"":1.382,""priceIsOverridden"":true,""priceOverridedAt"":""2026-04-18T13:58:07.018Z"",""calculatedPrice"":368,""proposalId"":""69e38df176b694da86efd700"",""proposalStatus"":""accepted"",""proposedBy"":""698dbbf753d545317578c200"",""proposedAt"":""2026-04-18T13:58:07.018Z"",""talentCounterPrice"":400,""talentResponseNote"":null},""SL-69e38bcca7b9cf249d2c6857-0:698c747aee05acfdd23ea578:sc-1:p-1"":{""slotId"":""SL-69e38bcca7b9cf249d2c6857-0"",""userId"":""698c747aee05acfdd23ea578"",""sceneId"":""sc-1"",""plageId"":""p-1"",""roleSystemId"":""RL-000010"",""assignedPrice"":150,""assignedStyleSystemIds"":[],""isPlaced"":true,""_pricingMeta"":{""hourlyRate"":172.75,""workedMin"":90,""requiredMin"":90,""billableMin"":90,""allocationRatio"":1,""blockSize"":1},""_primeMeta"":{""sots"":""+10%"",""jour"":""+10% (WE)"",""xp"":""+14% (niv.20)"",""offreDemande"":""N/A""},""_primeMultiplier"":1.382,""priceIsOverridden"":true,""priceOverridedAt"":""2026-04-18T14:20:27.203Z"",""calculatedPrice"":259,""proposalId"":""69e3932dce5a98dfffb02413"",""proposalStatus"":""accepted"",""proposedBy"":""698dbbf753d545317578c200"",""proposedAt"":""2026-04-18T14:20:27.203Z"",""talentCounterPrice"":150,""talentResponseNote"":null}}}","","","event","","2026-04-18T14:21:43.639Z","","[{""submittedBallot"":true,""roleSystemId"":""RL-000010"",""styleSystemIds"":[],""joinedAt"":""2026-04-18T13:49:15.356Z"",""styleSystemId"":null,""sotsSubmitted"":true,""userId"":""698d204286a5af9808991620"",""isNoShow"":null,""status"":""confirmed""},{""submittedBallot"":true,""roleSystemId"":""RL-000010"",""styleSystemIds"":[""ST-000217""],""joinedAt"":""2026-04-18T14:19:03.775Z"",""styleSystemId"":null,""sotsSubmitted"":true,""userId"":""698c747aee05acfdd23ea578"",""isNoShow"":null,""status"":""confirmed""},{""submittedBallot"":true,""roleSystemId"":""RL-ORGANIZER"",""styleSystemIds"":[""ST-000217""],""joinedAt"":""2026-04-18T14:21:43.639Z"",""styleSystemId"":null,""sotsSubmitted"":true,""userId"":""698dbbf753d545317578c200"",""isNoShow"":null,""status"":""confirmed""}]","69e38bcada564eeacc35a4c3","6","","2","","","","","","","[{""roleSystemId"":""RL-000010"",""candidateUserId"":""698d204286a5af9808991620"",""confirmedBy"":""698dbbf753d545317578c200"",""candidateStyleSystemIds"":[],""slotId"":""SL-69e38bcca7b9cf249d2c6857-0"",""confirmedAt"":""2026-04-18T13:49:22.358Z"",""status"":""confirmed""}]","NC-0000000033","","[""698d204286a5af9808991620"",""69b48a2b7d5c0db589c6bb1c"",""698dbbf753d545317578c200"",""698c747aee05acfdd23ea578""]","","","","sots_submitted","69e38bcca7b9cf249d2c6857","2026-04-18T13:49:00.330000","2026-04-18T14:25:02.016000","service_eb508f39-ce3d-4391-bb12-d4211c02ede9","false"
"","69cd302266f2193a99122757","{""lineupScenes"":[{""sceneId"":""sc-1"",""label"":""Scène principale"",""icon"":""🎛""},{""sceneId"":""sc-1776479360782"",""label"":""Micro"",""icon"":""🎤""}],""lineupSchedule"":[{""plageId"":""p-1"",""label"":""Warmup"",""timeStart"":""2026-07-02T16:00:00.000Z"",""timeEnd"":""2026-07-02T16:54:00.000Z""},{""plageId"":""p-2"",""label"":""Peak"",""timeStart"":""2026-07-02T16:54:00.000Z"",""timeEnd"":""2026-07-02T18:15:00.000Z""},{""plageId"":""p-3"",""label"":""Closer"",""timeStart"":""2026-07-02T18:15:00.000Z"",""timeEnd"":""2026-07-02T19:00:00.000Z""}],""lineupPlacements"":{""SL-69e2ec9588a0f2dec9f523a4-0:698dd1b2193c860027a3457a:sc-1776479360782:p-1"":{""slotId"":""SL-69e2ec9588a0f2dec9f523a4-0"",""userId"":""698dd1b2193c860027a3457a"",""sceneId"":""sc-1776479360782"",""plageId"":""p-1"",""roleSystemId"":""RL-000025"",""assignedPrice"":100,""assignedStyleSystemIds"":[],""isPlaced"":false,""_pricingMeta"":{""hourlyRate"":273.8,""workedMin"":54,""requiredMin"":54,""billableMin"":54,""allocationRatio"":1,""blockSize"":1},""_primeMeta"":{""sots"":""+10%"",""xp"":""+8% (niv.12)"",""saison"":""+15%"",""offreDemande"":""N/A""},""_primeMultiplier"":1.369,""priceIsOverridden"":true,""priceOverridedAt"":""2026-04-18T02:30:50.543Z"",""calculatedPrice"":246,""proposalId"":""69e2ecdd0724ca9a6a11479a"",""proposalStatus"":""rejected"",""proposedBy"":""69cd302266f2193a99122757"",""proposedAt"":""2026-04-18T02:30:50.543Z"",""talentCounterPrice"":150,""talentResponseNote"":null,""currentOfferPrice"":130},""SL-69e2ec9588a0f2dec9f523a4-0:698c747aee05acfdd23ea578:sc-1:p-2"":{""slotId"":""SL-69e2ec9588a0f2dec9f523a4-0"",""userId"":""698c747aee05acfdd23ea578"",""sceneId"":""sc-1"",""plageId"":""p-2"",""roleSystemId"":""RL-000025"",""assignedPrice"":135,""assignedStyleSystemIds"":[],""isPlaced"":false,""_pricingMeta"":{""hourlyRate"":72.25,""workedMin"":81,""requiredMin"":81,""billableMin"":81,""allocationRatio"":1,""blockSize"":1},""_primeMeta"":{""sots"":""+10%"",""xp"":""+14% (niv.20)"",""saison"":""+15%"",""offreDemande"":""N/A""},""_primeMultiplier"":1.445,""priceIsOverridden"":true,""priceOverridedAt"":""2026-04-18T03:12:18.042Z"",""calculatedPrice"":98,""proposalId"":""69e2f694de2bebdc484eb9b1"",""proposalStatus"":""rejected"",""proposedBy"":""69cd302266f2193a99122757"",""proposedAt"":""2026-04-18T03:12:18.042Z"",""talentCounterPrice"":null,""talentResponseNote"":null}}}","","","event","","","","[{""submittedBallot"":false,""roleSystemId"":""RL-000025"",""styleSystemIds"":[],""joinedAt"":""2026-04-18T02:30:11.006Z"",""styleSystemId"":null,""sotsSubmitted"":null,""userId"":""698c747aee05acfdd23ea578"",""isNoShow"":null,""status"":""confirmed""},{""submittedBallot"":false,""roleSystemId"":""RL-000025"",""styleSystemIds"":[],""joinedAt"":""2026-04-18T02:30:13.089Z"",""styleSystemId"":null,""sotsSubmitted"":null,""userId"":""698dd1b2193c860027a3457a"",""isNoShow"":null,""status"":""confirmed""}]","69e2ec93b661d22b7d4d5483","6","","2","","","","","","","[{""roleSystemId"":""RL-000025"",""candidateUserId"":null,""confirmedBy"":null,""candidateStyleSystemIds"":[],""slotId"":""SL-69e2ec9588a0f2dec9f523a4-0"",""confirmedAt"":null,""status"":""open""}]","NC-0000000058","","[]","","","","aborted","69e2ec9588a0f2dec9f523a4","2026-04-18T02:29:41.294000","2026-04-28T21:48:45.682000","service_eb508f39-ce3d-4391-bb12-d4211c02ede9","false"
"","698dd1b2193c860027a3457a","{""lineupScenes"":[{""sceneId"":""sc-1"",""label"":""Scène principale"",""icon"":""🎛""}],""lineupSchedule"":[{""plageId"":""p-1"",""label"":""Warmup"",""timeStart"":""2026-07-01T16:00:00.000Z"",""timeEnd"":""2026-07-01T17:12:00.000Z""},{""plageId"":""p-2"",""label"":""Peak"",""timeStart"":""2026-07-01T17:12:00.000Z"",""timeEnd"":""2026-07-01T20:00:00.000Z""}],""lineupPlacements"":{""SL-69e2e9ae0490c6ec4e2f825d-0:69cd302266f2193a99122757:sc-1:p-2"":{""slotId"":""SL-69e2e9ae0490c6ec4e2f825d-0"",""userId"":""69cd302266f2193a99122757"",""sceneId"":""sc-1"",""plageId"":""p-2"",""roleSystemId"":""RL-000025"",""assignedPrice"":200,""assignedStyleSystemIds"":[],""isPlaced"":false,""_pricingMeta"":{""hourlyRate"":126,""workedMin"":168,""requiredMin"":168,""billableMin"":168,""allocationRatio"":1,""blockSize"":1},""_primeMeta"":{""sots"":""+10%"",""jour"":""+20% (férié)"",""xp"":""+4% (niv.6)"",""saison"":""+15%"",""offreDemande"":""N/A""},""_primeMultiplier"":1.575,""priceIsOverridden"":true,""priceOverridedAt"":""2026-04-18T02:26:25.572Z"",""calculatedPrice"":353,""proposalId"":""69e2ebd4380c8b58f60ef4fc"",""proposalStatus"":""rejected"",""proposedBy"":""698dd1b2193c860027a3457a"",""proposedAt"":""2026-04-18T02:26:25.572Z"",""talentCounterPrice"":null,""talentResponseNote"":null}}}","","","event","","","","[{""submittedBallot"":false,""roleSystemId"":""RL-000025"",""styleSystemIds"":[""ST-000165""],""joinedAt"":""2026-04-18T02:18:18.116Z"",""styleSystemId"":null,""sotsSubmitted"":null,""userId"":""698c747aee05acfdd23ea578"",""isNoShow"":null,""status"":""confirmed""},{""submittedBallot"":false,""roleSystemId"":""RL-000025"",""styleSystemIds"":[],""joinedAt"":""2026-04-18T02:18:24.942Z"",""styleSystemId"":null,""sotsSubmitted"":null,""userId"":""69cd302266f2193a99122757"",""isNoShow"":null,""status"":""confirmed""}]","69e2e9ac5e64a1209c1b21d5","6","","2","","","","","","","[{""roleSystemId"":""RL-000025"",""candidateUserId"":""698c747aee05acfdd23ea578"",""confirmedBy"":""698dd1b2193c860027a3457a"",""candidateStyleSystemIds"":[""ST-000165""],""slotId"":""SL-69e2e9ae0490c6ec4e2f825d-0"",""confirmedAt"":""2026-04-18T02:18:30.965Z"",""status"":""confirmed""}]","NC-0000000057","","[]","","","","aborted","69e2e9ae0490c6ec4e2f825d","2026-04-18T02:17:18.089000","2026-04-28T21:51:10.245000","service_eb508f39-ce3d-4391-bb12-d4211c02ede9","false"
"2026-04-18T01:05:58.362Z","69b48a2b7d5c0db589c6bb1c","{""lineupScenes"":[{""sceneId"":""sc-1"",""label"":""Scène principale"",""icon"":""🎛""}],""lineupSchedule"":[{""plageId"":""p-1"",""label"":""Warmup"",""timeStart"":""2026-06-09T15:00:00.000Z"",""timeEnd"":""2026-06-09T16:30:00.000Z""},{""plageId"":""p-2"",""label"":""Peak"",""timeStart"":""2026-06-09T16:30:00.000Z"",""timeEnd"":""2026-06-09T18:45:00.000Z""},{""plageId"":""p-3"",""label"":""Closer"",""timeStart"":""2026-06-09T18:45:00.000Z"",""timeEnd"":""2026-06-09T20:00:00.000Z""}],""lineupPlacements"":{""SL-69e2d75bc132a55a49e7564b-2:698dd1b2193c860027a3457a:sc-1:p-2"":{""slotId"":""SL-69e2d75bc132a55a49e7564b-2"",""userId"":""698dd1b2193c860027a3457a"",""sceneId"":""sc-1"",""plageId"":""p-2"",""roleSystemId"":""RL-000008"",""assignedPrice"":300,""assignedStyleSystemIds"":[],""isPlaced"":true,""_pricingMeta"":{""hourlyRate"":273.8,""workedMin"":135,""requiredMin"":135,""billableMin"":135,""allocationRatio"":1,""blockSize"":1},""_primeMeta"":{""sots"":""+10%"",""xp"":""+8% (niv.12)"",""saison"":""+15%"",""offreDemande"":""N/A""},""_primeMultiplier"":1.369,""priceIsOverridden"":true,""priceOverridedAt"":""2026-04-18T01:00:16.533Z"",""calculatedPrice"":616,""proposalId"":""69e2d7a366dd94d47ee65018"",""proposalStatus"":""accepted"",""proposedBy"":""69b48a2b7d5c0db589c6bb1c"",""proposedAt"":""2026-04-18T01:00:16.533Z"",""talentCounterPrice"":300,""talentResponseNote"":null},""SL-69e2d75bc132a55a49e7564b-1:698c747aee05acfdd23ea578:sc-1:p-3"":{""slotId"":""SL-69e2d75bc132a55a49e7564b-1"",""userId"":""698c747aee05acfdd23ea578"",""sceneId"":""sc-1"",""plageId"":""p-3"",""roleSystemId"":""RL-001001"",""assignedPrice"":200,""assignedStyleSystemIds"":[],""isPlaced"":false,""_pricingMeta"":{""hourlyRate"":180.63,""workedMin"":75,""requiredMin"":75,""billableMin"":75,""allocationRatio"":1,""blockSize"":1},""_primeMeta"":{""sots"":""+10%"",""xp"":""+14% (niv.20)"",""saison"":""+15%"",""offreDemande"":""N/A""},""_primeMultiplier"":1.445,""priceIsOverridden"":true,""priceOverridedAt"":""2026-04-18T01:01:10.642Z"",""calculatedPrice"":226,""proposalId"":""69e2d7d98308b1c472f17b1d"",""proposalStatus"":""rejected"",""proposedBy"":""69b48a2b7d5c0db589c6bb1c"",""proposedAt"":""2026-04-18T01:01:10.642Z"",""talentCounterPrice"":300,""talentResponseNote"":null,""currentOfferPrice"":235},""SL-69e2d75bc132a55a49e7564b-1:698c747aee05acfdd23ea578:sc-1:p-1"":{""slotId"":""SL-69e2d75bc132a55a49e7564b-1"",""userId"":""698c747aee05acfdd23ea578"",""sceneId"":""sc-1"",""plageId"":""p-1"",""roleSystemId"":""RL-001001"",""assignedPrice"":100,""assignedStyleSystemIds"":[],""isPlaced"":true,""_pricingMeta"":{""hourlyRate"":180.63,""workedMin"":90,""requiredMin"":90,""billableMin"":90,""allocationRatio"":1,""blockSize"":1},""_primeMeta"":{""sots"":""+10%"",""xp"":""+14% (niv.20)"",""saison"":""+15%"",""offreDemande"":""N/A""},""_primeMultiplier"":1.445,""priceIsOverridden"":true,""priceOverridedAt"":""2026-04-18T01:03:28.558Z"",""calculatedPrice"":271,""proposalId"":""69e2d863c0bd8d19b93e235e"",""proposalStatus"":""accepted"",""proposedBy"":""69b48a2b7d5c0db589c6bb1c"",""proposedAt"":""2026-04-18T01:03:28.558Z"",""talentCounterPrice"":null,""talentResponseNote"":null}}}","","","event","","2026-04-18T01:05:40.546Z","","[{""submittedBallot"":true,""roleSystemId"":""RL-000008"",""styleSystemIds"":[""ST-000077"",""ST-000103""],""joinedAt"":""2026-04-18T00:59:41.252Z"",""styleSystemId"":null,""sotsSubmitted"":true,""userId"":""698dd1b2193c860027a3457a"",""isNoShow"":null,""status"":""confirmed""},{""submittedBallot"":true,""roleSystemId"":""RL-001001"",""styleSystemIds"":[],""joinedAt"":""2026-04-18T00:59:54.959Z"",""styleSystemId"":null,""sotsSubmitted"":true,""userId"":""698c747aee05acfdd23ea578"",""isNoShow"":null,""status"":""confirmed""},{""submittedBallot"":true,""roleSystemId"":""RL-ORGANIZER"",""styleSystemIds"":[""ST-000077"",""ST-000103""],""joinedAt"":""2026-04-18T01:05:40.546Z"",""styleSystemId"":null,""sotsSubmitted"":true,""userId"":""69b48a2b7d5c0db589c6bb1c"",""isNoShow"":null,""status"":""confirmed""}]","69e2d75ab661d22b7d4d43d6","6","","2","","","","","","","[{""roleSystemId"":""RL-000101"",""candidateUserId"":null,""confirmedBy"":null,""candidateStyleSystemIds"":[],""slotId"":""SL-69e2d75bc132a55a49e7564b-0"",""confirmedAt"":null,""status"":""open""},{""roleSystemId"":""RL-001001"",""candidateUserId"":null,""confirmedBy"":null,""candidateStyleSystemIds"":[],""slotId"":""SL-69e2d75bc132a55a49e7564b-1"",""confirmedAt"":null,""status"":""open""},{""roleSystemId"":""RL-000008"",""candidateUserId"":""698dd1b2193c860027a3457a"",""confirmedBy"":""69b48a2b7d5c0db589c6bb1c"",""candidateStyleSystemIds"":[""ST-000077"",""ST-000103""],""slotId"":""SL-69e2d75bc132a55a49e7564b-2"",""confirmedAt"":""2026-04-18T00:59:56.603Z"",""status"":""confirmed""}]","NC-0000000310","","[""698c747aee05acfdd23ea578"",""69b48a2b7d5c0db589c6bb1c"",""698dd1b2193c860027a3457a""]","","","","sots_submitted","69e2d75bc132a55a49e7564b","2026-04-18T00:59:07.739000","2026-04-18T01:06:34.445000","service_eb508f39-ce3d-4391-bb12-d4211c02ede9","false"
"2026-04-18T00:36:44.241Z","69b48a2b7d5c0db589c6bb1c","{""lineupScenes"":[{""sceneId"":""sc-1"",""label"":""Scène principale"",""icon"":""🎛""}],""lineupSchedule"":[{""plageId"":""p-1"",""label"":""Warmup"",""timeStart"":""2026-06-07T20:00:00.000Z"",""timeEnd"":""2026-06-07T20:54:00.000Z""},{""plageId"":""p-2"",""label"":""Peak"",""timeStart"":""2026-06-07T20:54:00.000Z"",""timeEnd"":""2026-06-07T22:15:00.000Z""},{""plageId"":""p-3"",""label"":""Closer"",""timeStart"":""2026-06-07T22:15:00.000Z"",""timeEnd"":""2026-06-07T23:00:00.000Z""}],""lineupPlacements"":{""SL-69e2cf1046384c59095815aa-1:698c747aee05acfdd23ea578:sc-1:p-2"":{""slotId"":""SL-69e2cf1046384c59095815aa-1"",""userId"":""698c747aee05acfdd23ea578"",""sceneId"":""sc-1"",""plageId"":""p-2"",""roleSystemId"":""RL-000025"",""assignedPrice"":50,""assignedStyleSystemIds"":[],""isPlaced"":false,""_pricingMeta"":{""hourlyRate"":79.5,""workedMin"":81,""requiredMin"":81,""billableMin"":81,""allocationRatio"":1,""blockSize"":1},""_primeMeta"":{""sots"":""+10%"",""jour"":""+10% (WE)"",""xp"":""+14% (niv.20)"",""saison"":""+15%"",""offreDemande"":""N/A""},""_primeMultiplier"":1.59,""priceIsOverridden"":true,""priceOverridedAt"":""2026-04-18T00:24:52.444Z"",""calculatedPrice"":107,""proposalId"":""69e2cf57c0d13de870e55571"",""proposalStatus"":""rejected"",""proposedBy"":""69b48a2b7d5c0db589c6bb1c"",""proposedAt"":""2026-04-18T00:24:52.444Z"",""talentCounterPrice"":null,""talentResponseNote"":null},""SL-69e2cf1046384c59095815aa-0:698dd1b2193c860027a3457a:sc-1:p-3"":{""slotId"":""SL-69e2cf1046384c59095815aa-0"",""userId"":""698dd1b2193c860027a3457a"",""sceneId"":""sc-1"",""plageId"":""p-3"",""roleSystemId"":""RL-000009"",""assignedPrice"":200,""assignedStyleSystemIds"":[],""isPlaced"":true,""_pricingMeta"":{""hourlyRate"":602.4,""workedMin"":45,""requiredMin"":45,""billableMin"":45,""allocationRatio"":1,""blockSize"":1},""_primeMeta"":{""sots"":""+10%"",""jour"":""+10% (WE)"",""xp"":""+8% (niv.12)"",""saison"":""+15%"",""offreDemande"":""N/A""},""_primeMultiplier"":1.506,""priceIsOverridden"":true,""priceOverridedAt"":""2026-04-18T00:28:10.600Z"",""calculatedPrice"":452,""proposalId"":""69e2d01dc04b6d0079288a55"",""proposalStatus"":""pending_organizer"",""proposedBy"":""69b48a2b7d5c0db589c6bb1c"",""proposedAt"":""2026-04-18T00:28:10.600Z"",""talentCounterPrice"":250,""talentResponseNote"":null}}}","","","event","","2026-04-18T00:36:04.646Z","","[{""submittedBallot"":true,""roleSystemId"":""RL-000009"",""styleSystemIds"":[],""joinedAt"":""2026-04-18T00:24:16.572Z"",""styleSystemId"":null,""sotsSubmitted"":true,""userId"":""698dd1b2193c860027a3457a"",""isNoShow"":null,""status"":""confirmed""},{""submittedBallot"":false,""roleSystemId"":""RL-000025"",""styleSystemIds"":[""ST-000165""],""joinedAt"":""2026-04-18T00:24:23.249Z"",""styleSystemId"":null,""sotsSubmitted"":null,""userId"":""698c747aee05acfdd23ea578"",""isNoShow"":null,""status"":""confirmed""},{""submittedBallot"":true,""roleSystemId"":""RL-ORGANIZER"",""styleSystemIds"":[""ST-000165""],""joinedAt"":""2026-04-18T00:36:04.646Z"",""styleSystemId"":null,""sotsSubmitted"":true,""userId"":""69b48a2b7d5c0db589c6bb1c"",""isNoShow"":null,""status"":""confirmed""}]","69e2cf0fe7c8b194afd3d8f8","6","","2","","","","","","","[{""roleSystemId"":""RL-000009"",""candidateUserId"":""698dd1b2193c860027a3457a"",""confirmedBy"":""69b48a2b7d5c0db589c6bb1c"",""candidateStyleSystemIds"":[],""slotId"":""SL-69e2cf1046384c59095815aa-0"",""confirmedAt"":""2026-04-18T00:24:27.773Z"",""status"":""confirmed""},{""roleSystemId"":""RL-000025"",""candidateUserId"":""698c747aee05acfdd23ea578"",""confirmedBy"":""69b48a2b7d5c0db589c6bb1c"",""candidateStyleSystemIds"":[""ST-000165""],""slotId"":""SL-69e2cf1046384c59095815aa-1"",""confirmedAt"":""2026-04-18T00:24:30.993Z"",""status"":""confirmed""}]","NC-0000000165","","[""69b48a2b7d5c0db589c6bb1c"",""698dd1b2193c860027a3457a""]","","","","archived","69e2cf1046384c59095815aa","2026-04-18T00:23:44.893000","2026-04-22T18:25:40.976000","service_eb508f39-ce3d-4391-bb12-d4211c02ede9","false"
"2026-04-17T22:42:08.354Z","698c747aee05acfdd23ea578","{""lineupScenes"":[{""sceneId"":""sc-1"",""label"":""Scène principale"",""icon"":""🎛""},{""sceneId"":""sc-1776460825625"",""label"":""Micro"",""icon"":""🎤""}],""lineupSchedule"":[{""plageId"":""p-1"",""label"":""Accueil"",""timeStart"":""2026-06-17T19:00:00.000Z"",""timeEnd"":""2026-06-17T19:36:00.000Z""},{""plageId"":""p-2"",""label"":""Conférence"",""timeStart"":""2026-06-17T19:36:00.000Z"",""timeEnd"":""2026-06-17T20:57:00.000Z""},{""plageId"":""p-3"",""label"":""Cocktail"",""timeStart"":""2026-06-17T20:57:00.000Z"",""timeEnd"":""2026-06-17T22:00:00.000Z""}],""lineupPlacements"":{""SL-69e2a42938525529663121c9-1:698dd1b2193c860027a3457a:sc-1:p-1"":{""slotId"":""SL-69e2a42938525529663121c9-1"",""userId"":""698dd1b2193c860027a3457a"",""sceneId"":""sc-1"",""plageId"":""p-1"",""roleSystemId"":""RL-000025"",""assignedPrice"":100,""assignedStyleSystemIds"":[],""isPlaced"":true,""_pricingMeta"":{""hourlyRate"":273.8,""workedMin"":36,""requiredMin"":117,""billableMin"":117,""allocationRatio"":0.3076923076923077,""blockSize"":2},""_primeMeta"":{""sots"":""+10%"",""xp"":""+8% (niv.12)"",""saison"":""+15%"",""offreDemande"":""N/A""},""_primeMultiplier"":1.369,""priceIsOverridden"":true,""priceOverridedAt"":""2026-04-17T21:23:17.404Z"",""calculatedPrice"":164,""proposalId"":""69e2a4c88d1fc4cac977d21a"",""proposalStatus"":""pending_talent"",""proposedBy"":""698c747aee05acfdd23ea578"",""proposedAt"":""2026-04-17T21:23:17.404Z"",""talentCounterPrice"":null,""talentResponseNote"":null},""SL-69e2a42938525529663121c9-1:698dd1b2193c860027a3457a:sc-1:p-2"":{""slotId"":""SL-69e2a42938525529663121c9-1"",""userId"":""698dd1b2193c860027a3457a"",""sceneId"":""sc-1"",""plageId"":""p-2"",""roleSystemId"":""RL-000025"",""assignedPrice"":200,""assignedStyleSystemIds"":[],""isPlaced"":true,""_pricingMeta"":{""hourlyRate"":273.8,""workedMin"":81,""requiredMin"":117,""billableMin"":117,""allocationRatio"":0.6923076923076923,""blockSize"":2},""_primeMeta"":{""sots"":""+10%"",""xp"":""+8% (niv.12)"",""saison"":""+15%"",""offreDemande"":""N/A""},""_primeMultiplier"":1.369,""priceIsOverridden"":true,""priceOverridedAt"":""2026-04-17T21:46:47.205Z"",""calculatedPrice"":370,""proposalId"":""69e2aa4aa5ebd9dcad434b64"",""proposalStatus"":""pending_organizer"",""proposedBy"":""698c747aee05acfdd23ea578"",""proposedAt"":""2026-04-17T21:46:47.205Z"",""talentCounterPrice"":240,""talentResponseNote"":null},""SL-69e2a42938525529663121c9-2:698d204286a5af9808991620:sc-1776460825625:p-3"":{""slotId"":""SL-69e2a42938525529663121c9-2"",""userId"":""698d204286a5af9808991620"",""sceneId"":""sc-1776460825625"",""plageId"":""p-3"",""roleSystemId"":""RL-000008"",""assignedPrice"":150,""assignedStyleSystemIds"":[],""isPlaced"":false,""_pricingMeta"":{""hourlyRate"":144.5,""workedMin"":63,""requiredMin"":63,""billableMin"":63,""allocationRatio"":1,""blockSize"":1},""_primeMeta"":{""sots"":""+10%"",""xp"":""+14% (niv.20)"",""saison"":""+15%"",""offreDemande"":""N/A""},""_primeMultiplier"":1.445,""priceIsOverridden"":true,""priceOverridedAt"":""2026-04-17T21:48:50.250Z"",""calculatedPrice"":152,""proposalId"":""69e2aac4ecbe218db7035931"",""proposalStatus"":""rejected"",""proposedBy"":""698c747aee05acfdd23ea578"",""proposedAt"":""2026-04-17T21:48:50.250Z"",""talentCounterPrice"":null,""talentResponseNote"":null},""SL-69e2a42938525529663121c9-0:69b48a2b7d5c0db589c6bb1c:sc-1776460825625:p-1"":{""slotId"":""SL-69e2a42938525529663121c9-0"",""userId"":""69b48a2b7d5c0db589c6bb1c"",""sceneId"":""sc-1776460825625"",""plageId"":""p-1"",""roleSystemId"":""RL-000010"",""assignedPrice"":50,""assignedStyleSystemIds"":[],""isPlaced"":true,""_pricingMeta"":{""hourlyRate"":110.32,""workedMin"":36,""requiredMin"":36,""billableMin"":36,""allocationRatio"":1,""blockSize"":1},""_primeMeta"":{""sots"":""+10%"",""xp"":""+9% (niv.13)"",""saison"":""+15%"",""offreDemande"":""N/A""},""_primeMultiplier"":1.379,""priceIsOverridden"":true,""priceOverridedAt"":""2026-04-17T22:02:20.264Z"",""calculatedPrice"":66,""proposalId"":""69e2adf0cb7772126b877b9e"",""proposalStatus"":""accepted"",""proposedBy"":""698c747aee05acfdd23ea578"",""proposedAt"":""2026-04-17T22:02:20.264Z"",""talentCounterPrice"":null,""talentResponseNote"":null}}}","","","event","","2026-04-17T22:05:41.581Z","","[{""submittedBallot"":true,""roleSystemId"":""RL-000025"",""styleSystemIds"":[""ST-000165""],""joinedAt"":""2026-04-17T21:21:16.217Z"",""styleSystemId"":null,""sotsSubmitted"":true,""userId"":""698dd1b2193c860027a3457a"",""isNoShow"":null,""status"":""confirmed""},{""submittedBallot"":true,""roleSystemId"":""RL-000008"",""styleSystemIds"":[""ST-000088"",""ST-000074""],""joinedAt"":""2026-04-17T21:21:52.229Z"",""styleSystemId"":null,""sotsSubmitted"":true,""userId"":""698d204286a5af9808991620"",""isNoShow"":null,""status"":""confirmed""},{""submittedBallot"":true,""roleSystemId"":""RL-000010"",""styleSystemIds"":[],""joinedAt"":""2026-04-17T21:22:37.648Z"",""styleSystemId"":null,""sotsSubmitted"":true,""userId"":""69b48a2b7d5c0db589c6bb1c"",""isNoShow"":null,""status"":""confirmed""},{""submittedBallot"":true,""roleSystemId"":""RL-ORGANIZER"",""styleSystemIds"":[""ST-000165"",""ST-000088"",""ST-000074""],""joinedAt"":""2026-04-17T22:05:41.581Z"",""styleSystemId"":null,""sotsSubmitted"":true,""userId"":""698c747aee05acfdd23ea578"",""isNoShow"":null,""status"":""confirmed""}]","69e2a427fcddd91985cf7791","6","","2","","","","","","","[{""roleSystemId"":""RL-000010"",""candidateUserId"":""69b48a2b7d5c0db589c6bb1c"",""confirmedBy"":""698c747aee05acfdd23ea578"",""candidateStyleSystemIds"":[],""slotId"":""SL-69e2a42938525529663121c9-0"",""confirmedAt"":""2026-04-17T21:23:01.762Z"",""status"":""confirmed""},{""roleSystemId"":""RL-000025"",""candidateUserId"":""698dd1b2193c860027a3457a"",""confirmedBy"":""698c747aee05acfdd23ea578"",""candidateStyleSystemIds"":[""ST-000165""],""slotId"":""SL-69e2a42938525529663121c9-1"",""confirmedAt"":""2026-04-17T21:21:28.187Z"",""status"":""confirmed""},{""roleSystemId"":""RL-000008"",""candidateUserId"":""698d204286a5af9808991620"",""confirmedBy"":""698c747aee05acfdd23ea578"",""candidateStyleSystemIds"":[""ST-000088"",""ST-000074""],""slotId"":""SL-69e2a42938525529663121c9-2"",""confirmedAt"":""2026-04-17T21:21:58.206Z"",""status"":""confirmed""}]","NC-0000000049","","[""698dbd987dbcc355eec0ff7c"",""698c747aee05acfdd23ea578"",""69b48a2b7d5c0db589c6bb1c"",""698dd1b2193c860027a3457a"",""698dbbf753d545317578c200"",""698d204286a5af9808991620""]","","","","sots_submitted","69e2a42938525529663121c9","2026-04-17T21:20:41.260000","2026-04-18T14:23:59.820000","service_eb508f39-ce3d-4391-bb12-d4211c02ede9","false"
"2026-04-17T18:06:40.911Z","698dd1b2193c860027a3457a","{""lineupScenes"":[{""sceneId"":""sc-1"",""label"":""Scène principale"",""icon"":""🎛""},{""sceneId"":""sc-1776447229711"",""label"":""Round"",""icon"":""🎤""},{""sceneId"":""sc-1776447230671"",""label"":""Physionomiste"",""icon"":""🎭""},{""sceneId"":""sc-1776447362046"",""label"":""Bar"",""icon"":""🍸""}],""lineupSchedule"":[{""plageId"":""p-1"",""label"":""Accueil"",""timeStart"":""2026-04-17T23:00:00.000Z"",""timeEnd"":""2026-04-17T23:48:00.000Z""},{""plageId"":""p-2"",""label"":""Conférence"",""timeStart"":""2026-04-17T23:48:00.000Z"",""timeEnd"":""2026-04-18T01:36:00.000Z""},{""plageId"":""p-3"",""label"":""Cocktail"",""timeStart"":""2026-04-18T01:36:00.000Z"",""timeEnd"":""2026-04-18T03:00:00.000Z""}],""lineupPlacements"":{""SL-69e27063426fb381e3c30b19-2:69be7dd0c77c2ac0d788be7e:sc-1:p-3"":{""slotId"":""SL-69e27063426fb381e3c30b19-2"",""userId"":""69be7dd0c77c2ac0d788be7e"",""sceneId"":""sc-1"",""plageId"":""p-3"",""roleSystemId"":""RL-000008"",""assignedPrice"":200,""assignedStyleSystemIds"":[],""isPlaced"":true,""_pricingMeta"":{""hourlyRate"":100,""workedMin"":84,""requiredMin"":84,""billableMin"":84,""allocationRatio"":1,""blockSize"":1},""_primeMeta"":{""urgence"":""+25%"",""offreDemande"":""N/A""},""_primeMultiplier"":1.25,""priceIsOverridden"":true,""priceOverridedAt"":""2026-04-17T17:41:26.511Z"",""calculatedPrice"":140,""proposalId"":""69e270caffe2f15e6b113eb0"",""proposalStatus"":""pending_talent"",""proposedBy"":""698dd1b2193c860027a3457a"",""proposedAt"":""2026-04-17T17:41:26.511Z"",""talentCounterPrice"":null,""talentResponseNote"":null},""SL-69e27063426fb381e3c30b19-2:69be7dd0c77c2ac0d788be7e:sc-1:p-1"":{""slotId"":""SL-69e27063426fb381e3c30b19-2"",""userId"":""69be7dd0c77c2ac0d788be7e"",""sceneId"":""sc-1"",""plageId"":""p-1"",""roleSystemId"":""RL-000008"",""assignedPrice"":100,""assignedStyleSystemIds"":[],""isPlaced"":true,""_pricingMeta"":{""hourlyRate"":100,""workedMin"":48,""requiredMin"":48,""billableMin"":48,""allocationRatio"":1,""blockSize"":1},""_primeMeta"":{""urgence"":""+25%"",""offreDemande"":""N/A""},""_primeMultiplier"":1.25,""priceIsOverridden"":true,""priceOverridedAt"":""2026-04-17T17:41:50.495Z"",""calculatedPrice"":80,""proposalId"":""69e270e1cdb101e55ec4ffc9"",""proposalStatus"":""pending_talent"",""proposedBy"":""698dd1b2193c860027a3457a"",""proposedAt"":""2026-04-17T17:41:50.495Z"",""talentCounterPrice"":null,""talentResponseNote"":null},""SL-69e27063426fb381e3c30b19-3:69b5fabdcdff0f2e42039d46:sc-1776447229711:p-2"":{""slotId"":""SL-69e27063426fb381e3c30b19-3"",""userId"":""69b5fabdcdff0f2e42039d46"",""sceneId"":""sc-1776447229711"",""plageId"":""p-2"",""roleSystemId"":""RL-000025"",""assignedPrice"":120,""assignedStyleSystemIds"":[],""isPlaced"":true,""_pricingMeta"":{""hourlyRate"":110,""workedMin"":108,""requiredMin"":108,""billableMin"":108,""allocationRatio"":1,""blockSize"":1},""_primeMeta"":{""sots"":""+10%"",""urgence"":""+25%"",""offreDemande"":""N/A""},""_primeMultiplier"":1.375,""priceIsOverridden"":true,""priceOverridedAt"":""2026-04-17T17:43:37.771Z"",""calculatedPrice"":198,""proposalId"":""69e2714c65cd1468cc180da2"",""proposalStatus"":""pending_talent"",""proposedBy"":""698dd1b2193c860027a3457a"",""proposedAt"":""2026-04-17T17:43:37.771Z"",""talentCounterPrice"":null,""talentResponseNote"":null}}}","","","event","","2026-04-17T18:06:18.287Z","","[{""submittedBallot"":false,""roleSystemId"":""RL-000008"",""styleSystemIds"":[],""joinedAt"":""2026-04-17T17:40:25.864Z"",""styleSystemId"":null,""sotsSubmitted"":null,""userId"":""69be7dd0c77c2ac0d788be7e"",""isNoShow"":null,""status"":""confirmed""},{""submittedBallot"":false,""roleSystemId"":""RL-000025"",""styleSystemIds"":[],""joinedAt"":""2026-04-17T17:42:26.037Z"",""styleSystemId"":null,""sotsSubmitted"":null,""userId"":""69b5fabdcdff0f2e42039d46"",""isNoShow"":null,""status"":""confirmed""},{""submittedBallot"":true,""roleSystemId"":""RL-ORGANIZER"",""styleSystemIds"":[],""joinedAt"":""2026-04-17T18:06:18.287Z"",""styleSystemId"":null,""sotsSubmitted"":true,""userId"":""698dd1b2193c860027a3457a"",""isNoShow"":null,""status"":""confirmed""}]","69e2705d6a092f499ec04025","6","","2","","","","","","","[{""roleSystemId"":""RL-000101"",""candidateUserId"":null,""confirmedBy"":null,""candidateStyleSystemIds"":[],""slotId"":""SL-69e27063426fb381e3c30b19-0"",""confirmedAt"":null,""status"":""open""},{""roleSystemId"":""RL-001001"",""candidateUserId"":null,""confirmedBy"":null,""candidateStyleSystemIds"":[],""slotId"":""SL-69e27063426fb381e3c30b19-1"",""confirmedAt"":null,""status"":""open""},{""roleSystemId"":""RL-000008"",""candidateUserId"":""69be7dd0c77c2ac0d788be7e"",""confirmedBy"":""698dd1b2193c860027a3457a"",""candidateStyleSystemIds"":[],""slotId"":""SL-69e27063426fb381e3c30b19-2"",""confirmedAt"":""2026-04-17T17:40:49.231Z"",""status"":""confirmed""},{""roleSystemId"":""RL-000025"",""candidateUserId"":""69b5fabdcdff0f2e42039d46"",""confirmedBy"":""698dd1b2193c860027a3457a"",""candidateStyleSystemIds"":[],""slotId"":""SL-69e27063426fb381e3c30b19-3"",""confirmedAt"":""2026-04-17T17:42:48.831Z"",""status"":""confirmed""}]","NC-0000000165","","[""698dd1b2193c860027a3457a""]","","","","archived","69e27063426fb381e3c30b19","2026-04-17T17:39:47.475000","2026-04-20T18:25:40.419000","service_eb508f39-ce3d-4391-bb12-d4211c02ede9","false"
"2026-04-17T17:40:07.574Z","69be7dd0c77c2ac0d788be7e","","2026-04-17T17:24:26.555Z","2026-04-17T17:24:26.555Z","quickplay","69be7dd0c77c2ac0d788be7e","2026-04-17T17:24:26.555Z","2026-04-17T17:24:26.555Z","[{""submittedBallot"":true,""roleSystemId"":""RL-000008"",""styleSystemIds"":[""ST-000099"",""ST-000092""],""joinedAt"":""2026-04-17T17:17:53.142Z"",""styleSystemId"":""ST-000099"",""sotsSubmitted"":true,""userId"":""69be7dd0c77c2ac0d788be7e"",""isNoShow"":null,""status"":""ready""},{""submittedBallot"":false,""roleSystemId"":""RL-000010"",""styleSystemIds"":[""ST-000201""],""joinedAt"":""2026-04-17T17:17:53.142Z"",""styleSystemId"":""ST-000201"",""sotsSubmitted"":null,""userId"":""69b5fabdcdff0f2e42039d46"",""isNoShow"":null,""status"":""ready""},{""submittedBallot"":false,""roleSystemId"":""RL-000008"",""styleSystemIds"":[""ST-000103""],""joinedAt"":""2026-04-17T17:17:56.983Z"",""styleSystemId"":""ST-000103"",""sotsSubmitted"":null,""userId"":""698dd1b2193c860027a3457a"",""isNoShow"":null,""status"":""ready""}]","","6","","2","","2026-04-17T17:24:26.555Z","","","","2026-04-17T17:17:53.142Z","[]","NC-0000000249","","[""69be7dd0c77c2ac0d788be7e""]","69be7dd0c77c2ac0d788be7e","","69be7dd0c77c2ac0d788be7e","archived","69e26b42eccc4206778647b2","2026-04-17T17:17:54.651000","2026-04-20T18:25:40.496000","service_eb508f39-ce3d-4391-bb12-d4211c02ede9","false"
"","698c747aee05acfdd23ea578","{""lineupPlacements"":{""SL-69e234fd4383cc129ae58310-2:698d204286a5af9808991620:sc-1:p-3"":{""slotId"":""SL-69e234fd4383cc129ae58310-2"",""userId"":""698d204286a5af9808991620"",""sceneId"":""sc-1"",""plageId"":""p-3"",""roleSystemId"":""RL-000008"",""assignedPrice"":105,""assignedStyleSystemIds"":[],""isPlaced"":true,""_pricingMeta"":{""hourlyRate"":144.5,""workedMin"":63,""requiredMin"":180,""billableMin"":180,""allocationRatio"":0.35,""blockSize"":3},""_primeMeta"":{""sots"":""+10%"",""xp"":""+14% (niv.20)"",""saison"":""+15%"",""offreDemande"":""N/A""},""_primeMultiplier"":1.445,""priceIsOverridden"":true,""priceOverridedAt"":""2026-04-17T13:28:40.800Z"",""calculatedPrice"":152,""proposalId"":""69e2358bb5de6db0ab469bae"",""proposalStatus"":""pending_talent"",""proposedBy"":""698c747aee05acfdd23ea578"",""proposedAt"":""2026-04-17T13:28:40.800Z"",""talentCounterPrice"":null,""talentResponseNote"":null}}}","","","event","","","","[{""submittedBallot"":false,""roleSystemId"":""RL-000010"",""styleSystemIds"":[],""joinedAt"":""2026-04-17T13:26:40.251Z"",""styleSystemId"":null,""sotsSubmitted"":null,""userId"":""69b48a2b7d5c0db589c6bb1c"",""isNoShow"":null,""status"":""confirmed""},{""submittedBallot"":false,""roleSystemId"":""RL-000025"",""styleSystemIds"":[""ST-000155""],""joinedAt"":""2026-04-17T13:26:41.363Z"",""styleSystemId"":null,""sotsSubmitted"":null,""userId"":""698dbbf753d545317578c200"",""isNoShow"":null,""status"":""confirmed""},{""submittedBallot"":false,""roleSystemId"":""RL-000008"",""styleSystemIds"":[""ST-000088"",""ST-000074""],""joinedAt"":""2026-04-17T13:26:41.912Z"",""styleSystemId"":null,""sotsSubmitted"":null,""userId"":""698d204286a5af9808991620"",""isNoShow"":null,""status"":""confirmed""}]","69e234fc0c311bac9b82cea9","6","","2","","","","","","","[{""roleSystemId"":""RL-000010"",""candidateUserId"":""69b48a2b7d5c0db589c6bb1c"",""confirmedBy"":""698c747aee05acfdd23ea578"",""candidateStyleSystemIds"":[],""slotId"":""SL-69e234fd4383cc129ae58310-0"",""confirmedAt"":""2026-04-17T13:26:55.001Z"",""status"":""confirmed""},{""roleSystemId"":""RL-000025"",""candidateUserId"":""698dbbf753d545317578c200"",""confirmedBy"":""698c747aee05acfdd23ea578"",""candidateStyleSystemIds"":[""ST-000155""],""slotId"":""SL-69e234fd4383cc129ae58310-1"",""confirmedAt"":""2026-04-17T13:26:57.402Z"",""status"":""confirmed""},{""roleSystemId"":""RL-000008"",""candidateUserId"":""698d204286a5af9808991620"",""confirmedBy"":""698c747aee05acfdd23ea578"",""candidateStyleSystemIds"":[""ST-000088"",""ST-000074""],""slotId"":""SL-69e234fd4383cc129ae58310-2"",""confirmedAt"":""2026-04-17T13:26:52.070Z"",""status"":""confirmed""}]","NC-0000000057","","[]","","","","aborted","69e234fd4383cc129ae58310","2026-04-17T13:26:21.540000","2026-04-28T21:47:44.988000","service_eb508f39-ce3d-4391-bb12-d4211c02ede9","false"
"","698c747aee05acfdd23ea578","{""lineupPlacements"":{""SL-69e23275473d6042cd8f7cc4-2:698dbbf753d545317578c200:sc-1776431723944:p-5"":{""assignedPrice"":105,""priceIsOverridden"":true,""priceOverridedAt"":""2026-04-17T13:19:09.997Z"",""calculatedPrice"":0,""proposalId"":""69e2334faa72f5e3bab456ec"",""proposalStatus"":""pending_talent"",""proposedBy"":""698c747aee05acfdd23ea578"",""proposedAt"":""2026-04-17T13:19:09.997Z"",""talentCounterPrice"":null,""talentResponseNote"":null}}}","","","event","","","","[{""submittedBallot"":false,""roleSystemId"":""RL-000008"",""styleSystemIds"":[""ST-000075"",""ST-000192""],""joinedAt"":""2026-04-17T13:15:56.102Z"",""styleSystemId"":null,""sotsSubmitted"":null,""userId"":""69b48a2b7d5c0db589c6bb1c"",""isNoShow"":null,""status"":""confirmed""},{""submittedBallot"":false,""roleSystemId"":""RL-000010"",""styleSystemIds"":[""ST-000219""],""joinedAt"":""2026-04-17T13:15:56.802Z"",""styleSystemId"":null,""sotsSubmitted"":null,""userId"":""698dbbf753d545317578c200"",""isNoShow"":null,""status"":""confirmed""},{""submittedBallot"":false,""roleSystemId"":""RL-000025"",""styleSystemIds"":[""ST-000165""],""joinedAt"":""2026-04-17T13:16:17.613Z"",""styleSystemId"":null,""sotsSubmitted"":null,""userId"":""698d204286a5af9808991620"",""isNoShow"":null,""status"":""confirmed""}]","69e23274f03ed4a9f01b2198","6","","2","","","","","","","[{""roleSystemId"":""RL-000025"",""candidateUserId"":""698d204286a5af9808991620"",""confirmedBy"":""698c747aee05acfdd23ea578"",""candidateStyleSystemIds"":[""ST-000165""],""slotId"":""SL-69e23275473d6042cd8f7cc4-0"",""confirmedAt"":""2026-04-17T13:16:25.309Z"",""status"":""confirmed""},{""roleSystemId"":""RL-000008"",""candidateUserId"":""69b48a2b7d5c0db589c6bb1c"",""confirmedBy"":""698c747aee05acfdd23ea578"",""candidateStyleSystemIds"":[""ST-000075"",""ST-000192""],""slotId"":""SL-69e23275473d6042cd8f7cc4-1"",""confirmedAt"":""2026-04-17T13:16:28.567Z"",""status"":""confirmed""},{""roleSystemId"":""RL-000010"",""candidateUserId"":""698dbbf753d545317578c200"",""confirmedBy"":""698c747aee05acfdd23ea578"",""candidateStyleSystemIds"":[""ST-000219""],""slotId"":""SL-69e23275473d6042cd8f7cc4-2"",""confirmedAt"":""2026-04-17T13:16:31.854Z"",""status"":""confirmed""}]","NC-0000000161","","[]","","","","aborted","69e23275473d6042cd8f7cc4","2026-04-17T13:15:33.881000","2026-04-28T21:47:50.998000","service_eb508f39-ce3d-4391-bb12-d4211c02ede9","false"
"","698c747aee05acfdd23ea578","{""lineupPlacements"":{""SL-69e2311240a6a2d069f3a394-2:698dbbf753d545317578c200:sc-1:p-3"":{""assignedPrice"":60,""priceIsOverridden"":true,""priceOverridedAt"":""2026-04-17T13:13:58.411Z"",""calculatedPrice"":0,""proposalId"":""69e232185bf4d31bffd2b1d1"",""proposalStatus"":""pending_talent"",""proposedBy"":""698c747aee05acfdd23ea578"",""proposedAt"":""2026-04-17T13:13:58.411Z"",""talentCounterPrice"":null,""talentResponseNote"":null}}}","","","event","","","","[{""submittedBallot"":false,""roleSystemId"":""RL-000008"",""styleSystemIds"":[""ST-000219""],""joinedAt"":""2026-04-17T13:10:45.054Z"",""styleSystemId"":null,""sotsSubmitted"":null,""userId"":""698dbbf753d545317578c200"",""isNoShow"":null,""status"":""confirmed""},{""submittedBallot"":false,""roleSystemId"":""RL-000025"",""styleSystemIds"":[""ST-000165""],""joinedAt"":""2026-04-17T13:11:57.887Z"",""styleSystemId"":null,""sotsSubmitted"":null,""userId"":""698d204286a5af9808991620"",""isNoShow"":null,""status"":""confirmed""},{""submittedBallot"":false,""roleSystemId"":""RL-000010"",""styleSystemIds"":[],""joinedAt"":""2026-04-17T13:12:05.268Z"",""styleSystemId"":null,""sotsSubmitted"":null,""userId"":""69b48a2b7d5c0db589c6bb1c"",""isNoShow"":null,""status"":""confirmed""}]","69e231107c8a1c819e13d3a4","6","","2","","","","","","","[{""roleSystemId"":""RL-000010"",""candidateUserId"":""69b48a2b7d5c0db589c6bb1c"",""confirmedBy"":""698c747aee05acfdd23ea578"",""candidateStyleSystemIds"":[],""slotId"":""SL-69e2311240a6a2d069f3a394-0"",""confirmedAt"":""2026-04-17T13:12:08.771Z"",""status"":""confirmed""},{""roleSystemId"":""RL-000025"",""candidateUserId"":""698d204286a5af9808991620"",""confirmedBy"":""698c747aee05acfdd23ea578"",""candidateStyleSystemIds"":[""ST-000165""],""slotId"":""SL-69e2311240a6a2d069f3a394-1"",""confirmedAt"":""2026-04-17T13:12:12.393Z"",""status"":""confirmed""},{""roleSystemId"":""RL-000008"",""candidateUserId"":""698dbbf753d545317578c200"",""confirmedBy"":""698c747aee05acfdd23ea578"",""candidateStyleSystemIds"":[""ST-000219""],""slotId"":""SL-69e2311240a6a2d069f3a394-2"",""confirmedAt"":""2026-04-17T13:12:28.520Z"",""status"":""confirmed""}]","NC-0000000033","","[]","","","","aborted","69e2311240a6a2d069f3a394","2026-04-17T13:09:38.118000","2026-04-28T21:47:57.112000","service_eb508f39-ce3d-4391-bb12-d4211c02ede9","false"
"2026-04-17T00:49:48.083Z","698c747aee05acfdd23ea578","{""lineupScenes"":[{""sceneId"":""sc-1"",""label"":""Scène principale"",""icon"":""🎛""},{""sceneId"":""sc-1776386648834"",""label"":""Micro"",""icon"":""🎤""}],""lineupSchedule"":[{""plageId"":""p-1"",""label"":""Warmup"",""timeStart"":""2026-04-25T14:00:00.000Z"",""timeEnd"":""2026-04-25T16:24:00.000Z""},{""plageId"":""p-2"",""label"":""Peak"",""timeStart"":""2026-04-25T16:24:00.000Z"",""timeEnd"":""2026-04-25T22:00:00.000Z""}],""lineupPlacements"":{""SL-69e1826945004b14c9bf3551-0:698d204286a5af9808991620:sc-1:p-1"":{""slotId"":""SL-69e1826945004b14c9bf3551-0"",""userId"":""698d204286a5af9808991620"",""sceneId"":""sc-1"",""plageId"":""p-1"",""roleSystemId"":""RL-000025"",""assignedPrice"":0,""assignedStyleSystemIds"":[],""isPlaced"":true,""_pricingMeta"":{""hourlyRate"":276.4,""workedMin"":144,""requiredMin"":480,""billableMin"":480,""allocationRatio"":0.3,""blockSize"":2},""_primeMeta"":{""sots"":""+10%"",""jour"":""+10% (WE)"",""xp"":""+14% (niv.20)"",""offreDemande"":""N/A""},""_primeMultiplier"":1.382,""priceIsOverridden"":true,""priceOverridedAt"":""2026-04-17T00:45:07.508Z"",""calculatedPrice"":663,""proposalId"":""69e182965dd819d2ab8eec33"",""proposalStatus"":""accepted"",""proposedBy"":""698c747aee05acfdd23ea578"",""proposedAt"":""2026-04-17T00:45:07.508Z"",""talentCounterPrice"":null,""talentResponseNote"":null},""SL-69e1826945004b14c9bf3551-0:698d204286a5af9808991620:sc-1:p-2"":{""slotId"":""SL-69e1826945004b14c9bf3551-0"",""userId"":""698d204286a5af9808991620"",""sceneId"":""sc-1"",""plageId"":""p-2"",""roleSystemId"":""RL-000025"",""assignedPrice"":500,""assignedStyleSystemIds"":[],""isPlaced"":true,""_pricingMeta"":{""hourlyRate"":276.4,""workedMin"":336,""requiredMin"":480,""billableMin"":480,""allocationRatio"":0.7,""blockSize"":2},""_primeMeta"":{""sots"":""+10%"",""jour"":""+10% (WE)"",""xp"":""+14% (niv.20)"",""offreDemande"":""N/A""},""_primeMultiplier"":1.382,""priceIsOverridden"":true,""priceOverridedAt"":""2026-04-17T00:45:24.693Z"",""calculatedPrice"":1548,""proposalId"":""69e182a725ddd13dfdcb43c7"",""proposalStatus"":""pending_talent"",""proposedBy"":""698c747aee05acfdd23ea578"",""proposedAt"":""2026-04-17T00:45:24.693Z"",""talentCounterPrice"":null,""talentResponseNote"":null},""SL-69e1826945004b14c9bf3551-0:698dbbf753d545317578c200:sc-1776386648834:p-2"":{""slotId"":""SL-69e1826945004b14c9bf3551-0"",""userId"":""698dbbf753d545317578c200"",""sceneId"":""sc-1776386648834"",""plageId"":""p-2"",""roleSystemId"":""RL-000025"",""assignedPrice"":1000,""assignedStyleSystemIds"":[],""isPlaced"":true,""_pricingMeta"":{""hourlyRate"":166,""workedMin"":336,""requiredMin"":336,""billableMin"":336,""allocationRatio"":1,""blockSize"":1},""_primeMeta"":{""sots"":""+10%"",""jour"":""+10% (WE)"",""xp"":""+10% (niv.14)"",""offreDemande"":""N/A""},""_primeMultiplier"":1.328,""priceIsOverridden"":true,""priceOverridedAt"":""2026-04-17T00:47:58.249Z"",""calculatedPrice"":930,""proposalId"":""69e1834193100ee5dd0d69b5"",""proposalStatus"":""accepted"",""proposedBy"":""698c747aee05acfdd23ea578"",""proposedAt"":""2026-04-17T00:47:58.249Z"",""talentCounterPrice"":null,""talentResponseNote"":null}}}","","","event","","2026-04-17T00:49:17.535Z","","[{""submittedBallot"":false,""roleSystemId"":""RL-000025"",""styleSystemIds"":[],""joinedAt"":""2026-04-17T00:44:55.951Z"",""styleSystemId"":null,""sotsSubmitted"":null,""userId"":""698d204286a5af9808991620"",""isNoShow"":null,""status"":""confirmed""},{""submittedBallot"":false,""roleSystemId"":""RL-000025"",""styleSystemIds"":[""ST-000155""],""joinedAt"":""2026-04-17T00:46:53.533Z"",""styleSystemId"":null,""sotsSubmitted"":null,""userId"":""698dbbf753d545317578c200"",""isNoShow"":null,""status"":""confirmed""},{""submittedBallot"":false,""roleSystemId"":""RL-ORGANIZER"",""styleSystemIds"":[""ST-000155""],""joinedAt"":""2026-04-17T00:49:17.535Z"",""styleSystemId"":null,""sotsSubmitted"":false,""userId"":""698c747aee05acfdd23ea578"",""isNoShow"":null,""status"":""confirmed""}]","69e182682158155ce15ced4a","6","","2","","","","","","","[{""roleSystemId"":""RL-000025"",""candidateUserId"":""698d204286a5af9808991620"",""confirmedBy"":""698c747aee05acfdd23ea578"",""candidateStyleSystemIds"":[],""slotId"":""SL-69e1826945004b14c9bf3551-0"",""confirmedAt"":""2026-04-17T00:44:59.846Z"",""status"":""confirmed""}]","NC-0000000057","","[]","","","","archived","69e1826945004b14c9bf3551","2026-04-17T00:44:25.947000","2026-04-20T18:25:40.440000","service_eb508f39-ce3d-4391-bb12-d4211c02ede9","false"
"2026-04-16T23:12:43.956Z","698c747aee05acfdd23ea578","{""lineupScenes"":[{""sceneId"":""sc-1"",""label"":""Scène principale"",""icon"":""🎛""},{""sceneId"":""sc-1776380942994"",""label"":""Micro"",""icon"":""🎤""}],""lineupSchedule"":[{""plageId"":""p-1"",""label"":""Warmup"",""timeStart"":""2026-04-30T21:00:00.000Z"",""timeEnd"":""2026-04-30T22:12:00.000Z""},{""plageId"":""p-2"",""label"":""Peak"",""timeStart"":""2026-04-30T22:12:00.000Z"",""timeEnd"":""2026-05-01T01:00:00.000Z""}],""lineupPlacements"":{""SL-69e16c135d16de85e7467713-0:698dbbf753d545317578c200:sc-1:p-1"":{""slotId"":""SL-69e16c135d16de85e7467713-0"",""userId"":""698dbbf753d545317578c200"",""sceneId"":""sc-1"",""plageId"":""p-1"",""roleSystemId"":""RL-000001"",""assignedPrice"":70,""assignedStyleSystemIds"":[],""isPlaced"":true,""_pricingMeta"":{""hourlyRate"":96.56,""workedMin"":72,""requiredMin"":72,""billableMin"":72,""allocationRatio"":1,""blockSize"":1},""_primeMeta"":{""sots"":""+10%"",""xp"":""+10% (niv.14)"",""offreDemande"":""N/A""},""_primeMultiplier"":1.207,""priceIsOverridden"":true,""priceOverridedAt"":""2026-04-16T23:09:50.058Z"",""calculatedPrice"":116,""proposalId"":""69e16c40d8ed6fbbe81cf91b"",""proposalStatus"":""pending_talent"",""proposedBy"":""698c747aee05acfdd23ea578"",""proposedAt"":""2026-04-16T23:09:50.058Z"",""talentCounterPrice"":null,""talentResponseNote"":null},""SL-69e16c135d16de85e7467713-1:698d204286a5af9808991620:sc-1:p-2"":{""slotId"":""SL-69e16c135d16de85e7467713-1"",""userId"":""698d204286a5af9808991620"",""sceneId"":""sc-1"",""plageId"":""p-2"",""roleSystemId"":""RL-001001"",""assignedPrice"":560,""assignedStyleSystemIds"":[],""isPlaced"":true,""_pricingMeta"":{""hourlyRate"":125.7,""workedMin"":168,""requiredMin"":168,""billableMin"":168,""allocationRatio"":1,""blockSize"":1},""_primeMeta"":{""sots"":""+10%"",""xp"":""+14% (niv.20)"",""offreDemande"":""N/A""},""_primeMultiplier"":1.257,""priceIsOverridden"":true,""priceOverridedAt"":""2026-04-16T23:11:56.232Z"",""calculatedPrice"":352,""proposalId"":""69e16cbfec0b6e70103b6629"",""proposalStatus"":""pending_talent"",""proposedBy"":""698c747aee05acfdd23ea578"",""proposedAt"":""2026-04-16T23:11:56.232Z"",""talentCounterPrice"":null,""talentResponseNote"":null}}}","","","event","","2026-04-16T23:12:09.717Z","","[{""submittedBallot"":false,""roleSystemId"":""RL-000001"",""styleSystemIds"":[],""joinedAt"":""2026-04-16T23:09:27.553Z"",""styleSystemId"":null,""sotsSubmitted"":null,""userId"":""698dbbf753d545317578c200"",""isNoShow"":null,""status"":""confirmed""},{""submittedBallot"":false,""roleSystemId"":""RL-001001"",""styleSystemIds"":[],""joinedAt"":""2026-04-16T23:09:40.058Z"",""styleSystemId"":null,""sotsSubmitted"":null,""userId"":""698d204286a5af9808991620"",""isNoShow"":null,""status"":""confirmed""},{""submittedBallot"":false,""roleSystemId"":""RL-ORGANIZER"",""styleSystemIds"":[],""joinedAt"":""2026-04-16T23:12:09.717Z"",""styleSystemId"":null,""sotsSubmitted"":false,""userId"":""698c747aee05acfdd23ea578"",""isNoShow"":null,""status"":""confirmed""}]","69e16c116de5c4509261cc1b","6","","2","","","","","","","[{""roleSystemId"":""RL-000001"",""candidateUserId"":""698dbbf753d545317578c200"",""confirmedBy"":""698c747aee05acfdd23ea578"",""candidateStyleSystemIds"":[],""slotId"":""SL-69e16c135d16de85e7467713-0"",""confirmedAt"":""2026-04-16T23:09:35.311Z"",""status"":""confirmed""},{""roleSystemId"":""RL-001001"",""candidateUserId"":""698d204286a5af9808991620"",""confirmedBy"":""698c747aee05acfdd23ea578"",""candidateStyleSystemIds"":[],""slotId"":""SL-69e16c135d16de85e7467713-1"",""confirmedAt"":""2026-04-16T23:11:42.861Z"",""status"":""confirmed""}]","NC-0000000104","","[]","","","","archived","69e16c135d16de85e7467713","2026-04-16T23:09:07.712000","2026-04-20T18:25:40.416000","service_eb508f39-ce3d-4391-bb12-d4211c02ede9","false"
"2026-04-16T23:02:43.584Z","698d204286a5af9808991620","{""lineupScenes"":[{""sceneId"":""sc-1"",""label"":""Scène principale"",""icon"":""🎛""},{""sceneId"":""sc-1776380171697"",""label"":""Micro"",""icon"":""🎤""},{""sceneId"":""sc-1776380174351"",""label"":""Lounge"",""icon"":""🍸""}],""lineupSchedule"":[{""plageId"":""p-1"",""label"":""Cocktail"",""timeStart"":""2026-06-06T16:00:00.000Z"",""timeEnd"":""2026-06-06T17:45:00.000Z""},{""plageId"":""p-2"",""label"":""Souper"",""timeStart"":""2026-06-06T17:45:00.000Z"",""timeEnd"":""2026-06-06T20:12:00.000Z""},{""plageId"":""p-3"",""label"":""Party"",""timeStart"":""2026-06-06T20:12:00.000Z"",""timeEnd"":""2026-06-06T23:00:00.000Z""}],""lineupPlacements"":{""SL-69e16929086b919a3c790a4a-2:698dbbf753d545317578c200:sc-1776380174351:p-1"":{""slotId"":""SL-69e16929086b919a3c790a4a-2"",""userId"":""698dbbf753d545317578c200"",""sceneId"":""sc-1776380174351"",""plageId"":""p-1"",""roleSystemId"":""RL-000008"",""assignedPrice"":100,""assignedStyleSystemIds"":[],""isPlaced"":true,""_pricingMeta"":{""hourlyRate"":305.4,""workedMin"":105,""requiredMin"":252,""billableMin"":252,""allocationRatio"":0.4166666666666667,""blockSize"":2},""_primeMeta"":{""sots"":""+10%"",""jour"":""+10% (WE)"",""xp"":""+10% (niv.14)"",""saison"":""+15%"",""offreDemande"":""N/A""},""_primeMultiplier"":1.527,""priceIsOverridden"":true,""priceOverridedAt"":""2026-04-16T22:58:24.142Z"",""calculatedPrice"":534,""proposalId"":""69e169939764d9ba40f83ee4"",""proposalStatus"":""accepted"",""proposedBy"":""698d204286a5af9808991620"",""proposedAt"":""2026-04-16T22:58:24.142Z"",""talentCounterPrice"":null,""talentResponseNote"":null},""SL-69e16929086b919a3c790a4a-2:698dbbf753d545317578c200:sc-1776380174351:p-2"":{""slotId"":""SL-69e16929086b919a3c790a4a-2"",""userId"":""698dbbf753d545317578c200"",""sceneId"":""sc-1776380174351"",""plageId"":""p-2"",""roleSystemId"":""RL-000008"",""assignedPrice"":150,""assignedStyleSystemIds"":[],""isPlaced"":true,""_pricingMeta"":{""hourlyRate"":305.4,""workedMin"":147,""requiredMin"":252,""billableMin"":252,""allocationRatio"":0.5833333333333334,""blockSize"":2},""_primeMeta"":{""sots"":""+10%"",""jour"":""+10% (WE)"",""xp"":""+10% (niv.14)"",""saison"":""+15%"",""offreDemande"":""N/A""},""_primeMultiplier"":1.527,""priceIsOverridden"":true,""priceOverridedAt"":""2026-04-16T22:58:37.583Z"",""calculatedPrice"":748,""proposalId"":""69e169a057794345627334d6"",""proposalStatus"":""pending_organizer"",""proposedBy"":""698d204286a5af9808991620"",""proposedAt"":""2026-04-16T22:58:37.583Z"",""talentCounterPrice"":200,""talentResponseNote"":null},""SL-69e16929086b919a3c790a4a-1:69b48a2b7d5c0db589c6bb1c:sc-1:p-3"":{""slotId"":""SL-69e16929086b919a3c790a4a-1"",""userId"":""69b48a2b7d5c0db589c6bb1c"",""sceneId"":""sc-1"",""plageId"":""p-3"",""roleSystemId"":""RL-000009"",""assignedPrice"":200,""assignedStyleSystemIds"":[],""isPlaced"":true,""_pricingMeta"":{""hourlyRate"":121.36,""workedMin"":168,""requiredMin"":168,""billableMin"":168,""allocationRatio"":1,""blockSize"":1},""_primeMeta"":{""sots"":""+10%"",""jour"":""+10% (WE)"",""xp"":""+9% (niv.13)"",""saison"":""+15%"",""offreDemande"":""N/A""},""_primeMultiplier"":1.517,""priceIsOverridden"":true,""priceOverridedAt"":""2026-04-16T22:59:24.727Z"",""calculatedPrice"":340,""proposalId"":""69e169cfe1bbb414061b66e0"",""proposalStatus"":""accepted"",""proposedBy"":""698d204286a5af9808991620"",""proposedAt"":""2026-04-16T22:59:24.727Z"",""talentCounterPrice"":null,""talentResponseNote"":null},""SL-69e16929086b919a3c790a4a-0:698c747aee05acfdd23ea578:sc-1:p-1"":{""slotId"":""SL-69e16929086b919a3c790a4a-0"",""userId"":""698c747aee05acfdd23ea578"",""sceneId"":""sc-1"",""plageId"":""p-1"",""roleSystemId"":""RL-000025"",""assignedPrice"":50,""assignedStyleSystemIds"":[],""isPlaced"":true,""_pricingMeta"":{""hourlyRate"":78.95,""workedMin"":105,""requiredMin"":105,""billableMin"":105,""allocationRatio"":1,""blockSize"":1},""_primeMeta"":{""sots"":""+10%"",""jour"":""+10% (WE)"",""xp"":""+14% (niv.19)"",""saison"":""+15%"",""offreDemande"":""N/A""},""_primeMultiplier"":1.579,""priceIsOverridden"":true,""priceOverridedAt"":""2026-04-16T23:00:54.018Z"",""calculatedPrice"":138,""proposalId"":""69e16a282b04158e454539b6"",""proposalStatus"":""accepted"",""proposedBy"":""698d204286a5af9808991620"",""proposedAt"":""2026-04-16T23:00:54.018Z"",""talentCounterPrice"":null,""talentResponseNote"":null}}}","","","event","","2026-04-16T23:02:18.546Z","","[{""submittedBallot"":false,""roleSystemId"":""RL-000008"",""styleSystemIds"":[""ST-000032"",""ST-000009"",""ST-000013"",""ST-000007"",""ST-000219""],""joinedAt"":""2026-04-16T22:57:07.728Z"",""styleSystemId"":null,""sotsSubmitted"":null,""userId"":""698dbbf753d545317578c200"",""isNoShow"":null,""status"":""confirmed""},{""submittedBallot"":true,""roleSystemId"":""RL-000025"",""styleSystemIds"":[""ST-000165""],""joinedAt"":""2026-04-16T22:57:09.093Z"",""styleSystemId"":null,""sotsSubmitted"":true,""userId"":""698c747aee05acfdd23ea578"",""isNoShow"":null,""status"":""confirmed""},{""submittedBallot"":true,""roleSystemId"":""RL-000009"",""styleSystemIds"":[],""joinedAt"":""2026-04-16T22:57:33.893Z"",""styleSystemId"":null,""sotsSubmitted"":true,""userId"":""69b48a2b7d5c0db589c6bb1c"",""isNoShow"":null,""status"":""confirmed""},{""submittedBallot"":true,""roleSystemId"":""RL-ORGANIZER"",""styleSystemIds"":[""ST-000032"",""ST-000009"",""ST-000013"",""ST-000007"",""ST-000219"",""ST-000165""],""joinedAt"":""2026-04-16T23:02:18.546Z"",""styleSystemId"":null,""sotsSubmitted"":true,""userId"":""698d204286a5af9808991620"",""isNoShow"":null,""status"":""confirmed""}]","69e169278a79490c4201e2a0","6","","2","","","","","","","[{""roleSystemId"":""RL-000025"",""candidateUserId"":""698c747aee05acfdd23ea578"",""confirmedBy"":""698d204286a5af9808991620"",""candidateStyleSystemIds"":[""ST-000165""],""slotId"":""SL-69e16929086b919a3c790a4a-0"",""confirmedAt"":""2026-04-16T22:57:36.821Z"",""status"":""confirmed""},{""roleSystemId"":""RL-000009"",""candidateUserId"":""69b48a2b7d5c0db589c6bb1c"",""confirmedBy"":""698d204286a5af9808991620"",""candidateStyleSystemIds"":[],""slotId"":""SL-69e16929086b919a3c790a4a-1"",""confirmedAt"":""2026-04-16T22:57:40.047Z"",""status"":""confirmed""},{""roleSystemId"":""RL-000008"",""candidateUserId"":""698dbbf753d545317578c200"",""confirmedBy"":""698d204286a5af9808991620"",""candidateStyleSystemIds"":[""ST-000032"",""ST-000009"",""ST-000013"",""ST-000007"",""ST-000219""],""slotId"":""SL-69e16929086b919a3c790a4a-2"",""confirmedAt"":""2026-04-16T22:57:59.183Z"",""status"":""confirmed""},{""roleSystemId"":""RL-000010"",""candidateUserId"":null,""confirmedBy"":null,""candidateStyleSystemIds"":[],""slotId"":""SL-69e16929086b919a3c790a4a-3"",""confirmedAt"":null,""status"":""open""}]","NC-0000000073","","[""698d204286a5af9808991620"",""69b48a2b7d5c0db589c6bb1c"",""698c747aee05acfdd23ea578""]","","","","archived","69e16929086b919a3c790a4a","2026-04-16T22:56:41.106000","2026-04-20T18:25:40.487000","service_eb508f39-ce3d-4391-bb12-d4211c02ede9","false"
"2026-04-16T22:51:41.654Z","698d204286a5af9808991620","{""lineupScenes"":[{""sceneId"":""sc-1"",""label"":""Scène principale"",""icon"":""🎛""},{""sceneId"":""sc-1776378768116"",""label"":""Micro"",""icon"":""🎤""}],""lineupSchedule"":[{""plageId"":""p-1"",""label"":""Cérémonie"",""timeStart"":""2026-05-05T16:00:00.000Z"",""timeEnd"":""2026-05-05T16:27:00.000Z""},{""plageId"":""p-2"",""label"":""Cocktail"",""timeStart"":""2026-05-05T16:27:00.000Z"",""timeEnd"":""2026-05-05T17:12:00.000Z""},{""plageId"":""p-3"",""label"":""Souper"",""timeStart"":""2026-05-05T17:12:00.000Z"",""timeEnd"":""2026-05-05T18:06:00.000Z""},{""plageId"":""p-4"",""label"":""Party"",""timeStart"":""2026-05-05T18:06:00.000Z"",""timeEnd"":""2026-05-05T19:00:00.000Z""}],""lineupPlacements"":{""SL-69e163988123e3bf0b1b4c7e-0:698c747aee05acfdd23ea578:sc-1776378768116:p-1"":{""slotId"":""SL-69e163988123e3bf0b1b4c7e-0"",""userId"":""698c747aee05acfdd23ea578"",""sceneId"":""sc-1776378768116"",""plageId"":""p-1"",""roleSystemId"":""RL-000025"",""assignedPrice"":10,""assignedStyleSystemIds"":[],""isPlaced"":true,""_pricingMeta"":{""hourlyRate"":62.45,""workedMin"":27,""requiredMin"":27,""billableMin"":30,""allocationRatio"":1,""blockSize"":1},""_primeMeta"":{""sots"":""+10%"",""xp"":""+14% (niv.19)"",""offreDemande"":""N/A""},""_primeMultiplier"":1.249,""priceIsOverridden"":true,""priceOverridedAt"":""2026-04-16T22:33:55.233Z"",""calculatedPrice"":31,""proposalId"":""69e163d5623e80cfba84b4f3"",""proposalStatus"":""accepted"",""proposedBy"":""698d204286a5af9808991620"",""proposedAt"":""2026-04-16T22:33:55.233Z"",""talentCounterPrice"":null,""talentResponseNote"":null},""SL-69e163988123e3bf0b1b4c7e-0:698dbbf753d545317578c200:sc-1776378768116:p-2"":{""slotId"":""SL-69e163988123e3bf0b1b4c7e-0"",""userId"":""698dbbf753d545317578c200"",""sceneId"":""sc-1776378768116"",""plageId"":""p-2"",""roleSystemId"":""RL-000025"",""assignedPrice"":20,""assignedStyleSystemIds"":[],""isPlaced"":true,""_pricingMeta"":{""hourlyRate"":150.88,""workedMin"":45,""requiredMin"":99,""billableMin"":99,""allocationRatio"":0.45454545454545453,""blockSize"":2},""_primeMeta"":{""sots"":""+10%"",""xp"":""+10% (niv.14)"",""offreDemande"":""N/A""},""_primeMultiplier"":1.207,""priceIsOverridden"":true,""priceOverridedAt"":""2026-04-16T22:34:10.412Z"",""calculatedPrice"":113,""proposalId"":""69e163e54e73bb93745ad437"",""proposalStatus"":""pending_talent"",""proposedBy"":""698d204286a5af9808991620"",""proposedAt"":""2026-04-16T22:34:10.412Z"",""talentCounterPrice"":null,""talentResponseNote"":null},""SL-69e163988123e3bf0b1b4c7e-0:698dbbf753d545317578c200:sc-1:p-3"":{""slotId"":""SL-69e163988123e3bf0b1b4c7e-0"",""userId"":""698dbbf753d545317578c200"",""sceneId"":""sc-1"",""plageId"":""p-3"",""roleSystemId"":""RL-000025"",""assignedPrice"":70,""assignedStyleSystemIds"":[],""isPlaced"":true,""_pricingMeta"":{""hourlyRate"":150.88,""workedMin"":54,""requiredMin"":99,""billableMin"":99,""allocationRatio"":0.5454545454545454,""blockSize"":2},""_primeMeta"":{""sots"":""+10%"",""xp"":""+10% (niv.14)"",""offreDemande"":""N/A""},""_primeMultiplier"":1.207,""priceIsOverridden"":true,""priceOverridedAt"":""2026-04-16T22:34:29.603Z"",""calculatedPrice"":136,""proposalId"":""69e163f8a5ebd9dcad41cb47"",""proposalStatus"":""pending_talent"",""proposedBy"":""698d204286a5af9808991620"",""proposedAt"":""2026-04-16T22:34:29.603Z"",""talentCounterPrice"":null,""talentResponseNote"":null},""SL-69e163988123e3bf0b1b4c7e-0:69b48a2b7d5c0db589c6bb1c:sc-1:p-4"":{""slotId"":""SL-69e163988123e3bf0b1b4c7e-0"",""userId"":""69b48a2b7d5c0db589c6bb1c"",""sceneId"":""sc-1"",""plageId"":""p-4"",""roleSystemId"":""RL-000025"",""assignedPrice"":5,""assignedStyleSystemIds"":[],""isPlaced"":false,""_pricingMeta"":{""hourlyRate"":95.92,""workedMin"":54,""requiredMin"":54,""billableMin"":54,""allocationRatio"":1,""blockSize"":1},""_primeMeta"":{""sots"":""+10%"",""xp"":""+9% (niv.13)"",""offreDemande"":""N/A""},""_primeMultiplier"":1.199,""priceIsOverridden"":true,""priceOverridedAt"":""2026-04-16T22:51:00.868Z"",""calculatedPrice"":86,""proposalId"":""69e167d703c0a62c4c977a92"",""proposalStatus"":""rejected"",""proposedBy"":""698d204286a5af9808991620"",""proposedAt"":""2026-04-16T22:51:00.868Z"",""talentCounterPrice"":null,""talentResponseNote"":null}}}","","","event","","2026-04-16T22:51:20.271Z","","[{""submittedBallot"":false,""roleSystemId"":""RL-000025"",""styleSystemIds"":[""ST-000155""],""joinedAt"":""2026-04-16T22:33:19.200Z"",""styleSystemId"":null,""sotsSubmitted"":null,""userId"":""698dbbf753d545317578c200"",""isNoShow"":null,""status"":""confirmed""},{""submittedBallot"":true,""roleSystemId"":""RL-000025"",""styleSystemIds"":[""ST-000165""],""joinedAt"":""2026-04-16T22:33:20.978Z"",""styleSystemId"":null,""sotsSubmitted"":true,""userId"":""698c747aee05acfdd23ea578"",""isNoShow"":null,""status"":""confirmed""},{""submittedBallot"":false,""roleSystemId"":""RL-000025"",""styleSystemIds"":[],""joinedAt"":""2026-04-16T22:33:43.295Z"",""styleSystemId"":null,""sotsSubmitted"":null,""userId"":""69b48a2b7d5c0db589c6bb1c"",""isNoShow"":null,""status"":""confirmed""},{""submittedBallot"":true,""roleSystemId"":""RL-ORGANIZER"",""styleSystemIds"":[""ST-000155"",""ST-000165""],""joinedAt"":""2026-04-16T22:51:20.271Z"",""styleSystemId"":null,""sotsSubmitted"":true,""userId"":""698d204286a5af9808991620"",""isNoShow"":null,""status"":""confirmed""}]","69e16397aef418d4fb9eae71","6","","2","","","","","","","[{""roleSystemId"":""RL-000025"",""candidateUserId"":""698dbbf753d545317578c200"",""confirmedBy"":""698d204286a5af9808991620"",""candidateStyleSystemIds"":[""ST-000155""],""slotId"":""SL-69e163988123e3bf0b1b4c7e-0"",""confirmedAt"":""2026-04-16T22:33:28.377Z"",""status"":""confirmed""}]","NC-0000000097","","[""698d204286a5af9808991620"",""698c747aee05acfdd23ea578""]","","","","archived","69e163988123e3bf0b1b4c7e","2026-04-16T22:32:56.795000","2026-04-20T18:25:40.519000","service_eb508f39-ce3d-4391-bb12-d4211c02ede9","false"
"2026-04-16T22:31:48.228Z","698dbbf753d545317578c200","{""lineupScenes"":[{""sceneId"":""sc-1"",""label"":""Scène principale"",""icon"":""🎛""},{""sceneId"":""sc-1776377435513"",""label"":""Micro"",""icon"":""🎤""}],""lineupSchedule"":[{""plageId"":""p-1"",""label"":""Warmup"",""timeStart"":""2026-05-04T14:00:00.000Z"",""timeEnd"":""2026-05-04T16:42:00.000Z""},{""plageId"":""p-2"",""label"":""Peak"",""timeStart"":""2026-05-04T16:42:00.000Z"",""timeEnd"":""2026-05-04T20:45:00.000Z""},{""plageId"":""p-3"",""label"":""Closer"",""timeStart"":""2026-05-04T20:45:00.000Z"",""timeEnd"":""2026-05-04T23:00:00.000Z""}],""lineupPlacements"":{""SL-69e15e5f9ab5d2419316a69c-0:698d204286a5af9808991620:sc-1:p-3"":{""slotId"":""SL-69e15e5f9ab5d2419316a69c-0"",""userId"":""698d204286a5af9808991620"",""sceneId"":""sc-1"",""plageId"":""p-3"",""roleSystemId"":""RL-001001"",""assignedPrice"":200,""assignedStyleSystemIds"":[],""isPlaced"":true,""_pricingMeta"":{""hourlyRate"":125.7,""workedMin"":135,""requiredMin"":378,""billableMin"":378,""allocationRatio"":0.35714285714285715,""blockSize"":2},""_primeMeta"":{""sots"":""+10%"",""xp"":""+14% (niv.20)"",""offreDemande"":""N/A""},""_primeMultiplier"":1.257,""priceIsOverridden"":true,""priceOverridedAt"":""2026-04-16T22:11:26.149Z"",""calculatedPrice"":283,""proposalId"":""69e15e9165f1d0726703faa1"",""proposalStatus"":""pending_organizer"",""proposedBy"":""698dbbf753d545317578c200"",""proposedAt"":""2026-04-16T22:11:26.149Z"",""talentCounterPrice"":250,""talentResponseNote"":null},""SL-69e15e5f9ab5d2419316a69c-0:698c747aee05acfdd23ea578:sc-1776377435513:p-2"":{""slotId"":""SL-69e15e5f9ab5d2419316a69c-0"",""userId"":""698c747aee05acfdd23ea578"",""sceneId"":""sc-1776377435513"",""plageId"":""p-2"",""roleSystemId"":""RL-001001"",""assignedPrice"":200,""assignedStyleSystemIds"":[],""isPlaced"":true,""_pricingMeta"":{""hourlyRate"":149,""workedMin"":243,""requiredMin"":540,""billableMin"":540,""allocationRatio"":0.45,""blockSize"":3},""_primeMeta"":{""sots"":""+5%"",""xp"":""+14% (niv.19)"",""offreDemande"":""N/A""},""_primeMultiplier"":1.192,""priceIsOverridden"":true,""priceOverridedAt"":""2026-04-16T22:11:46.697Z"",""calculatedPrice"":603,""proposalId"":""69e15ea51cccc9ac8e147418"",""proposalStatus"":""accepted"",""proposedBy"":""698dbbf753d545317578c200"",""proposedAt"":""2026-04-16T22:11:46.697Z"",""talentCounterPrice"":null,""talentResponseNote"":null},""SL-69e15e5f9ab5d2419316a69c-0:698c747aee05acfdd23ea578:sc-1776377435513:p-1"":{""slotId"":""SL-69e15e5f9ab5d2419316a69c-0"",""userId"":""698c747aee05acfdd23ea578"",""sceneId"":""sc-1776377435513"",""plageId"":""p-1"",""roleSystemId"":""RL-001001"",""assignedPrice"":100,""assignedStyleSystemIds"":[],""isPlaced"":true,""_pricingMeta"":{""hourlyRate"":149,""workedMin"":162,""requiredMin"":540,""billableMin"":540,""allocationRatio"":0.3,""blockSize"":3},""_primeMeta"":{""sots"":""+5%"",""xp"":""+14% (niv.19)"",""offreDemande"":""N/A""},""_primeMultiplier"":1.192,""priceIsOverridden"":true,""priceOverridedAt"":""2026-04-16T22:12:09.246Z"",""calculatedPrice"":402,""proposalId"":""69e15ebb7a7a69538841d519"",""proposalStatus"":""accepted"",""proposedBy"":""698dbbf753d545317578c200"",""proposedAt"":""2026-04-16T22:12:09.246Z"",""talentCounterPrice"":null,""talentResponseNote"":null},""SL-69e15e5f9ab5d2419316a69c-0:698c747aee05acfdd23ea578:sc-1776377435513:p-3"":{""slotId"":""SL-69e15e5f9ab5d2419316a69c-0"",""userId"":""698c747aee05acfdd23ea578"",""sceneId"":""sc-1776377435513"",""plageId"":""p-3"",""roleSystemId"":""RL-001001"",""assignedPrice"":60,""assignedStyleSystemIds"":[],""isPlaced"":false,""_pricingMeta"":{""hourlyRate"":149,""workedMin"":135,""requiredMin"":540,""billableMin"":540,""allocationRatio"":0.25,""blockSize"":3},""_primeMeta"":{""sots"":""+5%"",""xp"":""+14% (niv.19)"",""offreDemande"":""N/A""},""_primeMultiplier"":1.192,""priceIsOverridden"":true,""priceOverridedAt"":""2026-04-16T22:14:24.373Z"",""calculatedPrice"":335,""proposalId"":""69e15f43eaae6f0a06bfd83c"",""proposalStatus"":""rejected"",""proposedBy"":""698dbbf753d545317578c200"",""proposedAt"":""2026-04-16T22:14:24.373Z"",""talentCounterPrice"":null,""talentResponseNote"":null},""SL-69e15e5f9ab5d2419316a69c-0:698d204286a5af9808991620:sc-1776377435513:p-2"":{""slotId"":""SL-69e15e5f9ab5d2419316a69c-0"",""userId"":""698d204286a5af9808991620"",""sceneId"":""sc-1776377435513"",""plageId"":""p-2"",""roleSystemId"":""RL-001001"",""assignedPrice"":500,""assignedStyleSystemIds"":[],""isPlaced"":true,""_pricingMeta"":{""hourlyRate"":125.7,""workedMin"":243,""requiredMin"":378,""billableMin"":378,""allocationRatio"":0.6428571428571429,""blockSize"":2},""_primeMeta"":{""sots"":""+10%"",""xp"":""+14% (niv.20)"",""offreDemande"":""N/A""},""_primeMultiplier"":1.257,""priceIsOverridden"":true,""priceOverridedAt"":""2026-04-16T22:16:30.306Z"",""calculatedPrice"":509,""proposalId"":""69e15fc1495e92a0a33cea7d"",""proposalStatus"":""accepted"",""proposedBy"":""698dbbf753d545317578c200"",""proposedAt"":""2026-04-16T22:16:30.306Z"",""talentCounterPrice"":null,""talentResponseNote"":null}}}","","","event","","2026-04-16T22:30:50.116Z","","[{""submittedBallot"":true,""roleSystemId"":""RL-001001"",""styleSystemIds"":[],""joinedAt"":""2026-04-16T22:11:00.250Z"",""styleSystemId"":null,""sotsSubmitted"":true,""userId"":""698d204286a5af9808991620"",""isNoShow"":null,""status"":""confirmed""},{""submittedBallot"":true,""roleSystemId"":""RL-001001"",""styleSystemIds"":[],""joinedAt"":""2026-04-16T22:11:07.059Z"",""styleSystemId"":null,""sotsSubmitted"":true,""userId"":""698c747aee05acfdd23ea578"",""isNoShow"":null,""status"":""confirmed""},{""submittedBallot"":true,""roleSystemId"":""RL-ORGANIZER"",""styleSystemIds"":[],""joinedAt"":""2026-04-16T22:30:50.116Z"",""styleSystemId"":null,""sotsSubmitted"":true,""userId"":""698dbbf753d545317578c200"",""isNoShow"":null,""status"":""confirmed""}]","69e15e5ee45e1d7cc92f8722","6","","2","","","","","","","[{""roleSystemId"":""RL-001001"",""candidateUserId"":""698c747aee05acfdd23ea578"",""confirmedBy"":""698dbbf753d545317578c200"",""candidateStyleSystemIds"":[],""slotId"":""SL-69e15e5f9ab5d2419316a69c-0"",""confirmedAt"":""2026-04-16T22:11:11.499Z"",""status"":""confirmed""}]","NC-0000000014","","[""698c747aee05acfdd23ea578"",""698d204286a5af9808991620"",""698dbbf753d545317578c200""]","","","","sots_submitted","69e15e5f9ab5d2419316a69c","2026-04-16T22:10:39.856000","2026-04-17T13:25:17.779000","service_eb508f39-ce3d-4391-bb12-d4211c02ede9","false"
"2026-04-16T22:54:55.566Z","698d204286a5af9808991620","{""lineupScenes"":[{""sceneId"":""sc-1"",""label"":""Scène principale"",""icon"":""🎛""}],""lineupSchedule"":[{""plageId"":""p-1"",""label"":""Warmup"",""timeStart"":""2026-04-21T00:00:00.000Z"",""timeEnd"":""2026-04-21T00:54:00.000Z""},{""plageId"":""p-2"",""label"":""Peak"",""timeStart"":""2026-04-21T00:54:00.000Z"",""timeEnd"":""2026-04-21T03:00:00.000Z""}],""lineupPlacements"":{""SL-69e1523d55284d7d4b936cce-0:698dbbf753d545317578c200:sc-1:p-1"":{""slotId"":""SL-69e1523d55284d7d4b936cce-0"",""userId"":""698dbbf753d545317578c200"",""sceneId"":""sc-1"",""plageId"":""p-1"",""roleSystemId"":""RL-000025"",""assignedPrice"":100,""assignedStyleSystemIds"":[],""isPlaced"":true,""_pricingMeta"":{""hourlyRate"":144,""workedMin"":54,""requiredMin"":54,""billableMin"":54,""allocationRatio"":1,""blockSize"":1},""_primeMeta"":{""sots"":""+5%"",""xp"":""+10% (niv.14)"",""offreDemande"":""N/A""},""_primeMultiplier"":1.152,""priceIsOverridden"":true,""priceOverridedAt"":""2026-04-16T21:19:40.763Z"",""calculatedPrice"":130,""proposalId"":""69e1526fe60ef3534b232d99"",""proposalStatus"":""accepted"",""proposedBy"":""698d204286a5af9808991620"",""proposedAt"":""2026-04-16T21:19:40.763Z"",""talentCounterPrice"":null,""talentResponseNote"":null},""SL-69e1523d55284d7d4b936cce-0:698c747aee05acfdd23ea578:sc-1:p-2"":{""slotId"":""SL-69e1523d55284d7d4b936cce-0"",""userId"":""698c747aee05acfdd23ea578"",""sceneId"":""sc-1"",""plageId"":""p-2"",""roleSystemId"":""RL-000025"",""assignedPrice"":50,""assignedStyleSystemIds"":[],""isPlaced"":true,""_pricingMeta"":{""hourlyRate"":59.6,""workedMin"":126,""requiredMin"":180,""billableMin"":180,""allocationRatio"":0.7,""blockSize"":2},""_primeMeta"":{""sots"":""+5%"",""xp"":""+14% (niv.19)"",""offreDemande"":""N/A""},""_primeMultiplier"":1.192,""priceIsOverridden"":true,""priceOverridedAt"":""2026-04-16T21:19:53.350Z"",""calculatedPrice"":125,""proposalId"":""69e1527b84e04617e96984eb"",""proposalStatus"":""pending_organizer"",""proposedBy"":""698d204286a5af9808991620"",""proposedAt"":""2026-04-16T21:19:53.350Z"",""talentCounterPrice"":70,""talentResponseNote"":null},""SL-69e1523d55284d7d4b936cce-0:698c747aee05acfdd23ea578:sc-1:p-1"":{""slotId"":""SL-69e1523d55284d7d4b936cce-0"",""userId"":""698c747aee05acfdd23ea578"",""sceneId"":""sc-1"",""plageId"":""p-1"",""roleSystemId"":""RL-000025"",""assignedPrice"":30,""assignedStyleSystemIds"":[],""isPlaced"":true,""_pricingMeta"":{""hourlyRate"":59.6,""workedMin"":54,""requiredMin"":180,""billableMin"":180,""allocationRatio"":0.3,""blockSize"":2},""_primeMeta"":{""sots"":""+5%"",""xp"":""+14% (niv.19)"",""offreDemande"":""N/A""},""_primeMultiplier"":1.192,""priceIsOverridden"":true,""priceOverridedAt"":""2026-04-16T21:20:52.338Z"",""calculatedPrice"":54,""proposalId"":""69e152b774f1f0f317e867ce"",""proposalStatus"":""accepted"",""proposedBy"":""698d204286a5af9808991620"",""proposedAt"":""2026-04-16T21:20:52.338Z"",""talentCounterPrice"":null,""talentResponseNote"":null}}}","","","event","","2026-04-16T22:54:09.254Z","","[{""submittedBallot"":false,""roleSystemId"":""RL-000025"",""styleSystemIds"":[],""joinedAt"":""2026-04-16T21:19:14.260Z"",""styleSystemId"":null,""sotsSubmitted"":null,""userId"":""698c747aee05acfdd23ea578"",""isNoShow"":null,""status"":""confirmed""},{""submittedBallot"":false,""roleSystemId"":""RL-000025"",""styleSystemIds"":[],""joinedAt"":""2026-04-16T21:19:16.965Z"",""styleSystemId"":null,""sotsSubmitted"":null,""userId"":""698dbbf753d545317578c200"",""isNoShow"":null,""status"":""confirmed""},{""submittedBallot"":true,""roleSystemId"":""RL-000025"",""styleSystemIds"":[],""joinedAt"":""2026-04-16T22:53:01.017Z"",""styleSystemId"":null,""sotsSubmitted"":true,""userId"":""69b48a2b7d5c0db589c6bb1c"",""isNoShow"":null,""status"":""confirmed""},{""submittedBallot"":true,""roleSystemId"":""RL-ORGANIZER"",""styleSystemIds"":[],""joinedAt"":""2026-04-16T22:54:09.254Z"",""styleSystemId"":null,""sotsSubmitted"":true,""userId"":""698d204286a5af9808991620"",""isNoShow"":null,""status"":""confirmed""}]","69e1523cb9a12ac5fc842f5e","6","","2","","","","","","","[{""roleSystemId"":""RL-000025"",""candidateUserId"":""698c747aee05acfdd23ea578"",""confirmedBy"":""698d204286a5af9808991620"",""candidateStyleSystemIds"":[],""slotId"":""SL-69e1523d55284d7d4b936cce-0"",""confirmedAt"":""2026-04-16T21:19:26.452Z"",""status"":""confirmed""}]","NC-0000000035","","[""698d204286a5af9808991620"",""69b48a2b7d5c0db589c6bb1c""]","","","","archived","69e1523d55284d7d4b936cce","2026-04-16T21:18:53.592000","2026-04-20T18:25:40.567000","service_eb508f39-ce3d-4391-bb12-d4211c02ede9","false"
"2026-04-17T00:19:23.976Z","698d204286a5af9808991620","{""lineupScenes"":[{""sceneId"":""sc-1"",""label"":""Scène principale"",""icon"":""🎛""}],""lineupSchedule"":[{""plageId"":""p-1"",""label"":""Warmup"",""timeStart"":""2026-06-06T15:00:00.000Z"",""timeEnd"":""2026-06-06T16:12:00.000Z""},{""plageId"":""p-2"",""label"":""Peak"",""timeStart"":""2026-06-06T16:12:00.000Z"",""timeEnd"":""2026-06-06T19:00:00.000Z""}],""lineupPlacements"":{""SL-69e141da3d8b4b3b652ce12d-0:698dbbf753d545317578c200:sc-1:p-2"":{""slotId"":""SL-69e141da3d8b4b3b652ce12d-0"",""userId"":""698dbbf753d545317578c200"",""sceneId"":""sc-1"",""plageId"":""p-2"",""roleSystemId"":""RL-000010"",""assignedPrice"":200,""assignedStyleSystemIds"":[],""isPlaced"":true,""_pricingMeta"":{""hourlyRate"":182.25,""workedMin"":168,""requiredMin"":168,""billableMin"":168,""allocationRatio"":1,""blockSize"":1},""_primeMeta"":{""sots"":""+5%"",""jour"":""+10% (WE)"",""xp"":""+10% (niv.14)"",""saison"":""+15%"",""offreDemande"":""N/A""},""_primeMultiplier"":1.458,""priceIsOverridden"":true,""priceOverridedAt"":""2026-04-16T20:10:08.385Z"",""calculatedPrice"":510,""proposalId"":""69e1422345d6583f3b7a4ed5"",""proposalStatus"":""accepted"",""proposedBy"":""698d204286a5af9808991620"",""proposedAt"":""2026-04-16T20:10:08.385Z"",""talentCounterPrice"":null,""talentResponseNote"":null},""SL-69e141da3d8b4b3b652ce12d-0:698c747aee05acfdd23ea578:sc-1:p-1"":{""slotId"":""SL-69e141da3d8b4b3b652ce12d-0"",""userId"":""698c747aee05acfdd23ea578"",""sceneId"":""sc-1"",""plageId"":""p-1"",""roleSystemId"":""RL-000010"",""assignedPrice"":100,""assignedStyleSystemIds"":[],""isPlaced"":false,""_pricingMeta"":{""hourlyRate"":188.5,""workedMin"":72,""requiredMin"":72,""billableMin"":72,""allocationRatio"":1,""blockSize"":1},""_primeMeta"":{""sots"":""+5%"",""jour"":""+10% (WE)"",""xp"":""+14% (niv.19)"",""saison"":""+15%"",""offreDemande"":""N/A""},""_primeMultiplier"":1.508,""priceIsOverridden"":true,""priceOverridedAt"":""2026-04-16T20:11:03.938Z"",""calculatedPrice"":226,""proposalId"":""69e1425a852337135fc864bf"",""proposalStatus"":""rejected"",""proposedBy"":""698d204286a5af9808991620"",""proposedAt"":""2026-04-16T20:11:03.938Z"",""talentCounterPrice"":null,""talentResponseNote"":null},""SL-69e141da3d8b4b3b652ce12d-0:69a7d3cc06fc3b4f58109b29:sc-1:p-2"":{""slotId"":""SL-69e141da3d8b4b3b652ce12d-0"",""userId"":""69a7d3cc06fc3b4f58109b29"",""sceneId"":""sc-1"",""plageId"":""p-2"",""roleSystemId"":""RL-000010"",""assignedPrice"":200,""assignedStyleSystemIds"":[],""isPlaced"":true,""_pricingMeta"":{""hourlyRate"":106.24,""workedMin"":168,""requiredMin"":168,""billableMin"":168,""allocationRatio"":1,""blockSize"":1},""_primeMeta"":{""sots"":""+5%"",""jour"":""+10% (WE)"",""saison"":""+15%"",""offreDemande"":""N/A""},""_primeMultiplier"":1.328,""priceIsOverridden"":true,""priceOverridedAt"":""2026-04-17T00:16:13.746Z"",""calculatedPrice"":297,""proposalId"":""69e17bd00984b3e63c7cff72"",""proposalStatus"":""accepted"",""proposedBy"":""698d204286a5af9808991620"",""proposedAt"":""2026-04-17T00:16:13.746Z"",""talentCounterPrice"":null,""talentResponseNote"":null}}}","","","event","","2026-04-17T00:18:18.579Z","","[{""submittedBallot"":false,""roleSystemId"":""RL-000010"",""styleSystemIds"":[""ST-000217""],""joinedAt"":""2026-04-16T20:09:41.704Z"",""styleSystemId"":null,""sotsSubmitted"":null,""userId"":""698c747aee05acfdd23ea578"",""isNoShow"":null,""status"":""confirmed""},{""submittedBallot"":true,""roleSystemId"":""RL-000010"",""styleSystemIds"":[""ST-000219""],""joinedAt"":""2026-04-16T20:09:48.335Z"",""styleSystemId"":null,""sotsSubmitted"":true,""userId"":""698dbbf753d545317578c200"",""isNoShow"":null,""status"":""confirmed""},{""submittedBallot"":false,""roleSystemId"":""RL-000010"",""styleSystemIds"":[],""joinedAt"":""2026-04-17T00:13:43.340Z"",""styleSystemId"":null,""sotsSubmitted"":null,""userId"":""698dbd987dbcc355eec0ff7c"",""isNoShow"":null,""status"":""lobby""},{""submittedBallot"":false,""roleSystemId"":""RL-000010"",""styleSystemIds"":[""ST-000200""],""joinedAt"":""2026-04-17T00:15:45.233Z"",""styleSystemId"":null,""sotsSubmitted"":null,""userId"":""69a7d3cc06fc3b4f58109b29"",""isNoShow"":null,""status"":""confirmed""},{""submittedBallot"":true,""roleSystemId"":""RL-ORGANIZER"",""styleSystemIds"":[""ST-000217"",""ST-000219"",""ST-000200""],""joinedAt"":""2026-04-17T00:18:18.579Z"",""styleSystemId"":null,""sotsSubmitted"":true,""userId"":""698d204286a5af9808991620"",""isNoShow"":null,""status"":""confirmed""}]","69e141d958e797619fd5f69b","6","","2","","","","","","","[{""roleSystemId"":""RL-000010"",""candidateUserId"":""698c747aee05acfdd23ea578"",""confirmedBy"":""698d204286a5af9808991620"",""candidateStyleSystemIds"":[""ST-000217""],""slotId"":""SL-69e141da3d8b4b3b652ce12d-0"",""confirmedAt"":""2026-04-16T20:09:53.661Z"",""status"":""confirmed""}]","NC-0000000049","","[""698d204286a5af9808991620"",""698dbbf753d545317578c200""]","","","","archived","69e141da3d8b4b3b652ce12d","2026-04-16T20:08:58.645000","2026-04-20T18:25:40.535000","service_eb508f39-ce3d-4391-bb12-d4211c02ede9","false"
"2026-04-15T23:53:32.014Z","69b48a2b7d5c0db589c6bb1c","{""lineupScenes"":[{""sceneId"":""sc-1"",""label"":""Scène principale"",""icon"":""🎛""}],""lineupSchedule"":[{""plageId"":""p-1"",""label"":""Warmup"",""timeStart"":""2026-06-06T21:00:00.000Z"",""timeEnd"":""2026-06-06T22:12:00.000Z""},{""plageId"":""p-2"",""label"":""Peak"",""timeStart"":""2026-06-06T22:12:00.000Z"",""timeEnd"":""2026-06-07T01:00:00.000Z""}],""lineupPlacements"":{""SL-69e024464cb99833e722a61c-0:69cd302266f2193a99122757:sc-1:p-1"":{""slotId"":""SL-69e024464cb99833e722a61c-0"",""userId"":""69cd302266f2193a99122757"",""sceneId"":""sc-1"",""plageId"":""p-1"",""roleSystemId"":""RL-000025"",""assignedPrice"":100,""assignedStyleSystemIds"":[],""isPlaced"":true,""_pricingMeta"":{""hourlyRate"":115.52,""workedMin"":72,""requiredMin"":72,""billableMin"":72,""allocationRatio"":1,""blockSize"":1},""_primeMeta"":{""sots"":""+10%"",""jour"":""+10% (WE)"",""xp"":""+4% (niv.6)"",""saison"":""+15%"",""offreDemande"":""N/A""},""_primeMultiplier"":1.444,""priceIsOverridden"":true,""priceOverridedAt"":""2026-04-15T23:51:37.779Z"",""calculatedPrice"":139,""proposalId"":""69e0248d4c0bc88b5296240c"",""proposalStatus"":""accepted"",""proposedBy"":""69b48a2b7d5c0db589c6bb1c"",""proposedAt"":""2026-04-15T23:51:37.779Z"",""talentCounterPrice"":null,""talentResponseNote"":null}}}","","","event","","2026-04-15T23:52:56.964Z","","[{""submittedBallot"":true,""roleSystemId"":""RL-000025"",""styleSystemIds"":[],""joinedAt"":""2026-04-15T23:51:18.082Z"",""styleSystemId"":null,""sotsSubmitted"":true,""userId"":""698d204286a5af9808991620"",""isNoShow"":null,""status"":""lobby""},{""submittedBallot"":false,""roleSystemId"":""RL-000025"",""styleSystemIds"":[],""joinedAt"":""2026-04-15T23:51:22.028Z"",""styleSystemId"":null,""sotsSubmitted"":null,""userId"":""69cd302266f2193a99122757"",""isNoShow"":null,""status"":""confirmed""},{""submittedBallot"":true,""roleSystemId"":""RL-ORGANIZER"",""styleSystemIds"":[],""joinedAt"":""2026-04-15T23:52:56.964Z"",""styleSystemId"":null,""sotsSubmitted"":true,""userId"":""69b48a2b7d5c0db589c6bb1c"",""isNoShow"":null,""status"":""confirmed""}]","69e024456f0d9d81c1993506","6","","2","","","","","","","[{""roleSystemId"":""RL-000025"",""candidateUserId"":""69cd302266f2193a99122757"",""confirmedBy"":""69b48a2b7d5c0db589c6bb1c"",""candidateStyleSystemIds"":[],""slotId"":""SL-69e024464cb99833e722a61c-0"",""confirmedAt"":""2026-04-15T23:51:30.362Z"",""status"":""confirmed""}]","NC-0000000058","","[""69b48a2b7d5c0db589c6bb1c"",""698d204286a5af9808991620""]","","","","archived","69e024464cb99833e722a61c","2026-04-15T23:50:30.473000","2026-04-20T18:25:40.498000","service_eb508f39-ce3d-4391-bb12-d4211c02ede9","false"
"","69b48a2b7d5c0db589c6bb1c","{""lineupScenes"":[{""sceneId"":""sc-1"",""label"":""Scène principale"",""icon"":""🎛""},{""sceneId"":""sc-1776296600061"",""label"":""Micro"",""icon"":""🎤""}],""lineupSchedule"":[{""plageId"":""p-1"",""label"":""Warmup"",""timeStart"":""2026-06-06T17:00:00.000Z"",""timeEnd"":""2026-06-06T17:54:00.000Z""},{""plageId"":""p-2"",""label"":""Peak"",""timeStart"":""2026-06-06T17:54:00.000Z"",""timeEnd"":""2026-06-06T19:15:00.000Z""},{""plageId"":""p-3"",""label"":""Closer"",""timeStart"":""2026-06-06T19:15:00.000Z"",""timeEnd"":""2026-06-06T20:00:00.000Z""}],""lineupPlacements"":{""SL-69e022a33c4d308a6838cbdb-0:698c747aee05acfdd23ea578:sc-1:p-2"":{""slotId"":""SL-69e022a33c4d308a6838cbdb-0"",""userId"":""698c747aee05acfdd23ea578"",""sceneId"":""sc-1"",""plageId"":""p-2"",""roleSystemId"":""RL-000025"",""assignedPrice"":110,""assignedStyleSystemIds"":[],""isPlaced"":true,""_pricingMeta"":{""hourlyRate"":75.4,""workedMin"":81,""requiredMin"":81,""billableMin"":81,""allocationRatio"":1,""blockSize"":1},""_primeMeta"":{""sots"":""+5%"",""jour"":""+10% (WE)"",""xp"":""+14% (niv.19)"",""saison"":""+15%"",""offreDemande"":""N/A""},""_primeMultiplier"":1.508,""priceIsOverridden"":true,""priceOverridedAt"":""2026-04-15T23:44:53.334Z"",""calculatedPrice"":102,""proposalId"":""69e022f8012e80c7efc3e0f9"",""proposalStatus"":""accepted"",""proposedBy"":""69b48a2b7d5c0db589c6bb1c"",""proposedAt"":""2026-04-15T23:44:53.334Z"",""talentCounterPrice"":null,""talentResponseNote"":null},""SL-69e022a33c4d308a6838cbdb-0:698d204286a5af9808991620:sc-1:p-2"":{""slotId"":""SL-69e022a33c4d308a6838cbdb-0"",""userId"":""698d204286a5af9808991620"",""sceneId"":""sc-1"",""plageId"":""p-2"",""roleSystemId"":""RL-000025"",""assignedPrice"":200,""assignedStyleSystemIds"":[],""isPlaced"":true,""_pricingMeta"":{""hourlyRate"":318,""workedMin"":81,""requiredMin"":81,""billableMin"":81,""allocationRatio"":1,""blockSize"":1},""_primeMeta"":{""sots"":""+10%"",""jour"":""+10% (WE)"",""xp"":""+14% (niv.20)"",""saison"":""+15%"",""offreDemande"":""N/A""},""_primeMultiplier"":1.59,""priceIsOverridden"":true,""priceOverridedAt"":""2026-04-15T23:45:12.081Z"",""calculatedPrice"":429,""proposalId"":""69e0230a7764cdc4148f904d"",""proposalStatus"":""accepted"",""proposedBy"":""69b48a2b7d5c0db589c6bb1c"",""proposedAt"":""2026-04-15T23:45:12.081Z"",""talentCounterPrice"":null,""talentResponseNote"":null},""SL-69e022a33c4d308a6838cbdb-0:69cd302266f2193a99122757:sc-1:p-2"":{""slotId"":""SL-69e022a33c4d308a6838cbdb-0"",""userId"":""69cd302266f2193a99122757"",""sceneId"":""sc-1"",""plageId"":""p-2"",""roleSystemId"":""RL-000025"",""assignedPrice"":100,""assignedStyleSystemIds"":[],""isPlaced"":true,""_pricingMeta"":{""hourlyRate"":115.52,""workedMin"":81,""requiredMin"":81,""billableMin"":81,""allocationRatio"":1,""blockSize"":1},""_primeMeta"":{""sots"":""+10%"",""jour"":""+10% (WE)"",""xp"":""+4% (niv.6)"",""saison"":""+15%"",""offreDemande"":""N/A""},""_primeMultiplier"":1.444,""priceIsOverridden"":true,""priceOverridedAt"":""2026-04-15T23:46:58.548Z"",""calculatedPrice"":156,""proposalId"":""69e023751ad402149f987ad8"",""proposalStatus"":""pending_talent"",""proposedBy"":""69b48a2b7d5c0db589c6bb1c"",""proposedAt"":""2026-04-15T23:46:58.548Z"",""talentCounterPrice"":null,""talentResponseNote"":null}}}","","","event","","","","[{""submittedBallot"":false,""roleSystemId"":""RL-000025"",""styleSystemIds"":[""ST-000165""],""joinedAt"":""2026-04-15T23:44:05.353Z"",""styleSystemId"":null,""sotsSubmitted"":null,""userId"":""698c747aee05acfdd23ea578"",""isNoShow"":null,""status"":""confirmed""},{""submittedBallot"":false,""roleSystemId"":""RL-000025"",""styleSystemIds"":[""ST-000165""],""joinedAt"":""2026-04-15T23:44:06.138Z"",""styleSystemId"":null,""sotsSubmitted"":null,""userId"":""698d204286a5af9808991620"",""isNoShow"":null,""status"":""confirmed""},{""submittedBallot"":false,""roleSystemId"":""RL-000025"",""styleSystemIds"":[],""joinedAt"":""2026-04-15T23:44:13.812Z"",""styleSystemId"":null,""sotsSubmitted"":null,""userId"":""69cd302266f2193a99122757"",""isNoShow"":null,""status"":""confirmed""}]","69e022a2c1894041117bd971","6","","2","","","","","","","[{""roleSystemId"":""RL-000025"",""candidateUserId"":""698d204286a5af9808991620"",""confirmedBy"":""69b48a2b7d5c0db589c6bb1c"",""candidateStyleSystemIds"":[""ST-000165""],""slotId"":""SL-69e022a33c4d308a6838cbdb-0"",""confirmedAt"":""2026-04-15T23:44:22.209Z"",""status"":""confirmed""}]","NC-0000000033","","[]","","","","aborted","69e022a33c4d308a6838cbdb","2026-04-15T23:43:31.779000","2026-04-28T21:49:15.118000","service_eb508f39-ce3d-4391-bb12-d4211c02ede9","false"
"2026-04-15T23:41:32.344Z","698d204286a5af9808991620","{""lineupScenes"":[{""sceneId"":""sc-1"",""label"":""Scène principale"",""icon"":""🎛""}],""lineupSchedule"":[{""plageId"":""p-1"",""label"":""Warmup"",""timeStart"":""2026-05-01T05:00:00.000Z"",""timeEnd"":""2026-05-01T05:54:00.000Z""},{""plageId"":""p-2"",""label"":""Peak"",""timeStart"":""2026-05-01T05:54:00.000Z"",""timeEnd"":""2026-05-01T08:00:00.000Z""}],""lineupPlacements"":{""SL-69e0207f9719c7dbfa3c58e6-0:698dd1b2193c860027a3457a:sc-1:p-1"":{""slotId"":""SL-69e0207f9719c7dbfa3c58e6-0"",""userId"":""698dd1b2193c860027a3457a"",""sceneId"":""sc-1"",""plageId"":""p-1"",""roleSystemId"":""RL-000025"",""assignedPrice"":200,""assignedStyleSystemIds"":[],""isPlaced"":true,""_pricingMeta"":{""hourlyRate"":238.2,""workedMin"":54,""requiredMin"":54,""billableMin"":54,""allocationRatio"":1,""blockSize"":1},""_primeMeta"":{""sots"":""+10%"",""xp"":""+8% (niv.12)"",""offreDemande"":""N/A""},""_primeMultiplier"":1.191,""priceIsOverridden"":true,""priceOverridedAt"":""2026-04-15T23:35:19.635Z"",""calculatedPrice"":214,""proposalId"":""69e020ba68a0b5420b8534a3"",""proposalStatus"":""pending_organizer"",""proposedBy"":""698d204286a5af9808991620"",""proposedAt"":""2026-04-15T23:35:19.635Z"",""talentCounterPrice"":270,""talentResponseNote"":null},""SL-69e0207f9719c7dbfa3c58e6-0:69cd302266f2193a99122757:sc-1:p-1"":{""slotId"":""SL-69e0207f9719c7dbfa3c58e6-0"",""userId"":""69cd302266f2193a99122757"",""sceneId"":""sc-1"",""plageId"":""p-1"",""roleSystemId"":""RL-000025"",""assignedPrice"":50,""assignedStyleSystemIds"":[],""isPlaced"":true,""_pricingMeta"":{""hourlyRate"":91.28,""workedMin"":54,""requiredMin"":54,""billableMin"":54,""allocationRatio"":1,""blockSize"":1},""_primeMeta"":{""sots"":""+10%"",""xp"":""+4% (niv.6)"",""offreDemande"":""N/A""},""_primeMultiplier"":1.141,""priceIsOverridden"":true,""priceOverridedAt"":""2026-04-15T23:36:39.067Z"",""calculatedPrice"":82,""proposalId"":""69e02109d69be4acda73e718"",""proposalStatus"":""accepted"",""proposedBy"":""698d204286a5af9808991620"",""proposedAt"":""2026-04-15T23:36:39.067Z"",""talentCounterPrice"":null,""talentResponseNote"":null},""SL-69e0207f9719c7dbfa3c58e6-0:69b48a2b7d5c0db589c6bb1c:sc-1:p-2"":{""slotId"":""SL-69e0207f9719c7dbfa3c58e6-0"",""userId"":""69b48a2b7d5c0db589c6bb1c"",""sceneId"":""sc-1"",""plageId"":""p-2"",""roleSystemId"":""RL-000025"",""assignedPrice"":300,""assignedStyleSystemIds"":[],""isPlaced"":false,""_pricingMeta"":{""hourlyRate"":95.92,""workedMin"":126,""requiredMin"":126,""billableMin"":126,""allocationRatio"":1,""blockSize"":1},""_primeMeta"":{""sots"":""+10%"",""xp"":""+9% (niv.13)"",""offreDemande"":""N/A""},""_primeMultiplier"":1.199,""priceIsOverridden"":true,""priceOverridedAt"":""2026-04-15T23:37:15.232Z"",""calculatedPrice"":201,""proposalId"":""69e0212df9846bcd158ee9a3"",""proposalStatus"":""rejected"",""proposedBy"":""698d204286a5af9808991620"",""proposedAt"":""2026-04-15T23:37:15.232Z"",""talentCounterPrice"":null,""talentResponseNote"":null}}}","","","event","","2026-04-15T23:40:56.266Z","","[{""submittedBallot"":true,""roleSystemId"":""RL-000025"",""styleSystemIds"":[],""joinedAt"":""2026-04-15T23:34:38.727Z"",""styleSystemId"":null,""sotsSubmitted"":true,""userId"":""69b48a2b7d5c0db589c6bb1c"",""isNoShow"":null,""status"":""confirmed""},{""submittedBallot"":false,""roleSystemId"":""RL-000025"",""styleSystemIds"":[],""joinedAt"":""2026-04-15T23:34:44.261Z"",""styleSystemId"":null,""sotsSubmitted"":null,""userId"":""698dd1b2193c860027a3457a"",""isNoShow"":null,""status"":""confirmed""},{""submittedBallot"":false,""roleSystemId"":""RL-000025"",""styleSystemIds"":[],""joinedAt"":""2026-04-15T23:35:02.544Z"",""styleSystemId"":null,""sotsSubmitted"":null,""userId"":""69cd302266f2193a99122757"",""isNoShow"":null,""status"":""confirmed""},{""submittedBallot"":true,""roleSystemId"":""RL-ORGANIZER"",""styleSystemIds"":[],""joinedAt"":""2026-04-15T23:40:56.266Z"",""styleSystemId"":null,""sotsSubmitted"":true,""userId"":""698d204286a5af9808991620"",""isNoShow"":null,""status"":""confirmed""}]","69e0207e364efd643b9a9763","6","","2","","","","","","","[{""roleSystemId"":""RL-000025"",""candidateUserId"":""69b48a2b7d5c0db589c6bb1c"",""confirmedBy"":""698d204286a5af9808991620"",""candidateStyleSystemIds"":[],""slotId"":""SL-69e0207f9719c7dbfa3c58e6-0"",""confirmedAt"":""2026-04-15T23:34:47.024Z"",""status"":""confirmed""}]","NC-0000000108","","[""698d204286a5af9808991620"",""698c747aee05acfdd23ea578"",""69b48a2b7d5c0db589c6bb1c""]","","","","archived","69e0207f9719c7dbfa3c58e6","2026-04-15T23:34:23.873000","2026-04-20T18:25:40.491000","service_eb508f39-ce3d-4391-bb12-d4211c02ede9","false"
"","69cd302266f2193a99122757","{""lineupScenes"":[{""sceneId"":""sc-1"",""label"":""Scène principale"",""icon"":""🎛""},{""sceneId"":""sc-1776294217481"",""label"":""Micro"",""icon"":""🎤""}],""lineupSchedule"":[{""plageId"":""p-1"",""label"":""Warmup"",""timeStart"":""2026-05-05T09:00:00.000Z"",""timeEnd"":""2026-05-05T11:06:00.000Z""},{""plageId"":""p-2"",""label"":""Peak"",""timeStart"":""2026-05-05T11:06:00.000Z"",""timeEnd"":""2026-05-05T16:00:00.000Z""}],""lineupPlacements"":{""SL-69e0194ce3c3df3d38ef0fd9-0:698c747aee05acfdd23ea578:sc-1776294217481:p-1"":{""slotId"":""SL-69e0194ce3c3df3d38ef0fd9-0"",""userId"":""698c747aee05acfdd23ea578"",""sceneId"":""sc-1776294217481"",""plageId"":""p-1"",""roleSystemId"":""RL-000009"",""assignedPrice"":100,""assignedStyleSystemIds"":[],""isPlaced"":true,""_pricingMeta"":{""hourlyRate"":149,""workedMin"":126,""requiredMin"":420,""billableMin"":420,""allocationRatio"":0.3,""blockSize"":2},""_primeMeta"":{""sots"":""+5%"",""xp"":""+14% (niv.19)"",""offreDemande"":""N/A""},""_primeMultiplier"":1.192,""priceIsOverridden"":true,""priceOverridedAt"":""2026-04-15T23:04:21.440Z"",""calculatedPrice"":313,""proposalId"":""69e01978c8beb92e3110685a"",""proposalStatus"":""accepted"",""proposedBy"":""69cd302266f2193a99122757"",""proposedAt"":""2026-04-15T23:04:21.440Z"",""talentCounterPrice"":null,""talentResponseNote"":null},""SL-69e0194ce3c3df3d38ef0fd9-0:698d204286a5af9808991620:sc-1:p-2"":{""slotId"":""SL-69e0194ce3c3df3d38ef0fd9-0"",""userId"":""698d204286a5af9808991620"",""sceneId"":""sc-1"",""plageId"":""p-2"",""roleSystemId"":""RL-000009"",""assignedPrice"":200,""assignedStyleSystemIds"":[],""isPlaced"":true,""_pricingMeta"":{""hourlyRate"":124.9,""workedMin"":294,""requiredMin"":294,""billableMin"":294,""allocationRatio"":1,""blockSize"":1},""_primeMeta"":{""sots"":""+10%"",""xp"":""+14% (niv.19)"",""offreDemande"":""N/A""},""_primeMultiplier"":1.249,""priceIsOverridden"":true,""priceOverridedAt"":""2026-04-15T23:04:50.349Z"",""calculatedPrice"":612,""proposalId"":""69e019959719c7dbfa3c3ff9"",""proposalStatus"":""pending_organizer"",""proposedBy"":""69cd302266f2193a99122757"",""proposedAt"":""2026-04-15T23:04:50.349Z"",""talentCounterPrice"":220,""talentResponseNote"":null},""SL-69e0194ce3c3df3d38ef0fd9-0:698c747aee05acfdd23ea578:sc-1776294217481:p-2"":{""slotId"":""SL-69e0194ce3c3df3d38ef0fd9-0"",""userId"":""698c747aee05acfdd23ea578"",""sceneId"":""sc-1776294217481"",""plageId"":""p-2"",""roleSystemId"":""RL-000009"",""assignedPrice"":200,""assignedStyleSystemIds"":[],""isPlaced"":true,""_pricingMeta"":{""hourlyRate"":149,""workedMin"":294,""requiredMin"":420,""billableMin"":420,""allocationRatio"":0.7,""blockSize"":2},""_primeMeta"":{""sots"":""+5%"",""xp"":""+14% (niv.19)"",""offreDemande"":""N/A""},""_primeMultiplier"":1.192,""priceIsOverridden"":true,""priceOverridedAt"":""2026-04-15T23:06:59.762Z"",""calculatedPrice"":730,""proposalId"":""69e01a166715c639e505ac57"",""proposalStatus"":""accepted"",""proposedBy"":""69cd302266f2193a99122757"",""proposedAt"":""2026-04-15T23:06:59.762Z"",""talentCounterPrice"":null,""talentResponseNote"":null}}}","","","event","","","","[{""submittedBallot"":false,""roleSystemId"":""RL-000009"",""styleSystemIds"":[],""joinedAt"":""2026-04-15T23:04:00.140Z"",""styleSystemId"":null,""sotsSubmitted"":null,""userId"":""698d204286a5af9808991620"",""isNoShow"":null,""status"":""confirmed""},{""submittedBallot"":false,""roleSystemId"":""RL-000009"",""styleSystemIds"":[],""joinedAt"":""2026-04-15T23:04:01.303Z"",""styleSystemId"":null,""sotsSubmitted"":null,""userId"":""698c747aee05acfdd23ea578"",""isNoShow"":null,""status"":""confirmed""},{""submittedBallot"":false,""roleSystemId"":""RL-000009"",""styleSystemIds"":[],""joinedAt"":""2026-04-15T23:33:40.235Z"",""styleSystemId"":null,""sotsSubmitted"":null,""userId"":""69b48a2b7d5c0db589c6bb1c"",""isNoShow"":null,""status"":""lobby""}]","69e0194a3b7d47dbf10c36da","6","","2","","","","","","","[{""roleSystemId"":""RL-000009"",""candidateUserId"":""698d204286a5af9808991620"",""confirmedBy"":""69cd302266f2193a99122757"",""candidateStyleSystemIds"":[],""slotId"":""SL-69e0194ce3c3df3d38ef0fd9-0"",""confirmedAt"":""2026-04-15T23:04:05.791Z"",""status"":""confirmed""}]","NC-0000000191","","[]","","","","aborted","69e0194ce3c3df3d38ef0fd9","2026-04-15T23:03:40.131000","2026-04-28T21:48:51.794000","service_eb508f39-ce3d-4391-bb12-d4211c02ede9","false"
"2026-04-15T22:03:04.201Z","698dd1b2193c860027a3457a","{""lineupScenes"":[{""sceneId"":""sc-1"",""label"":""Scène principale"",""icon"":""🎛""},{""sceneId"":""sc-1776289998534"",""label"":""Micro"",""icon"":""🎤""},{""sceneId"":""sc-1776289999163"",""label"":""Live"",""icon"":""🎸""}],""lineupSchedule"":[{""plageId"":""p-1"",""label"":""Warmup"",""timeStart"":""2026-05-06T00:00:00.000Z"",""timeEnd"":""2026-05-06T01:30:00.000Z""},{""plageId"":""p-2"",""label"":""Peak"",""timeStart"":""2026-05-06T01:30:00.000Z"",""timeEnd"":""2026-05-06T03:45:00.000Z""},{""plageId"":""p-3"",""label"":""Closer"",""timeStart"":""2026-05-06T03:45:00.000Z"",""timeEnd"":""2026-05-06T05:00:00.000Z""}],""lineupPlacements"":{""SL-69e008d31afbb3a2236a333a-0:698d204286a5af9808991620:sc-1:p-1"":{""slotId"":""SL-69e008d31afbb3a2236a333a-0"",""userId"":""698d204286a5af9808991620"",""sceneId"":""sc-1"",""plageId"":""p-1"",""roleSystemId"":""RL-000009"",""assignedPrice"":187,""assignedStyleSystemIds"":[],""isPlaced"":true,""_pricingMeta"":{""hourlyRate"":124.9,""workedMin"":90,""requiredMin"":90,""billableMin"":90,""allocationRatio"":1,""blockSize"":1},""_primeMeta"":{""sots"":""+10%"",""xp"":""+14% (niv.19)"",""offreDemande"":""N/A""},""_primeMultiplier"":1.249},""SL-69e008d31afbb3a2236a333a-0:69cd302266f2193a99122757:sc-1:p-1"":{""assignedPrice"":100,""priceIsOverridden"":true,""priceOverridedAt"":""2026-04-15T21:55:30.922Z"",""calculatedPrice"":0,""proposalId"":""69e00956b13ead5025c06160"",""proposalStatus"":""pending_talent"",""proposedBy"":""698dd1b2193c860027a3457a"",""proposedAt"":""2026-04-15T21:55:30.922Z"",""talentCounterPrice"":null,""talentResponseNote"":null},""SL-69e008d31afbb3a2236a333a-0:698d204286a5af9808991620:sc-1:p-3"":{""slotId"":""SL-69e008d31afbb3a2236a333a-0"",""userId"":""698d204286a5af9808991620"",""sceneId"":""sc-1"",""plageId"":""p-3"",""roleSystemId"":""RL-000009"",""assignedPrice"":156,""assignedStyleSystemIds"":[],""isPlaced"":true,""_pricingMeta"":{""hourlyRate"":124.9,""workedMin"":75,""requiredMin"":75,""billableMin"":75,""allocationRatio"":1,""blockSize"":1},""_primeMeta"":{""sots"":""+10%"",""xp"":""+14% (niv.19)"",""offreDemande"":""N/A""},""_primeMultiplier"":1.249},""SL-69e008d31afbb3a2236a333a-0:69b48a2b7d5c0db589c6bb1c:sc-1:p-3"":{""assignedPrice"":150,""priceIsOverridden"":true,""priceOverridedAt"":""2026-04-15T21:56:58.296Z"",""calculatedPrice"":0,""proposalId"":""69e009ae23dcebdfe71df6dd"",""proposalStatus"":""pending_talent"",""proposedBy"":""698dd1b2193c860027a3457a"",""proposedAt"":""2026-04-15T21:56:58.296Z"",""talentCounterPrice"":null,""talentResponseNote"":null}}}","","","event","","2026-04-15T22:02:55.327Z","","[{""submittedBallot"":true,""roleSystemId"":""RL-000009"",""styleSystemIds"":[],""joinedAt"":""2026-04-15T21:53:46.954Z"",""styleSystemId"":null,""sotsSubmitted"":true,""userId"":""698d204286a5af9808991620"",""isNoShow"":null,""status"":""confirmed""},{""submittedBallot"":false,""roleSystemId"":""RL-000009"",""styleSystemIds"":[],""joinedAt"":""2026-04-15T21:53:47.171Z"",""styleSystemId"":null,""sotsSubmitted"":null,""userId"":""69cd302266f2193a99122757"",""isNoShow"":null,""status"":""confirmed""},{""submittedBallot"":false,""roleSystemId"":""RL-000009"",""styleSystemIds"":[],""joinedAt"":""2026-04-15T21:54:19.618Z"",""styleSystemId"":null,""sotsSubmitted"":null,""userId"":""69b48a2b7d5c0db589c6bb1c"",""isNoShow"":null,""status"":""confirmed""},{""submittedBallot"":true,""roleSystemId"":""RL-ORGANIZER"",""styleSystemIds"":[],""joinedAt"":""2026-04-15T22:02:55.327Z"",""styleSystemId"":null,""sotsSubmitted"":true,""userId"":""698dd1b2193c860027a3457a"",""isNoShow"":null,""status"":""confirmed""}]","69e008d169b748dfae68891f","6","","2","","","","","","","[{""roleSystemId"":""RL-000009"",""candidateUserId"":""698d204286a5af9808991620"",""confirmedBy"":""698dd1b2193c860027a3457a"",""candidateStyleSystemIds"":[],""slotId"":""SL-69e008d31afbb3a2236a333a-0"",""confirmedAt"":""2026-04-15T21:54:35.644Z"",""status"":""confirmed""}]","NC-0000000097","","[""698dd1b2193c860027a3457a"",""698d204286a5af9808991620""]","","","","archived","69e008d31afbb3a2236a333a","2026-04-15T21:53:23.382000","2026-04-20T18:25:40.435000","service_eb508f39-ce3d-4391-bb12-d4211c02ede9","false"
"","698dd1b2193c860027a3457a","{""lineupScenes"":[{""sceneId"":""sc-1"",""label"":""Scène principale"",""icon"":""🎛""},{""sceneId"":""sc-1776289695409"",""label"":""Micro"",""icon"":""🎤""}],""lineupSchedule"":[{""plageId"":""p-1"",""label"":""Warmup"",""timeStart"":""2026-05-05T16:00:00.000Z"",""timeEnd"":""2026-05-05T16:54:00.000Z""},{""plageId"":""p-2"",""label"":""Peak"",""timeStart"":""2026-05-05T16:54:00.000Z"",""timeEnd"":""2026-05-05T19:00:00.000Z""}],""lineupPlacements"":{""SL-69e007a3395a353103f75d5f-0:69cd302266f2193a99122757:sc-1:p-1"":{""assignedPrice"":100,""priceIsOverridden"":true,""priceOverridedAt"":""2026-04-15T21:52:05.546Z"",""calculatedPrice"":100,""proposalId"":""69e007db1d080e8c91dc9d10"",""proposalStatus"":""pending_talent"",""proposedBy"":""698dd1b2193c860027a3457a"",""proposedAt"":""2026-04-15T21:52:05.546Z"",""talentCounterPrice"":null,""talentResponseNote"":null}}}","","","event","","","","[{""submittedBallot"":false,""roleSystemId"":""RL-000025"",""styleSystemIds"":[""ST-000165""],""joinedAt"":""2026-04-15T21:48:36.477Z"",""styleSystemId"":null,""sotsSubmitted"":null,""userId"":""698d204286a5af9808991620"",""isNoShow"":null,""status"":""confirmed""},{""submittedBallot"":false,""roleSystemId"":""RL-000025"",""styleSystemIds"":[],""joinedAt"":""2026-04-15T21:48:47.416Z"",""styleSystemId"":null,""sotsSubmitted"":null,""userId"":""69cd302266f2193a99122757"",""isNoShow"":null,""status"":""confirmed""}]","69e007a156347c60700bcb0d","6","","2","","","","","","","[{""roleSystemId"":""RL-000025"",""candidateUserId"":""698d204286a5af9808991620"",""confirmedBy"":""698dd1b2193c860027a3457a"",""candidateStyleSystemIds"":[""ST-000165""],""slotId"":""SL-69e007a3395a353103f75d5f-0"",""confirmedAt"":""2026-04-15T21:48:52.334Z"",""status"":""confirmed""}]","NC-0000000084","","[]","","","","archived","69e007a3395a353103f75d5f","2026-04-15T21:48:19.670000","2026-04-20T18:25:40.522000","service_eb508f39-ce3d-4391-bb12-d4211c02ede9","false"
"2026-04-15T21:46:56.232Z","698c747aee05acfdd23ea578","{""lineupScenes"":[{""sceneId"":""sc-1"",""label"":""Scène principale"",""icon"":""🎛""},{""sceneId"":""sc-1776289167279"",""label"":""Micro"",""icon"":""🎤""}],""lineupSchedule"":[{""plageId"":""p-1"",""label"":""Warmup"",""timeStart"":""2026-05-05T16:00:00.000Z"",""timeEnd"":""2026-05-05T17:30:00.000Z""},{""plageId"":""p-2"",""label"":""Peak"",""timeStart"":""2026-05-05T17:30:00.000Z"",""timeEnd"":""2026-05-05T21:00:00.000Z""}],""lineupPlacements"":{""SL-69e005928ee62d9de196edc2-0:698d204286a5af9808991620:sc-1:p-1"":{""slotId"":""SL-69e005928ee62d9de196edc2-0"",""userId"":""698d204286a5af9808991620"",""sceneId"":""sc-1"",""plageId"":""p-1"",""roleSystemId"":""RL-000008"",""assignedPrice"":187,""assignedStyleSystemIds"":[],""isPlaced"":true,""_pricingMeta"":{""hourlyRate"":124.9,""workedMin"":90,""requiredMin"":300,""billableMin"":300,""allocationRatio"":0.3,""blockSize"":2},""_primeMeta"":{""sots"":""+10%"",""xp"":""+14% (niv.19)"",""offreDemande"":""N/A""},""_primeMultiplier"":1.249},""SL-69e005928ee62d9de196edc2-0:69cd302266f2193a99122757:sc-1:p-1"":{""assignedPrice"":100,""priceIsOverridden"":true,""priceOverridedAt"":""2026-04-15T21:42:26.737Z"",""calculatedPrice"":0,""proposalId"":""69e006459e0739de4ab36ca0"",""proposalStatus"":""pending_talent"",""proposedBy"":""698c747aee05acfdd23ea578"",""proposedAt"":""2026-04-15T21:42:26.737Z"",""talentCounterPrice"":null,""talentResponseNote"":null},""SL-69e005928ee62d9de196edc2-1:698dd1b2193c860027a3457a:sc-1776289167279:p-2"":{""slotId"":""SL-69e005928ee62d9de196edc2-1"",""userId"":""698dd1b2193c860027a3457a"",""sceneId"":""sc-1776289167279"",""plageId"":""p-2"",""roleSystemId"":""RL-000025"",""assignedPrice"":200,""assignedStyleSystemIds"":[],""isPlaced"":false,""_pricingMeta"":{""hourlyRate"":238.2,""workedMin"":210,""requiredMin"":210,""billableMin"":210,""allocationRatio"":1,""blockSize"":1},""_primeMeta"":{""sots"":""+10%"",""xp"":""+8% (niv.12)"",""offreDemande"":""N/A""},""_primeMultiplier"":1.191,""priceIsOverridden"":true,""priceOverridedAt"":""2026-04-15T21:43:03.560Z"",""calculatedPrice"":834,""proposalId"":""69e0066aaf14276b6c960671"",""proposalStatus"":""rejected"",""proposedBy"":""698c747aee05acfdd23ea578"",""proposedAt"":""2026-04-15T21:43:03.560Z"",""talentCounterPrice"":null,""talentResponseNote"":null},""SL-69e005928ee62d9de196edc2-0:698d204286a5af9808991620:sc-1:p-2"":{""slotId"":""SL-69e005928ee62d9de196edc2-0"",""userId"":""698d204286a5af9808991620"",""sceneId"":""sc-1"",""plageId"":""p-2"",""roleSystemId"":""RL-000008"",""assignedPrice"":437,""assignedStyleSystemIds"":[],""isPlaced"":true,""_pricingMeta"":{""hourlyRate"":124.9,""workedMin"":210,""requiredMin"":300,""billableMin"":300,""allocationRatio"":0.7,""blockSize"":2},""_primeMeta"":{""sots"":""+10%"",""xp"":""+14% (niv.19)"",""offreDemande"":""N/A""},""_primeMultiplier"":1.249},""SL-69e005928ee62d9de196edc2-0:69cd302266f2193a99122757:sc-1:p-2"":{""assignedPrice"":300,""priceIsOverridden"":true,""priceOverridedAt"":""2026-04-15T21:43:25.192Z"",""calculatedPrice"":0,""proposalId"":""69e0068034ac68fc1ffc6bb3"",""proposalStatus"":""pending_talent"",""proposedBy"":""698c747aee05acfdd23ea578"",""proposedAt"":""2026-04-15T21:43:25.192Z"",""talentCounterPrice"":null,""talentResponseNote"":null},""SL-69e005928ee62d9de196edc2-0:69cd302266f2193a99122757:sc-1776289167279:p-1"":{""assignedPrice"":100,""priceIsOverridden"":true,""priceOverridedAt"":""2026-04-15T21:44:44.217Z"",""calculatedPrice"":120,""proposalId"":""69e0068d67844efb656d1a0a"",""proposalStatus"":""pending_talent"",""proposedBy"":""698c747aee05acfdd23ea578"",""proposedAt"":""2026-04-15T21:44:44.217Z"",""talentCounterPrice"":null,""talentResponseNote"":null}}}","","","event","","2026-04-15T21:46:07.898Z","","[{""submittedBallot"":false,""roleSystemId"":""RL-000008"",""styleSystemIds"":[""ST-000088"",""ST-000074""],""joinedAt"":""2026-04-15T21:40:04.895Z"",""styleSystemId"":null,""sotsSubmitted"":null,""userId"":""698d204286a5af9808991620"",""isNoShow"":null,""status"":""confirmed""},{""submittedBallot"":true,""roleSystemId"":""RL-000025"",""styleSystemIds"":[""ST-000165""],""joinedAt"":""2026-04-15T21:40:05.886Z"",""styleSystemId"":null,""sotsSubmitted"":true,""userId"":""698dd1b2193c860027a3457a"",""isNoShow"":null,""status"":""confirmed""},{""submittedBallot"":false,""roleSystemId"":""RL-000008"",""styleSystemIds"":[""ST-000239""],""joinedAt"":""2026-04-15T21:41:51.075Z"",""styleSystemId"":null,""sotsSubmitted"":null,""userId"":""69cd302266f2193a99122757"",""isNoShow"":null,""status"":""confirmed""},{""submittedBallot"":true,""roleSystemId"":""RL-ORGANIZER"",""styleSystemIds"":[""ST-000088"",""ST-000074"",""ST-000165"",""ST-000239""],""joinedAt"":""2026-04-15T21:46:07.898Z"",""styleSystemId"":null,""sotsSubmitted"":true,""userId"":""698c747aee05acfdd23ea578"",""isNoShow"":null,""status"":""confirmed""}]","69e005910a63c3ccdfc6a237","6","","2","","","","","","","[{""roleSystemId"":""RL-000008"",""candidateUserId"":""698d204286a5af9808991620"",""confirmedBy"":""698c747aee05acfdd23ea578"",""candidateStyleSystemIds"":[""ST-000088"",""ST-000074""],""slotId"":""SL-69e005928ee62d9de196edc2-0"",""confirmedAt"":""2026-04-15T21:42:04.059Z"",""status"":""confirmed""},{""roleSystemId"":""RL-000025"",""candidateUserId"":""698dd1b2193c860027a3457a"",""confirmedBy"":""698c747aee05acfdd23ea578"",""candidateStyleSystemIds"":[""ST-000165""],""slotId"":""SL-69e005928ee62d9de196edc2-1"",""confirmedAt"":""2026-04-15T21:42:11.880Z"",""status"":""confirmed""}]","NC-0000000058","","[""698c747aee05acfdd23ea578"",""698dd1b2193c860027a3457a""]","","","","archived","69e005928ee62d9de196edc2","2026-04-15T21:39:30.871000","2026-04-20T18:25:40.506000","service_eb508f39-ce3d-4391-bb12-d4211c02ede9","false"
"2026-04-15T15:57:44.038Z","698c747aee05acfdd23ea578","{""lineupScenes"":[{""sceneId"":""sc-1"",""label"":""Scène principale"",""icon"":""🎛""}],""lineupSchedule"":[{""plageId"":""p-1"",""label"":""Warmup"",""timeStart"":""2026-06-06T16:00:00.000Z"",""timeEnd"":""2026-06-06T17:12:00.000Z""},{""plageId"":""p-2"",""label"":""Peak"",""timeStart"":""2026-06-06T17:12:00.000Z"",""timeEnd"":""2026-06-06T19:00:00.000Z""},{""plageId"":""p-3"",""label"":""Closer"",""timeStart"":""2026-06-06T19:00:00.000Z"",""timeEnd"":""2026-06-06T20:00:00.000Z""}],""lineupPlacements"":{""SL-69dfb25be52c33b24773f0f4-0:69cd302266f2193a99122757:sc-1:p-3"":{""slotId"":""SL-69dfb25be52c33b24773f0f4-0"",""userId"":""69cd302266f2193a99122757"",""sceneId"":""sc-1"",""plageId"":""p-3"",""roleSystemId"":""RL-000001"",""assignedPrice"":116,""assignedStyleSystemIds"":[],""isPlaced"":true,""_pricingMeta"":{""hourlyRate"":115.52,""workedMin"":60,""requiredMin"":240,""billableMin"":240,""allocationRatio"":0.25,""blockSize"":3},""_primeMeta"":{""sots"":""+10%"",""jour"":""+10% (WE)"",""xp"":""+4% (niv.6)"",""saison"":""+15%"",""offreDemande"":""N/A""},""_primeMultiplier"":1.444},""SL-69dfb25be52c33b24773f0f4-0:698dbbf753d545317578c200:sc-1:p-3"":{""assignedPrice"":100,""priceIsOverridden"":true,""priceOverridedAt"":""2026-04-15T15:46:57.856Z"",""calculatedPrice"":0,""proposalId"":""69dfb2f5a35c741a7d8af26b"",""proposalStatus"":""pending_talent"",""proposedBy"":""698c747aee05acfdd23ea578"",""proposedAt"":""2026-04-15T15:46:57.856Z"",""talentCounterPrice"":null,""talentResponseNote"":null},""SL-69dfb25be52c33b24773f0f4-0:69cd302266f2193a99122757:sc-1:p-1"":{""slotId"":""SL-69dfb25be52c33b24773f0f4-0"",""userId"":""69cd302266f2193a99122757"",""sceneId"":""sc-1"",""plageId"":""p-1"",""roleSystemId"":""RL-000001"",""assignedPrice"":139,""assignedStyleSystemIds"":[],""isPlaced"":true,""_pricingMeta"":{""hourlyRate"":115.52,""workedMin"":72,""requiredMin"":240,""billableMin"":240,""allocationRatio"":0.3,""blockSize"":3},""_primeMeta"":{""sots"":""+10%"",""jour"":""+10% (WE)"",""xp"":""+4% (niv.6)"",""saison"":""+15%"",""offreDemande"":""N/A""},""_primeMultiplier"":1.444},""SL-69dfb25be52c33b24773f0f4-0:698d204286a5af9808991620:sc-1:p-1"":{""assignedPrice"":200,""priceIsOverridden"":true,""priceOverridedAt"":""2026-04-15T15:48:28.349Z"",""calculatedPrice"":0,""proposalId"":""69dfb34f8fd865c2282a9821"",""proposalStatus"":""pending_talent"",""proposedBy"":""698c747aee05acfdd23ea578"",""proposedAt"":""2026-04-15T15:48:28.349Z"",""talentCounterPrice"":null,""talentResponseNote"":null},""SL-69dfb25be52c33b24773f0f4-0:69cd302266f2193a99122757:sc-1:p-2"":{""slotId"":""SL-69dfb25be52c33b24773f0f4-0"",""userId"":""69cd302266f2193a99122757"",""sceneId"":""sc-1"",""plageId"":""p-2"",""roleSystemId"":""RL-000001"",""assignedPrice"":208,""assignedStyleSystemIds"":[],""isPlaced"":true,""_pricingMeta"":{""hourlyRate"":115.52,""workedMin"":108,""requiredMin"":240,""billableMin"":240,""allocationRatio"":0.45,""blockSize"":3},""_primeMeta"":{""sots"":""+10%"",""jour"":""+10% (WE)"",""xp"":""+4% (niv.6)"",""saison"":""+15%"",""offreDemande"":""N/A""},""_primeMultiplier"":1.444},""SL-69dfb25be52c33b24773f0f4-0:698dbd987dbcc355eec0ff7c:sc-1:p-2"":{""assignedPrice"":200,""priceIsOverridden"":true,""priceOverridedAt"":""2026-04-15T15:56:01.490Z"",""calculatedPrice"":0,""proposalId"":""69dfb517adeccfc2b0c73df6"",""proposalStatus"":""pending_talent"",""proposedBy"":""698c747aee05acfdd23ea578"",""proposedAt"":""2026-04-15T15:56:01.490Z"",""talentCounterPrice"":null,""talentResponseNote"":null}}}","","","event","","2026-04-15T15:57:02.473Z","","[{""submittedBallot"":false,""roleSystemId"":""RL-000001"",""styleSystemIds"":[],""joinedAt"":""2026-04-15T15:44:53.365Z"",""styleSystemId"":null,""sotsSubmitted"":null,""userId"":""69cd302266f2193a99122757"",""isNoShow"":null,""status"":""confirmed""},{""submittedBallot"":false,""roleSystemId"":""RL-000001"",""styleSystemIds"":[],""joinedAt"":""2026-04-15T15:44:56.538Z"",""styleSystemId"":null,""sotsSubmitted"":null,""userId"":""69b48a2b7d5c0db589c6bb1c"",""isNoShow"":null,""status"":""confirmed""},{""submittedBallot"":false,""roleSystemId"":""RL-000001"",""styleSystemIds"":[],""joinedAt"":""2026-04-15T15:45:05.584Z"",""styleSystemId"":null,""sotsSubmitted"":null,""userId"":""698dc6f781b400b640a229f6"",""isNoShow"":null,""status"":""confirmed""},{""submittedBallot"":true,""roleSystemId"":""RL-000001"",""styleSystemIds"":[],""joinedAt"":""2026-04-15T15:45:19.944Z"",""styleSystemId"":null,""sotsSubmitted"":true,""userId"":""698dbd987dbcc355eec0ff7c"",""isNoShow"":null,""status"":""confirmed""},{""submittedBallot"":false,""roleSystemId"":""RL-000001"",""styleSystemIds"":[],""joinedAt"":""2026-04-15T15:45:38.509Z"",""styleSystemId"":null,""sotsSubmitted"":null,""userId"":""698dbbf753d545317578c200"",""isNoShow"":null,""status"":""confirmed""},{""submittedBallot"":false,""roleSystemId"":""RL-000001"",""styleSystemIds"":[],""joinedAt"":""2026-04-15T15:45:54.727Z"",""styleSystemId"":null,""sotsSubmitted"":null,""userId"":""698d204286a5af9808991620"",""isNoShow"":null,""status"":""confirmed""},{""submittedBallot"":true,""roleSystemId"":""RL-ORGANIZER"",""styleSystemIds"":[],""joinedAt"":""2026-04-15T15:57:02.473Z"",""styleSystemId"":null,""sotsSubmitted"":true,""userId"":""698c747aee05acfdd23ea578"",""isNoShow"":null,""status"":""confirmed""}]","69dfb25a01334d4456c714c0","6","","2","","","","","","","[{""roleSystemId"":""RL-000001"",""candidateUserId"":""69cd302266f2193a99122757"",""confirmedBy"":""698c747aee05acfdd23ea578"",""candidateStyleSystemIds"":[],""slotId"":""SL-69dfb25be52c33b24773f0f4-0"",""confirmedAt"":""2026-04-15T15:46:21.342Z"",""status"":""confirmed""}]","NC-0000000200","","[""698c747aee05acfdd23ea578"",""698dbd987dbcc355eec0ff7c""]","","","","archived","69dfb25be52c33b24773f0f4","2026-04-15T15:44:27.579000","2026-04-18T18:25:40.279000","service_eb508f39-ce3d-4391-bb12-d4211c02ede9","false"
"2026-04-15T15:24:05.805Z","698d204286a5af9808991620","{""lineupScenes"":[{""sceneId"":""sc-1"",""label"":""Scène principale"",""icon"":""🎛""}],""lineupSchedule"":[{""plageId"":""p-1"",""label"":""Warmup"",""timeStart"":""2026-06-06T10:00:00.000Z"",""timeEnd"":""2026-06-06T11:30:00.000Z""},{""plageId"":""p-2"",""label"":""Peak"",""timeStart"":""2026-06-06T11:30:00.000Z"",""timeEnd"":""2026-06-06T15:00:00.000Z""}],""lineupPlacements"":{""SL-69dfad2bb9538825cc5cc2f1-0:698c747aee05acfdd23ea578:sc-1:p-1"":{""slotId"":""SL-69dfad2bb9538825cc5cc2f1-0"",""userId"":""698c747aee05acfdd23ea578"",""sceneId"":""sc-1"",""plageId"":""p-1"",""roleSystemId"":""RL-000009"",""assignedPrice"":100,""assignedStyleSystemIds"":[],""isPlaced"":true,""_pricingMeta"":{""hourlyRate"":197.38,""workedMin"":90,""requiredMin"":90,""billableMin"":90,""allocationRatio"":1,""blockSize"":1},""_primeMeta"":{""sots"":""+10%"",""jour"":""+10% (WE)"",""xp"":""+14% (niv.19)"",""saison"":""+15%"",""offreDemande"":""N/A""},""_primeMultiplier"":1.579,""priceIsOverridden"":true,""priceOverridedAt"":""2026-04-15T15:22:51.355Z"",""calculatedPrice"":296,""proposalId"":""69dfad4ed17db4cce4d73a56"",""proposalStatus"":""accepted"",""proposedBy"":""698d204286a5af9808991620"",""proposedAt"":""2026-04-15T15:22:51.355Z"",""talentCounterPrice"":null,""talentResponseNote"":null}}}","","","event","","2026-04-15T15:23:50.204Z","","[{""submittedBallot"":false,""roleSystemId"":""RL-000009"",""styleSystemIds"":[],""joinedAt"":""2026-04-15T15:22:36.543Z"",""styleSystemId"":null,""sotsSubmitted"":null,""userId"":""698c747aee05acfdd23ea578"",""isNoShow"":null,""status"":""confirmed""},{""submittedBallot"":true,""roleSystemId"":""RL-ORGANIZER"",""styleSystemIds"":[],""joinedAt"":""2026-04-15T15:23:50.204Z"",""styleSystemId"":null,""sotsSubmitted"":true,""userId"":""698d204286a5af9808991620"",""isNoShow"":null,""status"":""confirmed""}]","69dfad29612740b77d251efd","6","","2","","","","","","","[{""roleSystemId"":""RL-000009"",""candidateUserId"":""698c747aee05acfdd23ea578"",""confirmedBy"":""698d204286a5af9808991620"",""candidateStyleSystemIds"":[],""slotId"":""SL-69dfad2bb9538825cc5cc2f1-0"",""confirmedAt"":""2026-04-15T15:22:40.912Z"",""status"":""confirmed""}]","NC-0000000020","","[""698d204286a5af9808991620""]","","","","archived","69dfad2bb9538825cc5cc2f1","2026-04-15T15:22:19.212000","2026-04-18T18:25:40.286000","service_eb508f39-ce3d-4391-bb12-d4211c02ede9","false"
"2026-04-15T15:21:07.798Z","69cd302266f2193a99122757","","2026-04-15T15:20:50.156Z","2026-04-15T15:20:50.156Z","quickplay","69cd302266f2193a99122757","2026-04-15T15:20:50.156Z","2026-04-15T15:20:50.156Z","[{""submittedBallot"":true,""roleSystemId"":""RL-000008"",""styleSystemIds"":[""ST-000239""],""joinedAt"":""2026-04-15T15:18:21.419Z"",""styleSystemId"":""ST-000239"",""sotsSubmitted"":true,""userId"":""69cd302266f2193a99122757"",""isNoShow"":null,""status"":""ready""},{""submittedBallot"":true,""roleSystemId"":""RL-000008"",""styleSystemIds"":[""ST-000165"",""ST-000088"",""ST-000074""],""joinedAt"":""2026-04-15T15:18:21.419Z"",""styleSystemId"":""ST-000165"",""sotsSubmitted"":true,""userId"":""698d204286a5af9808991620"",""isNoShow"":null,""status"":""ready""},{""submittedBallot"":true,""roleSystemId"":""RL-000008"",""styleSystemIds"":[""ST-000038""],""joinedAt"":""2026-04-15T15:19:10.866Z"",""styleSystemId"":""ST-000038"",""sotsSubmitted"":true,""userId"":""698c747aee05acfdd23ea578"",""isNoShow"":null,""status"":""ready""}]","","6","","2","","2026-04-15T15:20:50.156Z","","","","2026-04-15T15:18:21.419Z","[]","NC-0000000135","","[""69cd302266f2193a99122757"",""698d204286a5af9808991620"",""698c747aee05acfdd23ea578""]","69cd302266f2193a99122757","","69cd302266f2193a99122757","sots_submitted","69dfac3f6605a23090f5f5bb","2026-04-15T15:18:23.303000","2026-04-15T15:21:32.092000","service_eb508f39-ce3d-4391-bb12-d4211c02ede9","false"
"","698d204286a5af9808991620","{""lineupScenes"":[{""sceneId"":""sc-1"",""label"":""Scène principale"",""icon"":""🎛""},{""sceneId"":""sc-1776265997057"",""label"":""Micro"",""icon"":""🎤""}],""lineupSchedule"":[{""plageId"":""p-1"",""label"":""Warmup"",""timeStart"":""2026-05-05T16:00:00.000Z"",""timeEnd"":""2026-05-05T16:54:00.000Z""},{""plageId"":""p-2"",""label"":""Peak"",""timeStart"":""2026-05-05T16:54:00.000Z"",""timeEnd"":""2026-05-05T19:00:00.000Z""}],""lineupPlacements"":{""SL-69dfab137b286434941bf863-0:69cd302266f2193a99122757:sc-1776265997057:p-1"":{""slotId"":""SL-69dfab137b286434941bf863-0"",""userId"":""69cd302266f2193a99122757"",""sceneId"":""sc-1776265997057"",""plageId"":""p-1"",""roleSystemId"":""RL-000025"",""assignedPrice"":82,""assignedStyleSystemIds"":[],""isPlaced"":true,""_pricingMeta"":{""hourlyRate"":91.28,""workedMin"":54,""requiredMin"":180,""billableMin"":180,""allocationRatio"":0.3,""blockSize"":2},""_primeMeta"":{""sots"":""+10%"",""xp"":""+4% (niv.6)"",""offreDemande"":""N/A""},""_primeMultiplier"":1.141},""SL-69dfab137b286434941bf863-0:698c747aee05acfdd23ea578:sc-1776265997057:p-1"":{""assignedPrice"":50,""priceIsOverridden"":true,""priceOverridedAt"":""2026-04-15T15:14:26.191Z"",""calculatedPrice"":0,""proposalId"":""69dfab5582883ba63fcd372b"",""proposalStatus"":""pending_talent"",""proposedBy"":""698d204286a5af9808991620"",""proposedAt"":""2026-04-15T15:14:26.191Z"",""talentCounterPrice"":null,""talentResponseNote"":null},""SL-69dfab137b286434941bf863-0:69cd302266f2193a99122757:sc-1:p-2"":{""slotId"":""SL-69dfab137b286434941bf863-0"",""userId"":""69cd302266f2193a99122757"",""sceneId"":""sc-1"",""plageId"":""p-2"",""roleSystemId"":""RL-000025"",""assignedPrice"":100,""assignedStyleSystemIds"":[],""isPlaced"":true,""_pricingMeta"":{""hourlyRate"":91.28,""workedMin"":126,""requiredMin"":180,""billableMin"":180,""allocationRatio"":0.7,""blockSize"":2},""_primeMeta"":{""sots"":""+10%"",""xp"":""+4% (niv.6)"",""offreDemande"":""N/A""},""_primeMultiplier"":1.141,""priceIsOverridden"":true,""priceOverridedAt"":""2026-04-15T15:15:00.746Z"",""calculatedPrice"":192,""proposalId"":""69dfab7dbee54692fbb9392e"",""proposalStatus"":""accepted"",""proposedBy"":""698d204286a5af9808991620"",""proposedAt"":""2026-04-15T15:15:00.746Z"",""talentCounterPrice"":null,""talentResponseNote"":null},""SL-69dfab137b286434941bf863-0:698c747aee05acfdd23ea578:sc-1776265997057:p-2"":{""assignedPrice"":100,""priceIsOverridden"":true,""priceOverridedAt"":""2026-04-15T15:16:09.136Z"",""calculatedPrice"":100,""proposalId"":""69dfab8da62338dd1598427d"",""proposalStatus"":""pending_talent"",""proposedBy"":""698d204286a5af9808991620"",""proposedAt"":""2026-04-15T15:16:09.136Z"",""talentCounterPrice"":null,""talentResponseNote"":null}}}","","","event","","","","[{""submittedBallot"":false,""roleSystemId"":""RL-000025"",""styleSystemIds"":[],""joinedAt"":""2026-04-15T15:13:53.398Z"",""styleSystemId"":null,""sotsSubmitted"":null,""userId"":""69cd302266f2193a99122757"",""isNoShow"":null,""status"":""confirmed""},{""submittedBallot"":false,""roleSystemId"":""RL-000025"",""styleSystemIds"":[],""joinedAt"":""2026-04-15T15:14:02.548Z"",""styleSystemId"":null,""sotsSubmitted"":null,""userId"":""698c747aee05acfdd23ea578"",""isNoShow"":null,""status"":""confirmed""}]","69dfab11ae8d6e41c6751190","6","","2","","","","","","","[{""roleSystemId"":""RL-000025"",""candidateUserId"":""69cd302266f2193a99122757"",""confirmedBy"":""698d204286a5af9808991620"",""candidateStyleSystemIds"":[],""slotId"":""SL-69dfab137b286434941bf863-0"",""confirmedAt"":""2026-04-15T15:14:07.423Z"",""status"":""confirmed""}]","NC-0000000049","","[]","","","","archived","69dfab137b286434941bf863","2026-04-15T15:13:23.932000","2026-04-20T18:25:40.481000","service_eb508f39-ce3d-4391-bb12-d4211c02ede9","false"
"2026-04-14T13:53:05.787Z","698dd1b2193c860027a3457a","{""lineupScenes"":[{""sceneId"":""sc-1"",""label"":""Scène principale"",""icon"":""🎛""},{""sceneId"":""sc-1776174496787"",""label"":""Micro"",""icon"":""🎤""}],""lineupSchedule"":[{""plageId"":""p-1"",""label"":""Warmup"",""timeStart"":""2026-05-06T00:00:00.000Z"",""timeEnd"":""2026-05-06T00:54:00.000Z""},{""plageId"":""p-2"",""label"":""Peak"",""timeStart"":""2026-05-06T00:54:00.000Z"",""timeEnd"":""2026-05-06T03:00:00.000Z""}],""lineupPlacements"":{""SL-69de45afe5c509a3c34bc381-0:698c747aee05acfdd23ea578:sc-1776174496787:p-1"":{""slotId"":""SL-69de45afe5c509a3c34bc381-0"",""userId"":""698c747aee05acfdd23ea578"",""sceneId"":""sc-1776174496787"",""plageId"":""p-1"",""roleSystemId"":""RL-000025"",""assignedPrice"":56,""assignedStyleSystemIds"":[],""isPlaced"":true,""_pricingMeta"":{""hourlyRate"":62.45,""workedMin"":54,""requiredMin"":180,""billableMin"":180,""allocationRatio"":0.3,""blockSize"":2},""_primeMeta"":{""sots"":""+10%"",""xp"":""+14% (niv.19)"",""offreDemande"":""N/A""},""_primeMultiplier"":1.249},""SL-69de45afe5c509a3c34bc381-0:69cd302266f2193a99122757:sc-1776174496787:p-1"":{""assignedPrice"":100,""priceIsOverridden"":true,""priceOverridedAt"":""2026-04-14T13:49:12.719Z"",""calculatedPrice"":0,""proposalId"":""69de45db1d156159264c64d7"",""proposalStatus"":""pending_talent"",""proposedBy"":""698dd1b2193c860027a3457a"",""proposedAt"":""2026-04-14T13:49:12.719Z"",""talentCounterPrice"":null,""talentResponseNote"":null},""SL-69de45afe5c509a3c34bc381-0:698c747aee05acfdd23ea578:sc-1:p-2"":{""slotId"":""SL-69de45afe5c509a3c34bc381-0"",""userId"":""698c747aee05acfdd23ea578"",""sceneId"":""sc-1"",""plageId"":""p-2"",""roleSystemId"":""RL-000025"",""assignedPrice"":131,""assignedStyleSystemIds"":[],""isPlaced"":true,""_pricingMeta"":{""hourlyRate"":62.45,""workedMin"":126,""requiredMin"":180,""billableMin"":180,""allocationRatio"":0.7,""blockSize"":2},""_primeMeta"":{""sots"":""+10%"",""xp"":""+14% (niv.19)"",""offreDemande"":""N/A""},""_primeMultiplier"":1.249},""SL-69de45afe5c509a3c34bc381-0:69cd302266f2193a99122757:sc-1:p-2"":{""assignedPrice"":200,""priceIsOverridden"":true,""priceOverridedAt"":""2026-04-14T13:49:42.706Z"",""calculatedPrice"":0,""proposalId"":""69de45fa82f4903812dc7a4b"",""proposalStatus"":""pending_talent"",""proposedBy"":""698dd1b2193c860027a3457a"",""proposedAt"":""2026-04-14T13:49:42.706Z"",""talentCounterPrice"":null,""talentResponseNote"":null}}}","","","event","","2026-04-14T13:51:58.014Z","","[{""submittedBallot"":false,""roleSystemId"":""RL-000025"",""styleSystemIds"":[],""joinedAt"":""2026-04-14T13:48:47.565Z"",""styleSystemId"":null,""sotsSubmitted"":null,""userId"":""698c747aee05acfdd23ea578"",""isNoShow"":null,""status"":""confirmed""},{""submittedBallot"":true,""roleSystemId"":""RL-000025"",""styleSystemIds"":[],""joinedAt"":""2026-04-14T13:48:47.970Z"",""styleSystemId"":null,""sotsSubmitted"":true,""userId"":""69cd302266f2193a99122757"",""isNoShow"":null,""status"":""confirmed""},{""submittedBallot"":true,""roleSystemId"":""RL-ORGANIZER"",""styleSystemIds"":[],""joinedAt"":""2026-04-14T13:51:58.014Z"",""styleSystemId"":null,""sotsSubmitted"":true,""userId"":""698dd1b2193c860027a3457a"",""isNoShow"":null,""status"":""confirmed""}]","69de45ad1508614e6455d4a0","6","","2","","","","","","","[{""roleSystemId"":""RL-000025"",""candidateUserId"":""698c747aee05acfdd23ea578"",""confirmedBy"":""698dd1b2193c860027a3457a"",""candidateStyleSystemIds"":[],""slotId"":""SL-69de45afe5c509a3c34bc381-0"",""confirmedAt"":""2026-04-14T13:49:00.155Z"",""status"":""confirmed""}]","NC-0000000014","","[""69cd302266f2193a99122757"",""69b48a2b7d5c0db589c6bb1c"",""698dd1b2193c860027a3457a"",""699c655e40e8dc98eacda675"",""698d204286a5af9808991620""]","","","","archived","69de45afe5c509a3c34bc381","2026-04-14T13:48:31.231000","2026-04-18T18:25:40.365000","service_eb508f39-ce3d-4391-bb12-d4211c02ede9","false"
"2026-04-14T12:11:20.063Z","698dbd987dbcc355eec0ff7c","{""lineupScenes"":[{""sceneId"":""sc-1"",""label"":""Scène principale"",""icon"":""🎛""},{""sceneId"":""sc-1776168371809"",""label"":""Micro"",""icon"":""🎤""}],""lineupSchedule"":[{""plageId"":""p-1"",""label"":""Warmup"",""timeStart"":""2026-05-05T05:00:00.000Z"",""timeEnd"":""2026-05-05T07:24:00.000Z""},{""plageId"":""p-2"",""label"":""Peak"",""timeStart"":""2026-05-05T07:24:00.000Z"",""timeEnd"":""2026-05-05T13:00:00.000Z""}],""lineupPlacements"":{""SL-69de2db7e99e622762a73d11-0:698dd1b2193c860027a3457a:sc-1776168371809:p-2"":{""slotId"":""SL-69de2db7e99e622762a73d11-0"",""userId"":""698dd1b2193c860027a3457a"",""sceneId"":""sc-1776168371809"",""plageId"":""p-2"",""roleSystemId"":""RL-000025"",""assignedPrice"":1325,""assignedStyleSystemIds"":[],""isPlaced"":true,""_pricingMeta"":{""hourlyRate"":236.6,""workedMin"":336,""requiredMin"":480,""billableMin"":480,""allocationRatio"":0.7,""blockSize"":2},""_primeMeta"":{""sots"":""+10%"",""xp"":""+8% (niv.11)"",""offreDemande"":""N/A""},""_primeMultiplier"":1.183},""SL-69de2db7e99e622762a73d11-0:698d204286a5af9808991620:sc-1776168371809:p-2"":{""assignedPrice"":600,""priceIsOverridden"":true,""priceOverridedAt"":""2026-04-14T12:07:54.295Z"",""calculatedPrice"":0,""proposalId"":""69de2e1c8264b2a7c3aedc1b"",""proposalStatus"":""pending_talent"",""proposedBy"":""698dbd987dbcc355eec0ff7c"",""proposedAt"":""2026-04-14T12:07:54.295Z"",""talentCounterPrice"":null,""talentResponseNote"":null},""SL-69de2db7e99e622762a73d11-0:698dd1b2193c860027a3457a:sc-1:p-1"":{""slotId"":""SL-69de2db7e99e622762a73d11-0"",""userId"":""698dd1b2193c860027a3457a"",""sceneId"":""sc-1"",""plageId"":""p-1"",""roleSystemId"":""RL-000025"",""assignedPrice"":568,""assignedStyleSystemIds"":[],""isPlaced"":true,""_pricingMeta"":{""hourlyRate"":236.6,""workedMin"":144,""requiredMin"":480,""billableMin"":480,""allocationRatio"":0.3,""blockSize"":2},""_primeMeta"":{""sots"":""+10%"",""xp"":""+8% (niv.11)"",""offreDemande"":""N/A""},""_primeMultiplier"":1.183},""SL-69de2db7e99e622762a73d11-0:698d204286a5af9808991620:sc-1:p-1"":{""assignedPrice"":200,""priceIsOverridden"":true,""priceOverridedAt"":""2026-04-14T12:08:12.779Z"",""calculatedPrice"":0,""proposalId"":""69de2e2fe948d431ebb0bfe2"",""proposalStatus"":""pending_talent"",""proposedBy"":""698dbd987dbcc355eec0ff7c"",""proposedAt"":""2026-04-14T12:08:12.779Z"",""talentCounterPrice"":null,""talentResponseNote"":null},""SL-69de2db7e99e622762a73d11-0:69cd302266f2193a99122757:sc-1:p-2"":{""assignedPrice"":448,""priceIsOverridden"":true,""priceOverridedAt"":""2026-04-14T12:10:01.430Z"",""calculatedPrice"":448,""proposalId"":""69de2e7ebce3a2abdc6ed94b"",""proposalStatus"":""pending_talent"",""proposedBy"":""698dbd987dbcc355eec0ff7c"",""proposedAt"":""2026-04-14T12:10:01.430Z"",""talentCounterPrice"":null,""talentResponseNote"":null}}}","","","event","","2026-04-14T12:11:10.182Z","","[{""submittedBallot"":true,""roleSystemId"":""RL-000025"",""styleSystemIds"":[""ST-000165""],""joinedAt"":""2026-04-14T12:06:36.771Z"",""styleSystemId"":null,""sotsSubmitted"":true,""userId"":""698dd1b2193c860027a3457a"",""isNoShow"":null,""status"":""confirmed""},{""submittedBallot"":false,""roleSystemId"":""RL-000025"",""styleSystemIds"":[],""joinedAt"":""2026-04-14T12:06:37.363Z"",""styleSystemId"":null,""sotsSubmitted"":null,""userId"":""69cd302266f2193a99122757"",""isNoShow"":null,""status"":""confirmed""},{""submittedBallot"":false,""roleSystemId"":""RL-000025"",""styleSystemIds"":[],""joinedAt"":""2026-04-14T12:07:07.894Z"",""styleSystemId"":null,""sotsSubmitted"":null,""userId"":""698d204286a5af9808991620"",""isNoShow"":null,""status"":""confirmed""},{""submittedBallot"":true,""roleSystemId"":""RL-ORGANIZER"",""styleSystemIds"":[""ST-000165""],""joinedAt"":""2026-04-14T12:11:10.182Z"",""styleSystemId"":null,""sotsSubmitted"":true,""userId"":""698dbd987dbcc355eec0ff7c"",""isNoShow"":null,""status"":""confirmed""}]","69de2db5d7c95c36d8361f7d","6","","2","","","","","","","[{""roleSystemId"":""RL-000025"",""candidateUserId"":""698dd1b2193c860027a3457a"",""confirmedBy"":""698dbd987dbcc355eec0ff7c"",""candidateStyleSystemIds"":[""ST-000165""],""slotId"":""SL-69de2db7e99e622762a73d11-0"",""confirmedAt"":""2026-04-14T12:06:45.257Z"",""status"":""confirmed""}]","NC-0000000100","","[""698dbd987dbcc355eec0ff7c"",""698dd1b2193c860027a3457a""]","","","","archived","69de2db7e99e622762a73d11","2026-04-14T12:06:15.318000","2026-04-18T18:25:40.297000","service_eb508f39-ce3d-4391-bb12-d4211c02ede9","false"
"2026-04-14T12:04:46.894Z","698dbd987dbcc355eec0ff7c","{""lineupScenes"":[{""sceneId"":""sc-1"",""label"":""Scène principale"",""icon"":""🎛""},{""sceneId"":""sc-1776167840455"",""label"":""Micro"",""icon"":""🎤""}],""lineupSchedule"":[{""plageId"":""p-1"",""label"":""Warmup"",""timeStart"":""2026-04-20T22:00:00.000Z"",""timeEnd"":""2026-04-20T22:54:00.000Z""},{""plageId"":""p-2"",""label"":""Peak"",""timeStart"":""2026-04-20T22:54:00.000Z"",""timeEnd"":""2026-04-21T01:00:00.000Z""}],""lineupPlacements"":{""SL-69de2baad23a4ec63e3c313f-0:698dd1b2193c860027a3457a:sc-1776167840455:p-1"":{""slotId"":""SL-69de2baad23a4ec63e3c313f-0"",""userId"":""698dd1b2193c860027a3457a"",""sceneId"":""sc-1776167840455"",""plageId"":""p-1"",""roleSystemId"":""RL-000010"",""assignedPrice"":106,""assignedStyleSystemIds"":[],""isPlaced"":true,""_pricingMeta"":{""hourlyRate"":118.3,""workedMin"":54,""requiredMin"":180,""billableMin"":180,""allocationRatio"":0.3,""blockSize"":2},""_primeMeta"":{""sots"":""+10%"",""xp"":""+8% (niv.11)"",""offreDemande"":""N/A""},""_primeMultiplier"":1.183},""SL-69de2baad23a4ec63e3c313f-0:69cd302266f2193a99122757:sc-1776167840455:p-1"":{""assignedPrice"":100,""priceIsOverridden"":true,""priceOverridedAt"":""2026-04-14T11:58:07.083Z"",""calculatedPrice"":0,""proposalId"":""69de2bd13fc95b255956bd9e"",""proposalStatus"":""pending_talent"",""proposedBy"":""698dbd987dbcc355eec0ff7c"",""proposedAt"":""2026-04-14T11:58:07.083Z"",""talentCounterPrice"":null,""talentResponseNote"":null},""SL-69de2baad23a4ec63e3c313f-0:698dd1b2193c860027a3457a:sc-1:p-2"":{""slotId"":""SL-69de2baad23a4ec63e3c313f-0"",""userId"":""698dd1b2193c860027a3457a"",""sceneId"":""sc-1"",""plageId"":""p-2"",""roleSystemId"":""RL-000010"",""assignedPrice"":248,""assignedStyleSystemIds"":[],""isPlaced"":true,""_pricingMeta"":{""hourlyRate"":118.3,""workedMin"":126,""requiredMin"":180,""billableMin"":180,""allocationRatio"":0.7,""blockSize"":2},""_primeMeta"":{""sots"":""+10%"",""xp"":""+8% (niv.11)"",""offreDemande"":""N/A""},""_primeMultiplier"":1.183},""SL-69de2baad23a4ec63e3c313f-0:69cd302266f2193a99122757:sc-1:p-2"":{""assignedPrice"":200,""priceIsOverridden"":true,""priceOverridedAt"":""2026-04-14T11:58:38.856Z"",""calculatedPrice"":0,""proposalId"":""69de2bf1502b06020f05ac08"",""proposalStatus"":""pending_talent"",""proposedBy"":""698dbd987dbcc355eec0ff7c"",""proposedAt"":""2026-04-14T11:58:38.856Z"",""talentCounterPrice"":null,""talentResponseNote"":null},""SL-69de2baad23a4ec63e3c313f-0:69cd302266f2193a99122757:sc-1776167840455:p-2"":{""assignedPrice"":0,""priceIsOverridden"":true,""priceOverridedAt"":""2026-04-14T11:59:20.182Z"",""calculatedPrice"":0,""proposalId"":""69de2c196fe2ca9e5abb99cf"",""proposalStatus"":""pending_talent"",""proposedBy"":""698dbd987dbcc355eec0ff7c"",""proposedAt"":""2026-04-14T11:59:20.182Z"",""talentCounterPrice"":null,""talentResponseNote"":null}}}","","","event","","2026-04-14T12:03:43.374Z","","[{""submittedBallot"":true,""roleSystemId"":""RL-000010"",""styleSystemIds"":[],""joinedAt"":""2026-04-14T11:57:48.863Z"",""styleSystemId"":null,""sotsSubmitted"":true,""userId"":""698dd1b2193c860027a3457a"",""isNoShow"":null,""status"":""confirmed""},{""submittedBallot"":true,""roleSystemId"":""RL-000010"",""styleSystemIds"":[],""joinedAt"":""2026-04-14T11:57:49.053Z"",""styleSystemId"":null,""sotsSubmitted"":true,""userId"":""69cd302266f2193a99122757"",""isNoShow"":null,""status"":""confirmed""},{""submittedBallot"":true,""roleSystemId"":""RL-ORGANIZER"",""styleSystemIds"":[],""joinedAt"":""2026-04-14T12:03:43.374Z"",""styleSystemId"":null,""sotsSubmitted"":true,""userId"":""698dbd987dbcc355eec0ff7c"",""isNoShow"":null,""status"":""confirmed""}]","69de2ba8d376f0e18d386d30","6","","2","","","","","","","[{""roleSystemId"":""RL-000010"",""candidateUserId"":""698dd1b2193c860027a3457a"",""confirmedBy"":""698dbd987dbcc355eec0ff7c"",""candidateStyleSystemIds"":[],""slotId"":""SL-69de2baad23a4ec63e3c313f-0"",""confirmedAt"":""2026-04-14T11:57:53.713Z"",""status"":""confirmed""}]","NC-0000000133","","[""698dbd987dbcc355eec0ff7c"",""698dd1b2193c860027a3457a"",""69cd302266f2193a99122757""]","","","","sots_submitted","69de2baad23a4ec63e3c313f","2026-04-14T11:57:30.116000","2026-04-14T12:05:13.407000","service_eb508f39-ce3d-4391-bb12-d4211c02ede9","false"
"2026-04-14T11:55:21.576Z","698dbd987dbcc355eec0ff7c","{""lineupScenes"":[{""sceneId"":""sc-1"",""label"":""Scène principale"",""icon"":""🎛""}],""lineupSchedule"":[{""plageId"":""p-1"",""label"":""Warmup"",""timeStart"":""2026-01-05T15:00:00.000Z"",""timeEnd"":""2026-01-05T16:30:00.000Z""},{""plageId"":""p-2"",""label"":""Peak"",""timeStart"":""2026-01-05T16:30:00.000Z"",""timeEnd"":""2026-01-05T18:45:00.000Z""},{""plageId"":""p-3"",""label"":""Closer"",""timeStart"":""2026-01-05T18:45:00.000Z"",""timeEnd"":""2026-01-05T20:00:00.000Z""}],""lineupPlacements"":{""SL-69de2840022bfcb859ffc261-0:698dd1b2193c860027a3457a:sc-1:p-2"":{""slotId"":""SL-69de2840022bfcb859ffc261-0"",""userId"":""698dd1b2193c860027a3457a"",""sceneId"":""sc-1"",""plageId"":""p-2"",""roleSystemId"":""RL-000010"",""assignedPrice"":100,""assignedStyleSystemIds"":[],""isPlaced"":true,""_pricingMeta"":{""hourlyRate"":141.1,""workedMin"":135,""requiredMin"":135,""billableMin"":135,""allocationRatio"":1,""blockSize"":1},""_primeMeta"":{""sots"":""+5%"",""urgence"":""+25%"",""xp"":""+8% (niv.11)"",""offreDemande"":""N/A""},""_primeMultiplier"":1.411,""priceIsOverridden"":true,""priceOverridedAt"":""2026-04-14T11:43:32.137Z"",""calculatedPrice"":317,""proposalId"":""69de28666abf3dad8c4341b9"",""proposalStatus"":""accepted"",""proposedBy"":""698dbd987dbcc355eec0ff7c"",""proposedAt"":""2026-04-14T11:43:32.137Z"",""talentCounterPrice"":null,""talentResponseNote"":null},""SL-69de2840022bfcb859ffc261-0:698c747aee05acfdd23ea578:sc-1:p-1"":{""assignedPrice"":200,""priceIsOverridden"":true,""priceOverridedAt"":""2026-04-14T11:48:54.356Z"",""calculatedPrice"":150,""proposalId"":""69de29666a1bba924e2079a9"",""proposalStatus"":""pending_talent"",""proposedBy"":""698dbd987dbcc355eec0ff7c"",""proposedAt"":""2026-04-14T11:48:54.356Z"",""talentCounterPrice"":null,""talentResponseNote"":null},""SL-69de2840022bfcb859ffc261-0:698c747aee05acfdd23ea578:sc-1:p-3"":{""assignedPrice"":200,""priceIsOverridden"":true,""priceOverridedAt"":""2026-04-14T11:49:28.160Z"",""calculatedPrice"":200,""proposalId"":""69de2978cefa806c8c39f6ee"",""proposalStatus"":""pending_talent"",""proposedBy"":""698dbd987dbcc355eec0ff7c"",""proposedAt"":""2026-04-14T11:49:28.160Z"",""talentCounterPrice"":null,""talentResponseNote"":null}}}","","","event","","2026-04-14T11:54:09.121Z","","[{""submittedBallot"":true,""roleSystemId"":""RL-000010"",""styleSystemIds"":[],""joinedAt"":""2026-04-14T11:43:12.293Z"",""styleSystemId"":null,""sotsSubmitted"":true,""userId"":""698dd1b2193c860027a3457a"",""isNoShow"":null,""status"":""confirmed""},{""submittedBallot"":false,""roleSystemId"":""RL-000010"",""styleSystemIds"":[""ST-000217""],""joinedAt"":""2026-04-14T11:45:23.569Z"",""styleSystemId"":null,""sotsSubmitted"":null,""userId"":""698c747aee05acfdd23ea578"",""isNoShow"":null,""status"":""confirmed""},{""submittedBallot"":true,""roleSystemId"":""RL-ORGANIZER"",""styleSystemIds"":[""ST-000217""],""joinedAt"":""2026-04-14T11:54:09.121Z"",""styleSystemId"":null,""sotsSubmitted"":true,""userId"":""698dbd987dbcc355eec0ff7c"",""isNoShow"":null,""status"":""confirmed""}]","69de283fadade41b0eb99f7c","6","","2","","","","","","","[{""roleSystemId"":""RL-000010"",""candidateUserId"":""698dd1b2193c860027a3457a"",""confirmedBy"":""698dbd987dbcc355eec0ff7c"",""candidateStyleSystemIds"":[],""slotId"":""SL-69de2840022bfcb859ffc261-0"",""confirmedAt"":""2026-04-14T11:43:20.368Z"",""status"":""confirmed""}]","NC-0000000058","","[""698dbd987dbcc355eec0ff7c"",""698dd1b2193c860027a3457a"",""69cd302266f2193a99122757""]","","","","archived","69de2840022bfcb859ffc261","2026-04-14T11:42:56.828000","2026-04-18T18:25:40.307000","service_eb508f39-ce3d-4391-bb12-d4211c02ede9","false"
"2026-04-15T11:55:14.101Z","698c747aee05acfdd23ea578","{""lineupScenes"":[{""sceneId"":""sc-1"",""label"":""Scène principale"",""icon"":""🎛""}],""lineupSchedule"":[{""plageId"":""p-1"",""label"":""Warmup"",""timeStart"":""2026-05-05T09:00:00.000Z"",""timeEnd"":""2026-05-05T10:48:00.000Z""},{""plageId"":""p-2"",""label"":""Peak"",""timeStart"":""2026-05-05T10:48:00.000Z"",""timeEnd"":""2026-05-05T15:00:00.000Z""}],""lineupPlacements"":{""SL-69d93219048cae3022ea6206-0:698d204286a5af9808991620:sc-1:p-2"":{""slotId"":""SL-69d93219048cae3022ea6206-0"",""userId"":""698d204286a5af9808991620"",""sceneId"":""sc-1"",""plageId"":""p-2"",""roleSystemId"":""RL-000025"",""assignedPrice"":415,""assignedStyleSystemIds"":[],""isPlaced"":false,""_pricingMeta"":{""hourlyRate"":249.8,""workedMin"":252,""requiredMin"":360,""billableMin"":360,""allocationRatio"":0.7,""blockSize"":2},""_primeMeta"":{""sots"":""+10%"",""xp"":""+14% (niv.19)"",""offreDemande"":""N/A""},""_primeMultiplier"":1.249,""priceIsOverridden"":true,""priceOverridedAt"":""2026-04-10T17:27:35.887Z"",""calculatedPrice"":1049,""proposalId"":""69d9330a3ba5514c8ca77e2d"",""proposalStatus"":""rejected"",""proposedBy"":""698c747aee05acfdd23ea578"",""proposedAt"":""2026-04-10T17:27:35.887Z"",""talentCounterPrice"":null,""talentResponseNote"":null},""SL-69d93219048cae3022ea6206-1:69b48a2b7d5c0db589c6bb1c:sc-1:p-1"":{""slotId"":""SL-69d93219048cae3022ea6206-1"",""userId"":""69b48a2b7d5c0db589c6bb1c"",""sceneId"":""sc-1"",""plageId"":""p-1"",""roleSystemId"":""RL-000009"",""assignedPrice"":144,""assignedStyleSystemIds"":[],""isPlaced"":true,""_pricingMeta"":{""hourlyRate"":95.28,""workedMin"":108,""requiredMin"":108,""billableMin"":108,""allocationRatio"":1,""blockSize"":1},""_primeMeta"":{""sots"":""+10%"",""xp"":""+8% (niv.12)"",""offreDemande"":""N/A""},""_primeMultiplier"":1.191,""priceIsOverridden"":true,""priceOverridedAt"":""2026-04-15T11:53:33.022Z"",""calculatedPrice"":172,""proposalId"":""69df7c3f5b6b2460ac24dca6"",""proposalStatus"":""accepted"",""proposedBy"":""698c747aee05acfdd23ea578"",""proposedAt"":""2026-04-15T11:53:33.022Z"",""talentCounterPrice"":null,""talentResponseNote"":null},""SL-69d93219048cae3022ea6206-0:698d204286a5af9808991620:sc-1:p-1"":{""slotId"":""SL-69d93219048cae3022ea6206-0"",""userId"":""698d204286a5af9808991620"",""sceneId"":""sc-1"",""plageId"":""p-1"",""roleSystemId"":""RL-000025"",""assignedPrice"":360,""assignedStyleSystemIds"":[],""isPlaced"":true,""_pricingMeta"":{""hourlyRate"":249.8,""workedMin"":108,""requiredMin"":360,""billableMin"":360,""allocationRatio"":0.3,""blockSize"":2},""_primeMeta"":{""sots"":""+10%"",""xp"":""+14% (niv.19)"",""offreDemande"":""N/A""},""_primeMultiplier"":1.249,""priceIsOverridden"":true,""priceOverridedAt"":""2026-04-15T11:53:46.403Z"",""calculatedPrice"":450,""proposalId"":""69df7c4d16862665835a3a12"",""proposalStatus"":""accepted"",""proposedBy"":""698c747aee05acfdd23ea578"",""proposedAt"":""2026-04-15T11:53:46.403Z"",""talentCounterPrice"":null,""talentResponseNote"":null}}}","","","event","","2026-04-15T11:54:04.485Z","","[{""submittedBallot"":true,""roleSystemId"":""RL-000025"",""styleSystemIds"":[""ST-000165""],""joinedAt"":""2026-04-10T17:24:05.364Z"",""styleSystemId"":null,""sotsSubmitted"":true,""userId"":""698d204286a5af9808991620"",""isNoShow"":null,""status"":""confirmed""},{""submittedBallot"":true,""roleSystemId"":""RL-000009"",""styleSystemIds"":[],""joinedAt"":""2026-04-10T17:24:07.933Z"",""styleSystemId"":null,""sotsSubmitted"":true,""userId"":""69b48a2b7d5c0db589c6bb1c"",""isNoShow"":null,""status"":""confirmed""},{""submittedBallot"":true,""roleSystemId"":""RL-ORGANIZER"",""styleSystemIds"":[""ST-000165""],""joinedAt"":""2026-04-15T11:54:04.485Z"",""styleSystemId"":null,""sotsSubmitted"":true,""userId"":""698c747aee05acfdd23ea578"",""isNoShow"":null,""status"":""confirmed""}]","69d932177a48bf7560309c3e","6","","2","","","","","","","[{""roleSystemId"":""RL-000025"",""candidateUserId"":""698d204286a5af9808991620"",""confirmedBy"":""698c747aee05acfdd23ea578"",""candidateStyleSystemIds"":[""ST-000165""],""slotId"":""SL-69d93219048cae3022ea6206-0"",""confirmedAt"":""2026-04-10T17:24:14.040Z"",""status"":""confirmed""},{""roleSystemId"":""RL-000009"",""candidateUserId"":""69b48a2b7d5c0db589c6bb1c"",""confirmedBy"":""698c747aee05acfdd23ea578"",""candidateStyleSystemIds"":[],""slotId"":""SL-69d93219048cae3022ea6206-1"",""confirmedAt"":""2026-04-10T17:24:17.502Z"",""status"":""confirmed""}]","NC-0000000144","","[""698c747aee05acfdd23ea578"",""698d204286a5af9808991620"",""69b48a2b7d5c0db589c6bb1c""]","","","","sots_submitted","69d93219048cae3022ea6206","2026-04-10T17:23:37.199000","2026-04-15T12:00:56.791000","service_eb508f39-ce3d-4391-bb12-d4211c02ede9","false"
"2026-04-10T17:21:56.467Z","698c747aee05acfdd23ea578","{""lineupScenes"":[{""sceneId"":""sc-1"",""label"":""Scène principale"",""icon"":""🎛""},{""sceneId"":""sc-1775825487189"",""label"":""Micro"",""icon"":""🎤""}],""lineupSchedule"":[{""plageId"":""p-1"",""label"":""Cérémonie"",""timeStart"":""2026-05-05T16:00:00.000Z"",""timeEnd"":""2026-05-05T16:27:00.000Z""},{""plageId"":""p-2"",""label"":""Cocktail"",""timeStart"":""2026-05-05T16:27:00.000Z"",""timeEnd"":""2026-05-05T17:12:00.000Z""},{""plageId"":""p-3"",""label"":""Souper"",""timeStart"":""2026-05-05T17:12:00.000Z"",""timeEnd"":""2026-05-05T18:06:00.000Z""},{""plageId"":""p-4"",""label"":""Party"",""timeStart"":""2026-05-05T18:06:00.000Z"",""timeEnd"":""2026-05-05T19:00:00.000Z""}],""lineupPlacements"":{""SL-69d8f256e1693c0be1bf72e4-0:698dd1b2193c860027a3457a:sc-1:p-3"":{""assignedPrice"":200,""priceIsOverridden"":true,""priceOverridedAt"":""2026-04-10T12:52:39.473Z"",""calculatedPrice"":0,""proposalId"":""69d8f29b468e41938c7f8bde"",""proposalStatus"":""pending_talent"",""proposedBy"":""698c747aee05acfdd23ea578"",""proposedAt"":""2026-04-10T12:52:39.473Z"",""talentCounterPrice"":null,""talentResponseNote"":null},""SL-69d8f256e1693c0be1bf72e4-0:698dd1b2193c860027a3457a:sc-1:p-4"":{""assignedPrice"":60,""priceIsOverridden"":true,""priceOverridedAt"":""2026-04-10T12:53:05.206Z"",""calculatedPrice"":0,""proposalId"":""69d8f2b42f070012b826c12e"",""proposalStatus"":""pending_talent"",""proposedBy"":""698c747aee05acfdd23ea578"",""proposedAt"":""2026-04-10T12:53:05.206Z"",""talentCounterPrice"":null,""talentResponseNote"":null},""SL-69d8f256e1693c0be1bf72e4-0:698dd1b2193c860027a3457a:sc-1775825487189:p-1"":{""assignedPrice"":100,""priceIsOverridden"":true,""priceOverridedAt"":""2026-04-10T12:54:05.440Z"",""calculatedPrice"":100,""proposalId"":""69d8f2c7bfb01d9b6de9048f"",""proposalStatus"":""pending_talent"",""proposedBy"":""698c747aee05acfdd23ea578"",""proposedAt"":""2026-04-10T12:54:05.440Z"",""talentCounterPrice"":null,""talentResponseNote"":null},""SL-69d8f256e1693c0be1bf72e4-0:698d204286a5af9808991620:sc-1775825487189:p-3"":{""slotId"":""SL-69d8f256e1693c0be1bf72e4-0"",""userId"":""698d204286a5af9808991620"",""sceneId"":""sc-1775825487189"",""plageId"":""p-3"",""roleSystemId"":""RL-000008"",""assignedPrice"":100,""assignedStyleSystemIds"":[],""isPlaced"":false,""_pricingMeta"":{""hourlyRate"":124.9,""workedMin"":54,""requiredMin"":153,""billableMin"":153,""allocationRatio"":0.35294117647058826,""blockSize"":3},""_primeMeta"":{""sots"":""+10%"",""xp"":""+14% (niv.19)"",""offreDemande"":""N/A""},""_primeMultiplier"":1.249,""priceIsOverridden"":true,""priceOverridedAt"":""2026-04-10T12:54:33.222Z"",""calculatedPrice"":112,""proposalId"":""69d8f30cba22c40affe08f40"",""proposalStatus"":""rejected"",""proposedBy"":""698c747aee05acfdd23ea578"",""proposedAt"":""2026-04-10T12:54:33.222Z"",""talentCounterPrice"":null,""talentResponseNote"":null},""SL-69d8f256e1693c0be1bf72e4-0:698d204286a5af9808991620:sc-1775825487189:p-2"":{""slotId"":""SL-69d8f256e1693c0be1bf72e4-0"",""userId"":""698d204286a5af9808991620"",""sceneId"":""sc-1775825487189"",""plageId"":""p-2"",""roleSystemId"":""RL-000008"",""assignedPrice"":60,""assignedStyleSystemIds"":[],""isPlaced"":false,""_pricingMeta"":{""hourlyRate"":124.9,""workedMin"":45,""requiredMin"":153,""billableMin"":153,""allocationRatio"":0.29411764705882354,""blockSize"":3},""_primeMeta"":{""sots"":""+10%"",""xp"":""+14% (niv.19)"",""offreDemande"":""N/A""},""_primeMultiplier"":1.249,""priceIsOverridden"":true,""priceOverridedAt"":""2026-04-10T12:56:22.333Z"",""calculatedPrice"":94,""proposalId"":""69d8f379b40cfbec759962fc"",""proposalStatus"":""rejected"",""proposedBy"":""698c747aee05acfdd23ea578"",""proposedAt"":""2026-04-10T12:56:22.333Z"",""talentCounterPrice"":null,""talentResponseNote"":null},""SL-69d8f256e1693c0be1bf72e4-0:698d204286a5af9808991620:sc-1775825487189:p-4"":{""slotId"":""SL-69d8f256e1693c0be1bf72e4-0"",""userId"":""698d204286a5af9808991620"",""sceneId"":""sc-1775825487189"",""plageId"":""p-4"",""roleSystemId"":""RL-000008"",""assignedPrice"":112,""assignedStyleSystemIds"":[],""isPlaced"":true,""_pricingMeta"":{""hourlyRate"":124.9,""workedMin"":54,""requiredMin"":153,""billableMin"":153,""allocationRatio"":0.35294117647058826,""blockSize"":3},""_primeMeta"":{""sots"":""+10%"",""xp"":""+14% (niv.19)"",""offreDemande"":""N/A""},""_primeMultiplier"":1.249},""SL-69d8f256e1693c0be1bf72e4-0:698dd1b2193c860027a3457a:sc-1775825487189:p-4"":{""assignedPrice"":180,""priceIsOverridden"":true,""priceOverridedAt"":""2026-04-10T17:20:25.813Z"",""calculatedPrice"":0,""proposalId"":""69d9315d636f73c7291b56ec"",""proposalStatus"":""pending_talent"",""proposedBy"":""698c747aee05acfdd23ea578"",""proposedAt"":""2026-04-10T17:20:25.813Z"",""talentCounterPrice"":null,""talentResponseNote"":null}}}","","","event","","2026-04-10T17:20:50.839Z","","[{""submittedBallot"":true,""roleSystemId"":""RL-000008"",""styleSystemIds"":[""ST-000088"",""ST-000074""],""joinedAt"":""2026-04-10T12:51:58.247Z"",""styleSystemId"":null,""sotsSubmitted"":true,""userId"":""698d204286a5af9808991620"",""isNoShow"":null,""status"":""confirmed""},{""submittedBallot"":false,""roleSystemId"":""RL-000008"",""styleSystemIds"":[""ST-000077"",""ST-000103""],""joinedAt"":""2026-04-10T12:52:03.420Z"",""styleSystemId"":null,""sotsSubmitted"":null,""userId"":""698dd1b2193c860027a3457a"",""isNoShow"":null,""status"":""confirmed""},{""submittedBallot"":true,""roleSystemId"":""RL-ORGANIZER"",""styleSystemIds"":[""ST-000088"",""ST-000074"",""ST-000077"",""ST-000103""],""joinedAt"":""2026-04-10T17:20:50.839Z"",""styleSystemId"":null,""sotsSubmitted"":true,""userId"":""698c747aee05acfdd23ea578"",""isNoShow"":null,""status"":""confirmed""}]","69d8f25414d2940afb3a4c94","6","","2","","","","","","","[{""roleSystemId"":""RL-000008"",""candidateUserId"":""698d204286a5af9808991620"",""confirmedBy"":""698c747aee05acfdd23ea578"",""candidateStyleSystemIds"":[""ST-000088"",""ST-000074""],""slotId"":""SL-69d8f256e1693c0be1bf72e4-0"",""confirmedAt"":""2026-04-10T12:52:10.235Z"",""status"":""confirmed""}]","NC-0000000052","","[""698c747aee05acfdd23ea578"",""698d204286a5af9808991620"",""69b48a2b7d5c0db589c6bb1c""]","","","","archived","69d8f256e1693c0be1bf72e4","2026-04-10T12:51:34.206000","2026-04-15T12:00:17.008000","service_eb508f39-ce3d-4391-bb12-d4211c02ede9","false"
"2026-04-15T12:01:48.726Z","698c747aee05acfdd23ea578","{""lineupScenes"":[{""sceneId"":""sc-1"",""label"":""Scène principale"",""icon"":""🎛""}],""lineupSchedule"":[{""plageId"":""p-1"",""label"":""Warmup"",""timeStart"":""2026-06-06T16:00:00.000Z"",""timeEnd"":""2026-06-06T16:54:00.000Z""},{""plageId"":""p-2"",""label"":""Peak"",""timeStart"":""2026-06-06T16:54:00.000Z"",""timeEnd"":""2026-06-06T19:00:00.000Z""}],""lineupPlacements"":{""SL-69d8eb50bc5482aaebbd1b9a-0:698d204286a5af9808991620:sc-1:p-2"":{""slotId"":""SL-69d8eb50bc5482aaebbd1b9a-0"",""userId"":""698d204286a5af9808991620"",""sceneId"":""sc-1"",""plageId"":""p-2"",""roleSystemId"":""RL-000009"",""assignedPrice"":332,""assignedStyleSystemIds"":[],""isPlaced"":true,""_pricingMeta"":{""hourlyRate"":157.9,""workedMin"":126,""requiredMin"":180,""billableMin"":180,""allocationRatio"":0.7,""blockSize"":2},""_primeMeta"":{""sots"":""+10%"",""jour"":""+10% (WE)"",""xp"":""+14% (niv.19)"",""saison"":""+15%"",""offreDemande"":""N/A""},""_primeMultiplier"":1.579},""SL-69d8eb50bc5482aaebbd1b9a-0:698d204286a5af9808991620:sc-1:p-1"":{""slotId"":""SL-69d8eb50bc5482aaebbd1b9a-0"",""userId"":""698d204286a5af9808991620"",""sceneId"":""sc-1"",""plageId"":""p-1"",""roleSystemId"":""RL-000009"",""assignedPrice"":5,""assignedStyleSystemIds"":[],""isPlaced"":false,""_pricingMeta"":{""hourlyRate"":157.9,""workedMin"":54,""requiredMin"":180,""billableMin"":180,""allocationRatio"":0.3,""blockSize"":2},""_primeMeta"":{""sots"":""+10%"",""jour"":""+10% (WE)"",""xp"":""+14% (niv.19)"",""saison"":""+15%"",""offreDemande"":""N/A""},""_primeMultiplier"":1.579,""priceIsOverridden"":true,""priceOverridedAt"":""2026-04-10T12:39:57.788Z"",""calculatedPrice"":142,""proposalId"":""69d8efa0b9cbcfce11b1f671"",""proposalStatus"":""rejected"",""proposedBy"":""698c747aee05acfdd23ea578"",""proposedAt"":""2026-04-10T12:39:57.788Z"",""talentCounterPrice"":null,""talentResponseNote"":null},""SL-69d8eb50bc5482aaebbd1b9a-0:69b48a2b7d5c0db589c6bb1c:sc-1:p-2"":{""assignedPrice"":168,""priceIsOverridden"":true,""priceOverridedAt"":""2026-04-15T11:57:56.029Z"",""calculatedPrice"":0,""proposalId"":""69df7d46036a1986163d19c9"",""proposalStatus"":""pending_talent"",""proposedBy"":""698c747aee05acfdd23ea578"",""proposedAt"":""2026-04-15T11:57:56.029Z"",""talentCounterPrice"":null,""talentResponseNote"":null}}}","","","event","","2026-04-15T12:01:34.579Z","","[{""submittedBallot"":false,""roleSystemId"":""RL-000009"",""styleSystemIds"":[],""joinedAt"":""2026-04-10T12:21:59.562Z"",""styleSystemId"":null,""sotsSubmitted"":null,""userId"":""698d204286a5af9808991620"",""isNoShow"":null,""status"":""confirmed""},{""submittedBallot"":false,""roleSystemId"":""RL-000009"",""styleSystemIds"":[""ST-000192""],""joinedAt"":""2026-04-15T11:57:39.976Z"",""styleSystemId"":null,""sotsSubmitted"":null,""userId"":""69b48a2b7d5c0db589c6bb1c"",""isNoShow"":null,""status"":""confirmed""},{""submittedBallot"":true,""roleSystemId"":""RL-ORGANIZER"",""styleSystemIds"":[""ST-000192""],""joinedAt"":""2026-04-15T12:01:34.579Z"",""styleSystemId"":null,""sotsSubmitted"":true,""userId"":""698c747aee05acfdd23ea578"",""isNoShow"":null,""status"":""confirmed""}]","69d8eb4e6922f5f585e48baf","6","","2","","","","","","","[{""roleSystemId"":""RL-000009"",""candidateUserId"":""698d204286a5af9808991620"",""confirmedBy"":""698c747aee05acfdd23ea578"",""candidateStyleSystemIds"":[],""slotId"":""SL-69d8eb50bc5482aaebbd1b9a-0"",""confirmedAt"":""2026-04-10T12:22:08.014Z"",""status"":""confirmed""}]","NC-0000000086","","[""698c747aee05acfdd23ea578""]","","","","archived","69d8eb50bc5482aaebbd1b9a","2026-04-10T12:21:36.158000","2026-04-18T18:25:40.319000","service_eb508f39-ce3d-4391-bb12-d4211c02ede9","false"
"2026-04-10T12:19:59.065Z","698c747aee05acfdd23ea578","{""lineupScenes"":[{""sceneId"":""sc-1"",""label"":""Scène principale"",""icon"":""🎛""}],""lineupSchedule"":[{""plageId"":""p-1"",""label"":""Warmup"",""timeStart"":""2026-06-06T10:00:00.000Z"",""timeEnd"":""2026-06-06T12:06:00.000Z""},{""plageId"":""p-2"",""label"":""Peak"",""timeStart"":""2026-06-06T12:06:00.000Z"",""timeEnd"":""2026-06-06T17:00:00.000Z""}],""lineupPlacements"":{""SL-69d8e7ac57c533eefad07c4d-0:698d204286a5af9808991620:sc-1:p-1"":{""slotId"":""SL-69d8e7ac57c533eefad07c4d-0"",""userId"":""698d204286a5af9808991620"",""sceneId"":""sc-1"",""plageId"":""p-1"",""roleSystemId"":""RL-000025"",""assignedPrice"":50,""assignedStyleSystemIds"":[],""isPlaced"":true,""_pricingMeta"":{""hourlyRate"":301.6,""workedMin"":126,""requiredMin"":420,""billableMin"":420,""allocationRatio"":0.3,""blockSize"":2},""_primeMeta"":{""sots"":""+5%"",""jour"":""+10% (WE)"",""xp"":""+14% (niv.19)"",""saison"":""+15%"",""offreDemande"":""N/A""},""_primeMultiplier"":1.508,""priceIsOverridden"":true,""priceOverridedAt"":""2026-04-10T12:15:12.667Z"",""calculatedPrice"":633,""proposalId"":""69d8e9d40d6006a65efa735a"",""proposalStatus"":""accepted"",""proposedBy"":""698c747aee05acfdd23ea578"",""proposedAt"":""2026-04-10T12:15:12.667Z"",""talentCounterPrice"":null,""talentResponseNote"":null},""SL-69d8e7ac57c533eefad07c4d-0:698d204286a5af9808991620:sc-1:p-2"":{""slotId"":""SL-69d8e7ac57c533eefad07c4d-0"",""userId"":""698d204286a5af9808991620"",""sceneId"":""sc-1"",""plageId"":""p-2"",""roleSystemId"":""RL-000025"",""assignedPrice"":100,""assignedStyleSystemIds"":[],""isPlaced"":true,""_pricingMeta"":{""hourlyRate"":301.6,""workedMin"":294,""requiredMin"":420,""billableMin"":420,""allocationRatio"":0.7,""blockSize"":2},""_primeMeta"":{""sots"":""+5%"",""jour"":""+10% (WE)"",""xp"":""+14% (niv.19)"",""saison"":""+15%"",""offreDemande"":""N/A""},""_primeMultiplier"":1.508,""priceIsOverridden"":true,""priceOverridedAt"":""2026-04-10T12:15:31.816Z"",""calculatedPrice"":1478,""proposalId"":""69d8e9e749ef2f2d007b1020"",""proposalStatus"":""accepted"",""proposedBy"":""698c747aee05acfdd23ea578"",""proposedAt"":""2026-04-10T12:15:31.816Z"",""talentCounterPrice"":null,""talentResponseNote"":null}}}","","","event","","2026-04-10T12:18:29.467Z","","[{""submittedBallot"":true,""roleSystemId"":""RL-000025"",""styleSystemIds"":[""ST-000165""],""joinedAt"":""2026-04-10T12:06:24.482Z"",""styleSystemId"":null,""sotsSubmitted"":true,""userId"":""698d204286a5af9808991620"",""isNoShow"":null,""status"":""confirmed""},{""submittedBallot"":true,""roleSystemId"":""RL-ORGANIZER"",""styleSystemIds"":[""ST-000165""],""joinedAt"":""2026-04-10T12:18:29.467Z"",""styleSystemId"":null,""sotsSubmitted"":true,""userId"":""698c747aee05acfdd23ea578"",""isNoShow"":null,""status"":""confirmed""}]","69d8e7ab0ce0bb19c583ce31","6","","2","","","","","","","[{""roleSystemId"":""RL-000025"",""candidateUserId"":""698d204286a5af9808991620"",""confirmedBy"":""698c747aee05acfdd23ea578"",""candidateStyleSystemIds"":[""ST-000165""],""slotId"":""SL-69d8e7ac57c533eefad07c4d-0"",""confirmedAt"":""2026-04-10T12:06:32.523Z"",""status"":""confirmed""}]","NC-0000000054","","[""698c747aee05acfdd23ea578"",""698dd1b2193c860027a3457a"",""698d204286a5af9808991620""]","","","","sots_submitted","69d8e7ac57c533eefad07c4d","2026-04-10T12:06:04.581000","2026-04-15T11:58:51.172000","service_eb508f39-ce3d-4391-bb12-d4211c02ede9","false"
"","698c747aee05acfdd23ea578","{""lineupScenes"":[{""sceneId"":""sc-1"",""label"":""Scène principale"",""icon"":""🎛""}],""lineupSchedule"":[{""plageId"":""p-1"",""label"":""Warmup"",""timeStart"":""2026-06-09T16:00:00.000Z"",""timeEnd"":""2026-06-09T17:30:00.000Z""},{""plageId"":""p-2"",""label"":""Peak"",""timeStart"":""2026-06-09T17:30:00.000Z"",""timeEnd"":""2026-06-09T21:00:00.000Z""}],""lineupPlacements"":{""SL-69d8e47cba22c40affe079c1-0:698d204286a5af9808991620:sc-1:p-1"":{""slotId"":""SL-69d8e47cba22c40affe079c1-0"",""userId"":""698d204286a5af9808991620"",""sceneId"":""sc-1"",""plageId"":""p-1"",""roleSystemId"":""RL-000025"",""assignedPrice"":100,""assignedStyleSystemIds"":[],""isPlaced"":true,""_pricingMeta"":{""hourlyRate"":287.2,""workedMin"":90,""requiredMin"":90,""billableMin"":90,""allocationRatio"":1,""blockSize"":1},""_primeMeta"":{""sots"":""+10%"",""xp"":""+14% (niv.19)"",""saison"":""+15%"",""offreDemande"":""N/A""},""_primeMultiplier"":1.436,""priceIsOverridden"":true,""priceOverridedAt"":""2026-04-10T11:53:11.602Z"",""calculatedPrice"":411,""proposalId"":""69d8e4aad3e9337fbb001eee"",""proposalStatus"":""accepted"",""proposedBy"":""698c747aee05acfdd23ea578"",""proposedAt"":""2026-04-10T11:53:11.602Z"",""talentCounterPrice"":null,""talentResponseNote"":null},""SL-69d8e47cba22c40affe079c1-0:69b48a2b7d5c0db589c6bb1c:sc-1:p-2"":{""assignedPrice"":260,""priceIsOverridden"":true,""priceOverridedAt"":""2026-04-15T12:06:15.523Z"",""calculatedPrice"":300,""proposalId"":""69df7eccbe725f081c0de8ea"",""proposalStatus"":""pending_talent"",""proposedBy"":""698c747aee05acfdd23ea578"",""proposedAt"":""2026-04-15T12:06:15.523Z"",""talentCounterPrice"":null,""talentResponseNote"":null}}}","","","event","","","","[{""submittedBallot"":false,""roleSystemId"":""RL-000025"",""styleSystemIds"":[],""joinedAt"":""2026-04-10T11:52:45.988Z"",""styleSystemId"":null,""sotsSubmitted"":null,""userId"":""698d204286a5af9808991620"",""isNoShow"":null,""status"":""confirmed""},{""submittedBallot"":false,""roleSystemId"":""RL-000025"",""styleSystemIds"":[],""joinedAt"":""2026-04-15T12:03:36.944Z"",""styleSystemId"":null,""sotsSubmitted"":null,""userId"":""69b48a2b7d5c0db589c6bb1c"",""isNoShow"":null,""status"":""confirmed""}]","69d8e47a29fd00ffd0fffe17","6","","2","","","","","","","[{""roleSystemId"":""RL-000025"",""candidateUserId"":""698d204286a5af9808991620"",""confirmedBy"":""698c747aee05acfdd23ea578"",""candidateStyleSystemIds"":[],""slotId"":""SL-69d8e47cba22c40affe079c1-0"",""confirmedAt"":""2026-04-10T11:52:53.794Z"",""status"":""confirmed""}]","NC-0000000108","","[]","","","","archived","69d8e47cba22c40affe079c1","2026-04-10T11:52:28.407000","2026-04-18T18:25:40.330000","service_eb508f39-ce3d-4391-bb12-d4211c02ede9","false"
"","698c747aee05acfdd23ea578","{""lineupScenes"":[{""sceneId"":""sc-1"",""label"":""Scène principale"",""icon"":""🎛""},{""sceneId"":""sc-1775820827046"",""label"":""Micro"",""icon"":""🎤""}],""lineupSchedule"":[{""plageId"":""p-1"",""label"":""Warmup"",""timeStart"":""2026-06-06T22:00:00.000Z"",""timeEnd"":""2026-06-06T23:12:00.000Z""},{""plageId"":""p-2"",""label"":""Peak"",""timeStart"":""2026-06-06T23:12:00.000Z"",""timeEnd"":""2026-06-07T02:00:00.000Z""}],""lineupPlacements"":{""SL-69d8e01f00d2957ee871b58c-0:698d204286a5af9808991620:sc-1775820827046:p-2"":{""slotId"":""SL-69d8e01f00d2957ee871b58c-0"",""userId"":""698d204286a5af9808991620"",""sceneId"":""sc-1775820827046"",""plageId"":""p-2"",""roleSystemId"":""RL-000010"",""assignedPrice"":100,""assignedStyleSystemIds"":[],""isPlaced"":true,""_pricingMeta"":{""hourlyRate"":114.61,""workedMin"":168,""requiredMin"":240,""billableMin"":240,""allocationRatio"":0.7,""blockSize"":2},""_primeMeta"":{""sots"":""+5%"",""jour"":""+10% (WE)"",""xp"":""+14% (niv.19)"",""saison"":""+15%"",""offreDemande"":""N/A""},""_primeMultiplier"":1.508,""priceIsOverridden"":true,""priceOverridedAt"":""2026-04-10T11:34:24.845Z"",""calculatedPrice"":321,""proposalId"":""69d8e043657cbeff54e76315"",""proposalStatus"":""accepted"",""proposedBy"":""698c747aee05acfdd23ea578"",""proposedAt"":""2026-04-10T11:34:24.845Z"",""talentCounterPrice"":null,""talentResponseNote"":null},""SL-69d8e01f00d2957ee871b58c-0:698d204286a5af9808991620:sc-1775820827046:p-1"":{""slotId"":""SL-69d8e01f00d2957ee871b58c-0"",""userId"":""698d204286a5af9808991620"",""sceneId"":""sc-1775820827046"",""plageId"":""p-1"",""roleSystemId"":""RL-000010"",""assignedPrice"":20,""assignedStyleSystemIds"":[],""isPlaced"":true,""_pricingMeta"":{""hourlyRate"":114.61,""workedMin"":72,""requiredMin"":240,""billableMin"":240,""allocationRatio"":0.3,""blockSize"":2},""_primeMeta"":{""sots"":""+5%"",""jour"":""+10% (WE)"",""xp"":""+14% (niv.19)"",""saison"":""+15%"",""offreDemande"":""N/A""},""_primeMultiplier"":1.508,""priceIsOverridden"":true,""priceOverridedAt"":""2026-04-10T11:34:39.528Z"",""calculatedPrice"":138,""proposalId"":""69d8e05255493d158efb66ae"",""proposalStatus"":""accepted"",""proposedBy"":""698c747aee05acfdd23ea578"",""proposedAt"":""2026-04-10T11:34:39.528Z"",""talentCounterPrice"":null,""talentResponseNote"":null}}}","","","event","","","","[{""submittedBallot"":false,""roleSystemId"":""RL-000010"",""styleSystemIds"":[],""joinedAt"":""2026-04-10T11:34:02.731Z"",""styleSystemId"":null,""sotsSubmitted"":null,""userId"":""698d204286a5af9808991620"",""isNoShow"":null,""status"":""confirmed""}]","69d8e01d961cdeed1abb2663","6","","2","","","","","","","[{""roleSystemId"":""RL-000010"",""candidateUserId"":""698d204286a5af9808991620"",""confirmedBy"":""698c747aee05acfdd23ea578"",""candidateStyleSystemIds"":[],""slotId"":""SL-69d8e01f00d2957ee871b58c-0"",""confirmedAt"":""2026-04-10T11:34:12.258Z"",""status"":""confirmed""}]","NC-0000000016","","[]","","","","archived","69d8e01f00d2957ee871b58c","2026-04-10T11:33:51.472000","2026-04-18T18:25:40.307000","service_eb508f39-ce3d-4391-bb12-d4211c02ede9","false"
"2026-04-09T22:19:34.490Z","698c747aee05acfdd23ea578","{""lineupScenes"":[{""sceneId"":""sc-1"",""label"":""Scène principale"",""icon"":""🎛""}],""lineupSchedule"":[{""plageId"":""p-1"",""label"":""Warmup"",""timeStart"":""2026-04-10T23:00:00.000Z"",""timeEnd"":""2026-04-11T00:12:00.000Z""},{""plageId"":""p-2"",""label"":""Peak"",""timeStart"":""2026-04-11T00:12:00.000Z"",""timeEnd"":""2026-04-11T03:00:00.000Z""}],""lineupPlacements"":{""SL-69d824e985ac007e0548c7a7-0:698d204286a5af9808991620:sc-1:p-1"":{""slotId"":""SL-69d824e985ac007e0548c7a7-0"",""userId"":""698d204286a5af9808991620"",""sceneId"":""sc-1"",""plageId"":""p-1"",""roleSystemId"":""RL-000025"",""assignedPrice"":300,""assignedStyleSystemIds"":[],""isPlaced"":true,""_pricingMeta"":{""hourlyRate"":298,""workedMin"":72,""requiredMin"":72,""billableMin"":72,""allocationRatio"":1,""blockSize"":1},""_primeMeta"":{""sots"":""+5%"",""urgence"":""+25%"",""xp"":""+14% (niv.19)"",""offreDemande"":""N/A""},""_primeMultiplier"":1.49,""priceIsOverridden"":true,""priceOverridedAt"":""2026-04-09T22:15:57.132Z"",""calculatedPrice"":358,""proposalId"":""69d82520fe121bd2d32d1a9f"",""proposalStatus"":""pending_organizer"",""proposedBy"":""698c747aee05acfdd23ea578"",""proposedAt"":""2026-04-09T22:15:57.132Z"",""talentCounterPrice"":400,""talentResponseNote"":null}}}","","","event","","2026-04-09T22:19:24.576Z","","[{""submittedBallot"":false,""roleSystemId"":""RL-000025"",""styleSystemIds"":[""ST-000165""],""joinedAt"":""2026-04-09T22:15:31.778Z"",""styleSystemId"":null,""sotsSubmitted"":null,""userId"":""698d204286a5af9808991620"",""isNoShow"":null,""status"":""confirmed""},{""submittedBallot"":true,""roleSystemId"":""RL-ORGANIZER"",""styleSystemIds"":[""ST-000165""],""joinedAt"":""2026-04-09T22:19:24.576Z"",""styleSystemId"":null,""sotsSubmitted"":true,""userId"":""698c747aee05acfdd23ea578"",""isNoShow"":null,""status"":""confirmed""}]","69d824e81b51af4d3471f5f7","6","","2","","","","","","","[{""roleSystemId"":""RL-000025"",""candidateUserId"":""698d204286a5af9808991620"",""confirmedBy"":""698c747aee05acfdd23ea578"",""candidateStyleSystemIds"":[""ST-000165""],""slotId"":""SL-69d824e985ac007e0548c7a7-0"",""confirmedAt"":""2026-04-09T22:15:42.307Z"",""status"":""confirmed""}]","NC-0000000035","","[""698c747aee05acfdd23ea578""]","","","","archived","69d824e985ac007e0548c7a7","2026-04-09T22:15:05.920000","2026-04-15T12:04:44.943000","service_eb508f39-ce3d-4391-bb12-d4211c02ede9","false"
"","698c747aee05acfdd23ea578","{""lineupScenes"":[{""sceneId"":""sc-1"",""label"":""Scène principale"",""icon"":""🎛""},{""sceneId"":""sc-1775771471099"",""label"":""Micro"",""icon"":""🎤""}],""lineupSchedule"":[{""plageId"":""p-1"",""label"":""Warmup"",""timeStart"":""2026-05-10T13:00:00.000Z"",""timeEnd"":""2026-05-10T16:36:00.000Z""},{""plageId"":""p-2"",""label"":""Peak"",""timeStart"":""2026-05-10T16:36:00.000Z"",""timeEnd"":""2026-05-11T01:00:00.000Z""}],""lineupPlacements"":{""SL-69d81f5488753115306cf2ae-0:698d204286a5af9808991620:sc-1:p-1"":{""slotId"":""SL-69d81f5488753115306cf2ae-0"",""userId"":""698d204286a5af9808991620"",""sceneId"":""sc-1"",""plageId"":""p-1"",""roleSystemId"":""RL-000025"",""assignedPrice"":720,""assignedStyleSystemIds"":[],""isPlaced"":true,""_pricingMeta"":{""hourlyRate"":262.2,""workedMin"":216,""requiredMin"":720,""billableMin"":720,""allocationRatio"":0.3,""blockSize"":2},""_primeMeta"":{""sots"":""+5%"",""jour"":""+10% (WE)"",""xp"":""+14% (niv.19)"",""offreDemande"":""N/A""},""_primeMultiplier"":1.311,""priceIsOverridden"":true,""priceOverridedAt"":""2026-04-09T21:52:43.366Z"",""calculatedPrice"":944,""proposalId"":""69d81fae86a9ae8f1b2958f2"",""proposalStatus"":""pending_organizer"",""proposedBy"":""698c747aee05acfdd23ea578"",""proposedAt"":""2026-04-09T21:52:43.366Z"",""talentCounterPrice"":400,""talentResponseNote"":null},""SL-69d81f5488753115306cf2ae-0:698d204286a5af9808991620:sc-1:p-2"":{""slotId"":""SL-69d81f5488753115306cf2ae-0"",""userId"":""698d204286a5af9808991620"",""sceneId"":""sc-1"",""plageId"":""p-2"",""roleSystemId"":""RL-000025"",""assignedPrice"":0,""assignedStyleSystemIds"":[],""isPlaced"":true,""_pricingMeta"":{""hourlyRate"":262.2,""workedMin"":504,""requiredMin"":720,""billableMin"":720,""allocationRatio"":0.7,""blockSize"":2},""_primeMeta"":{""sots"":""+5%"",""jour"":""+10% (WE)"",""xp"":""+14% (niv.19)"",""offreDemande"":""N/A""},""_primeMultiplier"":1.311,""priceIsOverridden"":true,""priceOverridedAt"":""2026-04-09T21:52:54.497Z"",""calculatedPrice"":2202,""proposalId"":""69d81fb850e4f3c6a86786e2"",""proposalStatus"":""accepted"",""proposedBy"":""698c747aee05acfdd23ea578"",""proposedAt"":""2026-04-09T21:52:54.497Z"",""talentCounterPrice"":null,""talentResponseNote"":null}}}","","","event","","","","[{""submittedBallot"":false,""roleSystemId"":""RL-000025"",""styleSystemIds"":[],""joinedAt"":""2026-04-09T21:51:34.839Z"",""styleSystemId"":null,""sotsSubmitted"":null,""userId"":""698d204286a5af9808991620"",""isNoShow"":null,""status"":""confirmed""}]","69d81f5301657e9dce048d65","6","","2","","","","","","","[{""roleSystemId"":""RL-000025"",""candidateUserId"":""698d204286a5af9808991620"",""confirmedBy"":""698c747aee05acfdd23ea578"",""candidateStyleSystemIds"":[],""slotId"":""SL-69d81f5488753115306cf2ae-0"",""confirmedAt"":""2026-04-09T21:51:52.817Z"",""status"":""confirmed""}]","NC-0000000036","","[]","","","","archived","69d81f5488753115306cf2ae","2026-04-09T21:51:16.840000","2026-04-18T18:25:40.337000","service_eb508f39-ce3d-4391-bb12-d4211c02ede9","false"
"2026-04-09T21:36:07.332Z","698c747aee05acfdd23ea578","{""lineupScenes"":[{""sceneId"":""sc-1"",""label"":""Scène principale"",""icon"":""🎛""},{""sceneId"":""sc-1775770269728"",""label"":""Micro"",""icon"":""🎤""}],""lineupSchedule"":[{""plageId"":""p-1"",""label"":""Warmup"",""timeStart"":""2026-04-19T16:00:00.000Z"",""timeEnd"":""2026-04-19T17:30:00.000Z""},{""plageId"":""p-2"",""label"":""Peak"",""timeStart"":""2026-04-19T17:30:00.000Z"",""timeEnd"":""2026-04-19T21:00:00.000Z""}],""lineupPlacements"":{""SL-69d81aa21ab8b30871cde3bf-0:698d204286a5af9808991620:sc-1775770269728:p-1"":{""slotId"":""SL-69d81aa21ab8b30871cde3bf-0"",""userId"":""698d204286a5af9808991620"",""sceneId"":""sc-1775770269728"",""plageId"":""p-1"",""roleSystemId"":""RL-000025"",""assignedPrice"":100,""assignedStyleSystemIds"":[],""isPlaced"":false,""_pricingMeta"":{""hourlyRate"":260.4,""workedMin"":90,""requiredMin"":300,""billableMin"":300,""allocationRatio"":0.3,""blockSize"":2},""_primeMeta"":{""sots"":""+5%"",""jour"":""+10% (WE)"",""xp"":""+13% (niv.18)"",""offreDemande"":""N/A""},""_primeMultiplier"":1.302,""priceIsOverridden"":true,""priceOverridedAt"":""2026-04-09T21:32:08.121Z"",""calculatedPrice"":391,""proposalId"":""69d81ada00e6bdafab73495b"",""proposalStatus"":""rejected"",""proposedBy"":""698c747aee05acfdd23ea578"",""proposedAt"":""2026-04-09T21:32:08.121Z"",""talentCounterPrice"":null,""talentResponseNote"":null},""SL-69d81aa21ab8b30871cde3bf-0:698d204286a5af9808991620:sc-1775770269728:p-2"":{""slotId"":""SL-69d81aa21ab8b30871cde3bf-0"",""userId"":""698d204286a5af9808991620"",""sceneId"":""sc-1775770269728"",""plageId"":""p-2"",""roleSystemId"":""RL-000025"",""assignedPrice"":200,""assignedStyleSystemIds"":[],""isPlaced"":false,""_pricingMeta"":{""hourlyRate"":260.4,""workedMin"":210,""requiredMin"":300,""billableMin"":300,""allocationRatio"":0.7,""blockSize"":2},""_primeMeta"":{""sots"":""+5%"",""jour"":""+10% (WE)"",""xp"":""+13% (niv.18)"",""offreDemande"":""N/A""},""_primeMultiplier"":1.302,""priceIsOverridden"":true,""priceOverridedAt"":""2026-04-09T21:32:23.956Z"",""calculatedPrice"":911,""proposalId"":""69d81aebb6ad18cc7a679474"",""proposalStatus"":""rejected"",""proposedBy"":""698c747aee05acfdd23ea578"",""proposedAt"":""2026-04-09T21:32:23.956Z"",""talentCounterPrice"":null,""talentResponseNote"":null}}}","","","event","","2026-04-09T21:34:42.240Z","","[{""submittedBallot"":true,""roleSystemId"":""RL-000025"",""styleSystemIds"":[""ST-000165""],""joinedAt"":""2026-04-09T21:31:47.460Z"",""styleSystemId"":null,""sotsSubmitted"":true,""userId"":""698d204286a5af9808991620"",""isNoShow"":null,""status"":""confirmed""},{""submittedBallot"":true,""roleSystemId"":""RL-ORGANIZER"",""styleSystemIds"":[""ST-000165""],""joinedAt"":""2026-04-09T21:34:42.240Z"",""styleSystemId"":null,""sotsSubmitted"":true,""userId"":""698c747aee05acfdd23ea578"",""isNoShow"":null,""status"":""confirmed""}]","69d81aa1c594498c3e155347","6","","2","","","","","","","[{""roleSystemId"":""RL-000025"",""candidateUserId"":""698d204286a5af9808991620"",""confirmedBy"":""698c747aee05acfdd23ea578"",""candidateStyleSystemIds"":[""ST-000165""],""slotId"":""SL-69d81aa21ab8b30871cde3bf-0"",""confirmedAt"":""2026-04-09T21:31:58.321Z"",""status"":""confirmed""}]","NC-0000000166","","[""698c747aee05acfdd23ea578"",""698dc6f781b400b640a229f6"",""698d204286a5af9808991620""]","","","","sots_submitted","69d81aa21ab8b30871cde3bf","2026-04-09T21:31:14.901000","2026-04-15T11:59:31.572000","service_eb508f39-ce3d-4391-bb12-d4211c02ede9","false"
"2026-04-09T21:28:55.043Z","698d204286a5af9808991620","{""lineupScenes"":[{""sceneId"":""sc-1"",""label"":""Scène principale"",""icon"":""🎛""},{""sceneId"":""sc-1775769813958"",""label"":""Micro"",""icon"":""🎤""}],""lineupSchedule"":[{""plageId"":""p-1"",""label"":""Warmup"",""timeStart"":""2026-04-10T19:00:00.000Z"",""timeEnd"":""2026-04-10T19:36:00.000Z""},{""plageId"":""p-2"",""label"":""Peak"",""timeStart"":""2026-04-10T19:36:00.000Z"",""timeEnd"":""2026-04-10T21:00:00.000Z""}],""lineupPlacements"":{""SL-69d818ddbc215e2c394a06d4-0:698c747aee05acfdd23ea578:sc-1:p-2"":{""slotId"":""SL-69d818ddbc215e2c394a06d4-0"",""userId"":""698c747aee05acfdd23ea578"",""sceneId"":""sc-1"",""plageId"":""p-2"",""roleSystemId"":""RL-000025"",""assignedPrice"":30,""assignedStyleSystemIds"":[],""isPlaced"":true,""_pricingMeta"":{""hourlyRate"":74,""workedMin"":84,""requiredMin"":120,""billableMin"":120,""allocationRatio"":0.7,""blockSize"":2},""_primeMeta"":{""sots"":""+5%"",""urgence"":""+25%"",""xp"":""+13% (niv.18)"",""offreDemande"":""N/A""},""_primeMultiplier"":1.48,""priceIsOverridden"":true,""priceOverridedAt"":""2026-04-09T21:24:37.893Z"",""calculatedPrice"":104,""proposalId"":""69d819186aec43272875df24"",""proposalStatus"":""accepted"",""proposedBy"":""698d204286a5af9808991620"",""proposedAt"":""2026-04-09T21:24:37.893Z"",""talentCounterPrice"":null,""talentResponseNote"":null},""SL-69d818ddbc215e2c394a06d4-0:698c747aee05acfdd23ea578:sc-1:p-1"":{""slotId"":""SL-69d818ddbc215e2c394a06d4-0"",""userId"":""698c747aee05acfdd23ea578"",""sceneId"":""sc-1"",""plageId"":""p-1"",""roleSystemId"":""RL-000025"",""assignedPrice"":60,""assignedStyleSystemIds"":[],""isPlaced"":true,""_pricingMeta"":{""hourlyRate"":74,""workedMin"":36,""requiredMin"":120,""billableMin"":120,""allocationRatio"":0.3,""blockSize"":2},""_primeMeta"":{""sots"":""+5%"",""urgence"":""+25%"",""xp"":""+13% (niv.18)"",""offreDemande"":""N/A""},""_primeMultiplier"":1.48,""priceIsOverridden"":true,""priceOverridedAt"":""2026-04-09T21:24:51.096Z"",""calculatedPrice"":44,""proposalId"":""69d81925122fe310d6bcf300"",""proposalStatus"":""accepted"",""proposedBy"":""698d204286a5af9808991620"",""proposedAt"":""2026-04-09T21:24:51.096Z"",""talentCounterPrice"":null,""talentResponseNote"":null}}}","","","event","","2026-04-09T21:28:37.040Z","","[{""submittedBallot"":true,""roleSystemId"":""RL-000025"",""styleSystemIds"":[""ST-000165""],""joinedAt"":""2026-04-09T21:24:20.342Z"",""styleSystemId"":null,""sotsSubmitted"":true,""userId"":""698c747aee05acfdd23ea578"",""isNoShow"":null,""status"":""confirmed""},{""submittedBallot"":true,""roleSystemId"":""RL-ORGANIZER"",""styleSystemIds"":[""ST-000165""],""joinedAt"":""2026-04-09T21:28:37.040Z"",""styleSystemId"":null,""sotsSubmitted"":true,""userId"":""698d204286a5af9808991620"",""isNoShow"":null,""status"":""confirmed""}]","69d818db1fbfe378c392bbff","6","","2","","","","","","","[{""roleSystemId"":""RL-000025"",""candidateUserId"":""698c747aee05acfdd23ea578"",""confirmedBy"":""698d204286a5af9808991620"",""candidateStyleSystemIds"":[""ST-000165""],""slotId"":""SL-69d818ddbc215e2c394a06d4-0"",""confirmedAt"":""2026-04-09T21:24:25.253Z"",""status"":""confirmed""}]","","","[""698c747aee05acfdd23ea578"",""698d204286a5af9808991620""]","","","","sots_submitted","69d818ddbc215e2c394a06d4","2026-04-09T21:23:41.025000","2026-04-09T21:29:52.831000","service_eb508f39-ce3d-4391-bb12-d4211c02ede9","false"
"2026-04-09T21:22:03.428Z","698d204286a5af9808991620","{""lineupScenes"":[{""sceneId"":""sc-1"",""label"":""Scène principale"",""icon"":""🎛""},{""sceneId"":""sc-1775769142824"",""label"":""Micro"",""icon"":""🎤""}],""lineupSchedule"":[{""plageId"":""p-1"",""label"":""Warmup"",""timeStart"":""2026-05-01T15:06:00.000Z"",""timeEnd"":""2026-05-01T15:40:12.000Z""},{""plageId"":""p-2"",""label"":""Peak"",""timeStart"":""2026-05-01T15:40:12.000Z"",""timeEnd"":""2026-05-01T17:00:00.000Z""}],""lineupPlacements"":{""SL-69d816491b678c9031c66ca2-0:698c747aee05acfdd23ea578:sc-1775769142824:p-2"":{""slotId"":""SL-69d816491b678c9031c66ca2-0"",""userId"":""698c747aee05acfdd23ea578"",""sceneId"":""sc-1775769142824"",""plageId"":""p-2"",""roleSystemId"":""RL-000025"",""assignedPrice"":100,""assignedStyleSystemIds"":[],""isPlaced"":true,""_pricingMeta"":{""hourlyRate"":59.2,""workedMin"":79.8,""requiredMin"":79.8,""billableMin"":79.8,""allocationRatio"":1,""blockSize"":1},""_primeMeta"":{""sots"":""+5%"",""xp"":""+13% (niv.18)"",""offreDemande"":""N/A""},""_primeMultiplier"":1.184,""priceIsOverridden"":true,""priceOverridedAt"":""2026-04-09T21:15:18.640Z"",""calculatedPrice"":79,""proposalId"":""69d816e9746182cedb5c0f43"",""proposalStatus"":""accepted"",""proposedBy"":""698d204286a5af9808991620"",""proposedAt"":""2026-04-09T21:15:18.640Z"",""talentCounterPrice"":null,""talentResponseNote"":null}}}","","","event","","2026-04-09T21:20:15.175Z","","[{""submittedBallot"":true,""roleSystemId"":""RL-000025"",""styleSystemIds"":[""ST-000165""],""joinedAt"":""2026-04-09T21:14:46.721Z"",""styleSystemId"":null,""sotsSubmitted"":true,""userId"":""698c747aee05acfdd23ea578"",""isNoShow"":null,""status"":""confirmed""},{""submittedBallot"":true,""roleSystemId"":""RL-ORGANIZER"",""styleSystemIds"":[""ST-000165""],""joinedAt"":""2026-04-09T21:20:15.175Z"",""styleSystemId"":null,""sotsSubmitted"":true,""userId"":""698d204286a5af9808991620"",""isNoShow"":null,""status"":""confirmed""}]","69d81648bd82e7282106ec34","6","","2","","","","","","","[{""roleSystemId"":""RL-000025"",""candidateUserId"":""698c747aee05acfdd23ea578"",""confirmedBy"":""698d204286a5af9808991620"",""candidateStyleSystemIds"":[""ST-000165""],""slotId"":""SL-69d816491b678c9031c66ca2-0"",""confirmedAt"":""2026-04-09T21:15:04.506Z"",""status"":""confirmed""}]","NC-0000000160","","[""698d204286a5af9808991620"",""698dc6f781b400b640a229f6"",""698c747aee05acfdd23ea578""]","","","","sots_submitted","69d816491b678c9031c66ca2","2026-04-09T21:12:41.739000","2026-04-09T21:22:28.521000","service_eb508f39-ce3d-4391-bb12-d4211c02ede9","false"
"2026-04-09T21:08:48.063Z","698d204286a5af9808991620","{""lineupScenes"":[{""sceneId"":""sc-1"",""label"":""Scène principale"",""icon"":""🎛""},{""sceneId"":""sc-1775766595103"",""label"":""Micro"",""icon"":""🎤""}],""lineupSchedule"":[{""plageId"":""p-1"",""label"":""Warmup"",""timeStart"":""2026-06-06T16:00:00.000Z"",""timeEnd"":""2026-06-06T18:06:00.000Z""},{""plageId"":""p-2"",""label"":""Peak"",""timeStart"":""2026-06-06T18:06:00.000Z"",""timeEnd"":""2026-06-06T21:15:00.000Z""},{""plageId"":""p-3"",""label"":""Closer"",""timeStart"":""2026-06-06T21:15:00.000Z"",""timeEnd"":""2026-06-06T23:00:00.000Z""}],""lineupPlacements"":{""SL-69d80cad97096e5464408d0a-0:698c747aee05acfdd23ea578:sc-1775766595103:p-3"":{""slotId"":""SL-69d80cad97096e5464408d0a-0"",""userId"":""698c747aee05acfdd23ea578"",""sceneId"":""sc-1775766595103"",""plageId"":""p-3"",""roleSystemId"":""RL-000025"",""assignedPrice"":100,""assignedStyleSystemIds"":[],""isPlaced"":true,""_pricingMeta"":{""hourlyRate"":74.9,""workedMin"":105,""requiredMin"":105,""billableMin"":105,""allocationRatio"":1,""blockSize"":1},""_primeMeta"":{""sots"":""+5%"",""jour"":""+10% (WE)"",""xp"":""+13% (niv.18)"",""saison"":""+15%"",""offreDemande"":""N/A""},""_primeMultiplier"":1.498,""priceIsOverridden"":true,""priceOverridedAt"":""2026-04-09T20:32:48.166Z"",""calculatedPrice"":131,""proposalId"":""69d80cf33ff27509e066d1b5"",""proposalStatus"":""accepted"",""proposedBy"":""698d204286a5af9808991620"",""proposedAt"":""2026-04-09T20:32:48.166Z"",""talentCounterPrice"":null,""talentResponseNote"":null}}}","","","event","","2026-04-09T20:36:49.246Z","","[{""submittedBallot"":true,""roleSystemId"":""RL-000025"",""styleSystemIds"":[""ST-000165""],""joinedAt"":""2026-04-09T20:32:12.636Z"",""styleSystemId"":null,""sotsSubmitted"":true,""userId"":""698c747aee05acfdd23ea578"",""isNoShow"":null,""status"":""confirmed""},{""submittedBallot"":true,""roleSystemId"":""RL-ORGANIZER"",""styleSystemIds"":[""ST-000165""],""joinedAt"":""2026-04-09T20:36:49.246Z"",""styleSystemId"":null,""sotsSubmitted"":true,""userId"":""698d204286a5af9808991620"",""isNoShow"":null,""status"":""confirmed""}]","69d80cabe1336b871a5d61ac","6","","2","","","","","","","[{""roleSystemId"":""RL-000025"",""candidateUserId"":""698c747aee05acfdd23ea578"",""confirmedBy"":""698d204286a5af9808991620"",""candidateStyleSystemIds"":[""ST-000165""],""slotId"":""SL-69d80cad97096e5464408d0a-0"",""confirmedAt"":""2026-04-09T20:32:22.444Z"",""status"":""confirmed""}]","NC-0000000005","","[""698d204286a5af9808991620"",""698c747aee05acfdd23ea578""]","","","","sots_submitted","69d80cad97096e5464408d0a","2026-04-09T20:31:41.330000","2026-04-09T21:15:49.078000","service_eb508f39-ce3d-4391-bb12-d4211c02ede9","false"
"2026-04-14T13:56:00.951Z","698d204286a5af9808991620","{""lineupScenes"":[{""sceneId"":""sc-1"",""label"":""Scène principale"",""icon"":""🎛""},{""sceneId"":""sc-1775765917896"",""label"":""Micro"",""icon"":""🎤""}],""lineupSchedule"":[{""plageId"":""p-1"",""label"":""Warmup"",""timeStart"":""2026-05-15T16:00:00.000Z"",""timeEnd"":""2026-05-15T16:54:00.000Z""},{""plageId"":""p-2"",""label"":""Peak"",""timeStart"":""2026-05-15T16:54:00.000Z"",""timeEnd"":""2026-05-15T19:00:00.000Z""}],""lineupPlacements"":{""SL-69d8099f48e7517f1325b196-0:698c747aee05acfdd23ea578:sc-1775765917896:p-2"":{""slotId"":""SL-69d8099f48e7517f1325b196-0"",""userId"":""698c747aee05acfdd23ea578"",""sceneId"":""sc-1775765917896"",""plageId"":""p-2"",""roleSystemId"":""RL-000010"",""assignedPrice"":263,""assignedStyleSystemIds"":[],""isPlaced"":true,""_pricingMeta"":{""hourlyRate"":148,""workedMin"":126,""requiredMin"":126,""billableMin"":126,""allocationRatio"":1,""blockSize"":1},""_primeMeta"":{""sots"":""+5%"",""xp"":""+13% (niv.18)"",""offreDemande"":""N/A""},""_primeMultiplier"":1.184,""priceIsOverridden"":true,""priceOverridedAt"":""2026-04-09T20:19:34.118Z"",""calculatedPrice"":311,""proposalId"":""69d809db6d2f35a90856cd2a"",""proposalStatus"":""accepted"",""proposedBy"":""698d204286a5af9808991620"",""proposedAt"":""2026-04-09T20:19:34.118Z"",""talentCounterPrice"":null,""talentResponseNote"":null}}}","","","event","","2026-04-14T13:55:54.203Z","","[{""submittedBallot"":false,""roleSystemId"":""RL-000010"",""styleSystemIds"":[""ST-000217""],""joinedAt"":""2026-04-09T20:19:13.957Z"",""styleSystemId"":null,""sotsSubmitted"":null,""userId"":""698c747aee05acfdd23ea578"",""isNoShow"":null,""status"":""confirmed""},{""submittedBallot"":true,""roleSystemId"":""RL-ORGANIZER"",""styleSystemIds"":[""ST-000217""],""joinedAt"":""2026-04-14T13:55:54.203Z"",""styleSystemId"":null,""sotsSubmitted"":true,""userId"":""698d204286a5af9808991620"",""isNoShow"":null,""status"":""confirmed""}]","69d8099e38661c6c0e5f15d6","6","","2","","","","","","","[{""roleSystemId"":""RL-000010"",""candidateUserId"":""698c747aee05acfdd23ea578"",""confirmedBy"":""698d204286a5af9808991620"",""candidateStyleSystemIds"":[""ST-000217""],""slotId"":""SL-69d8099f48e7517f1325b196-0"",""confirmedAt"":""2026-04-09T20:19:25.393Z"",""status"":""confirmed""},{""roleSystemId"":""RL-000025"",""candidateUserId"":null,""confirmedBy"":null,""candidateStyleSystemIds"":[],""slotId"":""SL-69d8099f48e7517f1325b196-1"",""confirmedAt"":null,""status"":""open""}]","NC-0000000200","","[""698d204286a5af9808991620""]","","","","archived","69d8099f48e7517f1325b196","2026-04-09T20:18:39.783000","2026-04-18T18:25:40.400000","service_eb508f39-ce3d-4391-bb12-d4211c02ede9","false"
"","698d204286a5af9808991620","{""lineupScenes"":[{""sceneId"":""sc-1"",""label"":""Scène principale"",""icon"":""🎛""},{""sceneId"":""sc-1775760018547"",""label"":""Micro"",""icon"":""🎤""}],""lineupSchedule"":[{""plageId"":""p-1"",""label"":""Warmup"",""timeStart"":""2026-04-26T14:00:00.000Z"",""timeEnd"":""2026-04-26T14:54:00.000Z""},{""plageId"":""p-2"",""label"":""Peak"",""timeStart"":""2026-04-26T14:54:00.000Z"",""timeEnd"":""2026-04-26T17:00:00.000Z""}],""lineupPlacements"":{""SL-69d7f2a34ea3081528a41ec5-0:698c747aee05acfdd23ea578:sc-1:p-2"":{""slotId"":""SL-69d7f2a34ea3081528a41ec5-0"",""userId"":""698c747aee05acfdd23ea578"",""sceneId"":""sc-1"",""plageId"":""p-2"",""roleSystemId"":""RL-000025"",""assignedPrice"":120,""assignedStyleSystemIds"":[],""isPlaced"":true,""_pricingMeta"":{""hourlyRate"":65.1,""workedMin"":126,""requiredMin"":126,""billableMin"":126,""allocationRatio"":1,""blockSize"":1},""_primeMeta"":{""sots"":""+5%"",""jour"":""+10% (WE)"",""xp"":""+13% (niv.18)"",""offreDemande"":""N/A""},""_primeMultiplier"":1.302,""priceIsOverridden"":true,""priceOverridedAt"":""2026-04-09T18:41:26.152Z"",""calculatedPrice"":137,""proposalId"":""69d7f2d84d04cdfd01cbfbed"",""proposalStatus"":""accepted"",""proposedBy"":""698d204286a5af9808991620"",""proposedAt"":""2026-04-09T18:41:26.152Z"",""talentCounterPrice"":null,""talentResponseNote"":null}}}","","","event","","","","[{""submittedBallot"":false,""roleSystemId"":""RL-000025"",""styleSystemIds"":[""ST-000165""],""joinedAt"":""2026-04-09T18:41:03.377Z"",""styleSystemId"":null,""sotsSubmitted"":null,""userId"":""698c747aee05acfdd23ea578"",""isNoShow"":null,""status"":""confirmed""}]","69d7f2a1d02b620f26748950","6","","2","","","","","","","[{""roleSystemId"":""RL-000025"",""candidateUserId"":""698c747aee05acfdd23ea578"",""confirmedBy"":""698d204286a5af9808991620"",""candidateStyleSystemIds"":[""ST-000165""],""slotId"":""SL-69d7f2a34ea3081528a41ec5-0"",""confirmedAt"":""2026-04-09T18:41:14.536Z"",""status"":""confirmed""},{""roleSystemId"":""RL-001001"",""candidateUserId"":null,""confirmedBy"":null,""candidateStyleSystemIds"":[],""slotId"":""SL-69d7f2a34ea3081528a41ec5-1"",""confirmedAt"":null,""status"":""open""}]","NC-0000000030","","[]","","","","archived","69d7f2a34ea3081528a41ec5","2026-04-09T18:40:35.075000","2026-04-18T18:25:40.429000","service_eb508f39-ce3d-4391-bb12-d4211c02ede9","false"
"","698c747aee05acfdd23ea578","{""lineupScenes"":[{""sceneId"":""sc-1"",""label"":""Scène principale"",""icon"":""🎛""},{""sceneId"":""sc-1775746566453"",""label"":""Micro"",""icon"":""🎤""}],""lineupSchedule"":[{""plageId"":""p-1"",""label"":""Warmup"",""timeStart"":""2026-04-25T15:00:00.000Z"",""timeEnd"":""2026-04-25T15:36:00.000Z""},{""plageId"":""p-2"",""label"":""Peak"",""timeStart"":""2026-04-25T15:36:00.000Z"",""timeEnd"":""2026-04-25T17:00:00.000Z""}],""lineupPlacements"":{""SL-69d7be0e8db126673d6886e5-0:698d204286a5af9808991620:sc-1775746566453:p-1"":{""slotId"":""SL-69d7be0e8db126673d6886e5-0"",""userId"":""698d204286a5af9808991620"",""sceneId"":""sc-1775746566453"",""plageId"":""p-1"",""roleSystemId"":""RL-000025"",""assignedPrice"":100,""assignedStyleSystemIds"":[],""isPlaced"":true,""_pricingMeta"":{""hourlyRate"":260.4,""workedMin"":36,""requiredMin"":36,""billableMin"":36,""allocationRatio"":1,""blockSize"":1},""_primeMeta"":{""sots"":""+5%"",""jour"":""+10% (WE)"",""xp"":""+13% (niv.18)"",""offreDemande"":""N/A""},""_primeMultiplier"":1.302,""priceIsOverridden"":true,""priceOverridedAt"":""2026-04-09T14:57:00.174Z"",""calculatedPrice"":156,""proposalId"":""69d7be3f47445553461b2898"",""proposalStatus"":""accepted"",""proposedBy"":""698c747aee05acfdd23ea578"",""proposedAt"":""2026-04-09T14:57:00.174Z"",""talentCounterPrice"":null,""talentResponseNote"":null}}}","","","event","","","","[{""submittedBallot"":false,""roleSystemId"":""RL-000025"",""styleSystemIds"":[],""joinedAt"":""2026-04-09T14:56:32.076Z"",""styleSystemId"":null,""sotsSubmitted"":null,""userId"":""698d204286a5af9808991620"",""isNoShow"":null,""status"":""confirmed""}]","69d7be0d64dddfaf0eb091c5","6","","2","","","","","","","[{""roleSystemId"":""RL-000025"",""candidateUserId"":""698d204286a5af9808991620"",""confirmedBy"":""698c747aee05acfdd23ea578"",""candidateStyleSystemIds"":[],""slotId"":""SL-69d7be0e8db126673d6886e5-0"",""confirmedAt"":""2026-04-09T14:56:44.453Z"",""status"":""confirmed""}]","NC-0000000016","","[]","","","","archived","69d7be0e8db126673d6886e5","2026-04-09T14:56:14.904000","2026-04-18T18:25:40.317000","service_eb508f39-ce3d-4391-bb12-d4211c02ede9","false"
"","698d204286a5af9808991620","{""lineupScenes"":[{""sceneId"":""sc-1"",""label"":""Scène principale"",""icon"":""🎛""},{""sceneId"":""sc-1775745248755"",""label"":""Micro"",""icon"":""🎤""}],""lineupSchedule"":[{""plageId"":""p-1"",""label"":""Warmup"",""timeStart"":""2026-04-24T15:00:00.000Z"",""timeEnd"":""2026-04-24T17:06:00.000Z""},{""plageId"":""p-2"",""label"":""Peak"",""timeStart"":""2026-04-24T17:06:00.000Z"",""timeEnd"":""2026-04-24T22:00:00.000Z""}],""lineupPlacements"":{""SL-69d7b8e46c897ba1666ff9f6-0:698c747aee05acfdd23ea578:sc-1775745248755:p-1"":{""slotId"":""SL-69d7b8e46c897ba1666ff9f6-0"",""userId"":""698c747aee05acfdd23ea578"",""sceneId"":""sc-1775745248755"",""plageId"":""p-1"",""roleSystemId"":""RL-000009"",""assignedPrice"":125,""assignedStyleSystemIds"":[],""isPlaced"":false,""_pricingMeta"":{""hourlyRate"":148,""workedMin"":126,""requiredMin"":126,""billableMin"":126,""allocationRatio"":1,""blockSize"":1},""_primeMeta"":{""sots"":""+5%"",""xp"":""+13% (niv.18)"",""offreDemande"":""N/A""},""_primeMultiplier"":1.184,""priceIsOverridden"":true,""priceOverridedAt"":""2026-04-09T14:40:42.460Z"",""calculatedPrice"":311,""proposalId"":""69d7ba6d1abafd9df2b53bab"",""proposalStatus"":""rejected"",""proposedBy"":""698d204286a5af9808991620"",""proposedAt"":""2026-04-09T14:40:42.460Z"",""talentCounterPrice"":null,""talentResponseNote"":null}}}","","","event","","","","[{""submittedBallot"":false,""roleSystemId"":""RL-000009"",""styleSystemIds"":[],""joinedAt"":""2026-04-09T14:34:54.074Z"",""styleSystemId"":null,""sotsSubmitted"":null,""userId"":""698c747aee05acfdd23ea578"",""isNoShow"":null,""status"":""confirmed""}]","69d7b8e23d9e3c5cae2ce9b6","6","","2","","","","","","","[{""roleSystemId"":""RL-000009"",""candidateUserId"":""698c747aee05acfdd23ea578"",""confirmedBy"":""698d204286a5af9808991620"",""candidateStyleSystemIds"":[],""slotId"":""SL-69d7b8e46c897ba1666ff9f6-0"",""confirmedAt"":""2026-04-09T14:34:58.870Z"",""status"":""confirmed""}]","NC-0000000052","","[]","","","","archived","69d7b8e46c897ba1666ff9f6","2026-04-09T14:34:12.150000","2026-04-18T18:25:40.329000","service_eb508f39-ce3d-4391-bb12-d4211c02ede9","false"
"","698c747aee05acfdd23ea578","{""lineupScenes"":[{""sceneId"":""sc-1"",""label"":""Scène principale"",""icon"":""🎛""},{""sceneId"":""sc-1775739905928"",""label"":""Micro"",""icon"":""🎤""}],""lineupSchedule"":[{""plageId"":""p-1"",""label"":""Warmup"",""timeStart"":""2026-05-01T23:00:00.000Z"",""timeEnd"":""2026-05-01T23:54:00.000Z""},{""plageId"":""p-2"",""label"":""Peak"",""timeStart"":""2026-05-01T23:54:00.000Z"",""timeEnd"":""2026-05-02T02:00:00.000Z""}],""lineupPlacements"":{""SL-69d7a40a6b14c16e95ff9633-0:698d204286a5af9808991620:sc-1:p-1"":{""slotId"":""SL-69d7a40a6b14c16e95ff9633-0"",""userId"":""698d204286a5af9808991620"",""sceneId"":""sc-1"",""plageId"":""p-1"",""roleSystemId"":""RL-000008"",""assignedPrice"":180,""assignedStyleSystemIds"":[],""isPlaced"":false,""_pricingMeta"":{""hourlyRate"":118.4,""workedMin"":54,""requiredMin"":180,""billableMin"":180,""allocationRatio"":0.3,""blockSize"":2},""_primeMeta"":{""sots"":""+5%"",""xp"":""+13% (niv.18)"",""offreDemande"":""N/A""},""_primeMultiplier"":1.184,""priceIsOverridden"":true,""priceOverridedAt"":""2026-04-09T13:05:52.116Z"",""calculatedPrice"":107,""proposalId"":""69d7a4325f4baaaf764889a6"",""proposalStatus"":""rejected"",""proposedBy"":""698c747aee05acfdd23ea578"",""proposedAt"":""2026-04-09T13:05:52.116Z"",""talentCounterPrice"":null,""talentResponseNote"":null},""SL-69d7a40a6b14c16e95ff9633-0:698d204286a5af9808991620:sc-1:p-2"":{""slotId"":""SL-69d7a40a6b14c16e95ff9633-0"",""userId"":""698d204286a5af9808991620"",""sceneId"":""sc-1"",""plageId"":""p-2"",""roleSystemId"":""RL-000008"",""assignedPrice"":120,""assignedStyleSystemIds"":[],""isPlaced"":false,""_pricingMeta"":{""hourlyRate"":118.4,""workedMin"":126,""requiredMin"":180,""billableMin"":180,""allocationRatio"":0.7,""blockSize"":2},""_primeMeta"":{""sots"":""+5%"",""xp"":""+13% (niv.18)"",""offreDemande"":""N/A""},""_primeMultiplier"":1.184,""priceIsOverridden"":true,""priceOverridedAt"":""2026-04-09T13:06:10.713Z"",""calculatedPrice"":249,""proposalId"":""69d7a445c3241aa82744cd9d"",""proposalStatus"":""rejected"",""proposedBy"":""698c747aee05acfdd23ea578"",""proposedAt"":""2026-04-09T13:06:10.713Z"",""talentCounterPrice"":null,""talentResponseNote"":null}}}","","","event","","","","[{""submittedBallot"":false,""roleSystemId"":""RL-000008"",""styleSystemIds"":[""ST-000088"",""ST-000074""],""joinedAt"":""2026-04-09T13:05:31.106Z"",""styleSystemId"":null,""sotsSubmitted"":null,""userId"":""698d204286a5af9808991620"",""isNoShow"":null,""status"":""confirmed""}]","69d7a40951dab62ca47ba638","6","","2","","","","","","","[{""roleSystemId"":""RL-000008"",""candidateUserId"":""698d204286a5af9808991620"",""confirmedBy"":""698c747aee05acfdd23ea578"",""candidateStyleSystemIds"":[""ST-000088"",""ST-000074""],""slotId"":""SL-69d7a40a6b14c16e95ff9633-0"",""confirmedAt"":""2026-04-09T13:05:40.902Z"",""status"":""confirmed""}]","NC-0000000016","","[]","","","","archived","69d7a40a6b14c16e95ff9633","2026-04-09T13:05:14.631000","2026-04-12T18:25:40.284000","service_eb508f39-ce3d-4391-bb12-d4211c02ede9","false"
"2026-04-09T14:38:03.854Z","698c747aee05acfdd23ea578","{""lineupScenes"":[{""sceneId"":""sc-1"",""label"":""Scène principale"",""icon"":""🎛""}],""lineupSchedule"":[{""plageId"":""p-1"",""label"":""Warmup"",""timeStart"":""2026-05-02T16:00:00.000Z"",""timeEnd"":""2026-05-02T18:06:00.000Z""},{""plageId"":""p-2"",""label"":""Peak"",""timeStart"":""2026-05-02T18:06:00.000Z"",""timeEnd"":""2026-05-02T21:15:00.000Z""},{""plageId"":""p-3"",""label"":""Closer"",""timeStart"":""2026-05-02T21:15:00.000Z"",""timeEnd"":""2026-05-02T23:00:00.000Z""}],""lineupPlacements"":{""SL-69d7a2d6850be2995e7e1124-0:698d204286a5af9808991620:sc-1:p-1"":{""slotId"":""SL-69d7a2d6850be2995e7e1124-0"",""userId"":""698d204286a5af9808991620"",""sceneId"":""sc-1"",""plageId"":""p-1"",""roleSystemId"":""RL-000025"",""assignedPrice"":300,""assignedStyleSystemIds"":[],""isPlaced"":true,""_pricingMeta"":{""hourlyRate"":260.4,""workedMin"":126,""requiredMin"":420,""billableMin"":420,""allocationRatio"":0.3,""blockSize"":3},""_primeMeta"":{""sots"":""+5%"",""jour"":""+10% (WE)"",""xp"":""+13% (niv.18)"",""offreDemande"":""N/A""},""_primeMultiplier"":1.302,""priceIsOverridden"":true,""priceOverridedAt"":""2026-04-09T13:01:37.453Z"",""calculatedPrice"":547,""proposalId"":""69d7a333b9eeeafcf0365d20"",""proposalStatus"":""accepted"",""proposedBy"":""698c747aee05acfdd23ea578"",""proposedAt"":""2026-04-09T13:01:37.453Z"",""talentCounterPrice"":null,""talentResponseNote"":null},""SL-69d7a2d6850be2995e7e1124-0:698d204286a5af9808991620:sc-1:p-2"":{""slotId"":""SL-69d7a2d6850be2995e7e1124-0"",""userId"":""698d204286a5af9808991620"",""sceneId"":""sc-1"",""plageId"":""p-2"",""roleSystemId"":""RL-000025"",""assignedPrice"":500,""assignedStyleSystemIds"":[],""isPlaced"":true,""_pricingMeta"":{""hourlyRate"":260.4,""workedMin"":189,""requiredMin"":420,""billableMin"":420,""allocationRatio"":0.45,""blockSize"":3},""_primeMeta"":{""sots"":""+5%"",""jour"":""+10% (WE)"",""xp"":""+13% (niv.18)"",""offreDemande"":""N/A""},""_primeMultiplier"":1.302,""priceIsOverridden"":true,""priceOverridedAt"":""2026-04-09T13:01:50.416Z"",""calculatedPrice"":820,""proposalId"":""69d7a3411155aa69b95de53f"",""proposalStatus"":""accepted"",""proposedBy"":""698c747aee05acfdd23ea578"",""proposedAt"":""2026-04-09T13:01:50.416Z"",""talentCounterPrice"":null,""talentResponseNote"":null},""SL-69d7a2d6850be2995e7e1124-1:698d204286a5af9808991620:sc-1:p-3"":{""slotId"":""SL-69d7a2d6850be2995e7e1124-1"",""userId"":""698d204286a5af9808991620"",""sceneId"":""sc-1"",""plageId"":""p-3"",""roleSystemId"":""RL-001001"",""assignedPrice"":200,""assignedStyleSystemIds"":[],""isPlaced"":true,""_pricingMeta"":{""hourlyRate"":130.2,""workedMin"":105,""requiredMin"":420,""billableMin"":420,""allocationRatio"":0.25,""blockSize"":3},""_primeMeta"":{""sots"":""+5%"",""jour"":""+10% (WE)"",""xp"":""+13% (niv.18)"",""offreDemande"":""N/A""},""_primeMultiplier"":1.302,""priceIsOverridden"":true,""priceOverridedAt"":""2026-04-09T13:02:06.020Z"",""calculatedPrice"":228,""proposalId"":""69d7a3509599e433e71af08c"",""proposalStatus"":""accepted"",""proposedBy"":""698c747aee05acfdd23ea578"",""proposedAt"":""2026-04-09T13:02:06.020Z"",""talentCounterPrice"":null,""talentResponseNote"":null}}}","","","event","","2026-04-09T14:37:56.290Z","","[{""submittedBallot"":false,""roleSystemId"":""RL-000025"",""styleSystemIds"":[""ST-000165""],""joinedAt"":""2026-04-09T13:01:07.067Z"",""styleSystemId"":null,""sotsSubmitted"":null,""userId"":""698d204286a5af9808991620"",""isNoShow"":null,""status"":""confirmed""},{""submittedBallot"":true,""roleSystemId"":""RL-ORGANIZER"",""styleSystemIds"":[""ST-000165""],""joinedAt"":""2026-04-09T14:37:56.290Z"",""styleSystemId"":null,""sotsSubmitted"":true,""userId"":""698c747aee05acfdd23ea578"",""isNoShow"":null,""status"":""confirmed""}]","69d7a2d58c1b81558a43c8d8","6","","2","","","","","","","[{""roleSystemId"":""RL-000025"",""candidateUserId"":null,""confirmedBy"":null,""candidateStyleSystemIds"":[],""slotId"":""SL-69d7a2d6850be2995e7e1124-0"",""confirmedAt"":null,""status"":""pending""},{""roleSystemId"":""RL-001001"",""candidateUserId"":""698d204286a5af9808991620"",""confirmedBy"":""698c747aee05acfdd23ea578"",""candidateStyleSystemIds"":[""ST-000165""],""slotId"":""SL-69d7a2d6850be2995e7e1124-1"",""confirmedAt"":""2026-04-09T13:01:19.284Z"",""status"":""confirmed""}]","NC-0000000023","","[""698c747aee05acfdd23ea578""]","","","","archived","69d7a2d6850be2995e7e1124","2026-04-09T13:00:06.918000","2026-04-12T18:25:40.269000","service_eb508f39-ce3d-4391-bb12-d4211c02ede9","false"
"","698d204286a5af9808991620","{""lineupScenes"":[{""sceneId"":""sc-1"",""label"":""Scène principale"",""icon"":""🎛""},{""sceneId"":""sc-1775739201180"",""label"":""Micro"",""icon"":""🎤""}],""lineupSchedule"":[{""plageId"":""p-1"",""label"":""Accueil"",""timeStart"":""2026-04-30T14:00:00.000Z"",""timeEnd"":""2026-04-30T16:00:00.000Z""},{""plageId"":""p-2"",""label"":""Conférence"",""timeStart"":""2026-04-30T16:00:00.000Z"",""timeEnd"":""2026-04-30T20:30:00.000Z""},{""plageId"":""p-3"",""label"":""Cocktail"",""timeStart"":""2026-04-30T20:30:00.000Z"",""timeEnd"":""2026-05-01T00:00:00.000Z""}],""lineupPlacements"":{""SL-69d7a1580d696ce016445736-1:698c747aee05acfdd23ea578:sc-1:p-2"":{""slotId"":""SL-69d7a1580d696ce016445736-1"",""userId"":""698c747aee05acfdd23ea578"",""sceneId"":""sc-1"",""plageId"":""p-2"",""roleSystemId"":""RL-000010"",""assignedPrice"":563,""assignedStyleSystemIds"":[],""isPlaced"":true,""_pricingMeta"":{""hourlyRate"":148,""workedMin"":270,""requiredMin"":600,""billableMin"":600,""allocationRatio"":0.45,""blockSize"":3},""_primeMeta"":{""sots"":""+5%"",""xp"":""+13% (niv.18)"",""offreDemande"":""N/A""},""_primeMultiplier"":1.184,""priceIsOverridden"":true,""priceOverridedAt"":""2026-04-09T12:55:02.164Z"",""calculatedPrice"":666,""proposalId"":""69d7a1a93368cf09dbcce666"",""proposalStatus"":""accepted"",""proposedBy"":""698d204286a5af9808991620"",""proposedAt"":""2026-04-09T12:55:02.164Z"",""talentCounterPrice"":null,""talentResponseNote"":null},""SL-69d7a1580d696ce016445736-1:698c747aee05acfdd23ea578:sc-1:p-1"":{""slotId"":""SL-69d7a1580d696ce016445736-1"",""userId"":""698c747aee05acfdd23ea578"",""sceneId"":""sc-1"",""plageId"":""p-1"",""roleSystemId"":""RL-000010"",""assignedPrice"":0,""assignedStyleSystemIds"":[],""isPlaced"":true,""_pricingMeta"":{""hourlyRate"":148,""workedMin"":120,""requiredMin"":600,""billableMin"":600,""allocationRatio"":0.2,""blockSize"":3},""_primeMeta"":{""sots"":""+5%"",""xp"":""+13% (niv.18)"",""offreDemande"":""N/A""},""_primeMultiplier"":1.184,""priceIsOverridden"":true,""priceOverridedAt"":""2026-04-09T12:55:12.851Z"",""calculatedPrice"":296,""proposalId"":""69d7a1b44fe0025450a3f5b6"",""proposalStatus"":""accepted"",""proposedBy"":""698d204286a5af9808991620"",""proposedAt"":""2026-04-09T12:55:12.851Z"",""talentCounterPrice"":null,""talentResponseNote"":null},""SL-69d7a1580d696ce016445736-1:698c747aee05acfdd23ea578:sc-1:p-3"":{""slotId"":""SL-69d7a1580d696ce016445736-1"",""userId"":""698c747aee05acfdd23ea578"",""sceneId"":""sc-1"",""plageId"":""p-3"",""roleSystemId"":""RL-000010"",""assignedPrice"":105,""assignedStyleSystemIds"":[],""isPlaced"":true,""_pricingMeta"":{""hourlyRate"":148,""workedMin"":210,""requiredMin"":600,""billableMin"":600,""allocationRatio"":0.35,""blockSize"":3},""_primeMeta"":{""sots"":""+5%"",""xp"":""+13% (niv.18)"",""offreDemande"":""N/A""},""_primeMultiplier"":1.184,""priceIsOverridden"":true,""priceOverridedAt"":""2026-04-09T12:55:29.121Z"",""calculatedPrice"":518,""proposalId"":""69d7a1c3a72e13061ed18297"",""proposalStatus"":""accepted"",""proposedBy"":""698d204286a5af9808991620"",""proposedAt"":""2026-04-09T12:55:29.121Z"",""talentCounterPrice"":null,""talentResponseNote"":null}}}","","","event","","","","[{""submittedBallot"":false,""roleSystemId"":""RL-000010"",""styleSystemIds"":[""ST-000217""],""joinedAt"":""2026-04-09T12:54:31.135Z"",""styleSystemId"":null,""sotsSubmitted"":null,""userId"":""698c747aee05acfdd23ea578"",""isNoShow"":null,""status"":""confirmed""}]","69d7a155a2d79a27145730f6","6","","2","","","","","","","[{""roleSystemId"":""RL-000009"",""candidateUserId"":null,""confirmedBy"":null,""candidateStyleSystemIds"":[],""slotId"":""SL-69d7a1580d696ce016445736-0"",""confirmedAt"":null,""status"":""open""},{""roleSystemId"":""RL-000010"",""candidateUserId"":""698c747aee05acfdd23ea578"",""confirmedBy"":""698d204286a5af9808991620"",""candidateStyleSystemIds"":[""ST-000217""],""slotId"":""SL-69d7a1580d696ce016445736-1"",""confirmedAt"":""2026-04-09T12:54:50.980Z"",""status"":""confirmed""}]","NC-0000000009","","[]","","","","archived","69d7a1580d696ce016445736","2026-04-09T12:53:44.260000","2026-04-18T18:25:40.272000","service_eb508f39-ce3d-4391-bb12-d4211c02ede9","false"
"2026-04-08T23:49:52.968Z","69b48a2b7d5c0db589c6bb1c","{""lineupScenes"":[{""sceneId"":""sc-1"",""label"":""Scène principale"",""icon"":""🎛""}],""lineupSchedule"":[{""plageId"":""p-1"",""label"":""Warmup"",""timeStart"":""2026-04-09T00:00:00.000Z"",""timeEnd"":""2026-04-09T00:54:00.000Z""},{""plageId"":""p-2"",""label"":""Peak"",""timeStart"":""2026-04-09T00:54:00.000Z"",""timeEnd"":""2026-04-09T02:15:00.000Z""},{""plageId"":""p-3"",""label"":""Closer"",""timeStart"":""2026-04-09T02:15:00.000Z"",""timeEnd"":""2026-04-09T03:00:00.000Z""}],""lineupPlacements"":{""SL-69d6e7db6cd91eed2b44c120-0:698d204286a5af9808991620:sc-1:p-1"":{""slotId"":""SL-69d6e7db6cd91eed2b44c120-0"",""userId"":""698d204286a5af9808991620"",""sceneId"":""sc-1"",""plageId"":""p-1"",""roleSystemId"":""RL-000025"",""assignedPrice"":180,""assignedStyleSystemIds"":[],""isPlaced"":false,""_pricingMeta"":{""hourlyRate"":296,""workedMin"":54,""requiredMin"":54,""billableMin"":54,""allocationRatio"":1,""blockSize"":1},""_primeMeta"":{""sots"":""+5%"",""urgence"":""+25%"",""xp"":""+13% (niv.18)"",""offreDemande"":""N/A""},""_primeMultiplier"":1.48,""priceIsOverridden"":true,""priceOverridedAt"":""2026-04-08T23:43:15.520Z"",""calculatedPrice"":266,""proposalId"":""69d6e816fee771bf77cb434c"",""proposalStatus"":""rejected"",""proposedBy"":""69b48a2b7d5c0db589c6bb1c"",""proposedAt"":""2026-04-08T23:43:15.520Z"",""talentCounterPrice"":null,""talentResponseNote"":null}}}","","","event","","2026-04-08T23:49:45.595Z","","[{""submittedBallot"":false,""roleSystemId"":""RL-000025"",""styleSystemIds"":[""ST-000165""],""joinedAt"":""2026-04-08T23:42:48.166Z"",""styleSystemId"":null,""sotsSubmitted"":null,""userId"":""698d204286a5af9808991620"",""isNoShow"":null,""status"":""confirmed""},{""submittedBallot"":true,""roleSystemId"":""RL-ORGANIZER"",""styleSystemIds"":[""ST-000165""],""joinedAt"":""2026-04-08T23:49:45.595Z"",""styleSystemId"":null,""sotsSubmitted"":true,""userId"":""69b48a2b7d5c0db589c6bb1c"",""isNoShow"":null,""status"":""confirmed""}]","69d6e7da1ff67a43745b12e7","6","","2","","","","","","","[{""roleSystemId"":""RL-000025"",""candidateUserId"":""698d204286a5af9808991620"",""confirmedBy"":""69b48a2b7d5c0db589c6bb1c"",""candidateStyleSystemIds"":[""ST-000165""],""slotId"":""SL-69d6e7db6cd91eed2b44c120-0"",""confirmedAt"":""2026-04-08T23:43:07.551Z"",""status"":""confirmed""}]","NC-0000000122","","[""69b48a2b7d5c0db589c6bb1c""]","","","","archived","69d6e7db6cd91eed2b44c120","2026-04-08T23:42:19.863000","2026-04-12T18:25:40.270000","service_eb508f39-ce3d-4391-bb12-d4211c02ede9","false"
"","698c747aee05acfdd23ea578","{""lineupScenes"":[{""sceneId"":""sc-1"",""label"":""Scène principale"",""icon"":""🎛""},{""sceneId"":""sc-1775691263042"",""label"":""Micro"",""icon"":""🎤""}],""lineupSchedule"":[{""plageId"":""p-1"",""label"":""Warmup"",""timeStart"":""2026-04-09T00:00:00.000Z"",""timeEnd"":""2026-04-09T00:54:00.000Z""},{""plageId"":""p-2"",""label"":""Peak"",""timeStart"":""2026-04-09T00:54:00.000Z"",""timeEnd"":""2026-04-09T02:15:00.000Z""},{""plageId"":""p-3"",""label"":""Closer"",""timeStart"":""2026-04-09T02:15:00.000Z"",""timeEnd"":""2026-04-09T03:00:00.000Z""}],""lineupPlacements"":{""SL-69d6e60457dc56f470dd9d53-0:69b48a2b7d5c0db589c6bb1c:sc-1775691263042:p-1"":{""slotId"":""SL-69d6e60457dc56f470dd9d53-0"",""userId"":""69b48a2b7d5c0db589c6bb1c"",""sceneId"":""sc-1775691263042"",""plageId"":""p-1"",""roleSystemId"":""RL-000008"",""assignedPrice"":180,""assignedStyleSystemIds"":[],""isPlaced"":true,""_pricingMeta"":{""hourlyRate"":297.6,""workedMin"":54,""requiredMin"":54,""billableMin"":54,""allocationRatio"":1,""blockSize"":1},""_primeMeta"":{""sots"":""+10%"",""urgence"":""+25%"",""xp"":""+8% (niv.12)"",""offreDemande"":""N/A""},""_primeMultiplier"":1.488,""priceIsOverridden"":true,""priceOverridedAt"":""2026-04-08T23:37:54.959Z"",""calculatedPrice"":268,""proposalId"":""69d6e6d552c01b2aa0267f33"",""proposalStatus"":""pending_organizer"",""proposedBy"":""698c747aee05acfdd23ea578"",""proposedAt"":""2026-04-08T23:37:54.959Z"",""talentCounterPrice"":115,""talentResponseNote"":null}}}","","","event","","","","[{""submittedBallot"":false,""roleSystemId"":""RL-000008"",""styleSystemIds"":[""ST-000075"",""ST-000192""],""joinedAt"":""2026-04-08T23:35:55.702Z"",""styleSystemId"":null,""sotsSubmitted"":null,""userId"":""69b48a2b7d5c0db589c6bb1c"",""isNoShow"":null,""status"":""confirmed""}]","69d6e600bd465602e93bc614","6","","2","","","","","","","[{""roleSystemId"":""RL-000008"",""candidateUserId"":""69b48a2b7d5c0db589c6bb1c"",""confirmedBy"":""698c747aee05acfdd23ea578"",""candidateStyleSystemIds"":[""ST-000075"",""ST-000192""],""slotId"":""SL-69d6e60457dc56f470dd9d53-0"",""confirmedAt"":""2026-04-08T23:37:37.926Z"",""status"":""confirmed""}]","NC-0000000057","","[]","","","","archived","69d6e60457dc56f470dd9d53","2026-04-08T23:34:28.655000","2026-04-18T18:25:40.307000","service_eb508f39-ce3d-4391-bb12-d4211c02ede9","false"
"","69d6986bf4e0b9a5127f24c0","{""lineupScenes"":[{""sceneId"":""sc-1"",""label"":""Scène principale"",""icon"":""🎛""},{""sceneId"":""sc-1775673252695"",""label"":""Scène secondaire"",""icon"":""🎛""}],""lineupSchedule"":[{""plageId"":""p-1"",""label"":""Warmup"",""timeStart"":""2026-04-18T02:00:00.000Z"",""timeEnd"":""2026-04-18T03:48:00.000Z""},{""plageId"":""p-2"",""label"":""Peak"",""timeStart"":""2026-04-18T03:48:00.000Z"",""timeEnd"":""2026-04-18T06:30:00.000Z""},{""plageId"":""p-3"",""label"":""Closer"",""timeStart"":""2026-04-18T06:30:00.000Z"",""timeEnd"":""2026-04-18T08:00:00.000Z""}],""lineupPlacements"":{""SL-69d69ff2a3277d8c4559261f-0:69cd302266f2193a99122757:sc-1:p-1"":{""slotId"":""SL-69d69ff2a3277d8c4559261f-0"",""userId"":""69cd302266f2193a99122757"",""sceneId"":""sc-1"",""plageId"":""p-1"",""roleSystemId"":""RL-000008"",""assignedPrice"":80,""assignedStyleSystemIds"":[],""isPlaced"":true,""_pricingMeta"":{""hourlyRate"":109.6,""workedMin"":108,""requiredMin"":108,""billableMin"":108,""allocationRatio"":1,""blockSize"":1},""_primeMeta"":{""sots"":""+10%"",""jour"":""+20% (férié)"",""xp"":""+4% (niv.6)"",""offreDemande"":""N/A""},""_primeMultiplier"":1.37,""priceIsOverridden"":true,""priceOverridedAt"":""2026-04-08T18:38:16.779Z"",""calculatedPrice"":205,""proposalId"":""69d6a09cb0abd747a9cbb665"",""proposalStatus"":""accepted"",""proposedBy"":""69d6986bf4e0b9a5127f24c0"",""proposedAt"":""2026-04-08T18:38:16.779Z"",""talentCounterPrice"":null,""talentResponseNote"":null},""SL-69d69ff2a3277d8c4559261f-0:698c747aee05acfdd23ea578:sc-1775673252695:p-1"":{""assignedPrice"":100,""priceIsOverridden"":true,""priceOverridedAt"":""2026-04-08T18:38:38.833Z"",""calculatedPrice"":0,""proposalId"":""69d6a0b114cf359ecd95781f"",""proposalStatus"":""pending_talent"",""proposedBy"":""69d6986bf4e0b9a5127f24c0"",""proposedAt"":""2026-04-08T18:38:38.833Z"",""talentCounterPrice"":null,""talentResponseNote"":null},""SL-69d69ff2a3277d8c4559261f-1:69b48a2b7d5c0db589c6bb1c:sc-1775673252695:p-3"":{""slotId"":""SL-69d69ff2a3277d8c4559261f-1"",""userId"":""69b48a2b7d5c0db589c6bb1c"",""sceneId"":""sc-1775673252695"",""plageId"":""p-3"",""roleSystemId"":""RL-000010"",""assignedPrice"":173,""assignedStyleSystemIds"":[],""isPlaced"":true,""_pricingMeta"":{""hourlyRate"":115.12,""workedMin"":90,""requiredMin"":90,""billableMin"":90,""allocationRatio"":1,""blockSize"":1},""_primeMeta"":{""sots"":""+10%"",""jour"":""+20% (férié)"",""xp"":""+9% (niv.13)"",""offreDemande"":""N/A""},""_primeMultiplier"":1.439},""SL-69d69ff2a3277d8c4559261f-1:6992452c5bcc41af3a3296fa:sc-1775673252695:p-3"":{""assignedPrice"":0,""priceIsOverridden"":true,""priceOverridedAt"":""2026-04-15T15:31:41.476Z"",""calculatedPrice"":0,""proposalId"":""69dfaf6118ab3ed04e229ac7"",""proposalStatus"":""pending_talent"",""proposedBy"":""69d6986bf4e0b9a5127f24c0"",""proposedAt"":""2026-04-15T15:31:41.476Z"",""talentCounterPrice"":null,""talentResponseNote"":null},""SL-69d69ff2a3277d8c4559261f-0:69cd302266f2193a99122757:sc-1:p-3"":{""slotId"":""SL-69d69ff2a3277d8c4559261f-0"",""userId"":""69cd302266f2193a99122757"",""sceneId"":""sc-1"",""plageId"":""p-3"",""roleSystemId"":""RL-000008"",""assignedPrice"":164,""assignedStyleSystemIds"":[],""isPlaced"":true,""_pricingMeta"":{""hourlyRate"":109.6,""workedMin"":90,""requiredMin"":90,""billableMin"":90,""allocationRatio"":1,""blockSize"":1},""_primeMeta"":{""sots"":""+10%"",""jour"":""+20% (férié)"",""xp"":""+4% (niv.6)"",""offreDemande"":""N/A""},""_primeMultiplier"":1.37},""SL-69d69ff2a3277d8c4559261f-0:698dbbf753d545317578c200:sc-1:p-3"":{""assignedPrice"":0,""priceIsOverridden"":true,""priceOverridedAt"":""2026-04-15T15:32:15.938Z"",""calculatedPrice"":0,""proposalId"":""69dfaf84aa68169977041679"",""proposalStatus"":""pending_talent"",""proposedBy"":""69d6986bf4e0b9a5127f24c0"",""proposedAt"":""2026-04-15T15:32:15.938Z"",""talentCounterPrice"":null,""talentResponseNote"":null},""SL-69d69ff2a3277d8c4559261f-0:698c747aee05acfdd23ea578:sc-1:p-2"":{""assignedPrice"":100,""priceIsOverridden"":true,""priceOverridedAt"":""2026-04-15T15:41:42.494Z"",""calculatedPrice"":0,""proposalId"":""69dfb1b9f18649ea36fddc80"",""proposalStatus"":""pending_talent"",""proposedBy"":""69d6986bf4e0b9a5127f24c0"",""proposedAt"":""2026-04-15T15:41:42.494Z"",""talentCounterPrice"":null,""talentResponseNote"":null}}}","","","event","","","","[{""submittedBallot"":false,""roleSystemId"":""RL-000008"",""styleSystemIds"":[""ST-000239""],""joinedAt"":""2026-04-08T18:36:41.685Z"",""styleSystemId"":null,""sotsSubmitted"":null,""userId"":""69cd302266f2193a99122757"",""isNoShow"":null,""status"":""confirmed""},{""submittedBallot"":false,""roleSystemId"":""RL-000008"",""styleSystemIds"":[""ST-000038"",""ST-000100""],""joinedAt"":""2026-04-08T18:37:01.430Z"",""styleSystemId"":null,""sotsSubmitted"":null,""userId"":""698c747aee05acfdd23ea578"",""isNoShow"":null,""status"":""confirmed""},{""submittedBallot"":false,""roleSystemId"":""RL-000008"",""styleSystemIds"":[""ST-000244"",""ST-000042"",""ST-000011"",""ST-000012"",""ST-000020"",""ST-000021"",""ST-000242"",""ST-000240"",""ST-000243"",""ST-000241"",""ST-000238"",""ST-000239""],""joinedAt"":""2026-04-09T18:37:18.090Z"",""styleSystemId"":null,""sotsSubmitted"":null,""userId"":""69d7eb206528d1cfcf49b1cf"",""isNoShow"":null,""status"":""confirmed""},{""submittedBallot"":false,""roleSystemId"":""RL-000008"",""styleSystemIds"":[""ST-000032"",""ST-000009"",""ST-000013"",""ST-000007"",""ST-000219""],""joinedAt"":""2026-04-15T15:27:24.622Z"",""styleSystemId"":null,""sotsSubmitted"":null,""userId"":""698dbbf753d545317578c200"",""isNoShow"":null,""status"":""confirmed""},{""submittedBallot"":false,""roleSystemId"":""RL-000008"",""styleSystemIds"":[],""joinedAt"":""2026-04-15T15:27:51.585Z"",""styleSystemId"":null,""sotsSubmitted"":null,""userId"":""698dc6f781b400b640a229f6"",""isNoShow"":null,""status"":""lobby""},{""submittedBallot"":false,""roleSystemId"":""RL-000008"",""styleSystemIds"":[""ST-000088"",""ST-000074""],""joinedAt"":""2026-04-15T15:28:06.502Z"",""styleSystemId"":null,""sotsSubmitted"":null,""userId"":""698d204286a5af9808991620"",""isNoShow"":null,""status"":""lobby""},{""submittedBallot"":false,""roleSystemId"":""RL-000010"",""styleSystemIds"":[],""joinedAt"":""2026-04-15T15:28:33.947Z"",""styleSystemId"":null,""sotsSubmitted"":null,""userId"":""69b48a2b7d5c0db589c6bb1c"",""isNoShow"":null,""status"":""confirmed""},{""submittedBallot"":false,""roleSystemId"":""RL-000008"",""styleSystemIds"":[""ST-000076"",""ST-000141""],""joinedAt"":""2026-04-15T15:29:03.256Z"",""styleSystemId"":null,""sotsSubmitted"":null,""userId"":""698dbd987dbcc355eec0ff7c"",""isNoShow"":null,""status"":""lobby""},{""submittedBallot"":false,""roleSystemId"":""RL-000008"",""styleSystemIds"":[""ST-000077"",""ST-000103""],""joinedAt"":""2026-04-15T15:29:55.118Z"",""styleSystemId"":null,""sotsSubmitted"":null,""userId"":""698dd1b2193c860027a3457a"",""isNoShow"":null,""status"":""lobby""},{""submittedBallot"":false,""roleSystemId"":""RL-000010"",""styleSystemIds"":[],""joinedAt"":""2026-04-15T15:30:41.825Z"",""styleSystemId"":null,""sotsSubmitted"":null,""userId"":""6992452c5bcc41af3a3296fa"",""isNoShow"":null,""status"":""confirmed""}]","69d69ff0c91beb18effd66f8","6","","2","","","","","","","[{""roleSystemId"":""RL-000008"",""candidateUserId"":""69cd302266f2193a99122757"",""confirmedBy"":""69d6986bf4e0b9a5127f24c0"",""candidateStyleSystemIds"":[""ST-000239""],""slotId"":""SL-69d69ff2a3277d8c4559261f-0"",""confirmedAt"":""2026-04-08T18:37:34.464Z"",""status"":""confirmed""},{""roleSystemId"":""RL-000010"",""candidateUserId"":""69b48a2b7d5c0db589c6bb1c"",""confirmedBy"":""69d6986bf4e0b9a5127f24c0"",""candidateStyleSystemIds"":[],""slotId"":""SL-69d69ff2a3277d8c4559261f-1"",""confirmedAt"":""2026-04-15T15:31:24.114Z"",""status"":""confirmed""}]","NC-0000000095","","[]","","","","archived","69d69ff2a3277d8c4559261f","2026-04-08T18:35:30.823000","2026-04-18T18:25:40.332000","service_eb508f39-ce3d-4391-bb12-d4211c02ede9","false"
"2026-04-08T18:12:52.048Z","69d6986bf4e0b9a5127f24c0","","2026-04-08T18:11:05.597Z","2026-04-08T18:11:05.597Z","quickplay","69d6986bf4e0b9a5127f24c0","2026-04-08T18:11:05.597Z","2026-04-08T18:11:05.597Z","[{""submittedBallot"":true,""roleSystemId"":""RL-000008"",""styleSystemIds"":[""ST-000244"",""ST-000017""],""joinedAt"":""2026-04-08T18:10:15.789Z"",""styleSystemId"":""ST-000244"",""sotsSubmitted"":true,""userId"":""69d6986bf4e0b9a5127f24c0"",""isNoShow"":null,""status"":""ready""},{""submittedBallot"":true,""roleSystemId"":""RL-000008"",""styleSystemIds"":[""ST-000038""],""joinedAt"":""2026-04-08T18:10:15.789Z"",""styleSystemId"":""ST-000038"",""sotsSubmitted"":true,""userId"":""698c747aee05acfdd23ea578"",""isNoShow"":null,""status"":""ready""}]","","6","","2","","2026-04-08T18:11:05.597Z","","","","2026-04-08T18:10:15.789Z","[]","NC-0000000101","","[""698c747aee05acfdd23ea578"",""69d6986bf4e0b9a5127f24c0""]","69d6986bf4e0b9a5127f24c0","","69d6986bf4e0b9a5127f24c0","sots_submitted","69d69a09eb20fc6d7d1e695b","2026-04-08T18:10:17.252000","2026-04-08T18:15:08.804000","service_eb508f39-ce3d-4391-bb12-d4211c02ede9","false"
"2026-04-07T13:54:00.372Z","69b48a2b7d5c0db589c6bb1c","{""lineupScenes"":[{""sceneId"":""sc-1"",""label"":""Scène principale"",""icon"":""🎛""}],""lineupSchedule"":[{""plageId"":""p-1"",""label"":""Warmup"",""timeStart"":""2026-04-07T14:00:00.000Z"",""timeEnd"":""2026-04-07T14:36:00.000Z""},{""plageId"":""p-2"",""label"":""Peak"",""timeStart"":""2026-04-07T14:36:00.000Z"",""timeEnd"":""2026-04-07T16:00:00.000Z""}],""lineupPlacements"":{""SL-69d50af1f405399be1bae359-0:698c747aee05acfdd23ea578:sc-1:p-1"":{""slotId"":""SL-69d50af1f405399be1bae359-0"",""userId"":""698c747aee05acfdd23ea578"",""sceneId"":""sc-1"",""plageId"":""p-1"",""roleSystemId"":""RL-000025"",""assignedPrice"":30,""assignedStyleSystemIds"":[],""isPlaced"":true,""_pricingMeta"":{""hourlyRate"":73.5,""workedMin"":36,""requiredMin"":120,""billableMin"":120,""allocationRatio"":0.3,""blockSize"":2},""_primeMeta"":{""sots"":""+5%"",""urgence"":""+25%"",""xp"":""+12% (niv.17)"",""offreDemande"":""N/A""},""_primeMultiplier"":1.47,""priceIsOverridden"":true,""priceOverridedAt"":""2026-04-07T13:48:59.345Z"",""calculatedPrice"":44,""proposalId"":""69d50b4e1703d153cad5b038"",""proposalStatus"":""accepted"",""proposedBy"":""69b48a2b7d5c0db589c6bb1c"",""proposedAt"":""2026-04-07T13:48:59.345Z"",""talentCounterPrice"":null,""talentResponseNote"":null},""SL-69d50af1f405399be1bae359-0:698c747aee05acfdd23ea578:sc-1:p-2"":{""slotId"":""SL-69d50af1f405399be1bae359-0"",""userId"":""698c747aee05acfdd23ea578"",""sceneId"":""sc-1"",""plageId"":""p-2"",""roleSystemId"":""RL-000025"",""assignedPrice"":140,""assignedStyleSystemIds"":[],""isPlaced"":true,""_pricingMeta"":{""hourlyRate"":73.5,""workedMin"":84,""requiredMin"":120,""billableMin"":120,""allocationRatio"":0.7,""blockSize"":2},""_primeMeta"":{""sots"":""+5%"",""urgence"":""+25%"",""xp"":""+12% (niv.17)"",""offreDemande"":""N/A""},""_primeMultiplier"":1.47,""priceIsOverridden"":true,""priceOverridedAt"":""2026-04-07T13:49:10.961Z"",""calculatedPrice"":103,""proposalId"":""69d50b5acd048e7abf0a80b7"",""proposalStatus"":""accepted"",""proposedBy"":""69b48a2b7d5c0db589c6bb1c"",""proposedAt"":""2026-04-07T13:49:10.961Z"",""talentCounterPrice"":null,""talentResponseNote"":null}}}","","","event","","2026-04-07T13:52:20.618Z","","[{""submittedBallot"":true,""roleSystemId"":""RL-000025"",""styleSystemIds"":[],""joinedAt"":""2026-04-07T13:48:31.849Z"",""styleSystemId"":null,""sotsSubmitted"":true,""userId"":""698c747aee05acfdd23ea578"",""isNoShow"":null,""status"":""confirmed""},{""submittedBallot"":true,""roleSystemId"":""RL-ORGANIZER"",""styleSystemIds"":[],""joinedAt"":""2026-04-07T13:52:20.618Z"",""styleSystemId"":null,""sotsSubmitted"":true,""userId"":""69b48a2b7d5c0db589c6bb1c"",""isNoShow"":null,""status"":""confirmed""}]","69d50aef1d027b3e5062e3fd","6","","2","","","","","","","[{""roleSystemId"":""RL-000025"",""candidateUserId"":""698c747aee05acfdd23ea578"",""confirmedBy"":""69b48a2b7d5c0db589c6bb1c"",""candidateStyleSystemIds"":[],""slotId"":""SL-69d50af1f405399be1bae359-0"",""confirmedAt"":""2026-04-07T13:48:39.099Z"",""status"":""confirmed""}]","NC-0000000165","","[""69b48a2b7d5c0db589c6bb1c"",""69cd302266f2193a99122757"",""698d204286a5af9808991620"",""698c747aee05acfdd23ea578""]","","","","sots_submitted","69d50af1f405399be1bae359","2026-04-07T13:47:29.026000","2026-04-10T11:32:29.265000","service_eb508f39-ce3d-4391-bb12-d4211c02ede9","false"
"2026-04-06T21:35:11.095Z","69b48a2b7d5c0db589c6bb1c","{""lineupScenes"":[{""sceneId"":""sc-1"",""label"":""Scène principale"",""icon"":""🎛""},{""sceneId"":""sc-1775509938929"",""label"":""Micro"",""icon"":""🎤""},{""sceneId"":""sc-1775509970895"",""label"":""Bar"",""icon"":""🍸""}],""lineupSchedule"":[{""plageId"":""p-1"",""label"":""Arrivée"",""timeStart"":""2026-05-08T02:00:00.000Z"",""timeEnd"":""2026-05-08T02:36:00.000Z""},{""plageId"":""p-2"",""label"":""Warmup"",""timeStart"":""2026-05-08T02:36:00.000Z"",""timeEnd"":""2026-05-08T03:36:00.000Z""},{""plageId"":""p-3"",""label"":""Peak"",""timeStart"":""2026-05-08T03:36:00.000Z"",""timeEnd"":""2026-05-08T05:12:00.000Z""},{""plageId"":""p-4"",""label"":""Closer"",""timeStart"":""2026-05-08T05:12:00.000Z"",""timeEnd"":""2026-05-08T06:00:00.000Z""}],""lineupPlacements"":{""SL-69d4226f05dbb2cfcceb67f0-1:698dbbf753d545317578c200:sc-1775509938929:p-1"":{""slotId"":""SL-69d4226f05dbb2cfcceb67f0-1"",""userId"":""698dbbf753d545317578c200"",""sceneId"":""sc-1775509938929"",""plageId"":""p-1"",""roleSystemId"":""RL-000025"",""assignedPrice"":0,""assignedStyleSystemIds"":[],""isPlaced"":true,""_pricingMeta"":{""hourlyRate"":144,""workedMin"":36,""requiredMin"":192,""billableMin"":192,""allocationRatio"":0.1875,""blockSize"":3},""_primeMeta"":{""sots"":""+5%"",""xp"":""+10% (niv.14)"",""offreDemande"":""N/A""},""_primeMultiplier"":1.152,""priceIsOverridden"":true,""priceOverridedAt"":""2026-04-06T21:18:31.036Z"",""calculatedPrice"":86,""proposalId"":""69d42329864fd68bacf2fa0f"",""proposalStatus"":""accepted"",""proposedBy"":""69b48a2b7d5c0db589c6bb1c"",""proposedAt"":""2026-04-06T21:18:31.036Z"",""talentCounterPrice"":null,""talentResponseNote"":null},""SL-69d4226f05dbb2cfcceb67f0-1:698dbbf753d545317578c200:sc-1775509938929:p-2"":{""slotId"":""SL-69d4226f05dbb2cfcceb67f0-1"",""userId"":""698dbbf753d545317578c200"",""sceneId"":""sc-1775509938929"",""plageId"":""p-2"",""roleSystemId"":""RL-000025"",""assignedPrice"":0,""assignedStyleSystemIds"":[],""isPlaced"":true,""_pricingMeta"":{""hourlyRate"":144,""workedMin"":60,""requiredMin"":192,""billableMin"":192,""allocationRatio"":0.3125,""blockSize"":3},""_primeMeta"":{""sots"":""+5%"",""xp"":""+10% (niv.14)"",""offreDemande"":""N/A""},""_primeMultiplier"":1.152,""priceIsOverridden"":true,""priceOverridedAt"":""2026-04-06T21:18:42.600Z"",""calculatedPrice"":144,""proposalId"":""69d4233533c3f2a9f8fa8a15"",""proposalStatus"":""accepted"",""proposedBy"":""69b48a2b7d5c0db589c6bb1c"",""proposedAt"":""2026-04-06T21:18:42.600Z"",""talentCounterPrice"":null,""talentResponseNote"":null},""SL-69d4226f05dbb2cfcceb67f0-1:698dbbf753d545317578c200:sc-1775509938929:p-3"":{""slotId"":""SL-69d4226f05dbb2cfcceb67f0-1"",""userId"":""698dbbf753d545317578c200"",""sceneId"":""sc-1775509938929"",""plageId"":""p-3"",""roleSystemId"":""RL-000025"",""assignedPrice"":100,""assignedStyleSystemIds"":[],""isPlaced"":true,""_pricingMeta"":{""hourlyRate"":144,""workedMin"":96,""requiredMin"":192,""billableMin"":192,""allocationRatio"":0.5,""blockSize"":3},""_primeMeta"":{""sots"":""+5%"",""xp"":""+10% (niv.14)"",""offreDemande"":""N/A""},""_primeMultiplier"":1.152,""priceIsOverridden"":true,""priceOverridedAt"":""2026-04-06T21:19:12.231Z"",""calculatedPrice"":230,""proposalId"":""69d42353ee61117e7200120a"",""proposalStatus"":""accepted"",""proposedBy"":""69b48a2b7d5c0db589c6bb1c"",""proposedAt"":""2026-04-06T21:19:12.231Z"",""talentCounterPrice"":null,""talentResponseNote"":null},""SL-69d4226f05dbb2cfcceb67f0-0:698dc6f781b400b640a229f6:sc-1:p-2"":{""slotId"":""SL-69d4226f05dbb2cfcceb67f0-0"",""userId"":""698dc6f781b400b640a229f6"",""sceneId"":""sc-1"",""plageId"":""p-2"",""roleSystemId"":""RL-000008"",""assignedPrice"":80,""assignedStyleSystemIds"":[],""isPlaced"":true,""_pricingMeta"":{""hourlyRate"":103,""workedMin"":60,""requiredMin"":204,""billableMin"":204,""allocationRatio"":0.29411764705882354,""blockSize"":3},""_primeMeta"":{""sots"":""0%"",""xp"":""+3% (niv.5)"",""offreDemande"":""N/A""},""_primeMultiplier"":1.03,""priceIsOverridden"":true,""priceOverridedAt"":""2026-04-06T21:19:52.671Z"",""calculatedPrice"":103,""proposalId"":""69d4237bc39e22a27c3d28a3"",""proposalStatus"":""pending_organizer"",""proposedBy"":""69b48a2b7d5c0db589c6bb1c"",""proposedAt"":""2026-04-06T21:19:52.671Z"",""talentCounterPrice"":150,""talentResponseNote"":null},""SL-69d4226f05dbb2cfcceb67f0-0:698dc6f781b400b640a229f6:sc-1:p-3"":{""slotId"":""SL-69d4226f05dbb2cfcceb67f0-0"",""userId"":""698dc6f781b400b640a229f6"",""sceneId"":""sc-1"",""plageId"":""p-3"",""roleSystemId"":""RL-000008"",""assignedPrice"":100,""assignedStyleSystemIds"":[],""isPlaced"":true,""_pricingMeta"":{""hourlyRate"":103,""workedMin"":96,""requiredMin"":204,""billableMin"":204,""allocationRatio"":0.47058823529411764,""blockSize"":3},""_primeMeta"":{""sots"":""0%"",""xp"":""+3% (niv.5)"",""offreDemande"":""N/A""},""_primeMultiplier"":1.03,""priceIsOverridden"":true,""priceOverridedAt"":""2026-04-06T21:20:07.486Z"",""calculatedPrice"":165,""proposalId"":""69d4238a3b340b80e7ba9253"",""proposalStatus"":""pending_talent"",""proposedBy"":""69b48a2b7d5c0db589c6bb1c"",""proposedAt"":""2026-04-06T21:20:07.486Z"",""talentCounterPrice"":null,""talentResponseNote"":null},""SL-69d4226f05dbb2cfcceb67f0-0:698dc6f781b400b640a229f6:sc-1:p-4"":{""slotId"":""SL-69d4226f05dbb2cfcceb67f0-0"",""userId"":""698dc6f781b400b640a229f6"",""sceneId"":""sc-1"",""plageId"":""p-4"",""roleSystemId"":""RL-000008"",""assignedPrice"":80,""assignedStyleSystemIds"":[],""isPlaced"":true,""_pricingMeta"":{""hourlyRate"":103,""workedMin"":48,""requiredMin"":204,""billableMin"":204,""allocationRatio"":0.23529411764705882,""blockSize"":3},""_primeMeta"":{""sots"":""0%"",""xp"":""+3% (niv.5)"",""offreDemande"":""N/A""},""_primeMultiplier"":1.03,""priceIsOverridden"":true,""priceOverridedAt"":""2026-04-06T21:20:25.930Z"",""calculatedPrice"":82,""proposalId"":""69d4239c4a7e357da628ff7d"",""proposalStatus"":""accepted"",""proposedBy"":""69b48a2b7d5c0db589c6bb1c"",""proposedAt"":""2026-04-06T21:20:25.930Z"",""talentCounterPrice"":null,""talentResponseNote"":null}}}","","","event","","2026-04-06T21:32:16.678Z","","[{""submittedBallot"":false,""roleSystemId"":""RL-000025"",""styleSystemIds"":[""ST-000155""],""joinedAt"":""2026-04-06T21:15:52.956Z"",""styleSystemId"":null,""sotsSubmitted"":null,""userId"":""698dbbf753d545317578c200"",""isNoShow"":null,""status"":""confirmed""},{""submittedBallot"":false,""roleSystemId"":""RL-000008"",""styleSystemIds"":[""ST-000012"",""ST-000042"",""ST-000008""],""joinedAt"":""2026-04-06T21:16:05.998Z"",""styleSystemId"":null,""sotsSubmitted"":null,""userId"":""698dc6f781b400b640a229f6"",""isNoShow"":null,""status"":""confirmed""},{""submittedBallot"":true,""roleSystemId"":""RL-ORGANIZER"",""styleSystemIds"":[""ST-000155"",""ST-000012"",""ST-000042"",""ST-000008""],""joinedAt"":""2026-04-06T21:32:16.678Z"",""styleSystemId"":null,""sotsSubmitted"":true,""userId"":""69b48a2b7d5c0db589c6bb1c"",""isNoShow"":null,""status"":""confirmed""}]","69d4226e96b1a73f25f14199","6","","2","","","","","","","[{""roleSystemId"":""RL-000008"",""candidateUserId"":""698dc6f781b400b640a229f6"",""confirmedBy"":""69b48a2b7d5c0db589c6bb1c"",""candidateStyleSystemIds"":[""ST-000012"",""ST-000042"",""ST-000008""],""slotId"":""SL-69d4226f05dbb2cfcceb67f0-0"",""confirmedAt"":""2026-04-06T21:17:08.938Z"",""status"":""confirmed""},{""roleSystemId"":""RL-000025"",""candidateUserId"":""698dbbf753d545317578c200"",""confirmedBy"":""69b48a2b7d5c0db589c6bb1c"",""candidateStyleSystemIds"":[""ST-000155""],""slotId"":""SL-69d4226f05dbb2cfcceb67f0-1"",""confirmedAt"":""2026-04-06T21:17:17.159Z"",""status"":""confirmed""}]","NC-0000000165","","[""69b48a2b7d5c0db589c6bb1c""]","","","","archived","69d4226f05dbb2cfcceb67f0","2026-04-06T21:15:27.373000","2026-04-10T18:25:40.218000","service_eb508f39-ce3d-4391-bb12-d4211c02ede9","false"
"","69b48a2b7d5c0db589c6bb1c","{""lineupScenes"":[{""sceneId"":""sc-1"",""label"":""Scène principale"",""icon"":""🎛""},{""sceneId"":""sc-1775509122363"",""label"":""Micro"",""icon"":""🎤""},{""sceneId"":""sc-1775509125572"",""label"":""Bar"",""icon"":""🍸""}],""lineupSchedule"":[{""plageId"":""p-1"",""label"":""Arrivée"",""timeStart"":""2026-05-08T02:00:00.000Z"",""timeEnd"":""2026-05-07T23:00:00.000Z""},{""plageId"":""p-2"",""label"":""Warmup"",""timeStart"":""2026-05-07T23:00:00.000Z"",""timeEnd"":""2026-05-07T18:00:00.000Z""},{""plageId"":""p-3"",""label"":""Peak"",""timeStart"":""2026-05-07T18:00:00.000Z"",""timeEnd"":""2026-05-07T10:00:00.000Z""},{""plageId"":""p-4"",""label"":""Closer"",""timeStart"":""2026-05-07T10:00:00.000Z"",""timeEnd"":""2026-05-07T06:00:00.000Z""}],""lineupPlacements"":{""SL-69d41ef764449065dcbeb80e-0:698dbbf753d545317578c200:sc-1:p-2"":{""slotId"":""SL-69d41ef764449065dcbeb80e-0"",""userId"":""698dbbf753d545317578c200"",""sceneId"":""sc-1"",""plageId"":""p-2"",""roleSystemId"":""RL-000008"",""assignedPrice"":0,""assignedStyleSystemIds"":[],""isPlaced"":true,""_primeMeta"":{""sots"":""+5%"",""xp"":""+10% (niv.14)"",""offreDemande"":""N/A""},""_primeMultiplier"":1.152,""priceIsOverridden"":true,""priceOverridedAt"":""2026-04-06T21:09:56.155Z"",""calculatedPrice"":0,""proposalId"":""69d42127fe0d17d2e8d598d8"",""proposalStatus"":""accepted"",""proposedBy"":""69b48a2b7d5c0db589c6bb1c"",""proposedAt"":""2026-04-06T21:09:56.155Z"",""talentCounterPrice"":null,""talentResponseNote"":null},""SL-69d41ef764449065dcbeb80e-0:698dbbf753d545317578c200:sc-1:p-3"":{""slotId"":""SL-69d41ef764449065dcbeb80e-0"",""userId"":""698dbbf753d545317578c200"",""sceneId"":""sc-1"",""plageId"":""p-3"",""roleSystemId"":""RL-000008"",""assignedPrice"":null,""assignedStyleSystemIds"":[],""isPlaced"":true,""_primeMeta"":{""sots"":""+5%"",""xp"":""+10% (niv.14)"",""offreDemande"":""N/A""},""_primeMultiplier"":1.152},""SL-69d41ef764449065dcbeb80e-0:698dc6f781b400b640a229f6:sc-1:p-3"":{""assignedPrice"":50,""priceIsOverridden"":true,""priceOverridedAt"":""2026-04-06T21:10:07.384Z"",""calculatedPrice"":0,""proposalId"":""69d42132081361cf0cd27761"",""proposalStatus"":""pending_talent"",""proposedBy"":""69b48a2b7d5c0db589c6bb1c"",""proposedAt"":""2026-04-06T21:10:07.384Z"",""talentCounterPrice"":null,""talentResponseNote"":null},""SL-69d41ef764449065dcbeb80e-0:698dbbf753d545317578c200:sc-1:p-4"":{""slotId"":""SL-69d41ef764449065dcbeb80e-0"",""userId"":""698dbbf753d545317578c200"",""sceneId"":""sc-1"",""plageId"":""p-4"",""roleSystemId"":""RL-000008"",""assignedPrice"":null,""assignedStyleSystemIds"":[],""isPlaced"":true,""_primeMeta"":{""sots"":""+5%"",""xp"":""+10% (niv.14)"",""offreDemande"":""N/A""},""_primeMultiplier"":1.152},""SL-69d41ef764449065dcbeb80e-0:698dc6f781b400b640a229f6:sc-1:p-4"":{""assignedPrice"":50,""priceIsOverridden"":true,""priceOverridedAt"":""2026-04-06T21:10:18.668Z"",""calculatedPrice"":0,""proposalId"":""69d4213e186fabf881a13360"",""proposalStatus"":""pending_talent"",""proposedBy"":""69b48a2b7d5c0db589c6bb1c"",""proposedAt"":""2026-04-06T21:10:18.668Z"",""talentCounterPrice"":null,""talentResponseNote"":null}}}","","","event","","","","[{""submittedBallot"":false,""roleSystemId"":""RL-000008"",""styleSystemIds"":[""ST-000032"",""ST-000009"",""ST-000013"",""ST-000007"",""ST-000219""],""joinedAt"":""2026-04-06T21:04:14.172Z"",""styleSystemId"":null,""sotsSubmitted"":null,""userId"":""698dbbf753d545317578c200"",""isNoShow"":null,""status"":""confirmed""},{""submittedBallot"":false,""roleSystemId"":""RL-000008"",""styleSystemIds"":[""ST-000012"",""ST-000042"",""ST-000008""],""joinedAt"":""2026-04-06T21:04:14.731Z"",""styleSystemId"":null,""sotsSubmitted"":null,""userId"":""698dc6f781b400b640a229f6"",""isNoShow"":null,""status"":""confirmed""}]","69d41ef4d51b881561f5e737","6","","2","","","","","","","[{""roleSystemId"":""RL-000008"",""candidateUserId"":""698dbbf753d545317578c200"",""confirmedBy"":""69b48a2b7d5c0db589c6bb1c"",""candidateStyleSystemIds"":[""ST-000032"",""ST-000009"",""ST-000013"",""ST-000007"",""ST-000219""],""slotId"":""SL-69d41ef764449065dcbeb80e-0"",""confirmedAt"":""2026-04-06T21:06:03.621Z"",""status"":""confirmed""}]","NC-0000000165","","[]","","","","archived","69d41ef764449065dcbeb80e","2026-04-06T21:00:39.598000","2026-04-15T15:54:52.359000","service_eb508f39-ce3d-4391-bb12-d4211c02ede9","false"
"2026-04-06T20:43:22.091Z","69b48a2b7d5c0db589c6bb1c","","2026-04-06T20:39:13.729Z","2026-04-06T20:39:13.729Z","quickplay","69b48a2b7d5c0db589c6bb1c","2026-04-06T20:39:13.729Z","2026-04-06T20:39:13.729Z","[{""submittedBallot"":true,""roleSystemId"":""RL-000008"",""styleSystemIds"":[""ST-000075"",""ST-000192""],""joinedAt"":""2026-04-06T20:30:44.209Z"",""styleSystemId"":""ST-000075"",""sotsSubmitted"":true,""userId"":""69b48a2b7d5c0db589c6bb1c"",""isNoShow"":null,""status"":""ready""},{""submittedBallot"":false,""roleSystemId"":""RL-000008"",""styleSystemIds"":[""ST-000074""],""joinedAt"":""2026-04-06T20:30:44.209Z"",""styleSystemId"":""ST-000074"",""sotsSubmitted"":null,""userId"":""698dc6f781b400b640a229f6"",""isNoShow"":null,""status"":""ready""}]","","6","","2","","2026-04-06T20:39:13.729Z","","","","2026-04-06T20:30:44.209Z","[]","NC-0000000095","","[""69b48a2b7d5c0db589c6bb1c""]","69b48a2b7d5c0db589c6bb1c","","69b48a2b7d5c0db589c6bb1c","archived","69d417f500f114fa3831a525","2026-04-06T20:30:45.580000","2026-04-10T18:25:40.226000","service_eb508f39-ce3d-4391-bb12-d4211c02ede9","false"
"2026-04-04T14:54:09.750Z","698d204286a5af9808991620","{""lineupScenes"":[{""sceneId"":""sc-1"",""label"":""Scène principale"",""icon"":""🎛""}],""lineupSchedule"":[{""plageId"":""p-1"",""label"":""Warmup"",""timeStart"":""2026-04-04T12:00:00.000Z"",""timeEnd"":""2026-04-04T13:12:00.000Z""},{""plageId"":""p-2"",""label"":""Peak"",""timeStart"":""2026-04-04T13:12:00.000Z"",""timeEnd"":""2026-04-04T15:00:00.000Z""},{""plageId"":""p-3"",""label"":""Closer"",""timeStart"":""2026-04-04T15:00:00.000Z"",""timeEnd"":""2026-04-04T16:00:00.000Z""}],""lineupPlacements"":{""SL-69d0f65631c8dae2d8ffa22b-0:69cd302266f2193a99122757:sc-1:p-2"":{""slotId"":""SL-69d0f65631c8dae2d8ffa22b-0"",""userId"":""69cd302266f2193a99122757"",""sceneId"":""sc-1"",""plageId"":""p-2"",""roleSystemId"":""RL-000025"",""assignedPrice"":144,""assignedStyleSystemIds"":[],""isPlaced"":true,""_pricingMeta"":{""hourlyRate"":130.32,""workedMin"":108,""requiredMin"":180,""billableMin"":180,""allocationRatio"":0.6,""blockSize"":2},""_primeMeta"":{""sots"":""+15%"",""urgence"":""+25%"",""jour"":""+10% (WE)"",""xp"":""+3% (niv.5)"",""offreDemande"":""N/A""},""_primeMultiplier"":1.629,""priceIsOverridden"":true,""priceOverridedAt"":""2026-04-04T13:34:09.725Z"",""calculatedPrice"":235,""proposalId"":""69d11100dea8922b3e1f0f14"",""proposalStatus"":""accepted"",""proposedBy"":""698d204286a5af9808991620"",""proposedAt"":""2026-04-04T13:34:09.725Z"",""talentCounterPrice"":null,""talentResponseNote"":null},""SL-69d0f65631c8dae2d8ffa22b-0:69cd302266f2193a99122757:sc-1:p-1"":{""slotId"":""SL-69d0f65631c8dae2d8ffa22b-0"",""userId"":""69cd302266f2193a99122757"",""sceneId"":""sc-1"",""plageId"":""p-1"",""roleSystemId"":""RL-000025"",""assignedPrice"":156,""assignedStyleSystemIds"":[],""isPlaced"":true,""_pricingMeta"":{""hourlyRate"":130.32,""workedMin"":72,""requiredMin"":180,""billableMin"":180,""allocationRatio"":0.4,""blockSize"":2},""_primeMeta"":{""sots"":""+15%"",""urgence"":""+25%"",""jour"":""+10% (WE)"",""xp"":""+3% (niv.5)"",""offreDemande"":""N/A""},""_primeMultiplier"":1.629},""SL-69d0f65631c8dae2d8ffa22b-0:698dc6f781b400b640a229f6:sc-1:p-1"":{""assignedPrice"":150,""priceIsOverridden"":true,""priceOverridedAt"":""2026-04-04T13:34:19.513Z"",""calculatedPrice"":0,""proposalId"":""69d1135e5908c3e299fb987f"",""proposalStatus"":""pending_talent"",""proposedBy"":""698d204286a5af9808991620"",""proposedAt"":""2026-04-04T13:34:19.513Z"",""talentCounterPrice"":null,""talentResponseNote"":null}}}","","","event","","2026-04-04T13:39:07.066Z","","[{""submittedBallot"":false,""roleSystemId"":""RL-000025"",""styleSystemIds"":[],""joinedAt"":""2026-04-04T11:32:01.138Z"",""styleSystemId"":null,""sotsSubmitted"":null,""userId"":""69cd302266f2193a99122757"",""isNoShow"":null,""status"":""confirmed""},{""submittedBallot"":false,""roleSystemId"":""RL-000025"",""styleSystemIds"":[],""joinedAt"":""2026-04-04T13:06:27.726Z"",""styleSystemId"":null,""sotsSubmitted"":null,""userId"":""698dc6f781b400b640a229f6"",""isNoShow"":null,""status"":""confirmed""},{""submittedBallot"":false,""roleSystemId"":""RL-ORGANIZER"",""styleSystemIds"":[],""joinedAt"":""2026-04-04T13:39:07.066Z"",""styleSystemId"":null,""sotsSubmitted"":false,""userId"":""698d204286a5af9808991620"",""isNoShow"":null,""status"":""confirmed""}]","69d0f6544647a7b192b1fa61","6","","2","","","","","","","[{""roleSystemId"":""RL-000025"",""candidateUserId"":""69cd302266f2193a99122757"",""confirmedBy"":""698d204286a5af9808991620"",""candidateStyleSystemIds"":[],""slotId"":""SL-69d0f65631c8dae2d8ffa22b-0"",""confirmedAt"":""2026-04-04T11:32:10.726Z"",""status"":""confirmed""}]","NC-0000000165","","[]","","","","archived","69d0f65631c8dae2d8ffa22b","2026-04-04T11:30:30.282000","2026-04-14T12:00:11.021000","service_eb508f39-ce3d-4391-bb12-d4211c02ede9","false"
"","698c747aee05acfdd23ea578","{""lineupScenes"":[{""sceneId"":""sc-1"",""label"":""Scène principale"",""icon"":""🎛""}],""lineupSchedule"":[{""plageId"":""p-1"",""label"":""Warmup"",""timeStart"":""2026-04-04T00:00:00.000Z"",""timeEnd"":""2026-04-04T00:36:00.000Z""},{""plageId"":""p-2"",""label"":""Peak"",""timeStart"":""2026-04-04T00:36:00.000Z"",""timeEnd"":""2026-04-04T01:30:00.000Z""},{""plageId"":""p-3"",""label"":""Closer"",""timeStart"":""2026-04-04T01:30:00.000Z"",""timeEnd"":""2026-04-04T02:00:00.000Z""}]}","","","event","","","","[]","69d053a498704d8a212e27ed","6","","2","","","","","","","[{""roleSystemId"":""RL-000025"",""candidateUserId"":null,""confirmedBy"":null,""candidateStyleSystemIds"":[],""slotId"":""SL-69d053a65e648fe3a95f120b-0"",""confirmedAt"":null,""status"":""open""}]","NC-0000000165","","[]","","","","archived","69d053a65e648fe3a95f120b","2026-04-03T23:56:22.282000","2026-04-08T18:25:40.355000","service_eb508f39-ce3d-4391-bb12-d4211c02ede9","false"
"","698c747aee05acfdd23ea578","{""lineupScenes"":[{""sceneId"":""sc-1"",""label"":""Scène principale"",""icon"":""🎛""}],""lineupSchedule"":[{""plageId"":""p-1"",""label"":""Warmup"",""timeStart"":""2026-04-03T19:00:00.000Z"",""timeEnd"":""2026-04-03T19:54:00.000Z""},{""plageId"":""p-2"",""label"":""Peak"",""timeStart"":""2026-04-03T19:54:00.000Z"",""timeEnd"":""2026-04-03T22:00:00.000Z""}],""lineupPlacements"":{""SL-69d003ebb29c94fe0d722e68-0:698d204286a5af9808991620:sc-1:p-2"":{""slotId"":""SL-69d003ebb29c94fe0d722e68-0"",""userId"":""698d204286a5af9808991620"",""sceneId"":""sc-1"",""plageId"":""p-2"",""roleSystemId"":""RL-000025"",""assignedPrice"":420,""assignedStyleSystemIds"":[],""isPlaced"":true,""_pricingMeta"":{""hourlyRate"":200,""workedMin"":126,""requiredMin"":126,""billableMin"":126,""allocationRatio"":1,""blockSize"":1}}}}","","","event","","","","[{""submittedBallot"":false,""roleSystemId"":""RL-000025"",""styleSystemIds"":[""ST-000165""],""joinedAt"":""2026-04-03T18:17:07.702Z"",""styleSystemId"":null,""sotsSubmitted"":null,""userId"":""698d204286a5af9808991620"",""isNoShow"":null,""status"":""confirmed""}]","69d003e989d9fb1cbbef91f4","6","","2","","","","","","","[{""roleSystemId"":""RL-000025"",""candidateUserId"":""698d204286a5af9808991620"",""confirmedBy"":""698c747aee05acfdd23ea578"",""candidateStyleSystemIds"":[""ST-000165""],""slotId"":""SL-69d003ebb29c94fe0d722e68-0"",""confirmedAt"":""2026-04-03T18:17:15.254Z"",""status"":""confirmed""}]","NC-0000000165","","[]","","","","archived","69d003ebb29c94fe0d722e68","2026-04-03T18:16:11.166000","2026-04-06T18:22:47.761000","service_eb508f39-ce3d-4391-bb12-d4211c02ede9","false"
"2026-04-03T16:47:06.234Z","698c747aee05acfdd23ea578","{""lineupScenes"":[{""sceneId"":""sc-1"",""label"":""Scène principale"",""icon"":""🎛""}],""lineupSchedule"":[{""plageId"":""p-1"",""label"":""Warmup"",""timeStart"":""2026-04-03T17:00:00.000Z"",""timeEnd"":""2026-04-03T17:18:00.000Z""},{""plageId"":""p-2"",""label"":""Peak"",""timeStart"":""2026-04-03T17:18:00.000Z"",""timeEnd"":""2026-04-03T18:00:00.000Z""}],""lineupPlacements"":{""SL-69cfedb06a5769d084ae9141-0:698d204286a5af9808991620:sc-1:p-1"":{""slotId"":""SL-69cfedb06a5769d084ae9141-0"",""userId"":""698d204286a5af9808991620"",""sceneId"":""sc-1"",""plageId"":""p-1"",""roleSystemId"":""RL-000025"",""assignedPrice"":100,""assignedStyleSystemIds"":[],""isPlaced"":true,""_pricingMeta"":{""hourlyRate"":200,""workedMin"":18,""requiredMin"":18,""billableMin"":30,""allocationRatio"":1,""blockSize"":1}}}}","","","event","","2026-04-03T16:44:38.883Z","","[{""submittedBallot"":false,""roleSystemId"":""RL-000025"",""styleSystemIds"":[""ST-000165""],""joinedAt"":""2026-04-03T16:42:03.082Z"",""styleSystemId"":null,""sotsSubmitted"":null,""userId"":""698d204286a5af9808991620"",""isNoShow"":null,""status"":""confirmed""},{""submittedBallot"":true,""roleSystemId"":""RL-ORGANIZER"",""styleSystemIds"":[""ST-000165""],""joinedAt"":""2026-04-03T16:44:38.883Z"",""styleSystemId"":null,""sotsSubmitted"":true,""userId"":""698c747aee05acfdd23ea578"",""isNoShow"":null,""status"":""confirmed""}]","69cfedaee6e2d83bcfb24768","6","","2","","","","","","","[{""roleSystemId"":""RL-000025"",""candidateUserId"":""698d204286a5af9808991620"",""confirmedBy"":""698c747aee05acfdd23ea578"",""candidateStyleSystemIds"":[""ST-000165""],""slotId"":""SL-69cfedb06a5769d084ae9141-0"",""confirmedAt"":""2026-04-03T16:42:19.147Z"",""status"":""confirmed""}]","NC-0000000165","","[""698c747aee05acfdd23ea578""]","","","","archived","69cfedb06a5769d084ae9141","2026-04-03T16:41:20.093000","2026-04-06T17:22:50.341000","service_eb508f39-ce3d-4391-bb12-d4211c02ede9","false"
"2026-04-03T17:27:31.830Z","698d204286a5af9808991620","","","","quickplay","698c747aee05acfdd23ea578","","","[{""submittedBallot"":false,""roleSystemId"":""RL-000016"",""styleSystemIds"":[""ST-000038"",""ST-000100"",""ST-000165"",""ST-000217""],""joinedAt"":""2026-04-03T16:37:52.260Z"",""styleSystemId"":""ST-000038"",""sotsSubmitted"":null,""userId"":""698c747aee05acfdd23ea578"",""isNoShow"":null,""status"":""lobby""}]","","6","","2","","","","","","2026-04-03T16:37:52.260Z","[]","","","[]","","","","archived","69cfece15053e264a0b98134","2026-04-03T16:37:53.905000","2026-04-06T18:22:47.739000","service_eb508f39-ce3d-4391-bb12-d4211c02ede9","false"
"2026-04-03T16:39:02.793Z","698d204286a5af9808991620","","2026-04-03T16:37:58.742Z","","quickplay","698d204286a5af9808991620","2026-04-03T16:37:58.742Z","2026-04-03T16:37:58.742Z","[{""submittedBallot"":true,""roleSystemId"":""RL-000008"",""styleSystemIds"":[""ST-000165"",""ST-000088"",""ST-000074""],""joinedAt"":""2026-04-03T16:30:06.101Z"",""styleSystemId"":""ST-000165"",""sotsSubmitted"":true,""userId"":""698d204286a5af9808991620"",""isNoShow"":null,""status"":""ready""},{""submittedBallot"":false,""roleSystemId"":""RL-000008"",""styleSystemIds"":[""ST-000074""],""joinedAt"":""2026-04-03T16:30:06.101Z"",""styleSystemId"":""ST-000074"",""sotsSubmitted"":null,""userId"":""69b48a2b7d5c0db589c6bb1c"",""isNoShow"":null,""status"":""ready""},{""submittedBallot"":true,""roleSystemId"":""RL-000008"",""styleSystemIds"":[""ST-000100""],""joinedAt"":""2026-04-03T16:30:46.972Z"",""styleSystemId"":""ST-000100"",""sotsSubmitted"":true,""userId"":""698c747aee05acfdd23ea578"",""isNoShow"":null,""status"":""ready""},{""submittedBallot"":true,""roleSystemId"":""RL-000008"",""styleSystemIds"":[""ST-000239""],""joinedAt"":""2026-04-03T16:34:16.857Z"",""styleSystemId"":""ST-000239"",""sotsSubmitted"":true,""userId"":""69cd302266f2193a99122757"",""isNoShow"":null,""status"":""ready""},{""submittedBallot"":false,""roleSystemId"":""RL-000011"",""styleSystemIds"":[""ST-000077"",""ST-000103"",""ST-000225"",""ST-000224"",""ST-000228"",""ST-000227"",""ST-000165""],""joinedAt"":""2026-04-03T16:37:42.489Z"",""styleSystemId"":""ST-000077"",""sotsSubmitted"":null,""userId"":""698dd1b2193c860027a3457a"",""isNoShow"":null,""status"":""lobby""}]","","6","","2","","","","","","2026-04-03T16:30:06.101Z","[]","NC-0000000169","","[""698c747aee05acfdd23ea578"",""698d204286a5af9808991620"",""69cd302266f2193a99122757""]","","","","archived","69cfeb0f600e3b544709885e","2026-04-03T16:30:07.797000","2026-04-06T17:22:50.341000","service_eb508f39-ce3d-4391-bb12-d4211c02ede9","false"
"2026-04-03T16:28:37.683Z","698c747aee05acfdd23ea578","{""lineupScenes"":[{""sceneId"":""sc-1"",""label"":""Scène principale"",""icon"":""🎛""}],""lineupSchedule"":[{""plageId"":""p-1"",""label"":""Warmup"",""timeStart"":""2026-04-03T16:00:00.000Z"",""timeEnd"":""2026-04-03T16:54:00.000Z""},{""plageId"":""p-2"",""label"":""Peak"",""timeStart"":""2026-04-03T16:54:00.000Z"",""timeEnd"":""2026-04-03T19:00:00.000Z""}],""lineupPlacements"":{""SL-69cfd8baff62b0192a649fdf-0:698d204286a5af9808991620:sc-1:p-1"":{""slotId"":""SL-69cfd8baff62b0192a649fdf-0"",""userId"":""698d204286a5af9808991620"",""sceneId"":""sc-1"",""plageId"":""p-1"",""roleSystemId"":""RL-000008"",""assignedPrice"":90,""assignedStyleSystemIds"":[],""isPlaced"":true,""_pricingMeta"":{""hourlyRate"":100,""workedMin"":54,""requiredMin"":54,""billableMin"":54,""allocationRatio"":1,""blockSize"":1}},""SL-69cfd8baff62b0192a649fdf-0:69cd302266f2193a99122757:sc-1:p-2"":{""slotId"":""SL-69cfd8baff62b0192a649fdf-0"",""userId"":""69cd302266f2193a99122757"",""sceneId"":""sc-1"",""plageId"":""p-2"",""roleSystemId"":""RL-000008"",""assignedPrice"":168,""assignedStyleSystemIds"":[],""isPlaced"":true,""_pricingMeta"":{""hourlyRate"":80,""workedMin"":126,""requiredMin"":126,""billableMin"":126,""allocationRatio"":1,""blockSize"":1}}}}","","","event","","2026-04-03T15:15:39.212Z","","[{""submittedBallot"":false,""roleSystemId"":""RL-000008"",""styleSystemIds"":[""ST-000239""],""joinedAt"":""2026-04-03T15:12:46.128Z"",""styleSystemId"":null,""sotsSubmitted"":null,""userId"":""69cd302266f2193a99122757"",""isNoShow"":null,""status"":""confirmed""},{""submittedBallot"":true,""roleSystemId"":""RL-000008"",""styleSystemIds"":[""ST-000088"",""ST-000074""],""joinedAt"":""2026-04-03T15:12:50.419Z"",""styleSystemId"":null,""sotsSubmitted"":true,""userId"":""698d204286a5af9808991620"",""isNoShow"":null,""status"":""confirmed""},{""submittedBallot"":true,""roleSystemId"":""RL-ORGANIZER"",""styleSystemIds"":[""ST-000239"",""ST-000088"",""ST-000074""],""joinedAt"":""2026-04-03T15:15:39.212Z"",""styleSystemId"":null,""sotsSubmitted"":true,""userId"":""698c747aee05acfdd23ea578"",""isNoShow"":null,""status"":""confirmed""}]","69cfd8b99f67e47c4e9c7991","6","","2","","","","","","","[{""roleSystemId"":""RL-000008"",""candidateUserId"":""69cd302266f2193a99122757"",""confirmedBy"":""698c747aee05acfdd23ea578"",""candidateStyleSystemIds"":[""ST-000239""],""slotId"":""SL-69cfd8baff62b0192a649fdf-0"",""confirmedAt"":""2026-04-03T15:12:56.677Z"",""status"":""confirmed""}]","NC-0000000165","","[""698c747aee05acfdd23ea578"",""698d204286a5af9808991620""]","","","","archived","69cfd8baff62b0192a649fdf","2026-04-03T15:11:54.397000","2026-04-06T17:22:50.352000","service_eb508f39-ce3d-4391-bb12-d4211c02ede9","false"
"2026-04-03T14:02:43.033Z","69cd302266f2193a99122757","{""lineupScenes"":[{""sceneId"":""sc-1"",""label"":""Scène principale"",""icon"":""🎛""}],""lineupSchedule"":[{""plageId"":""p-1"",""label"":""Warmup"",""timeStart"":""2026-04-03T13:30:00.000Z"",""timeEnd"":""2026-04-03T14:15:00.000Z""},{""plageId"":""p-2"",""label"":""Peak"",""timeStart"":""2026-04-03T14:15:00.000Z"",""timeEnd"":""2026-04-03T16:00:00.000Z""}],""lineupPlacements"":{""SL-69cfbc119b1478e594b08393-0:698d204286a5af9808991620:sc-1:p-1"":{""slotId"":""SL-69cfbc119b1478e594b08393-0"",""userId"":""698d204286a5af9808991620"",""sceneId"":""sc-1"",""plageId"":""p-1"",""roleSystemId"":""RL-000025"",""assignedPrice"":150,""assignedStyleSystemIds"":[],""isPlaced"":true,""_pricingMeta"":{""hourlyRate"":200,""workedMin"":45,""requiredMin"":45,""billableMin"":45,""allocationRatio"":1,""blockSize"":1}},""SL-69cfbc119b1478e594b08393-0:698c747aee05acfdd23ea578:sc-1:p-2"":{""slotId"":""SL-69cfbc119b1478e594b08393-0"",""userId"":""698c747aee05acfdd23ea578"",""sceneId"":""sc-1"",""plageId"":""p-2"",""roleSystemId"":""RL-000025"",""assignedPrice"":88,""assignedStyleSystemIds"":[],""isPlaced"":true,""_pricingMeta"":{""hourlyRate"":50,""workedMin"":105,""requiredMin"":150,""billableMin"":150,""allocationRatio"":0.7,""blockSize"":2}},""SL-69cfbc119b1478e594b08393-0:698c747aee05acfdd23ea578:sc-1:p-1"":{""slotId"":""SL-69cfbc119b1478e594b08393-0"",""userId"":""698c747aee05acfdd23ea578"",""sceneId"":""sc-1"",""plageId"":""p-1"",""roleSystemId"":""RL-000025"",""assignedPrice"":38,""assignedStyleSystemIds"":[],""isPlaced"":true,""_pricingMeta"":{""hourlyRate"":50,""workedMin"":45,""requiredMin"":150,""billableMin"":150,""allocationRatio"":0.3,""blockSize"":2}}}}","","","event","","2026-04-03T13:12:46.534Z","","[{""submittedBallot"":true,""roleSystemId"":""RL-000025"",""styleSystemIds"":[],""joinedAt"":""2026-04-03T13:09:57.059Z"",""styleSystemId"":null,""sotsSubmitted"":true,""userId"":""698c747aee05acfdd23ea578"",""isNoShow"":null,""status"":""confirmed""},{""submittedBallot"":true,""roleSystemId"":""RL-000025"",""styleSystemIds"":[],""joinedAt"":""2026-04-03T13:09:58.441Z"",""styleSystemId"":null,""sotsSubmitted"":true,""userId"":""698d204286a5af9808991620"",""isNoShow"":null,""status"":""confirmed""},{""submittedBallot"":true,""roleSystemId"":""RL-ORGANIZER"",""styleSystemIds"":[],""joinedAt"":""2026-04-03T13:12:46.534Z"",""styleSystemId"":null,""sotsSubmitted"":true,""userId"":""69cd302266f2193a99122757"",""isNoShow"":null,""status"":""confirmed""}]","69cfbc0f4e0184830d625bc6","6","","2","","","","","","","[{""roleSystemId"":""RL-000025"",""candidateUserId"":""698c747aee05acfdd23ea578"",""confirmedBy"":""69cd302266f2193a99122757"",""candidateStyleSystemIds"":[],""slotId"":""SL-69cfbc119b1478e594b08393-0"",""confirmedAt"":""2026-04-03T13:10:08.791Z"",""status"":""confirmed""}]","NC-0000000165","","[""698c747aee05acfdd23ea578"",""698d204286a5af9808991620"",""69cd302266f2193a99122757""]","","","","sots_submitted","69cfbc119b1478e594b08393","2026-04-03T13:09:37.185000","2026-04-03T14:03:34.626000","service_eb508f39-ce3d-4391-bb12-d4211c02ede9","false"
"2026-04-03T13:08:15.279Z","69cd302266f2193a99122757","{""lineupScenes"":[{""sceneId"":""sc-1"",""label"":""Scène principale"",""icon"":""🎛""}],""lineupSchedule"":[{""plageId"":""p-1"",""label"":""Warmup"",""timeStart"":""2026-04-03T13:25:00.000Z"",""timeEnd"":""2026-04-03T14:11:30.000Z""},{""plageId"":""p-2"",""label"":""Peak"",""timeStart"":""2026-04-03T14:11:30.000Z"",""timeEnd"":""2026-04-03T16:00:00.000Z""}],""lineupPlacements"":{""SL-69cfbb653f7bcbe9a74beb9c-0:698d204286a5af9808991620:sc-1:p-1"":{""slotId"":""SL-69cfbb653f7bcbe9a74beb9c-0"",""userId"":""698d204286a5af9808991620"",""sceneId"":""sc-1"",""plageId"":""p-1"",""roleSystemId"":""RL-000025"",""assignedPrice"":155,""assignedStyleSystemIds"":[],""isPlaced"":true,""_pricingMeta"":{""hourlyRate"":200,""workedMin"":46.5,""requiredMin"":155,""billableMin"":155,""allocationRatio"":0.3,""blockSize"":2}},""SL-69cfbb653f7bcbe9a74beb9c-0:698c747aee05acfdd23ea578:sc-1:p-2"":{""slotId"":""SL-69cfbb653f7bcbe9a74beb9c-0"",""userId"":""698c747aee05acfdd23ea578"",""sceneId"":""sc-1"",""plageId"":""p-2"",""roleSystemId"":""RL-000025"",""assignedPrice"":90,""assignedStyleSystemIds"":[],""isPlaced"":true,""_pricingMeta"":{""hourlyRate"":50,""workedMin"":108.5,""requiredMin"":108.5,""billableMin"":108.5,""allocationRatio"":1,""blockSize"":1}},""SL-69cfbb653f7bcbe9a74beb9c-0:698d204286a5af9808991620:sc-1:p-2"":{""slotId"":""SL-69cfbb653f7bcbe9a74beb9c-0"",""userId"":""698d204286a5af9808991620"",""sceneId"":""sc-1"",""plageId"":""p-2"",""roleSystemId"":""RL-000025"",""assignedPrice"":362,""assignedStyleSystemIds"":[],""isPlaced"":true,""_pricingMeta"":{""hourlyRate"":200,""workedMin"":108.5,""requiredMin"":155,""billableMin"":155,""allocationRatio"":0.7,""blockSize"":2}}}}","","","event","","2026-04-03T13:08:06.425Z","","[{""submittedBallot"":true,""roleSystemId"":""RL-000025"",""styleSystemIds"":[""ST-000165""],""joinedAt"":""2026-04-03T13:07:21.631Z"",""styleSystemId"":null,""sotsSubmitted"":true,""userId"":""698c747aee05acfdd23ea578"",""isNoShow"":null,""status"":""confirmed""},{""submittedBallot"":true,""roleSystemId"":""RL-000025"",""styleSystemIds"":[""ST-000165""],""joinedAt"":""2026-04-03T13:07:34.667Z"",""styleSystemId"":null,""sotsSubmitted"":true,""userId"":""698d204286a5af9808991620"",""isNoShow"":null,""status"":""confirmed""},{""submittedBallot"":true,""roleSystemId"":""RL-ORGANIZER"",""styleSystemIds"":[""ST-000165""],""joinedAt"":""2026-04-03T13:08:06.425Z"",""styleSystemId"":null,""sotsSubmitted"":true,""userId"":""69cd302266f2193a99122757"",""isNoShow"":null,""status"":""confirmed""}]","69cfbb630d392a816c8bf25d","6","","2","","","","","","","[{""roleSystemId"":""RL-000025"",""candidateUserId"":""698c747aee05acfdd23ea578"",""confirmedBy"":""69cd302266f2193a99122757"",""candidateStyleSystemIds"":[""ST-000165""],""slotId"":""SL-69cfbb653f7bcbe9a74beb9c-0"",""confirmedAt"":""2026-04-03T13:07:41.342Z"",""status"":""confirmed""}]","NC-0000000165","","[""69cd302266f2193a99122757"",""698c747aee05acfdd23ea578"",""698d204286a5af9808991620""]","","","","sots_submitted","69cfbb653f7bcbe9a74beb9c","2026-04-03T13:06:45.340000","2026-04-03T13:08:47.262000","service_eb508f39-ce3d-4391-bb12-d4211c02ede9","false"
"2026-04-03T13:03:51.660Z","69b48a2b7d5c0db589c6bb1c","{""lineupScenes"":[{""sceneId"":""sc-1"",""label"":""Scène principale"",""icon"":""🎛""}],""lineupSchedule"":[{""plageId"":""p-1"",""label"":""Warmup"",""timeStart"":""2026-04-03T13:00:00.000Z"",""timeEnd"":""2026-04-03T13:54:00.000Z""},{""plageId"":""p-2"",""label"":""Peak"",""timeStart"":""2026-04-03T13:54:00.000Z"",""timeEnd"":""2026-04-03T16:00:00.000Z""}],""lineupPlacements"":{""SL-69cfb833a719d6accf586afe-0:698c747aee05acfdd23ea578:sc-1:p-1"":{""slotId"":""SL-69cfb833a719d6accf586afe-0"",""userId"":""698c747aee05acfdd23ea578"",""sceneId"":""sc-1"",""plageId"":""p-1"",""roleSystemId"":""RL-000025"",""assignedPrice"":45,""assignedStyleSystemIds"":[],""isPlaced"":true,""_pricingMeta"":{""hourlyRate"":50,""workedMin"":54,""requiredMin"":54,""billableMin"":54,""allocationRatio"":1,""blockSize"":1}},""SL-69cfb833a719d6accf586afe-0:698d204286a5af9808991620:sc-1:p-2"":{""slotId"":""SL-69cfb833a719d6accf586afe-0"",""userId"":""698d204286a5af9808991620"",""sceneId"":""sc-1"",""plageId"":""p-2"",""roleSystemId"":""RL-000025"",""assignedPrice"":420,""assignedStyleSystemIds"":[],""isPlaced"":true,""_pricingMeta"":{""hourlyRate"":200,""workedMin"":126,""requiredMin"":126,""billableMin"":126,""allocationRatio"":1,""blockSize"":1}}}}","","","event","","2026-04-03T12:55:25.101Z","","[{""submittedBallot"":true,""roleSystemId"":""RL-000025"",""styleSystemIds"":[""ST-000165""],""joinedAt"":""2026-04-03T12:53:51.097Z"",""styleSystemId"":null,""sotsSubmitted"":true,""userId"":""698c747aee05acfdd23ea578"",""isNoShow"":null,""status"":""confirmed""},{""submittedBallot"":true,""roleSystemId"":""RL-000025"",""styleSystemIds"":[""ST-000165""],""joinedAt"":""2026-04-03T12:53:52.001Z"",""styleSystemId"":null,""sotsSubmitted"":true,""userId"":""698d204286a5af9808991620"",""isNoShow"":null,""status"":""confirmed""},{""submittedBallot"":true,""roleSystemId"":""RL-ORGANIZER"",""styleSystemIds"":[""ST-000165""],""joinedAt"":""2026-04-03T12:55:25.101Z"",""styleSystemId"":null,""sotsSubmitted"":true,""userId"":""69b48a2b7d5c0db589c6bb1c"",""isNoShow"":null,""status"":""confirmed""}]","69cfb8316ea9c49bbd73a88c","6","","2","","","","","","","[{""roleSystemId"":""RL-000025"",""candidateUserId"":""698c747aee05acfdd23ea578"",""confirmedBy"":""69b48a2b7d5c0db589c6bb1c"",""candidateStyleSystemIds"":[""ST-000165""],""slotId"":""SL-69cfb833a719d6accf586afe-0"",""confirmedAt"":""2026-04-03T12:54:07.149Z"",""status"":""confirmed""}]","NC-0000000165","","[""698c747aee05acfdd23ea578"",""69b48a2b7d5c0db589c6bb1c"",""698d204286a5af9808991620""]","","","","sots_submitted","69cfb833a719d6accf586afe","2026-04-03T12:53:07.165000","2026-04-03T13:04:24.778000","service_eb508f39-ce3d-4391-bb12-d4211c02ede9","false"
"2026-04-03T12:45:11.189Z","69b48a2b7d5c0db589c6bb1c","{""lineupScenes"":[{""sceneId"":""sc-1"",""label"":""Scène principale"",""icon"":""🎛""}],""lineupSchedule"":[{""plageId"":""p-1"",""label"":""Warmup"",""timeStart"":""2026-04-03T13:00:00.000Z"",""timeEnd"":""2026-04-03T13:54:00.000Z""},{""plageId"":""p-2"",""label"":""Peak"",""timeStart"":""2026-04-03T13:54:00.000Z"",""timeEnd"":""2026-04-03T16:00:00.000Z""}],""lineupPlacements"":{""SL-69cfb14e902c50b9a327a3ad-0:698d204286a5af9808991620:sc-1:p-1"":{""slotId"":""SL-69cfb14e902c50b9a327a3ad-0"",""userId"":""698d204286a5af9808991620"",""sceneId"":""sc-1"",""plageId"":""p-1"",""roleSystemId"":""RL-000025"",""assignedPrice"":180,""assignedStyleSystemIds"":[],""isPlaced"":true,""_pricingMeta"":{""hourlyRate"":200,""workedMin"":54,""requiredMin"":54,""billableMin"":54,""allocationRatio"":1,""blockSize"":1}},""SL-69cfb14e902c50b9a327a3ad-0:698c747aee05acfdd23ea578:sc-1:p-2"":{""slotId"":""SL-69cfb14e902c50b9a327a3ad-0"",""userId"":""698c747aee05acfdd23ea578"",""sceneId"":""sc-1"",""plageId"":""p-2"",""roleSystemId"":""RL-000025"",""assignedPrice"":105,""assignedStyleSystemIds"":[],""isPlaced"":true,""_pricingMeta"":{""hourlyRate"":50,""workedMin"":126,""requiredMin"":126,""billableMin"":126,""allocationRatio"":1,""blockSize"":1}}}}","","","event","","2026-04-03T12:25:28.272Z","","[{""submittedBallot"":true,""roleSystemId"":""RL-000025"",""styleSystemIds"":[""ST-000165""],""joinedAt"":""2026-04-03T12:24:04.482Z"",""styleSystemId"":null,""sotsSubmitted"":true,""userId"":""698d204286a5af9808991620"",""isNoShow"":null,""status"":""confirmed""},{""submittedBallot"":true,""roleSystemId"":""RL-000025"",""styleSystemIds"":[""ST-000165""],""joinedAt"":""2026-04-03T12:24:25.143Z"",""styleSystemId"":null,""sotsSubmitted"":true,""userId"":""698c747aee05acfdd23ea578"",""isNoShow"":null,""status"":""confirmed""},{""submittedBallot"":true,""roleSystemId"":""RL-ORGANIZER"",""styleSystemIds"":[""ST-000165""],""joinedAt"":""2026-04-03T12:25:28.272Z"",""styleSystemId"":null,""sotsSubmitted"":true,""userId"":""69b48a2b7d5c0db589c6bb1c"",""isNoShow"":null,""status"":""confirmed""}]","69cfb14c04d115e0f255f343","6","","2","","","","","","","[{""roleSystemId"":""RL-000025"",""candidateUserId"":""698d204286a5af9808991620"",""confirmedBy"":""69b48a2b7d5c0db589c6bb1c"",""candidateStyleSystemIds"":[""ST-000165""],""slotId"":""SL-69cfb14e902c50b9a327a3ad-0"",""confirmedAt"":""2026-04-03T12:24:19.791Z"",""status"":""confirmed""}]","NC-0000000165","","[""698c747aee05acfdd23ea578"",""69b48a2b7d5c0db589c6bb1c"",""698d204286a5af9808991620""]","","","","sots_submitted","69cfb14e902c50b9a327a3ad","2026-04-03T12:23:42.527000","2026-04-03T12:45:54.446000","service_eb508f39-ce3d-4391-bb12-d4211c02ede9","false"
"2026-04-03T11:59:37.465Z","69b48a2b7d5c0db589c6bb1c","{""lineupScenes"":[{""sceneId"":""sc-1"",""label"":""Scène principale"",""icon"":""🎛""}],""lineupSchedule"":[{""plageId"":""p-1"",""label"":""Peak"",""timeStart"":""2026-04-03T12:00:00.000Z"",""timeEnd"":""2026-04-03T16:00:00.000Z""}],""lineupPlacements"":{""SL-69cfaaca455d13a6906d6ee9-0:698d204286a5af9808991620:sc-1:p-1"":{""slotId"":""SL-69cfaaca455d13a6906d6ee9-0"",""userId"":""698d204286a5af9808991620"",""sceneId"":""sc-1"",""plageId"":""p-1"",""roleSystemId"":""RL-000025"",""assignedPrice"":800,""assignedStyleSystemIds"":[],""isPlaced"":true,""_pricingMeta"":{""hourlyRate"":200,""workedMin"":240,""requiredMin"":240,""billableMin"":240,""allocationRatio"":1,""blockSize"":1}},""SL-69cfaaca455d13a6906d6ee9-0:698c747aee05acfdd23ea578:sc-1:p-1"":{""slotId"":""SL-69cfaaca455d13a6906d6ee9-0"",""userId"":""698c747aee05acfdd23ea578"",""sceneId"":""sc-1"",""plageId"":""p-1"",""roleSystemId"":""RL-000025"",""assignedPrice"":200,""assignedStyleSystemIds"":[],""isPlaced"":true,""_pricingMeta"":{""hourlyRate"":50,""workedMin"":240,""requiredMin"":240,""billableMin"":240,""allocationRatio"":1,""blockSize"":1}}}}","","","event","","2026-04-03T11:57:22.603Z","","[{""submittedBallot"":true,""roleSystemId"":""RL-000025"",""styleSystemIds"":[],""joinedAt"":""2026-04-03T11:56:22.624Z"",""styleSystemId"":null,""sotsSubmitted"":true,""userId"":""698d204286a5af9808991620"",""isNoShow"":null,""status"":""confirmed""},{""submittedBallot"":true,""roleSystemId"":""RL-000025"",""styleSystemIds"":[""ST-000165""],""joinedAt"":""2026-04-03T11:56:56.585Z"",""styleSystemId"":null,""sotsSubmitted"":true,""userId"":""698c747aee05acfdd23ea578"",""isNoShow"":null,""status"":""confirmed""},{""submittedBallot"":true,""roleSystemId"":""RL-ORGANIZER"",""styleSystemIds"":[""ST-000165""],""joinedAt"":""2026-04-03T11:57:22.603Z"",""styleSystemId"":null,""sotsSubmitted"":true,""userId"":""69b48a2b7d5c0db589c6bb1c"",""isNoShow"":null,""status"":""confirmed""}]","69cfaac9e1ac5fee76650b71","6","","2","","","","","","","[{""roleSystemId"":""RL-000025"",""candidateUserId"":""698d204286a5af9808991620"",""confirmedBy"":""69b48a2b7d5c0db589c6bb1c"",""candidateStyleSystemIds"":[],""slotId"":""SL-69cfaaca455d13a6906d6ee9-0"",""confirmedAt"":""2026-04-03T11:56:36.575Z"",""status"":""confirmed""}]","NC-0000000165","","[""698c747aee05acfdd23ea578"",""69b48a2b7d5c0db589c6bb1c"",""698d204286a5af9808991620""]","","","","sots_submitted","69cfaaca455d13a6906d6ee9","2026-04-03T11:55:54.621000","2026-04-03T12:00:08.392000","service_eb508f39-ce3d-4391-bb12-d4211c02ede9","false"
"2026-04-03T11:31:32.539Z","69b48a2b7d5c0db589c6bb1c","{""lineupScenes"":[{""sceneId"":""sc-1"",""label"":""Scène principale"",""icon"":""🎛""}],""lineupSchedule"":[{""plageId"":""p-1"",""label"":""Warmup"",""timeStart"":""2026-04-03T12:00:00.000Z"",""timeEnd"":""2026-04-03T14:06:00.000Z""},{""plageId"":""p-2"",""label"":""Peak"",""timeStart"":""2026-04-03T14:06:00.000Z"",""timeEnd"":""2026-04-03T19:00:00.000Z""}],""lineupPlacements"":{""SL-69cfa4959f54038937b5fd08-0:698d204286a5af9808991620:sc-1:p-1"":{""slotId"":""SL-69cfa4959f54038937b5fd08-0"",""userId"":""698d204286a5af9808991620"",""sceneId"":""sc-1"",""plageId"":""p-1"",""roleSystemId"":""RL-000025"",""assignedPrice"":420,""assignedStyleSystemIds"":[],""isPlaced"":true,""_pricingMeta"":{""hourlyRate"":200,""workedMin"":126,""requiredMin"":126,""billableMin"":126,""allocationRatio"":1,""blockSize"":1}}}}","","","event","","2026-04-03T11:30:08.617Z","","[{""submittedBallot"":true,""roleSystemId"":""RL-000025"",""styleSystemIds"":[""ST-000165""],""joinedAt"":""2026-04-03T11:29:44.406Z"",""styleSystemId"":null,""sotsSubmitted"":true,""userId"":""698d204286a5af9808991620"",""isNoShow"":null,""status"":""confirmed""},{""submittedBallot"":true,""roleSystemId"":""RL-ORGANIZER"",""styleSystemIds"":[""ST-000165""],""joinedAt"":""2026-04-03T11:30:08.617Z"",""styleSystemId"":null,""sotsSubmitted"":true,""userId"":""69b48a2b7d5c0db589c6bb1c"",""isNoShow"":null,""status"":""confirmed""}]","69cfa49415df4eacf20218d9","6","","2","","","","","","","[{""roleSystemId"":""RL-000025"",""candidateUserId"":""698d204286a5af9808991620"",""confirmedBy"":""69b48a2b7d5c0db589c6bb1c"",""candidateStyleSystemIds"":[""ST-000165""],""slotId"":""SL-69cfa4959f54038937b5fd08-0"",""confirmedAt"":""2026-04-03T11:29:54.676Z"",""status"":""confirmed""}]","NC-0000000165","","[""69b48a2b7d5c0db589c6bb1c"",""698d204286a5af9808991620""]","","","","sots_submitted","69cfa4959f54038937b5fd08","2026-04-03T11:29:25.792000","2026-04-03T11:31:49.890000","service_eb508f39-ce3d-4391-bb12-d4211c02ede9","false"
"2026-04-03T11:28:12.888Z","69b48a2b7d5c0db589c6bb1c","{""lineupScenes"":[{""sceneId"":""sc-1"",""label"":""Scène principale"",""icon"":""🎛""}],""lineupSchedule"":[{""plageId"":""p-1"",""label"":""Warmup"",""timeStart"":""2026-04-04T12:00:00.000Z"",""timeEnd"":""2026-04-04T12:36:00.000Z""},{""plageId"":""p-2"",""label"":""Peak"",""timeStart"":""2026-04-04T12:36:00.000Z"",""timeEnd"":""2026-04-04T14:00:00.000Z""}]}","","","event","","2026-04-03T11:21:01.668Z","","[{""submittedBallot"":true,""roleSystemId"":""RL-000025"",""styleSystemIds"":[""ST-000165""],""joinedAt"":""2026-04-03T11:20:07.053Z"",""styleSystemId"":null,""sotsSubmitted"":true,""userId"":""698d204286a5af9808991620"",""isNoShow"":null,""status"":""confirmed""},{""submittedBallot"":true,""roleSystemId"":""RL-ORGANIZER"",""styleSystemIds"":[""ST-000165""],""joinedAt"":""2026-04-03T11:21:01.668Z"",""styleSystemId"":null,""sotsSubmitted"":true,""userId"":""69b48a2b7d5c0db589c6bb1c"",""isNoShow"":null,""status"":""confirmed""}]","69cfa2336e9169f31528a5e0","6","","2","","","","","","","[{""roleSystemId"":""RL-000025"",""candidateUserId"":""698d204286a5af9808991620"",""confirmedBy"":""69b48a2b7d5c0db589c6bb1c"",""candidateStyleSystemIds"":[""ST-000165""],""slotId"":""SL-69cfa2344ba14662398a40b2-0"",""confirmedAt"":""2026-04-03T11:20:22.694Z"",""status"":""confirmed""}]","NC-0000000165","","[""69b48a2b7d5c0db589c6bb1c"",""698d204286a5af9808991620""]","","","","sots_submitted","69cfa2344ba14662398a40b2","2026-04-03T11:19:16.477000","2026-04-03T11:28:33.762000","service_eb508f39-ce3d-4391-bb12-d4211c02ede9","false"
"2026-04-03T11:18:05.618Z","69b48a2b7d5c0db589c6bb1c","{""lineupScenes"":[{""sceneId"":""sc-1"",""label"":""Scène principale"",""icon"":""🎛""}],""lineupSchedule"":[{""plageId"":""p-1"",""label"":""Warmup"",""timeStart"":""2026-04-03T12:00:00.000Z"",""timeEnd"":""2026-04-03T13:12:00.000Z""},{""plageId"":""p-2"",""label"":""Peak"",""timeStart"":""2026-04-03T13:12:00.000Z"",""timeEnd"":""2026-04-03T16:00:00.000Z""}],""lineupPlacements"":{""SL-69cfa1b36abece41f7e2985f-0:698d204286a5af9808991620:sc-1:p-1"":{""slotId"":""SL-69cfa1b36abece41f7e2985f-0"",""userId"":""698d204286a5af9808991620"",""sceneId"":""sc-1"",""plageId"":""p-1"",""roleSystemId"":""RL-000025"",""assignedPrice"":240,""assignedStyleSystemIds"":[],""isPlaced"":true,""_pricingMeta"":{""hourlyRate"":200,""workedMin"":72,""requiredMin"":72,""billableMin"":72,""allocationRatio"":1,""blockSize"":1}}}}","","","event","","2026-04-03T11:17:34.781Z","","[{""submittedBallot"":true,""roleSystemId"":""RL-000025"",""styleSystemIds"":[],""joinedAt"":""2026-04-03T11:17:21.724Z"",""styleSystemId"":null,""sotsSubmitted"":true,""userId"":""698d204286a5af9808991620"",""isNoShow"":null,""status"":""confirmed""},{""submittedBallot"":true,""roleSystemId"":""RL-ORGANIZER"",""styleSystemIds"":[],""joinedAt"":""2026-04-03T11:17:34.781Z"",""styleSystemId"":null,""sotsSubmitted"":true,""userId"":""69b48a2b7d5c0db589c6bb1c"",""isNoShow"":null,""status"":""confirmed""}]","69cfa1b2ecfbdb3dbc9ab830","6","","2","","","","","","","[{""roleSystemId"":""RL-000025"",""candidateUserId"":""698d204286a5af9808991620"",""confirmedBy"":""69b48a2b7d5c0db589c6bb1c"",""candidateStyleSystemIds"":[],""slotId"":""SL-69cfa1b36abece41f7e2985f-0"",""confirmedAt"":""2026-04-03T11:17:26.449Z"",""status"":""confirmed""}]","NC-0000000165","","[""69b48a2b7d5c0db589c6bb1c"",""698d204286a5af9808991620""]","","","","sots_submitted","69cfa1b36abece41f7e2985f","2026-04-03T11:17:07.566000","2026-04-03T11:18:21.079000","service_eb508f39-ce3d-4391-bb12-d4211c02ede9","false"
"2026-04-03T11:14:49.818Z","69b48a2b7d5c0db589c6bb1c","{""lineupScenes"":[{""sceneId"":""sc-1"",""label"":""Scène principale"",""icon"":""🎛""}],""lineupSchedule"":[{""plageId"":""p-1"",""label"":""Warmup"",""timeStart"":""2026-04-03T12:00:00.000Z"",""timeEnd"":""2026-04-03T13:12:00.000Z""},{""plageId"":""p-2"",""label"":""Peak"",""timeStart"":""2026-04-03T13:12:00.000Z"",""timeEnd"":""2026-04-03T15:00:00.000Z""},{""plageId"":""p-3"",""label"":""Closer"",""timeStart"":""2026-04-03T15:00:00.000Z"",""timeEnd"":""2026-04-03T16:00:00.000Z""}],""lineupPlacements"":{""SL-69cfa07bacd7dbd2d91e2a65-0:698d204286a5af9808991620:sc-1:p-1"":{""slotId"":""SL-69cfa07bacd7dbd2d91e2a65-0"",""userId"":""698d204286a5af9808991620"",""sceneId"":""sc-1"",""plageId"":""p-1"",""roleSystemId"":""RL-000025"",""assignedPrice"":240,""assignedStyleSystemIds"":[],""isPlaced"":true,""_pricingMeta"":{""hourlyRate"":200,""workedMin"":72,""requiredMin"":240,""billableMin"":240,""allocationRatio"":0.3,""blockSize"":3}},""SL-69cfa07bacd7dbd2d91e2a65-0:698d204286a5af9808991620:sc-1:p-2"":{""slotId"":""SL-69cfa07bacd7dbd2d91e2a65-0"",""userId"":""698d204286a5af9808991620"",""sceneId"":""sc-1"",""plageId"":""p-2"",""roleSystemId"":""RL-000025"",""assignedPrice"":360,""assignedStyleSystemIds"":[],""isPlaced"":true,""_pricingMeta"":{""hourlyRate"":200,""workedMin"":108,""requiredMin"":240,""billableMin"":240,""allocationRatio"":0.45,""blockSize"":3}},""SL-69cfa07bacd7dbd2d91e2a65-0:698d204286a5af9808991620:sc-1:p-3"":{""slotId"":""SL-69cfa07bacd7dbd2d91e2a65-0"",""userId"":""698d204286a5af9808991620"",""sceneId"":""sc-1"",""plageId"":""p-3"",""roleSystemId"":""RL-000025"",""assignedPrice"":200,""assignedStyleSystemIds"":[],""isPlaced"":true,""_pricingMeta"":{""hourlyRate"":200,""workedMin"":60,""requiredMin"":240,""billableMin"":240,""allocationRatio"":0.25,""blockSize"":3}}}}","","","event","","2026-04-03T11:13:44.289Z","","[{""submittedBallot"":true,""roleSystemId"":""RL-000025"",""styleSystemIds"":[""ST-000165""],""joinedAt"":""2026-04-03T11:12:32.070Z"",""styleSystemId"":null,""sotsSubmitted"":true,""userId"":""698d204286a5af9808991620"",""isNoShow"":null,""status"":""confirmed""},{""submittedBallot"":true,""roleSystemId"":""RL-ORGANIZER"",""styleSystemIds"":[""ST-000165""],""joinedAt"":""2026-04-03T11:13:44.289Z"",""styleSystemId"":null,""sotsSubmitted"":true,""userId"":""69b48a2b7d5c0db589c6bb1c"",""isNoShow"":null,""status"":""confirmed""}]","69cfa07a4dea6c931cb1e656","6","","2","","","","","","","[{""roleSystemId"":""RL-000025"",""candidateUserId"":""698d204286a5af9808991620"",""confirmedBy"":""69b48a2b7d5c0db589c6bb1c"",""candidateStyleSystemIds"":[""ST-000165""],""slotId"":""SL-69cfa07bacd7dbd2d91e2a65-0"",""confirmedAt"":""2026-04-03T11:12:39.539Z"",""status"":""confirmed""}]","NC-0000000165","","[""69b48a2b7d5c0db589c6bb1c"",""698d204286a5af9808991620""]","","","","sots_submitted","69cfa07bacd7dbd2d91e2a65","2026-04-03T11:11:55.966000","2026-04-03T11:15:10.599000","service_eb508f39-ce3d-4391-bb12-d4211c02ede9","false"
"","69b48a2b7d5c0db589c6bb1c","","2026-04-03T11:09:27.582Z","2026-04-03T11:09:27.582Z","quickplay","69b48a2b7d5c0db589c6bb1c","2026-04-03T11:09:27.582Z","2026-04-03T11:09:27.582Z","[{""submittedBallot"":true,""roleSystemId"":""RL-000008"",""styleSystemIds"":[""ST-000074""],""joinedAt"":""2026-04-03T11:09:00.103Z"",""styleSystemId"":""ST-000074"",""sotsSubmitted"":true,""userId"":""69b48a2b7d5c0db589c6bb1c"",""isNoShow"":null,""status"":""ready""},{""submittedBallot"":true,""roleSystemId"":""RL-000008"",""styleSystemIds"":[""ST-000165"",""ST-000088""],""joinedAt"":""2026-04-03T11:09:00.103Z"",""styleSystemId"":""ST-000165"",""sotsSubmitted"":true,""userId"":""698d204286a5af9808991620"",""isNoShow"":null,""status"":""ready""}]","","6","","2","","2026-04-03T11:09:27.582Z","","","","2026-04-03T11:09:00.103Z","[]","NC-0000000165","","[""69b48a2b7d5c0db589c6bb1c"",""698d204286a5af9808991620""]","69b48a2b7d5c0db589c6bb1c","","69b48a2b7d5c0db589c6bb1c","sots_submitted","69cf9fcd51d3bbfbca8603da","2026-04-03T11:09:01.547000","2026-04-03T11:11:02.209000","service_eb508f39-ce3d-4391-bb12-d4211c02ede9","false"
"2026-04-03T11:06:21.251Z","69b48a2b7d5c0db589c6bb1c","{""lineupScenes"":[{""sceneId"":""sc-1"",""label"":""Scène principale"",""icon"":""🎛""}],""lineupSchedule"":[{""plageId"":""p-1"",""label"":""Warmup"",""timeStart"":""2026-04-03T11:00:00.000Z"",""timeEnd"":""2026-04-03T11:36:00.000Z""},{""plageId"":""p-2"",""label"":""Peak"",""timeStart"":""2026-04-03T11:36:00.000Z"",""timeEnd"":""2026-04-03T12:30:00.000Z""},{""plageId"":""p-3"",""label"":""Closer"",""timeStart"":""2026-04-03T12:30:00.000Z"",""timeEnd"":""2026-04-03T13:00:00.000Z""}],""lineupPlacements"":{""SL-69cf9d7f6ab71576489743e1-0:698d204286a5af9808991620:sc-1:p-1"":{""slotId"":""SL-69cf9d7f6ab71576489743e1-0"",""userId"":""698d204286a5af9808991620"",""sceneId"":""sc-1"",""plageId"":""p-1"",""roleSystemId"":""RL-000008"",""assignedPrice"":60,""assignedStyleSystemIds"":[],""isPlaced"":true,""_pricingMeta"":{""hourlyRate"":100,""workedMin"":36,""requiredMin"":36,""billableMin"":36,""allocationRatio"":1,""blockSize"":1}}}}","","","event","","2026-04-03T11:01:30.194Z","","[{""submittedBallot"":true,""roleSystemId"":""RL-000008"",""styleSystemIds"":[],""joinedAt"":""2026-04-03T10:59:32.155Z"",""styleSystemId"":null,""sotsSubmitted"":true,""userId"":""698d204286a5af9808991620"",""isNoShow"":null,""status"":""confirmed""},{""submittedBallot"":true,""roleSystemId"":""RL-ORGANIZER"",""styleSystemIds"":[],""joinedAt"":""2026-04-03T11:01:30.194Z"",""styleSystemId"":null,""sotsSubmitted"":true,""userId"":""69b48a2b7d5c0db589c6bb1c"",""isNoShow"":null,""status"":""confirmed""}]","69cf9d7d709ea130c9d9bba0","6","","2","","","","","","","[{""roleSystemId"":""RL-000008"",""candidateUserId"":""698d204286a5af9808991620"",""confirmedBy"":""69b48a2b7d5c0db589c6bb1c"",""candidateStyleSystemIds"":[],""slotId"":""SL-69cf9d7f6ab71576489743e1-0"",""confirmedAt"":""2026-04-03T10:59:44.462Z"",""status"":""confirmed""}]","NC-0000000095","","[""69b48a2b7d5c0db589c6bb1c"",""698d204286a5af9808991620""]","","","","sots_submitted","69cf9d7f6ab71576489743e1","2026-04-03T10:59:11.215000","2026-04-03T11:06:39.591000","service_eb508f39-ce3d-4391-bb12-d4211c02ede9","false"
"2026-04-03T02:06:30.298Z","69b48a2b7d5c0db589c6bb1c","{""lineupScenes"":[{""sceneId"":""sc-1"",""label"":""Scène principale"",""icon"":""🎛""}],""lineupSchedule"":[{""plageId"":""p-1"",""label"":""Warmup"",""timeStart"":""2026-04-03T02:10:00.000Z"",""timeEnd"":""2026-04-03T03:37:00.000Z""},{""plageId"":""p-2"",""label"":""Peak"",""timeStart"":""2026-04-03T03:37:00.000Z"",""timeEnd"":""2026-04-03T07:00:00.000Z""}],""lineupPlacements"":{""SL-69cf1ff7882df04b000886f0-0:698c747aee05acfdd23ea578:sc-1:p-1"":{""slotId"":""SL-69cf1ff7882df04b000886f0-0"",""userId"":""698c747aee05acfdd23ea578"",""sceneId"":""sc-1"",""plageId"":""p-1"",""roleSystemId"":""RL-000008"",""assignedPrice"":290,""assignedStyleSystemIds"":[],""isPlaced"":true,""_pricingMeta"":{""hourlyRate"":200,""workedMin"":87,""requiredMin"":87,""billableMin"":87,""allocationRatio"":1,""blockSize"":1}}}}","","","event","","2026-04-03T02:06:14.164Z","","[{""submittedBallot"":false,""roleSystemId"":""RL-000008"",""styleSystemIds"":[""ST-000038"",""ST-000100""],""joinedAt"":""2026-04-03T02:03:57.056Z"",""styleSystemId"":null,""sotsSubmitted"":null,""userId"":""698c747aee05acfdd23ea578"",""isNoShow"":null,""status"":""confirmed""},{""submittedBallot"":true,""roleSystemId"":""RL-ORGANIZER"",""styleSystemIds"":[""ST-000038"",""ST-000100""],""joinedAt"":""2026-04-03T02:06:14.164Z"",""styleSystemId"":null,""sotsSubmitted"":true,""userId"":""69b48a2b7d5c0db589c6bb1c"",""isNoShow"":null,""status"":""confirmed""}]","69cf1ff6dd9c08de2ebc7b47","6","","2","","","","","","","[{""roleSystemId"":""RL-000008"",""candidateUserId"":""698c747aee05acfdd23ea578"",""confirmedBy"":""69b48a2b7d5c0db589c6bb1c"",""candidateStyleSystemIds"":[""ST-000038"",""ST-000100""],""slotId"":""SL-69cf1ff7882df04b000886f0-0"",""confirmedAt"":""2026-04-03T02:04:08.721Z"",""status"":""confirmed""}]","NC-0000000165","","[""69b48a2b7d5c0db589c6bb1c""]","","","","archived","69cf1ff7882df04b000886f0","2026-04-03T02:03:35.835000","2026-04-06T02:22:47.526000","service_eb508f39-ce3d-4391-bb12-d4211c02ede9","false"
"","698c747aee05acfdd23ea578","","","","event","","","","[]","69cf1d6a82383e0c6bd4e93e","6","","2","","","","","","","[]","","","[]","","","","archived","69cf1d6cebb55f69b903e647","2026-04-03T01:52:44.494000","2026-04-06T17:22:50.353000","service_eb508f39-ce3d-4391-bb12-d4211c02ede9","false"
"","698dbbf753d545317578c200","{""lineupScenes"":[{""sceneId"":""sc-1"",""label"":""Scène principale"",""icon"":""🎛""}],""lineupSchedule"":[{""plageId"":""p-1"",""label"":""Warmup"",""timeStart"":""2026-05-06T18:00:00.000Z"",""timeEnd"":""2026-05-06T18:54:00.000Z""},{""plageId"":""p-2"",""label"":""Peak"",""timeStart"":""2026-05-06T18:54:00.000Z"",""timeEnd"":""2026-05-06T21:00:00.000Z""}],""lineupPlacements"":{""SL-69cee648b44b1c8bfe19056d-0:69b48a2b7d5c0db589c6bb1c:sc-1:p-1"":{""slotId"":""SL-69cee648b44b1c8bfe19056d-0"",""userId"":""69b48a2b7d5c0db589c6bb1c"",""sceneId"":""sc-1"",""plageId"":""p-1"",""roleSystemId"":""RL-000025"",""assignedPrice"":72,""assignedStyleSystemIds"":[],""isPlaced"":true,""_pricingMeta"":{""hourlyRate"":80,""workedMin"":54,""requiredMin"":54,""billableMin"":54,""allocationRatio"":1,""blockSize"":1}}}}","","","event","","","","[{""submittedBallot"":false,""roleSystemId"":""RL-000025"",""styleSystemIds"":[],""joinedAt"":""2026-04-02T21:57:52.264Z"",""styleSystemId"":null,""sotsSubmitted"":null,""userId"":""69b48a2b7d5c0db589c6bb1c"",""isNoShow"":null,""status"":""confirmed""},{""submittedBallot"":false,""roleSystemId"":""RL-000025"",""styleSystemIds"":[],""joinedAt"":""2026-04-03T02:09:00.825Z"",""styleSystemId"":null,""sotsSubmitted"":null,""userId"":""698d204286a5af9808991620"",""isNoShow"":null,""status"":""lobby""}]","69cee64610417be637e4d947","6","","2","","","","","","","[{""roleSystemId"":""RL-000025"",""candidateUserId"":""69b48a2b7d5c0db589c6bb1c"",""confirmedBy"":""698dbbf753d545317578c200"",""candidateStyleSystemIds"":[],""slotId"":""SL-69cee648b44b1c8bfe19056d-0"",""confirmedAt"":""2026-04-02T21:57:59.679Z"",""status"":""confirmed""}]","","","[]","","","","archived","69cee648b44b1c8bfe19056d","2026-04-02T21:57:28.305000","2026-04-08T18:25:40.298000","service_eb508f39-ce3d-4391-bb12-d4211c02ede9","false"
"2026-04-02T21:43:19.020Z","698dbbf753d545317578c200","{""lineupScenes"":[{""sceneId"":""sc-1"",""label"":""Scène principale"",""icon"":""🎛""}],""lineupSchedule"":[{""plageId"":""p-1"",""label"":""Warmup"",""timeStart"":""2026-06-06T16:00:00.000Z"",""timeEnd"":""2026-06-06T18:06:00.000Z""},{""plageId"":""p-2"",""label"":""Peak"",""timeStart"":""2026-06-06T18:06:00.000Z"",""timeEnd"":""2026-06-06T21:15:00.000Z""},{""plageId"":""p-3"",""label"":""Closer"",""timeStart"":""2026-06-06T21:15:00.000Z"",""timeEnd"":""2026-06-06T23:00:00.000Z""}],""lineupPlacements"":{""SL-69cee1858b567052cb286df8-0:698c747aee05acfdd23ea578:sc-1:p-2"":{""slotId"":""SL-69cee1858b567052cb286df8-0"",""userId"":""698c747aee05acfdd23ea578"",""sceneId"":""sc-1"",""plageId"":""p-2"",""roleSystemId"":""RL-000009"",""assignedPrice"":394,""assignedStyleSystemIds"":[],""isPlaced"":true,""_pricingMeta"":{""hourlyRate"":125,""workedMin"":189,""requiredMin"":189,""billableMin"":189,""allocationRatio"":1,""blockSize"":1}}}}","","","event","","2026-04-02T21:43:11.450Z","","[{""submittedBallot"":true,""roleSystemId"":""RL-000009"",""styleSystemIds"":[],""joinedAt"":""2026-04-02T21:38:03.068Z"",""styleSystemId"":null,""sotsSubmitted"":true,""userId"":""698c747aee05acfdd23ea578"",""isNoShow"":null,""status"":""confirmed""},{""submittedBallot"":true,""roleSystemId"":""RL-ORGANIZER"",""styleSystemIds"":[],""joinedAt"":""2026-04-02T21:43:11.450Z"",""styleSystemId"":null,""sotsSubmitted"":true,""userId"":""698dbbf753d545317578c200"",""isNoShow"":null,""status"":""confirmed""}]","69cee18434f102166af926a3","6","","2","","","","","","","[{""roleSystemId"":""RL-000009"",""candidateUserId"":""698c747aee05acfdd23ea578"",""confirmedBy"":""698dbbf753d545317578c200"",""candidateStyleSystemIds"":[],""slotId"":""SL-69cee1858b567052cb286df8-0"",""confirmedAt"":""2026-04-02T21:38:18.596Z"",""status"":""confirmed""}]","NC-0000000130","","[""698dbbf753d545317578c200"",""698c747aee05acfdd23ea578""]","","","","sots_submitted","69cee1858b567052cb286df8","2026-04-02T21:37:09.974000","2026-04-02T21:44:07.733000","service_eb508f39-ce3d-4391-bb12-d4211c02ede9","false"
"2026-04-04T10:51:05.129Z","698c747aee05acfdd23ea578","{""lineupScenes"":[{""sceneId"":""sc-1"",""label"":""Scène principale"",""icon"":""🎛""}],""lineupSchedule"":[{""plageId"":""p-1"",""label"":""Warmup"",""timeStart"":""2026-05-05T16:00:00.000Z"",""timeEnd"":""2026-05-05T17:48:00.000Z""},{""plageId"":""p-2"",""label"":""Peak"",""timeStart"":""2026-05-05T17:48:00.000Z"",""timeEnd"":""2026-05-05T20:30:00.000Z""},{""plageId"":""p-3"",""label"":""Closer"",""timeStart"":""2026-05-05T20:30:00.000Z"",""timeEnd"":""2026-05-05T22:00:00.000Z""}],""lineupPlacements"":{""SL-69ced3cbca2b8f761dd65f3a-0:69b48a2b7d5c0db589c6bb1c:sc-1:p-2"":{""slotId"":""SL-69ced3cbca2b8f761dd65f3a-0"",""userId"":""69b48a2b7d5c0db589c6bb1c"",""sceneId"":""sc-1"",""plageId"":""p-2"",""roleSystemId"":""RL-000008"",""assignedPrice"":540,""assignedStyleSystemIds"":[],""isPlaced"":true,""_pricingMeta"":{""hourlyRate"":200,""workedMin"":162,""requiredMin"":162,""billableMin"":162,""allocationRatio"":1,""blockSize"":1}}}}","","","event","","2026-04-03T23:50:14.452Z","","[{""submittedBallot"":false,""roleSystemId"":""RL-000008"",""styleSystemIds"":[],""joinedAt"":""2026-04-02T20:39:10.065Z"",""styleSystemId"":null,""sotsSubmitted"":null,""userId"":""69b48a2b7d5c0db589c6bb1c"",""isNoShow"":null,""status"":""confirmed""},{""submittedBallot"":true,""roleSystemId"":""RL-ORGANIZER"",""styleSystemIds"":[],""joinedAt"":""2026-04-03T23:50:14.452Z"",""styleSystemId"":null,""sotsSubmitted"":true,""userId"":""698c747aee05acfdd23ea578"",""isNoShow"":null,""status"":""confirmed""}]","69ced3c91c8aab476e75227f","6","","2","","","","","","","[{""roleSystemId"":""RL-000008"",""candidateUserId"":""69b48a2b7d5c0db589c6bb1c"",""confirmedBy"":""698c747aee05acfdd23ea578"",""candidateStyleSystemIds"":[],""slotId"":""SL-69ced3cbca2b8f761dd65f3a-0"",""confirmedAt"":""2026-04-02T20:39:19.642Z"",""status"":""confirmed""}]","NC-0000000095","","[""698c747aee05acfdd23ea578""]","","","","archived","69ced3cbca2b8f761dd65f3a","2026-04-02T20:38:35.128000","2026-04-08T18:25:40.333000","service_eb508f39-ce3d-4391-bb12-d4211c02ede9","false"
"","698c747aee05acfdd23ea578","{""lineupScenes"":[{""sceneId"":""sc-1"",""label"":""Scène principale"",""icon"":""🎛""}],""lineupSchedule"":[{""plageId"":""p-1"",""label"":""Warmup"",""timeStart"":""2026-04-07T16:00:00.000Z"",""timeEnd"":""2026-04-07T17:48:00.000Z""},{""plageId"":""p-2"",""label"":""Peak"",""timeStart"":""2026-04-07T17:48:00.000Z"",""timeEnd"":""2026-04-07T20:30:00.000Z""},{""plageId"":""p-3"",""label"":""Closer"",""timeStart"":""2026-04-07T20:30:00.000Z"",""timeEnd"":""2026-04-07T22:00:00.000Z""}],""lineupPlacements"":{""SL-69cec7cabb6cfb7f25772e45-0:698dd1b2193c860027a3457a:sc-1:p-1"":{""slotId"":""SL-69cec7cabb6cfb7f25772e45-0"",""userId"":""698dd1b2193c860027a3457a"",""sceneId"":""sc-1"",""plageId"":""p-1"",""roleSystemId"":""RL-000008"",""assignedPrice"":360,""assignedStyleSystemIds"":[],""isPlaced"":true,""_pricingMeta"":{""hourlyRate"":200,""workedMin"":108,""requiredMin"":108,""billableMin"":108,""allocationRatio"":1,""blockSize"":1}}}}","","","event","","","","[{""submittedBallot"":false,""roleSystemId"":""RL-000008"",""styleSystemIds"":[],""joinedAt"":""2026-04-02T19:47:48.620Z"",""styleSystemId"":null,""sotsSubmitted"":null,""userId"":""698dd1b2193c860027a3457a"",""isNoShow"":null,""status"":""confirmed""}]","69cec7c989052cc9c0fe87a0","6","","2","","","","","","","[{""roleSystemId"":""RL-000008"",""candidateUserId"":""698dd1b2193c860027a3457a"",""confirmedBy"":""698c747aee05acfdd23ea578"",""candidateStyleSystemIds"":[],""slotId"":""SL-69cec7cabb6cfb7f25772e45-0"",""confirmedAt"":""2026-04-02T19:48:06.916Z"",""status"":""confirmed""}]","","","[]","","","","archived","69cec7cabb6cfb7f25772e45","2026-04-02T19:47:22.774000","2026-04-08T18:25:40.376000","service_eb508f39-ce3d-4391-bb12-d4211c02ede9","false"
"2026-04-03T10:47:11.253Z","698c747aee05acfdd23ea578","{""lineupScenes"":[{""sceneId"":""sc-1"",""label"":""Scène principale"",""icon"":""🎛""}],""lineupSchedule"":[{""plageId"":""p-1"",""label"":""Warmup"",""timeStart"":""2026-04-03T16:00:00.000Z"",""timeEnd"":""2026-04-03T18:06:00.000Z""},{""plageId"":""p-2"",""label"":""Peak"",""timeStart"":""2026-04-03T18:06:00.000Z"",""timeEnd"":""2026-04-03T21:15:00.000Z""},{""plageId"":""p-3"",""label"":""Closer"",""timeStart"":""2026-04-03T21:15:00.000Z"",""timeEnd"":""2026-04-03T23:00:00.000Z""}],""lineupPlacements"":{""SL-69cec731560f0b4e7b67c824-0:698dd1b2193c860027a3457a:sc-1:p-3"":{""slotId"":""SL-69cec731560f0b4e7b67c824-0"",""userId"":""698dd1b2193c860027a3457a"",""sceneId"":""sc-1"",""plageId"":""p-3"",""roleSystemId"":""RL-000008"",""assignedPrice"":350,""assignedStyleSystemIds"":[],""isPlaced"":true,""_pricingMeta"":{""hourlyRate"":200,""workedMin"":105,""requiredMin"":105,""billableMin"":105,""allocationRatio"":1,""blockSize"":1}},""SL-69cec731560f0b4e7b67c824-0:698dd1b2193c860027a3457a:sc-1:p-1"":{""slotId"":""SL-69cec731560f0b4e7b67c824-0"",""userId"":""698dd1b2193c860027a3457a"",""sceneId"":""sc-1"",""plageId"":""p-1"",""roleSystemId"":""RL-000008"",""assignedPrice"":420,""assignedStyleSystemIds"":[],""isPlaced"":true,""_pricingMeta"":{""hourlyRate"":200,""workedMin"":126,""requiredMin"":126,""billableMin"":126,""allocationRatio"":1,""blockSize"":1}}}}","","","event","","2026-04-03T10:44:02.687Z","","[{""submittedBallot"":false,""roleSystemId"":""RL-000008"",""styleSystemIds"":[],""joinedAt"":""2026-04-02T19:45:06.735Z"",""styleSystemId"":null,""sotsSubmitted"":null,""userId"":""698dd1b2193c860027a3457a"",""isNoShow"":null,""status"":""confirmed""},{""submittedBallot"":true,""roleSystemId"":""RL-ORGANIZER"",""styleSystemIds"":[],""joinedAt"":""2026-04-03T10:44:02.687Z"",""styleSystemId"":null,""sotsSubmitted"":true,""userId"":""698c747aee05acfdd23ea578"",""isNoShow"":null,""status"":""confirmed""}]","69cec72ffc581e93a3b2a6b4","6","","2","","","","","","","[{""roleSystemId"":""RL-000008"",""candidateUserId"":""698dd1b2193c860027a3457a"",""confirmedBy"":""698c747aee05acfdd23ea578"",""candidateStyleSystemIds"":[],""slotId"":""SL-69cec731560f0b4e7b67c824-0"",""confirmedAt"":""2026-04-02T19:45:19.977Z"",""status"":""confirmed""}]","NC-0000000095","","[""698c747aee05acfdd23ea578""]","","","","archived","69cec731560f0b4e7b67c824","2026-04-02T19:44:49.260000","2026-04-06T11:22:47.904000","service_eb508f39-ce3d-4391-bb12-d4211c02ede9","false"
"","698c747aee05acfdd23ea578","{""lineupScenes"":[{""sceneId"":""sc-1"",""label"":""Scène principale"",""icon"":""🎛""}],""lineupSchedule"":[{""plageId"":""p-1"",""label"":""Warmup"",""timeStart"":""2026-04-04T20:00:00.000Z"",""timeEnd"":""2026-04-04T21:12:00.000Z""},{""plageId"":""p-2"",""label"":""Peak"",""timeStart"":""2026-04-04T21:12:00.000Z"",""timeEnd"":""2026-04-04T23:00:00.000Z""},{""plageId"":""p-3"",""label"":""Closer"",""timeStart"":""2026-04-04T23:00:00.000Z"",""timeEnd"":""2026-04-05T00:00:00.000Z""}],""lineupPlacements"":{""SL-69cec2c61c587b0e065f7671-0:698dd1b2193c860027a3457a:sc-1:p-3"":{""slotId"":""SL-69cec2c61c587b0e065f7671-0"",""userId"":""698dd1b2193c860027a3457a"",""sceneId"":""sc-1"",""plageId"":""p-3"",""roleSystemId"":""RL-000008"",""assignedPrice"":200,""assignedStyleSystemIds"":[],""isPlaced"":true,""_pricingMeta"":{""hourlyRate"":200,""workedMin"":60,""requiredMin"":60,""billableMin"":60,""allocationRatio"":1,""blockSize"":1}},""SL-69cec2c61c587b0e065f7671-0:698dd1b2193c860027a3457a:sc-1:p-1"":{""slotId"":""SL-69cec2c61c587b0e065f7671-0"",""userId"":""698dd1b2193c860027a3457a"",""sceneId"":""sc-1"",""plageId"":""p-1"",""roleSystemId"":""RL-000008"",""assignedPrice"":240,""assignedStyleSystemIds"":[],""isPlaced"":true,""_pricingMeta"":{""hourlyRate"":200,""workedMin"":72,""requiredMin"":72,""billableMin"":72,""allocationRatio"":1,""blockSize"":1}}}}","","","event","","","","[{""submittedBallot"":false,""roleSystemId"":""RL-000008"",""styleSystemIds"":[],""joinedAt"":""2026-04-02T19:26:14.434Z"",""styleSystemId"":null,""sotsSubmitted"":null,""userId"":""698dd1b2193c860027a3457a"",""isNoShow"":null,""status"":""confirmed""}]","69cec2c55d36faa8a383c1b0","6","","2","","","","","","","[{""roleSystemId"":""RL-000008"",""candidateUserId"":""698dd1b2193c860027a3457a"",""confirmedBy"":""698c747aee05acfdd23ea578"",""candidateStyleSystemIds"":[],""slotId"":""SL-69cec2c61c587b0e065f7671-0"",""confirmedAt"":""2026-04-02T19:26:22.348Z"",""status"":""confirmed""}]","","","[]","","","","archived","69cec2c61c587b0e065f7671","2026-04-02T19:25:58.737000","2026-04-08T18:25:40.396000","service_eb508f39-ce3d-4391-bb12-d4211c02ede9","false"
"","698c747aee05acfdd23ea578","{""lineupScenes"":[{""sceneId"":""sc-1"",""label"":""Scène principale"",""icon"":""🎛""}],""lineupSchedule"":[{""plageId"":""p-1"",""label"":""Warmup"",""timeStart"":""2026-05-01T23:00:00.000Z"",""timeEnd"":""2026-05-02T00:12:00.000Z""},{""plageId"":""p-2"",""label"":""Peak"",""timeStart"":""2026-05-02T00:12:00.000Z"",""timeEnd"":""2026-05-02T02:00:00.000Z""},{""plageId"":""p-3"",""label"":""Closer"",""timeStart"":""2026-05-02T02:00:00.000Z"",""timeEnd"":""2026-05-02T03:00:00.000Z""}],""lineupPlacements"":{""SL-69cebe2fc44f62c3d905c30a-0:698dd1b2193c860027a3457a:sc-1:p-1"":{""slotId"":""SL-69cebe2fc44f62c3d905c30a-0"",""userId"":""698dd1b2193c860027a3457a"",""sceneId"":""sc-1"",""plageId"":""p-1"",""roleSystemId"":""RL-000008"",""assignedPrice"":240,""assignedStyleSystemIds"":[],""isPlaced"":true,""_pricingMeta"":{""hourlyRate"":200,""workedMin"":72,""requiredMin"":72,""billableMin"":72,""allocationRatio"":1,""blockSize"":1}}}}","","","event","","","","[{""submittedBallot"":false,""roleSystemId"":""RL-000008"",""styleSystemIds"":[""ST-000077"",""ST-000103""],""joinedAt"":""2026-04-02T19:07:08.880Z"",""styleSystemId"":null,""sotsSubmitted"":null,""userId"":""698dd1b2193c860027a3457a"",""isNoShow"":null,""status"":""confirmed""}]","69cebe2e33fb5b75960cbc54","6","","2","","","","","","","[{""roleSystemId"":""RL-000008"",""candidateUserId"":""698dd1b2193c860027a3457a"",""confirmedBy"":""698c747aee05acfdd23ea578"",""candidateStyleSystemIds"":[""ST-000077"",""ST-000103""],""slotId"":""SL-69cebe2fc44f62c3d905c30a-0"",""confirmedAt"":""2026-04-02T19:07:20.195Z"",""status"":""confirmed""}]","","","[]","","","","archived","69cebe2fc44f62c3d905c30a","2026-04-02T19:06:23.582000","2026-04-08T18:25:40.341000","service_eb508f39-ce3d-4391-bb12-d4211c02ede9","false"
"","698c747aee05acfdd23ea578","{""lineupScenes"":[{""sceneId"":""sc-1"",""label"":""Scène principale"",""icon"":""🎛""}],""lineupSchedule"":[{""plageId"":""p-1"",""label"":""Warmup"",""timeStart"":""2026-04-04T19:00:00.000Z"",""timeEnd"":""2026-04-04T20:12:00.000Z""},{""plageId"":""p-2"",""label"":""Peak"",""timeStart"":""2026-04-04T20:12:00.000Z"",""timeEnd"":""2026-04-04T22:00:00.000Z""},{""plageId"":""p-3"",""label"":""Closer"",""timeStart"":""2026-04-04T22:00:00.000Z"",""timeEnd"":""2026-04-04T23:00:00.000Z""}],""lineupPlacements"":{""SL-69ce9e30f501acb0995260c8-0:698dd1b2193c860027a3457a:sc-1:p-3"":{""slotId"":""SL-69ce9e30f501acb0995260c8-0"",""userId"":""698dd1b2193c860027a3457a"",""sceneId"":""sc-1"",""plageId"":""p-3"",""roleSystemId"":""RL-000008"",""assignedPrice"":200,""assignedStyleSystemIds"":[],""isPlaced"":true,""_pricingMeta"":{""hourlyRate"":200,""workedMin"":60,""requiredMin"":60,""billableMin"":60,""allocationRatio"":1,""blockSize"":1}}}}","","","event","","","","[{""submittedBallot"":false,""roleSystemId"":""RL-000008"",""styleSystemIds"":[""ST-000077"",""ST-000103""],""joinedAt"":""2026-04-02T19:24:44.580Z"",""styleSystemId"":null,""sotsSubmitted"":null,""userId"":""698dd1b2193c860027a3457a"",""isNoShow"":null,""status"":""confirmed""}]","69ce9e2f3e1222f22af322f2","6","","2","","","","","","","[{""roleSystemId"":""RL-000008"",""candidateUserId"":""698dd1b2193c860027a3457a"",""confirmedBy"":""698c747aee05acfdd23ea578"",""candidateStyleSystemIds"":[""ST-000077"",""ST-000103""],""slotId"":""SL-69ce9e30f501acb0995260c8-0"",""confirmedAt"":""2026-04-02T19:24:49.705Z"",""status"":""confirmed""}]","","","[]","","","","archived","69ce9e30f501acb0995260c8","2026-04-02T16:49:52.545000","2026-04-08T18:25:40.291000","service_eb508f39-ce3d-4391-bb12-d4211c02ede9","false"
"","698c747aee05acfdd23ea578","{""lineupScenes"":[{""sceneId"":""sc-1"",""label"":""Scène principale"",""icon"":""🎛""}],""lineupSchedule"":[{""plageId"":""p-1"",""label"":""Accueil"",""timeStart"":""2026-04-03T17:31:00.000Z"",""timeEnd"":""2026-04-03T18:07:00.000Z""},{""plageId"":""p-2"",""label"":""Conférence"",""timeStart"":""2026-04-03T18:07:00.000Z"",""timeEnd"":""2026-04-03T19:28:00.000Z""},{""plageId"":""p-3"",""label"":""Cocktail"",""timeStart"":""2026-04-03T19:28:00.000Z"",""timeEnd"":""2026-04-03T20:31:00.000Z""}]}","","","event","","","","[]","69ce99ea61974446559b84a5","6","","2","","","","","","","[{""roleSystemId"":""RL-000025"",""candidateUserId"":null,""confirmedBy"":null,""candidateStyleSystemIds"":[],""slotId"":""SL-69ce99ec29361e0e93a87261-0"",""confirmedAt"":null,""status"":""open""}]","","","[]","","","","lobby","69ce99ec29361e0e93a87261","2026-04-02T16:31:40.049000","2026-04-02T16:31:40.188000","service_eb508f39-ce3d-4391-bb12-d4211c02ede9","false"
"","698c747aee05acfdd23ea578","{""lineupScenes"":[{""sceneId"":""sc-1"",""label"":""Scène principale"",""icon"":""🎛""}],""lineupSchedule"":[{""plageId"":""p-1"",""label"":""Warmup"",""timeStart"":""2026-04-03T16:00:00.000Z"",""timeEnd"":""2026-04-03T16:54:00.000Z""},{""plageId"":""p-2"",""label"":""Peak"",""timeStart"":""2026-04-03T16:54:00.000Z"",""timeEnd"":""2026-04-03T18:15:00.000Z""},{""plageId"":""p-3"",""label"":""Closer"",""timeStart"":""2026-04-03T18:15:00.000Z"",""timeEnd"":""2026-04-03T19:00:00.000Z""}],""lineupPlacements"":{""SL-69ce982fe8ada7c59895e11e-0:698dd1b2193c860027a3457a:sc-1:p-2"":{""slotId"":""SL-69ce982fe8ada7c59895e11e-0"",""userId"":""698dd1b2193c860027a3457a"",""sceneId"":""sc-1"",""plageId"":""p-2"",""roleSystemId"":""RL-000008"",""assignedPrice"":270,""assignedStyleSystemIds"":[],""isPlaced"":true,""_pricingMeta"":{""hourlyRate"":200,""workedMin"":81,""requiredMin"":126,""billableMin"":126,""allocationRatio"":0.6428571428571429,""blockSize"":2}},""SL-69ce982fe8ada7c59895e11e-0:698dd1b2193c860027a3457a:sc-1:p-3"":{""slotId"":""SL-69ce982fe8ada7c59895e11e-0"",""userId"":""698dd1b2193c860027a3457a"",""sceneId"":""sc-1"",""plageId"":""p-3"",""roleSystemId"":""RL-000008"",""assignedPrice"":150,""assignedStyleSystemIds"":[],""isPlaced"":true,""_pricingMeta"":{""hourlyRate"":200,""workedMin"":45,""requiredMin"":126,""billableMin"":126,""allocationRatio"":0.35714285714285715,""blockSize"":2}}}}","","","event","","","","[{""submittedBallot"":false,""roleSystemId"":""RL-000008"",""styleSystemIds"":[""ST-000077"",""ST-000103""],""joinedAt"":""2026-04-02T16:24:48.014Z"",""styleSystemId"":null,""sotsSubmitted"":null,""userId"":""698dd1b2193c860027a3457a"",""isNoShow"":null,""status"":""confirmed""}]","69ce982e0c92912732aa40fb","6","","2","","","","","","","[{""roleSystemId"":""RL-000008"",""candidateUserId"":""698dd1b2193c860027a3457a"",""confirmedBy"":""698c747aee05acfdd23ea578"",""candidateStyleSystemIds"":[""ST-000077"",""ST-000103""],""slotId"":""SL-69ce982fe8ada7c59895e11e-0"",""confirmedAt"":""2026-04-02T16:24:58.898Z"",""status"":""confirmed""},{""roleSystemId"":""RL-000010"",""candidateUserId"":null,""confirmedBy"":null,""candidateStyleSystemIds"":[],""slotId"":""SL-69ce982fe8ada7c59895e11e-1"",""confirmedAt"":null,""status"":""open""}]","","","[]","","","","archived","69ce982fe8ada7c59895e11e","2026-04-02T16:24:15.645000","2026-04-05T17:22:47.773000","service_eb508f39-ce3d-4391-bb12-d4211c02ede9","false"
"","698c747aee05acfdd23ea578","{""lineupScenes"":[{""sceneId"":""sc-1"",""label"":""Scène principale"",""icon"":""🎛""}],""lineupSchedule"":[{""plageId"":""p-1"",""label"":""Arrivée"",""timeStart"":""2026-04-02T20:00:00.000Z"",""timeEnd"":""2026-04-02T20:27:00.000Z""},{""plageId"":""p-2"",""label"":""Warmup"",""timeStart"":""2026-04-02T20:27:00.000Z"",""timeEnd"":""2026-04-02T21:12:00.000Z""},{""plageId"":""p-3"",""label"":""Peak"",""timeStart"":""2026-04-02T21:12:00.000Z"",""timeEnd"":""2026-04-02T22:24:00.000Z""},{""plageId"":""p-4"",""label"":""Closer"",""timeStart"":""2026-04-02T22:24:00.000Z"",""timeEnd"":""2026-04-02T23:00:00.000Z""}]}","","","event","","","","[]","69ce95cfe50e08f13090d363","6","","2","","","","","","","[{""roleSystemId"":""RL-000008"",""candidateUserId"":null,""confirmedBy"":null,""candidateStyleSystemIds"":[],""slotId"":""SL-69ce95d1bbdc1358f5e11840-0"",""confirmedAt"":null,""status"":""open""},{""roleSystemId"":""RL-000010"",""candidateUserId"":""69a7d3cc06fc3b4f58109b29"",""confirmedBy"":null,""candidateStyleSystemIds"":[""ST-000200""],""slotId"":""SL-69ce95d1bbdc1358f5e11840-1"",""confirmedAt"":null,""status"":""pending""}]","","","[]","","","","lobby","69ce95d1bbdc1358f5e11840","2026-04-02T16:14:09.183000","2026-04-17T00:13:28.138000","service_eb508f39-ce3d-4391-bb12-d4211c02ede9","false"
"","69b4a8115562898f235bf638","{""lineupScenes"":[{""sceneId"":""sc-1"",""label"":""Scène principale"",""icon"":""🎛""}],""lineupSchedule"":[{""plageId"":""p-1"",""label"":""Warmup"",""timeStart"":""2026-05-06T02:00:00.000Z"",""timeEnd"":""2026-05-06T03:12:00.000Z""},{""plageId"":""p-2"",""label"":""Peak"",""timeStart"":""2026-05-06T03:12:00.000Z"",""timeEnd"":""2026-05-06T05:00:00.000Z""},{""plageId"":""p-3"",""label"":""Closer"",""timeStart"":""2026-05-06T05:00:00.000Z"",""timeEnd"":""2026-05-06T06:00:00.000Z""}],""lineupPlacements"":{""SL-69ce59d23cda632f59d29ba1-0:69cc5fb8d599c99df1e75f81:sc-1:p-2"":{""slotId"":""SL-69ce59d23cda632f59d29ba1-0"",""userId"":""69cc5fb8d599c99df1e75f81"",""sceneId"":""sc-1"",""plageId"":""p-2"",""roleSystemId"":""RL-000008"",""assignedPrice"":144,""assignedStyleSystemIds"":[],""isPlaced"":true,""_pricingMeta"":{""hourlyRate"":80,""workedMin"":108,""requiredMin"":168,""billableMin"":168,""allocationRatio"":0.6428571428571429,""blockSize"":2}},""SL-69ce59d23cda632f59d29ba1-0:69cc5fb8d599c99df1e75f81:sc-1:p-3"":{""slotId"":""SL-69ce59d23cda632f59d29ba1-0"",""userId"":""69cc5fb8d599c99df1e75f81"",""sceneId"":""sc-1"",""plageId"":""p-3"",""roleSystemId"":""RL-000008"",""assignedPrice"":80,""assignedStyleSystemIds"":[],""isPlaced"":true,""_pricingMeta"":{""hourlyRate"":80,""workedMin"":60,""requiredMin"":168,""billableMin"":168,""allocationRatio"":0.35714285714285715,""blockSize"":2}}}}","","","event","","","","[{""submittedBallot"":false,""roleSystemId"":""RL-000008"",""styleSystemIds"":[""ST-000239"",""ST-000241"",""ST-000238""],""joinedAt"":""2026-04-02T11:59:03.059Z"",""styleSystemId"":null,""sotsSubmitted"":null,""userId"":""69cc5fb8d599c99df1e75f81"",""isNoShow"":null,""status"":""confirmed""}]","69ce59d101809285607e188f","6","","2","","","","","","","[{""roleSystemId"":""RL-000008"",""candidateUserId"":""69cc5fb8d599c99df1e75f81"",""confirmedBy"":""69b4a8115562898f235bf638"",""candidateStyleSystemIds"":[""ST-000239"",""ST-000241"",""ST-000238""],""slotId"":""SL-69ce59d23cda632f59d29ba1-0"",""confirmedAt"":""2026-04-02T11:59:33.857Z"",""status"":""confirmed""},{""roleSystemId"":""RL-000010"",""candidateUserId"":null,""confirmedBy"":null,""candidateStyleSystemIds"":[],""slotId"":""SL-69ce59d23cda632f59d29ba1-1"",""confirmedAt"":null,""status"":""open""}]","","","[]","","","","lobby","69ce59d23cda632f59d29ba1","2026-04-02T11:58:10.890000","2026-04-02T11:59:44.186000","service_eb508f39-ce3d-4391-bb12-d4211c02ede9","false"
"2026-04-01T18:24:59.918Z","69b48a2b7d5c0db589c6bb1c","","2026-04-01T18:24:31.659Z","2026-04-01T18:24:31.659Z","quickplay","69b48a2b7d5c0db589c6bb1c","2026-04-01T18:24:31.659Z","2026-04-01T18:24:31.659Z","[{""submittedBallot"":true,""roleSystemId"":""RL-000008"",""styleSystemIds"":[""ST-000074""],""joinedAt"":""2026-04-01T18:24:06.111Z"",""styleSystemId"":""ST-000074"",""sotsSubmitted"":true,""userId"":""69b48a2b7d5c0db589c6bb1c"",""isNoShow"":null,""status"":""ready""},{""submittedBallot"":true,""roleSystemId"":""RL-000008"",""styleSystemIds"":[""ST-000239""],""joinedAt"":""2026-04-01T18:24:06.111Z"",""styleSystemId"":""ST-000239"",""sotsSubmitted"":true,""userId"":""69cd302266f2193a99122757"",""isNoShow"":null,""status"":""ready""}]","","6","","2","","2026-04-01T18:24:31.659Z","","","","2026-04-01T18:24:06.111Z","[]","NC-0000000105","","[""69cd302266f2193a99122757"",""69b48a2b7d5c0db589c6bb1c""]","69b48a2b7d5c0db589c6bb1c","","69b48a2b7d5c0db589c6bb1c","sots_submitted","69cd62c7daee92338a6b06e6","2026-04-01T18:24:07.363000","2026-04-01T18:25:14.402000","service_eb508f39-ce3d-4391-bb12-d4211c02ede9","false"
"2026-04-01T19:27:31.691Z","69b48a2b7d5c0db589c6bb1c","","","","quickplay","69b48a2b7d5c0db589c6bb1c","","","[{""submittedBallot"":false,""roleSystemId"":""RL-000008"",""styleSystemIds"":[""ST-000074""],""joinedAt"":""2026-04-01T18:22:32.023Z"",""styleSystemId"":""ST-000074"",""sotsSubmitted"":null,""userId"":""69b48a2b7d5c0db589c6bb1c"",""isNoShow"":null,""status"":""lobby""}]","","6","","2","","","","","","2026-04-01T18:22:32.023Z","[]","","","[]","","","","disputed","69cd6269fe18103067524b69","2026-04-01T18:22:33.344000","2026-04-03T15:12:27.247000","service_eb508f39-ce3d-4391-bb12-d4211c02ede9","false"
"2026-04-01T15:27:27.815Z","69cc5fb8d599c99df1e75f81","","2026-04-01T15:26:19.940Z","2026-04-01T15:26:19.940Z","quickplay","69cc5fb8d599c99df1e75f81","2026-04-01T15:26:19.940Z","2026-04-01T15:26:19.940Z","[{""submittedBallot"":true,""roleSystemId"":""RL-000008"",""styleSystemIds"":[""ST-000042""],""joinedAt"":""2026-04-01T15:24:31.838Z"",""styleSystemId"":""ST-000042"",""sotsSubmitted"":true,""userId"":""69cc5fb8d599c99df1e75f81"",""isNoShow"":null,""status"":""ready""},{""submittedBallot"":true,""roleSystemId"":""RL-000008"",""styleSystemIds"":[""ST-000239""],""joinedAt"":""2026-04-01T15:24:31.838Z"",""styleSystemId"":""ST-000239"",""sotsSubmitted"":true,""userId"":""69cd302266f2193a99122757"",""isNoShow"":null,""status"":""ready""}]","","6","","2","","2026-04-01T15:26:19.940Z","","","","2026-04-01T15:24:31.838Z","[]","NC-0000000035","","[""69cd302266f2193a99122757"",""69cc5fb8d599c99df1e75f81""]","69cc5fb8d599c99df1e75f81","","69cc5fb8d599c99df1e75f81","sots_submitted","69cd38b16a350b03c1ad514d","2026-04-01T15:24:33.214000","2026-04-01T15:28:18.961000","service_eb508f39-ce3d-4391-bb12-d4211c02ede9","false"
"2026-04-01T15:22:49.509Z","698c747aee05acfdd23ea578","","","","quickplay","698d204286a5af9808991620","","","[{""submittedBallot"":true,""roleSystemId"":""RL-000008"",""styleSystemIds"":[""ST-000165"",""ST-000088"",""ST-000074""],""joinedAt"":""2026-04-01T00:39:09.360Z"",""styleSystemId"":""ST-000165"",""sotsSubmitted"":true,""userId"":""698d204286a5af9808991620"",""isNoShow"":null,""status"":""lobby""},{""submittedBallot"":true,""roleSystemId"":""RL-000016"",""styleSystemIds"":[""ST-000038"",""ST-000100"",""ST-000165"",""ST-000217""],""joinedAt"":""2026-04-01T15:21:56.057Z"",""styleSystemId"":""ST-000038"",""sotsSubmitted"":true,""userId"":""698c747aee05acfdd23ea578"",""isNoShow"":null,""status"":""lobby""}]","","6","","2","","","","","","2026-04-01T00:39:09.360Z","[]","","","[""698c747aee05acfdd23ea578"",""698d204286a5af9808991620""]","","","","sots_submitted","69cc692f9312bfe0fab9f823","2026-04-01T00:39:11.115000","2026-04-03T10:58:30.630000","service_eb508f39-ce3d-4391-bb12-d4211c02ede9","false"
"","69b4a8115562898f235bf638","{""lineupScenes"":[{""sceneId"":""sc-1"",""label"":""Scène principale"",""icon"":""🎛""}],""lineupSchedule"":[{""plageId"":""p-1"",""label"":""Peak"",""timeStart"":""2026-05-06T02:00:00.000Z"",""timeEnd"":""2026-05-06T06:00:00.000Z""}]}","","","event","","","","[{""submittedBallot"":false,""roleSystemId"":""RL-000008"",""styleSystemIds"":[],""joinedAt"":""2026-04-01T15:30:36.465Z"",""styleSystemId"":null,""sotsSubmitted"":null,""userId"":""69cc5fb8d599c99df1e75f81"",""isNoShow"":null,""status"":""confirmed""}]","69cc5df48efb0e09e854a7f6","6","","2","","","","","","","[{""roleSystemId"":""RL-000008"",""candidateUserId"":""69cc5fb8d599c99df1e75f81"",""confirmedBy"":""69b4a8115562898f235bf638"",""candidateStyleSystemIds"":[],""slotId"":""SL-69cc5df695ced5031b721cf4-0"",""confirmedAt"":""2026-04-02T11:55:41.587Z"",""status"":""confirmed""}]","","","[]","","","","archived","69cc5df695ced5031b721cf4","2026-03-31T23:51:18.812000","2026-04-05T12:22:47.739000","service_eb508f39-ce3d-4391-bb12-d4211c02ede9","false"
"2026-03-31T17:27:31.875Z","69cbff8d58eb0af5dc346df8","","","","quickplay","69cbff8d58eb0af5dc346df8","","","[{""submittedBallot"":false,""roleSystemId"":""RL-000008"",""styleSystemIds"":[""ST-000022"",""ST-000183""],""joinedAt"":""2026-03-31T17:13:32.819Z"",""styleSystemId"":""ST-000022"",""sotsSubmitted"":null,""userId"":""69cbff8d58eb0af5dc346df8"",""isNoShow"":null,""status"":""lobby""},{""submittedBallot"":true,""roleSystemId"":""RL-000016"",""styleSystemIds"":[""ST-000038"",""ST-000100"",""ST-000165"",""ST-000217""],""joinedAt"":""2026-03-31T17:13:32.819Z"",""styleSystemId"":""ST-000038"",""sotsSubmitted"":true,""userId"":""698c747aee05acfdd23ea578"",""isNoShow"":null,""status"":""lobby""}]","","6","","2","","","","","","2026-03-31T17:13:32.819Z","[]","","","[""698c747aee05acfdd23ea578""]","","","","archived","69cc00be502beccc941d11c8","2026-03-31T17:13:34.211000","2026-04-03T18:22:47.692000","service_eb508f39-ce3d-4391-bb12-d4211c02ede9","false"
"2026-03-30T22:34:32.018Z","698dbbf753d545317578c200","","2026-03-30T22:34:22.613Z","2026-03-30T22:34:22.613Z","quickplay","698dbbf753d545317578c200","2026-03-30T22:34:22.613Z","2026-03-30T22:34:22.613Z","[{""submittedBallot"":true,""roleSystemId"":""RL-000025"",""styleSystemIds"":[""ST-000032"",""ST-000009"",""ST-000013"",""ST-000007"",""ST-000219"",""ST-000155""],""joinedAt"":""2026-03-30T22:33:11.490Z"",""styleSystemId"":""ST-000032"",""sotsSubmitted"":true,""userId"":""698dbbf753d545317578c200"",""isNoShow"":null,""status"":""ready""},{""submittedBallot"":true,""roleSystemId"":""RL-000008"",""styleSystemIds"":[""ST-000038""],""joinedAt"":""2026-03-30T22:33:11.490Z"",""styleSystemId"":""ST-000038"",""sotsSubmitted"":true,""userId"":""698c747aee05acfdd23ea578"",""isNoShow"":null,""status"":""ready""}]","","6","","2","","2026-03-30T22:34:22.613Z","","","","2026-03-30T22:33:11.490Z","[]","NC-0000000123","","[""698dbbf753d545317578c200"",""698c747aee05acfdd23ea578""]","698dbbf753d545317578c200","","698dbbf753d545317578c200","sots_submitted","69cafa28c26d25841b31a3dc","2026-03-30T22:33:12.769000","2026-03-30T22:34:52.229000","service_eb508f39-ce3d-4391-bb12-d4211c02ede9","false"
"2026-03-29T01:51:03.930Z","698c747aee05acfdd23ea578","","2026-03-29T01:50:34.782Z","2026-03-29T01:50:34.782Z","quickplay","698c747aee05acfdd23ea578","2026-03-29T01:50:34.782Z","2026-03-29T01:50:34.782Z","[{""submittedBallot"":true,""roleSystemId"":""RL-000008"",""styleSystemIds"":[""ST-000100""],""joinedAt"":""2026-03-29T01:49:33.327Z"",""styleSystemId"":""ST-000100"",""sotsSubmitted"":true,""userId"":""698c747aee05acfdd23ea578"",""isNoShow"":null,""status"":""ready""},{""submittedBallot"":true,""roleSystemId"":""RL-000008"",""styleSystemIds"":[""ST-000092""],""joinedAt"":""2026-03-29T01:49:33.327Z"",""styleSystemId"":""ST-000092"",""sotsSubmitted"":true,""userId"":""69a0f98dc601eab3812fc043"",""isNoShow"":null,""status"":""ready""}]","","6","","2","","2026-03-29T01:50:34.782Z","","","","2026-03-29T01:49:33.327Z","[]","NC-0000000156","","[""69a0f98dc601eab3812fc043"",""698c747aee05acfdd23ea578""]","698c747aee05acfdd23ea578","","698c747aee05acfdd23ea578","sots_submitted","69c8852e6fe4622d26529e6d","2026-03-29T01:49:34.672000","2026-03-29T01:51:29.234000","service_eb508f39-ce3d-4391-bb12-d4211c02ede9","false"
"2026-03-28T13:23:11.336Z","698dd1b2193c860027a3457a","","2026-03-28T13:17:11.689Z","2026-03-28T13:17:11.689Z","quickplay","698dd1b2193c860027a3457a","2026-03-28T13:17:11.689Z","2026-03-28T13:17:11.689Z","[{""submittedBallot"":true,""roleSystemId"":""RL-000008"",""styleSystemIds"":[""ST-000103""],""joinedAt"":""2026-03-28T13:16:36.164Z"",""styleSystemId"":""ST-000103"",""sotsSubmitted"":true,""userId"":""698dd1b2193c860027a3457a"",""isNoShow"":null,""status"":""ready""},{""submittedBallot"":true,""roleSystemId"":""RL-000008"",""styleSystemIds"":[""ST-000141""],""joinedAt"":""2026-03-28T13:16:36.164Z"",""styleSystemId"":""ST-000141"",""sotsSubmitted"":true,""userId"":""698dbd987dbcc355eec0ff7c"",""isNoShow"":null,""status"":""ready""}]","","6","","2","","2026-03-28T13:17:11.689Z","","","","2026-03-28T13:16:36.164Z","[]","NC-0000000049","","[""698dbd987dbcc355eec0ff7c"",""698dd1b2193c860027a3457a""]","698dd1b2193c860027a3457a","","698dd1b2193c860027a3457a","sots_submitted","69c7d4b59a435ebb107136a2","2026-03-28T13:16:37.642000","2026-03-28T13:41:34.287000","service_eb508f39-ce3d-4391-bb12-d4211c02ede9","false"
"2026-03-28T13:41:46.300Z","698d204286a5af9808991620","","2026-03-28T13:14:05.956Z","2026-03-28T13:14:05.956Z","quickplay","698d204286a5af9808991620","2026-03-28T13:14:05.956Z","2026-03-28T13:14:05.956Z","[{""submittedBallot"":true,""roleSystemId"":""RL-000008"",""styleSystemIds"":[""ST-000165"",""ST-000088"",""ST-000074""],""joinedAt"":""2026-03-28T13:13:38.251Z"",""styleSystemId"":""ST-000165"",""sotsSubmitted"":true,""userId"":""698d204286a5af9808991620"",""isNoShow"":null,""status"":""ready""},{""submittedBallot"":true,""roleSystemId"":""RL-000008"",""styleSystemIds"":[""ST-000074""],""joinedAt"":""2026-03-28T13:13:38.251Z"",""styleSystemId"":""ST-000074"",""sotsSubmitted"":true,""userId"":""698dc6f781b400b640a229f6"",""isNoShow"":null,""status"":""ready""}]","","6","","2","","2026-03-28T13:14:05.956Z","","","","2026-03-28T13:13:38.251Z","[]","NC-0000000050","","[""698dc6f781b400b640a229f6"",""698d204286a5af9808991620""]","698d204286a5af9808991620","","698d204286a5af9808991620","sots_submitted","69c7d40397c99229b5c73b3b","2026-03-28T13:13:39.953000","2026-03-30T22:37:13.857000","service_eb508f39-ce3d-4391-bb12-d4211c02ede9","false"
"2026-03-28T13:11:51.088Z","698dc6f781b400b640a229f6","","2026-03-28T13:11:38.386Z","2026-03-28T13:11:38.386Z","quickplay","698dc6f781b400b640a229f6","2026-03-28T13:11:38.386Z","2026-03-28T13:11:38.386Z","[{""submittedBallot"":true,""roleSystemId"":""RL-000008"",""styleSystemIds"":[""ST-000074""],""joinedAt"":""2026-03-28T13:10:43.792Z"",""styleSystemId"":""ST-000074"",""sotsSubmitted"":true,""userId"":""698dc6f781b400b640a229f6"",""isNoShow"":null,""status"":""ready""},{""submittedBallot"":true,""roleSystemId"":""RL-000008"",""styleSystemIds"":[""ST-000165"",""ST-000074""],""joinedAt"":""2026-03-28T13:10:43.792Z"",""styleSystemId"":""ST-000165"",""sotsSubmitted"":true,""userId"":""698d204286a5af9808991620"",""isNoShow"":null,""status"":""ready""}]","","6","","2","","2026-03-28T13:11:38.386Z","","","","2026-03-28T13:10:43.792Z","[]","NC-0000000095","","[""698d204286a5af9808991620"",""698dc6f781b400b640a229f6""]","698dc6f781b400b640a229f6","","698dc6f781b400b640a229f6","sots_submitted","69c7d355e3531775420b8457","2026-03-28T13:10:45.155000","2026-03-28T13:12:08.927000","service_eb508f39-ce3d-4391-bb12-d4211c02ede9","false"
"","698dbbf753d545317578c200","{""lineupScenes"":[{""sceneId"":""sc-1"",""label"":""Scène principale"",""icon"":""🎛""}],""lineupSchedule"":[{""plageId"":""p-1"",""label"":""Warmup"",""timeStart"":""2026-03-26T14:00:00.000Z"",""timeEnd"":""2026-03-26T14:18:00.000Z""},{""plageId"":""p-2"",""label"":""Peak"",""timeStart"":""2026-03-26T14:18:00.000Z"",""timeEnd"":""2026-03-26T15:00:00.000Z""}]}","","","event","","","","[{""submittedBallot"":false,""roleSystemId"":""RL-000009"",""styleSystemIds"":[],""joinedAt"":""2026-03-25T13:25:06.731Z"",""styleSystemId"":null,""sotsSubmitted"":null,""userId"":""69b48a2b7d5c0db589c6bb1c"",""isNoShow"":null,""status"":""lobby""},{""submittedBallot"":false,""roleSystemId"":""RL-000009"",""styleSystemIds"":[],""joinedAt"":""2026-03-30T18:37:15.571Z"",""styleSystemId"":null,""sotsSubmitted"":null,""userId"":""698c747aee05acfdd23ea578"",""isNoShow"":null,""status"":""lobby""}]","69c3df965ec494681c92a745","6","","2","","","","","","","[{""roleSystemId"":""RL-000009"",""candidateUserId"":null,""confirmedBy"":null,""candidateStyleSystemIds"":[],""slotId"":""SL-69c3df9765891bf773770086-0"",""confirmedAt"":null,""status"":""pending""}]","","","[]","","","","archived","69c3df9765891bf773770086","2026-03-25T13:13:59.540000","2026-04-08T18:25:40.395000","service_eb508f39-ce3d-4391-bb12-d4211c02ede9","false"
"","698dbbf753d545317578c200","{""lineupScenes"":[{""sceneId"":""sc-1"",""label"":""Scène principale"",""icon"":""🎛""}],""lineupSchedule"":[{""plageId"":""p-1"",""label"":""Warmup"",""timeStart"":""2026-03-25T14:00:00.000Z"",""timeEnd"":""2026-03-25T14:18:00.000Z""},{""plageId"":""p-2"",""label"":""Peak"",""timeStart"":""2026-03-25T14:18:00.000Z"",""timeEnd"":""2026-03-25T15:00:00.000Z""}]}","","","event","","","","[]","69c3d8e159bded6bbb3db51e","6","","2","","","","","","","[{""roleSystemId"":""RL-000055"",""candidateUserId"":null,""confirmedBy"":null,""candidateStyleSystemIds"":[],""slotId"":""SL-69c3d8e216e8785214aa2cf7-0"",""confirmedAt"":null,""status"":""open""},{""roleSystemId"":""RL-001002"",""candidateUserId"":null,""confirmedBy"":null,""candidateStyleSystemIds"":[],""slotId"":""SL-69c3d8e216e8785214aa2cf7-1"",""confirmedAt"":null,""status"":""open""}]","","","[]","","","","lobby","69c3d8e216e8785214aa2cf7","2026-03-25T12:45:22.750000","2026-03-25T12:45:22.895000","service_eb508f39-ce3d-4391-bb12-d4211c02ede9","false"
"","69b48a2b7d5c0db589c6bb1c","{""lineupScenes"":[{""sceneId"":""sc-1"",""label"":""Scène principale"",""icon"":""🎛""}],""lineupSchedule"":[{""plageId"":""p-1"",""label"":""Warmup"",""timeStart"":""2026-03-28T16:30:00.000Z"",""timeEnd"":""2026-03-28T17:06:00.000Z""},{""plageId"":""p-2"",""label"":""Peak"",""timeStart"":""2026-03-28T17:06:00.000Z"",""timeEnd"":""2026-03-28T18:30:00.000Z""}]}","","","event","","","","[{""submittedBallot"":false,""roleSystemId"":""RL-000025"",""styleSystemIds"":[""ST-000165""],""joinedAt"":""2026-03-25T15:36:38.176Z"",""styleSystemId"":null,""sotsSubmitted"":null,""userId"":""698c747aee05acfdd23ea578"",""isNoShow"":null,""status"":""lobby""}]","69c3d4be4baaa98e479b33ef","6","","2","","","","","","","[{""roleSystemId"":""RL-000025"",""candidateUserId"":null,""confirmedBy"":null,""candidateStyleSystemIds"":[],""slotId"":""SL-69c3d4c0afe73b2a84c7d3da-0"",""confirmedAt"":null,""status"":""pending""}]","","","[]","","","","archived","69c3d4c0afe73b2a84c7d3da","2026-03-25T12:27:44.604000","2026-04-08T18:25:40.369000","service_eb508f39-ce3d-4391-bb12-d4211c02ede9","false"
"","69b48a2b7d5c0db589c6bb1c","{""lineupScenes"":[{""sceneId"":""sc-1"",""label"":""Scène principale"",""icon"":""🎛""}],""lineupSchedule"":[{""plageId"":""p-1"",""label"":""Arrivée"",""timeStart"":""2026-04-19T01:00:00.000Z"",""timeEnd"":""2026-04-19T01:36:00.000Z""},{""plageId"":""p-2"",""label"":""Warmup"",""timeStart"":""2026-04-19T01:36:00.000Z"",""timeEnd"":""2026-04-19T02:40:48.000Z""},{""plageId"":""p-3"",""label"":""Build"",""timeStart"":""2026-04-19T02:40:48.000Z"",""timeEnd"":""2026-04-19T04:07:12.000Z""},{""plageId"":""p-4"",""label"":""Peak"",""timeStart"":""2026-04-19T04:07:12.000Z"",""timeEnd"":""2026-04-19T05:55:12.000Z""},{""plageId"":""p-5"",""label"":""Closer"",""timeStart"":""2026-04-19T05:55:12.000Z"",""timeEnd"":""2026-04-19T07:00:00.000Z""}]}","","","event","","","","[]","69c3d1b877828fc417470f46","6","","2","","","","","","","[{""roleSystemId"":""RL-000008"",""candidateUserId"":null,""confirmedBy"":null,""candidateStyleSystemIds"":[],""slotId"":""SL-69c3d1b9a2f9f0a770a0d2b7-0"",""confirmedAt"":null,""status"":""open""}]","","","[]","","","","archived","69c3d1b9a2f9f0a770a0d2b7","2026-03-25T12:14:49.772000","2026-04-08T18:25:40.369000","service_eb508f39-ce3d-4391-bb12-d4211c02ede9","false"
"","69b48a2b7d5c0db589c6bb1c","{""lineupScenes"":[{""sceneId"":""sc-1"",""label"":""Scène principale"",""icon"":""🎛""}],""lineupSchedule"":[{""plageId"":""p-1"",""label"":""Warmup"",""timeStart"":""2026-03-27T01:00:00.000Z"",""timeEnd"":""2026-03-27T02:48:00.000Z""},{""plageId"":""p-2"",""label"":""Peak"",""timeStart"":""2026-03-27T02:48:00.000Z"",""timeEnd"":""2026-03-27T05:30:00.000Z""},{""plageId"":""p-3"",""label"":""Closer"",""timeStart"":""2026-03-27T05:30:00.000Z"",""timeEnd"":""2026-03-27T07:00:00.000Z""}]}","","","event","","","","[]","69c3cc6e5be60e887e77519c","6","","2","","","","","","","[{""roleSystemId"":""RL-000008"",""candidateUserId"":null,""confirmedBy"":null,""candidateStyleSystemIds"":[],""slotId"":""SL-69c3cc708dae5c9f59128b40-0"",""confirmedAt"":null,""status"":""open""}]","","","[]","","","","archived","69c3cc708dae5c9f59128b40","2026-03-25T11:52:16.026000","2026-04-08T18:25:40.363000","service_eb508f39-ce3d-4391-bb12-d4211c02ede9","false"
"","698c747aee05acfdd23ea578","{""lineupScenes"":[{""sceneId"":""sc-1"",""label"":""Scène principale"",""icon"":""🎛""},{""sceneId"":""sc-1773607024982"",""label"":""Micro"",""icon"":""🎤""}],""lineupSchedule"":[{""plageId"":""p-1"",""label"":""Warmup"",""timeStart"":""2026-03-20T20:36:00.000Z"",""timeEnd"":""2026-03-20T21:30:00.000Z""},{""plageId"":""p-2"",""label"":""Peak"",""timeStart"":""2026-03-20T21:30:00.000Z"",""timeEnd"":""2026-03-20T22:51:00.000Z""},{""plageId"":""p-3"",""label"":""Closer"",""timeStart"":""2026-03-20T22:51:00.000Z"",""timeEnd"":""2026-03-20T23:36:00.000Z""}],""lineupPlacements"":{""SL-69b7189837c4f626dd1e9acf-1:698dbbf753d545317578c200:sc-1773607024982:p-1"":{""slotId"":""SL-69b7189837c4f626dd1e9acf-1"",""userId"":""698dbbf753d545317578c200"",""sceneId"":""sc-1773607024982"",""plageId"":""p-1"",""roleSystemId"":""RL-000025"",""assignedPrice"":113,""assignedStyleSystemIds"":[],""isPlaced"":true,""_pricingMeta"":{""hourlyRate"":125,""workedMin"":54,""requiredMin"":54,""billableMin"":54,""allocationRatio"":1,""blockSize"":1}},""SL-69b7189837c4f626dd1e9acf-0:698dd1b2193c860027a3457a:sc-1:p-1"":{""slotId"":""SL-69b7189837c4f626dd1e9acf-0"",""userId"":""698dd1b2193c860027a3457a"",""sceneId"":""sc-1"",""plageId"":""p-1"",""roleSystemId"":""RL-000010"",""assignedPrice"":90,""assignedStyleSystemIds"":[],""isPlaced"":true,""_pricingMeta"":{""hourlyRate"":100,""workedMin"":54,""requiredMin"":180,""billableMin"":180,""allocationRatio"":0.3,""blockSize"":3}},""SL-69b7189837c4f626dd1e9acf-0:698dd1b2193c860027a3457a:sc-1:p-2"":{""slotId"":""SL-69b7189837c4f626dd1e9acf-0"",""userId"":""698dd1b2193c860027a3457a"",""sceneId"":""sc-1"",""plageId"":""p-2"",""roleSystemId"":""RL-000010"",""assignedPrice"":135,""assignedStyleSystemIds"":[],""isPlaced"":true,""_pricingMeta"":{""hourlyRate"":100,""workedMin"":81,""requiredMin"":180,""billableMin"":180,""allocationRatio"":0.45,""blockSize"":3}},""SL-69b7189837c4f626dd1e9acf-0:698dd1b2193c860027a3457a:sc-1:p-3"":{""slotId"":""SL-69b7189837c4f626dd1e9acf-0"",""userId"":""698dd1b2193c860027a3457a"",""sceneId"":""sc-1"",""plageId"":""p-3"",""roleSystemId"":""RL-000010"",""assignedPrice"":75,""assignedStyleSystemIds"":[],""isPlaced"":true,""_pricingMeta"":{""hourlyRate"":100,""workedMin"":45,""requiredMin"":180,""billableMin"":180,""allocationRatio"":0.25,""blockSize"":3}},""SL-69b7189837c4f626dd1e9acf-2:69b48a2b7d5c0db589c6bb1c:sc-1:p-1"":{""slotId"":""SL-69b7189837c4f626dd1e9acf-2"",""userId"":""69b48a2b7d5c0db589c6bb1c"",""sceneId"":""sc-1"",""plageId"":""p-1"",""roleSystemId"":""RL-000008"",""assignedPrice"":180,""assignedStyleSystemIds"":[],""isPlaced"":true,""_pricingMeta"":{""hourlyRate"":200,""workedMin"":54,""requiredMin"":180,""billableMin"":180,""allocationRatio"":0.3,""blockSize"":3}},""SL-69b7189837c4f626dd1e9acf-2:69b48a2b7d5c0db589c6bb1c:sc-1:p-2"":{""slotId"":""SL-69b7189837c4f626dd1e9acf-2"",""userId"":""69b48a2b7d5c0db589c6bb1c"",""sceneId"":""sc-1"",""plageId"":""p-2"",""roleSystemId"":""RL-000008"",""assignedPrice"":270,""assignedStyleSystemIds"":[],""isPlaced"":true,""_pricingMeta"":{""hourlyRate"":200,""workedMin"":81,""requiredMin"":180,""billableMin"":180,""allocationRatio"":0.45,""blockSize"":3}},""SL-69b7189837c4f626dd1e9acf-2:69b48a2b7d5c0db589c6bb1c:sc-1:p-3"":{""slotId"":""SL-69b7189837c4f626dd1e9acf-2"",""userId"":""69b48a2b7d5c0db589c6bb1c"",""sceneId"":""sc-1"",""plageId"":""p-3"",""roleSystemId"":""RL-000008"",""assignedPrice"":150,""assignedStyleSystemIds"":[],""isPlaced"":true,""_pricingMeta"":{""hourlyRate"":200,""workedMin"":45,""requiredMin"":180,""billableMin"":180,""allocationRatio"":0.25,""blockSize"":3}}}}","","","event","","","","[{""submittedBallot"":false,""roleSystemId"":""RL-000025"",""styleSystemIds"":[""ST-000155""],""joinedAt"":""2026-03-15T20:38:03.030Z"",""styleSystemId"":null,""sotsSubmitted"":null,""userId"":""698dbbf753d545317578c200"",""isNoShow"":null,""status"":""confirmed""},{""submittedBallot"":false,""roleSystemId"":""RL-000008"",""styleSystemIds"":[""ST-000144""],""joinedAt"":""2026-03-15T20:38:17.328Z"",""styleSystemId"":null,""sotsSubmitted"":null,""userId"":""69b48a2b7d5c0db589c6bb1c"",""isNoShow"":null,""status"":""confirmed""},{""submittedBallot"":false,""roleSystemId"":""RL-000010"",""styleSystemIds"":[""ST-000217""],""joinedAt"":""2026-03-15T20:38:25.278Z"",""styleSystemId"":null,""sotsSubmitted"":null,""userId"":""698dd1b2193c860027a3457a"",""isNoShow"":null,""status"":""confirmed""}]","69b71896bc23ef96045289b7","6","","2","","","","","","","[{""roleSystemId"":""RL-000010"",""candidateUserId"":""698dd1b2193c860027a3457a"",""confirmedBy"":""698c747aee05acfdd23ea578"",""candidateStyleSystemIds"":[""ST-000217""],""slotId"":""SL-69b7189837c4f626dd1e9acf-0"",""confirmedAt"":""2026-03-15T20:38:30.119Z"",""status"":""confirmed""},{""roleSystemId"":""RL-000025"",""candidateUserId"":""698dbbf753d545317578c200"",""confirmedBy"":""698c747aee05acfdd23ea578"",""candidateStyleSystemIds"":[""ST-000155""],""slotId"":""SL-69b7189837c4f626dd1e9acf-1"",""confirmedAt"":""2026-03-15T20:38:32.920Z"",""status"":""confirmed""},{""roleSystemId"":""RL-000008"",""candidateUserId"":""69b48a2b7d5c0db589c6bb1c"",""confirmedBy"":""698c747aee05acfdd23ea578"",""candidateStyleSystemIds"":[""ST-000144""],""slotId"":""SL-69b7189837c4f626dd1e9acf-2"",""confirmedAt"":""2026-03-15T20:38:27.389Z"",""status"":""confirmed""}]","","","[]","","","","archived","69b7189837c4f626dd1e9acf","2026-03-15T20:37:44.075000","2026-03-31T09:22:48.033000","service_eb508f39-ce3d-4391-bb12-d4211c02ede9","false"
"","698c747aee05acfdd23ea578","{""lineupScenes"":[{""sceneId"":""sc-1"",""label"":""Espace cocktail"",""icon"":""🍸""},{""sceneId"":""sc-1773606788512"",""label"":""Micro"",""icon"":""🎤""}],""lineupSchedule"":[{""plageId"":""p-1"",""label"":""Arrivée"",""timeStart"":""2026-03-20T20:00:00.000Z"",""timeEnd"":""2026-03-20T20:03:12.000Z""},{""plageId"":""p-2"",""label"":""Warmup"",""timeStart"":""2026-03-20T20:03:12.000Z"",""timeEnd"":""2026-03-20T20:08:57.600Z""},{""plageId"":""p-3"",""label"":""Build"",""timeStart"":""2026-03-20T20:08:57.600Z"",""timeEnd"":""2026-03-20T20:16:38.400Z""},{""plageId"":""p-4"",""label"":""Peak"",""timeStart"":""2026-03-20T20:16:38.400Z"",""timeEnd"":""2026-03-20T20:26:14.400Z""},{""plageId"":""p-5"",""label"":""Closer"",""timeStart"":""2026-03-20T20:26:14.400Z"",""timeEnd"":""2026-03-20T20:32:00.000Z""}],""lineupPlacements"":{""SL-69b7178d56db4385772fbbc8-2:698dd1b2193c860027a3457a:sc-1:p-1"":{""slotId"":""SL-69b7178d56db4385772fbbc8-2"",""userId"":""698dd1b2193c860027a3457a"",""sceneId"":""sc-1"",""plageId"":""p-1"",""roleSystemId"":""RL-000010"",""assignedPrice"":5,""assignedStyleSystemIds"":[],""isPlaced"":true,""_pricingMeta"":{""hourlyRate"":100,""workedMin"":3.2,""requiredMin"":32,""billableMin"":32,""allocationRatio"":0.1,""blockSize"":5}},""SL-69b7178d56db4385772fbbc8-2:698dd1b2193c860027a3457a:sc-1:p-2"":{""slotId"":""SL-69b7178d56db4385772fbbc8-2"",""userId"":""698dd1b2193c860027a3457a"",""sceneId"":""sc-1"",""plageId"":""p-2"",""roleSystemId"":""RL-000010"",""assignedPrice"":10,""assignedStyleSystemIds"":[],""isPlaced"":true,""_pricingMeta"":{""hourlyRate"":100,""workedMin"":5.76,""requiredMin"":32,""billableMin"":32,""allocationRatio"":0.18,""blockSize"":5}},""SL-69b7178d56db4385772fbbc8-2:698dd1b2193c860027a3457a:sc-1:p-3"":{""slotId"":""SL-69b7178d56db4385772fbbc8-2"",""userId"":""698dd1b2193c860027a3457a"",""sceneId"":""sc-1"",""plageId"":""p-3"",""roleSystemId"":""RL-000010"",""assignedPrice"":13,""assignedStyleSystemIds"":[],""isPlaced"":true,""_pricingMeta"":{""hourlyRate"":100,""workedMin"":7.68,""requiredMin"":32,""billableMin"":32,""allocationRatio"":0.24,""blockSize"":5}},""SL-69b7178d56db4385772fbbc8-2:698dd1b2193c860027a3457a:sc-1:p-4"":{""slotId"":""SL-69b7178d56db4385772fbbc8-2"",""userId"":""698dd1b2193c860027a3457a"",""sceneId"":""sc-1"",""plageId"":""p-4"",""roleSystemId"":""RL-000010"",""assignedPrice"":16,""assignedStyleSystemIds"":[],""isPlaced"":true,""_pricingMeta"":{""hourlyRate"":100,""workedMin"":9.6,""requiredMin"":32,""billableMin"":32,""allocationRatio"":0.3,""blockSize"":5}},""SL-69b7178d56db4385772fbbc8-2:698dd1b2193c860027a3457a:sc-1:p-5"":{""slotId"":""SL-69b7178d56db4385772fbbc8-2"",""userId"":""698dd1b2193c860027a3457a"",""sceneId"":""sc-1"",""plageId"":""p-5"",""roleSystemId"":""RL-000010"",""assignedPrice"":10,""assignedStyleSystemIds"":[],""isPlaced"":true,""_pricingMeta"":{""hourlyRate"":100,""workedMin"":5.76,""requiredMin"":32,""billableMin"":32,""allocationRatio"":0.18,""blockSize"":5}},""SL-69b7178d56db4385772fbbc8-1:698dbbf753d545317578c200:sc-1773606788512:p-3"":{""slotId"":""SL-69b7178d56db4385772fbbc8-1"",""userId"":""698dbbf753d545317578c200"",""sceneId"":""sc-1773606788512"",""plageId"":""p-3"",""roleSystemId"":""RL-000025"",""assignedPrice"":63,""assignedStyleSystemIds"":[],""isPlaced"":true,""_pricingMeta"":{""hourlyRate"":125,""workedMin"":7.68,""requiredMin"":7.68,""billableMin"":30,""allocationRatio"":1,""blockSize"":1}}}}","","","event","","","","[{""submittedBallot"":false,""roleSystemId"":""RL-000008"",""styleSystemIds"":[""ST-000144""],""joinedAt"":""2026-03-15T20:33:36.720Z"",""styleSystemId"":null,""sotsSubmitted"":null,""userId"":""69b48a2b7d5c0db589c6bb1c"",""isNoShow"":null,""status"":""confirmed""},{""submittedBallot"":false,""roleSystemId"":""RL-000010"",""styleSystemIds"":[""ST-000217""],""joinedAt"":""2026-03-15T20:33:39.328Z"",""styleSystemId"":null,""sotsSubmitted"":null,""userId"":""698dd1b2193c860027a3457a"",""isNoShow"":null,""status"":""confirmed""},{""submittedBallot"":false,""roleSystemId"":""RL-000025"",""styleSystemIds"":[""ST-000155""],""joinedAt"":""2026-03-15T20:34:49.691Z"",""styleSystemId"":null,""sotsSubmitted"":null,""userId"":""698dbbf753d545317578c200"",""isNoShow"":null,""status"":""confirmed""}]","69b7178a2f2657ec5eb1ef64","6","","2","","","","","","","[{""roleSystemId"":""RL-000008"",""candidateUserId"":""69b48a2b7d5c0db589c6bb1c"",""confirmedBy"":""698c747aee05acfdd23ea578"",""candidateStyleSystemIds"":[""ST-000144""],""slotId"":""SL-69b7178d56db4385772fbbc8-0"",""confirmedAt"":""2026-03-15T20:34:54.131Z"",""status"":""confirmed""},{""roleSystemId"":""RL-000025"",""candidateUserId"":""698dbbf753d545317578c200"",""confirmedBy"":""698c747aee05acfdd23ea578"",""candidateStyleSystemIds"":[""ST-000155""],""slotId"":""SL-69b7178d56db4385772fbbc8-1"",""confirmedAt"":""2026-03-15T20:35:03.196Z"",""status"":""confirmed""},{""roleSystemId"":""RL-000010"",""candidateUserId"":""698dd1b2193c860027a3457a"",""confirmedBy"":""698c747aee05acfdd23ea578"",""candidateStyleSystemIds"":[""ST-000217""],""slotId"":""SL-69b7178d56db4385772fbbc8-2"",""confirmedAt"":""2026-03-15T20:35:05.562Z"",""status"":""confirmed""}]","","","[]","","","","archived","69b7178d56db4385772fbbc8","2026-03-15T20:33:17.342000","2026-03-31T09:22:48.070000","service_eb508f39-ce3d-4391-bb12-d4211c02ede9","false"
"","698c747aee05acfdd23ea578","{""lineupScenes"":[{""sceneId"":""sc-1"",""label"":""Espace cocktail"",""icon"":""🍸""},{""sceneId"":""sc-1773606544202"",""label"":""Micro"",""icon"":""🎤""}],""lineupSchedule"":[{""plageId"":""p-1"",""label"":""Arrivée"",""timeStart"":""2026-03-19T20:00:00.000Z"",""timeEnd"":""2026-03-19T20:02:48.000Z""},{""plageId"":""p-2"",""label"":""Warmup"",""timeStart"":""2026-03-19T20:02:48.000Z"",""timeEnd"":""2026-03-19T20:07:50.400Z""},{""plageId"":""p-3"",""label"":""Build"",""timeStart"":""2026-03-19T20:07:50.400Z"",""timeEnd"":""2026-03-19T20:14:33.600Z""},{""plageId"":""p-4"",""label"":""Peak"",""timeStart"":""2026-03-19T20:14:33.600Z"",""timeEnd"":""2026-03-19T20:22:57.600Z""},{""plageId"":""p-5"",""label"":""Closer"",""timeStart"":""2026-03-19T20:22:57.600Z"",""timeEnd"":""2026-03-19T20:28:00.000Z""}],""lineupPlacements"":{}}","","","event","","","","[{""submittedBallot"":false,""roleSystemId"":""RL-000025"",""styleSystemIds"":[""ST-000165""],""joinedAt"":""2026-03-15T20:29:59.198Z"",""styleSystemId"":null,""sotsSubmitted"":null,""userId"":""698dd1b2193c860027a3457a"",""isNoShow"":null,""status"":""confirmed""},{""submittedBallot"":false,""roleSystemId"":""RL-000008"",""styleSystemIds"":[""ST-000144""],""joinedAt"":""2026-03-15T20:30:10.541Z"",""styleSystemId"":null,""sotsSubmitted"":null,""userId"":""69b48a2b7d5c0db589c6bb1c"",""isNoShow"":null,""status"":""confirmed""},{""submittedBallot"":false,""roleSystemId"":""RL-000010"",""styleSystemIds"":[],""joinedAt"":""2026-03-15T20:30:49.479Z"",""styleSystemId"":null,""sotsSubmitted"":null,""userId"":""698dbbf753d545317578c200"",""isNoShow"":null,""status"":""confirmed""}]","69b7169947ce491cd3b216b9","6","","2","","","","","","","[{""roleSystemId"":""RL-000008"",""candidateUserId"":""69b48a2b7d5c0db589c6bb1c"",""confirmedBy"":""698c747aee05acfdd23ea578"",""candidateStyleSystemIds"":[""ST-000144""],""slotId"":""SL-69b7169b10ae09377ca05bac-0"",""confirmedAt"":""2026-03-15T20:30:18.642Z"",""status"":""confirmed""},{""roleSystemId"":""RL-000025"",""candidateUserId"":""698dd1b2193c860027a3457a"",""confirmedBy"":""698c747aee05acfdd23ea578"",""candidateStyleSystemIds"":[""ST-000165""],""slotId"":""SL-69b7169b10ae09377ca05bac-1"",""confirmedAt"":""2026-03-15T20:30:24.691Z"",""status"":""confirmed""},{""roleSystemId"":""RL-000010"",""candidateUserId"":""698dbbf753d545317578c200"",""confirmedBy"":""698c747aee05acfdd23ea578"",""candidateStyleSystemIds"":[],""slotId"":""SL-69b7169b10ae09377ca05bac-2"",""confirmedAt"":""2026-03-15T20:32:02.415Z"",""status"":""confirmed""}]","","","[]","","","","archived","69b7169b10ae09377ca05bac","2026-03-15T20:29:15.780000","2026-03-31T09:22:47.952000","service_eb508f39-ce3d-4391-bb12-d4211c02ede9","false"
"","698c747aee05acfdd23ea578","{""lineupScenes"":[{""sceneId"":""sc-1"",""label"":""Scène principale"",""icon"":""🎛""},{""sceneId"":""sc-1773506035862"",""label"":""Micro"",""icon"":""🎤""}],""lineupSchedule"":[{""plageId"":""p-1"",""label"":""Arrivée"",""timeStart"":""2026-03-14T20:33:00.000Z"",""timeEnd"":""2026-03-14T20:45:00.000Z""},{""plageId"":""p-2"",""label"":""Warmup"",""timeStart"":""2026-03-14T20:45:00.000Z"",""timeEnd"":""2026-03-14T21:06:36.000Z""},{""plageId"":""p-3"",""label"":""Build"",""timeStart"":""2026-03-14T21:06:36.000Z"",""timeEnd"":""2026-03-14T21:35:24.000Z""},{""plageId"":""p-4"",""label"":""Peak"",""timeStart"":""2026-03-14T21:35:24.000Z"",""timeEnd"":""2026-03-14T22:11:24.000Z""},{""plageId"":""p-5"",""label"":""Closer"",""timeStart"":""2026-03-14T22:11:24.000Z"",""timeEnd"":""2026-03-14T22:33:00.000Z""}]}","","","event","","","","[{""submittedBallot"":false,""roleSystemId"":""RL-000055"",""styleSystemIds"":[],""joinedAt"":""2026-03-14T16:35:01.429Z"",""styleSystemId"":null,""sotsSubmitted"":null,""userId"":""69b48a2b7d5c0db589c6bb1c"",""isNoShow"":null,""status"":""confirmed""},{""submittedBallot"":false,""roleSystemId"":""RL-000055"",""styleSystemIds"":[],""joinedAt"":""2026-03-14T16:35:08.281Z"",""styleSystemId"":null,""sotsSubmitted"":null,""userId"":""698dbd987dbcc355eec0ff7c"",""isNoShow"":null,""status"":""confirmed""}]","69b58df79146a56319b9a70d","6","","2","","","","","","","[{""roleSystemId"":""RL-000055"",""candidateUserId"":""69b48a2b7d5c0db589c6bb1c"",""confirmedBy"":""698c747aee05acfdd23ea578"",""candidateStyleSystemIds"":[],""slotId"":""SL-69b58df8162e93eed2137bbf-0"",""confirmedAt"":""2026-03-15T20:28:09.560Z"",""status"":""confirmed""}]","","","[]","","","","archived","69b58df8162e93eed2137bbf","2026-03-14T16:34:00.479000","2026-03-31T09:22:48.037000","service_eb508f39-ce3d-4391-bb12-d4211c02ede9","false"
"","698dd1b2193c860027a3457a","{""lineupScenes"":[{""sceneId"":""sc-1"",""label"":""Scène principale"",""icon"":""🎛""},{""sceneId"":""sc-1773503785239"",""label"":""Micro"",""icon"":""🎤""},{""sceneId"":""sc-1773503785945"",""label"":""Live"",""icon"":""🎸""}],""lineupSchedule"":[{""plageId"":""p-1"",""label"":""Arrivée"",""timeStart"":""2026-03-14T20:00:00.000Z"",""timeEnd"":""2026-03-14T20:52:24.000Z""},{""plageId"":""p-2"",""label"":""Warmup"",""timeStart"":""2026-03-14T20:52:24.000Z"",""timeEnd"":""2026-03-14T22:30:39.000Z""},{""plageId"":""p-3"",""label"":""Build"",""timeStart"":""2026-03-14T22:30:39.000Z"",""timeEnd"":""2026-03-15T00:41:39.000Z""},{""plageId"":""p-4"",""label"":""Peak"",""timeStart"":""2026-03-15T00:41:39.000Z"",""timeEnd"":""2026-03-15T03:45:03.000Z""},{""plageId"":""p-5"",""label"":""Closer"",""timeStart"":""2026-03-15T03:45:03.000Z"",""timeEnd"":""2026-03-15T05:49:30.000Z""},{""plageId"":""p-6"",""label"":""Rappel"",""timeStart"":""2026-03-15T05:49:30.000Z"",""timeEnd"":""2026-03-15T06:55:00.000Z""}]}","","","event","","","","[{""submittedBallot"":false,""roleSystemId"":""RL-001001"",""styleSystemIds"":[],""joinedAt"":""2026-03-14T15:56:58.608Z"",""styleSystemId"":null,""sotsSubmitted"":null,""userId"":""69b48a2b7d5c0db589c6bb1c"",""isNoShow"":null,""status"":""lobby""},{""submittedBallot"":false,""roleSystemId"":""RL-000025"",""styleSystemIds"":[""ST-000182"",""ST-000183""],""joinedAt"":""2026-03-14T15:57:05.787Z"",""styleSystemId"":null,""sotsSubmitted"":null,""userId"":""698d204286a5af9808991620"",""isNoShow"":null,""status"":""lobby""}]","69b5852f5443c0a2a0d9b2a6","6","","2","","","","","","","[{""roleSystemId"":""RL-000025"",""candidateUserId"":null,""confirmedBy"":null,""candidateStyleSystemIds"":[],""slotId"":""SL-69b58531ccb04dfef176a337-0"",""confirmedAt"":null,""status"":""pending""},{""roleSystemId"":""RL-000008"",""candidateUserId"":null,""confirmedBy"":null,""candidateStyleSystemIds"":[],""slotId"":""SL-69b58531ccb04dfef176a337-1"",""confirmedAt"":null,""status"":""pending""},{""roleSystemId"":""RL-000009"",""candidateUserId"":null,""confirmedBy"":null,""candidateStyleSystemIds"":[],""slotId"":""SL-69b58531ccb04dfef176a337-2"",""confirmedAt"":null,""status"":""open""},{""roleSystemId"":""RL-000010"",""candidateUserId"":null,""confirmedBy"":null,""candidateStyleSystemIds"":[],""slotId"":""SL-69b58531ccb04dfef176a337-3"",""confirmedAt"":null,""status"":""open""},{""roleSystemId"":""RL-000055"",""candidateUserId"":null,""confirmedBy"":null,""candidateStyleSystemIds"":[],""slotId"":""SL-69b58531ccb04dfef176a337-4"",""confirmedAt"":null,""status"":""open""},{""roleSystemId"":""RL-001001"",""candidateUserId"":null,""confirmedBy"":null,""candidateStyleSystemIds"":[],""slotId"":""SL-69b58531ccb04dfef176a337-5"",""confirmedAt"":null,""status"":""pending""}]","","","[]","","","","archived","69b58531ccb04dfef176a337","2026-03-14T15:56:33.109000","2026-03-31T09:22:48.008000","service_eb508f39-ce3d-4391-bb12-d4211c02ede9","false"
"","698c747aee05acfdd23ea578","{""lineupScenes"":[{""sceneId"":""sc-1"",""label"":""Scène principale"",""icon"":""🎛""},{""sceneId"":""sc-1773502407750"",""label"":""Micro"",""icon"":""🎤""}],""lineupSchedule"":[{""plageId"":""p-1"",""label"":""Arrivée"",""timeStart"":""2026-03-21T19:00:00.000Z"",""timeEnd"":""2026-03-21T20:52:30.000Z""},{""plageId"":""p-2"",""label"":""Warmup"",""timeStart"":""2026-03-21T20:52:30.000Z"",""timeEnd"":""2026-03-22T00:00:00.000Z""},{""plageId"":""p-3"",""label"":""Peak"",""timeStart"":""2026-03-22T00:00:00.000Z"",""timeEnd"":""2026-03-22T05:00:00.000Z""},{""plageId"":""p-4"",""label"":""Closer"",""timeStart"":""2026-03-22T05:00:00.000Z"",""timeEnd"":""2026-03-22T07:30:00.000Z""}]}","","","event","","","","[{""submittedBallot"":false,""roleSystemId"":""RL-000025"",""styleSystemIds"":[""ST-000165""],""joinedAt"":""2026-03-14T15:44:25.900Z"",""styleSystemId"":null,""sotsSubmitted"":null,""userId"":""698dd1b2193c860027a3457a"",""isNoShow"":null,""status"":""lobby""},{""submittedBallot"":false,""roleSystemId"":""RL-000008"",""styleSystemIds"":[],""joinedAt"":""2026-03-14T15:45:58.560Z"",""styleSystemId"":null,""sotsSubmitted"":null,""userId"":""698dc6f781b400b640a229f6"",""isNoShow"":null,""status"":""lobby""}]","69b57fcddc0a2a974393890c","6","","2","","","","","","","[{""roleSystemId"":""RL-000055"",""candidateUserId"":null,""confirmedBy"":null,""candidateStyleSystemIds"":[],""slotId"":""SL-69b57fce380fec3174244b19-0"",""confirmedAt"":null,""status"":""open""},{""roleSystemId"":""RL-000008"",""candidateUserId"":null,""confirmedBy"":null,""candidateStyleSystemIds"":[],""slotId"":""SL-69b57fce380fec3174244b19-1"",""confirmedAt"":null,""status"":""pending""},{""roleSystemId"":""RL-000025"",""candidateUserId"":null,""confirmedBy"":null,""candidateStyleSystemIds"":[],""slotId"":""SL-69b57fce380fec3174244b19-2"",""confirmedAt"":null,""status"":""pending""}]","","","[]","","","","archived","69b57fce380fec3174244b19","2026-03-14T15:33:34.388000","2026-03-31T09:22:48.001000","service_eb508f39-ce3d-4391-bb12-d4211c02ede9","false"
"","698d204286a5af9808991620","{""lineupScenes"":[{""sceneId"":""sc-1"",""label"":""Scène principale"",""icon"":""🎛""},{""sceneId"":""sc-1773499344263"",""label"":""Micro"",""icon"":""🎤""},{""sceneId"":""sc-1773499344913"",""label"":""Live"",""icon"":""🎸""}],""lineupSchedule"":[{""plageId"":""p-1"",""label"":""Cérémonie"",""timeStart"":""2026-03-14T19:00:00.000Z"",""timeEnd"":""2026-03-14T20:02:24.000Z""},{""plageId"":""p-2"",""label"":""Cocktail"",""timeStart"":""2026-03-14T20:02:24.000Z"",""timeEnd"":""2026-03-14T22:22:48.000Z""},{""plageId"":""p-3"",""label"":""Souper"",""timeStart"":""2026-03-14T22:22:48.000Z"",""timeEnd"":""2026-03-15T01:30:00.000Z""},{""plageId"":""p-4"",""label"":""Discours"",""timeStart"":""2026-03-15T01:30:00.000Z"",""timeEnd"":""2026-03-15T02:48:00.000Z""},{""plageId"":""p-5"",""label"":""Party"",""timeStart"":""2026-03-15T02:48:00.000Z"",""timeEnd"":""2026-03-15T04:21:36.000Z""},{""plageId"":""p-6"",""label"":""Raccompagnement"",""timeStart"":""2026-03-15T04:21:36.000Z"",""timeEnd"":""2026-03-15T08:00:00.000Z""}],""lineupPlacements"":{""SL-69b573edb0140f721493d575-0:698c747aee05acfdd23ea578:sc-1:p-1"":{""slotId"":""SL-69b573edb0140f721493d575-0"",""userId"":""698c747aee05acfdd23ea578"",""sceneId"":""sc-1"",""plageId"":""p-1"",""roleSystemId"":""RL-000008"",""assignedPrice"":208,""assignedStyleSystemIds"":[],""isPlaced"":true,""_pricingMeta"":{""hourlyRate"":200,""workedMin"":62.4,""requiredMin"":62.4,""billableMin"":62.4,""allocationRatio"":1,""blockSize"":1}},""SL-69b573edb0140f721493d575-0:698c747aee05acfdd23ea578:sc-1:p-3"":{""slotId"":""SL-69b573edb0140f721493d575-0"",""userId"":""698c747aee05acfdd23ea578"",""sceneId"":""sc-1"",""plageId"":""p-3"",""roleSystemId"":""RL-000008"",""assignedPrice"":624,""assignedStyleSystemIds"":[],""isPlaced"":true,""_pricingMeta"":{""hourlyRate"":200,""workedMin"":187.2,""requiredMin"":187.2,""billableMin"":187.2,""allocationRatio"":1,""blockSize"":1}},""SL-69b573edb0140f721493d575-0:698c747aee05acfdd23ea578:sc-1:p-5"":{""slotId"":""SL-69b573edb0140f721493d575-0"",""userId"":""698c747aee05acfdd23ea578"",""sceneId"":""sc-1"",""plageId"":""p-5"",""roleSystemId"":""RL-000008"",""assignedPrice"":312,""assignedStyleSystemIds"":[],""isPlaced"":true,""_pricingMeta"":{""hourlyRate"":200,""workedMin"":93.6,""requiredMin"":93.6,""billableMin"":93.6,""allocationRatio"":1,""blockSize"":1}}}}","","","event","","","","[{""submittedBallot"":false,""roleSystemId"":""RL-000008"",""styleSystemIds"":[""ST-000144""],""joinedAt"":""2026-03-14T14:43:18.722Z"",""styleSystemId"":null,""sotsSubmitted"":null,""userId"":""69b48a2b7d5c0db589c6bb1c"",""isNoShow"":null,""status"":""confirmed""},{""submittedBallot"":false,""roleSystemId"":""RL-000008"",""styleSystemIds"":[""ST-000080"",""ST-000134"",""ST-000133"",""ST-000018"",""ST-000019""],""joinedAt"":""2026-03-14T14:45:12.257Z"",""styleSystemId"":null,""sotsSubmitted"":null,""userId"":""698c747aee05acfdd23ea578"",""isNoShow"":null,""status"":""confirmed""}]","69b573eca1865c4caa1fe491","6","","2","","","","","","","[{""roleSystemId"":""RL-000008"",""candidateUserId"":""698c747aee05acfdd23ea578"",""confirmedBy"":""698d204286a5af9808991620"",""candidateStyleSystemIds"":[""ST-000080"",""ST-000134"",""ST-000133"",""ST-000018"",""ST-000019""],""slotId"":""SL-69b573edb0140f721493d575-0"",""confirmedAt"":""2026-03-14T14:45:53.395Z"",""status"":""confirmed""},{""roleSystemId"":""RL-001001"",""candidateUserId"":null,""confirmedBy"":null,""candidateStyleSystemIds"":[],""slotId"":""SL-69b573edb0140f721493d575-1"",""confirmedAt"":null,""status"":""open""}]","","","[]","","","","archived","69b573edb0140f721493d575","2026-03-14T14:42:53.881000","2026-03-31T09:22:47.945000","service_eb508f39-ce3d-4391-bb12-d4211c02ede9","false"
"","698d204286a5af9808991620","{}","","","event","","","","[{""submittedBallot"":false,""roleSystemId"":""RL-000025"",""styleSystemIds"":[],""joinedAt"":""2026-03-14T14:40:04.717Z"",""styleSystemId"":null,""sotsSubmitted"":null,""userId"":""69b48a2b7d5c0db589c6bb1c"",""isNoShow"":null,""status"":""lobby""}]","69b2bac4a9db770ed0adb2ec","6","","2","","","","","","","[{""roleSystemId"":""RL-000025"",""candidateUserId"":""69b48a2b7d5c0db589c6bb1c"",""confirmedBy"":null,""candidateStyleSystemIds"":[],""slotId"":""SL-69b573326f8e9ca3d68985f6-0"",""confirmedAt"":""2026-03-14T14:40:25.328Z"",""status"":""confirmed""}]","","","[]","","","","archived","69b573326f8e9ca3d68985f6","2026-03-14T14:39:46.107000","2026-03-31T09:22:47.951000","service_eb508f39-ce3d-4391-bb12-d4211c02ede9","false"
"","698c747aee05acfdd23ea578","{""lineupScenes"":[{""sceneId"":""sc-1"",""label"":""Scène principale"",""icon"":""🎛""},{""sceneId"":""sc-1773498958143"",""label"":""Micro"",""icon"":""🎤""}],""lineupSchedule"":[{""plageId"":""p-1"",""label"":""Cérémonie"",""timeStart"":""2026-03-21T16:35:00.000Z"",""timeEnd"":""2026-03-21T17:11:00.000Z""},{""plageId"":""p-2"",""label"":""Cocktail"",""timeStart"":""2026-03-21T17:11:00.000Z"",""timeEnd"":""2026-03-21T18:11:00.000Z""},{""plageId"":""p-3"",""label"":""Souper"",""timeStart"":""2026-03-21T18:11:00.000Z"",""timeEnd"":""2026-03-21T19:23:00.000Z""},{""plageId"":""p-4"",""label"":""Party"",""timeStart"":""2026-03-21T19:23:00.000Z"",""timeEnd"":""2026-03-21T20:35:00.000Z""}],""lineupPlacements"":{""SL-69b572572b5a93281f4c541e-0:698d204286a5af9808991620:sc-1:p-1"":{""slotId"":""SL-69b572572b5a93281f4c541e-0"",""userId"":""698d204286a5af9808991620"",""sceneId"":""sc-1"",""plageId"":""p-1"",""roleSystemId"":""RL-000008"",""assignedPrice"":60,""assignedStyleSystemIds"":[],""isPlaced"":true,""_pricingMeta"":{""hourlyRate"":100,""workedMin"":36,""requiredMin"":96,""billableMin"":96,""allocationRatio"":0.375,""blockSize"":2}},""SL-69b572572b5a93281f4c541e-0:698d204286a5af9808991620:sc-1:p-2"":{""slotId"":""SL-69b572572b5a93281f4c541e-0"",""userId"":""698d204286a5af9808991620"",""sceneId"":""sc-1"",""plageId"":""p-2"",""roleSystemId"":""RL-000008"",""assignedPrice"":100,""assignedStyleSystemIds"":[],""isPlaced"":true,""_pricingMeta"":{""hourlyRate"":100,""workedMin"":60,""requiredMin"":96,""billableMin"":96,""allocationRatio"":0.625,""blockSize"":2}}}}","","","event","","","","[{""submittedBallot"":false,""roleSystemId"":""RL-000008"",""styleSystemIds"":[],""joinedAt"":""2026-03-14T14:36:35.008Z"",""styleSystemId"":null,""sotsSubmitted"":null,""userId"":""69b48a2b7d5c0db589c6bb1c"",""isNoShow"":null,""status"":""confirmed""},{""submittedBallot"":false,""roleSystemId"":""RL-000008"",""styleSystemIds"":[""ST-000018""],""joinedAt"":""2026-03-14T14:36:53.941Z"",""styleSystemId"":null,""sotsSubmitted"":null,""userId"":""698d204286a5af9808991620"",""isNoShow"":null,""status"":""confirmed""}]","69b572569da31d1cdac87f74","6","","2","","","","","","","[{""roleSystemId"":""RL-000008"",""candidateUserId"":""698d204286a5af9808991620"",""confirmedBy"":""698c747aee05acfdd23ea578"",""candidateStyleSystemIds"":[""ST-000018""],""slotId"":""SL-69b572572b5a93281f4c541e-0"",""confirmedAt"":""2026-03-14T14:37:06.323Z"",""status"":""confirmed""}]","","","[]","","","","archived","69b572572b5a93281f4c541e","2026-03-14T14:36:07.893000","2026-03-31T09:22:48.017000","service_eb508f39-ce3d-4391-bb12-d4211c02ede9","false"
"","69b48a2b7d5c0db589c6bb1c","{""lineupScenes"":[{""sceneId"":""sc-1"",""label"":""Espace cocktail"",""icon"":""🍸""},{""sceneId"":""sc-1773441487814"",""label"":""Micro"",""icon"":""🎤""}],""lineupSchedule"":[{""plageId"":""p-1"",""label"":""Warmup"",""timeStart"":""2026-03-13T20:00:00.000Z"",""timeEnd"":""2026-03-13T20:54:00.000Z""},{""plageId"":""p-2"",""label"":""Peak"",""timeStart"":""2026-03-13T20:54:00.000Z"",""timeEnd"":""2026-03-13T22:15:00.000Z""},{""plageId"":""p-3"",""label"":""Closer"",""timeStart"":""2026-03-13T22:15:00.000Z"",""timeEnd"":""2026-03-13T23:00:00.000Z""}],""lineupPlacements"":{""SL-69b491d80b91a4260257904c-2:698dd1b2193c860027a3457a:sc-1:p-1"":{""slotId"":""SL-69b491d80b91a4260257904c-2"",""userId"":""698dd1b2193c860027a3457a"",""sceneId"":""sc-1"",""plageId"":""p-1"",""roleSystemId"":""RL-000010"",""assignedPrice"":90,""assignedStyleSystemIds"":[],""isPlaced"":true,""_pricingMeta"":{""hourlyRate"":100,""workedMin"":54,""requiredMin"":180,""billableMin"":180,""allocationRatio"":0.3,""blockSize"":3}},""SL-69b491d80b91a4260257904c-2:698dd1b2193c860027a3457a:sc-1:p-2"":{""slotId"":""SL-69b491d80b91a4260257904c-2"",""userId"":""698dd1b2193c860027a3457a"",""sceneId"":""sc-1"",""plageId"":""p-2"",""roleSystemId"":""RL-000010"",""assignedPrice"":135,""assignedStyleSystemIds"":[],""isPlaced"":true,""_pricingMeta"":{""hourlyRate"":100,""workedMin"":81,""requiredMin"":180,""billableMin"":180,""allocationRatio"":0.45,""blockSize"":3}},""SL-69b491d80b91a4260257904c-2:698dd1b2193c860027a3457a:sc-1:p-3"":{""slotId"":""SL-69b491d80b91a4260257904c-2"",""userId"":""698dd1b2193c860027a3457a"",""sceneId"":""sc-1"",""plageId"":""p-3"",""roleSystemId"":""RL-000010"",""assignedPrice"":75,""assignedStyleSystemIds"":[],""isPlaced"":true,""_pricingMeta"":{""hourlyRate"":100,""workedMin"":45,""requiredMin"":180,""billableMin"":180,""allocationRatio"":0.25,""blockSize"":3}},""SL-69b491d80b91a4260257904c-1:698d204286a5af9808991620:sc-1773441487814:p-1"":{""slotId"":""SL-69b491d80b91a4260257904c-1"",""userId"":""698d204286a5af9808991620"",""sceneId"":""sc-1773441487814"",""plageId"":""p-1"",""roleSystemId"":""RL-000025"",""assignedPrice"":180,""assignedStyleSystemIds"":[],""isPlaced"":true,""_pricingMeta"":{""hourlyRate"":200,""workedMin"":54,""requiredMin"":54,""billableMin"":54,""allocationRatio"":1,""blockSize"":1}}}}","","","event","","","","[{""submittedBallot"":false,""roleSystemId"":""RL-000010"",""styleSystemIds"":[""ST-000217""],""joinedAt"":""2026-03-13T22:38:44.650Z"",""styleSystemId"":null,""sotsSubmitted"":null,""userId"":""698dd1b2193c860027a3457a"",""isNoShow"":null,""status"":""lobby""},{""submittedBallot"":false,""roleSystemId"":""RL-000025"",""styleSystemIds"":[""ST-000171"",""ST-000170"",""ST-000169"",""ST-000168"",""ST-000182"",""ST-000183"",""ST-000184"",""ST-000158"",""ST-000174""],""joinedAt"":""2026-03-13T22:39:31.283Z"",""styleSystemId"":null,""sotsSubmitted"":null,""userId"":""698d204286a5af9808991620"",""isNoShow"":null,""status"":""lobby""}]","69b491d4c2139ad836163fec","6","","2","","","","","","","[{""roleSystemId"":""RL-000008"",""candidateUserId"":null,""confirmedBy"":null,""candidateStyleSystemIds"":[],""slotId"":""SL-69b491d80b91a4260257904c-0"",""confirmedAt"":null,""status"":""open""},{""roleSystemId"":""RL-000025"",""candidateUserId"":""698d204286a5af9808991620"",""confirmedBy"":null,""candidateStyleSystemIds"":[],""slotId"":""SL-69b491d80b91a4260257904c-1"",""confirmedAt"":""2026-03-13T22:39:42.526Z"",""status"":""confirmed""},{""roleSystemId"":""RL-000010"",""candidateUserId"":""698dd1b2193c860027a3457a"",""confirmedBy"":null,""candidateStyleSystemIds"":[],""slotId"":""SL-69b491d80b91a4260257904c-2"",""confirmedAt"":""2026-03-13T22:39:10.693Z"",""status"":""confirmed""}]","","","[]","","","","archived","69b491d80b91a4260257904c","2026-03-13T22:38:16.014000","2026-03-31T09:22:47.997000","service_eb508f39-ce3d-4391-bb12-d4211c02ede9","false"
"","69b48a2b7d5c0db589c6bb1c","{""lineupScenes"":[{""sceneId"":""sc-1"",""label"":""Scène principale"",""icon"":""🎛""},{""sceneId"":""sc-1773440006416"",""label"":""Micro"",""icon"":""🎤""}],""lineupSchedule"":[{""plageId"":""p-1"",""label"":""Warmup"",""timeStart"":""2026-03-21T00:14:00.000Z"",""timeEnd"":""2026-03-21T01:07:24.000Z""},{""plageId"":""p-2"",""label"":""Peak"",""timeStart"":""2026-03-21T01:07:24.000Z"",""timeEnd"":""2026-03-21T02:27:30.000Z""},{""plageId"":""p-3"",""label"":""Closer"",""timeStart"":""2026-03-21T02:27:30.000Z"",""timeEnd"":""2026-03-21T03:12:00.000Z""}],""lineupPlacements"":{""SL-69b48c13bfc97c8d257d2f14-0:698d204286a5af9808991620:sc-1773440006416:p-2"":{""slotId"":""SL-69b48c13bfc97c8d257d2f14-0"",""userId"":""698d204286a5af9808991620"",""sceneId"":""sc-1773440006416"",""plageId"":""p-2"",""roleSystemId"":""RL-000008"",""assignedPrice"":134,""assignedStyleSystemIds"":[],""isPlaced"":true,""_pricingMeta"":{""hourlyRate"":100,""workedMin"":80.1,""requiredMin"":124.6,""billableMin"":124.6,""allocationRatio"":0.6428571428571428,""blockSize"":2}},""SL-69b48c13bfc97c8d257d2f14-0:698d204286a5af9808991620:sc-1773440006416:p-3"":{""slotId"":""SL-69b48c13bfc97c8d257d2f14-0"",""userId"":""698d204286a5af9808991620"",""sceneId"":""sc-1773440006416"",""plageId"":""p-3"",""roleSystemId"":""RL-000008"",""assignedPrice"":74,""assignedStyleSystemIds"":[],""isPlaced"":true,""_pricingMeta"":{""hourlyRate"":100,""workedMin"":44.5,""requiredMin"":124.6,""billableMin"":124.6,""allocationRatio"":0.35714285714285715,""blockSize"":2}}}}","","","event","","","","[{""submittedBallot"":false,""roleSystemId"":""RL-000008"",""styleSystemIds"":[""ST-000018""],""joinedAt"":""2026-03-13T22:15:02.227Z"",""styleSystemId"":null,""sotsSubmitted"":null,""userId"":""698d204286a5af9808991620"",""isNoShow"":null,""status"":""lobby""},{""submittedBallot"":false,""roleSystemId"":""RL-000010"",""styleSystemIds"":[""ST-000219""],""joinedAt"":""2026-03-13T22:15:09.857Z"",""styleSystemId"":null,""sotsSubmitted"":null,""userId"":""698dd1b2193c860027a3457a"",""isNoShow"":null,""status"":""lobby""}]","69b48c103a2ed45b33c50763","6","","2","","","","","","","[{""roleSystemId"":""RL-000008"",""candidateUserId"":""698d204286a5af9808991620"",""confirmedBy"":null,""candidateStyleSystemIds"":[],""slotId"":""SL-69b48c13bfc97c8d257d2f14-0"",""confirmedAt"":""2026-03-13T22:15:14.109Z"",""status"":""confirmed""},{""roleSystemId"":""RL-000010"",""candidateUserId"":null,""confirmedBy"":null,""candidateStyleSystemIds"":[],""slotId"":""SL-69b48c13bfc97c8d257d2f14-1"",""confirmedAt"":null,""status"":""open""}]","","","[]","","","","archived","69b48c13bfc97c8d257d2f14","2026-03-13T22:13:39.922000","2026-03-31T09:22:48.062000","service_eb508f39-ce3d-4391-bb12-d4211c02ede9","false"
"","698dd1b2193c860027a3457a","{""lineupScenes"":[{""sceneId"":""sc-1"",""label"":""Scène principale"",""icon"":""🎛""},{""sceneId"":""sc-1773419523761"",""label"":""Micro"",""icon"":""🎤""}],""lineupSchedule"":[{""plageId"":""p-1"",""label"":""Cocktail"",""timeStart"":""2026-03-13T17:32:00.000Z"",""timeEnd"":""2026-03-13T18:02:00.000Z""},{""plageId"":""p-2"",""label"":""Souper"",""timeStart"":""2026-03-13T18:02:00.000Z"",""timeEnd"":""2026-03-13T18:44:00.000Z""},{""plageId"":""p-3"",""label"":""Party"",""timeStart"":""2026-03-13T18:44:00.000Z"",""timeEnd"":""2026-03-13T19:32:00.000Z""}]}","","","event","","","","[]","69b43c4e1c029ee0b424313b","6","","2","","","","","","","[{""roleSystemId"":""RL-000008"",""candidateUserId"":null,""confirmedBy"":null,""candidateStyleSystemIds"":[],""slotId"":""SL-69b43c69ae14201fa6ccee6d-0"",""confirmedAt"":null,""status"":""open""}]","","","[]","","","","archived","69b43c69ae14201fa6ccee6d","2026-03-13T16:33:45.607000","2026-03-31T09:22:48.008000","service_eb508f39-ce3d-4391-bb12-d4211c02ede9","false"
"","698c747aee05acfdd23ea578","{""lineupScenes"":[{""sceneId"":""sc-1"",""label"":""Scène principale"",""icon"":""🎛""},{""sceneId"":""sc-1773365468124"",""label"":""Micro"",""icon"":""🎤""}],""lineupSchedule"":[{""plageId"":""p-1"",""label"":""Accueil"",""timeStart"":""2026-03-26T20:00:00.000Z"",""timeEnd"":""2026-03-26T20:27:09.000Z""},{""plageId"":""p-2"",""label"":""Conf 1"",""timeStart"":""2026-03-26T20:27:09.000Z"",""timeEnd"":""2026-03-26T21:21:27.000Z""},{""plageId"":""p-3"",""label"":""Conf 2"",""timeStart"":""2026-03-26T21:21:27.000Z"",""timeEnd"":""2026-03-26T22:06:42.000Z""},{""plageId"":""p-4"",""label"":""Cocktail"",""timeStart"":""2026-03-26T22:06:42.000Z"",""timeEnd"":""2026-03-26T23:01:00.000Z""}],""lineupPlacements"":{""SL-69b368e7f88393f896f301ab-1:null:sc-1:p-1"":{""slotId"":""SL-69b368e7f88393f896f301ab-1"",""userId"":null,""sceneId"":""sc-1"",""plageId"":""p-1"",""roleSystemId"":""RL-000025"",""assignedPrice"":50,""assignedStyleSystemIds"":[],""isPlaced"":true},""SL-69b368e7f88393f896f301ab-0:null:sc-1:p-3"":{""slotId"":""SL-69b368e7f88393f896f301ab-0"",""userId"":null,""sceneId"":""sc-1"",""plageId"":""p-3"",""roleSystemId"":""RL-000008"",""assignedPrice"":302,""assignedStyleSystemIds"":[],""isPlaced"":true},""SL-69b368e7f88393f896f301ab-1:null:sc-1773365468124:p-1"":{""slotId"":""SL-69b368e7f88393f896f301ab-1"",""userId"":null,""sceneId"":""sc-1773365468124"",""plageId"":""p-1"",""roleSystemId"":""RL-000025"",""assignedPrice"":50,""assignedStyleSystemIds"":[],""isPlaced"":true},""SL-69b368e7f88393f896f301ab-1:null:sc-1:p-2"":{""slotId"":""SL-69b368e7f88393f896f301ab-1"",""userId"":null,""sceneId"":""sc-1"",""plageId"":""p-2"",""roleSystemId"":""RL-000025"",""assignedPrice"":91,""assignedStyleSystemIds"":[],""isPlaced"":true},""SL-69b368e7f88393f896f301ab-0:null:sc-1:p-4"":{""slotId"":""SL-69b368e7f88393f896f301ab-0"",""userId"":null,""sceneId"":""sc-1"",""plageId"":""p-4"",""roleSystemId"":""RL-000008"",""assignedPrice"":362,""assignedStyleSystemIds"":[],""isPlaced"":true}}}","","","event","","","","[{""submittedBallot"":false,""roleSystemId"":""RL-000025"",""styleSystemIds"":[""ST-000171"",""ST-000170"",""ST-000169"",""ST-000168"",""ST-000182"",""ST-000183"",""ST-000184"",""ST-000158"",""ST-000174""],""joinedAt"":""2026-03-13T12:10:59.134Z"",""styleSystemId"":null,""sotsSubmitted"":null,""userId"":""698d204286a5af9808991620"",""isNoShow"":null,""status"":""lobby""},{""submittedBallot"":false,""roleSystemId"":""RL-000008"",""styleSystemIds"":[""ST-000135"",""ST-000219""],""joinedAt"":""2026-03-13T12:11:02.776Z"",""styleSystemId"":null,""sotsSubmitted"":null,""userId"":""698dd1b2193c860027a3457a"",""isNoShow"":null,""status"":""lobby""}]","69b368e216db4aeac80f6895","6","","2","","","","","","","[{""roleSystemId"":""RL-000008"",""candidateUserId"":""698dd1b2193c860027a3457a"",""confirmedBy"":null,""candidateStyleSystemIds"":[],""slotId"":""SL-69b368e7f88393f896f301ab-0"",""confirmedAt"":""2026-03-13T12:11:12.787Z"",""status"":""confirmed""},{""roleSystemId"":""RL-000025"",""candidateUserId"":""698d204286a5af9808991620"",""confirmedBy"":null,""candidateStyleSystemIds"":[],""slotId"":""SL-69b368e7f88393f896f301ab-1"",""confirmedAt"":""2026-03-13T12:11:15.090Z"",""status"":""confirmed""}]","","","[]","","","","archived","69b368e7f88393f896f301ab","2026-03-13T01:31:19.324000","2026-03-31T09:22:48.025000","service_eb508f39-ce3d-4391-bb12-d4211c02ede9","false"
"","698dd1b2193c860027a3457a","{""lineupScenes"":[{""sceneId"":""sc-1"",""label"":""Scène principale"",""icon"":""🎛""}],""lineupSchedule"":[{""plageId"":""p-1"",""label"":""Warmup"",""timeStart"":""2026-03-12T22:53:00.000Z"",""timeEnd"":""2026-03-12T23:47:00.000Z""},{""plageId"":""p-2"",""label"":""Peak"",""timeStart"":""2026-03-12T23:47:00.000Z"",""timeEnd"":""2026-03-13T01:53:00.000Z""}]}","","","event","","","","[]","69b343eb395dc1ada2d6c4b8","6","","2","","","","","","","[{""roleSystemId"":""RL-000010"",""candidateUserId"":null,""confirmedBy"":null,""candidateStyleSystemIds"":[],""slotId"":""SL-69b343ec947f4b81b9253401-0"",""confirmedAt"":null,""status"":""open""}]","","","[]","","","","archived","69b343ec947f4b81b9253401","2026-03-12T22:53:32.540000","2026-03-31T09:22:48.012000","service_eb508f39-ce3d-4391-bb12-d4211c02ede9","false"