evaluatorWeightSnapshot,sessionStyleSystemIds,wouldRecommend,evaluatorStyleSystemIds,scoreWeighted,sessionType,fairnessResourcefulness,communication,sotsBreakdown,evaluatorRoleSystemId,evaluatorUserId,roleSystemId,targetId,sessionRoleSystemId,sessionCheckpointSystemId,sessionTags,funWork,targetType,sessionId,toxicityAvoidance,tags,attitudePositivity,sessionStyleSystemId,styleSystemIds,checkpointSystemId,scoreRaw,comment,id,created_date,updated_date,created_by_id,is_sample
"2.3026","[""ST-000038"",""ST-000100"",""ST-000165"",""ST-000217""]","true","[""ST-000201""]","11.513","quickplay","5","5","","RL-000010","69f0ffc2193f2d4d0a7bcbfa","RL-000008","698c747aee05acfdd23ea578","RL-000008","NC-0000000122","[""RL-000008"",""ST-000038"",""ST-000100"",""ST-000165"",""ST-000217"",""NC-0000000122""]","5","user","69f1034459a60f4b9ff07d82","5","[]","5","ST-000038","[""ST-000038"",""ST-000100"",""ST-000165"",""ST-000217""]","NC-0000000122","5","","69f103ac1066b0f54c38ae4d","2026-04-28T18:59:56.828000","2026-04-28T18:59:56.828000","service_eb508f39-ce3d-4391-bb12-d4211c02ede9","false"
"10.7634","[""ST-000201""]","true","[""ST-000038"",""ST-000100"",""ST-000165"",""ST-000217""]","47.359","quickplay","4","4","","RL-000008","698c747aee05acfdd23ea578","RL-000010","69f0ffc2193f2d4d0a7bcbfa","RL-000010","NC-0000000122","[""RL-000010"",""ST-000201"",""NC-0000000122""]","5","user","69f1034459a60f4b9ff07d82","4","[]","5","ST-000201","[""ST-000201""]","NC-0000000122","4.4","","69f103accc4a3a75c3bdcf35","2026-04-28T18:59:56.262000","2026-04-28T18:59:56.262000","service_eb508f39-ce3d-4391-bb12-d4211c02ede9","false"
"10.1326","[""ST-000114""]","true","[""ST-000032"",""ST-000009"",""ST-000013"",""ST-000007"",""ST-000219"",""ST-000155""]","50.663","quickplay","5","5","","RL-000025","698dbbf753d545317578c200","RL-000008","69cbfedd21c3baa494041243","RL-000008","NC-0000000104","[""RL-000008"",""ST-000114"",""NC-0000000104""]","5","user","69f0c6970803bf124b82d341","5","[]","5","ST-000114","[""ST-000114""]","NC-0000000104","5","","69f0c6cb88f985d6d23897d9","2026-04-28T14:40:11.737000","2026-04-28T14:40:11.737000","service_eb508f39-ce3d-4391-bb12-d4211c02ede9","false"
"2.3026","[""ST-000032"",""ST-000009"",""ST-000013"",""ST-000007"",""ST-000219"",""ST-000155""]","true","[""ST-000114""]","11.513","quickplay","5","5","","RL-000008","69cbfedd21c3baa494041243","RL-000025","698dbbf753d545317578c200","RL-000025","NC-0000000104","[""RL-000025"",""ST-000032"",""ST-000009"",""ST-000013"",""ST-000007"",""ST-000219"",""ST-000155"",""NC-0000000104""]","5","user","69f0c6970803bf124b82d341","5","[]","5","ST-000032","[""ST-000032"",""ST-000009"",""ST-000013"",""ST-000007"",""ST-000219"",""ST-000155""]","NC-0000000104","5","","69f0c6c4c890e2da31528e16","2026-04-28T14:40:04.310000","2026-04-28T14:40:04.310000","service_eb508f39-ce3d-4391-bb12-d4211c02ede9","false"
"10.127","[]","true","[]","36.4572","event","3","4","","RL-000009","698dbbf753d545317578c200","RL-ORGANIZER","698c747aee05acfdd23ea578","RL-ORGANIZER","NC-0000000160","[""RL-ORGANIZER"",""NC-0000000160""]","2","user","69f099b8afa18f836d087348","4","[]","5","","[]","NC-0000000160","3.6","","69f0a289f23f4d1dc187133b","2026-04-28T12:05:29.784000","2026-04-28T12:05:29.784000","service_eb508f39-ce3d-4391-bb12-d4211c02ede9","false"
"10.7566","[]","true","[]","36.5724","event","3","3","","RL-ORGANIZER","698c747aee05acfdd23ea578","RL-000009","698dbbf753d545317578c200","RL-000009","NC-0000000160","[""RL-000009"",""NC-0000000160""]","3","user","69f099b8afa18f836d087348","4","[]","4","","[]","NC-0000000160","3.4","","69f0a2832770eca4cf18e6a0","2026-04-28T12:05:23.650000","2026-04-28T12:05:23.650000","service_eb508f39-ce3d-4391-bb12-d4211c02ede9","false"
"8.5641","[""ST-000074"",""ST-000012"",""ST-000042"",""ST-000008""]","false","[""ST-000074"",""ST-000012"",""ST-000042"",""ST-000008""]","8.5641","event","1","1","","RL-000008","698dc6f781b400b640a229f6","RL-ORGANIZER","699c655e40e8dc98eacda675","RL-ORGANIZER","NC-0000000165","[""RL-ORGANIZER"",""ST-000074"",""ST-000012"",""ST-000042"",""ST-000008"",""NC-0000000165""]","1","user","69eb6a83d8a595925a5192e8","1","[]","1","ST-000074","[""ST-000074"",""ST-000012"",""ST-000042"",""ST-000008""]","NC-0000000165","1","","69eb775fce76bc6020fe4d3a","2026-04-24T13:59:59.328000","2026-04-24T13:59:59.328000","service_eb508f39-ce3d-4391-bb12-d4211c02ede9","false"
"8.5641","[]","false","[""ST-000074"",""ST-000012"",""ST-000042"",""ST-000008""]","8.5641","event","1","1","","RL-000008","698dc6f781b400b640a229f6","RL-000008","698d204286a5af9808991620","RL-000008","NC-0000000165","[""RL-000008"",""NC-0000000165""]","1","user","69eb6a83d8a595925a5192e8","1","[]","1","","[]","NC-0000000165","1","","69eb775fd3ee2aa0573c5852","2026-04-24T13:59:59.163000","2026-04-24T13:59:59.163000","service_eb508f39-ce3d-4391-bb12-d4211c02ede9","false"
"7.4797","[]","false","[""ST-000074"",""ST-000012"",""ST-000042"",""ST-000008""]","7.4797","event","1","1","","RL-ORGANIZER","699c655e40e8dc98eacda675","RL-000008","698d204286a5af9808991620","RL-000008","NC-0000000165","[""RL-000008"",""NC-0000000165""]","1","user","69eb6a83d8a595925a5192e8","1","[]","1","","[]","NC-0000000165","1","","69eb77598268bb61661b4d99","2026-04-24T13:59:53.709000","2026-04-24T13:59:53.709000","service_eb508f39-ce3d-4391-bb12-d4211c02ede9","false"
"7.4797","[""ST-000074"",""ST-000012"",""ST-000042"",""ST-000008""]","false","[""ST-000074"",""ST-000012"",""ST-000042"",""ST-000008""]","7.4797","event","1","1","","RL-ORGANIZER","699c655e40e8dc98eacda675","RL-000008","698dc6f781b400b640a229f6","RL-000008","NC-0000000165","[""RL-000008"",""ST-000074"",""ST-000012"",""ST-000042"",""ST-000008"",""NC-0000000165""]","1","user","69eb6a83d8a595925a5192e8","1","[]","1","ST-000074","[""ST-000074"",""ST-000012"",""ST-000042"",""ST-000008""]","NC-0000000165","1","","69eb77596272d2a46bd5017e","2026-04-24T13:59:53.216000","2026-04-24T13:59:53.216000","service_eb508f39-ce3d-4391-bb12-d4211c02ede9","false"
"8.8804","[""ST-000088"",""ST-000074""]","false","[]","8.8804","event","1","1","","RL-000008","69cd302266f2193a99122757","RL-ORGANIZER","698c747aee05acfdd23ea578","RL-ORGANIZER","NC-0000000165","[""RL-ORGANIZER"",""ST-000088"",""ST-000074"",""NC-0000000165""]","1","user","69eb682cd2b77c668d3efe23","1","[]","1","ST-000088","[""ST-000088"",""ST-000074""]","NC-0000000165","1","","69eb76b554186a6665d3d0d7","2026-04-24T13:57:09.062000","2026-04-24T13:57:09.062000","service_eb508f39-ce3d-4391-bb12-d4211c02ede9","false"
"8.8804","[""ST-000088"",""ST-000074""]","false","[]","8.8804","event","1","1","","RL-000008","69cd302266f2193a99122757","RL-000008","698d204286a5af9808991620","RL-000008","NC-0000000165","[""RL-000008"",""ST-000088"",""ST-000074"",""NC-0000000165""]","1","user","69eb682cd2b77c668d3efe23","1","[]","1","ST-000088","[""ST-000088"",""ST-000074""]","NC-0000000165","1","","69eb76b420e235b602181c93","2026-04-24T13:57:08.906000","2026-04-24T13:57:08.906000","service_eb508f39-ce3d-4391-bb12-d4211c02ede9","false"
"10.0367","[""ST-000088"",""ST-000074""]","false","[]","18.0661","event","1","3","","RL-AUDIENCE","69b48a2b7d5c0db589c6bb1c","RL-ORGANIZER","698c747aee05acfdd23ea578","RL-ORGANIZER","NC-0000000165","[""RL-ORGANIZER"",""ST-000088"",""ST-000074"",""NC-0000000165""]","3","user","69eb682cd2b77c668d3efe23","1","[]","1","ST-000088","[""ST-000088"",""ST-000074""]","NC-0000000165","1.8","","69eb76ab83e2cadfe7012c4a","2026-04-24T13:56:59.875000","2026-04-24T13:56:59.875000","service_eb508f39-ce3d-4391-bb12-d4211c02ede9","false"
"10.0367","[""ST-000088"",""ST-000074""]","false","[]","18.0661","event","1","3","","RL-AUDIENCE","69b48a2b7d5c0db589c6bb1c","RL-000008","698d204286a5af9808991620","RL-000008","NC-0000000165","[""RL-000008"",""ST-000088"",""ST-000074"",""NC-0000000165""]","3","user","69eb682cd2b77c668d3efe23","1","[]","1","ST-000088","[""ST-000088"",""ST-000074""]","NC-0000000165","1.8","","69eb76ab1e5f1d7b1ade796e","2026-04-24T13:56:59.695000","2026-04-24T13:56:59.695000","service_eb508f39-ce3d-4391-bb12-d4211c02ede9","false"
"10.0367","[]","false","[]","18.0661","event","1","3","","RL-AUDIENCE","69b48a2b7d5c0db589c6bb1c","RL-000008","69cd302266f2193a99122757","RL-000008","NC-0000000165","[""RL-000008"",""NC-0000000165""]","3","user","69eb682cd2b77c668d3efe23","1","[]","1","","[]","NC-0000000165","1.8","","69eb76abb9f90a9c1b0ec3d5","2026-04-24T13:56:59.507000","2026-04-24T13:56:59.507000","service_eb508f39-ce3d-4391-bb12-d4211c02ede9","false"
"10.7498","[""ST-000088"",""ST-000074""]","false","[""ST-000088"",""ST-000074""]","34.3994","event","3","3","","RL-ORGANIZER","698c747aee05acfdd23ea578","RL-000008","698d204286a5af9808991620","RL-000008","NC-0000000165","[""RL-000008"",""ST-000088"",""ST-000074"",""NC-0000000165""]","4","user","69eb682cd2b77c668d3efe23","3","[]","3","ST-000088","[""ST-000088"",""ST-000074""]","NC-0000000165","3.2","","69eb769915e5d2dfe5bb9e9f","2026-04-24T13:56:41.577000","2026-04-24T13:56:41.577000","service_eb508f39-ce3d-4391-bb12-d4211c02ede9","false"
"10.7498","[]","false","[""ST-000088"",""ST-000074""]","34.3994","event","3","3","","RL-ORGANIZER","698c747aee05acfdd23ea578","RL-000008","69cd302266f2193a99122757","RL-000008","NC-0000000165","[""RL-000008"",""NC-0000000165""]","4","user","69eb682cd2b77c668d3efe23","3","[]","3","","[]","NC-0000000165","3.2","","69eb7699876fccdb4db0972d","2026-04-24T13:56:41.216000","2026-04-24T13:56:41.216000","service_eb508f39-ce3d-4391-bb12-d4211c02ede9","false"
"8.3309","[""ST-000100"",""ST-000102"",""ST-000104"",""ST-000074"",""ST-000012"",""ST-000042"",""ST-000008""]","false","[""ST-000074"",""ST-000012"",""ST-000042"",""ST-000008""]","16.6618","event","2","2","","RL-000008","698dc6f781b400b640a229f6","RL-ORGANIZER","698dbbf753d545317578c200","RL-ORGANIZER","NC-0000000165","[""RL-ORGANIZER"",""ST-000100"",""ST-000102"",""ST-000104"",""ST-000074"",""ST-000012"",""ST-000042"",""ST-000008"",""NC-0000000165""]","2","user","69eb5ea4d363b3e6878d5f16","2","[]","2","ST-000100","[""ST-000100"",""ST-000102"",""ST-000104"",""ST-000074"",""ST-000012"",""ST-000042"",""ST-000008""]","NC-0000000165","2","","69eb6384705f4b4ad2b8d549","2026-04-24T12:35:16.373000","2026-04-24T12:35:16.373000","service_eb508f39-ce3d-4391-bb12-d4211c02ede9","false"
"8.3309","[""ST-000100"",""ST-000102"",""ST-000104""]","false","[""ST-000074"",""ST-000012"",""ST-000042"",""ST-000008""]","16.6618","event","2","2","","RL-000008","698dc6f781b400b640a229f6","RL-000008","699c655e40e8dc98eacda675","RL-000008","NC-0000000165","[""RL-000008"",""ST-000100"",""ST-000102"",""ST-000104"",""NC-0000000165""]","2","user","69eb5ea4d363b3e6878d5f16","2","[]","2","ST-000100","[""ST-000100"",""ST-000102"",""ST-000104""]","NC-0000000165","2","","69eb638468f62886626d536a","2026-04-24T12:35:16.178000","2026-04-24T12:35:16.178000","service_eb508f39-ce3d-4391-bb12-d4211c02ede9","false"
"10.0609","[""ST-000074"",""ST-000012"",""ST-000042"",""ST-000008""]","false","[""ST-000100"",""ST-000102"",""ST-000104"",""ST-000074"",""ST-000012"",""ST-000042"",""ST-000008""]","20.1218","event","2","2","","RL-ORGANIZER","698dbbf753d545317578c200","RL-000008","698dc6f781b400b640a229f6","RL-000008","NC-0000000165","[""RL-000008"",""ST-000074"",""ST-000012"",""ST-000042"",""ST-000008"",""NC-0000000165""]","2","user","69eb5ea4d363b3e6878d5f16","2","[]","2","ST-000074","[""ST-000074"",""ST-000012"",""ST-000042"",""ST-000008""]","NC-0000000165","2","","69eb637cf4d8403c0dfacb73","2026-04-24T12:35:08.343000","2026-04-24T12:35:08.343000","service_eb508f39-ce3d-4391-bb12-d4211c02ede9","false"
"10.0609","[""ST-000100"",""ST-000102"",""ST-000104""]","false","[""ST-000100"",""ST-000102"",""ST-000104"",""ST-000074"",""ST-000012"",""ST-000042"",""ST-000008""]","20.1218","event","2","2","","RL-ORGANIZER","698dbbf753d545317578c200","RL-000008","699c655e40e8dc98eacda675","RL-000008","NC-0000000165","[""RL-000008"",""ST-000100"",""ST-000102"",""ST-000104"",""NC-0000000165""]","2","user","69eb5ea4d363b3e6878d5f16","2","[]","2","ST-000100","[""ST-000100"",""ST-000102"",""ST-000104""]","NC-0000000165","2","","69eb637c2e7753dc75426bce","2026-04-24T12:35:08.029000","2026-04-24T12:35:08.029000","service_eb508f39-ce3d-4391-bb12-d4211c02ede9","false"
"8.8407","[]","false","[]","8.8407","event","1","1","","RL-000010","69cd302266f2193a99122757","RL-ORGANIZER","698c747aee05acfdd23ea578","RL-ORGANIZER","","[""RL-ORGANIZER""]","1","user","69eb54a2f5c5fc5960ac180b","1","[]","1","","[]","","1","","69eb631db972b5abd067a70c","2026-04-24T12:33:33.860000","2026-04-24T12:33:33.860000","service_eb508f39-ce3d-4391-bb12-d4211c02ede9","false"
"8.8407","[]","false","[]","8.8407","event","1","1","","RL-000010","69cd302266f2193a99122757","RL-000010","698d204286a5af9808991620","RL-000010","","[""RL-000010""]","1","user","69eb54a2f5c5fc5960ac180b","1","[]","1","","[]","","1","","69eb631d31d3c4905870600a","2026-04-24T12:33:33.665000","2026-04-24T12:33:33.665000","service_eb508f39-ce3d-4391-bb12-d4211c02ede9","false"
"10.0367","[]","false","[]","10.0367","event","1","1","","RL-AUDIENCE","69b48a2b7d5c0db589c6bb1c","RL-ORGANIZER","698c747aee05acfdd23ea578","RL-ORGANIZER","","[""RL-ORGANIZER""]","1","user","69eb54a2f5c5fc5960ac180b","1","[]","1","","[]","","1","","69eb630cf026ec15f8156ede","2026-04-24T12:33:16.090000","2026-04-24T12:33:16.090000","service_eb508f39-ce3d-4391-bb12-d4211c02ede9","false"
"10.0367","[]","false","[]","10.0367","event","1","1","","RL-AUDIENCE","69b48a2b7d5c0db589c6bb1c","RL-000010","698d204286a5af9808991620","RL-000010","","[""RL-000010""]","1","user","69eb54a2f5c5fc5960ac180b","1","[]","1","","[]","","1","","69eb630b0fbcc0fae6166f0b","2026-04-24T12:33:15.911000","2026-04-24T12:33:15.911000","service_eb508f39-ce3d-4391-bb12-d4211c02ede9","false"
"10.0367","[]","false","[]","10.0367","event","1","1","","RL-AUDIENCE","69b48a2b7d5c0db589c6bb1c","RL-000010","69cd302266f2193a99122757","RL-000010","","[""RL-000010""]","1","user","69eb54a2f5c5fc5960ac180b","1","[]","1","","[]","","1","","69eb630bf56a3b9237945dc1","2026-04-24T12:33:15.685000","2026-04-24T12:33:15.685000","service_eb508f39-ce3d-4391-bb12-d4211c02ede9","false"
"9.7762","[]","false","[]","9.7762","event","1","1","","RL-AUDIENCE","698dd1b2193c860027a3457a","RL-ORGANIZER","698c747aee05acfdd23ea578","RL-ORGANIZER","","[""RL-ORGANIZER""]","1","user","69eb54a2f5c5fc5960ac180b","1","[]","1","","[]","","1","","69eb62fe2c281e4d60a9f72c","2026-04-24T12:33:02.429000","2026-04-24T12:33:02.429000","service_eb508f39-ce3d-4391-bb12-d4211c02ede9","false"
"9.7762","[]","false","[]","9.7762","event","1","1","","RL-AUDIENCE","698dd1b2193c860027a3457a","RL-000010","698d204286a5af9808991620","RL-000010","","[""RL-000010""]","1","user","69eb54a2f5c5fc5960ac180b","1","[]","1","","[]","","1","","69eb62fe773ca66bcd5d2584","2026-04-24T12:33:02.195000","2026-04-24T12:33:02.195000","service_eb508f39-ce3d-4391-bb12-d4211c02ede9","false"
"9.7762","[]","false","[]","9.7762","event","1","1","","RL-AUDIENCE","698dd1b2193c860027a3457a","RL-000010","69cd302266f2193a99122757","RL-000010","","[""RL-000010""]","1","user","69eb54a2f5c5fc5960ac180b","1","[]","1","","[]","","1","","69eb62fdc50ac3b0104d8e71","2026-04-24T12:33:01.806000","2026-04-24T12:33:01.806000","service_eb508f39-ce3d-4391-bb12-d4211c02ede9","false"
"10.6933","[]","false","[]","10.6933","event","1","1","","RL-ORGANIZER","698c747aee05acfdd23ea578","RL-000010","698d204286a5af9808991620","RL-000010","","[""RL-000010""]","1","user","69eb54a2f5c5fc5960ac180b","1","[]","1","","[]","","1","","69eb62f5f5ee97c7e0e3d06c","2026-04-24T12:32:53.666000","2026-04-24T12:32:53.666000","service_eb508f39-ce3d-4391-bb12-d4211c02ede9","false"
"10.6933","[]","false","[]","10.6933","event","1","1","","RL-ORGANIZER","698c747aee05acfdd23ea578","RL-000010","69cd302266f2193a99122757","RL-000010","","[""RL-000010""]","1","user","69eb54a2f5c5fc5960ac180b","1","[]","1","","[]","","1","","69eb62f5f401313222fb8457","2026-04-24T12:32:53.460000","2026-04-24T12:32:53.460000","service_eb508f39-ce3d-4391-bb12-d4211c02ede9","false"
"11.1274","[]","true","[]","33.3822","event","3","3","","RL-AUDIENCE","698d204286a5af9808991620","RL-ORGANIZER","69cd302266f2193a99122757","RL-ORGANIZER","NC-0000000165","[""RL-ORGANIZER"",""NC-0000000165""]","3","user","69ea444a83c7c0fbf873df29","3","[]","3","","[]","NC-0000000165","3","","69eb54cdcf856b28dadb629d","2026-04-24T11:32:29.644000","2026-04-24T11:32:29.644000","service_eb508f39-ce3d-4391-bb12-d4211c02ede9","false"
"11.1274","[]","true","[]","33.3822","event","3","3","","RL-AUDIENCE","698d204286a5af9808991620","RL-000009","698c747aee05acfdd23ea578","RL-000009","NC-0000000165","[""RL-000009"",""NC-0000000165""]","3","user","69ea444a83c7c0fbf873df29","3","[]","3","","[]","NC-0000000165","3","","69eb54cd2c00b13adb8bd0cb","2026-04-24T11:32:29.507000","2026-04-24T11:32:29.507000","service_eb508f39-ce3d-4391-bb12-d4211c02ede9","false"
"10.3628","[""ST-000077"",""ST-000103""]","true","[""ST-000077"",""ST-000103""]","49.7414","event","5","5","","RL-000008","698dd1b2193c860027a3457a","RL-ORGANIZER","698d204286a5af9808991620","RL-ORGANIZER","NC-0000000165","[""RL-ORGANIZER"",""ST-000077"",""ST-000103"",""NC-0000000165""]","5","user","69eabaa1c05f12225946de3b","4","[]","5","ST-000077","[""ST-000077"",""ST-000103""]","NC-0000000165","4.8","","69eac4e4ce551fcac2c9c717","2026-04-24T01:18:28.204000","2026-04-24T01:18:28.204000","service_eb508f39-ce3d-4391-bb12-d4211c02ede9","false"
"10.3628","[]","true","[""ST-000077"",""ST-000103""]","49.7414","event","5","5","","RL-000008","698dd1b2193c860027a3457a","RL-000061","698dc6f781b400b640a229f6","RL-000061","NC-0000000165","[""RL-000061"",""NC-0000000165""]","5","user","69eabaa1c05f12225946de3b","4","[]","5","","[]","NC-0000000165","4.8","","69eac4e39efc6f198bc7fec2","2026-04-24T01:18:27.967000","2026-04-24T01:18:27.967000","service_eb508f39-ce3d-4391-bb12-d4211c02ede9","false"
"10.3628","[]","true","[""ST-000077"",""ST-000103""]","49.7414","event","5","5","","RL-000008","698dd1b2193c860027a3457a","RL-000010","69b48a2b7d5c0db589c6bb1c","RL-000010","NC-0000000165","[""RL-000010"",""NC-0000000165""]","5","user","69eabaa1c05f12225946de3b","4","[]","5","","[]","NC-0000000165","4.8","","69eac4e3f6ac2b89ce2c0eb9","2026-04-24T01:18:27.791000","2026-04-24T01:18:27.791000","service_eb508f39-ce3d-4391-bb12-d4211c02ede9","false"
"10.3628","[]","true","[""ST-000077"",""ST-000103""]","49.7414","event","5","5","","RL-000008","698dd1b2193c860027a3457a","RL-000061","698c747aee05acfdd23ea578","RL-000061","NC-0000000165","[""RL-000061"",""NC-0000000165""]","5","user","69eabaa1c05f12225946de3b","4","[]","5","","[]","NC-0000000165","4.8","","69eac4e3941a823d2b04f400","2026-04-24T01:18:27.646000","2026-04-24T01:18:27.646000","service_eb508f39-ce3d-4391-bb12-d4211c02ede9","false"
"10.3628","[]","true","[""ST-000077"",""ST-000103""]","49.7414","event","5","5","","RL-000008","698dd1b2193c860027a3457a","RL-000060","69cd302266f2193a99122757","RL-000060","NC-0000000165","[""RL-000060"",""NC-0000000165""]","5","user","69eabaa1c05f12225946de3b","4","[]","5","","[]","NC-0000000165","4.8","","69eac4e30d922b440ba215cd","2026-04-24T01:18:27.471000","2026-04-24T01:18:27.471000","service_eb508f39-ce3d-4391-bb12-d4211c02ede9","false"
"11.326","[]","true","[""ST-000077"",""ST-000103""]","43.0388","event","4","4","","RL-ORGANIZER","698d204286a5af9808991620","RL-000061","698dc6f781b400b640a229f6","RL-000061","NC-0000000165","[""RL-000061"",""NC-0000000165""]","4","user","69eabaa1c05f12225946de3b","3","[]","4","","[]","NC-0000000165","3.8","no show ","69eac4d05cba3c22f1be9f05","2026-04-24T01:18:08.497000","2026-04-24T01:18:08.497000","service_eb508f39-ce3d-4391-bb12-d4211c02ede9","false"
"11.326","[""ST-000077"",""ST-000103""]","true","[""ST-000077"",""ST-000103""]","43.0388","event","4","4","","RL-ORGANIZER","698d204286a5af9808991620","RL-000008","698dd1b2193c860027a3457a","RL-000008","NC-0000000165","[""RL-000008"",""ST-000077"",""ST-000103"",""NC-0000000165""]","4","user","69eabaa1c05f12225946de3b","3","[]","4","ST-000077","[""ST-000077"",""ST-000103""]","NC-0000000165","3.8","no show ","69eac4d0902ec6b86fe337dd","2026-04-24T01:18:08.300000","2026-04-24T01:18:08.300000","service_eb508f39-ce3d-4391-bb12-d4211c02ede9","false"
"11.326","[]","true","[""ST-000077"",""ST-000103""]","43.0388","event","4","4","","RL-ORGANIZER","698d204286a5af9808991620","RL-000010","69b48a2b7d5c0db589c6bb1c","RL-000010","NC-0000000165","[""RL-000010"",""NC-0000000165""]","4","user","69eabaa1c05f12225946de3b","3","[]","4","","[]","NC-0000000165","3.8","no show ","69eac4d0ebf70797249a8911","2026-04-24T01:18:08.023000","2026-04-24T01:18:08.023000","service_eb508f39-ce3d-4391-bb12-d4211c02ede9","false"
"11.326","[]","true","[""ST-000077"",""ST-000103""]","43.0388","event","4","4","","RL-ORGANIZER","698d204286a5af9808991620","RL-000061","698c747aee05acfdd23ea578","RL-000061","NC-0000000165","[""RL-000061"",""NC-0000000165""]","4","user","69eabaa1c05f12225946de3b","3","[]","4","","[]","NC-0000000165","3.8","no show ","69eac4cff678daa0e43c8fae","2026-04-24T01:18:07.886000","2026-04-24T01:18:07.886000","service_eb508f39-ce3d-4391-bb12-d4211c02ede9","false"
"11.326","[]","true","[""ST-000077"",""ST-000103""]","43.0388","event","4","4","","RL-ORGANIZER","698d204286a5af9808991620","RL-000060","69cd302266f2193a99122757","RL-000060","NC-0000000165","[""RL-000060"",""NC-0000000165""]","4","user","69eabaa1c05f12225946de3b","3","[]","4","","[]","NC-0000000165","3.8","no show ","69eac4cf5173f7791b0a61f5","2026-04-24T01:18:07.721000","2026-04-24T01:18:07.721000","service_eb508f39-ce3d-4391-bb12-d4211c02ede9","false"
"9.4968","[]","true","[]","28.4904","event","3","3","","RL-AUDIENCE","69cd302266f2193a99122757","RL-ORGANIZER","699c655e40e8dc98eacda675","RL-ORGANIZER","NC-0000000165","[""RL-ORGANIZER"",""NC-0000000165""]","3","user","69ea7a3fb87a8aad8bf80e46","3","[]","3","","[]","NC-0000000165","3","","69eaa8c011b60859963f31b4","2026-04-23T23:18:24.417000","2026-04-23T23:18:24.417000","service_eb508f39-ce3d-4391-bb12-d4211c02ede9","false"
"9.4968","[]","true","[]","28.4904","event","3","3","","RL-AUDIENCE","69cd302266f2193a99122757","RL-000060","698d204286a5af9808991620","RL-000060","NC-0000000165","[""RL-000060"",""NC-0000000165""]","3","user","69ea7a3fb87a8aad8bf80e46","3","[]","3","","[]","NC-0000000165","3","","69eaa8c0d47f201a041e4e7b","2026-04-23T23:18:24.166000","2026-04-23T23:18:24.166000","service_eb508f39-ce3d-4391-bb12-d4211c02ede9","false"
"9.4968","[]","true","[]","28.4904","event","3","3","","RL-AUDIENCE","69cd302266f2193a99122757","RL-000009","698dd1b2193c860027a3457a","RL-000009","NC-0000000165","[""RL-000009"",""NC-0000000165""]","3","user","69ea7a3fb87a8aad8bf80e46","3","[]","3","","[]","NC-0000000165","3","","69eaa8bff9eff53d556845fd","2026-04-23T23:18:23.894000","2026-04-23T23:18:23.894000","service_eb508f39-ce3d-4391-bb12-d4211c02ede9","false"
"8.599","[]","false","[]","8.599","event","1","1","","RL-AUDIENCE","698dc6f781b400b640a229f6","RL-ORGANIZER","699c655e40e8dc98eacda675","RL-ORGANIZER","NC-0000000165","[""RL-ORGANIZER"",""NC-0000000165""]","1","user","69ea7a3fb87a8aad8bf80e46","1","[]","1","","[]","NC-0000000165","1","","69ea7d84564a14da275aa3dc","2026-04-23T20:13:56.109000","2026-04-23T20:13:56.109000","service_eb508f39-ce3d-4391-bb12-d4211c02ede9","false"
"8.599","[]","false","[]","8.599","event","1","1","","RL-AUDIENCE","698dc6f781b400b640a229f6","RL-000060","698d204286a5af9808991620","RL-000060","NC-0000000165","[""RL-000060"",""NC-0000000165""]","1","user","69ea7a3fb87a8aad8bf80e46","1","[]","1","","[]","NC-0000000165","1","","69ea7d83db464fa132ae5d8f","2026-04-23T20:13:55.930000","2026-04-23T20:13:55.930000","service_eb508f39-ce3d-4391-bb12-d4211c02ede9","false"
"8.599","[]","false","[]","8.599","event","1","1","","RL-AUDIENCE","698dc6f781b400b640a229f6","RL-000009","698dd1b2193c860027a3457a","RL-000009","NC-0000000165","[""RL-000009"",""NC-0000000165""]","1","user","69ea7a3fb87a8aad8bf80e46","1","[]","1","","[]","NC-0000000165","1","","69ea7d83d1ccb1e2b126dd27","2026-04-23T20:13:55.738000","2026-04-23T20:13:55.738000","service_eb508f39-ce3d-4391-bb12-d4211c02ede9","false"
"10.809","[]","false","[]","10.809","event","1","1","","RL-AUDIENCE","69b48a2b7d5c0db589c6bb1c","RL-ORGANIZER","699c655e40e8dc98eacda675","RL-ORGANIZER","NC-0000000165","[""RL-ORGANIZER"",""NC-0000000165""]","1","user","69ea7a3fb87a8aad8bf80e46","1","[]","1","","[]","NC-0000000165","1","","69ea7d77204c4305b827394c","2026-04-23T20:13:43.232000","2026-04-23T20:13:43.232000","service_eb508f39-ce3d-4391-bb12-d4211c02ede9","false"
"10.809","[]","false","[]","10.809","event","1","1","","RL-AUDIENCE","69b48a2b7d5c0db589c6bb1c","RL-000060","698d204286a5af9808991620","RL-000060","NC-0000000165","[""RL-000060"",""NC-0000000165""]","1","user","69ea7a3fb87a8aad8bf80e46","1","[]","1","","[]","NC-0000000165","1","","69ea7d772b90b440719ec810","2026-04-23T20:13:43.104000","2026-04-23T20:13:43.104000","service_eb508f39-ce3d-4391-bb12-d4211c02ede9","false"
"10.809","[]","false","[]","10.809","event","1","1","","RL-AUDIENCE","69b48a2b7d5c0db589c6bb1c","RL-000009","698dd1b2193c860027a3457a","RL-000009","NC-0000000165","[""RL-000009"",""NC-0000000165""]","1","user","69ea7a3fb87a8aad8bf80e46","1","[]","1","","[]","NC-0000000165","1","","69ea7d76e6f2f0fa99122695","2026-04-23T20:13:42.975000","2026-04-23T20:13:42.975000","service_eb508f39-ce3d-4391-bb12-d4211c02ede9","false"
"11.5362","[]","true","[]","20.7652","event","3","1","","RL-000060","698d204286a5af9808991620","RL-ORGANIZER","699c655e40e8dc98eacda675","RL-ORGANIZER","NC-0000000165","[""RL-ORGANIZER"",""NC-0000000165""]","2","user","69ea7a3fb87a8aad8bf80e46","1","[]","2","","[]","NC-0000000165","1.8","","69ea7d6a3504e2ff728101a7","2026-04-23T20:13:30.560000","2026-04-23T20:13:30.560000","service_eb508f39-ce3d-4391-bb12-d4211c02ede9","false"
"11.5362","[]","true","[]","20.7652","event","3","1","","RL-000060","698d204286a5af9808991620","RL-000009","698dd1b2193c860027a3457a","RL-000009","NC-0000000165","[""RL-000009"",""NC-0000000165""]","2","user","69ea7a3fb87a8aad8bf80e46","1","[]","2","","[]","NC-0000000165","1.8","","69ea7d6af9f4550ea641f649","2026-04-23T20:13:30.403000","2026-04-23T20:13:30.403000","service_eb508f39-ce3d-4391-bb12-d4211c02ede9","false"
"7.7845","[]","true","[]","18.6828","event","1","4","","RL-ORGANIZER","699c655e40e8dc98eacda675","RL-000060","698d204286a5af9808991620","RL-000060","NC-0000000165","[""RL-000060"",""NC-0000000165""]","2","user","69ea7a3fb87a8aad8bf80e46","2","[]","3","","[]","NC-0000000165","2.4","","69ea7d54805f5e8e713ad719","2026-04-23T20:13:08.815000","2026-04-23T20:13:08.815000","service_eb508f39-ce3d-4391-bb12-d4211c02ede9","false"
"7.7845","[]","true","[]","18.6828","event","1","4","","RL-ORGANIZER","699c655e40e8dc98eacda675","RL-000009","698dd1b2193c860027a3457a","RL-000009","NC-0000000165","[""RL-000009"",""NC-0000000165""]","2","user","69ea7a3fb87a8aad8bf80e46","2","[]","3","","[]","NC-0000000165","2.4","","69ea7d5446b1400ba70eb72d","2026-04-23T20:13:08.622000","2026-04-23T20:13:08.622000","service_eb508f39-ce3d-4391-bb12-d4211c02ede9","false"
"8.2806","[]","true","[]","21.5296","event","3","2","","RL-AUDIENCE","698dc6f781b400b640a229f6","RL-ORGANIZER","69cd302266f2193a99122757","RL-ORGANIZER","NC-0000000165","[""RL-ORGANIZER"",""NC-0000000165""]","2","user","69ea444a83c7c0fbf873df29","2","[]","4","","[]","NC-0000000165","2.6","","69ea7b8ba46ad94e294efa73","2026-04-23T20:05:31.976000","2026-04-23T20:05:31.976000","service_eb508f39-ce3d-4391-bb12-d4211c02ede9","false"
"8.2806","[]","true","[]","21.5296","event","3","2","","RL-AUDIENCE","698dc6f781b400b640a229f6","RL-000009","698c747aee05acfdd23ea578","RL-000009","NC-0000000165","[""RL-000009"",""NC-0000000165""]","2","user","69ea444a83c7c0fbf873df29","2","[]","4","","[]","NC-0000000165","2.6","","69ea7b8beddde9f5a293870d","2026-04-23T20:05:31.763000","2026-04-23T20:05:31.763000","service_eb508f39-ce3d-4391-bb12-d4211c02ede9","false"
"11.0943","[]","true","[]","44.3772","event","5","3","","RL-000009","698c747aee05acfdd23ea578","RL-ORGANIZER","69cd302266f2193a99122757","RL-ORGANIZER","NC-0000000165","[""RL-ORGANIZER"",""NC-0000000165""]","4","user","69ea444a83c7c0fbf873df29","5","[]","3","","[]","NC-0000000165","4","","69ea46e77bbe374d53a6e7fe","2026-04-23T16:20:55.194000","2026-04-23T16:20:55.194000","service_eb508f39-ce3d-4391-bb12-d4211c02ede9","false"
"8.9175","[]","false","[]","10.701","event","1","1","","RL-AUDIENCE","698dc6f781b400b640a229f6","RL-ORGANIZER","69cd302266f2193a99122757","RL-ORGANIZER","NC-0000000165","[""RL-ORGANIZER"",""NC-0000000165""]","2","user","69ea38ce560c827a7f50a276","1","[]","1","","[]","NC-0000000165","1.2","","69ea42230d632f7c6e0035ab","2026-04-23T16:00:35.676000","2026-04-23T16:00:35.676000","service_eb508f39-ce3d-4391-bb12-d4211c02ede9","false"
"8.9175","[]","false","[]","10.701","event","1","1","","RL-AUDIENCE","698dc6f781b400b640a229f6","RL-000008","698c747aee05acfdd23ea578","RL-000008","NC-0000000165","[""RL-000008"",""NC-0000000165""]","2","user","69ea38ce560c827a7f50a276","1","[]","1","","[]","NC-0000000165","1.2","","69ea422381a2fc63cef0b14a","2026-04-23T16:00:35.411000","2026-04-23T16:00:35.411000","service_eb508f39-ce3d-4391-bb12-d4211c02ede9","false"
"11.2682","[]","true","[]","38.3119","event","3","3","","RL-AUDIENCE","698dbbf753d545317578c200","RL-ORGANIZER","69cd302266f2193a99122757","RL-ORGANIZER","NC-0000000165","[""RL-ORGANIZER"",""NC-0000000165""]","2","user","69ea38ce560c827a7f50a276","4","[]","5","","[]","NC-0000000165","3.4","","69ea420faa0b136099e9fa3a","2026-04-23T16:00:15.724000","2026-04-23T16:00:15.724000","service_eb508f39-ce3d-4391-bb12-d4211c02ede9","false"
"11.2682","[]","true","[]","38.3119","event","3","3","","RL-AUDIENCE","698dbbf753d545317578c200","RL-000008","698c747aee05acfdd23ea578","RL-000008","NC-0000000165","[""RL-000008"",""NC-0000000165""]","2","user","69ea38ce560c827a7f50a276","4","[]","5","","[]","NC-0000000165","3.4","","69ea420ff6a762149ef018fa","2026-04-23T16:00:15.542000","2026-04-23T16:00:15.542000","service_eb508f39-ce3d-4391-bb12-d4211c02ede9","false"
"11.2093","[]","true","[]","33.6279","event","3","5","","RL-AUDIENCE","69b48a2b7d5c0db589c6bb1c","RL-ORGANIZER","69cd302266f2193a99122757","RL-ORGANIZER","NC-0000000165","[""RL-ORGANIZER"",""NC-0000000165""]","2","user","69ea38ce560c827a7f50a276","1","[]","4","","[]","NC-0000000165","3","","69ea41fcad3d2456673ee60f","2026-04-23T15:59:56.522000","2026-04-23T15:59:56.522000","service_eb508f39-ce3d-4391-bb12-d4211c02ede9","false"
"11.2093","[]","true","[]","33.6279","event","3","5","","RL-AUDIENCE","69b48a2b7d5c0db589c6bb1c","RL-000008","698c747aee05acfdd23ea578","RL-000008","NC-0000000165","[""RL-000008"",""NC-0000000165""]","2","user","69ea38ce560c827a7f50a276","1","[]","4","","[]","NC-0000000165","3","","69ea41fc302d046a42091d3b","2026-04-23T15:59:56.236000","2026-04-23T15:59:56.236000","service_eb508f39-ce3d-4391-bb12-d4211c02ede9","false"
"10.9288","[]","false","[]","45.901","event","5","5","","RL-AUDIENCE","698dd1b2193c860027a3457a","RL-ORGANIZER","69cd302266f2193a99122757","RL-ORGANIZER","NC-0000000165","[""RL-ORGANIZER"",""NC-0000000165""]","4","user","69ea38ce560c827a7f50a276","3","[]","4","","[]","NC-0000000165","4.2","","69ea41eb75ce0bdb1fd52694","2026-04-23T15:59:39.440000","2026-04-23T15:59:39.440000","service_eb508f39-ce3d-4391-bb12-d4211c02ede9","false"
"10.9288","[]","false","[]","45.901","event","5","5","","RL-AUDIENCE","698dd1b2193c860027a3457a","RL-000008","698c747aee05acfdd23ea578","RL-000008","NC-0000000165","[""RL-000008"",""NC-0000000165""]","4","user","69ea38ce560c827a7f50a276","3","[]","4","","[]","NC-0000000165","4.2","","69ea41eb6d1e9909124a2445","2026-04-23T15:59:39.283000","2026-04-23T15:59:39.283000","service_eb508f39-ce3d-4391-bb12-d4211c02ede9","false"
"11.9301","[]","true","[]","38.1763","event","1","5","","RL-AUDIENCE","698d204286a5af9808991620","RL-ORGANIZER","69cd302266f2193a99122757","RL-ORGANIZER","NC-0000000165","[""RL-ORGANIZER"",""NC-0000000165""]","4","user","69ea38ce560c827a7f50a276","2","[]","4","","[]","NC-0000000165","3.2","","69ea41dabd67b106d29af216","2026-04-23T15:59:22.592000","2026-04-23T15:59:22.592000","service_eb508f39-ce3d-4391-bb12-d4211c02ede9","false"
"11.9301","[]","true","[]","38.1763","event","1","5","","RL-AUDIENCE","698d204286a5af9808991620","RL-000008","698c747aee05acfdd23ea578","RL-000008","NC-0000000165","[""RL-000008"",""NC-0000000165""]","4","user","69ea38ce560c827a7f50a276","2","[]","4","","[]","NC-0000000165","3.2","","69ea41da4eb534f72739f1d2","2026-04-23T15:59:22.427000","2026-04-23T15:59:22.427000","service_eb508f39-ce3d-4391-bb12-d4211c02ede9","false"
"9.7341","[]","true","[]","33.0959","event","4","3","","RL-ORGANIZER","69cd302266f2193a99122757","RL-000008","698c747aee05acfdd23ea578","RL-000008","NC-0000000165","[""RL-000008"",""NC-0000000165""]","3","user","69ea38ce560c827a7f50a276","3","[]","4","","[]","NC-0000000165","3.4","","69ea41c9e001ac71e4e81a95","2026-04-23T15:59:05.100000","2026-04-23T15:59:05.100000","service_eb508f39-ce3d-4391-bb12-d4211c02ede9","false"
"9.9079","[""ST-000239"",""ST-000102"",""ST-000097""]","true","[""ST-000239"",""ST-000102"",""ST-000097""]","37.65","event","3","5","","RL-000008","69cd302266f2193a99122757","RL-ORGANIZER","698c747aee05acfdd23ea578","RL-ORGANIZER","NC-0000000165","[""RL-ORGANIZER"",""ST-000239"",""ST-000102"",""ST-000097"",""NC-0000000165""]","2","user","69ea2ace0634f74b2aaa7e55","4","[]","5","ST-000239","[""ST-000239"",""ST-000102"",""ST-000097""]","NC-0000000165","3.8","","69ea36ab52d71cf90917d1a2","2026-04-23T15:11:39.122000","2026-04-23T15:11:39.122000","service_eb508f39-ce3d-4391-bb12-d4211c02ede9","false"
"9.9079","[]","true","[""ST-000239"",""ST-000102"",""ST-000097""]","37.65","event","3","5","","RL-000008","69cd302266f2193a99122757","RL-000060","69b48a2b7d5c0db589c6bb1c","RL-000060","NC-0000000165","[""RL-000060"",""NC-0000000165""]","2","user","69ea2ace0634f74b2aaa7e55","4","[]","5","","[]","NC-0000000165","3.8","","69ea36aa36bda2084fa42286","2026-04-23T15:11:38.926000","2026-04-23T15:11:38.926000","service_eb508f39-ce3d-4391-bb12-d4211c02ede9","false"
"12.1431","[""ST-000239"",""ST-000102"",""ST-000097""]","true","[]","38.8579","event","4","3","","RL-AUDIENCE","698d204286a5af9808991620","RL-ORGANIZER","698c747aee05acfdd23ea578","RL-ORGANIZER","NC-0000000165","[""RL-ORGANIZER"",""ST-000239"",""ST-000102"",""ST-000097"",""NC-0000000165""]","3","user","69ea2ace0634f74b2aaa7e55","2","[]","4","ST-000239","[""ST-000239"",""ST-000102"",""ST-000097""]","NC-0000000165","3.2","","69ea369d38577ecd23e56a4e","2026-04-23T15:11:25.988000","2026-04-23T15:11:25.988000","service_eb508f39-ce3d-4391-bb12-d4211c02ede9","false"
"12.1431","[]","true","[]","38.8579","event","4","3","","RL-AUDIENCE","698d204286a5af9808991620","RL-000060","69b48a2b7d5c0db589c6bb1c","RL-000060","NC-0000000165","[""RL-000060"",""NC-0000000165""]","3","user","69ea2ace0634f74b2aaa7e55","2","[]","4","","[]","NC-0000000165","3.2","","69ea369da4d892bd628a3565","2026-04-23T15:11:25.807000","2026-04-23T15:11:25.807000","service_eb508f39-ce3d-4391-bb12-d4211c02ede9","false"
"12.1431","[""ST-000239"",""ST-000102"",""ST-000097""]","true","[]","38.8579","event","4","3","","RL-AUDIENCE","698d204286a5af9808991620","RL-000008","69cd302266f2193a99122757","RL-000008","NC-0000000165","[""RL-000008"",""ST-000239"",""ST-000102"",""ST-000097"",""NC-0000000165""]","3","user","69ea2ace0634f74b2aaa7e55","2","[]","4","ST-000239","[""ST-000239"",""ST-000102"",""ST-000097""]","NC-0000000165","3.2","","69ea369d36b5041c7d2c2dfe","2026-04-23T15:11:25.635000","2026-04-23T15:11:25.635000","service_eb508f39-ce3d-4391-bb12-d4211c02ede9","false"
"11.4023","[""ST-000239"",""ST-000102"",""ST-000097""]","true","[]","29.646","event","1","5","","RL-000060","69b48a2b7d5c0db589c6bb1c","RL-ORGANIZER","698c747aee05acfdd23ea578","RL-ORGANIZER","NC-0000000165","[""RL-ORGANIZER"",""ST-000239"",""ST-000102"",""ST-000097"",""NC-0000000165""]","2","user","69ea2ace0634f74b2aaa7e55","1","[]","4","ST-000239","[""ST-000239"",""ST-000102"",""ST-000097""]","NC-0000000165","2.6","","69ea369407f601dd12318862","2026-04-23T15:11:16.275000","2026-04-23T15:11:16.275000","service_eb508f39-ce3d-4391-bb12-d4211c02ede9","false"
"11.4023","[""ST-000239"",""ST-000102"",""ST-000097""]","true","[]","29.646","event","1","5","","RL-000060","69b48a2b7d5c0db589c6bb1c","RL-000008","69cd302266f2193a99122757","RL-000008","NC-0000000165","[""RL-000008"",""ST-000239"",""ST-000102"",""ST-000097"",""NC-0000000165""]","2","user","69ea2ace0634f74b2aaa7e55","1","[]","4","ST-000239","[""ST-000239"",""ST-000102"",""ST-000097""]","NC-0000000165","2.6","","69ea36946ca38542540f2242","2026-04-23T15:11:16.006000","2026-04-23T15:11:16.006000","service_eb508f39-ce3d-4391-bb12-d4211c02ede9","false"
"12.1525","[]","true","[""ST-000239"",""ST-000102"",""ST-000097""]","48.61","event","5","5","","RL-ORGANIZER","698c747aee05acfdd23ea578","RL-000060","69b48a2b7d5c0db589c6bb1c","RL-000060","NC-0000000165","[""RL-000060"",""NC-0000000165""]","2","user","69ea2ace0634f74b2aaa7e55","3","[]","5","","[]","NC-0000000165","4","","69ea368f371aceec0be813d9","2026-04-23T15:11:11.236000","2026-04-23T15:11:11.236000","service_eb508f39-ce3d-4391-bb12-d4211c02ede9","false"
"12.1525","[""ST-000239"",""ST-000102"",""ST-000097""]","true","[""ST-000239"",""ST-000102"",""ST-000097""]","48.61","event","5","5","","RL-ORGANIZER","698c747aee05acfdd23ea578","RL-000008","69cd302266f2193a99122757","RL-000008","NC-0000000165","[""RL-000008"",""ST-000239"",""ST-000102"",""ST-000097"",""NC-0000000165""]","2","user","69ea2ace0634f74b2aaa7e55","3","[]","5","ST-000239","[""ST-000239"",""ST-000102"",""ST-000097""]","NC-0000000165","4","","69ea368f8c4860753bc3de8b","2026-04-23T15:11:11.009000","2026-04-23T15:11:11.009000","service_eb508f39-ce3d-4391-bb12-d4211c02ede9","false"
"8.6359","[]","true","[]","20.7262","event","2","2","","RL-ORGANIZER","69cd302266f2193a99122757","RL-001001","69b48a2b7d5c0db589c6bb1c","RL-001001","NC-0000000165","[""RL-001001"",""NC-0000000165""]","3","user","69e908cb63ebccbcf921e652","3","[]","2","","[]","NC-0000000165","2.4","","69ea2a9d1f0055558bde0350","2026-04-23T14:20:13.022000","2026-04-23T14:20:13.022000","service_eb508f39-ce3d-4391-bb12-d4211c02ede9","false"
"10.9861","[""ST-000217"",""ST-000077"",""ST-000103""]","false","[]","26.3666","event","1","1","","RL-AUDIENCE","69b48a2b7d5c0db589c6bb1c","RL-ORGANIZER","69cd302266f2193a99122757","RL-ORGANIZER","NC-0000000165","[""RL-ORGANIZER"",""ST-000217"",""ST-000077"",""ST-000103"",""NC-0000000165""]","3","user","69ea11a56db2aaba7c7bed0e","4","[]","3","ST-000217","[""ST-000217"",""ST-000077"",""ST-000103""]","NC-0000000165","2.4","","69ea1c7233d450a1f73fd899","2026-04-23T13:19:46.336000","2026-04-23T13:19:46.336000","service_eb508f39-ce3d-4391-bb12-d4211c02ede9","false"
"10.9861","[""ST-000077"",""ST-000103""]","false","[]","26.3666","event","1","1","","RL-AUDIENCE","69b48a2b7d5c0db589c6bb1c","RL-000008","698dd1b2193c860027a3457a","RL-000008","NC-0000000165","[""RL-000008"",""ST-000077"",""ST-000103"",""NC-0000000165""]","3","user","69ea11a56db2aaba7c7bed0e","4","[]","3","ST-000077","[""ST-000077"",""ST-000103""]","NC-0000000165","2.4","","69ea1c71cedc1e9f4faf9352","2026-04-23T13:19:45.898000","2026-04-23T13:19:45.898000","service_eb508f39-ce3d-4391-bb12-d4211c02ede9","false"
"10.9861","[""ST-000217""]","false","[]","26.3666","event","1","1","","RL-AUDIENCE","69b48a2b7d5c0db589c6bb1c","RL-000010","698c747aee05acfdd23ea578","RL-000010","NC-0000000165","[""RL-000010"",""ST-000217"",""NC-0000000165""]","3","user","69ea11a56db2aaba7c7bed0e","4","[]","3","ST-000217","[""ST-000217""]","NC-0000000165","2.4","","69ea1c7111985b7babef563d","2026-04-23T13:19:45.711000","2026-04-23T13:19:45.711000","service_eb508f39-ce3d-4391-bb12-d4211c02ede9","false"
"8.6622","[""ST-000217"",""ST-000077"",""ST-000103""]","false","[]","19.0568","event","4","1","","RL-AUDIENCE","698dbd987dbcc355eec0ff7c","RL-ORGANIZER","69cd302266f2193a99122757","RL-ORGANIZER","NC-0000000165","[""RL-ORGANIZER"",""ST-000217"",""ST-000077"",""ST-000103"",""NC-0000000165""]","1","user","69ea11a56db2aaba7c7bed0e","4","[]","1","ST-000217","[""ST-000217"",""ST-000077"",""ST-000103""]","NC-0000000165","2.2","","69ea1c573062eb368c7909e0","2026-04-23T13:19:19.084000","2026-04-23T13:19:19.084000","service_eb508f39-ce3d-4391-bb12-d4211c02ede9","false"
"8.6622","[""ST-000077"",""ST-000103""]","false","[]","19.0568","event","4","1","","RL-AUDIENCE","698dbd987dbcc355eec0ff7c","RL-000008","698dd1b2193c860027a3457a","RL-000008","NC-0000000165","[""RL-000008"",""ST-000077"",""ST-000103"",""NC-0000000165""]","1","user","69ea11a56db2aaba7c7bed0e","4","[]","1","ST-000077","[""ST-000077"",""ST-000103""]","NC-0000000165","2.2","","69ea1c562e1ae73807372604","2026-04-23T13:19:18.914000","2026-04-23T13:19:18.914000","service_eb508f39-ce3d-4391-bb12-d4211c02ede9","false"
"8.6622","[""ST-000217""]","false","[]","19.0568","event","4","1","","RL-AUDIENCE","698dbd987dbcc355eec0ff7c","RL-000010","698c747aee05acfdd23ea578","RL-000010","NC-0000000165","[""RL-000010"",""ST-000217"",""NC-0000000165""]","1","user","69ea11a56db2aaba7c7bed0e","4","[]","1","ST-000217","[""ST-000217""]","NC-0000000165","2.2","","69ea1c56267297d0351200a1","2026-04-23T13:19:18.762000","2026-04-23T13:19:18.762000","service_eb508f39-ce3d-4391-bb12-d4211c02ede9","false"
"10.6922","[""ST-000217"",""ST-000077"",""ST-000103""]","false","[""ST-000077"",""ST-000103""]","25.6613","event","2","2","","RL-000008","698dd1b2193c860027a3457a","RL-ORGANIZER","69cd302266f2193a99122757","RL-ORGANIZER","NC-0000000165","[""RL-ORGANIZER"",""ST-000217"",""ST-000077"",""ST-000103"",""NC-0000000165""]","2","user","69ea11a56db2aaba7c7bed0e","3","[]","3","ST-000217","[""ST-000217"",""ST-000077"",""ST-000103""]","NC-0000000165","2.4","","69ea1c40b829cf95ce9ede07","2026-04-23T13:18:56.275000","2026-04-23T13:18:56.275000","service_eb508f39-ce3d-4391-bb12-d4211c02ede9","false"
"10.6922","[""ST-000217""]","false","[""ST-000077"",""ST-000103""]","25.6613","event","2","2","","RL-000008","698dd1b2193c860027a3457a","RL-000010","698c747aee05acfdd23ea578","RL-000010","NC-0000000165","[""RL-000010"",""ST-000217"",""NC-0000000165""]","2","user","69ea11a56db2aaba7c7bed0e","3","[]","3","ST-000217","[""ST-000217""]","NC-0000000165","2.4","","69ea1c4035bae02323a5824d","2026-04-23T13:18:56.053000","2026-04-23T13:18:56.053000","service_eb508f39-ce3d-4391-bb12-d4211c02ede9","false"
"11.717","[""ST-000217"",""ST-000077"",""ST-000103""]","true","[]","42.1812","event","3","3","","RL-AUDIENCE","698d204286a5af9808991620","RL-ORGANIZER","69cd302266f2193a99122757","RL-ORGANIZER","NC-0000000165","[""RL-ORGANIZER"",""ST-000217"",""ST-000077"",""ST-000103"",""NC-0000000165""]","5","user","69ea11a56db2aaba7c7bed0e","4","[]","3","ST-000217","[""ST-000217"",""ST-000077"",""ST-000103""]","NC-0000000165","3.6","wow !","69ea1c29b2df46715e8ca751","2026-04-23T13:18:33.620000","2026-04-23T13:18:33.620000","service_eb508f39-ce3d-4391-bb12-d4211c02ede9","false"
"11.717","[""ST-000077"",""ST-000103""]","true","[]","42.1812","event","3","3","","RL-AUDIENCE","698d204286a5af9808991620","RL-000008","698dd1b2193c860027a3457a","RL-000008","NC-0000000165","[""RL-000008"",""ST-000077"",""ST-000103"",""NC-0000000165""]","5","user","69ea11a56db2aaba7c7bed0e","4","[]","3","ST-000077","[""ST-000077"",""ST-000103""]","NC-0000000165","3.6","wow !","69ea1c29968c2e0724bdcef9","2026-04-23T13:18:33.393000","2026-04-23T13:18:33.393000","service_eb508f39-ce3d-4391-bb12-d4211c02ede9","false"
"11.717","[""ST-000217""]","true","[]","42.1812","event","3","3","","RL-AUDIENCE","698d204286a5af9808991620","RL-000010","698c747aee05acfdd23ea578","RL-000010","NC-0000000165","[""RL-000010"",""ST-000217"",""NC-0000000165""]","5","user","69ea11a56db2aaba7c7bed0e","4","[]","3","ST-000217","[""ST-000217""]","NC-0000000165","3.6","wow !","69ea1c28df675183230533c6","2026-04-23T13:18:32.942000","2026-04-23T13:18:32.942000","service_eb508f39-ce3d-4391-bb12-d4211c02ede9","false"
"11.067","[""ST-000217"",""ST-000077"",""ST-000103""]","true","[]","50.9082","event","5","5","","RL-AUDIENCE","698dbbf753d545317578c200","RL-ORGANIZER","69cd302266f2193a99122757","RL-ORGANIZER","NC-0000000165","[""RL-ORGANIZER"",""ST-000217"",""ST-000077"",""ST-000103"",""NC-0000000165""]","5","user","69ea11a56db2aaba7c7bed0e","4","[]","4","ST-000217","[""ST-000217"",""ST-000077"",""ST-000103""]","NC-0000000165","4.6","","69ea1c10770b2ae384b2b3f2","2026-04-23T13:18:08.205000","2026-04-23T13:18:08.205000","service_eb508f39-ce3d-4391-bb12-d4211c02ede9","false"
"11.067","[""ST-000077"",""ST-000103""]","true","[]","50.9082","event","5","5","","RL-AUDIENCE","698dbbf753d545317578c200","RL-000008","698dd1b2193c860027a3457a","RL-000008","NC-0000000165","[""RL-000008"",""ST-000077"",""ST-000103"",""NC-0000000165""]","5","user","69ea11a56db2aaba7c7bed0e","4","[]","4","ST-000077","[""ST-000077"",""ST-000103""]","NC-0000000165","4.6","","69ea1c0f3479582e9cc59b25","2026-04-23T13:18:07.969000","2026-04-23T13:18:07.969000","service_eb508f39-ce3d-4391-bb12-d4211c02ede9","false"
"11.067","[""ST-000217""]","true","[]","50.9082","event","5","5","","RL-AUDIENCE","698dbbf753d545317578c200","RL-000010","698c747aee05acfdd23ea578","RL-000010","NC-0000000165","[""RL-000010"",""ST-000217"",""NC-0000000165""]","5","user","69ea11a56db2aaba7c7bed0e","4","[]","4","ST-000217","[""ST-000217""]","NC-0000000165","4.6","","69ea1c0f4f58d34e7cb3858d","2026-04-23T13:18:07.781000","2026-04-23T13:18:07.781000","service_eb508f39-ce3d-4391-bb12-d4211c02ede9","false"
"9.3711","[""ST-000077"",""ST-000103""]","true","[""ST-000217"",""ST-000077"",""ST-000103""]","46.8555","event","5","5","","RL-ORGANIZER","69cd302266f2193a99122757","RL-000008","698dd1b2193c860027a3457a","RL-000008","NC-0000000165","[""RL-000008"",""ST-000077"",""ST-000103"",""NC-0000000165""]","5","user","69ea11a56db2aaba7c7bed0e","5","[]","5","ST-000077","[""ST-000077"",""ST-000103""]","NC-0000000165","5","","69ea1c010f0df361386c1d74","2026-04-23T13:17:53.091000","2026-04-23T13:17:53.091000","service_eb508f39-ce3d-4391-bb12-d4211c02ede9","false"
"9.3711","[""ST-000217""]","true","[""ST-000217"",""ST-000077"",""ST-000103""]","46.8555","event","5","5","","RL-ORGANIZER","69cd302266f2193a99122757","RL-000010","698c747aee05acfdd23ea578","RL-000010","NC-0000000165","[""RL-000010"",""ST-000217"",""NC-0000000165""]","5","user","69ea11a56db2aaba7c7bed0e","5","[]","5","ST-000217","[""ST-000217""]","NC-0000000165","5","","69ea1c0004bf2630d0df8e06","2026-04-23T13:17:52.824000","2026-04-23T13:17:52.825000","service_eb508f39-ce3d-4391-bb12-d4211c02ede9","false"
"9.6531","[]","true","[]","46.3349","event","5","5","","RL-AUDIENCE","698dd1b2193c860027a3457a","RL-ORGANIZER","698d204286a5af9808991620","RL-ORGANIZER","NC-0000000165","[""RL-ORGANIZER"",""NC-0000000165""]","5","user","69e9f68ce64665f7488f3e08","4","[]","5","","[]","NC-0000000165","4.8","","69e9fac46cdb41ab9775fb39","2026-04-23T10:56:04.481000","2026-04-23T10:56:04.481000","service_eb508f39-ce3d-4391-bb12-d4211c02ede9","false"
"9.6531","[]","true","[]","46.3349","event","5","5","","RL-AUDIENCE","698dd1b2193c860027a3457a","RL-000060","69b48a2b7d5c0db589c6bb1c","RL-000060","NC-0000000165","[""RL-000060"",""NC-0000000165""]","5","user","69e9f68ce64665f7488f3e08","4","[]","5","","[]","NC-0000000165","4.8","","69e9fac4ef2b9d935598dd4b","2026-04-23T10:56:04.299000","2026-04-23T10:56:04.299000","service_eb508f39-ce3d-4391-bb12-d4211c02ede9","false"
"9.6531","[]","true","[]","46.3349","event","5","5","","RL-AUDIENCE","698dd1b2193c860027a3457a","RL-000009","698c747aee05acfdd23ea578","RL-000009","NC-0000000165","[""RL-000009"",""NC-0000000165""]","5","user","69e9f68ce64665f7488f3e08","4","[]","5","","[]","NC-0000000165","4.8","","69e9fac40c3620eadaf619fe","2026-04-23T10:56:04.149000","2026-04-23T10:56:04.149000","service_eb508f39-ce3d-4391-bb12-d4211c02ede9","false"
"7.8747","[]","true","[]","33.0737","event","5","5","","RL-AUDIENCE","698dbd987dbcc355eec0ff7c","RL-ORGANIZER","698d204286a5af9808991620","RL-ORGANIZER","NC-0000000165","[""RL-ORGANIZER"",""NC-0000000165""]","4","user","69e9f68ce64665f7488f3e08","3","[]","4","","[]","NC-0000000165","4.2","","69e9faafd82037934206b2b6","2026-04-23T10:55:43.542000","2026-04-23T10:55:43.542000","service_eb508f39-ce3d-4391-bb12-d4211c02ede9","false"
"7.8747","[]","true","[]","33.0737","event","5","5","","RL-AUDIENCE","698dbd987dbcc355eec0ff7c","RL-000060","69b48a2b7d5c0db589c6bb1c","RL-000060","NC-0000000165","[""RL-000060"",""NC-0000000165""]","4","user","69e9f68ce64665f7488f3e08","3","[]","4","","[]","NC-0000000165","4.2","","69e9faafc055550b6c3f80bc","2026-04-23T10:55:43.418000","2026-04-23T10:55:43.418000","service_eb508f39-ce3d-4391-bb12-d4211c02ede9","false"
"7.8747","[]","true","[]","33.0737","event","5","5","","RL-AUDIENCE","698dbd987dbcc355eec0ff7c","RL-000009","698c747aee05acfdd23ea578","RL-000009","NC-0000000165","[""RL-000009"",""NC-0000000165""]","4","user","69e9f68ce64665f7488f3e08","3","[]","4","","[]","NC-0000000165","4.2","","69e9faafc7c5604c4c147354","2026-04-23T10:55:43.216000","2026-04-23T10:55:43.216000","service_eb508f39-ce3d-4391-bb12-d4211c02ede9","false"
"7.9621","[]","true","[]","33.4408","event","5","3","","RL-AUDIENCE","698dc6f781b400b640a229f6","RL-ORGANIZER","698d204286a5af9808991620","RL-ORGANIZER","NC-0000000165","[""RL-ORGANIZER"",""NC-0000000165""]","5","user","69e9f68ce64665f7488f3e08","4","[]","4","","[]","NC-0000000165","4.2","","69e9fa9ca9f3c201bf961b27","2026-04-23T10:55:24.401000","2026-04-23T10:55:24.402000","service_eb508f39-ce3d-4391-bb12-d4211c02ede9","false"
"7.9621","[]","true","[]","33.4408","event","5","3","","RL-AUDIENCE","698dc6f781b400b640a229f6","RL-000060","69b48a2b7d5c0db589c6bb1c","RL-000060","NC-0000000165","[""RL-000060"",""NC-0000000165""]","5","user","69e9f68ce64665f7488f3e08","4","[]","4","","[]","NC-0000000165","4.2","","69e9fa9c1e54d0cc55713998","2026-04-23T10:55:24.253000","2026-04-23T10:55:24.253000","service_eb508f39-ce3d-4391-bb12-d4211c02ede9","false"
"7.9621","[]","true","[]","33.4408","event","5","3","","RL-AUDIENCE","698dc6f781b400b640a229f6","RL-000009","698c747aee05acfdd23ea578","RL-000009","NC-0000000165","[""RL-000009"",""NC-0000000165""]","5","user","69e9f68ce64665f7488f3e08","4","[]","4","","[]","NC-0000000165","4.2","","69e9fa9ced10302f8826bab6","2026-04-23T10:55:24.127000","2026-04-23T10:55:24.127000","service_eb508f39-ce3d-4391-bb12-d4211c02ede9","false"
"10.0609","[]","true","[]","46.2801","event","5","5","","RL-AUDIENCE","698dbbf753d545317578c200","RL-ORGANIZER","698d204286a5af9808991620","RL-ORGANIZER","NC-0000000165","[""RL-ORGANIZER"",""NC-0000000165""]","5","user","69e9f68ce64665f7488f3e08","4","[]","4","","[]","NC-0000000165","4.6","","69e9fa86e731732108dde8c8","2026-04-23T10:55:02.854000","2026-04-23T10:55:02.854000","service_eb508f39-ce3d-4391-bb12-d4211c02ede9","false"
"10.0609","[]","true","[]","46.2801","event","5","5","","RL-AUDIENCE","698dbbf753d545317578c200","RL-000060","69b48a2b7d5c0db589c6bb1c","RL-000060","NC-0000000165","[""RL-000060"",""NC-0000000165""]","5","user","69e9f68ce64665f7488f3e08","4","[]","4","","[]","NC-0000000165","4.6","","69e9fa8651cd464ee88fbcaf","2026-04-23T10:55:02.694000","2026-04-23T10:55:02.694000","service_eb508f39-ce3d-4391-bb12-d4211c02ede9","false"
"10.0609","[]","true","[]","46.2801","event","5","5","","RL-AUDIENCE","698dbbf753d545317578c200","RL-000009","698c747aee05acfdd23ea578","RL-000009","NC-0000000165","[""RL-000009"",""NC-0000000165""]","5","user","69e9f68ce64665f7488f3e08","4","[]","4","","[]","NC-0000000165","4.6","","69e9fa8639ce3e16d75ec683","2026-04-23T10:55:02.416000","2026-04-23T10:55:02.416000","service_eb508f39-ce3d-4391-bb12-d4211c02ede9","false"
"10.6442","[]","true","[]","48.9633","event","5","5","","RL-ORGANIZER","698d204286a5af9808991620","RL-000060","69b48a2b7d5c0db589c6bb1c","RL-000060","NC-0000000165","[""RL-000060"",""NC-0000000165""]","5","user","69e9f68ce64665f7488f3e08","4","[]","4","","[]","NC-0000000165","4.6","","69e9fa790f2c179f61cbc42c","2026-04-23T10:54:49.198000","2026-04-23T10:54:49.198000","service_eb508f39-ce3d-4391-bb12-d4211c02ede9","false"
"10.6442","[]","true","[]","48.9633","event","5","5","","RL-ORGANIZER","698d204286a5af9808991620","RL-000009","698c747aee05acfdd23ea578","RL-000009","NC-0000000165","[""RL-000009"",""NC-0000000165""]","5","user","69e9f68ce64665f7488f3e08","4","[]","4","","[]","NC-0000000165","4.6","","69e9fa79c6181b12c4b76d79","2026-04-23T10:54:49.054000","2026-04-23T10:54:49.054000","service_eb508f39-ce3d-4391-bb12-d4211c02ede9","false"
"2.3026","[]","true","[]","9.6709","event","3","4","","RL-AUDIENCE","6992452c5bcc41af3a3296fa","RL-ORGANIZER","698d204286a5af9808991620","RL-ORGANIZER","NC-0000000165","[""RL-ORGANIZER"",""NC-0000000165""]","5","user","69e9f68ce64665f7488f3e08","4","[]","5","","[]","NC-0000000165","4.2","","69e9fa6eed10302f8826bab3","2026-04-23T10:54:38.449000","2026-04-23T10:54:38.449000","service_eb508f39-ce3d-4391-bb12-d4211c02ede9","false"
"2.3026","[]","true","[]","9.6709","event","3","4","","RL-AUDIENCE","6992452c5bcc41af3a3296fa","RL-000060","69b48a2b7d5c0db589c6bb1c","RL-000060","NC-0000000165","[""RL-000060"",""NC-0000000165""]","5","user","69e9f68ce64665f7488f3e08","4","[]","5","","[]","NC-0000000165","4.2","","69e9fa6e7e4f2808b52fcff4","2026-04-23T10:54:38.252000","2026-04-23T10:54:38.252000","service_eb508f39-ce3d-4391-bb12-d4211c02ede9","false"
"2.3026","[]","true","[]","9.6709","event","3","4","","RL-AUDIENCE","6992452c5bcc41af3a3296fa","RL-000009","698c747aee05acfdd23ea578","RL-000009","NC-0000000165","[""RL-000009"",""NC-0000000165""]","5","user","69e9f68ce64665f7488f3e08","4","[]","5","","[]","NC-0000000165","4.2","","69e9fa6e57501f73afefeb26","2026-04-23T10:54:38.069000","2026-04-23T10:54:38.069000","service_eb508f39-ce3d-4391-bb12-d4211c02ede9","false"
"8.5192","[]","true","[]","30.6691","event","4","4","","RL-AUDIENCE","69cd302266f2193a99122757","RL-ORGANIZER","698d204286a5af9808991620","RL-ORGANIZER","NC-0000000165","[""RL-ORGANIZER"",""NC-0000000165""]","3","user","69e9f68ce64665f7488f3e08","3","[]","4","","[]","NC-0000000165","3.6","","69e9fa52d925b2b19fca356d","2026-04-23T10:54:10.446000","2026-04-23T10:54:10.446000","service_eb508f39-ce3d-4391-bb12-d4211c02ede9","false"
"8.5192","[]","true","[]","30.6691","event","4","4","","RL-AUDIENCE","69cd302266f2193a99122757","RL-000060","69b48a2b7d5c0db589c6bb1c","RL-000060","NC-0000000165","[""RL-000060"",""NC-0000000165""]","3","user","69e9f68ce64665f7488f3e08","3","[]","4","","[]","NC-0000000165","3.6","","69e9fa52f30938f942e0a0f1","2026-04-23T10:54:10.341000","2026-04-23T10:54:10.341000","service_eb508f39-ce3d-4391-bb12-d4211c02ede9","false"
"8.5192","[]","true","[]","30.6691","event","4","4","","RL-AUDIENCE","69cd302266f2193a99122757","RL-000009","698c747aee05acfdd23ea578","RL-000009","NC-0000000165","[""RL-000009"",""NC-0000000165""]","3","user","69e9f68ce64665f7488f3e08","3","[]","4","","[]","NC-0000000165","3.6","","69e9fa52a7e072dc2ccfc4ac","2026-04-23T10:54:10.192000","2026-04-23T10:54:10.192000","service_eb508f39-ce3d-4391-bb12-d4211c02ede9","false"
"9.9508","[]","true","[]","43.7835","event","5","4","","RL-000060","69b48a2b7d5c0db589c6bb1c","RL-ORGANIZER","698d204286a5af9808991620","RL-ORGANIZER","NC-0000000165","[""RL-ORGANIZER"",""NC-0000000165""]","5","user","69e9f68ce64665f7488f3e08","4","[]","4","","[]","NC-0000000165","4.4","","69e9fa4b78495065c0e053e9","2026-04-23T10:54:03.331000","2026-04-23T10:54:03.331000","service_eb508f39-ce3d-4391-bb12-d4211c02ede9","false"
"9.9508","[]","true","[]","43.7835","event","5","4","","RL-000060","69b48a2b7d5c0db589c6bb1c","RL-000009","698c747aee05acfdd23ea578","RL-000009","NC-0000000165","[""RL-000009"",""NC-0000000165""]","5","user","69e9f68ce64665f7488f3e08","4","[]","4","","[]","NC-0000000165","4.4","","69e9fa4bd1070d04ea124a79","2026-04-23T10:54:03.112000","2026-04-23T10:54:03.112000","service_eb508f39-ce3d-4391-bb12-d4211c02ede9","false"
"9.9508","[""ST-000217""]","true","[""ST-000217""]","41.7934","event","5","5","","RL-ORGANIZER","69b48a2b7d5c0db589c6bb1c","RL-000010","698c747aee05acfdd23ea578","RL-000010","NC-0000000165","[""RL-000010"",""ST-000217"",""NC-0000000165""]","4","user","69e9827a40d252e1a277981b","3","[]","4","ST-000217","[""ST-000217""]","NC-0000000165","4.2","","69e9f36ddc25e3b799888785","2026-04-23T10:24:45.770000","2026-04-23T10:24:45.770000","service_eb508f39-ce3d-4391-bb12-d4211c02ede9","false"
"9.9508","[]","true","[]","45.7737","event","5","5","","RL-ORGANIZER","69b48a2b7d5c0db589c6bb1c","RL-000101","69cd302266f2193a99122757","RL-000101","NC-0000000023","[""RL-000101"",""NC-0000000023""]","5","user","69e79b7bcd9a5de7b9764940","4","[]","4","","[]","NC-0000000023","4.6","","69e980f73fd5275945b000eb","2026-04-23T02:16:23.598000","2026-04-23T02:16:23.598000","service_eb508f39-ce3d-4391-bb12-d4211c02ede9","false"
"9.9508","[]","true","[]","45.7737","event","5","5","","RL-ORGANIZER","69b48a2b7d5c0db589c6bb1c","RL-000101","699c655e40e8dc98eacda675","RL-000101","NC-0000000023","[""RL-000101"",""NC-0000000023""]","5","user","69e79b7bcd9a5de7b9764940","4","[]","4","","[]","NC-0000000023","4.6","","69e980f71933b3d688d6be01","2026-04-23T02:16:23.469000","2026-04-23T02:16:23.469000","service_eb508f39-ce3d-4391-bb12-d4211c02ede9","false"
"8.4273","[""ST-000100"",""ST-000102""]","true","[""ST-000038"",""ST-000100"",""ST-000102""]","30.3382","event","4","4","","RL-ORGANIZER","69cd302266f2193a99122757","RL-000008","699c655e40e8dc98eacda675","RL-000008","NC-0000000043","[""RL-000008"",""ST-000100"",""ST-000102"",""NC-0000000043""]","4","user","69e97d4cad93ced6fe6a0298","3","[]","3","ST-000100","[""ST-000100"",""ST-000102""]","NC-0000000043","3.6","","69e97e9f4e4ae11dad699e8f","2026-04-23T02:06:23.017000","2026-04-23T02:06:23.017000","service_eb508f39-ce3d-4391-bb12-d4211c02ede9","false"
"8.4273","[""ST-000038""]","true","[""ST-000038"",""ST-000100"",""ST-000102""]","30.3382","event","4","4","","RL-ORGANIZER","69cd302266f2193a99122757","RL-000008","698c747aee05acfdd23ea578","RL-000008","NC-0000000043","[""RL-000008"",""ST-000038"",""NC-0000000043""]","4","user","69e97d4cad93ced6fe6a0298","3","[]","3","ST-000038","[""ST-000038""]","NC-0000000043","3.6","","69e97e9e1508d4d56a94c978","2026-04-23T02:06:22.865000","2026-04-23T02:06:22.865000","service_eb508f39-ce3d-4391-bb12-d4211c02ede9","false"
"7.0984","[]","true","[]","35.4919","event","5","5","","RL-000101","699c655e40e8dc98eacda675","RL-ORGANIZER","698d204286a5af9808991620","RL-ORGANIZER","NC-0000000165","[""RL-ORGANIZER"",""NC-0000000165""]","5","user","69e7cd5d03b27e03dfd4b0f4","5","[]","5","","[]","NC-0000000165","5","","69e952962c41ef2a497baf33","2026-04-22T22:58:30.904000","2026-04-22T22:58:30.904000","service_eb508f39-ce3d-4391-bb12-d4211c02ede9","false"
"10.6366","[]","true","[]","42.5463","event","4","4","","RL-ORGANIZER","698d204286a5af9808991620","RL-000101","699c655e40e8dc98eacda675","RL-000101","NC-0000000165","[""RL-000101"",""NC-0000000165""]","3","user","69e7cd5d03b27e03dfd4b0f4","5","[]","4","","[]","NC-0000000165","4","","69e9527877de9cef15bdb3c2","2026-04-22T22:58:00.968000","2026-04-22T22:58:00.968000","service_eb508f39-ce3d-4391-bb12-d4211c02ede9","false"
"8.4273","[]","false","[]","28.6527","event","2","4","","RL-000060","69cd302266f2193a99122757","RL-ORGANIZER","698c747aee05acfdd23ea578","RL-ORGANIZER","NC-0000000165","[""RL-ORGANIZER"",""NC-0000000165""]","4","user","69e943232ba9ce16593e24a9","3","[]","4","","[]","NC-0000000165","3.4","","69e95241baae1d39f6a6c218","2026-04-22T22:57:05.274000","2026-04-22T22:57:05.274000","service_eb508f39-ce3d-4391-bb12-d4211c02ede9","false"
"8.4273","[]","false","[]","28.6527","event","2","4","","RL-000060","69cd302266f2193a99122757","RL-000060","69b48a2b7d5c0db589c6bb1c","RL-000060","NC-0000000165","[""RL-000060"",""NC-0000000165""]","4","user","69e943232ba9ce16593e24a9","3","[]","4","","[]","NC-0000000165","3.4","","69e95241b39bf2171b3adee4","2026-04-22T22:57:05.100000","2026-04-22T22:57:05.100000","service_eb508f39-ce3d-4391-bb12-d4211c02ede9","false"
"10.6525","[]","true","[]","46.8712","event","5","4","","RL-ORGANIZER","698c747aee05acfdd23ea578","RL-000060","69b48a2b7d5c0db589c6bb1c","RL-000060","NC-0000000165","[""RL-000060"",""NC-0000000165""]","5","user","69e943232ba9ce16593e24a9","4","[]","4","","[]","NC-0000000165","4.4","","69e9523ab692eec9c3b3d502","2026-04-22T22:56:58.918000","2026-04-22T22:56:58.918000","service_eb508f39-ce3d-4391-bb12-d4211c02ede9","false"
"10.6525","[]","true","[]","46.8712","event","5","4","","RL-ORGANIZER","698c747aee05acfdd23ea578","RL-000060","69cd302266f2193a99122757","RL-000060","NC-0000000165","[""RL-000060"",""NC-0000000165""]","5","user","69e943232ba9ce16593e24a9","4","[]","4","","[]","NC-0000000165","4.4","","69e9523a8280fc4a921e916d","2026-04-22T22:56:58.728000","2026-04-22T22:56:58.728000","service_eb508f39-ce3d-4391-bb12-d4211c02ede9","false"
"8.364","[""ST-000075""]","","[""ST-000075""]","40.1474","event","5","5","","RL-ORGANIZER","69cd302266f2193a99122757","RL-000060","69b48a2b7d5c0db589c6bb1c","RL-000060","NC-0000000058","[""RL-000060"",""ST-000075"",""NC-0000000058""]","5","user","69e90c55644b9d872318bdf1","4","[]","5","ST-000075","[""ST-000075""]","NC-0000000058","4.8","","69e925f5fc762b7138489838","2026-04-22T19:48:05.613000","2026-04-22T19:48:05.613000","service_eb508f39-ce3d-4391-bb12-d4211c02ede9","false"
"9.9441","[""ST-000075""]","","[""ST-000075""]","41.7654","event","3","4","","RL-000060","69b48a2b7d5c0db589c6bb1c","RL-ORGANIZER","69cd302266f2193a99122757","RL-ORGANIZER","NC-0000000058","[""RL-ORGANIZER"",""ST-000075"",""NC-0000000058""]","4","user","69e90c55644b9d872318bdf1","5","[]","5","ST-000075","[""ST-000075""]","NC-0000000058","4.2","","69e92536de5535db2e25d99a","2026-04-22T19:44:54.461000","2026-04-22T19:44:54.461000","service_eb508f39-ce3d-4391-bb12-d4211c02ede9","false"
"8.3015","[""ST-000099"",""ST-000100""]","","[""ST-000099"",""ST-000100""]","38.187","event","5","5","","RL-ORGANIZER","69cd302266f2193a99122757","RL-000008","69b48a2b7d5c0db589c6bb1c","RL-000008","NC-0000000200","[""RL-000008"",""ST-000099"",""ST-000100"",""NC-0000000200""]","5","user","69e8fed4c844c773006f3685","3","[]","5","ST-000099","[""ST-000099"",""ST-000100""]","NC-0000000200","4.6","","69e906639d77737134eff0b4","2026-04-22T17:33:23.281000","2026-04-22T17:33:23.281000","service_eb508f39-ce3d-4391-bb12-d4211c02ede9","false"
"8.3015","[]","","[""ST-000099"",""ST-000100""]","38.187","event","5","5","","RL-ORGANIZER","69cd302266f2193a99122757","RL-000061","698c747aee05acfdd23ea578","RL-000061","NC-0000000200","[""RL-000061"",""NC-0000000200""]","5","user","69e8fed4c844c773006f3685","3","[]","5","","[]","NC-0000000200","4.6","","69e9066397e6964b3f1d1569","2026-04-22T17:33:23.063000","2026-04-22T17:33:23.063000","service_eb508f39-ce3d-4391-bb12-d4211c02ede9","false"
"9.6531","[""ST-000076"",""ST-000141""]","","[""ST-000077""]","25.0981","quickplay","1","5","","RL-000008","698dd1b2193c860027a3457a","RL-000008","698dbd987dbcc355eec0ff7c","RL-000008","NC-0000000191","[""RL-000008"",""ST-000076"",""ST-000141"",""NC-0000000191""]","5","user","69e8ba022d82726f98b964e7","1","[]","1","ST-000076","[""ST-000076"",""ST-000141""]","NC-0000000191","2.6","","69e8be7d81b36834d8394998","2026-04-22T12:26:37.383000","2026-04-22T12:26:37.383000","service_eb508f39-ce3d-4391-bb12-d4211c02ede9","false"
"9.6531","[""ST-000166"",""ST-000167"",""ST-000165""]","","[""ST-000165""]","38.6124","event","4","2","","RL-000025","698dd1b2193c860027a3457a","RL-ORGANIZER","69cd302266f2193a99122757","RL-ORGANIZER","NC-0000000165","[""RL-ORGANIZER"",""ST-000166"",""ST-000167"",""ST-000165"",""NC-0000000165""]","5","user","69e8b318d48fad3bf62b4e9c","4","[]","5","ST-000166","[""ST-000166"",""ST-000167"",""ST-000165""]","NC-0000000165","4","","69e8be6465c5f0ce9c37da4c","2026-04-22T12:26:12.055000","2026-04-22T12:26:12.055000","service_eb508f39-ce3d-4391-bb12-d4211c02ede9","false"
"9.6531","[]","","[""ST-000165""]","38.6124","event","4","2","","RL-000025","698dd1b2193c860027a3457a","RL-000010","698d204286a5af9808991620","RL-000010","NC-0000000165","[""RL-000010"",""NC-0000000165""]","5","user","69e8b318d48fad3bf62b4e9c","4","[]","5","","[]","NC-0000000165","4","","69e8be6365b44d4f91088c89","2026-04-22T12:26:11.212000","2026-04-22T12:26:11.212000","service_eb508f39-ce3d-4391-bb12-d4211c02ede9","false"
"9.6531","[""ST-000166"",""ST-000167""]","","[""ST-000165""]","38.6124","event","4","2","","RL-000025","698dd1b2193c860027a3457a","RL-000025","699c655e40e8dc98eacda675","RL-000025","NC-0000000165","[""RL-000025"",""ST-000166"",""ST-000167"",""NC-0000000165""]","5","user","69e8b318d48fad3bf62b4e9c","4","[]","5","ST-000166","[""ST-000166"",""ST-000167""]","NC-0000000165","4","","69e8be63c728b799654369b6","2026-04-22T12:26:11.025000","2026-04-22T12:26:11.025000","service_eb508f39-ce3d-4391-bb12-d4211c02ede9","false"
"10.6327","[""ST-000166"",""ST-000167"",""ST-000165""]","","[]","51.0371","event","4","5","","RL-000010","698d204286a5af9808991620","RL-ORGANIZER","69cd302266f2193a99122757","RL-ORGANIZER","NC-0000000165","[""RL-ORGANIZER"",""ST-000166"",""ST-000167"",""ST-000165"",""NC-0000000165""]","5","user","69e8b318d48fad3bf62b4e9c","5","[]","5","ST-000166","[""ST-000166"",""ST-000167"",""ST-000165""]","NC-0000000165","4.8","","69e8be2ac65e36c1350d9fa7","2026-04-22T12:25:14.066000","2026-04-22T12:25:14.066000","service_eb508f39-ce3d-4391-bb12-d4211c02ede9","false"
"10.6327","[""ST-000165""]","","[]","51.0371","event","4","5","","RL-000010","698d204286a5af9808991620","RL-000025","698dd1b2193c860027a3457a","RL-000025","NC-0000000165","[""RL-000025"",""ST-000165"",""NC-0000000165""]","5","user","69e8b318d48fad3bf62b4e9c","5","[]","5","ST-000165","[""ST-000165""]","NC-0000000165","4.8","","69e8be29678556d38b7ad123","2026-04-22T12:25:13.877000","2026-04-22T12:25:13.877000","service_eb508f39-ce3d-4391-bb12-d4211c02ede9","false"
"10.6327","[""ST-000166"",""ST-000167""]","","[]","51.0371","event","4","5","","RL-000010","698d204286a5af9808991620","RL-000025","699c655e40e8dc98eacda675","RL-000025","NC-0000000165","[""RL-000025"",""ST-000166"",""ST-000167"",""NC-0000000165""]","5","user","69e8b318d48fad3bf62b4e9c","5","[]","5","ST-000166","[""ST-000166"",""ST-000167""]","NC-0000000165","4.8","","69e8be29e031b5b002dcc055","2026-04-22T12:25:13.709000","2026-04-22T12:25:13.709000","service_eb508f39-ce3d-4391-bb12-d4211c02ede9","false"
"8.2348","[""ST-000165""]","","[""ST-000166"",""ST-000167"",""ST-000165""]","32.9393","event","3","4","","RL-ORGANIZER","69cd302266f2193a99122757","RL-000025","698dd1b2193c860027a3457a","RL-000025","NC-0000000165","[""RL-000025"",""ST-000165"",""NC-0000000165""]","5","user","69e8b318d48fad3bf62b4e9c","4","[]","4","ST-000165","[""ST-000165""]","NC-0000000165","4","","69e8be1b5ec111658531b3c9","2026-04-22T12:24:59.841000","2026-04-22T12:24:59.841000","service_eb508f39-ce3d-4391-bb12-d4211c02ede9","false"
"8.2348","[]","","[""ST-000166"",""ST-000167"",""ST-000165""]","32.9393","event","3","4","","RL-ORGANIZER","69cd302266f2193a99122757","RL-000010","698d204286a5af9808991620","RL-000010","NC-0000000165","[""RL-000010"",""NC-0000000165""]","5","user","69e8b318d48fad3bf62b4e9c","4","[]","4","","[]","NC-0000000165","4","","69e8be1b126694ea41bb9f1e","2026-04-22T12:24:59.700000","2026-04-22T12:24:59.700000","service_eb508f39-ce3d-4391-bb12-d4211c02ede9","false"
"8.2348","[""ST-000166"",""ST-000167""]","","[""ST-000166"",""ST-000167"",""ST-000165""]","32.9393","event","3","4","","RL-ORGANIZER","69cd302266f2193a99122757","RL-000025","699c655e40e8dc98eacda675","RL-000025","NC-0000000165","[""RL-000025"",""ST-000166"",""ST-000167"",""NC-0000000165""]","5","user","69e8b318d48fad3bf62b4e9c","4","[]","4","ST-000166","[""ST-000166"",""ST-000167""]","NC-0000000165","4","","69e8be1b21c4fa929cc91d0e","2026-04-22T12:24:59.567000","2026-04-22T12:24:59.567000","service_eb508f39-ce3d-4391-bb12-d4211c02ede9","false"
"7.7874","[""ST-000077""]","","[""ST-000076"",""ST-000141""]","7.7874","quickplay","1","1","","RL-000008","698dbd987dbcc355eec0ff7c","RL-000008","698dd1b2193c860027a3457a","RL-000008","NC-0000000191","[""RL-000008"",""ST-000077"",""NC-0000000191""]","1","user","69e8ba022d82726f98b964e7","1","[]","1","ST-000077","[""ST-000077""]","NC-0000000191","1","","69e8be0d2ea7f775bb4797fb","2026-04-22T12:24:45.063000","2026-04-22T12:24:45.064000","service_eb508f39-ce3d-4391-bb12-d4211c02ede9","false"
"7.9621","[]","","[]","35.0331","event","3","5","","RL-ORGANIZER","698dc6f781b400b640a229f6","RL-001001","698c747aee05acfdd23ea578","RL-001001","NC-0000000023","[""RL-001001"",""NC-0000000023""]","5","user","69e7695dd83869c146d838da","4","[]","5","","[]","NC-0000000023","4.4","","69e77a5f62d769e95780235d","2026-04-21T13:23:43.571000","2026-04-21T13:23:43.571000","service_eb508f39-ce3d-4391-bb12-d4211c02ede9","false"
"6.8189","[""ST-000032"",""ST-000009"",""ST-000013"",""ST-000007"",""ST-000219"",""ST-000155""]","","[""ST-000100""]","6.8189","quickplay","1","1","","RL-000008","699c655e40e8dc98eacda675","RL-000025","698dbbf753d545317578c200","RL-000025","NC-0000000104","[""RL-000025"",""ST-000032"",""ST-000009"",""ST-000013"",""ST-000007"",""ST-000219"",""ST-000155"",""NC-0000000104""]","1","user","69e61a4de70f3398c1b5fa17","1","[]","1","ST-000032","[""ST-000032"",""ST-000009"",""ST-000013"",""ST-000007"",""ST-000219"",""ST-000155""]","NC-0000000104","1","","69e776a4494ac9de2e9f4a0f","2026-04-21T13:07:48.866000","2026-04-21T13:07:48.866000","service_eb508f39-ce3d-4391-bb12-d4211c02ede9","false"
"6.8189","[""ST-000165"",""ST-000088"",""ST-000074""]","","[""ST-000100""]","6.8189","quickplay","1","1","","RL-000008","699c655e40e8dc98eacda675","RL-000008","698d204286a5af9808991620","RL-000008","NC-0000000104","[""RL-000008"",""ST-000165"",""ST-000088"",""ST-000074"",""NC-0000000104""]","1","user","69e61a4de70f3398c1b5fa17","1","[]","1","ST-000165","[""ST-000165"",""ST-000088"",""ST-000074""]","NC-0000000104","1","","69e776a4029624526685d08d","2026-04-21T13:07:48.649000","2026-04-21T13:07:48.649000","service_eb508f39-ce3d-4391-bb12-d4211c02ede9","false"
"10.0472","[""ST-000165"",""ST-000088"",""ST-000074""]","","[""ST-000032"",""ST-000009"",""ST-000013"",""ST-000007"",""ST-000219"",""ST-000155""]","10.0472","quickplay","1","1","","RL-000025","698dbbf753d545317578c200","RL-000008","698d204286a5af9808991620","RL-000008","NC-0000000104","[""RL-000008"",""ST-000165"",""ST-000088"",""ST-000074"",""NC-0000000104""]","1","user","69e61a4de70f3398c1b5fa17","1","[]","1","ST-000165","[""ST-000165"",""ST-000088"",""ST-000074""]","NC-0000000104","1","","69e61aec27c6ba4ebb750228","2026-04-20T12:24:12.483000","2026-04-20T12:24:12.483000","service_eb508f39-ce3d-4391-bb12-d4211c02ede9","false"
"10.0472","[""ST-000100""]","","[""ST-000032"",""ST-000009"",""ST-000013"",""ST-000007"",""ST-000219"",""ST-000155""]","10.0472","quickplay","1","1","","RL-000025","698dbbf753d545317578c200","RL-000008","699c655e40e8dc98eacda675","RL-000008","NC-0000000104","[""RL-000008"",""ST-000100"",""NC-0000000104""]","1","user","69e61a4de70f3398c1b5fa17","1","[]","1","ST-000100","[""ST-000100""]","NC-0000000104","1","","69e61aec318a35f6d42b5e7b","2026-04-20T12:24:12.340000","2026-04-20T12:24:12.340000","service_eb508f39-ce3d-4391-bb12-d4211c02ede9","false"
"10.625","[""ST-000032"",""ST-000009"",""ST-000013"",""ST-000007"",""ST-000219"",""ST-000155""]","","[""ST-000165"",""ST-000088"",""ST-000074""]","10.625","quickplay","1","1","","RL-000008","698d204286a5af9808991620","RL-000025","698dbbf753d545317578c200","RL-000025","NC-0000000104","[""RL-000025"",""ST-000032"",""ST-000009"",""ST-000013"",""ST-000007"",""ST-000219"",""ST-000155"",""NC-0000000104""]","1","user","69e61a4de70f3398c1b5fa17","1","[]","1","ST-000032","[""ST-000032"",""ST-000009"",""ST-000013"",""ST-000007"",""ST-000219"",""ST-000155""]","NC-0000000104","1","","69e61aeaf6369c280a0fdf07","2026-04-20T12:24:10.526000","2026-04-20T12:24:10.526000","service_eb508f39-ce3d-4391-bb12-d4211c02ede9","false"
"10.625","[""ST-000100""]","","[""ST-000165"",""ST-000088"",""ST-000074""]","10.625","quickplay","1","1","","RL-000008","698d204286a5af9808991620","RL-000008","699c655e40e8dc98eacda675","RL-000008","NC-0000000104","[""RL-000008"",""ST-000100"",""NC-0000000104""]","1","user","69e61a4de70f3398c1b5fa17","1","[]","1","ST-000100","[""ST-000100""]","NC-0000000104","1","","69e61aea7d8f380c6a370ab9","2026-04-20T12:24:10.376000","2026-04-20T12:24:10.376000","service_eb508f39-ce3d-4391-bb12-d4211c02ede9","false"
"6.593","[""ST-000032"",""ST-000009"",""ST-000013"",""ST-000007"",""ST-000219"",""ST-000155""]","","[""ST-000009"",""ST-000080"",""ST-000085""]","6.593","quickplay","1","1","","RL-000008","699c655e40e8dc98eacda675","RL-000025","698dbbf753d545317578c200","RL-000025","NC-0000000104","[""RL-000025"",""ST-000032"",""ST-000009"",""ST-000013"",""ST-000007"",""ST-000219"",""ST-000155"",""NC-0000000104""]","1","user","69e618819c66e868340431aa","1","[]","1","ST-000032","[""ST-000032"",""ST-000009"",""ST-000013"",""ST-000007"",""ST-000219"",""ST-000155""]","NC-0000000104","1","","69e619d885e33988ed7774de","2026-04-20T12:19:36.068000","2026-04-20T12:19:36.068000","service_eb508f39-ce3d-4391-bb12-d4211c02ede9","false"
"10.0332","[""ST-000009"",""ST-000080"",""ST-000085""]","","[""ST-000032"",""ST-000009"",""ST-000013"",""ST-000007"",""ST-000219"",""ST-000155""]","10.0332","quickplay","1","1","","RL-000025","698dbbf753d545317578c200","RL-000008","699c655e40e8dc98eacda675","RL-000008","NC-0000000104","[""RL-000008"",""ST-000009"",""ST-000080"",""ST-000085"",""NC-0000000104""]","1","user","69e618819c66e868340431aa","1","[]","1","ST-000009","[""ST-000009"",""ST-000080"",""ST-000085""]","NC-0000000104","1","","69e619b7ccba896787313f26","2026-04-20T12:19:03.237000","2026-04-20T12:19:03.237000","service_eb508f39-ce3d-4391-bb12-d4211c02ede9","false"
"6.3456","[""ST-000032"",""ST-000009"",""ST-000013"",""ST-000007"",""ST-000219"",""ST-000155""]","","[""ST-000085""]","31.7282","quickplay","5","5","","RL-000008","699c655e40e8dc98eacda675","RL-000025","698dbbf753d545317578c200","RL-000025","NC-0000000169","[""RL-000025"",""ST-000032"",""ST-000009"",""ST-000013"",""ST-000007"",""ST-000219"",""ST-000155"",""NC-0000000169""]","5","user","69e61881e7f9803a776289ed","5","[]","5","ST-000032","[""ST-000032"",""ST-000009"",""ST-000013"",""ST-000007"",""ST-000219"",""ST-000155""]","NC-0000000169","5","","69e6197ab1abcc12ee13b257","2026-04-20T12:18:02.247000","2026-04-20T12:18:02.247000","service_eb508f39-ce3d-4391-bb12-d4211c02ede9","false"
"10.0047","[""ST-000085""]","","[""ST-000032"",""ST-000009"",""ST-000013"",""ST-000007"",""ST-000219"",""ST-000155""]","10.0047","quickplay","1","1","","RL-000025","698dbbf753d545317578c200","RL-000008","699c655e40e8dc98eacda675","RL-000008","NC-0000000169","[""RL-000008"",""ST-000085"",""NC-0000000169""]","1","user","69e61881e7f9803a776289ed","1","[]","1","ST-000085","[""ST-000085""]","NC-0000000169","1","","69e619738a3cf8146b09b3f2","2026-04-20T12:17:55.874000","2026-04-20T12:17:55.874000","service_eb508f39-ce3d-4391-bb12-d4211c02ede9","false"
"10.0047","[]","","[]","48.0225","event","5","5","","RL-000025","698dbbf753d545317578c200","RL-ORGANIZER","69b48a2b7d5c0db589c6bb1c","RL-ORGANIZER","NC-0000000310","[""RL-ORGANIZER"",""NC-0000000310""]","5","user","69e60a1e5f4569d7af92673c","4","[]","5","","[]","NC-0000000310","4.8","","69e6143b7d6ce3efff952c5c","2026-04-20T11:55:39.172000","2026-04-20T11:55:39.172000","service_eb508f39-ce3d-4391-bb12-d4211c02ede9","false"
"10.0047","[]","","[]","48.0225","event","5","5","","RL-000025","698dbbf753d545317578c200","RL-000025","69cd302266f2193a99122757","RL-000025","NC-0000000310","[""RL-000025"",""NC-0000000310""]","5","user","69e60a1e5f4569d7af92673c","4","[]","5","","[]","NC-0000000310","4.8","","69e6143b65e7b6eae8d36d6a","2026-04-20T11:55:39.048000","2026-04-20T11:55:39.048000","service_eb508f39-ce3d-4391-bb12-d4211c02ede9","false"
"9.9129","[]","","[]","47.5821","event","5","5","","RL-ORGANIZER","69b48a2b7d5c0db589c6bb1c","RL-000025","69cd302266f2193a99122757","RL-000025","NC-0000000310","[""RL-000025"",""NC-0000000310""]","5","user","69e60a1e5f4569d7af92673c","4","[]","5","","[]","NC-0000000310","4.8","","69e6143686952518b5efc346","2026-04-20T11:55:34.424000","2026-04-20T11:55:34.424000","service_eb508f39-ce3d-4391-bb12-d4211c02ede9","false"
"9.9129","[]","","[]","47.5821","event","5","5","","RL-ORGANIZER","69b48a2b7d5c0db589c6bb1c","RL-000025","698dbbf753d545317578c200","RL-000025","NC-0000000310","[""RL-000025"",""NC-0000000310""]","5","user","69e60a1e5f4569d7af92673c","4","[]","5","","[]","NC-0000000310","4.8","","69e61436c1063dba61fb82a2","2026-04-20T11:55:34.267000","2026-04-20T11:55:34.267000","service_eb508f39-ce3d-4391-bb12-d4211c02ede9","false"
"7.9621","[""ST-000077"",""ST-000103"",""ST-000012"",""ST-000042"",""ST-000008""]","","[""ST-000012"",""ST-000042"",""ST-000008""]","23.8862","event","4","3","","RL-000008","698dc6f781b400b640a229f6","RL-ORGANIZER","698c747aee05acfdd23ea578","RL-ORGANIZER","NC-0000000117","[""RL-ORGANIZER"",""ST-000077"",""ST-000103"",""ST-000012"",""ST-000042"",""ST-000008"",""NC-0000000117""]","2","user","69e607e033eb747a44dfabc3","3","[]","3","ST-000077","[""ST-000077"",""ST-000103"",""ST-000012"",""ST-000042"",""ST-000008""]","NC-0000000117","3","","69e6141713eb3601aabe8fb1","2026-04-20T11:55:03.907000","2026-04-20T11:55:03.907000","service_eb508f39-ce3d-4391-bb12-d4211c02ede9","false"
"7.9621","[]","","[""ST-000012"",""ST-000042"",""ST-000008""]","23.8862","event","4","3","","RL-000008","698dc6f781b400b640a229f6","RL-000008","698dbd987dbcc355eec0ff7c","RL-000008","NC-0000000117","[""RL-000008"",""NC-0000000117""]","2","user","69e607e033eb747a44dfabc3","3","[]","3","","[]","NC-0000000117","3","","69e61417ca2f73f67bff3dcd","2026-04-20T11:55:03.776000","2026-04-20T11:55:03.776000","service_eb508f39-ce3d-4391-bb12-d4211c02ede9","false"
"7.9621","[""ST-000077"",""ST-000103""]","","[""ST-000012"",""ST-000042"",""ST-000008""]","23.8862","event","4","3","","RL-000008","698dc6f781b400b640a229f6","RL-000008","698dd1b2193c860027a3457a","RL-000008","NC-0000000117","[""RL-000008"",""ST-000077"",""ST-000103"",""NC-0000000117""]","2","user","69e607e033eb747a44dfabc3","3","[]","3","ST-000077","[""ST-000077"",""ST-000103""]","NC-0000000117","3","","69e6141758390b2686584ebd","2026-04-20T11:55:03.640000","2026-04-20T11:55:03.640000","service_eb508f39-ce3d-4391-bb12-d4211c02ede9","false"
"7.9621","[]","","[""ST-000012"",""ST-000042"",""ST-000008""]","23.8862","event","4","3","","RL-000008","698dc6f781b400b640a229f6","RL-000008","698d204286a5af9808991620","RL-000008","NC-0000000117","[""RL-000008"",""NC-0000000117""]","2","user","69e607e033eb747a44dfabc3","3","[]","3","","[]","NC-0000000117","3","","69e61417283d0a2cf6118e62","2026-04-20T11:55:03.464000","2026-04-20T11:55:03.464000","service_eb508f39-ce3d-4391-bb12-d4211c02ede9","false"
"7.6917","[""ST-000077"",""ST-000103"",""ST-000012"",""ST-000042"",""ST-000008""]","","[]","38.4583","event","5","5","","RL-000008","698dbd987dbcc355eec0ff7c","RL-ORGANIZER","698c747aee05acfdd23ea578","RL-ORGANIZER","NC-0000000117","[""RL-ORGANIZER"",""ST-000077"",""ST-000103"",""ST-000012"",""ST-000042"",""ST-000008"",""NC-0000000117""]","5","user","69e607e033eb747a44dfabc3","5","[]","5","ST-000077","[""ST-000077"",""ST-000103"",""ST-000012"",""ST-000042"",""ST-000008""]","NC-0000000117","5","","69e61408b836a43b948fbc23","2026-04-20T11:54:48.196000","2026-04-20T11:54:48.196000","service_eb508f39-ce3d-4391-bb12-d4211c02ede9","false"
"7.6917","[""ST-000012"",""ST-000042"",""ST-000008""]","","[]","38.4583","event","5","5","","RL-000008","698dbd987dbcc355eec0ff7c","RL-000008","698dc6f781b400b640a229f6","RL-000008","NC-0000000117","[""RL-000008"",""ST-000012"",""ST-000042"",""ST-000008"",""NC-0000000117""]","5","user","69e607e033eb747a44dfabc3","5","[]","5","ST-000012","[""ST-000012"",""ST-000042"",""ST-000008""]","NC-0000000117","5","","69e614075e5d3f9c1236925a","2026-04-20T11:54:47.935000","2026-04-20T11:54:47.935000","service_eb508f39-ce3d-4391-bb12-d4211c02ede9","false"
"7.6917","[""ST-000077"",""ST-000103""]","","[]","38.4583","event","5","5","","RL-000008","698dbd987dbcc355eec0ff7c","RL-000008","698dd1b2193c860027a3457a","RL-000008","NC-0000000117","[""RL-000008"",""ST-000077"",""ST-000103"",""NC-0000000117""]","5","user","69e607e033eb747a44dfabc3","5","[]","5","ST-000077","[""ST-000077"",""ST-000103""]","NC-0000000117","5","","69e61407b07dbf6bbd2c309d","2026-04-20T11:54:47.592000","2026-04-20T11:54:47.592000","service_eb508f39-ce3d-4391-bb12-d4211c02ede9","false"
"7.6917","[]","","[]","38.4583","event","5","5","","RL-000008","698dbd987dbcc355eec0ff7c","RL-000008","698d204286a5af9808991620","RL-000008","NC-0000000117","[""RL-000008"",""NC-0000000117""]","5","user","69e607e033eb747a44dfabc3","5","[]","5","","[]","NC-0000000117","5","","69e61407acd6abe9ba8cc6ce","2026-04-20T11:54:47.405000","2026-04-20T11:54:47.405000","service_eb508f39-ce3d-4391-bb12-d4211c02ede9","false"
"9.6323","[""ST-000077"",""ST-000103"",""ST-000012"",""ST-000042"",""ST-000008""]","","[""ST-000077"",""ST-000103""]","25.0441","event","2","1","","RL-000008","698dd1b2193c860027a3457a","RL-ORGANIZER","698c747aee05acfdd23ea578","RL-ORGANIZER","NC-0000000117","[""RL-ORGANIZER"",""ST-000077"",""ST-000103"",""ST-000012"",""ST-000042"",""ST-000008"",""NC-0000000117""]","5","user","69e607e033eb747a44dfabc3","4","[]","1","ST-000077","[""ST-000077"",""ST-000103"",""ST-000012"",""ST-000042"",""ST-000008""]","NC-0000000117","2.6","","69e613f9f5ad0e554cf4a14e","2026-04-20T11:54:33.724000","2026-04-20T11:54:33.724000","service_eb508f39-ce3d-4391-bb12-d4211c02ede9","false"
"9.6323","[""ST-000012"",""ST-000042"",""ST-000008""]","","[""ST-000077"",""ST-000103""]","25.0441","event","2","1","","RL-000008","698dd1b2193c860027a3457a","RL-000008","698dc6f781b400b640a229f6","RL-000008","NC-0000000117","[""RL-000008"",""ST-000012"",""ST-000042"",""ST-000008"",""NC-0000000117""]","5","user","69e607e033eb747a44dfabc3","4","[]","1","ST-000012","[""ST-000012"",""ST-000042"",""ST-000008""]","NC-0000000117","2.6","","69e613f98cab1cd40a787d25","2026-04-20T11:54:33.565000","2026-04-20T11:54:33.565000","service_eb508f39-ce3d-4391-bb12-d4211c02ede9","false"
"9.6323","[]","","[""ST-000077"",""ST-000103""]","25.0441","event","2","1","","RL-000008","698dd1b2193c860027a3457a","RL-000008","698dbd987dbcc355eec0ff7c","RL-000008","NC-0000000117","[""RL-000008"",""NC-0000000117""]","5","user","69e607e033eb747a44dfabc3","4","[]","1","","[]","NC-0000000117","2.6","","69e613f908e6ac4290116def","2026-04-20T11:54:33.395000","2026-04-20T11:54:33.395000","service_eb508f39-ce3d-4391-bb12-d4211c02ede9","false"
"9.6323","[]","","[""ST-000077"",""ST-000103""]","25.0441","event","2","1","","RL-000008","698dd1b2193c860027a3457a","RL-000008","698d204286a5af9808991620","RL-000008","NC-0000000117","[""RL-000008"",""NC-0000000117""]","5","user","69e607e033eb747a44dfabc3","4","[]","1","","[]","NC-0000000117","2.6","","69e613f98f1892b6ae8503aa","2026-04-20T11:54:33.248000","2026-04-20T11:54:33.248000","service_eb508f39-ce3d-4391-bb12-d4211c02ede9","false"
"10.6172","[""ST-000077"",""ST-000103"",""ST-000012"",""ST-000042"",""ST-000008""]","","[]","10.6172","event","1","1","","RL-000008","698d204286a5af9808991620","RL-ORGANIZER","698c747aee05acfdd23ea578","RL-ORGANIZER","NC-0000000117","[""RL-ORGANIZER"",""ST-000077"",""ST-000103"",""ST-000012"",""ST-000042"",""ST-000008"",""NC-0000000117""]","1","user","69e607e033eb747a44dfabc3","1","[]","1","ST-000077","[""ST-000077"",""ST-000103"",""ST-000012"",""ST-000042"",""ST-000008""]","NC-0000000117","1","","69e613ee66cfacdb849e07e5","2026-04-20T11:54:22.827000","2026-04-20T11:54:22.827000","service_eb508f39-ce3d-4391-bb12-d4211c02ede9","false"
"10.6172","[""ST-000012"",""ST-000042"",""ST-000008""]","","[]","10.6172","event","1","1","","RL-000008","698d204286a5af9808991620","RL-000008","698dc6f781b400b640a229f6","RL-000008","NC-0000000117","[""RL-000008"",""ST-000012"",""ST-000042"",""ST-000008"",""NC-0000000117""]","1","user","69e607e033eb747a44dfabc3","1","[]","1","ST-000012","[""ST-000012"",""ST-000042"",""ST-000008""]","NC-0000000117","1","","69e613eef4db01489ddf9f6c","2026-04-20T11:54:22.658000","2026-04-20T11:54:22.658000","service_eb508f39-ce3d-4391-bb12-d4211c02ede9","false"
"10.6172","[]","","[]","10.6172","event","1","1","","RL-000008","698d204286a5af9808991620","RL-000008","698dbd987dbcc355eec0ff7c","RL-000008","NC-0000000117","[""RL-000008"",""NC-0000000117""]","1","user","69e607e033eb747a44dfabc3","1","[]","1","","[]","NC-0000000117","1","","69e613eef5d1926baa35056e","2026-04-20T11:54:22.525000","2026-04-20T11:54:22.525000","service_eb508f39-ce3d-4391-bb12-d4211c02ede9","false"
"10.6172","[""ST-000077"",""ST-000103""]","","[]","10.6172","event","1","1","","RL-000008","698d204286a5af9808991620","RL-000008","698dd1b2193c860027a3457a","RL-000008","NC-0000000117","[""RL-000008"",""ST-000077"",""ST-000103"",""NC-0000000117""]","1","user","69e607e033eb747a44dfabc3","1","[]","1","ST-000077","[""ST-000077"",""ST-000103""]","NC-0000000117","1","","69e613ee6050c2031a32e29b","2026-04-20T11:54:22.335000","2026-04-20T11:54:22.335000","service_eb508f39-ce3d-4391-bb12-d4211c02ede9","false"
"10.6218","[""ST-000012"",""ST-000042"",""ST-000008""]","","[""ST-000077"",""ST-000103"",""ST-000012"",""ST-000042"",""ST-000008""]","46.736","event","3","5","","RL-ORGANIZER","698c747aee05acfdd23ea578","RL-000008","698dc6f781b400b640a229f6","RL-000008","NC-0000000117","[""RL-000008"",""ST-000012"",""ST-000042"",""ST-000008"",""NC-0000000117""]","5","user","69e607e033eb747a44dfabc3","4","[]","5","ST-000012","[""ST-000012"",""ST-000042"",""ST-000008""]","NC-0000000117","4.4","","69e613e6ef04537c379a4eb7","2026-04-20T11:54:14.578000","2026-04-20T11:54:14.578000","service_eb508f39-ce3d-4391-bb12-d4211c02ede9","false"
"10.6218","[]","","[""ST-000077"",""ST-000103"",""ST-000012"",""ST-000042"",""ST-000008""]","46.736","event","3","5","","RL-ORGANIZER","698c747aee05acfdd23ea578","RL-000008","698dbd987dbcc355eec0ff7c","RL-000008","NC-0000000117","[""RL-000008"",""NC-0000000117""]","5","user","69e607e033eb747a44dfabc3","4","[]","5","","[]","NC-0000000117","4.4","","69e613e6ed6a7a18fe1dd1d8","2026-04-20T11:54:14.452000","2026-04-20T11:54:14.452000","service_eb508f39-ce3d-4391-bb12-d4211c02ede9","false"
"10.6218","[""ST-000077"",""ST-000103""]","","[""ST-000077"",""ST-000103"",""ST-000012"",""ST-000042"",""ST-000008""]","46.736","event","3","5","","RL-ORGANIZER","698c747aee05acfdd23ea578","RL-000008","698dd1b2193c860027a3457a","RL-000008","NC-0000000117","[""RL-000008"",""ST-000077"",""ST-000103"",""NC-0000000117""]","5","user","69e607e033eb747a44dfabc3","4","[]","5","ST-000077","[""ST-000077"",""ST-000103""]","NC-0000000117","4.4","","69e613e6943395e9de71e7a9","2026-04-20T11:54:14.313000","2026-04-20T11:54:14.313000","service_eb508f39-ce3d-4391-bb12-d4211c02ede9","false"
"10.6218","[]","","[""ST-000077"",""ST-000103"",""ST-000012"",""ST-000042"",""ST-000008""]","46.736","event","3","5","","RL-ORGANIZER","698c747aee05acfdd23ea578","RL-000008","698d204286a5af9808991620","RL-000008","NC-0000000117","[""RL-000008"",""NC-0000000117""]","5","user","69e607e033eb747a44dfabc3","4","[]","5","","[]","NC-0000000117","4.4","","69e613e69ce57b8accbf237f","2026-04-20T11:54:14.149000","2026-04-20T11:54:14.149000","service_eb508f39-ce3d-4391-bb12-d4211c02ede9","false"
"8.1691","[""ST-000239""]","","[""ST-000239""]","35.9438","event","4","5","","RL-000008","69cd302266f2193a99122757","RL-ORGANIZER","698d204286a5af9808991620","RL-ORGANIZER","NC-0000000310","[""RL-ORGANIZER"",""ST-000239"",""NC-0000000310""]","5","user","69e5948e860ff3f483f9b667","4","[]","4","ST-000239","[""ST-000239""]","NC-0000000310","4.4","","69e5a59b36bde01b2c6c33f6","2026-04-20T04:03:39.561000","2026-04-20T04:03:39.561000","service_eb508f39-ce3d-4391-bb12-d4211c02ede9","false"
"8.1691","[]","","[""ST-000239""]","35.9438","event","4","5","","RL-000008","69cd302266f2193a99122757","RL-000008","699c655e40e8dc98eacda675","RL-000008","NC-0000000310","[""RL-000008"",""NC-0000000310""]","5","user","69e5948e860ff3f483f9b667","4","[]","4","","[]","NC-0000000310","4.4","","69e5a59b2745dd4d302208d3","2026-04-20T04:03:39.366000","2026-04-20T04:03:39.366000","service_eb508f39-ce3d-4391-bb12-d4211c02ede9","false"
"8.1691","[]","","[""ST-000239""]","35.9438","event","4","5","","RL-000008","69cd302266f2193a99122757","RL-000008","69b48a2b7d5c0db589c6bb1c","RL-000008","NC-0000000310","[""RL-000008"",""NC-0000000310""]","5","user","69e5948e860ff3f483f9b667","4","[]","4","","[]","NC-0000000310","4.4","","69e5a59bbd0e838747d2117e","2026-04-20T04:03:39.168000","2026-04-20T04:03:39.168000","service_eb508f39-ce3d-4391-bb12-d4211c02ede9","false"
"10.6093","[]","","[""ST-000239""]","31.8279","event","3","3","","RL-ORGANIZER","698d204286a5af9808991620","RL-000008","699c655e40e8dc98eacda675","RL-000008","NC-0000000310","[""RL-000008"",""NC-0000000310""]","3","user","69e5948e860ff3f483f9b667","3","[]","3","","[]","NC-0000000310","3","","69e5a579f8163d6c8885d371","2026-04-20T04:03:05.102000","2026-04-20T04:03:05.102000","service_eb508f39-ce3d-4391-bb12-d4211c02ede9","false"
"10.6093","[]","","[""ST-000239""]","31.8279","event","3","3","","RL-ORGANIZER","698d204286a5af9808991620","RL-000008","69b48a2b7d5c0db589c6bb1c","RL-000008","NC-0000000310","[""RL-000008"",""NC-0000000310""]","3","user","69e5948e860ff3f483f9b667","3","[]","3","","[]","NC-0000000310","3","","69e5a578e6a90e2cc1cdd733","2026-04-20T04:03:04.930000","2026-04-20T04:03:04.930000","service_eb508f39-ce3d-4391-bb12-d4211c02ede9","false"
"10.6093","[""ST-000239""]","","[""ST-000239""]","31.8279","event","3","3","","RL-ORGANIZER","698d204286a5af9808991620","RL-000008","69cd302266f2193a99122757","RL-000008","NC-0000000310","[""RL-000008"",""ST-000239"",""NC-0000000310""]","3","user","69e5948e860ff3f483f9b667","3","[]","3","ST-000239","[""ST-000239""]","NC-0000000310","3","","69e5a578c757650eb0014059","2026-04-20T04:03:04.772000","2026-04-20T04:03:04.772000","service_eb508f39-ce3d-4391-bb12-d4211c02ede9","false"
"8.1691","[""ST-000032"",""ST-000009"",""ST-000013"",""ST-000007"",""ST-000219"",""ST-000155""]","","[""ST-000239""]","40.8453","quickplay","5","5","","RL-000008","69cd302266f2193a99122757","RL-000025","698dbbf753d545317578c200","RL-000025","NC-0000000014","[""RL-000025"",""ST-000032"",""ST-000009"",""ST-000013"",""ST-000007"",""ST-000219"",""ST-000155"",""NC-0000000014""]","5","user","69e59c6999895a6a9ae411ee","5","[]","5","ST-000032","[""ST-000032"",""ST-000009"",""ST-000013"",""ST-000007"",""ST-000219"",""ST-000155""]","NC-0000000014","5","","69e59cde1b2693f9f5cfdfe4","2026-04-20T03:26:22.014000","2026-04-20T03:26:22.014000","service_eb508f39-ce3d-4391-bb12-d4211c02ede9","false"
"8.1691","[""ST-000075"",""ST-000192""]","","[""ST-000239""]","40.8453","quickplay","5","5","","RL-000008","69cd302266f2193a99122757","RL-000008","69b48a2b7d5c0db589c6bb1c","RL-000008","NC-0000000014","[""RL-000008"",""ST-000075"",""ST-000192"",""NC-0000000014""]","5","user","69e59c6999895a6a9ae411ee","5","[]","5","ST-000075","[""ST-000075"",""ST-000192""]","NC-0000000014","5","","69e59cdd2382ea9d89530c36","2026-04-20T03:26:21.848000","2026-04-20T03:26:21.848000","service_eb508f39-ce3d-4391-bb12-d4211c02ede9","false"
"9.9129","[""ST-000032"",""ST-000009"",""ST-000013"",""ST-000007"",""ST-000219"",""ST-000155""]","","[""ST-000075"",""ST-000192""]","49.5647","quickplay","5","5","","RL-000008","69b48a2b7d5c0db589c6bb1c","RL-000025","698dbbf753d545317578c200","RL-000025","NC-0000000014","[""RL-000025"",""ST-000032"",""ST-000009"",""ST-000013"",""ST-000007"",""ST-000219"",""ST-000155"",""NC-0000000014""]","5","user","69e59c6999895a6a9ae411ee","5","[]","5","ST-000032","[""ST-000032"",""ST-000009"",""ST-000013"",""ST-000007"",""ST-000219"",""ST-000155""]","NC-0000000014","5","","69e59cd7bc1a1978d62cebf8","2026-04-20T03:26:15.977000","2026-04-20T03:26:15.977000","service_eb508f39-ce3d-4391-bb12-d4211c02ede9","false"
"9.9129","[""ST-000239""]","","[""ST-000075"",""ST-000192""]","49.5647","quickplay","5","5","","RL-000008","69b48a2b7d5c0db589c6bb1c","RL-000008","69cd302266f2193a99122757","RL-000008","NC-0000000014","[""RL-000008"",""ST-000239"",""NC-0000000014""]","5","user","69e59c6999895a6a9ae411ee","5","[]","5","ST-000239","[""ST-000239""]","NC-0000000014","5","","69e59cd71a925f636cc32b78","2026-04-20T03:26:15.795000","2026-04-20T03:26:15.795000","service_eb508f39-ce3d-4391-bb12-d4211c02ede9","false"
"10.0047","[""ST-000239""]","","[""ST-000032"",""ST-000009"",""ST-000013"",""ST-000007"",""ST-000219"",""ST-000155""]","50.0234","quickplay","5","5","","RL-000025","698dbbf753d545317578c200","RL-000008","69cd302266f2193a99122757","RL-000008","NC-0000000014","[""RL-000008"",""ST-000239"",""NC-0000000014""]","5","user","69e59c6999895a6a9ae411ee","5","[]","5","ST-000239","[""ST-000239""]","NC-0000000014","5","","69e59ccaf2dc2f4b98bf86ea","2026-04-20T03:26:02.131000","2026-04-20T03:26:02.131000","service_eb508f39-ce3d-4391-bb12-d4211c02ede9","false"
"10.0047","[""ST-000075"",""ST-000192""]","","[""ST-000032"",""ST-000009"",""ST-000013"",""ST-000007"",""ST-000219"",""ST-000155""]","50.0234","quickplay","5","5","","RL-000025","698dbbf753d545317578c200","RL-000008","69b48a2b7d5c0db589c6bb1c","RL-000008","NC-0000000014","[""RL-000008"",""ST-000075"",""ST-000192"",""NC-0000000014""]","5","user","69e59c6999895a6a9ae411ee","5","[]","5","ST-000075","[""ST-000075"",""ST-000192""]","NC-0000000014","5","","69e59cc9c222c1e5f7199ed0","2026-04-20T03:26:01.921000","2026-04-20T03:26:01.921000","service_eb508f39-ce3d-4391-bb12-d4211c02ede9","false"
"9.9129","[""ST-000239""]","","[""ST-000075"",""ST-000192""]","49.5647","quickplay","5","5","","RL-000008","69b48a2b7d5c0db589c6bb1c","RL-000008","69cd302266f2193a99122757","RL-000008","NC-0000000124","[""RL-000008"",""ST-000239"",""NC-0000000124""]","5","user","69e59bdd25a52c137ae9b09a","5","[]","5","ST-000239","[""ST-000239""]","NC-0000000124","5","","69e59c0d828aaac753e6207c","2026-04-20T03:22:53.477000","2026-04-20T03:22:53.477000","service_eb508f39-ce3d-4391-bb12-d4211c02ede9","false"
"8.1691","[""ST-000075"",""ST-000192""]","","[""ST-000239""]","40.8453","quickplay","5","5","","RL-000008","69cd302266f2193a99122757","RL-000008","69b48a2b7d5c0db589c6bb1c","RL-000008","NC-0000000124","[""RL-000008"",""ST-000075"",""ST-000192"",""NC-0000000124""]","5","user","69e59bdd25a52c137ae9b09a","5","[]","5","ST-000075","[""ST-000075"",""ST-000192""]","NC-0000000124","5","","69e59c05de80b2d2fa6bd902","2026-04-20T03:22:45.482000","2026-04-20T03:22:45.482000","service_eb508f39-ce3d-4391-bb12-d4211c02ede9","false"
"10.6093","[""ST-000088"",""ST-000074"",""ST-000012"",""ST-000042"",""ST-000008"",""ST-000192""]","","[""ST-000088"",""ST-000074""]","46.6809","event","3","4","","RL-000008","698d204286a5af9808991620","RL-ORGANIZER","69cd302266f2193a99122757","RL-ORGANIZER","NC-0000000165","[""RL-ORGANIZER"",""ST-000088"",""ST-000074"",""ST-000012"",""ST-000042"",""ST-000008"",""ST-000192"",""NC-0000000165""]","5","user","69e5864d08b059845f8f4d11","5","[]","5","ST-000088","[""ST-000088"",""ST-000074"",""ST-000012"",""ST-000042"",""ST-000008"",""ST-000192""]","NC-0000000165","4.4","","69e59246e890bf3b20c9e21e","2026-04-20T02:41:10.357000","2026-04-20T02:41:10.357000","service_eb508f39-ce3d-4391-bb12-d4211c02ede9","false"
"10.6093","[]","","[""ST-000088"",""ST-000074""]","46.6809","event","3","4","","RL-000008","698d204286a5af9808991620","RL-000025","699c655e40e8dc98eacda675","RL-000025","NC-0000000165","[""RL-000025"",""NC-0000000165""]","5","user","69e5864d08b059845f8f4d11","5","[]","5","","[]","NC-0000000165","4.4","","69e5924602786b84f5908d8e","2026-04-20T02:41:10.182000","2026-04-20T02:41:10.182000","service_eb508f39-ce3d-4391-bb12-d4211c02ede9","false"
"10.6093","[""ST-000192""]","","[""ST-000088"",""ST-000074""]","46.6809","event","3","4","","RL-000008","698d204286a5af9808991620","RL-000008","69cc8733c3fe5f1da80ba357","RL-000008","NC-0000000165","[""RL-000008"",""ST-000192"",""NC-0000000165""]","5","user","69e5864d08b059845f8f4d11","5","[]","5","ST-000192","[""ST-000192""]","NC-0000000165","4.4","","69e5924607c3c554e436c159","2026-04-20T02:41:10.008000","2026-04-20T02:41:10.008000","service_eb508f39-ce3d-4391-bb12-d4211c02ede9","false"
"10.6093","[""ST-000012"",""ST-000042"",""ST-000008""]","","[""ST-000088"",""ST-000074""]","46.6809","event","3","4","","RL-000008","698d204286a5af9808991620","RL-000008","698dc6f781b400b640a229f6","RL-000008","NC-0000000165","[""RL-000008"",""ST-000012"",""ST-000042"",""ST-000008"",""NC-0000000165""]","5","user","69e5864d08b059845f8f4d11","5","[]","5","ST-000012","[""ST-000012"",""ST-000042"",""ST-000008""]","NC-0000000165","4.4","","69e59245e6a90e2cc1cdc66b","2026-04-20T02:41:09.852000","2026-04-20T02:41:09.852000","service_eb508f39-ce3d-4391-bb12-d4211c02ede9","false"
"10.6093","[]","","[""ST-000088"",""ST-000074""]","46.6809","event","3","4","","RL-000008","698d204286a5af9808991620","RL-000025","69b48a2b7d5c0db589c6bb1c","RL-000025","NC-0000000165","[""RL-000025"",""NC-0000000165""]","5","user","69e5864d08b059845f8f4d11","5","[]","5","","[]","NC-0000000165","4.4","","69e5924534d5373286ac8276","2026-04-20T02:41:09.605000","2026-04-20T02:41:09.605000","service_eb508f39-ce3d-4391-bb12-d4211c02ede9","false"
"7.8823","[""ST-000088"",""ST-000074"",""ST-000012"",""ST-000042"",""ST-000008"",""ST-000192""]","","[""ST-000012"",""ST-000042"",""ST-000008""]","23.6469","event","3","4","","RL-000008","698dc6f781b400b640a229f6","RL-ORGANIZER","69cd302266f2193a99122757","RL-ORGANIZER","NC-0000000165","[""RL-ORGANIZER"",""ST-000088"",""ST-000074"",""ST-000012"",""ST-000042"",""ST-000008"",""ST-000192"",""NC-0000000165""]","4","user","69e5864d08b059845f8f4d11","2","[]","2","ST-000088","[""ST-000088"",""ST-000074"",""ST-000012"",""ST-000042"",""ST-000008"",""ST-000192""]","NC-0000000165","3","","69e5922d7c0eded86480e140","2026-04-20T02:40:45.834000","2026-04-20T02:40:45.834000","service_eb508f39-ce3d-4391-bb12-d4211c02ede9","false"
"7.8823","[]","","[""ST-000012"",""ST-000042"",""ST-000008""]","23.6469","event","3","4","","RL-000008","698dc6f781b400b640a229f6","RL-000025","699c655e40e8dc98eacda675","RL-000025","NC-0000000165","[""RL-000025"",""NC-0000000165""]","4","user","69e5864d08b059845f8f4d11","2","[]","2","","[]","NC-0000000165","3","","69e5922dcf5e009aa61782e1","2026-04-20T02:40:45.631000","2026-04-20T02:40:45.631000","service_eb508f39-ce3d-4391-bb12-d4211c02ede9","false"
"7.8823","[""ST-000192""]","","[""ST-000012"",""ST-000042"",""ST-000008""]","23.6469","event","3","4","","RL-000008","698dc6f781b400b640a229f6","RL-000008","69cc8733c3fe5f1da80ba357","RL-000008","NC-0000000165","[""RL-000008"",""ST-000192"",""NC-0000000165""]","4","user","69e5864d08b059845f8f4d11","2","[]","2","ST-000192","[""ST-000192""]","NC-0000000165","3","","69e5922dfa56f463ad02a5a2","2026-04-20T02:40:45.368000","2026-04-20T02:40:45.368000","service_eb508f39-ce3d-4391-bb12-d4211c02ede9","false"
"7.8823","[]","","[""ST-000012"",""ST-000042"",""ST-000008""]","23.6469","event","3","4","","RL-000008","698dc6f781b400b640a229f6","RL-000025","69b48a2b7d5c0db589c6bb1c","RL-000025","NC-0000000165","[""RL-000025"",""NC-0000000165""]","4","user","69e5864d08b059845f8f4d11","2","[]","2","","[]","NC-0000000165","3","","69e5922d13c2f23145a3e26e","2026-04-20T02:40:45.235000","2026-04-20T02:40:45.235000","service_eb508f39-ce3d-4391-bb12-d4211c02ede9","false"
"7.8823","[""ST-000088"",""ST-000074""]","","[""ST-000012"",""ST-000042"",""ST-000008""]","23.6469","event","3","4","","RL-000008","698dc6f781b400b640a229f6","RL-000008","698d204286a5af9808991620","RL-000008","NC-0000000165","[""RL-000008"",""ST-000088"",""ST-000074"",""NC-0000000165""]","4","user","69e5864d08b059845f8f4d11","2","[]","2","ST-000088","[""ST-000088"",""ST-000074""]","NC-0000000165","3","","69e5922d7c0eded86480e13f","2026-04-20T02:40:45.037000","2026-04-20T02:40:45.037000","service_eb508f39-ce3d-4391-bb12-d4211c02ede9","false"
"9.7682","[""ST-000088"",""ST-000074"",""ST-000012"",""ST-000042"",""ST-000008"",""ST-000192""]","","[]","15.6292","event","1","2","","RL-000025","69b48a2b7d5c0db589c6bb1c","RL-ORGANIZER","69cd302266f2193a99122757","RL-ORGANIZER","NC-0000000165","[""RL-ORGANIZER"",""ST-000088"",""ST-000074"",""ST-000012"",""ST-000042"",""ST-000008"",""ST-000192"",""NC-0000000165""]","1","user","69e5864d08b059845f8f4d11","1","[]","3","ST-000088","[""ST-000088"",""ST-000074"",""ST-000012"",""ST-000042"",""ST-000008"",""ST-000192""]","NC-0000000165","1.6","","69e592228be21f16d9a84ed8","2026-04-20T02:40:34.175000","2026-04-20T02:40:34.175000","service_eb508f39-ce3d-4391-bb12-d4211c02ede9","false"
"9.7682","[]","","[]","15.6292","event","1","2","","RL-000025","69b48a2b7d5c0db589c6bb1c","RL-000025","699c655e40e8dc98eacda675","RL-000025","NC-0000000165","[""RL-000025"",""NC-0000000165""]","1","user","69e5864d08b059845f8f4d11","1","[]","3","","[]","NC-0000000165","1.6","","69e592225908f5ae172f2031","2026-04-20T02:40:34.035000","2026-04-20T02:40:34.035000","service_eb508f39-ce3d-4391-bb12-d4211c02ede9","false"
"9.7682","[""ST-000192""]","","[]","15.6292","event","1","2","","RL-000025","69b48a2b7d5c0db589c6bb1c","RL-000008","69cc8733c3fe5f1da80ba357","RL-000008","NC-0000000165","[""RL-000008"",""ST-000192"",""NC-0000000165""]","1","user","69e5864d08b059845f8f4d11","1","[]","3","ST-000192","[""ST-000192""]","NC-0000000165","1.6","","69e592215ec5daf93815c2ef","2026-04-20T02:40:33.813000","2026-04-20T02:40:33.813000","service_eb508f39-ce3d-4391-bb12-d4211c02ede9","false"
"9.7682","[""ST-000012"",""ST-000042"",""ST-000008""]","","[]","15.6292","event","1","2","","RL-000025","69b48a2b7d5c0db589c6bb1c","RL-000008","698dc6f781b400b640a229f6","RL-000008","NC-0000000165","[""RL-000008"",""ST-000012"",""ST-000042"",""ST-000008"",""NC-0000000165""]","1","user","69e5864d08b059845f8f4d11","1","[]","3","ST-000012","[""ST-000012"",""ST-000042"",""ST-000008""]","NC-0000000165","1.6","","69e59221a94ba2846b34cb15","2026-04-20T02:40:33.615000","2026-04-20T02:40:33.615000","service_eb508f39-ce3d-4391-bb12-d4211c02ede9","false"
"9.7682","[""ST-000088"",""ST-000074""]","","[]","15.6292","event","1","2","","RL-000025","69b48a2b7d5c0db589c6bb1c","RL-000008","698d204286a5af9808991620","RL-000008","NC-0000000165","[""RL-000008"",""ST-000088"",""ST-000074"",""NC-0000000165""]","1","user","69e5864d08b059845f8f4d11","1","[]","3","ST-000088","[""ST-000088"",""ST-000074""]","NC-0000000165","1.6","","69e5922105e3ee4a526b24b8","2026-04-20T02:40:33.405000","2026-04-20T02:40:33.405000","service_eb508f39-ce3d-4391-bb12-d4211c02ede9","false"
"8.0552","[]","","[""ST-000088"",""ST-000074"",""ST-000012"",""ST-000042"",""ST-000008"",""ST-000192""]","24.1655","event","3","3","","RL-ORGANIZER","69cd302266f2193a99122757","RL-000025","699c655e40e8dc98eacda675","RL-000025","NC-0000000165","[""RL-000025"",""NC-0000000165""]","3","user","69e5864d08b059845f8f4d11","3","[]","3","","[]","NC-0000000165","3","","69e5921dfa56f463ad02a58d","2026-04-20T02:40:29.789000","2026-04-20T02:40:29.789000","service_eb508f39-ce3d-4391-bb12-d4211c02ede9","false"
"8.0552","[""ST-000192""]","","[""ST-000088"",""ST-000074"",""ST-000012"",""ST-000042"",""ST-000008"",""ST-000192""]","24.1655","event","3","3","","RL-ORGANIZER","69cd302266f2193a99122757","RL-000008","69cc8733c3fe5f1da80ba357","RL-000008","NC-0000000165","[""RL-000008"",""ST-000192"",""NC-0000000165""]","3","user","69e5864d08b059845f8f4d11","3","[]","3","ST-000192","[""ST-000192""]","NC-0000000165","3","","69e5921d5f27e32f0697f6a2","2026-04-20T02:40:29.616000","2026-04-20T02:40:29.616000","service_eb508f39-ce3d-4391-bb12-d4211c02ede9","false"
"8.0552","[""ST-000012"",""ST-000042"",""ST-000008""]","","[""ST-000088"",""ST-000074"",""ST-000012"",""ST-000042"",""ST-000008"",""ST-000192""]","24.1655","event","3","3","","RL-ORGANIZER","69cd302266f2193a99122757","RL-000008","698dc6f781b400b640a229f6","RL-000008","NC-0000000165","[""RL-000008"",""ST-000012"",""ST-000042"",""ST-000008"",""NC-0000000165""]","3","user","69e5864d08b059845f8f4d11","3","[]","3","ST-000012","[""ST-000012"",""ST-000042"",""ST-000008""]","NC-0000000165","3","","69e5921d3345bc6a2b4ec488","2026-04-20T02:40:29.349000","2026-04-20T02:40:29.349000","service_eb508f39-ce3d-4391-bb12-d4211c02ede9","false"
"8.0552","[]","","[""ST-000088"",""ST-000074"",""ST-000012"",""ST-000042"",""ST-000008"",""ST-000192""]","24.1655","event","3","3","","RL-ORGANIZER","69cd302266f2193a99122757","RL-000025","69b48a2b7d5c0db589c6bb1c","RL-000025","NC-0000000165","[""RL-000025"",""NC-0000000165""]","3","user","69e5864d08b059845f8f4d11","3","[]","3","","[]","NC-0000000165","3","","69e5921cabcbc0c8fa3caaa3","2026-04-20T02:40:28.961000","2026-04-20T02:40:28.961000","service_eb508f39-ce3d-4391-bb12-d4211c02ede9","false"
"8.0552","[""ST-000088"",""ST-000074""]","","[""ST-000088"",""ST-000074"",""ST-000012"",""ST-000042"",""ST-000008"",""ST-000192""]","24.1655","event","3","3","","RL-ORGANIZER","69cd302266f2193a99122757","RL-000008","698d204286a5af9808991620","RL-000008","NC-0000000165","[""RL-000008"",""ST-000088"",""ST-000074"",""NC-0000000165""]","3","user","69e5864d08b059845f8f4d11","3","[]","3","ST-000088","[""ST-000088"",""ST-000074""]","NC-0000000165","3","","69e5921c4f7db9778eb82467","2026-04-20T02:40:28.761000","2026-04-20T02:40:28.761000","service_eb508f39-ce3d-4391-bb12-d4211c02ede9","false"
"2.3026","[""ST-000075"",""ST-000192""]","","[""ST-000075"",""ST-000192""]","11.5129","quickplay","5","5","","RL-000008","69cc8733c3fe5f1da80ba357","RL-000008","69b48a2b7d5c0db589c6bb1c","RL-000008","NC-0000000011","[""RL-000008"",""ST-000075"",""ST-000192"",""NC-0000000011""]","5","user","69e58b1a3345bc6a2b4eb8da","5","[]","5","ST-000075","[""ST-000075"",""ST-000192""]","NC-0000000011","5","","69e58b4f8a998e96b17bc29b","2026-04-20T02:11:27.560000","2026-04-20T02:11:27.560000","service_eb508f39-ce3d-4391-bb12-d4211c02ede9","false"
"9.7682","[""ST-000075"",""ST-000192""]","","[""ST-000075"",""ST-000192""]","48.8412","quickplay","5","5","","RL-000008","69b48a2b7d5c0db589c6bb1c","RL-000008","69cc8733c3fe5f1da80ba357","RL-000008","NC-0000000011","[""RL-000008"",""ST-000075"",""ST-000192"",""NC-0000000011""]","5","user","69e58b1a3345bc6a2b4eb8da","5","[]","5","ST-000075","[""ST-000075"",""ST-000192""]","NC-0000000011","5","","69e58b4a904029fd92799107","2026-04-20T02:11:22.358000","2026-04-20T02:11:22.358000","service_eb508f39-ce3d-4391-bb12-d4211c02ede9","false"
"7.8823","[""ST-000165"",""ST-000088"",""ST-000074""]","","[""ST-000074""]","7.8823","quickplay","1","1","","RL-000008","698dc6f781b400b640a229f6","RL-000008","698d204286a5af9808991620","RL-000008","NC-0000000030","[""RL-000008"",""ST-000165"",""ST-000088"",""ST-000074"",""NC-0000000030""]","1","user","69e589e919cf170e996eb891","1","[]","1","ST-000165","[""ST-000165"",""ST-000088"",""ST-000074""]","NC-0000000030","1","","69e58a7aa10c10d66f9edf5f","2026-04-20T02:07:54.923000","2026-04-20T02:07:54.923000","service_eb508f39-ce3d-4391-bb12-d4211c02ede9","false"
"7.8823","[""ST-000080""]","","[""ST-000074""]","7.8823","quickplay","1","1","","RL-000008","698dc6f781b400b640a229f6","RL-000008","699c655e40e8dc98eacda675","RL-000008","NC-0000000030","[""RL-000008"",""ST-000080"",""NC-0000000030""]","1","user","69e589e919cf170e996eb891","1","[]","1","ST-000080","[""ST-000080""]","NC-0000000030","1","","69e58a7abc678149728bb7e6","2026-04-20T02:07:54.803000","2026-04-20T02:07:54.803000","service_eb508f39-ce3d-4391-bb12-d4211c02ede9","false"
"10.6093","[""ST-000074""]","","[""ST-000165"",""ST-000088"",""ST-000074""]","10.6093","quickplay","1","1","","RL-000008","698d204286a5af9808991620","RL-000008","698dc6f781b400b640a229f6","RL-000008","NC-0000000030","[""RL-000008"",""ST-000074"",""NC-0000000030""]","1","user","69e589e919cf170e996eb891","1","[]","1","ST-000074","[""ST-000074""]","NC-0000000030","1","","69e58a70be7113ae1c3ba12e","2026-04-20T02:07:44.591000","2026-04-20T02:07:44.591000","service_eb508f39-ce3d-4391-bb12-d4211c02ede9","false"
"10.6093","[""ST-000080""]","","[""ST-000165"",""ST-000088"",""ST-000074""]","10.6093","quickplay","1","1","","RL-000008","698d204286a5af9808991620","RL-000008","699c655e40e8dc98eacda675","RL-000008","NC-0000000030","[""RL-000008"",""ST-000080"",""NC-0000000030""]","1","user","69e589e919cf170e996eb891","1","[]","1","ST-000080","[""ST-000080""]","NC-0000000030","1","","69e58a70f8163d6c888588c8","2026-04-20T02:07:44.460000","2026-04-20T02:07:44.460000","service_eb508f39-ce3d-4391-bb12-d4211c02ede9","false"
"2.3026","[""ST-000074""]","","[""ST-000080""]","2.3026","quickplay","1","1","","RL-000008","699c655e40e8dc98eacda675","RL-000008","698dc6f781b400b640a229f6","RL-000008","NC-0000000030","[""RL-000008"",""ST-000074"",""NC-0000000030""]","1","user","69e589e919cf170e996eb891","1","[]","1","ST-000074","[""ST-000074""]","NC-0000000030","1","","69e58a62cc1ecab4066bd600","2026-04-20T02:07:30.006000","2026-04-20T02:07:30.006000","service_eb508f39-ce3d-4391-bb12-d4211c02ede9","false"
"2.3026","[""ST-000165"",""ST-000088"",""ST-000074""]","","[""ST-000080""]","2.3026","quickplay","1","1","","RL-000008","699c655e40e8dc98eacda675","RL-000008","698d204286a5af9808991620","RL-000008","NC-0000000030","[""RL-000008"",""ST-000165"",""ST-000088"",""ST-000074"",""NC-0000000030""]","1","user","69e589e919cf170e996eb891","1","[]","1","ST-000165","[""ST-000165"",""ST-000088"",""ST-000074""]","NC-0000000030","1","","69e58a612a7b14b7d32e56c2","2026-04-20T02:07:29.832000","2026-04-20T02:07:29.832000","service_eb508f39-ce3d-4391-bb12-d4211c02ede9","false"
"7.8823","[""ST-000165"",""ST-000088"",""ST-000074""]","","[""ST-000042"",""ST-000008""]","7.8823","quickplay","1","1","","RL-000008","698dc6f781b400b640a229f6","RL-000008","698d204286a5af9808991620","RL-000008","NC-0000000122","[""RL-000008"",""ST-000165"",""ST-000088"",""ST-000074"",""NC-0000000122""]","1","user","69e5885881c39d7fcbd60f1a","1","[]","1","ST-000165","[""ST-000165"",""ST-000088"",""ST-000074""]","NC-0000000122","1","","69e588a3b756f333380d04ac","2026-04-20T02:00:03.974000","2026-04-20T02:00:03.974000","service_eb508f39-ce3d-4391-bb12-d4211c02ede9","false"
"10.6014","[""ST-000042"",""ST-000008""]","","[""ST-000165"",""ST-000088"",""ST-000074""]","10.6014","quickplay","1","1","","RL-000008","698d204286a5af9808991620","RL-000008","698dc6f781b400b640a229f6","RL-000008","NC-0000000122","[""RL-000008"",""ST-000042"",""ST-000008"",""NC-0000000122""]","1","user","69e5885881c39d7fcbd60f1a","1","[]","1","ST-000042","[""ST-000042"",""ST-000008""]","NC-0000000122","1","","69e5889eaa80f03bf3dc33b9","2026-04-20T01:59:58.348000","2026-04-20T01:59:58.348000","service_eb508f39-ce3d-4391-bb12-d4211c02ede9","false"
"9.7682","[""ST-000076"",""ST-000141""]","","[""ST-000075"",""ST-000192""]","48.8412","quickplay","5","5","","RL-000008","69b48a2b7d5c0db589c6bb1c","RL-000008","698dbd987dbcc355eec0ff7c","RL-000008","NC-0000000107","[""RL-000008"",""ST-000076"",""ST-000141"",""NC-0000000107""]","5","user","69e587948a998e96b17bbea5","5","[]","5","ST-000076","[""ST-000076"",""ST-000141""]","NC-0000000107","5","","69e5887292c22babc98756f8","2026-04-20T01:59:14.375000","2026-04-20T01:59:14.375000","service_eb508f39-ce3d-4391-bb12-d4211c02ede9","false"
"7.6917","[""ST-000075"",""ST-000192""]","","[""ST-000076"",""ST-000141""]","38.4583","quickplay","5","5","","RL-000008","698dbd987dbcc355eec0ff7c","RL-000008","69b48a2b7d5c0db589c6bb1c","RL-000008","NC-0000000107","[""RL-000008"",""ST-000075"",""ST-000192"",""NC-0000000107""]","5","user","69e587948a998e96b17bbea5","5","[]","5","ST-000075","[""ST-000075"",""ST-000192""]","NC-0000000107","5","","69e5886d8698a8b70a056e53","2026-04-20T01:59:09.627000","2026-04-20T01:59:09.627000","service_eb508f39-ce3d-4391-bb12-d4211c02ede9","false"
"9.7682","[""ST-000141""]","","[""ST-000192""]","48.8412","quickplay","5","5","","RL-000008","69b48a2b7d5c0db589c6bb1c","RL-000008","698dbd987dbcc355eec0ff7c","RL-000008","NC-0000000104","[""RL-000008"",""ST-000141"",""NC-0000000104""]","5","user","69e5870099fb1c0e44be3365","5","[]","5","ST-000141","[""ST-000141""]","NC-0000000104","5","","69e58740b95e2ffd3e4a1a0e","2026-04-20T01:54:08.366000","2026-04-20T01:54:08.366000","service_eb508f39-ce3d-4391-bb12-d4211c02ede9","false"
"7.49","[""ST-000192""]","","[""ST-000141""]","37.4499","quickplay","5","5","","RL-000008","698dbd987dbcc355eec0ff7c","RL-000008","69b48a2b7d5c0db589c6bb1c","RL-000008","NC-0000000104","[""RL-000008"",""ST-000192"",""NC-0000000104""]","5","user","69e5870099fb1c0e44be3365","5","[]","5","ST-000192","[""ST-000192""]","NC-0000000104","5","","69e5873ba2422d9ca0fbcc21","2026-04-20T01:54:03.473000","2026-04-20T01:54:03.473000","service_eb508f39-ce3d-4391-bb12-d4211c02ede9","false"
"10.6014","[""ST-000165""]","","[""ST-000165""]","16.9622","event","3","1","","RL-000025","698d204286a5af9808991620","RL-ORGANIZER","698c747aee05acfdd23ea578","RL-ORGANIZER","NC-0000000165","[""RL-ORGANIZER"",""ST-000165"",""NC-0000000165""]","1","user","69e577be7ce88e80ff430bc8","2","[]","1","ST-000165","[""ST-000165""]","NC-0000000165","1.6","","69e5826a0284cd5bded46e17","2026-04-20T01:33:30.344000","2026-04-20T01:33:30.344000","service_eb508f39-ce3d-4391-bb12-d4211c02ede9","false"
"10.6014","[]","","[""ST-000165""]","16.9622","event","3","1","","RL-000025","698d204286a5af9808991620","RL-000009","69b48a2b7d5c0db589c6bb1c","RL-000009","NC-0000000165","[""RL-000009"",""NC-0000000165""]","1","user","69e577be7ce88e80ff430bc8","2","[]","1","","[]","NC-0000000165","1.6","","69e5826a270d74ee98564854","2026-04-20T01:33:30.201000","2026-04-20T01:33:30.201000","service_eb508f39-ce3d-4391-bb12-d4211c02ede9","false"
"10.6014","[]","","[""ST-000165""]","16.9622","event","3","1","","RL-000025","698d204286a5af9808991620","RL-000009","69cd302266f2193a99122757","RL-000009","NC-0000000165","[""RL-000009"",""NC-0000000165""]","1","user","69e577be7ce88e80ff430bc8","2","[]","1","","[]","NC-0000000165","1.6","","69e5826a647a2341ed375d66","2026-04-20T01:33:30.056000","2026-04-20T01:33:30.056000","service_eb508f39-ce3d-4391-bb12-d4211c02ede9","false"
"8.0552","[""ST-000165""]","","[]","12.8883","event","2","2","","RL-000009","69cd302266f2193a99122757","RL-ORGANIZER","698c747aee05acfdd23ea578","RL-ORGANIZER","NC-0000000165","[""RL-ORGANIZER"",""ST-000165"",""NC-0000000165""]","2","user","69e577be7ce88e80ff430bc8","1","[]","1","ST-000165","[""ST-000165""]","NC-0000000165","1.6","","69e5826578337f1898cd5279","2026-04-20T01:33:25.881000","2026-04-20T01:33:25.881000","service_eb508f39-ce3d-4391-bb12-d4211c02ede9","false"
"8.0552","[]","","[]","12.8883","event","2","2","","RL-000009","69cd302266f2193a99122757","RL-000009","69b48a2b7d5c0db589c6bb1c","RL-000009","NC-0000000165","[""RL-000009"",""NC-0000000165""]","2","user","69e577be7ce88e80ff430bc8","1","[]","1","","[]","NC-0000000165","1.6","","69e58265be7113ae1c3b93eb","2026-04-20T01:33:25.714000","2026-04-20T01:33:25.714000","service_eb508f39-ce3d-4391-bb12-d4211c02ede9","false"
"8.0552","[""ST-000165""]","","[]","12.8883","event","2","2","","RL-000009","69cd302266f2193a99122757","RL-000025","698d204286a5af9808991620","RL-000025","NC-0000000165","[""RL-000025"",""ST-000165"",""NC-0000000165""]","2","user","69e577be7ce88e80ff430bc8","1","[]","1","ST-000165","[""ST-000165""]","NC-0000000165","1.6","","69e58265843cf048b2bd1e90","2026-04-20T01:33:25.503000","2026-04-20T01:33:25.503000","service_eb508f39-ce3d-4391-bb12-d4211c02ede9","false"
"9.7521","[""ST-000165""]","","[]","15.6033","event","1","2","","RL-000009","69b48a2b7d5c0db589c6bb1c","RL-ORGANIZER","698c747aee05acfdd23ea578","RL-ORGANIZER","NC-0000000165","[""RL-ORGANIZER"",""ST-000165"",""NC-0000000165""]","2","user","69e577be7ce88e80ff430bc8","1","[]","2","ST-000165","[""ST-000165""]","NC-0000000165","1.6","","69e58261c58a808496f9b283","2026-04-20T01:33:21.526000","2026-04-20T01:33:21.526000","service_eb508f39-ce3d-4391-bb12-d4211c02ede9","false"
"9.7521","[""ST-000165""]","","[]","15.6033","event","1","2","","RL-000009","69b48a2b7d5c0db589c6bb1c","RL-000025","698d204286a5af9808991620","RL-000025","NC-0000000165","[""RL-000025"",""ST-000165"",""NC-0000000165""]","2","user","69e577be7ce88e80ff430bc8","1","[]","2","ST-000165","[""ST-000165""]","NC-0000000165","1.6","","69e5826112f2e725f17520ee","2026-04-20T01:33:21.372000","2026-04-20T01:33:21.372000","service_eb508f39-ce3d-4391-bb12-d4211c02ede9","false"
"9.7521","[]","","[]","15.6033","event","1","2","","RL-000009","69b48a2b7d5c0db589c6bb1c","RL-000009","69cd302266f2193a99122757","RL-000009","NC-0000000165","[""RL-000009"",""NC-0000000165""]","2","user","69e577be7ce88e80ff430bc8","1","[]","2","","[]","NC-0000000165","1.6","","69e5826107c07ac8ec6c0fb1","2026-04-20T01:33:21.126000","2026-04-20T01:33:21.126000","service_eb508f39-ce3d-4391-bb12-d4211c02ede9","false"
"10.614","[]","","[""ST-000165""]","29.7192","event","4","3","","RL-ORGANIZER","698c747aee05acfdd23ea578","RL-000009","69b48a2b7d5c0db589c6bb1c","RL-000009","NC-0000000165","[""RL-000009"",""NC-0000000165""]","2","user","69e577be7ce88e80ff430bc8","3","[]","2","","[]","NC-0000000165","2.8","","69e5824192228761cd9d1598","2026-04-20T01:32:49.999000","2026-04-20T01:32:49.999000","service_eb508f39-ce3d-4391-bb12-d4211c02ede9","false"
"10.614","[""ST-000165""]","","[""ST-000165""]","29.7192","event","4","3","","RL-ORGANIZER","698c747aee05acfdd23ea578","RL-000025","698d204286a5af9808991620","RL-000025","NC-0000000165","[""RL-000025"",""ST-000165"",""NC-0000000165""]","2","user","69e577be7ce88e80ff430bc8","3","[]","2","ST-000165","[""ST-000165""]","NC-0000000165","2.8","","69e58241725a5c0d902348fe","2026-04-20T01:32:49.761000","2026-04-20T01:32:49.761000","service_eb508f39-ce3d-4391-bb12-d4211c02ede9","false"
"10.614","[]","","[""ST-000165""]","29.7192","event","4","3","","RL-ORGANIZER","698c747aee05acfdd23ea578","RL-000009","69cd302266f2193a99122757","RL-000009","NC-0000000165","[""RL-000009"",""NC-0000000165""]","2","user","69e577be7ce88e80ff430bc8","3","[]","2","","[]","NC-0000000165","2.8","","69e582411b2693f9f5cfa6e0","2026-04-20T01:32:49.566000","2026-04-20T01:32:49.566000","service_eb508f39-ce3d-4391-bb12-d4211c02ede9","false"
"5.0106","[""ST-000240""]","","[""ST-000092""]","22.0468","quickplay","5","5","","RL-000008","69be7dd0c77c2ac0d788be7e","RL-000008","69b8923e5da3bfb51a6a8594","RL-000008","NC-0000000108","[""RL-000008"",""ST-000240"",""NC-0000000108""]","5","user","69e57ea72577d59c9b51a298","4","[]","3","ST-000240","[""ST-000240""]","NC-0000000108","4.4","","69e58196db73cad27191c7e6","2026-04-20T01:29:58.135000","2026-04-20T01:29:58.135000","service_eb508f39-ce3d-4391-bb12-d4211c02ede9","false"
"5.0106","[""ST-000092""]","","[""ST-000240""]","24.051","quickplay","5","5","","RL-000008","69b8923e5da3bfb51a6a8594","RL-000008","69be7dd0c77c2ac0d788be7e","RL-000008","NC-0000000108","[""RL-000008"",""ST-000092"",""NC-0000000108""]","5","user","69e57ea72577d59c9b51a298","4","[]","5","ST-000092","[""ST-000092""]","NC-0000000108","4.8","","69e5818bd88264415d2db2af","2026-04-20T01:29:47.166000","2026-04-20T01:29:47.166000","service_eb508f39-ce3d-4391-bb12-d4211c02ede9","false"
"2.3026","[""ST-000103""]","","[""ST-000099"",""ST-000092""]","10.5919","quickplay","5","5","","RL-000008","69be7dd0c77c2ac0d788be7e","RL-000008","698dd1b2193c860027a3457a","RL-000008","NC-0000000249","[""RL-000008"",""ST-000103"",""NC-0000000249""]","5","user","69e26b42eccc4206778647b2","4","[]","4","ST-000103","[""ST-000103""]","NC-0000000249","4.6","","69e57e5ad7d5ebd74dd53e5a","2026-04-20T01:16:10.297000","2026-04-20T01:16:10.297000","service_eb508f39-ce3d-4391-bb12-d4211c02ede9","false"
"2.3026","[""ST-000201""]","","[""ST-000099"",""ST-000092""]","10.5919","quickplay","5","5","","RL-000008","69be7dd0c77c2ac0d788be7e","RL-000010","69b5fabdcdff0f2e42039d46","RL-000010","NC-0000000249","[""RL-000010"",""ST-000201"",""NC-0000000249""]","5","user","69e26b42eccc4206778647b2","4","[]","4","ST-000201","[""ST-000201""]","NC-0000000249","4.6","","69e57e5a3b07e8d58c822849","2026-04-20T01:16:10.040000","2026-04-20T01:16:10.040000","service_eb508f39-ce3d-4391-bb12-d4211c02ede9","false"
"10.5934","[""ST-000088"",""ST-000074""]","","[""ST-000088"",""ST-000074""]","29.6615","event","4","3","","RL-000008","698d204286a5af9808991620","RL-ORGANIZER","698dbbf753d545317578c200","RL-ORGANIZER","NC-0000000029","[""RL-ORGANIZER"",""ST-000088"",""ST-000074"",""NC-0000000029""]","2","user","69e3dc9d49ece6fc10ce5599","2","[]","3","ST-000088","[""ST-000088"",""ST-000074""]","NC-0000000029","2.8","","69e4cdb1219887860ec77f40","2026-04-19T12:42:25.929000","2026-04-19T12:42:25.929000","service_eb508f39-ce3d-4391-bb12-d4211c02ede9","false"
"10.5934","[]","","[""ST-000088"",""ST-000074""]","29.6615","event","4","3","","RL-000008","698d204286a5af9808991620","RL-000008","69b48a2b7d5c0db589c6bb1c","RL-000008","NC-0000000029","[""RL-000008"",""NC-0000000029""]","2","user","69e3dc9d49ece6fc10ce5599","2","[]","3","","[]","NC-0000000029","2.8","","69e4cdb108eb50d185c8528f","2026-04-19T12:42:25.771000","2026-04-19T12:42:25.771000","service_eb508f39-ce3d-4391-bb12-d4211c02ede9","false"
"10.5934","[]","","[""ST-000088"",""ST-000074""]","29.6615","event","4","3","","RL-000008","698d204286a5af9808991620","RL-000008","698c747aee05acfdd23ea578","RL-000008","NC-0000000029","[""RL-000008"",""NC-0000000029""]","2","user","69e3dc9d49ece6fc10ce5599","2","[]","3","","[]","NC-0000000029","2.8","","69e4cdb138ed6ee33f638f2d","2026-04-19T12:42:25.621000","2026-04-19T12:42:25.621000","service_eb508f39-ce3d-4391-bb12-d4211c02ede9","false"
"9.7333","[""ST-000088"",""ST-000074""]","","[]","35.0399","event","3","3","","RL-000008","69b48a2b7d5c0db589c6bb1c","RL-ORGANIZER","698dbbf753d545317578c200","RL-ORGANIZER","NC-0000000029","[""RL-ORGANIZER"",""ST-000088"",""ST-000074"",""NC-0000000029""]","3","user","69e3dc9d49ece6fc10ce5599","4","[]","5","ST-000088","[""ST-000088"",""ST-000074""]","NC-0000000029","3.6","","69e4cda6d4f16300554828c4","2026-04-19T12:42:14.047000","2026-04-19T12:42:14.047000","service_eb508f39-ce3d-4391-bb12-d4211c02ede9","false"
"9.7333","[]","","[]","35.0399","event","3","3","","RL-000008","69b48a2b7d5c0db589c6bb1c","RL-000008","698c747aee05acfdd23ea578","RL-000008","NC-0000000029","[""RL-000008"",""NC-0000000029""]","3","user","69e3dc9d49ece6fc10ce5599","4","[]","5","","[]","NC-0000000029","3.6","","69e4cda5943e340ff5529736","2026-04-19T12:42:13.896000","2026-04-19T12:42:13.896000","service_eb508f39-ce3d-4391-bb12-d4211c02ede9","false"
"9.7333","[""ST-000088"",""ST-000074""]","","[]","35.0399","event","3","3","","RL-000008","69b48a2b7d5c0db589c6bb1c","RL-000008","698d204286a5af9808991620","RL-000008","NC-0000000029","[""RL-000008"",""ST-000088"",""ST-000074"",""NC-0000000029""]","3","user","69e3dc9d49ece6fc10ce5599","4","[]","5","ST-000088","[""ST-000088"",""ST-000074""]","NC-0000000029","3.6","","69e4cda53a3e63accb52f33f","2026-04-19T12:42:13.711000","2026-04-19T12:42:13.711000","service_eb508f39-ce3d-4391-bb12-d4211c02ede9","false"
"10.6061","[""ST-000088"",""ST-000074""]","","[]","31.8183","event","4","3","","RL-000008","698c747aee05acfdd23ea578","RL-ORGANIZER","698dbbf753d545317578c200","RL-ORGANIZER","NC-0000000029","[""RL-ORGANIZER"",""ST-000088"",""ST-000074"",""NC-0000000029""]","2","user","69e3dc9d49ece6fc10ce5599","3","[]","3","ST-000088","[""ST-000088"",""ST-000074""]","NC-0000000029","3","","69e4cd8d3f86bb7b8065cd96","2026-04-19T12:41:49.601000","2026-04-19T12:41:49.601000","service_eb508f39-ce3d-4391-bb12-d4211c02ede9","false"
"10.6061","[]","","[]","31.8183","event","4","3","","RL-000008","698c747aee05acfdd23ea578","RL-000008","69b48a2b7d5c0db589c6bb1c","RL-000008","NC-0000000029","[""RL-000008"",""NC-0000000029""]","2","user","69e3dc9d49ece6fc10ce5599","3","[]","3","","[]","NC-0000000029","3","","69e4cd8d88b38efaf990d94d","2026-04-19T12:41:49.477000","2026-04-19T12:41:49.477000","service_eb508f39-ce3d-4391-bb12-d4211c02ede9","false"
"10.6061","[""ST-000088"",""ST-000074""]","","[]","31.8183","event","4","3","","RL-000008","698c747aee05acfdd23ea578","RL-000008","698d204286a5af9808991620","RL-000008","NC-0000000029","[""RL-000008"",""ST-000088"",""ST-000074"",""NC-0000000029""]","2","user","69e3dc9d49ece6fc10ce5599","3","[]","3","ST-000088","[""ST-000088"",""ST-000074""]","NC-0000000029","3","","69e4cd8d9acdf3a458a02e4b","2026-04-19T12:41:49.279000","2026-04-19T12:41:49.279000","service_eb508f39-ce3d-4391-bb12-d4211c02ede9","false"
"9.9753","[]","","[""ST-000088"",""ST-000074""]","29.926","event","3","3","","RL-ORGANIZER","698dbbf753d545317578c200","RL-000008","69b48a2b7d5c0db589c6bb1c","RL-000008","NC-0000000029","[""RL-000008"",""NC-0000000029""]","3","user","69e3dc9d49ece6fc10ce5599","3","[]","3","","[]","NC-0000000029","3","","69e4cd61bfd25b4d113f870f","2026-04-19T12:41:05.610000","2026-04-19T12:41:05.610000","service_eb508f39-ce3d-4391-bb12-d4211c02ede9","false"
"9.9753","[]","","[""ST-000088"",""ST-000074""]","29.926","event","3","3","","RL-ORGANIZER","698dbbf753d545317578c200","RL-000008","698c747aee05acfdd23ea578","RL-000008","NC-0000000029","[""RL-000008"",""NC-0000000029""]","3","user","69e3dc9d49ece6fc10ce5599","3","[]","3","","[]","NC-0000000029","3","","69e4cd6162275e8ab2e96b82","2026-04-19T12:41:05.425000","2026-04-19T12:41:05.425000","service_eb508f39-ce3d-4391-bb12-d4211c02ede9","false"
"9.9753","[""ST-000088"",""ST-000074""]","","[""ST-000088"",""ST-000074""]","29.926","event","3","3","","RL-ORGANIZER","698dbbf753d545317578c200","RL-000008","698d204286a5af9808991620","RL-000008","NC-0000000029","[""RL-000008"",""ST-000088"",""ST-000074"",""NC-0000000029""]","3","user","69e3dc9d49ece6fc10ce5599","3","[]","3","ST-000088","[""ST-000088"",""ST-000074""]","NC-0000000029","3","","69e4cd6144b1d2704748bc15","2026-04-19T12:41:05.151000","2026-04-19T12:41:05.151000","service_eb508f39-ce3d-4391-bb12-d4211c02ede9","false"
"9.9753","[""ST-000032"",""ST-000009"",""ST-000013"",""ST-000007"",""ST-000219""]","","[""ST-000032"",""ST-000009"",""ST-000013"",""ST-000007"",""ST-000219""]","39.9014","event","4","4","","RL-000008","698dbbf753d545317578c200","RL-ORGANIZER","698c747aee05acfdd23ea578","RL-ORGANIZER","NC-0000000057","[""RL-ORGANIZER"",""ST-000032"",""ST-000009"",""ST-000013"",""ST-000007"",""ST-000219"",""NC-0000000057""]","4","user","69e39e17df102bad08a42571","3","[]","5","ST-000032","[""ST-000032"",""ST-000009"",""ST-000013"",""ST-000007"",""ST-000219""]","NC-0000000057","4","","69e3b7b24d47232085f0d80a","2026-04-18T16:56:18.836000","2026-04-18T16:56:18.836000","service_eb508f39-ce3d-4391-bb12-d4211c02ede9","false"
"9.9753","[]","","[""ST-000032"",""ST-000009"",""ST-000013"",""ST-000007"",""ST-000219""]","39.9014","event","4","4","","RL-000008","698dbbf753d545317578c200","RL-000008","698d204286a5af9808991620","RL-000008","NC-0000000057","[""RL-000008"",""NC-0000000057""]","4","user","69e39e17df102bad08a42571","3","[]","5","","[]","NC-0000000057","4","","69e3b7b29ef6ba499d71509f","2026-04-18T16:56:18.607000","2026-04-18T16:56:18.607000","service_eb508f39-ce3d-4391-bb12-d4211c02ede9","false"
"10.5406","[""ST-000032"",""ST-000009"",""ST-000013"",""ST-000007"",""ST-000219""]","","[""ST-000032"",""ST-000009"",""ST-000013"",""ST-000007"",""ST-000219""]","46.3786","event","5","4","","RL-ORGANIZER","698c747aee05acfdd23ea578","RL-000008","698dbbf753d545317578c200","RL-000008","NC-0000000057","[""RL-000008"",""ST-000032"",""ST-000009"",""ST-000013"",""ST-000007"",""ST-000219"",""NC-0000000057""]","5","user","69e39e17df102bad08a42571","4","[]","4","ST-000032","[""ST-000032"",""ST-000009"",""ST-000013"",""ST-000007"",""ST-000219""]","NC-0000000057","4.4","","69e3b7ae4bb23a822fa8ca51","2026-04-18T16:56:14.533000","2026-04-18T16:56:14.533000","service_eb508f39-ce3d-4391-bb12-d4211c02ede9","false"
"10.5406","[]","","[""ST-000032"",""ST-000009"",""ST-000013"",""ST-000007"",""ST-000219""]","46.3786","event","5","4","","RL-ORGANIZER","698c747aee05acfdd23ea578","RL-000008","698d204286a5af9808991620","RL-000008","NC-0000000057","[""RL-000008"",""NC-0000000057""]","5","user","69e39e17df102bad08a42571","4","[]","4","","[]","NC-0000000057","4.4","","69e3b7ae39642303351f82fb","2026-04-18T16:56:14.298000","2026-04-18T16:56:14.298000","service_eb508f39-ce3d-4391-bb12-d4211c02ede9","false"
"10.5853","[""ST-000032"",""ST-000009"",""ST-000013"",""ST-000007"",""ST-000219""]","","[]","48.6925","event","5","5","","RL-000008","698d204286a5af9808991620","RL-ORGANIZER","698c747aee05acfdd23ea578","RL-ORGANIZER","NC-0000000057","[""RL-ORGANIZER"",""ST-000032"",""ST-000009"",""ST-000013"",""ST-000007"",""ST-000219"",""NC-0000000057""]","5","user","69e39e17df102bad08a42571","4","[]","4","ST-000032","[""ST-000032"",""ST-000009"",""ST-000013"",""ST-000007"",""ST-000219""]","NC-0000000057","4.6","","69e3b7a97dffddef0ce72385","2026-04-18T16:56:09.675000","2026-04-18T16:56:09.675000","service_eb508f39-ce3d-4391-bb12-d4211c02ede9","false"
"10.5853","[""ST-000032"",""ST-000009"",""ST-000013"",""ST-000007"",""ST-000219""]","","[]","48.6925","event","5","5","","RL-000008","698d204286a5af9808991620","RL-000008","698dbbf753d545317578c200","RL-000008","NC-0000000057","[""RL-000008"",""ST-000032"",""ST-000009"",""ST-000013"",""ST-000007"",""ST-000219"",""NC-0000000057""]","5","user","69e39e17df102bad08a42571","4","[]","4","ST-000032","[""ST-000032"",""ST-000009"",""ST-000013"",""ST-000007"",""ST-000219""]","NC-0000000057","4.6","","69e3b7a993b41a511b390fa2","2026-04-18T16:56:09.460000","2026-04-18T16:56:09.460000","service_eb508f39-ce3d-4391-bb12-d4211c02ede9","false"
"9.9622","[]","","[]","39.8489","event","4","4","","RL-000009","698dbbf753d545317578c200","RL-ORGANIZER","698c747aee05acfdd23ea578","RL-ORGANIZER","NC-0000000148","[""RL-ORGANIZER"",""NC-0000000148""]","4","user","69e3a049197ec916be5d0028","3","[]","5","","[]","NC-0000000148","4","","69e3a98cce5a98dfffb03a89","2026-04-18T15:55:56.489000","2026-04-18T15:55:56.489000","service_eb508f39-ce3d-4391-bb12-d4211c02ede9","false"
"9.9622","[]","","[]","39.8489","event","4","4","","RL-000009","698dbbf753d545317578c200","RL-000009","698d204286a5af9808991620","RL-000009","NC-0000000148","[""RL-000009"",""NC-0000000148""]","4","user","69e3a049197ec916be5d0028","3","[]","5","","[]","NC-0000000148","4","","69e3a98c7459ac574df50d3f","2026-04-18T15:55:56.346000","2026-04-18T15:55:56.346000","service_eb508f39-ce3d-4391-bb12-d4211c02ede9","false"
"10.5818","[]","","[]","44.4435","event","4","5","","RL-000009","698d204286a5af9808991620","RL-ORGANIZER","698c747aee05acfdd23ea578","RL-ORGANIZER","NC-0000000148","[""RL-ORGANIZER"",""NC-0000000148""]","4","user","69e3a049197ec916be5d0028","3","[]","5","","[]","NC-0000000148","4.2","","69e3a9884a9d67b959820756","2026-04-18T15:55:52.059000","2026-04-18T15:55:52.059000","service_eb508f39-ce3d-4391-bb12-d4211c02ede9","false"
"10.5818","[]","","[]","44.4435","event","4","5","","RL-000009","698d204286a5af9808991620","RL-000009","698dbbf753d545317578c200","RL-000009","NC-0000000148","[""RL-000009"",""NC-0000000148""]","4","user","69e3a049197ec916be5d0028","3","[]","5","","[]","NC-0000000148","4.2","","69e3a987863b1a971c808a45","2026-04-18T15:55:51.856000","2026-04-18T15:55:51.856000","service_eb508f39-ce3d-4391-bb12-d4211c02ede9","false"
"10.5321","[]","","[]","46.3412","event","5","4","","RL-ORGANIZER","698c747aee05acfdd23ea578","RL-000009","698dbbf753d545317578c200","RL-000009","NC-0000000148","[""RL-000009"",""NC-0000000148""]","5","user","69e3a049197ec916be5d0028","4","[]","4","","[]","NC-0000000148","4.4","","69e3a982461f91359f682573","2026-04-18T15:55:46.006000","2026-04-18T15:55:46.006000","service_eb508f39-ce3d-4391-bb12-d4211c02ede9","false"
"10.5321","[]","","[]","46.3412","event","5","4","","RL-ORGANIZER","698c747aee05acfdd23ea578","RL-000009","698d204286a5af9808991620","RL-000009","NC-0000000148","[""RL-000009"",""NC-0000000148""]","5","user","69e3a049197ec916be5d0028","4","[]","4","","[]","NC-0000000148","4.4","","69e3a981a68f9b768fbb5649","2026-04-18T15:55:45.803000","2026-04-18T15:55:45.803000","service_eb508f39-ce3d-4391-bb12-d4211c02ede9","false"
"9.9316","[""ST-000165"",""ST-000155""]","","[""ST-000155""]","13.9042","event","1","1","","RL-000025","698dbbf753d545317578c200","RL-ORGANIZER","698c747aee05acfdd23ea578","RL-ORGANIZER","NC-0000000163","[""RL-ORGANIZER"",""ST-000165"",""ST-000155"",""NC-0000000163""]","2","user","69e3993c678f458836db8fff","2","[]","1","ST-000165","[""ST-000165"",""ST-000155""]","NC-0000000163","1.4","","69e39c57a2bf2956b00b1697","2026-04-18T14:59:35.020000","2026-04-18T14:59:35.020000","service_eb508f39-ce3d-4391-bb12-d4211c02ede9","false"
"9.9316","[""ST-000165""]","","[""ST-000155""]","13.9042","event","1","1","","RL-000025","698dbbf753d545317578c200","RL-000025","698d204286a5af9808991620","RL-000025","NC-0000000163","[""RL-000025"",""ST-000165"",""NC-0000000163""]","2","user","69e3993c678f458836db8fff","2","[]","1","ST-000165","[""ST-000165""]","NC-0000000163","1.4","","69e39c5688960f1601ed5e0a","2026-04-18T14:59:34.851000","2026-04-18T14:59:34.851000","service_eb508f39-ce3d-4391-bb12-d4211c02ede9","false"
"10.5149","[""ST-000155""]","","[""ST-000165"",""ST-000155""]","48.3685","event","5","5","","RL-ORGANIZER","698c747aee05acfdd23ea578","RL-000025","698dbbf753d545317578c200","RL-000025","NC-0000000163","[""RL-000025"",""ST-000155"",""NC-0000000163""]","5","user","69e3993c678f458836db8fff","4","[]","4","ST-000155","[""ST-000155""]","NC-0000000163","4.6","","69e39c53154906a196f6290c","2026-04-18T14:59:31.392000","2026-04-18T14:59:31.392000","service_eb508f39-ce3d-4391-bb12-d4211c02ede9","false"
"10.5149","[""ST-000165""]","","[""ST-000165"",""ST-000155""]","48.3685","event","5","5","","RL-ORGANIZER","698c747aee05acfdd23ea578","RL-000025","698d204286a5af9808991620","RL-000025","NC-0000000163","[""RL-000025"",""ST-000165"",""NC-0000000163""]","5","user","69e3993c678f458836db8fff","4","[]","4","ST-000165","[""ST-000165""]","NC-0000000163","4.6","","69e39c53857b1b559d999988","2026-04-18T14:59:31.250000","2026-04-18T14:59:31.250000","service_eb508f39-ce3d-4391-bb12-d4211c02ede9","false"
"10.5736","[""ST-000165"",""ST-000155""]","","[""ST-000165""]","44.4092","event","4","4","","RL-000025","698d204286a5af9808991620","RL-ORGANIZER","698c747aee05acfdd23ea578","RL-ORGANIZER","NC-0000000163","[""RL-ORGANIZER"",""ST-000165"",""ST-000155"",""NC-0000000163""]","4","user","69e3993c678f458836db8fff","5","[]","4","ST-000165","[""ST-000165"",""ST-000155""]","NC-0000000163","4.2","","69e39c4f809bdec9ef8b7c85","2026-04-18T14:59:27.227000","2026-04-18T14:59:27.227000","service_eb508f39-ce3d-4391-bb12-d4211c02ede9","false"
"10.5736","[""ST-000155""]","","[""ST-000165""]","44.4092","event","4","4","","RL-000025","698d204286a5af9808991620","RL-000025","698dbbf753d545317578c200","RL-000025","NC-0000000163","[""RL-000025"",""ST-000155"",""NC-0000000163""]","4","user","69e3993c678f458836db8fff","5","[]","4","ST-000155","[""ST-000155""]","NC-0000000163","4.2","","69e39c4f078df5ee158007bb","2026-04-18T14:59:27.075000","2026-04-18T14:59:27.075000","service_eb508f39-ce3d-4391-bb12-d4211c02ede9","false"
"10.5149","[""ST-000155""]","","[""ST-000165"",""ST-000155""]","48.3685","event","4","5","","RL-ORGANIZER","698c747aee05acfdd23ea578","RL-000025","698dbbf753d545317578c200","RL-000025","NC-0000000057","[""RL-000025"",""ST-000155"",""NC-0000000057""]","4","user","69e3947bcc5cf310b9c039d1","5","[]","5","ST-000155","[""ST-000155""]","NC-0000000057","4.6","","69e395bc61eb1cbac63bbf7a","2026-04-18T14:31:24.663000","2026-04-18T14:31:24.663000","service_eb508f39-ce3d-4391-bb12-d4211c02ede9","false"
"10.5149","[""ST-000165""]","","[""ST-000165"",""ST-000155""]","48.3685","event","4","5","","RL-ORGANIZER","698c747aee05acfdd23ea578","RL-000025","698d204286a5af9808991620","RL-000025","NC-0000000057","[""RL-000025"",""ST-000165"",""NC-0000000057""]","4","user","69e3947bcc5cf310b9c039d1","5","[]","5","ST-000165","[""ST-000165""]","NC-0000000057","4.6","","69e395bc715a36d7ce228f74","2026-04-18T14:31:24.504000","2026-04-18T14:31:24.504000","service_eb508f39-ce3d-4391-bb12-d4211c02ede9","false"
"9.9159","[""ST-000165"",""ST-000155""]","","[""ST-000155""]","45.6132","event","4","5","","RL-000025","698dbbf753d545317578c200","RL-ORGANIZER","698c747aee05acfdd23ea578","RL-ORGANIZER","NC-0000000057","[""RL-ORGANIZER"",""ST-000165"",""ST-000155"",""NC-0000000057""]","4","user","69e3947bcc5cf310b9c039d1","5","[]","5","ST-000165","[""ST-000165"",""ST-000155""]","NC-0000000057","4.6","","69e395b8380f7b78ab1605b1","2026-04-18T14:31:20.627000","2026-04-18T14:31:20.627000","service_eb508f39-ce3d-4391-bb12-d4211c02ede9","false"
"9.9159","[""ST-000165""]","","[""ST-000155""]","45.6132","event","4","5","","RL-000025","698dbbf753d545317578c200","RL-000025","698d204286a5af9808991620","RL-000025","NC-0000000057","[""RL-000025"",""ST-000165"",""NC-0000000057""]","4","user","69e3947bcc5cf310b9c039d1","5","[]","5","ST-000165","[""ST-000165""]","NC-0000000057","4.6","","69e395b84614c0778232c8fa","2026-04-18T14:31:20.449000","2026-04-18T14:31:20.449000","service_eb508f39-ce3d-4391-bb12-d4211c02ede9","false"
"10.5654","[""ST-000165"",""ST-000155""]","","[""ST-000165""]","42.2616","event","5","4","","RL-000025","698d204286a5af9808991620","RL-ORGANIZER","698c747aee05acfdd23ea578","RL-ORGANIZER","NC-0000000057","[""RL-ORGANIZER"",""ST-000165"",""ST-000155"",""NC-0000000057""]","4","user","69e3947bcc5cf310b9c039d1","3","[]","4","ST-000165","[""ST-000165"",""ST-000155""]","NC-0000000057","4","","69e395b46b77805c45f45db1","2026-04-18T14:31:16.578000","2026-04-18T14:31:16.578000","service_eb508f39-ce3d-4391-bb12-d4211c02ede9","false"
"10.5654","[""ST-000155""]","","[""ST-000165""]","42.2616","event","5","4","","RL-000025","698d204286a5af9808991620","RL-000025","698dbbf753d545317578c200","RL-000025","NC-0000000057","[""RL-000025"",""ST-000155"",""NC-0000000057""]","4","user","69e3947bcc5cf310b9c039d1","3","[]","4","ST-000155","[""ST-000155""]","NC-0000000057","4","","69e395b49cd2802e997d967e","2026-04-18T14:31:16.408000","2026-04-18T14:31:16.408000","service_eb508f39-ce3d-4391-bb12-d4211c02ede9","false"
"10.5111","[""ST-000217""]","","[""ST-000217""]","33.6354","event","5","3","","RL-000010","698c747aee05acfdd23ea578","RL-ORGANIZER","698dbbf753d545317578c200","RL-ORGANIZER","NC-0000000033","[""RL-ORGANIZER"",""ST-000217"",""NC-0000000033""]","3","user","69e38bcca7b9cf249d2c6857","2","[]","3","ST-000217","[""ST-000217""]","NC-0000000033","3.2","","69e3943d7b08e77031eddd84","2026-04-18T14:25:01.848000","2026-04-18T14:25:01.848000","service_eb508f39-ce3d-4391-bb12-d4211c02ede9","false"
"10.5111","[]","","[""ST-000217""]","33.6354","event","5","3","","RL-000010","698c747aee05acfdd23ea578","RL-000010","698d204286a5af9808991620","RL-000010","NC-0000000033","[""RL-000010"",""NC-0000000033""]","3","user","69e38bcca7b9cf249d2c6857","2","[]","3","","[]","NC-0000000033","3.2","","69e3943d52136b1fb3c690c2","2026-04-18T14:25:01.697000","2026-04-18T14:25:01.697000","service_eb508f39-ce3d-4391-bb12-d4211c02ede9","false"
"9.9","[""ST-000217""]","","[""ST-000217""]","39.5999","event","3","5","","RL-ORGANIZER","698dbbf753d545317578c200","RL-000010","698c747aee05acfdd23ea578","RL-000010","NC-0000000033","[""RL-000010"",""ST-000217"",""NC-0000000033""]","3","user","69e38bcca7b9cf249d2c6857","4","[]","5","ST-000217","[""ST-000217""]","NC-0000000033","4","","69e393e315c56dd5723ba60b","2026-04-18T14:23:31.503000","2026-04-18T14:23:31.503000","service_eb508f39-ce3d-4391-bb12-d4211c02ede9","false"
"9.9","[]","","[""ST-000217""]","39.5999","event","3","5","","RL-ORGANIZER","698dbbf753d545317578c200","RL-000010","698d204286a5af9808991620","RL-000010","NC-0000000033","[""RL-000010"",""NC-0000000033""]","3","user","69e38bcca7b9cf249d2c6857","4","[]","5","","[]","NC-0000000033","4","","69e393e335f6b08f17e5d06a","2026-04-18T14:23:31.345000","2026-04-18T14:23:31.345000","service_eb508f39-ce3d-4391-bb12-d4211c02ede9","false"
"9.7141","[""ST-000217""]","","[]","40.7994","event","5","3","","RL-AUDIENCE","69b48a2b7d5c0db589c6bb1c","RL-ORGANIZER","698dbbf753d545317578c200","RL-ORGANIZER","NC-0000000033","[""RL-ORGANIZER"",""ST-000217"",""NC-0000000033""]","5","user","69e38bcca7b9cf249d2c6857","5","[]","3","ST-000217","[""ST-000217""]","NC-0000000033","4.2","","69e393df70af2ec5654268f8","2026-04-18T14:23:27.013000","2026-04-18T14:23:27.013000","service_eb508f39-ce3d-4391-bb12-d4211c02ede9","false"
"9.7141","[""ST-000217""]","","[]","40.7994","event","5","3","","RL-AUDIENCE","69b48a2b7d5c0db589c6bb1c","RL-000010","698c747aee05acfdd23ea578","RL-000010","NC-0000000033","[""RL-000010"",""ST-000217"",""NC-0000000033""]","5","user","69e38bcca7b9cf249d2c6857","5","[]","3","ST-000217","[""ST-000217""]","NC-0000000033","4.2","","69e393de0b0273723123ad03","2026-04-18T14:23:26.865000","2026-04-18T14:23:26.865000","service_eb508f39-ce3d-4391-bb12-d4211c02ede9","false"
"9.7141","[]","","[]","40.7994","event","5","3","","RL-AUDIENCE","69b48a2b7d5c0db589c6bb1c","RL-000010","698d204286a5af9808991620","RL-000010","NC-0000000033","[""RL-000010"",""NC-0000000033""]","5","user","69e38bcca7b9cf249d2c6857","5","[]","3","","[]","NC-0000000033","4.2","","69e393deb0ff99e21657db01","2026-04-18T14:23:26.723000","2026-04-18T14:23:26.723000","service_eb508f39-ce3d-4391-bb12-d4211c02ede9","false"
"10.5618","[""ST-000217""]","","[]","40.1348","event","4","3","","RL-000010","698d204286a5af9808991620","RL-ORGANIZER","698dbbf753d545317578c200","RL-ORGANIZER","NC-0000000033","[""RL-ORGANIZER"",""ST-000217"",""NC-0000000033""]","5","user","69e38bcca7b9cf249d2c6857","3","[]","4","ST-000217","[""ST-000217""]","NC-0000000033","3.8","","69e393db94e447df5f11d572","2026-04-18T14:23:23.040000","2026-04-18T14:23:23.040000","service_eb508f39-ce3d-4391-bb12-d4211c02ede9","false"
"10.5618","[""ST-000217""]","","[]","40.1348","event","4","3","","RL-000010","698d204286a5af9808991620","RL-000010","698c747aee05acfdd23ea578","RL-000010","NC-0000000033","[""RL-000010"",""ST-000217"",""NC-0000000033""]","5","user","69e38bcca7b9cf249d2c6857","3","[]","4","ST-000217","[""ST-000217""]","NC-0000000033","3.8","","69e393da1821d44131c24bc8","2026-04-18T14:23:22.841000","2026-04-18T14:23:22.841000","service_eb508f39-ce3d-4391-bb12-d4211c02ede9","false"
"9.5447","[""ST-000077"",""ST-000103""]","","[""ST-000077"",""ST-000103""]","32.4519","event","5","4","","RL-000008","698dd1b2193c860027a3457a","RL-ORGANIZER","69b48a2b7d5c0db589c6bb1c","RL-ORGANIZER","NC-0000000310","[""RL-ORGANIZER"",""ST-000077"",""ST-000103"",""NC-0000000310""]","2","user","69e2d75bc132a55a49e7564b","2","[]","4","ST-000077","[""ST-000077"",""ST-000103""]","NC-0000000310","3.4","","69e2d91a11991bbbdf071a30","2026-04-18T01:06:34.272000","2026-04-18T01:06:34.272000","service_eb508f39-ce3d-4391-bb12-d4211c02ede9","false"
"9.5447","[]","","[""ST-000077"",""ST-000103""]","32.4519","event","5","4","","RL-000008","698dd1b2193c860027a3457a","RL-001001","698c747aee05acfdd23ea578","RL-001001","NC-0000000310","[""RL-001001"",""NC-0000000310""]","2","user","69e2d75bc132a55a49e7564b","2","[]","4","","[]","NC-0000000310","3.4","","69e2d91a45afba8ca84a6da7","2026-04-18T01:06:34.052000","2026-04-18T01:06:34.052000","service_eb508f39-ce3d-4391-bb12-d4211c02ede9","false"
"9.6946","[]","","[""ST-000077"",""ST-000103""]","38.7785","event","5","3","","RL-ORGANIZER","69b48a2b7d5c0db589c6bb1c","RL-001001","698c747aee05acfdd23ea578","RL-001001","NC-0000000310","[""RL-001001"",""NC-0000000310""]","5","user","69e2d75bc132a55a49e7564b","4","[]","3","","[]","NC-0000000310","4","","69e2d91640156af9c619a320","2026-04-18T01:06:30.195000","2026-04-18T01:06:30.195000","service_eb508f39-ce3d-4391-bb12-d4211c02ede9","false"
"9.6946","[""ST-000077"",""ST-000103""]","","[""ST-000077"",""ST-000103""]","38.7785","event","5","3","","RL-ORGANIZER","69b48a2b7d5c0db589c6bb1c","RL-000008","698dd1b2193c860027a3457a","RL-000008","NC-0000000310","[""RL-000008"",""ST-000077"",""ST-000103"",""NC-0000000310""]","5","user","69e2d75bc132a55a49e7564b","4","[]","3","ST-000077","[""ST-000077"",""ST-000103""]","NC-0000000310","4","","69e2d916883d49cbf1346707","2026-04-18T01:06:30.026000","2026-04-18T01:06:30.026000","service_eb508f39-ce3d-4391-bb12-d4211c02ede9","false"
"10.5034","[""ST-000077"",""ST-000103""]","","[]","31.5103","event","2","3","","RL-001001","698c747aee05acfdd23ea578","RL-ORGANIZER","69b48a2b7d5c0db589c6bb1c","RL-ORGANIZER","NC-0000000310","[""RL-ORGANIZER"",""ST-000077"",""ST-000103"",""NC-0000000310""]","3","user","69e2d75bc132a55a49e7564b","3","[]","4","ST-000077","[""ST-000077"",""ST-000103""]","NC-0000000310","3","","69e2d90a2e286cbd9938eca9","2026-04-18T01:06:18.015000","2026-04-18T01:06:18.015000","service_eb508f39-ce3d-4391-bb12-d4211c02ede9","false"
"10.5034","[""ST-000077"",""ST-000103""]","","[]","31.5103","event","2","3","","RL-001001","698c747aee05acfdd23ea578","RL-000008","698dd1b2193c860027a3457a","RL-000008","NC-0000000310","[""RL-000008"",""ST-000077"",""ST-000103"",""NC-0000000310""]","3","user","69e2d75bc132a55a49e7564b","3","[]","4","ST-000077","[""ST-000077"",""ST-000103""]","NC-0000000310","3","","69e2d909744098fbb479faf4","2026-04-18T01:06:17.869000","2026-04-18T01:06:17.869000","service_eb508f39-ce3d-4391-bb12-d4211c02ede9","false"
"9.5302","[""ST-000165""]","","[]","40.027","event","5","5","","RL-000009","698dd1b2193c860027a3457a","RL-ORGANIZER","69b48a2b7d5c0db589c6bb1c","RL-ORGANIZER","NC-0000000165","[""RL-ORGANIZER"",""ST-000165"",""NC-0000000165""]","4","user","69e2cf1046384c59095815aa","3","[]","4","ST-000165","[""ST-000165""]","NC-0000000165","4.2","","69e2d6ff5be3fa2e672d3bd2","2026-04-18T00:57:35.222000","2026-04-18T00:57:35.222000","service_eb508f39-ce3d-4391-bb12-d4211c02ede9","false"
"9.5302","[""ST-000165""]","","[]","40.027","event","5","5","","RL-000009","698dd1b2193c860027a3457a","RL-000025","698c747aee05acfdd23ea578","RL-000025","NC-0000000165","[""RL-000025"",""ST-000165"",""NC-0000000165""]","4","user","69e2cf1046384c59095815aa","3","[]","4","ST-000165","[""ST-000165""]","NC-0000000165","4.2","","69e2d6ff53bb0fa04b4600d1","2026-04-18T00:57:35.086000","2026-04-18T00:57:35.086000","service_eb508f39-ce3d-4391-bb12-d4211c02ede9","false"
"9.6747","[""ST-000165""]","","[""ST-000165""]","44.5036","event","5","5","","RL-ORGANIZER","69b48a2b7d5c0db589c6bb1c","RL-000025","698c747aee05acfdd23ea578","RL-000025","NC-0000000165","[""RL-000025"",""ST-000165"",""NC-0000000165""]","4","user","69e2cf1046384c59095815aa","5","[]","4","ST-000165","[""ST-000165""]","NC-0000000165","4.6","","69e2d6fc07f99edac93b7fb2","2026-04-18T00:57:32.289000","2026-04-18T00:57:32.289000","service_eb508f39-ce3d-4391-bb12-d4211c02ede9","false"
"9.6747","[]","","[""ST-000165""]","44.5036","event","5","5","","RL-ORGANIZER","69b48a2b7d5c0db589c6bb1c","RL-000009","698dd1b2193c860027a3457a","RL-000009","NC-0000000165","[""RL-000009"",""NC-0000000165""]","4","user","69e2cf1046384c59095815aa","5","[]","4","","[]","NC-0000000165","4.6","","69e2d6fcd9ee5983631d3509","2026-04-18T00:57:32.116000","2026-04-18T00:57:32.116000","service_eb508f39-ce3d-4391-bb12-d4211c02ede9","false"
"10.5618","[""ST-000165"",""ST-000088"",""ST-000074""]","","[""ST-000088"",""ST-000074""]","48.5842","event","5","4","","RL-000008","698d204286a5af9808991620","RL-ORGANIZER","698c747aee05acfdd23ea578","RL-ORGANIZER","NC-0000000049","[""RL-ORGANIZER"",""ST-000165"",""ST-000088"",""ST-000074"",""NC-0000000049""]","5","user","69e2a42938525529663121c9","5","[]","4","ST-000165","[""ST-000165"",""ST-000088"",""ST-000074""]","NC-0000000049","4.6","","69e2c60855284d7d4b94c0da","2026-04-17T23:45:12.637000","2026-04-17T23:45:12.637000","service_eb508f39-ce3d-4391-bb12-d4211c02ede9","false"
"10.5618","[]","","[""ST-000088"",""ST-000074""]","48.5842","event","5","4","","RL-000008","698d204286a5af9808991620","RL-000010","69b48a2b7d5c0db589c6bb1c","RL-000010","NC-0000000049","[""RL-000010"",""NC-0000000049""]","5","user","69e2a42938525529663121c9","5","[]","4","","[]","NC-0000000049","4.6","","69e2c6080276e74141760107","2026-04-17T23:45:12.453000","2026-04-17T23:45:12.453000","service_eb508f39-ce3d-4391-bb12-d4211c02ede9","false"
"10.5618","[""ST-000165""]","","[""ST-000088"",""ST-000074""]","48.5842","event","5","4","","RL-000008","698d204286a5af9808991620","RL-000025","698dd1b2193c860027a3457a","RL-000025","NC-0000000049","[""RL-000025"",""ST-000165"",""NC-0000000049""]","5","user","69e2a42938525529663121c9","5","[]","4","ST-000165","[""ST-000165""]","NC-0000000049","4.6","","69e2c6086b2e445b4e02fee1","2026-04-17T23:45:12.315000","2026-04-17T23:45:12.315000","service_eb508f39-ce3d-4391-bb12-d4211c02ede9","false"
"9.8766","[""ST-000165"",""ST-000088"",""ST-000074""]","","[]","47.4078","event","5","5","","RL-AUDIENCE","698dbbf753d545317578c200","RL-ORGANIZER","698c747aee05acfdd23ea578","RL-ORGANIZER","NC-0000000049","[""RL-ORGANIZER"",""ST-000165"",""ST-000088"",""ST-000074"",""NC-0000000049""]","5","user","69e2a42938525529663121c9","4","[]","5","ST-000165","[""ST-000165"",""ST-000088"",""ST-000074""]","NC-0000000049","4.8","","69e2c5f1b274f5601c5654f3","2026-04-17T23:44:49.461000","2026-04-17T23:44:49.461000","service_eb508f39-ce3d-4391-bb12-d4211c02ede9","false"
"9.8766","[]","","[]","47.4078","event","5","5","","RL-AUDIENCE","698dbbf753d545317578c200","RL-000010","69b48a2b7d5c0db589c6bb1c","RL-000010","NC-0000000049","[""RL-000010"",""NC-0000000049""]","5","user","69e2a42938525529663121c9","4","[]","5","","[]","NC-0000000049","4.8","","69e2c5f1fac0e14e408b2822","2026-04-17T23:44:49.300000","2026-04-17T23:44:49.300000","service_eb508f39-ce3d-4391-bb12-d4211c02ede9","false"
"9.8766","[""ST-000088"",""ST-000074""]","","[]","47.4078","event","5","5","","RL-AUDIENCE","698dbbf753d545317578c200","RL-000008","698d204286a5af9808991620","RL-000008","NC-0000000049","[""RL-000008"",""ST-000088"",""ST-000074"",""NC-0000000049""]","5","user","69e2a42938525529663121c9","4","[]","5","ST-000088","[""ST-000088"",""ST-000074""]","NC-0000000049","4.8","","69e2c5f16747550b553fdc95","2026-04-17T23:44:49.120000","2026-04-17T23:44:49.120000","service_eb508f39-ce3d-4391-bb12-d4211c02ede9","false"
"9.8766","[""ST-000165""]","","[]","47.4078","event","5","5","","RL-AUDIENCE","698dbbf753d545317578c200","RL-000025","698dd1b2193c860027a3457a","RL-000025","NC-0000000049","[""RL-000025"",""ST-000165"",""NC-0000000049""]","5","user","69e2a42938525529663121c9","4","[]","5","ST-000165","[""ST-000165""]","NC-0000000049","4.8","","69e2c5f0810073bd0cc60fe3","2026-04-17T23:44:48.973000","2026-04-17T23:44:48.973000","service_eb508f39-ce3d-4391-bb12-d4211c02ede9","false"
"9.5156","[""ST-000165"",""ST-000088"",""ST-000074""]","","[""ST-000165""]","38.0625","event","3","4","","RL-000025","698dd1b2193c860027a3457a","RL-ORGANIZER","698c747aee05acfdd23ea578","RL-ORGANIZER","NC-0000000049","[""RL-ORGANIZER"",""ST-000165"",""ST-000088"",""ST-000074"",""NC-0000000049""]","4","user","69e2a42938525529663121c9","5","[]","4","ST-000165","[""ST-000165"",""ST-000088"",""ST-000074""]","NC-0000000049","4","","69e2c5e3e3562db287f5e14b","2026-04-17T23:44:35.729000","2026-04-17T23:44:35.729000","service_eb508f39-ce3d-4391-bb12-d4211c02ede9","false"
"9.5156","[]","","[""ST-000165""]","38.0625","event","3","4","","RL-000025","698dd1b2193c860027a3457a","RL-000010","69b48a2b7d5c0db589c6bb1c","RL-000010","NC-0000000049","[""RL-000010"",""NC-0000000049""]","4","user","69e2a42938525529663121c9","5","[]","4","","[]","NC-0000000049","4","","69e2c5e35c9254953d0ef583","2026-04-17T23:44:35.559000","2026-04-17T23:44:35.559000","service_eb508f39-ce3d-4391-bb12-d4211c02ede9","false"
"9.5156","[""ST-000088"",""ST-000074""]","","[""ST-000165""]","38.0625","event","3","4","","RL-000025","698dd1b2193c860027a3457a","RL-000008","698d204286a5af9808991620","RL-000008","NC-0000000049","[""RL-000008"",""ST-000088"",""ST-000074"",""NC-0000000049""]","4","user","69e2a42938525529663121c9","5","[]","4","ST-000088","[""ST-000088"",""ST-000074""]","NC-0000000049","4","","69e2c5e3d0eab134014e1a86","2026-04-17T23:44:35.360000","2026-04-17T23:44:35.360000","service_eb508f39-ce3d-4391-bb12-d4211c02ede9","false"
"9.6389","[""ST-000165"",""ST-000088"",""ST-000074""]","","[]","40.4833","event","5","5","","RL-000010","69b48a2b7d5c0db589c6bb1c","RL-ORGANIZER","698c747aee05acfdd23ea578","RL-ORGANIZER","NC-0000000049","[""RL-ORGANIZER"",""ST-000165"",""ST-000088"",""ST-000074"",""NC-0000000049""]","4","user","69e2a42938525529663121c9","3","[]","4","ST-000165","[""ST-000165"",""ST-000088"",""ST-000074""]","NC-0000000049","4.2","","69e2c5dc40156af9c61992b3","2026-04-17T23:44:28.726000","2026-04-17T23:44:28.726000","service_eb508f39-ce3d-4391-bb12-d4211c02ede9","false"
"9.6389","[""ST-000088"",""ST-000074""]","","[]","40.4833","event","5","5","","RL-000010","69b48a2b7d5c0db589c6bb1c","RL-000008","698d204286a5af9808991620","RL-000008","NC-0000000049","[""RL-000008"",""ST-000088"",""ST-000074"",""NC-0000000049""]","4","user","69e2a42938525529663121c9","3","[]","4","ST-000088","[""ST-000088"",""ST-000074""]","NC-0000000049","4.2","","69e2c5dc1f3e84ee19f8149b","2026-04-17T23:44:28.589000","2026-04-17T23:44:28.589000","service_eb508f39-ce3d-4391-bb12-d4211c02ede9","false"
"9.6389","[""ST-000165""]","","[]","40.4833","event","5","5","","RL-000010","69b48a2b7d5c0db589c6bb1c","RL-000025","698dd1b2193c860027a3457a","RL-000025","NC-0000000049","[""RL-000025"",""ST-000165"",""NC-0000000049""]","4","user","69e2a42938525529663121c9","3","[]","4","ST-000165","[""ST-000165""]","NC-0000000049","4.2","","69e2c5dcf6dbf3f801c0d9e7","2026-04-17T23:44:28.397000","2026-04-17T23:44:28.397000","service_eb508f39-ce3d-4391-bb12-d4211c02ede9","false"
"10.4946","[]","","[""ST-000165"",""ST-000088"",""ST-000074""]","44.0773","event","4","4","","RL-ORGANIZER","698c747aee05acfdd23ea578","RL-000010","69b48a2b7d5c0db589c6bb1c","RL-000010","NC-0000000049","[""RL-000010"",""NC-0000000049""]","4","user","69e2a42938525529663121c9","5","[]","4","","[]","NC-0000000049","4.2","","69e2c5d75be3fa2e672d3717","2026-04-17T23:44:23.336000","2026-04-17T23:44:23.336000","service_eb508f39-ce3d-4391-bb12-d4211c02ede9","false"
"10.4946","[""ST-000088"",""ST-000074""]","","[""ST-000165"",""ST-000088"",""ST-000074""]","44.0773","event","4","4","","RL-ORGANIZER","698c747aee05acfdd23ea578","RL-000008","698d204286a5af9808991620","RL-000008","NC-0000000049","[""RL-000008"",""ST-000088"",""ST-000074"",""NC-0000000049""]","4","user","69e2a42938525529663121c9","5","[]","4","ST-000088","[""ST-000088"",""ST-000074""]","NC-0000000049","4.2","","69e2c5d72bd59ddff645c48b","2026-04-17T23:44:23.142000","2026-04-17T23:44:23.142000","service_eb508f39-ce3d-4391-bb12-d4211c02ede9","false"
"10.4946","[""ST-000165""]","","[""ST-000165"",""ST-000088"",""ST-000074""]","44.0773","event","4","4","","RL-ORGANIZER","698c747aee05acfdd23ea578","RL-000025","698dd1b2193c860027a3457a","RL-000025","NC-0000000049","[""RL-000025"",""ST-000165"",""NC-0000000049""]","4","user","69e2a42938525529663121c9","5","[]","4","ST-000165","[""ST-000165""]","NC-0000000049","4.2","","69e2c5d6fac0e14e408b2813","2026-04-17T23:44:22.975000","2026-04-17T23:44:22.975000","service_eb508f39-ce3d-4391-bb12-d4211c02ede9","false"
"7.49","[""ST-000165"",""ST-000088"",""ST-000074""]","","[]","34.4539","event","5","5","","RL-AUDIENCE","698dbd987dbcc355eec0ff7c","RL-ORGANIZER","698c747aee05acfdd23ea578","RL-ORGANIZER","NC-0000000049","[""RL-ORGANIZER"",""ST-000165"",""ST-000088"",""ST-000074"",""NC-0000000049""]","5","user","69e2a42938525529663121c9","4","[]","4","ST-000165","[""ST-000165"",""ST-000088"",""ST-000074""]","NC-0000000049","4.6","","69e2c5d13da6a962250728b8","2026-04-17T23:44:17.091000","2026-04-17T23:44:17.091000","service_eb508f39-ce3d-4391-bb12-d4211c02ede9","false"
"7.49","[]","","[]","34.4539","event","5","5","","RL-AUDIENCE","698dbd987dbcc355eec0ff7c","RL-000010","69b48a2b7d5c0db589c6bb1c","RL-000010","NC-0000000049","[""RL-000010"",""NC-0000000049""]","5","user","69e2a42938525529663121c9","4","[]","4","","[]","NC-0000000049","4.6","","69e2c5d03ce604abbd37cddb","2026-04-17T23:44:16.943000","2026-04-17T23:44:16.943000","service_eb508f39-ce3d-4391-bb12-d4211c02ede9","false"
"7.49","[""ST-000088"",""ST-000074""]","","[]","34.4539","event","5","5","","RL-AUDIENCE","698dbd987dbcc355eec0ff7c","RL-000008","698d204286a5af9808991620","RL-000008","NC-0000000049","[""RL-000008"",""ST-000088"",""ST-000074"",""NC-0000000049""]","5","user","69e2a42938525529663121c9","4","[]","4","ST-000088","[""ST-000088"",""ST-000074""]","NC-0000000049","4.6","","69e2c5d0b6f588f2fbd09a14","2026-04-17T23:44:16.743000","2026-04-17T23:44:16.743000","service_eb508f39-ce3d-4391-bb12-d4211c02ede9","false"
"7.49","[""ST-000165""]","","[]","34.4539","event","5","5","","RL-AUDIENCE","698dbd987dbcc355eec0ff7c","RL-000025","698dd1b2193c860027a3457a","RL-000025","NC-0000000049","[""RL-000025"",""ST-000165"",""NC-0000000049""]","5","user","69e2a42938525529663121c9","4","[]","4","ST-000165","[""ST-000165""]","NC-0000000049","4.6","","69e2c5d043ad862d7b4e6003","2026-04-17T23:44:16.603000","2026-04-17T23:44:16.603000","service_eb508f39-ce3d-4391-bb12-d4211c02ede9","false"
"9.4918","[]","","[]","37.967","event","3","5","","RL-ORGANIZER","698dd1b2193c860027a3457a","RL-000025","69b5fabdcdff0f2e42039d46","RL-000025","NC-0000000165","[""RL-000025"",""NC-0000000165""]","5","user","69e27063426fb381e3c30b19","4","[]","3","","[]","NC-0000000165","4","cetait fouuuu","69e276f613cc19b028a99e02","2026-04-17T18:07:50.796000","2026-04-17T18:07:50.796000","service_eb508f39-ce3d-4391-bb12-d4211c02ede9","false"
"9.4918","[]","","[]","37.967","event","3","5","","RL-ORGANIZER","698dd1b2193c860027a3457a","RL-000008","69be7dd0c77c2ac0d788be7e","RL-000008","NC-0000000165","[""RL-000008"",""NC-0000000165""]","5","user","69e27063426fb381e3c30b19","4","[]","3","","[]","NC-0000000165","4","cetait fouuuu","69e276f615bfc7bfce0ec65c","2026-04-17T18:07:50.526000","2026-04-17T18:07:50.526000","service_eb508f39-ce3d-4391-bb12-d4211c02ede9","false"
"9.8766","[""ST-000217"",""ST-000219"",""ST-000200""]","","[""ST-000219""]","47.4078","event","5","5","","RL-000010","698dbbf753d545317578c200","RL-ORGANIZER","698d204286a5af9808991620","RL-ORGANIZER","NC-0000000049","[""RL-ORGANIZER"",""ST-000217"",""ST-000219"",""ST-000200"",""NC-0000000049""]","5","user","69e141da3d8b4b3b652ce12d","4","[]","5","ST-000217","[""ST-000217"",""ST-000219"",""ST-000200""]","NC-0000000049","4.8","","69e17d2255ae210551095189","2026-04-17T00:21:54.565000","2026-04-17T00:21:54.565000","service_eb508f39-ce3d-4391-bb12-d4211c02ede9","false"
"9.8766","[""ST-000200""]","","[""ST-000219""]","47.4078","event","5","5","","RL-000010","698dbbf753d545317578c200","RL-000010","69a7d3cc06fc3b4f58109b29","RL-000010","NC-0000000049","[""RL-000010"",""ST-000200"",""NC-0000000049""]","5","user","69e141da3d8b4b3b652ce12d","4","[]","5","ST-000200","[""ST-000200""]","NC-0000000049","4.8","","69e17d2214d0fa1cbceab2d9","2026-04-17T00:21:54.415000","2026-04-17T00:21:54.415000","service_eb508f39-ce3d-4391-bb12-d4211c02ede9","false"
"9.8766","[]","","[""ST-000219""]","47.4078","event","5","5","","RL-000010","698dbbf753d545317578c200","RL-000010","698dbd987dbcc355eec0ff7c","RL-000010","NC-0000000049","[""RL-000010"",""NC-0000000049""]","5","user","69e141da3d8b4b3b652ce12d","4","[]","5","","[]","NC-0000000049","4.8","","69e17d226a092f499ebf8716","2026-04-17T00:21:54.245000","2026-04-17T00:21:54.245000","service_eb508f39-ce3d-4391-bb12-d4211c02ede9","false"
"9.8766","[""ST-000217""]","","[""ST-000219""]","47.4078","event","5","5","","RL-000010","698dbbf753d545317578c200","RL-000010","698c747aee05acfdd23ea578","RL-000010","NC-0000000049","[""RL-000010"",""ST-000217"",""NC-0000000049""]","5","user","69e141da3d8b4b3b652ce12d","4","[]","5","ST-000217","[""ST-000217""]","NC-0000000049","4.8","","69e17d2207eae42b1bcd9775","2026-04-17T00:21:54.039000","2026-04-17T00:21:54.039000","service_eb508f39-ce3d-4391-bb12-d4211c02ede9","false"
"10.5535","[""ST-000200""]","","[""ST-000217"",""ST-000219"",""ST-000200""]","50.6566","event","5","5","","RL-ORGANIZER","698d204286a5af9808991620","RL-000010","69a7d3cc06fc3b4f58109b29","RL-000010","NC-0000000049","[""RL-000010"",""ST-000200"",""NC-0000000049""]","5","user","69e141da3d8b4b3b652ce12d","4","[]","5","ST-000200","[""ST-000200""]","NC-0000000049","4.8","","69e17cb26bec4de6f90d2647","2026-04-17T00:20:02.243000","2026-04-17T00:20:02.243000","service_eb508f39-ce3d-4391-bb12-d4211c02ede9","false"
"10.5535","[]","","[""ST-000217"",""ST-000219"",""ST-000200""]","50.6566","event","5","5","","RL-ORGANIZER","698d204286a5af9808991620","RL-000010","698dbd987dbcc355eec0ff7c","RL-000010","NC-0000000049","[""RL-000010"",""NC-0000000049""]","5","user","69e141da3d8b4b3b652ce12d","4","[]","5","","[]","NC-0000000049","4.8","","69e17cb2252dd54c8f6bed62","2026-04-17T00:20:02.087000","2026-04-17T00:20:02.087000","service_eb508f39-ce3d-4391-bb12-d4211c02ede9","false"
"10.5535","[""ST-000219""]","","[""ST-000217"",""ST-000219"",""ST-000200""]","50.6566","event","5","5","","RL-ORGANIZER","698d204286a5af9808991620","RL-000010","698dbbf753d545317578c200","RL-000010","NC-0000000049","[""RL-000010"",""ST-000219"",""NC-0000000049""]","5","user","69e141da3d8b4b3b652ce12d","4","[]","5","ST-000219","[""ST-000219""]","NC-0000000049","4.8","","69e17cb1de7875efd70d9207","2026-04-17T00:20:01.924000","2026-04-17T00:20:01.924000","service_eb508f39-ce3d-4391-bb12-d4211c02ede9","false"
"10.5535","[""ST-000217""]","","[""ST-000217"",""ST-000219"",""ST-000200""]","50.6566","event","5","5","","RL-ORGANIZER","698d204286a5af9808991620","RL-000010","698c747aee05acfdd23ea578","RL-000010","NC-0000000049","[""RL-000010"",""ST-000217"",""NC-0000000049""]","5","user","69e141da3d8b4b3b652ce12d","4","[]","5","ST-000217","[""ST-000217""]","NC-0000000049","4.8","","69e17cb112cd478df7aa245b","2026-04-17T00:20:01.736000","2026-04-17T00:20:01.736000","service_eb508f39-ce3d-4391-bb12-d4211c02ede9","false"
"10.4857","[""ST-000032"",""ST-000009"",""ST-000013"",""ST-000007"",""ST-000219"",""ST-000165""]","","[""ST-000165""]","46.1371","event","5","4","","RL-000025","698c747aee05acfdd23ea578","RL-ORGANIZER","698d204286a5af9808991620","RL-ORGANIZER","NC-0000000073","[""RL-ORGANIZER"",""ST-000032"",""ST-000009"",""ST-000013"",""ST-000007"",""ST-000219"",""ST-000165"",""NC-0000000073""]","5","user","69e16929086b919a3c790a4a","4","[]","4","ST-000032","[""ST-000032"",""ST-000009"",""ST-000013"",""ST-000007"",""ST-000219"",""ST-000165""]","NC-0000000073","4.4","","69e16ab52854a1cb68a0aad4","2026-04-16T23:03:17.534000","2026-04-16T23:03:17.534000","service_eb508f39-ce3d-4391-bb12-d4211c02ede9","false"
"10.4857","[]","","[""ST-000165""]","46.1371","event","5","4","","RL-000025","698c747aee05acfdd23ea578","RL-000009","69b48a2b7d5c0db589c6bb1c","RL-000009","NC-0000000073","[""RL-000009"",""NC-0000000073""]","5","user","69e16929086b919a3c790a4a","4","[]","4","","[]","NC-0000000073","4.4","","69e16ab5d8ed6fbbe81cf746","2026-04-16T23:03:17.319000","2026-04-16T23:03:17.319000","service_eb508f39-ce3d-4391-bb12-d4211c02ede9","false"
"10.4857","[""ST-000032"",""ST-000009"",""ST-000013"",""ST-000007"",""ST-000219""]","","[""ST-000165""]","46.1371","event","5","4","","RL-000025","698c747aee05acfdd23ea578","RL-000008","698dbbf753d545317578c200","RL-000008","NC-0000000073","[""RL-000008"",""ST-000032"",""ST-000009"",""ST-000013"",""ST-000007"",""ST-000219"",""NC-0000000073""]","5","user","69e16929086b919a3c790a4a","4","[]","4","ST-000032","[""ST-000032"",""ST-000009"",""ST-000013"",""ST-000007"",""ST-000219""]","NC-0000000073","4.4","","69e16ab58ff25421e2da48cf","2026-04-16T23:03:17.146000","2026-04-16T23:03:17.146000","service_eb508f39-ce3d-4391-bb12-d4211c02ede9","false"
"9.6191","[""ST-000032"",""ST-000009"",""ST-000013"",""ST-000007"",""ST-000219"",""ST-000165""]","","[]","11.543","event","1","1","","RL-000009","69b48a2b7d5c0db589c6bb1c","RL-ORGANIZER","698d204286a5af9808991620","RL-ORGANIZER","NC-0000000073","[""RL-ORGANIZER"",""ST-000032"",""ST-000009"",""ST-000013"",""ST-000007"",""ST-000219"",""ST-000165"",""NC-0000000073""]","1","user","69e16929086b919a3c790a4a","2","[]","1","ST-000032","[""ST-000032"",""ST-000009"",""ST-000013"",""ST-000007"",""ST-000219"",""ST-000165""]","NC-0000000073","1.2","","69e16ab0426de5bdc9488656","2026-04-16T23:03:12.436000","2026-04-16T23:03:12.436000","service_eb508f39-ce3d-4391-bb12-d4211c02ede9","false"
"9.6191","[""ST-000165""]","","[]","11.543","event","1","1","","RL-000009","69b48a2b7d5c0db589c6bb1c","RL-000025","698c747aee05acfdd23ea578","RL-000025","NC-0000000073","[""RL-000025"",""ST-000165"",""NC-0000000073""]","1","user","69e16929086b919a3c790a4a","2","[]","1","ST-000165","[""ST-000165""]","NC-0000000073","1.2","","69e16ab0595f246698038644","2026-04-16T23:03:12.282000","2026-04-16T23:03:12.282000","service_eb508f39-ce3d-4391-bb12-d4211c02ede9","false"
"9.6191","[""ST-000032"",""ST-000009"",""ST-000013"",""ST-000007"",""ST-000219""]","","[]","11.543","event","1","1","","RL-000009","69b48a2b7d5c0db589c6bb1c","RL-000008","698dbbf753d545317578c200","RL-000008","NC-0000000073","[""RL-000008"",""ST-000032"",""ST-000009"",""ST-000013"",""ST-000007"",""ST-000219"",""NC-0000000073""]","1","user","69e16929086b919a3c790a4a","2","[]","1","ST-000032","[""ST-000032"",""ST-000009"",""ST-000013"",""ST-000007"",""ST-000219""]","NC-0000000073","1.2","","69e16ab04ce90f441f2b4062","2026-04-16T23:03:12.054000","2026-04-16T23:03:12.054000","service_eb508f39-ce3d-4391-bb12-d4211c02ede9","false"
"10.5366","[]","","[""ST-000032"",""ST-000009"",""ST-000013"",""ST-000007"",""ST-000219"",""ST-000165""]","44.2538","event","5","3","","RL-ORGANIZER","698d204286a5af9808991620","RL-000009","69b48a2b7d5c0db589c6bb1c","RL-000009","NC-0000000073","[""RL-000009"",""NC-0000000073""]","5","user","69e16929086b919a3c790a4a","4","[]","4","","[]","NC-0000000073","4.2","","69e16aaf539b640d57539f79","2026-04-16T23:03:11.085000","2026-04-16T23:03:11.085000","service_eb508f39-ce3d-4391-bb12-d4211c02ede9","false"
"10.5366","[""ST-000165""]","","[""ST-000032"",""ST-000009"",""ST-000013"",""ST-000007"",""ST-000219"",""ST-000165""]","44.2538","event","5","3","","RL-ORGANIZER","698d204286a5af9808991620","RL-000025","698c747aee05acfdd23ea578","RL-000025","NC-0000000073","[""RL-000025"",""ST-000165"",""NC-0000000073""]","5","user","69e16929086b919a3c790a4a","4","[]","4","ST-000165","[""ST-000165""]","NC-0000000073","4.2","","69e16aae1175f78f62014494","2026-04-16T23:03:10.849000","2026-04-16T23:03:10.849000","service_eb508f39-ce3d-4391-bb12-d4211c02ede9","false"
"10.5366","[""ST-000032"",""ST-000009"",""ST-000013"",""ST-000007"",""ST-000219""]","","[""ST-000032"",""ST-000009"",""ST-000013"",""ST-000007"",""ST-000219"",""ST-000165""]","44.2538","event","5","3","","RL-ORGANIZER","698d204286a5af9808991620","RL-000008","698dbbf753d545317578c200","RL-000008","NC-0000000073","[""RL-000008"",""ST-000032"",""ST-000009"",""ST-000013"",""ST-000007"",""ST-000219"",""NC-0000000073""]","5","user","69e16929086b919a3c790a4a","4","[]","4","ST-000032","[""ST-000032"",""ST-000009"",""ST-000013"",""ST-000007"",""ST-000219""]","NC-0000000073","4.2","","69e16aae8fd98f7e49df91c7","2026-04-16T23:03:10.691000","2026-04-16T23:03:10.691000","service_eb508f39-ce3d-4391-bb12-d4211c02ede9","false"
"9.6191","[]","","[]","42.3242","event","5","5","","RL-000025","69b48a2b7d5c0db589c6bb1c","RL-ORGANIZER","698d204286a5af9808991620","RL-ORGANIZER","NC-0000000035","[""RL-ORGANIZER"",""NC-0000000035""]","4","user","69e1523d55284d7d4b936cce","3","[]","5","","[]","NC-0000000035","4.4","","69e168d83b1be04f2d064346","2026-04-16T22:55:20.813000","2026-04-16T22:55:20.813000","service_eb508f39-ce3d-4391-bb12-d4211c02ede9","false"
"9.6191","[]","","[]","42.3242","event","5","5","","RL-000025","69b48a2b7d5c0db589c6bb1c","RL-000025","698dbbf753d545317578c200","RL-000025","NC-0000000035","[""RL-000025"",""NC-0000000035""]","4","user","69e1523d55284d7d4b936cce","3","[]","5","","[]","NC-0000000035","4.4","","69e168d89f8a8346301fd42d","2026-04-16T22:55:20.646000","2026-04-16T22:55:20.646000","service_eb508f39-ce3d-4391-bb12-d4211c02ede9","false"
"9.6191","[]","","[]","42.3242","event","5","5","","RL-000025","69b48a2b7d5c0db589c6bb1c","RL-000025","698c747aee05acfdd23ea578","RL-000025","NC-0000000035","[""RL-000025"",""NC-0000000035""]","4","user","69e1523d55284d7d4b936cce","3","[]","5","","[]","NC-0000000035","4.4","","69e168d82a19d2b2bc3ed366","2026-04-16T22:55:20.451000","2026-04-16T22:55:20.451000","service_eb508f39-ce3d-4391-bb12-d4211c02ede9","false"
"10.5281","[]","","[]","42.1124","event","4","4","","RL-ORGANIZER","698d204286a5af9808991620","RL-000025","69b48a2b7d5c0db589c6bb1c","RL-000025","NC-0000000035","[""RL-000025"",""NC-0000000035""]","2","user","69e1523d55284d7d4b936cce","5","[]","5","","[]","NC-0000000035","4","","69e168d26c7ddcf14c834ee2","2026-04-16T22:55:14.752000","2026-04-16T22:55:14.752000","service_eb508f39-ce3d-4391-bb12-d4211c02ede9","false"
"10.5281","[]","","[]","42.1124","event","4","4","","RL-ORGANIZER","698d204286a5af9808991620","RL-000025","698dbbf753d545317578c200","RL-000025","NC-0000000035","[""RL-000025"",""NC-0000000035""]","2","user","69e1523d55284d7d4b936cce","5","[]","5","","[]","NC-0000000035","4","","69e168d227f5b49283c5371a","2026-04-16T22:55:14.542000","2026-04-16T22:55:14.542000","service_eb508f39-ce3d-4391-bb12-d4211c02ede9","false"
"10.5281","[]","","[]","42.1124","event","4","4","","RL-ORGANIZER","698d204286a5af9808991620","RL-000025","698c747aee05acfdd23ea578","RL-000025","NC-0000000035","[""RL-000025"",""NC-0000000035""]","2","user","69e1523d55284d7d4b936cce","5","[]","5","","[]","NC-0000000035","4","","69e168d212cd478df7aa178a","2026-04-16T22:55:14.345000","2026-04-16T22:55:14.345000","service_eb508f39-ce3d-4391-bb12-d4211c02ede9","false"
"10.4767","[""ST-000155"",""ST-000165""]","","[""ST-000165""]","48.1929","event","5","5","","RL-000025","698c747aee05acfdd23ea578","RL-ORGANIZER","698d204286a5af9808991620","RL-ORGANIZER","NC-0000000097","[""RL-ORGANIZER"",""ST-000155"",""ST-000165"",""NC-0000000097""]","5","user","69e163988123e3bf0b1b4c7e","4","[]","4","ST-000155","[""ST-000155"",""ST-000165""]","NC-0000000097","4.6","","69e168177e9e00322d6ae065","2026-04-16T22:52:07.271000","2026-04-16T22:52:07.271000","service_eb508f39-ce3d-4391-bb12-d4211c02ede9","false"
"10.4767","[]","","[""ST-000165""]","48.1929","event","5","5","","RL-000025","698c747aee05acfdd23ea578","RL-000025","69b48a2b7d5c0db589c6bb1c","RL-000025","NC-0000000097","[""RL-000025"",""NC-0000000097""]","5","user","69e163988123e3bf0b1b4c7e","4","[]","4","","[]","NC-0000000097","4.6","","69e16817e45e1d7cc92f9304","2026-04-16T22:52:07.108000","2026-04-16T22:52:07.108000","service_eb508f39-ce3d-4391-bb12-d4211c02ede9","false"
"10.4767","[""ST-000155""]","","[""ST-000165""]","48.1929","event","5","5","","RL-000025","698c747aee05acfdd23ea578","RL-000025","698dbbf753d545317578c200","RL-000025","NC-0000000097","[""RL-000025"",""ST-000155"",""NC-0000000097""]","5","user","69e163988123e3bf0b1b4c7e","4","[]","4","ST-000155","[""ST-000155""]","NC-0000000097","4.6","","69e16816328380b307dfabd9","2026-04-16T22:52:06.955000","2026-04-16T22:52:06.955000","service_eb508f39-ce3d-4391-bb12-d4211c02ede9","false"
"10.5195","[]","","[""ST-000155"",""ST-000165""]","39.974","event","3","4","","RL-ORGANIZER","698d204286a5af9808991620","RL-000025","69b48a2b7d5c0db589c6bb1c","RL-000025","NC-0000000097","[""RL-000025"",""NC-0000000097""]","3","user","69e163988123e3bf0b1b4c7e","4","[]","5","","[]","NC-0000000097","3.8","","69e168133a8ec1ec6f32ac84","2026-04-16T22:52:03.338000","2026-04-16T22:52:03.338000","service_eb508f39-ce3d-4391-bb12-d4211c02ede9","false"
"10.5195","[""ST-000165""]","","[""ST-000155"",""ST-000165""]","39.974","event","3","4","","RL-ORGANIZER","698d204286a5af9808991620","RL-000025","698c747aee05acfdd23ea578","RL-000025","NC-0000000097","[""RL-000025"",""ST-000165"",""NC-0000000097""]","3","user","69e163988123e3bf0b1b4c7e","4","[]","5","ST-000165","[""ST-000165""]","NC-0000000097","3.8","","69e168131175f78f62014280","2026-04-16T22:52:03.190000","2026-04-16T22:52:03.190000","service_eb508f39-ce3d-4391-bb12-d4211c02ede9","false"
"10.5195","[""ST-000155""]","","[""ST-000155"",""ST-000165""]","39.974","event","3","4","","RL-ORGANIZER","698d204286a5af9808991620","RL-000025","698dbbf753d545317578c200","RL-000025","NC-0000000097","[""RL-000025"",""ST-000155"",""NC-0000000097""]","3","user","69e163988123e3bf0b1b4c7e","4","[]","5","ST-000155","[""ST-000155""]","NC-0000000097","3.8","","69e168135ba1549275c03f7c","2026-04-16T22:52:03.038000","2026-04-16T22:52:03.038000","service_eb508f39-ce3d-4391-bb12-d4211c02ede9","false"
"9.8601","[]","","[]","45.3563","event","5","5","","RL-ORGANIZER","698dbbf753d545317578c200","RL-001001","698c747aee05acfdd23ea578","RL-001001","NC-0000000014","[""RL-001001"",""NC-0000000014""]","5","user","69e15e5f9ab5d2419316a69c","4","[]","4","","[]","NC-0000000014","4.6","","69e163715f99ae6a7e28374c","2026-04-16T22:32:17.956000","2026-04-16T22:32:17.956000","service_eb508f39-ce3d-4391-bb12-d4211c02ede9","false"
"9.8601","[]","","[]","45.3563","event","5","5","","RL-ORGANIZER","698dbbf753d545317578c200","RL-001001","698d204286a5af9808991620","RL-001001","NC-0000000014","[""RL-001001"",""NC-0000000014""]","5","user","69e15e5f9ab5d2419316a69c","4","[]","4","","[]","NC-0000000014","4.6","","69e16371ecad707a67a22314","2026-04-16T22:32:17.775000","2026-04-16T22:32:17.775000","service_eb508f39-ce3d-4391-bb12-d4211c02ede9","false"
"10.5119","[]","","[]","50.4571","event","4","5","","RL-001001","698d204286a5af9808991620","RL-ORGANIZER","698dbbf753d545317578c200","RL-ORGANIZER","NC-0000000014","[""RL-ORGANIZER"",""NC-0000000014""]","5","user","69e15e5f9ab5d2419316a69c","5","[]","5","","[]","NC-0000000014","4.8","","69e1636e8ff25421e2da4389","2026-04-16T22:32:14.301000","2026-04-16T22:32:14.301000","service_eb508f39-ce3d-4391-bb12-d4211c02ede9","false"
"10.5119","[]","","[]","50.4571","event","4","5","","RL-001001","698d204286a5af9808991620","RL-001001","698c747aee05acfdd23ea578","RL-001001","NC-0000000014","[""RL-001001"",""NC-0000000014""]","5","user","69e15e5f9ab5d2419316a69c","5","[]","5","","[]","NC-0000000014","4.8","","69e1636e4acae4942b800c62","2026-04-16T22:32:14.142000","2026-04-16T22:32:14.142000","service_eb508f39-ce3d-4391-bb12-d4211c02ede9","false"
"10.4545","[]","","[]","50.1816","event","5","5","","RL-001001","698c747aee05acfdd23ea578","RL-ORGANIZER","698dbbf753d545317578c200","RL-ORGANIZER","NC-0000000014","[""RL-ORGANIZER"",""NC-0000000014""]","5","user","69e15e5f9ab5d2419316a69c","5","[]","4","","[]","NC-0000000014","4.8","","69e16369bb3a22969a9d6f89","2026-04-16T22:32:09.505000","2026-04-16T22:32:09.505000","service_eb508f39-ce3d-4391-bb12-d4211c02ede9","false"
"10.4545","[]","","[]","50.1816","event","5","5","","RL-001001","698c747aee05acfdd23ea578","RL-001001","698d204286a5af9808991620","RL-001001","NC-0000000014","[""RL-001001"",""NC-0000000014""]","5","user","69e15e5f9ab5d2419316a69c","5","[]","4","","[]","NC-0000000014","4.8","","69e16369034747b942ea5223","2026-04-16T22:32:09.205000","2026-04-16T22:32:09.205000","service_eb508f39-ce3d-4391-bb12-d4211c02ede9","false"
"10.5031","[]","","[]","44.1132","event","5","5","","RL-000025","698d204286a5af9808991620","RL-ORGANIZER","69b48a2b7d5c0db589c6bb1c","RL-ORGANIZER","NC-0000000058","[""RL-ORGANIZER"",""NC-0000000058""]","4","user","69e024464cb99833e722a61c","3","[]","4","","[]","NC-0000000058","4.2","","69e02514f8f158836ba71f64","2026-04-15T23:53:56.300000","2026-04-15T23:53:56.301000","service_eb508f39-ce3d-4391-bb12-d4211c02ede9","false"
"10.5031","[]","","[]","44.1132","event","5","5","","RL-000025","698d204286a5af9808991620","RL-000025","69cd302266f2193a99122757","RL-000025","NC-0000000058","[""RL-000025"",""NC-0000000058""]","4","user","69e024464cb99833e722a61c","3","[]","4","","[]","NC-0000000058","4.2","","69e02514e27170aa21b78a20","2026-04-15T23:53:56.142000","2026-04-15T23:53:56.142000","service_eb508f39-ce3d-4391-bb12-d4211c02ede9","false"
"9.5784","[]","","[]","40.2295","event","5","5","","RL-ORGANIZER","69b48a2b7d5c0db589c6bb1c","RL-000025","69cd302266f2193a99122757","RL-000025","NC-0000000058","[""RL-000025"",""NC-0000000058""]","4","user","69e024464cb99833e722a61c","3","[]","4","","[]","NC-0000000058","4.2","","69e0250c2fb8db3dce83f759","2026-04-15T23:53:48.647000","2026-04-15T23:53:48.647000","service_eb508f39-ce3d-4391-bb12-d4211c02ede9","false"
"9.5784","[]","","[]","40.2295","event","5","5","","RL-ORGANIZER","69b48a2b7d5c0db589c6bb1c","RL-000025","698d204286a5af9808991620","RL-000025","NC-0000000058","[""RL-000025"",""NC-0000000058""]","4","user","69e024464cb99833e722a61c","3","[]","4","","[]","NC-0000000058","4.2","","69e0250c1790ecfc00e275dc","2026-04-15T23:53:48.407000","2026-04-15T23:53:48.407000","service_eb508f39-ce3d-4391-bb12-d4211c02ede9","false"
"9.5784","[]","","[]","36.3981","event","3","4","","RL-000025","69b48a2b7d5c0db589c6bb1c","RL-ORGANIZER","698d204286a5af9808991620","RL-ORGANIZER","NC-0000000108","[""RL-ORGANIZER"",""NC-0000000108""]","3","user","69e0207f9719c7dbfa3c58e6","4","[]","5","","[]","NC-0000000108","3.8","","69e0225ab5b1f8ed1d5051f6","2026-04-15T23:42:18.604000","2026-04-15T23:42:18.604000","service_eb508f39-ce3d-4391-bb12-d4211c02ede9","false"
"9.5784","[]","","[]","36.3981","event","3","4","","RL-000025","69b48a2b7d5c0db589c6bb1c","RL-000025","69cd302266f2193a99122757","RL-000025","NC-0000000108","[""RL-000025"",""NC-0000000108""]","3","user","69e0207f9719c7dbfa3c58e6","4","[]","5","","[]","NC-0000000108","3.8","","69e0225abeb167ceafeb6693","2026-04-15T23:42:18.483000","2026-04-15T23:42:18.484000","service_eb508f39-ce3d-4391-bb12-d4211c02ede9","false"
"9.5784","[]","","[]","36.3981","event","3","4","","RL-000025","69b48a2b7d5c0db589c6bb1c","RL-000025","698dd1b2193c860027a3457a","RL-000025","NC-0000000108","[""RL-000025"",""NC-0000000108""]","3","user","69e0207f9719c7dbfa3c58e6","4","[]","5","","[]","NC-0000000108","3.8","","69e0225a735ed8a8d8a9a26a","2026-04-15T23:42:18.286000","2026-04-15T23:42:18.286000","service_eb508f39-ce3d-4391-bb12-d4211c02ede9","false"
"10.4545","[]","","[]","43.9089","event","3","4","","RL-AUDIENCE","698c747aee05acfdd23ea578","RL-ORGANIZER","698d204286a5af9808991620","RL-ORGANIZER","NC-0000000108","[""RL-ORGANIZER"",""NC-0000000108""]","5","user","69e0207f9719c7dbfa3c58e6","4","[]","5","","[]","NC-0000000108","4.2","","69e0224772f8c48cd43fec78","2026-04-15T23:41:59.027000","2026-04-15T23:41:59.027000","service_eb508f39-ce3d-4391-bb12-d4211c02ede9","false"
"10.4545","[]","","[]","43.9089","event","3","4","","RL-AUDIENCE","698c747aee05acfdd23ea578","RL-000025","69cd302266f2193a99122757","RL-000025","NC-0000000108","[""RL-000025"",""NC-0000000108""]","5","user","69e0207f9719c7dbfa3c58e6","4","[]","5","","[]","NC-0000000108","4.2","","69e02246e122e0c18757f8e8","2026-04-15T23:41:58.842000","2026-04-15T23:41:58.842000","service_eb508f39-ce3d-4391-bb12-d4211c02ede9","false"
"10.4545","[]","","[]","43.9089","event","3","4","","RL-AUDIENCE","698c747aee05acfdd23ea578","RL-000025","698dd1b2193c860027a3457a","RL-000025","NC-0000000108","[""RL-000025"",""NC-0000000108""]","5","user","69e0207f9719c7dbfa3c58e6","4","[]","5","","[]","NC-0000000108","4.2","","69e0224671ed92564920e439","2026-04-15T23:41:58.669000","2026-04-15T23:41:58.669000","service_eb508f39-ce3d-4391-bb12-d4211c02ede9","false"
"10.4545","[]","","[]","43.9089","event","3","4","","RL-AUDIENCE","698c747aee05acfdd23ea578","RL-000025","69b48a2b7d5c0db589c6bb1c","RL-000025","NC-0000000108","[""RL-000025"",""NC-0000000108""]","5","user","69e0207f9719c7dbfa3c58e6","4","[]","5","","[]","NC-0000000108","4.2","","69e02246e11ec1ec3d14fef1","2026-04-15T23:41:58.351000","2026-04-15T23:41:58.351000","service_eb508f39-ce3d-4391-bb12-d4211c02ede9","false"
"10.4904","[]","","[]","48.256","event","5","5","","RL-ORGANIZER","698d204286a5af9808991620","RL-000025","69cd302266f2193a99122757","RL-000025","NC-0000000108","[""RL-000025"",""NC-0000000108""]","5","user","69e0207f9719c7dbfa3c58e6","4","[]","4","","[]","NC-0000000108","4.6","","69e022426dc22529a07c31ac","2026-04-15T23:41:54.896000","2026-04-15T23:41:54.896000","service_eb508f39-ce3d-4391-bb12-d4211c02ede9","false"
"10.4904","[]","","[]","48.256","event","5","5","","RL-ORGANIZER","698d204286a5af9808991620","RL-000025","698dd1b2193c860027a3457a","RL-000025","NC-0000000108","[""RL-000025"",""NC-0000000108""]","5","user","69e0207f9719c7dbfa3c58e6","4","[]","4","","[]","NC-0000000108","4.6","","69e02242f8918374cdc7ac89","2026-04-15T23:41:54.679000","2026-04-15T23:41:54.679000","service_eb508f39-ce3d-4391-bb12-d4211c02ede9","false"
"10.4904","[]","","[]","48.256","event","5","5","","RL-ORGANIZER","698d204286a5af9808991620","RL-000025","69b48a2b7d5c0db589c6bb1c","RL-000025","NC-0000000108","[""RL-000025"",""NC-0000000108""]","5","user","69e0207f9719c7dbfa3c58e6","4","[]","4","","[]","NC-0000000108","4.6","","69e0224235278e5463cec432","2026-04-15T23:41:54.467000","2026-04-15T23:41:54.467000","service_eb508f39-ce3d-4391-bb12-d4211c02ede9","false"
"10.4904","[]","","[]","44.0599","event","5","5","","RL-000009","698d204286a5af9808991620","RL-ORGANIZER","698dd1b2193c860027a3457a","RL-ORGANIZER","NC-0000000097","[""RL-ORGANIZER"",""NC-0000000097""]","3","user","69e008d31afbb3a2236a333a","4","[]","4","","[]","NC-0000000097","4.2","","69e00b493f9f556eda3bad98","2026-04-15T22:03:53.511000","2026-04-15T22:03:53.511000","service_eb508f39-ce3d-4391-bb12-d4211c02ede9","false"
"10.4904","[]","","[]","44.0599","event","5","5","","RL-000009","698d204286a5af9808991620","RL-000009","69b48a2b7d5c0db589c6bb1c","RL-000009","NC-0000000097","[""RL-000009"",""NC-0000000097""]","3","user","69e008d31afbb3a2236a333a","4","[]","4","","[]","NC-0000000097","4.2","","69e00b4941c2e51ef7285b71","2026-04-15T22:03:53.330000","2026-04-15T22:03:53.330000","service_eb508f39-ce3d-4391-bb12-d4211c02ede9","false"
"10.4904","[]","","[]","44.0599","event","5","5","","RL-000009","698d204286a5af9808991620","RL-000009","69cd302266f2193a99122757","RL-000009","NC-0000000097","[""RL-000009"",""NC-0000000097""]","3","user","69e008d31afbb3a2236a333a","4","[]","4","","[]","NC-0000000097","4.2","","69e00b49fb4565891f55dac3","2026-04-15T22:03:53.135000","2026-04-15T22:03:53.135000","service_eb508f39-ce3d-4391-bb12-d4211c02ede9","false"
"9.4359","[]","","[]","43.4051","event","5","4","","RL-ORGANIZER","698dd1b2193c860027a3457a","RL-000009","69b48a2b7d5c0db589c6bb1c","RL-000009","NC-0000000097","[""RL-000009"",""NC-0000000097""]","5","user","69e008d31afbb3a2236a333a","4","[]","5","","[]","NC-0000000097","4.6","","69e00b4172f8c48cd43fd550","2026-04-15T22:03:45.280000","2026-04-15T22:03:45.280000","service_eb508f39-ce3d-4391-bb12-d4211c02ede9","false"
"9.4359","[]","","[]","43.4051","event","5","4","","RL-ORGANIZER","698dd1b2193c860027a3457a","RL-000009","69cd302266f2193a99122757","RL-000009","NC-0000000097","[""RL-000009"",""NC-0000000097""]","5","user","69e008d31afbb3a2236a333a","4","[]","5","","[]","NC-0000000097","4.6","","69e00b41bf7828cc372b8795","2026-04-15T22:03:45.031000","2026-04-15T22:03:45.031000","service_eb508f39-ce3d-4391-bb12-d4211c02ede9","false"
"9.4359","[]","","[]","43.4051","event","5","4","","RL-ORGANIZER","698dd1b2193c860027a3457a","RL-000009","698d204286a5af9808991620","RL-000009","NC-0000000097","[""RL-000009"",""NC-0000000097""]","5","user","69e008d31afbb3a2236a333a","4","[]","5","","[]","NC-0000000097","4.6","","69e00b4045c6bd741199aa8b","2026-04-15T22:03:44.844000","2026-04-15T22:03:44.844000","service_eb508f39-ce3d-4391-bb12-d4211c02ede9","false"
"9.4359","[""ST-000088"",""ST-000074"",""ST-000165"",""ST-000239""]","","[""ST-000165""]","39.6307","event","3","5","","RL-000025","698dd1b2193c860027a3457a","RL-ORGANIZER","698c747aee05acfdd23ea578","RL-ORGANIZER","NC-0000000058","[""RL-ORGANIZER"",""ST-000088"",""ST-000074"",""ST-000165"",""ST-000239"",""NC-0000000058""]","5","user","69e005928ee62d9de196edc2","4","[]","4","ST-000088","[""ST-000088"",""ST-000074"",""ST-000165"",""ST-000239""]","NC-0000000058","4.2","","69e0076be6dafd441be9a395","2026-04-15T21:47:23.744000","2026-04-15T21:47:23.744000","service_eb508f39-ce3d-4391-bb12-d4211c02ede9","false"
"9.4359","[""ST-000239""]","","[""ST-000165""]","39.6307","event","3","5","","RL-000025","698dd1b2193c860027a3457a","RL-000008","69cd302266f2193a99122757","RL-000008","NC-0000000058","[""RL-000008"",""ST-000239"",""NC-0000000058""]","5","user","69e005928ee62d9de196edc2","4","[]","4","ST-000239","[""ST-000239""]","NC-0000000058","4.2","","69e0076bff73d5e83dface46","2026-04-15T21:47:23.582000","2026-04-15T21:47:23.582000","service_eb508f39-ce3d-4391-bb12-d4211c02ede9","false"
"9.4359","[""ST-000088"",""ST-000074""]","","[""ST-000165""]","39.6307","event","3","5","","RL-000025","698dd1b2193c860027a3457a","RL-000008","698d204286a5af9808991620","RL-000008","NC-0000000058","[""RL-000008"",""ST-000088"",""ST-000074"",""NC-0000000058""]","5","user","69e005928ee62d9de196edc2","4","[]","4","ST-000088","[""ST-000088"",""ST-000074""]","NC-0000000058","4.2","","69e0076b72f8c48cd43fd178","2026-04-15T21:47:23.438000","2026-04-15T21:47:23.438000","service_eb508f39-ce3d-4391-bb12-d4211c02ede9","false"
"10.4264","[""ST-000239""]","","[""ST-000088"",""ST-000074"",""ST-000165"",""ST-000239""]","50.0469","event","5","5","","RL-ORGANIZER","698c747aee05acfdd23ea578","RL-000008","69cd302266f2193a99122757","RL-000008","NC-0000000058","[""RL-000008"",""ST-000239"",""NC-0000000058""]","5","user","69e005928ee62d9de196edc2","4","[]","5","ST-000239","[""ST-000239""]","NC-0000000058","4.8","","69e007681790ecfc00e259dc","2026-04-15T21:47:20.949000","2026-04-15T21:47:20.949000","service_eb508f39-ce3d-4391-bb12-d4211c02ede9","false"
"10.4264","[""ST-000165""]","","[""ST-000088"",""ST-000074"",""ST-000165"",""ST-000239""]","50.0469","event","5","5","","RL-ORGANIZER","698c747aee05acfdd23ea578","RL-000025","698dd1b2193c860027a3457a","RL-000025","NC-0000000058","[""RL-000025"",""ST-000165"",""NC-0000000058""]","5","user","69e005928ee62d9de196edc2","4","[]","5","ST-000165","[""ST-000165""]","NC-0000000058","4.8","","69e00768459cbab183feb5e4","2026-04-15T21:47:20.730000","2026-04-15T21:47:20.730000","service_eb508f39-ce3d-4391-bb12-d4211c02ede9","false"
"10.4264","[""ST-000088"",""ST-000074""]","","[""ST-000088"",""ST-000074"",""ST-000165"",""ST-000239""]","50.0469","event","5","5","","RL-ORGANIZER","698c747aee05acfdd23ea578","RL-000008","698d204286a5af9808991620","RL-000008","NC-0000000058","[""RL-000008"",""ST-000088"",""ST-000074"",""NC-0000000058""]","5","user","69e005928ee62d9de196edc2","4","[]","5","ST-000088","[""ST-000088"",""ST-000074""]","NC-0000000058","4.8","","69e0076854add0caa776006a","2026-04-15T21:47:20.496000","2026-04-15T21:47:20.496000","service_eb508f39-ce3d-4391-bb12-d4211c02ede9","false"
"7.49","[]","","[]","32.9559","event","3","5","","RL-000001","698dbd987dbcc355eec0ff7c","RL-ORGANIZER","698c747aee05acfdd23ea578","RL-ORGANIZER","NC-0000000200","[""RL-ORGANIZER"",""NC-0000000200""]","5","user","69dfb25be52c33b24773f0f4","4","[]","5","","[]","NC-0000000200","4.4","","69dfb59e7b7b248c9761bc1a","2026-04-15T15:58:22.582000","2026-04-15T15:58:22.582000","service_eb508f39-ce3d-4391-bb12-d4211c02ede9","false"
"7.49","[]","","[]","32.9559","event","3","5","","RL-000001","698dbd987dbcc355eec0ff7c","RL-000001","698d204286a5af9808991620","RL-000001","NC-0000000200","[""RL-000001"",""NC-0000000200""]","5","user","69dfb25be52c33b24773f0f4","4","[]","5","","[]","NC-0000000200","4.4","","69dfb59e6a28059fb5d8886e","2026-04-15T15:58:22.359000","2026-04-15T15:58:22.359000","service_eb508f39-ce3d-4391-bb12-d4211c02ede9","false"
"7.49","[]","","[]","32.9559","event","3","5","","RL-000001","698dbd987dbcc355eec0ff7c","RL-000001","698dbbf753d545317578c200","RL-000001","NC-0000000200","[""RL-000001"",""NC-0000000200""]","5","user","69dfb25be52c33b24773f0f4","4","[]","5","","[]","NC-0000000200","4.4","","69dfb59e6cccf7a81fcf9d2d","2026-04-15T15:58:22.126000","2026-04-15T15:58:22.126000","service_eb508f39-ce3d-4391-bb12-d4211c02ede9","false"
"7.49","[]","","[]","32.9559","event","3","5","","RL-000001","698dbd987dbcc355eec0ff7c","RL-000001","698dc6f781b400b640a229f6","RL-000001","NC-0000000200","[""RL-000001"",""NC-0000000200""]","5","user","69dfb25be52c33b24773f0f4","4","[]","5","","[]","NC-0000000200","4.4","","69dfb59d2df9686c8103c85f","2026-04-15T15:58:21.855000","2026-04-15T15:58:21.855000","service_eb508f39-ce3d-4391-bb12-d4211c02ede9","false"
"7.49","[]","","[]","32.9559","event","3","5","","RL-000001","698dbd987dbcc355eec0ff7c","RL-000001","69b48a2b7d5c0db589c6bb1c","RL-000001","NC-0000000200","[""RL-000001"",""NC-0000000200""]","5","user","69dfb25be52c33b24773f0f4","4","[]","5","","[]","NC-0000000200","4.4","","69dfb59dc14f69aa68b1324e","2026-04-15T15:58:21.623000","2026-04-15T15:58:21.623000","service_eb508f39-ce3d-4391-bb12-d4211c02ede9","false"
"7.49","[]","","[]","32.9559","event","3","5","","RL-000001","698dbd987dbcc355eec0ff7c","RL-000001","69cd302266f2193a99122757","RL-000001","NC-0000000200","[""RL-000001"",""NC-0000000200""]","5","user","69dfb25be52c33b24773f0f4","4","[]","5","","[]","NC-0000000200","4.4","","69dfb59d6ea879981a9e5fa6","2026-04-15T15:58:21.372000","2026-04-15T15:58:21.372000","service_eb508f39-ce3d-4391-bb12-d4211c02ede9","false"
"10.4264","[]","","[]","39.6205","event","5","5","","RL-ORGANIZER","698c747aee05acfdd23ea578","RL-000001","698d204286a5af9808991620","RL-000001","NC-0000000200","[""RL-000001"",""NC-0000000200""]","4","user","69dfb25be52c33b24773f0f4","3","[]","2","","[]","NC-0000000200","3.8","","69dfb5990a92bbf76e414cca","2026-04-15T15:58:17.653000","2026-04-15T15:58:17.653000","service_eb508f39-ce3d-4391-bb12-d4211c02ede9","false"
"10.4264","[]","","[]","39.6205","event","5","5","","RL-ORGANIZER","698c747aee05acfdd23ea578","RL-000001","698dbbf753d545317578c200","RL-000001","NC-0000000200","[""RL-000001"",""NC-0000000200""]","4","user","69dfb25be52c33b24773f0f4","3","[]","2","","[]","NC-0000000200","3.8","","69dfb599ed6b3ba24574c549","2026-04-15T15:58:17.439000","2026-04-15T15:58:17.439000","service_eb508f39-ce3d-4391-bb12-d4211c02ede9","false"
"10.4264","[]","","[]","39.6205","event","5","5","","RL-ORGANIZER","698c747aee05acfdd23ea578","RL-000001","698dbd987dbcc355eec0ff7c","RL-000001","NC-0000000200","[""RL-000001"",""NC-0000000200""]","4","user","69dfb25be52c33b24773f0f4","3","[]","2","","[]","NC-0000000200","3.8","","69dfb599c5a0894aa09c90ed","2026-04-15T15:58:17.126000","2026-04-15T15:58:17.126000","service_eb508f39-ce3d-4391-bb12-d4211c02ede9","false"
"10.4264","[]","","[]","39.6205","event","5","5","","RL-ORGANIZER","698c747aee05acfdd23ea578","RL-000001","698dc6f781b400b640a229f6","RL-000001","NC-0000000200","[""RL-000001"",""NC-0000000200""]","4","user","69dfb25be52c33b24773f0f4","3","[]","2","","[]","NC-0000000200","3.8","","69dfb598be03e4d977d31698","2026-04-15T15:58:16.846000","2026-04-15T15:58:16.846000","service_eb508f39-ce3d-4391-bb12-d4211c02ede9","false"
"10.4264","[]","","[]","39.6205","event","5","5","","RL-ORGANIZER","698c747aee05acfdd23ea578","RL-000001","69b48a2b7d5c0db589c6bb1c","RL-000001","NC-0000000200","[""RL-000001"",""NC-0000000200""]","4","user","69dfb25be52c33b24773f0f4","3","[]","2","","[]","NC-0000000200","3.8","","69dfb598a7a3dcec58c8e567","2026-04-15T15:58:16.675000","2026-04-15T15:58:16.675000","service_eb508f39-ce3d-4391-bb12-d4211c02ede9","false"
"10.4264","[]","","[]","39.6205","event","5","5","","RL-ORGANIZER","698c747aee05acfdd23ea578","RL-000001","69cd302266f2193a99122757","RL-000001","NC-0000000200","[""RL-000001"",""NC-0000000200""]","4","user","69dfb25be52c33b24773f0f4","3","[]","2","","[]","NC-0000000200","3.8","","69dfb5982fdc43bb2200cfba","2026-04-15T15:58:16.440000","2026-04-15T15:58:16.440000","service_eb508f39-ce3d-4391-bb12-d4211c02ede9","false"
"10.4815","[]","","[]","10.4815","event","1","1","","RL-ORGANIZER","698d204286a5af9808991620","RL-000009","698c747aee05acfdd23ea578","RL-000009","NC-0000000020","[""RL-000009"",""NC-0000000020""]","1","user","69dfad2bb9538825cc5cc2f1","1","[]","1","","[]","NC-0000000020","1","","69dfada7c24bf488a2000299","2026-04-15T15:24:23.465000","2026-04-15T15:24:23.465000","service_eb508f39-ce3d-4391-bb12-d4211c02ede9","false"
"10.4264","[""ST-000165"",""ST-000088"",""ST-000074""]","","[""ST-000038""]","47.9616","quickplay","5","4","","RL-000008","698c747aee05acfdd23ea578","RL-000008","698d204286a5af9808991620","RL-000008","NC-0000000135","[""RL-000008"",""ST-000165"",""ST-000088"",""ST-000074"",""NC-0000000135""]","5","user","69dfac3f6605a23090f5f5bb","4","[]","5","ST-000165","[""ST-000165"",""ST-000088"",""ST-000074""]","NC-0000000135","4.6","","69dfacfb6f04f1da47d02667","2026-04-15T15:21:31.913000","2026-04-15T15:21:31.913000","service_eb508f39-ce3d-4391-bb12-d4211c02ede9","false"
"10.4264","[""ST-000239""]","","[""ST-000038""]","47.9616","quickplay","5","4","","RL-000008","698c747aee05acfdd23ea578","RL-000008","69cd302266f2193a99122757","RL-000008","NC-0000000135","[""RL-000008"",""ST-000239"",""NC-0000000135""]","5","user","69dfac3f6605a23090f5f5bb","4","[]","5","ST-000239","[""ST-000239""]","NC-0000000135","4.6","","69dfacfb1185732e5ed5d1cc","2026-04-15T15:21:31.728000","2026-04-15T15:21:31.728000","service_eb508f39-ce3d-4391-bb12-d4211c02ede9","false"
"10.4815","[""ST-000038""]","","[""ST-000165"",""ST-000088"",""ST-000074""]","37.7334","quickplay","3","4","","RL-000008","698d204286a5af9808991620","RL-000008","698c747aee05acfdd23ea578","RL-000008","NC-0000000135","[""RL-000008"",""ST-000038"",""NC-0000000135""]","2","user","69dfac3f6605a23090f5f5bb","4","[]","5","ST-000038","[""ST-000038""]","NC-0000000135","3.6","","69dfacf9bbea37b59b38c60f","2026-04-15T15:21:29.310000","2026-04-15T15:21:29.310000","service_eb508f39-ce3d-4391-bb12-d4211c02ede9","false"
"10.4815","[""ST-000239""]","","[""ST-000165"",""ST-000088"",""ST-000074""]","37.7334","quickplay","3","4","","RL-000008","698d204286a5af9808991620","RL-000008","69cd302266f2193a99122757","RL-000008","NC-0000000135","[""RL-000008"",""ST-000239"",""NC-0000000135""]","2","user","69dfac3f6605a23090f5f5bb","4","[]","5","ST-000239","[""ST-000239""]","NC-0000000135","3.6","","69dfacf91d855684d3f37462","2026-04-15T15:21:29.137000","2026-04-15T15:21:29.137000","service_eb508f39-ce3d-4391-bb12-d4211c02ede9","false"
"8.0552","[""ST-000038""]","","[""ST-000239""]","33.8317","quickplay","5","5","","RL-000008","69cd302266f2193a99122757","RL-000008","698c747aee05acfdd23ea578","RL-000008","NC-0000000135","[""RL-000008"",""ST-000038"",""NC-0000000135""]","4","user","69dfac3f6605a23090f5f5bb","3","[]","4","ST-000038","[""ST-000038""]","NC-0000000135","4.2","","69dfaceead702557a6adc2a3","2026-04-15T15:21:18.565000","2026-04-15T15:21:18.565000","service_eb508f39-ce3d-4391-bb12-d4211c02ede9","false"
"8.0552","[""ST-000165"",""ST-000088"",""ST-000074""]","","[""ST-000239""]","33.8317","quickplay","5","5","","RL-000008","69cd302266f2193a99122757","RL-000008","698d204286a5af9808991620","RL-000008","NC-0000000135","[""RL-000008"",""ST-000165"",""ST-000088"",""ST-000074"",""NC-0000000135""]","4","user","69dfac3f6605a23090f5f5bb","3","[]","4","ST-000165","[""ST-000165"",""ST-000088"",""ST-000074""]","NC-0000000135","4.2","","69dfacee8134668188ba20b2","2026-04-15T15:21:18.407000","2026-04-15T15:21:18.407000","service_eb508f39-ce3d-4391-bb12-d4211c02ede9","false"
"10.4073","[""ST-000192""]","","[""ST-000192""]","43.7106","event","5","5","","RL-ORGANIZER","698c747aee05acfdd23ea578","RL-000009","69b48a2b7d5c0db589c6bb1c","RL-000009","NC-0000000086","[""RL-000009"",""ST-000192"",""NC-0000000086""]","3","user","69d8eb50bc5482aaebbd1b9a","4","[]","4","ST-000192","[""ST-000192""]","NC-0000000086","4.2","","69df7e40323ba61318694191","2026-04-15T12:02:08.573000","2026-04-15T12:02:08.573000","service_eb508f39-ce3d-4391-bb12-d4211c02ede9","false"
"10.4073","[]","","[""ST-000192""]","43.7106","event","5","5","","RL-ORGANIZER","698c747aee05acfdd23ea578","RL-000009","698d204286a5af9808991620","RL-000009","NC-0000000086","[""RL-000009"",""NC-0000000086""]","3","user","69d8eb50bc5482aaebbd1b9a","4","[]","4","","[]","NC-0000000086","4.2","","69df7e40ccffcddf31f42379","2026-04-15T12:02:08.421000","2026-04-15T12:02:08.421000","service_eb508f39-ce3d-4391-bb12-d4211c02ede9","false"
"9.5687","[""ST-000165""]","","[]","36.3611","event","3","4","","RL-000009","69b48a2b7d5c0db589c6bb1c","RL-ORGANIZER","698c747aee05acfdd23ea578","RL-ORGANIZER","NC-0000000144","[""RL-ORGANIZER"",""ST-000165"",""NC-0000000144""]","3","user","69d93219048cae3022ea6206","4","[]","5","ST-000165","[""ST-000165""]","NC-0000000144","3.8","","69df7cbed79fb62d9f1af7b8","2026-04-15T11:55:42.521000","2026-04-15T11:55:42.521000","service_eb508f39-ce3d-4391-bb12-d4211c02ede9","false"
"9.5687","[""ST-000165""]","","[]","36.3611","event","3","4","","RL-000009","69b48a2b7d5c0db589c6bb1c","RL-000025","698d204286a5af9808991620","RL-000025","NC-0000000144","[""RL-000025"",""ST-000165"",""NC-0000000144""]","3","user","69d93219048cae3022ea6206","4","[]","5","ST-000165","[""ST-000165""]","NC-0000000144","3.8","","69df7cbe2eecc4d164826c9d","2026-04-15T11:55:42.374000","2026-04-15T11:55:42.374000","service_eb508f39-ce3d-4391-bb12-d4211c02ede9","false"
"10.4634","[""ST-000165""]","","[""ST-000165""]","39.7609","event","4","5","","RL-000025","698d204286a5af9808991620","RL-ORGANIZER","698c747aee05acfdd23ea578","RL-ORGANIZER","NC-0000000144","[""RL-ORGANIZER"",""ST-000165"",""NC-0000000144""]","5","user","69d93219048cae3022ea6206","3","[]","2","ST-000165","[""ST-000165""]","NC-0000000144","3.8","","69df7cbab48b4fb6a00b2214","2026-04-15T11:55:38.868000","2026-04-15T11:55:38.868000","service_eb508f39-ce3d-4391-bb12-d4211c02ede9","false"
"10.4634","[]","","[""ST-000165""]","39.7609","event","4","5","","RL-000025","698d204286a5af9808991620","RL-000009","69b48a2b7d5c0db589c6bb1c","RL-000009","NC-0000000144","[""RL-000009"",""NC-0000000144""]","5","user","69d93219048cae3022ea6206","3","[]","2","","[]","NC-0000000144","3.8","","69df7cbac55e22a24ebe2c5c","2026-04-15T11:55:38.733000","2026-04-15T11:55:38.733000","service_eb508f39-ce3d-4391-bb12-d4211c02ede9","false"
"10.3976","[]","","[""ST-000165""]","33.2722","event","3","4","","RL-ORGANIZER","698c747aee05acfdd23ea578","RL-000009","69b48a2b7d5c0db589c6bb1c","RL-000009","NC-0000000144","[""RL-000009"",""NC-0000000144""]","3","user","69d93219048cae3022ea6206","3","[]","3","","[]","NC-0000000144","3.2","","69df7cb30cc5ac89fc53dd97","2026-04-15T11:55:31.909000","2026-04-15T11:55:31.909000","service_eb508f39-ce3d-4391-bb12-d4211c02ede9","false"
"10.3976","[""ST-000165""]","","[""ST-000165""]","33.2722","event","3","4","","RL-ORGANIZER","698c747aee05acfdd23ea578","RL-000025","698d204286a5af9808991620","RL-000025","NC-0000000144","[""RL-000025"",""ST-000165"",""NC-0000000144""]","3","user","69d93219048cae3022ea6206","3","[]","3","ST-000165","[""ST-000165""]","NC-0000000144","3.2","","69df7cb3854fd29c8c5cf35d","2026-04-15T11:55:31.766000","2026-04-15T11:55:31.766000","service_eb508f39-ce3d-4391-bb12-d4211c02ede9","false"
"10.4449","[""ST-000217""]","","[""ST-000217""]","29.2458","event","5","2","","RL-ORGANIZER","698d204286a5af9808991620","RL-000010","698c747aee05acfdd23ea578","RL-000010","NC-0000000200","[""RL-000010"",""ST-000217"",""NC-0000000200""]","2","user","69d8099f48e7517f1325b196","2","[]","3","ST-000217","[""ST-000217""]","NC-0000000200","2.8","","69de4782ef5f09143cd7c78f","2026-04-14T13:56:18.349000","2026-04-14T13:56:18.349000","service_eb508f39-ce3d-4391-bb12-d4211c02ede9","false"
"10.4449","[]","","[]","50.1357","event","5","5","","RL-AUDIENCE","698d204286a5af9808991620","RL-ORGANIZER","698dd1b2193c860027a3457a","RL-ORGANIZER","NC-0000000014","[""RL-ORGANIZER"",""NC-0000000014""]","5","user","69de45afe5c509a3c34bc381","5","[]","4","","[]","NC-0000000014","4.8","","69de46f989daa7f8ffac1828","2026-04-14T13:54:01.942000","2026-04-14T13:54:01.942000","service_eb508f39-ce3d-4391-bb12-d4211c02ede9","false"
"10.4449","[]","","[]","50.1357","event","5","5","","RL-AUDIENCE","698d204286a5af9808991620","RL-000025","69cd302266f2193a99122757","RL-000025","NC-0000000014","[""RL-000025"",""NC-0000000014""]","5","user","69de45afe5c509a3c34bc381","5","[]","4","","[]","NC-0000000014","4.8","","69de46f9bff44087168c6896","2026-04-14T13:54:01.523000","2026-04-14T13:54:01.523000","service_eb508f39-ce3d-4391-bb12-d4211c02ede9","false"
"10.4449","[]","","[]","50.1357","event","5","5","","RL-AUDIENCE","698d204286a5af9808991620","RL-000025","698c747aee05acfdd23ea578","RL-000025","NC-0000000014","[""RL-000025"",""NC-0000000014""]","5","user","69de45afe5c509a3c34bc381","5","[]","4","","[]","NC-0000000014","4.8","","69de46f9830766cd081849b0","2026-04-14T13:54:01.270000","2026-04-14T13:54:01.270000","service_eb508f39-ce3d-4391-bb12-d4211c02ede9","false"
"2.3026","[]","","[]","10.1314","event","4","5","","RL-AUDIENCE","699c655e40e8dc98eacda675","RL-ORGANIZER","698dd1b2193c860027a3457a","RL-ORGANIZER","NC-0000000014","[""RL-ORGANIZER"",""NC-0000000014""]","4","user","69de45afe5c509a3c34bc381","5","[]","4","","[]","NC-0000000014","4.4","","69de46e75bce08ddc0c83fa3","2026-04-14T13:53:43.512000","2026-04-14T13:53:43.512000","service_eb508f39-ce3d-4391-bb12-d4211c02ede9","false"
"2.3026","[]","","[]","10.1314","event","4","5","","RL-AUDIENCE","699c655e40e8dc98eacda675","RL-000025","69cd302266f2193a99122757","RL-000025","NC-0000000014","[""RL-000025"",""NC-0000000014""]","4","user","69de45afe5c509a3c34bc381","5","[]","4","","[]","NC-0000000014","4.4","","69de46e78025b9628747b1da","2026-04-14T13:53:43.306000","2026-04-14T13:53:43.306000","service_eb508f39-ce3d-4391-bb12-d4211c02ede9","false"
"2.3026","[]","","[]","10.1314","event","4","5","","RL-AUDIENCE","699c655e40e8dc98eacda675","RL-000025","698c747aee05acfdd23ea578","RL-000025","NC-0000000014","[""RL-000025"",""NC-0000000014""]","4","user","69de45afe5c509a3c34bc381","5","[]","4","","[]","NC-0000000014","4.4","","69de46e7367079d8fec047be","2026-04-14T13:53:43.124000","2026-04-14T13:53:43.124000","service_eb508f39-ce3d-4391-bb12-d4211c02ede9","false"
"9.41","[]","","[]","30.112","event","4","3","","RL-ORGANIZER","698dd1b2193c860027a3457a","RL-000025","69cd302266f2193a99122757","RL-000025","NC-0000000014","[""RL-000025"",""NC-0000000014""]","5","user","69de45afe5c509a3c34bc381","2","[]","2","","[]","NC-0000000014","3.2","","69de46e04190a8d83d0a3755","2026-04-14T13:53:36.312000","2026-04-14T13:53:36.312000","service_eb508f39-ce3d-4391-bb12-d4211c02ede9","false"
"9.41","[]","","[]","30.112","event","4","3","","RL-ORGANIZER","698dd1b2193c860027a3457a","RL-000025","698c747aee05acfdd23ea578","RL-000025","NC-0000000014","[""RL-000025"",""NC-0000000014""]","5","user","69de45afe5c509a3c34bc381","2","[]","2","","[]","NC-0000000014","3.2","","69de46e08025b9628747b1d6","2026-04-14T13:53:36.141000","2026-04-14T13:53:36.141000","service_eb508f39-ce3d-4391-bb12-d4211c02ede9","false"
"9.4993","[]","","[]","37.9971","event","5","5","","RL-AUDIENCE","69b48a2b7d5c0db589c6bb1c","RL-ORGANIZER","698dd1b2193c860027a3457a","RL-ORGANIZER","NC-0000000014","[""RL-ORGANIZER"",""NC-0000000014""]","3","user","69de45afe5c509a3c34bc381","4","[]","3","","[]","NC-0000000014","4","","69de46dbc9c3fda90cbcd384","2026-04-14T13:53:31.896000","2026-04-14T13:53:31.896000","service_eb508f39-ce3d-4391-bb12-d4211c02ede9","false"
"9.4993","[]","","[]","37.9971","event","5","5","","RL-AUDIENCE","69b48a2b7d5c0db589c6bb1c","RL-000025","69cd302266f2193a99122757","RL-000025","NC-0000000014","[""RL-000025"",""NC-0000000014""]","3","user","69de45afe5c509a3c34bc381","4","[]","3","","[]","NC-0000000014","4","","69de46db71229df940de6530","2026-04-14T13:53:31.757000","2026-04-14T13:53:31.757000","service_eb508f39-ce3d-4391-bb12-d4211c02ede9","false"
"9.4993","[]","","[]","37.9971","event","5","5","","RL-AUDIENCE","69b48a2b7d5c0db589c6bb1c","RL-000025","698c747aee05acfdd23ea578","RL-000025","NC-0000000014","[""RL-000025"",""NC-0000000014""]","3","user","69de45afe5c509a3c34bc381","4","[]","3","","[]","NC-0000000014","4","","69de46db56af629396afd6b6","2026-04-14T13:53:31.556000","2026-04-14T13:53:31.556000","service_eb508f39-ce3d-4391-bb12-d4211c02ede9","false"
"8.0097","[]","","[]","30.4368","event","4","5","","RL-000025","69cd302266f2193a99122757","RL-ORGANIZER","698dd1b2193c860027a3457a","RL-ORGANIZER","NC-0000000014","[""RL-ORGANIZER"",""NC-0000000014""]","2","user","69de45afe5c509a3c34bc381","5","[]","3","","[]","NC-0000000014","3.8","","69de46d6ce1eb465321420d4","2026-04-14T13:53:26.364000","2026-04-14T13:53:26.364000","service_eb508f39-ce3d-4391-bb12-d4211c02ede9","false"
"8.0097","[]","","[]","30.4368","event","4","5","","RL-000025","69cd302266f2193a99122757","RL-000025","698c747aee05acfdd23ea578","RL-000025","NC-0000000014","[""RL-000025"",""NC-0000000014""]","2","user","69de45afe5c509a3c34bc381","5","[]","3","","[]","NC-0000000014","3.8","","69de46d643be274786d2e970","2026-04-14T13:53:26.203000","2026-04-14T13:53:26.203000","service_eb508f39-ce3d-4391-bb12-d4211c02ede9","false"
"9.3952","[""ST-000165""]","","[""ST-000165""]","39.4597","event","5","5","","RL-000025","698dd1b2193c860027a3457a","RL-ORGANIZER","698dbd987dbcc355eec0ff7c","RL-ORGANIZER","NC-0000000100","[""RL-ORGANIZER"",""ST-000165"",""NC-0000000100""]","4","user","69de2db7e99e622762a73d11","3","[]","4","ST-000165","[""ST-000165""]","NC-0000000100","4.2","","69de2effa61ccc42348676a1","2026-04-14T12:11:43.484000","2026-04-14T12:11:43.484000","service_eb508f39-ce3d-4391-bb12-d4211c02ede9","false"
"9.3952","[]","","[""ST-000165""]","39.4597","event","5","5","","RL-000025","698dd1b2193c860027a3457a","RL-000025","698d204286a5af9808991620","RL-000025","NC-0000000100","[""RL-000025"",""NC-0000000100""]","4","user","69de2db7e99e622762a73d11","3","[]","4","","[]","NC-0000000100","4.2","","69de2eff5906bae5dc7579c7","2026-04-14T12:11:43.350000","2026-04-14T12:11:43.350000","service_eb508f39-ce3d-4391-bb12-d4211c02ede9","false"
"9.3952","[]","","[""ST-000165""]","39.4597","event","5","5","","RL-000025","698dd1b2193c860027a3457a","RL-000025","69cd302266f2193a99122757","RL-000025","NC-0000000100","[""RL-000025"",""NC-0000000100""]","4","user","69de2db7e99e622762a73d11","3","[]","4","","[]","NC-0000000100","4.2","","69de2effa172d302bed240c0","2026-04-14T12:11:43.165000","2026-04-14T12:11:43.165000","service_eb508f39-ce3d-4391-bb12-d4211c02ede9","false"
"7.3715","[]","","[""ST-000165""]","26.5374","event","3","4","","RL-ORGANIZER","698dbd987dbcc355eec0ff7c","RL-000025","698d204286a5af9808991620","RL-000025","NC-0000000100","[""RL-000025"",""NC-0000000100""]","2","user","69de2db7e99e622762a73d11","4","[]","5","","[]","NC-0000000100","3.6","","69de2efa1e13310fd13ee781","2026-04-14T12:11:38.721000","2026-04-14T12:11:38.721000","service_eb508f39-ce3d-4391-bb12-d4211c02ede9","false"
"7.3715","[]","","[""ST-000165""]","26.5374","event","3","4","","RL-ORGANIZER","698dbd987dbcc355eec0ff7c","RL-000025","69cd302266f2193a99122757","RL-000025","NC-0000000100","[""RL-000025"",""NC-0000000100""]","2","user","69de2db7e99e622762a73d11","4","[]","5","","[]","NC-0000000100","3.6","","69de2efafb8db33ea7dcddaf","2026-04-14T12:11:38.589000","2026-04-14T12:11:38.589000","service_eb508f39-ce3d-4391-bb12-d4211c02ede9","false"
"7.3715","[""ST-000165""]","","[""ST-000165""]","26.5374","event","3","4","","RL-ORGANIZER","698dbd987dbcc355eec0ff7c","RL-000025","698dd1b2193c860027a3457a","RL-000025","NC-0000000100","[""RL-000025"",""ST-000165"",""NC-0000000100""]","2","user","69de2db7e99e622762a73d11","4","[]","5","ST-000165","[""ST-000165""]","NC-0000000100","3.6","","69de2efa2fb86f3ff69c1ef1","2026-04-14T12:11:38.435000","2026-04-14T12:11:38.435000","service_eb508f39-ce3d-4391-bb12-d4211c02ede9","false"
"7.9121","[]","","[]","28.4834","event","4","5","","RL-000010","69cd302266f2193a99122757","RL-ORGANIZER","698dbd987dbcc355eec0ff7c","RL-ORGANIZER","NC-0000000133","[""RL-ORGANIZER"",""NC-0000000133""]","1","user","69de2baad23a4ec63e3c313f","5","[]","3","","[]","NC-0000000133","3.6","","69de2d793a0fc045fd54b14a","2026-04-14T12:05:13.226000","2026-04-14T12:05:13.226000","service_eb508f39-ce3d-4391-bb12-d4211c02ede9","false"
"7.9121","[]","","[]","28.4834","event","4","5","","RL-000010","69cd302266f2193a99122757","RL-000010","698dd1b2193c860027a3457a","RL-000010","NC-0000000133","[""RL-000010"",""NC-0000000133""]","1","user","69de2baad23a4ec63e3c313f","5","[]","3","","[]","NC-0000000133","3.6","","69de2d79340d36c9cfebef5d","2026-04-14T12:05:13.086000","2026-04-14T12:05:13.086000","service_eb508f39-ce3d-4391-bb12-d4211c02ede9","false"
"9.3716","[]","","[]","33.7378","event","5","4","","RL-000010","698dd1b2193c860027a3457a","RL-ORGANIZER","698dbd987dbcc355eec0ff7c","RL-ORGANIZER","NC-0000000133","[""RL-ORGANIZER"",""NC-0000000133""]","3","user","69de2baad23a4ec63e3c313f","2","[]","4","","[]","NC-0000000133","3.6","","69de2d74868f6960c63e69f7","2026-04-14T12:05:08.478000","2026-04-14T12:05:08.478000","service_eb508f39-ce3d-4391-bb12-d4211c02ede9","false"
"9.3716","[]","","[]","33.7378","event","5","4","","RL-000010","698dd1b2193c860027a3457a","RL-000010","69cd302266f2193a99122757","RL-000010","NC-0000000133","[""RL-000010"",""NC-0000000133""]","3","user","69de2baad23a4ec63e3c313f","2","[]","4","","[]","NC-0000000133","3.6","","69de2d74f620a86cf3876b7d","2026-04-14T12:05:08.307000","2026-04-14T12:05:08.307000","service_eb508f39-ce3d-4391-bb12-d4211c02ede9","false"
"7.1148","[]","","[]","32.7279","event","5","4","","RL-ORGANIZER","698dbd987dbcc355eec0ff7c","RL-000010","69cd302266f2193a99122757","RL-000010","NC-0000000133","[""RL-000010"",""NC-0000000133""]","4","user","69de2baad23a4ec63e3c313f","5","[]","5","","[]","NC-0000000133","4.6","","69de2d6e331802c0f959eb8c","2026-04-14T12:05:02.505000","2026-04-14T12:05:02.505000","service_eb508f39-ce3d-4391-bb12-d4211c02ede9","false"
"7.1148","[]","","[]","32.7279","event","5","4","","RL-ORGANIZER","698dbd987dbcc355eec0ff7c","RL-000010","698dd1b2193c860027a3457a","RL-000010","NC-0000000133","[""RL-000010"",""NC-0000000133""]","4","user","69de2baad23a4ec63e3c313f","5","[]","5","","[]","NC-0000000133","4.6","","69de2d6e68dfa4cf4b1eca83","2026-04-14T12:05:02.325000","2026-04-14T12:05:02.325000","service_eb508f39-ce3d-4391-bb12-d4211c02ede9","false"
"7.5337","[""ST-000217""]","","[]","34.655","event","4","5","","RL-AUDIENCE","69cd302266f2193a99122757","RL-ORGANIZER","698dbd987dbcc355eec0ff7c","RL-ORGANIZER","NC-0000000058","[""RL-ORGANIZER"",""ST-000217"",""NC-0000000058""]","4","user","69de2840022bfcb859ffc261","5","[]","5","ST-000217","[""ST-000217""]","NC-0000000058","4.6","","69de2b769967aee744db55bd","2026-04-14T11:56:38.404000","2026-04-14T11:56:38.404000","service_eb508f39-ce3d-4391-bb12-d4211c02ede9","false"
"7.5337","[""ST-000217""]","","[]","34.655","event","4","5","","RL-AUDIENCE","69cd302266f2193a99122757","RL-000010","698c747aee05acfdd23ea578","RL-000010","NC-0000000058","[""RL-000010"",""ST-000217"",""NC-0000000058""]","4","user","69de2840022bfcb859ffc261","5","[]","5","ST-000217","[""ST-000217""]","NC-0000000058","4.6","","69de2b768b185611dcac1366","2026-04-14T11:56:38.255000","2026-04-14T11:56:38.255000","service_eb508f39-ce3d-4391-bb12-d4211c02ede9","false"
"7.5337","[]","","[]","34.655","event","4","5","","RL-AUDIENCE","69cd302266f2193a99122757","RL-000010","698dd1b2193c860027a3457a","RL-000010","NC-0000000058","[""RL-000010"",""NC-0000000058""]","4","user","69de2840022bfcb859ffc261","5","[]","5","","[]","NC-0000000058","4.6","","69de2b76edcc0d833f42b504","2026-04-14T11:56:38.132000","2026-04-14T11:56:38.132000","service_eb508f39-ce3d-4391-bb12-d4211c02ede9","false"
"9.3596","[""ST-000217""]","","[]","37.4385","event","4","5","","RL-000010","698dd1b2193c860027a3457a","RL-ORGANIZER","698dbd987dbcc355eec0ff7c","RL-ORGANIZER","NC-0000000058","[""RL-ORGANIZER"",""ST-000217"",""NC-0000000058""]","2","user","69de2840022bfcb859ffc261","5","[]","4","ST-000217","[""ST-000217""]","NC-0000000058","4","","69de2b462be6cda8d001f553","2026-04-14T11:55:50.186000","2026-04-14T11:55:50.186000","service_eb508f39-ce3d-4391-bb12-d4211c02ede9","false"
"9.3596","[""ST-000217""]","","[]","37.4385","event","4","5","","RL-000010","698dd1b2193c860027a3457a","RL-000010","698c747aee05acfdd23ea578","RL-000010","NC-0000000058","[""RL-000010"",""ST-000217"",""NC-0000000058""]","2","user","69de2840022bfcb859ffc261","5","[]","4","ST-000217","[""ST-000217""]","NC-0000000058","4","","69de2b466759f2e67fc9ed1b","2026-04-14T11:55:50.007000","2026-04-14T11:55:50.007000","service_eb508f39-ce3d-4391-bb12-d4211c02ede9","false"
"6.9565","[""ST-000217""]","","[""ST-000217""]","29.2175","event","5","5","","RL-ORGANIZER","698dbd987dbcc355eec0ff7c","RL-000010","698c747aee05acfdd23ea578","RL-000010","NC-0000000058","[""RL-000010"",""ST-000217"",""NC-0000000058""]","4","user","69de2840022bfcb859ffc261","3","[]","4","ST-000217","[""ST-000217""]","NC-0000000058","4.2","","69de2b427f72394095853e03","2026-04-14T11:55:46.173000","2026-04-14T11:55:46.173000","service_eb508f39-ce3d-4391-bb12-d4211c02ede9","false"
"6.9565","[]","","[""ST-000217""]","29.2175","event","5","5","","RL-ORGANIZER","698dbd987dbcc355eec0ff7c","RL-000010","698dd1b2193c860027a3457a","RL-000010","NC-0000000058","[""RL-000010"",""NC-0000000058""]","4","user","69de2840022bfcb859ffc261","3","[]","4","","[]","NC-0000000058","4.2","","69de2b424e61e83658a0d7d4","2026-04-14T11:55:46.019000","2026-04-14T11:55:46.019000","service_eb508f39-ce3d-4391-bb12-d4211c02ede9","false"
"9.4993","[""ST-000088"",""ST-000074"",""ST-000077"",""ST-000103""]","","[]","41.7968","event","3","5","","RL-AUDIENCE","69b48a2b7d5c0db589c6bb1c","RL-ORGANIZER","698c747aee05acfdd23ea578","RL-ORGANIZER","NC-0000000052","[""RL-ORGANIZER"",""ST-000088"",""ST-000074"",""ST-000077"",""ST-000103"",""NC-0000000052""]","5","user","69d8f256e1693c0be1bf72e4","4","[]","5","ST-000088","[""ST-000088"",""ST-000074"",""ST-000077"",""ST-000103""]","NC-0000000052","4.4","","69d931d6631930534d9428cb","2026-04-10T17:22:30.555000","2026-04-10T17:22:30.555000","service_eb508f39-ce3d-4391-bb12-d4211c02ede9","false"
"9.4993","[""ST-000077"",""ST-000103""]","","[]","41.7968","event","3","5","","RL-AUDIENCE","69b48a2b7d5c0db589c6bb1c","RL-000008","698dd1b2193c860027a3457a","RL-000008","NC-0000000052","[""RL-000008"",""ST-000077"",""ST-000103"",""NC-0000000052""]","5","user","69d8f256e1693c0be1bf72e4","4","[]","5","ST-000077","[""ST-000077"",""ST-000103""]","NC-0000000052","4.4","","69d931d672e27ef2a2839efe","2026-04-10T17:22:30.389000","2026-04-10T17:22:30.389000","service_eb508f39-ce3d-4391-bb12-d4211c02ede9","false"
"9.4993","[""ST-000088"",""ST-000074""]","","[]","41.7968","event","3","5","","RL-AUDIENCE","69b48a2b7d5c0db589c6bb1c","RL-000008","698d204286a5af9808991620","RL-000008","NC-0000000052","[""RL-000008"",""ST-000088"",""ST-000074"",""NC-0000000052""]","5","user","69d8f256e1693c0be1bf72e4","4","[]","5","ST-000088","[""ST-000088"",""ST-000074""]","NC-0000000052","4.4","","69d931d60d8c2cdf346c4496","2026-04-10T17:22:30.251000","2026-04-10T17:22:30.251000","service_eb508f39-ce3d-4391-bb12-d4211c02ede9","false"
"10.4356","[""ST-000088"",""ST-000074"",""ST-000077"",""ST-000103""]","","[""ST-000088"",""ST-000074""]","43.8295","event","4","4","","RL-000008","698d204286a5af9808991620","RL-ORGANIZER","698c747aee05acfdd23ea578","RL-ORGANIZER","NC-0000000052","[""RL-ORGANIZER"",""ST-000088"",""ST-000074"",""ST-000077"",""ST-000103"",""NC-0000000052""]","3","user","69d8f256e1693c0be1bf72e4","5","[]","5","ST-000088","[""ST-000088"",""ST-000074"",""ST-000077"",""ST-000103""]","NC-0000000052","4.2","","69d931d22e117b968ef46126","2026-04-10T17:22:26.654000","2026-04-10T17:22:26.654000","service_eb508f39-ce3d-4391-bb12-d4211c02ede9","false"
"10.4356","[""ST-000077"",""ST-000103""]","","[""ST-000088"",""ST-000074""]","43.8295","event","4","4","","RL-000008","698d204286a5af9808991620","RL-000008","698dd1b2193c860027a3457a","RL-000008","NC-0000000052","[""RL-000008"",""ST-000077"",""ST-000103"",""NC-0000000052""]","3","user","69d8f256e1693c0be1bf72e4","5","[]","5","ST-000077","[""ST-000077"",""ST-000103""]","NC-0000000052","4.2","","69d931d29eedca8e1425ad30","2026-04-10T17:22:26.489000","2026-04-10T17:22:26.489000","service_eb508f39-ce3d-4391-bb12-d4211c02ede9","false"
"10.3878","[""ST-000077"",""ST-000103""]","","[""ST-000088"",""ST-000074"",""ST-000077"",""ST-000103""]","33.2408","event","3","3","","RL-ORGANIZER","698c747aee05acfdd23ea578","RL-000008","698dd1b2193c860027a3457a","RL-000008","NC-0000000052","[""RL-000008"",""ST-000077"",""ST-000103"",""NC-0000000052""]","3","user","69d8f256e1693c0be1bf72e4","5","[]","2","ST-000077","[""ST-000077"",""ST-000103""]","NC-0000000052","3.2","","69d931cd9ebd3bd487876b34","2026-04-10T17:22:21.235000","2026-04-10T17:22:21.235000","service_eb508f39-ce3d-4391-bb12-d4211c02ede9","false"
"10.3878","[""ST-000088"",""ST-000074""]","","[""ST-000088"",""ST-000074"",""ST-000077"",""ST-000103""]","33.2408","event","3","3","","RL-ORGANIZER","698c747aee05acfdd23ea578","RL-000008","698d204286a5af9808991620","RL-000008","NC-0000000052","[""RL-000008"",""ST-000088"",""ST-000074"",""NC-0000000052""]","3","user","69d8f256e1693c0be1bf72e4","5","[]","2","ST-000088","[""ST-000088"",""ST-000074""]","NC-0000000052","3.2","","69d931ccbd25540ae47132d8","2026-04-10T17:22:20.996000","2026-04-10T17:22:20.996000","service_eb508f39-ce3d-4391-bb12-d4211c02ede9","false"
"10.4261","[""ST-000165""]","","[""ST-000165""]","43.7898","event","5","5","","RL-000025","698d204286a5af9808991620","RL-ORGANIZER","698c747aee05acfdd23ea578","RL-ORGANIZER","NC-0000000054","[""RL-ORGANIZER"",""ST-000165"",""NC-0000000054""]","4","user","69d8e7ac57c533eefad07c4d","3","[]","4","ST-000165","[""ST-000165""]","NC-0000000054","4.2","","69d8eb0a85085ce008c4267c","2026-04-10T12:20:26.822000","2026-04-10T12:20:26.822000","service_eb508f39-ce3d-4391-bb12-d4211c02ede9","false"
"9.3317","[""ST-000165""]","","[]","39.193","event","5","5","","RL-AUDIENCE","698dd1b2193c860027a3457a","RL-ORGANIZER","698c747aee05acfdd23ea578","RL-ORGANIZER","NC-0000000054","[""RL-ORGANIZER"",""ST-000165"",""NC-0000000054""]","4","user","69d8e7ac57c533eefad07c4d","3","[]","4","ST-000165","[""ST-000165""]","NC-0000000054","4.2","","69d8eb05ae24b555f534040e","2026-04-10T12:20:21.129000","2026-04-10T12:20:21.129000","service_eb508f39-ce3d-4391-bb12-d4211c02ede9","false"
"9.3317","[""ST-000165""]","","[]","39.193","event","5","5","","RL-AUDIENCE","698dd1b2193c860027a3457a","RL-000025","698d204286a5af9808991620","RL-000025","NC-0000000054","[""RL-000025"",""ST-000165"",""NC-0000000054""]","4","user","69d8e7ac57c533eefad07c4d","3","[]","4","ST-000165","[""ST-000165""]","NC-0000000054","4.2","","69d8eb04981ef56b279260ed","2026-04-10T12:20:20.987000","2026-04-10T12:20:20.987000","service_eb508f39-ce3d-4391-bb12-d4211c02ede9","false"
"10.3577","[""ST-000165""]","","[""ST-000165""]","43.5025","event","4","4","","RL-ORGANIZER","698c747aee05acfdd23ea578","RL-000025","698d204286a5af9808991620","RL-000025","NC-0000000054","[""RL-000025"",""ST-000165"",""NC-0000000054""]","3","user","69d8e7ac57c533eefad07c4d","5","[]","5","ST-000165","[""ST-000165""]","NC-0000000054","4.2","","69d8eaff29530e6bb61329f3","2026-04-10T12:20:15.698000","2026-04-10T12:20:15.698000","service_eb508f39-ce3d-4391-bb12-d4211c02ede9","false"
"10.3577","[]","","[]","47.6456","event","4","5","","RL-000025","698c747aee05acfdd23ea578","RL-ORGANIZER","69b48a2b7d5c0db589c6bb1c","RL-ORGANIZER","NC-0000000165","[""RL-ORGANIZER"",""NC-0000000165""]","4","user","69d50af1f405399be1bae359","5","[]","5","","[]","NC-0000000165","4.6","","69d8dfcd499ac04f286b1dc2","2026-04-10T11:32:29.069000","2026-04-10T11:32:29.069000","service_eb508f39-ce3d-4391-bb12-d4211c02ede9","false"
"10.3577","[""ST-000165""]","","[""ST-000165""]","49.7172","event","4","5","","RL-ORGANIZER","698c747aee05acfdd23ea578","RL-000025","698d204286a5af9808991620","RL-000025","NC-0000000035","[""RL-000025"",""ST-000165"",""NC-0000000035""]","5","user","69d824e985ac007e0548c7a7","5","[]","5","ST-000165","[""ST-000165""]","NC-0000000035","4.8","","69d826054fcf8c4624e1d721","2026-04-09T22:19:49.080000","2026-04-09T22:19:49.080000","service_eb508f39-ce3d-4391-bb12-d4211c02ede9","false"
"10.4166","[""ST-000165""]","","[""ST-000165""]","27.0832","event","5","1","","RL-000025","698d204286a5af9808991620","RL-ORGANIZER","698c747aee05acfdd23ea578","RL-ORGANIZER","NC-0000000166","[""RL-ORGANIZER"",""ST-000165"",""NC-0000000166""]","5","user","69d81aa21ab8b30871cde3bf","1","[]","1","ST-000165","[""ST-000165""]","NC-0000000166","2.6","","69d81be8e1edaf68c8f74c2e","2026-04-09T21:36:40.673000","2026-04-09T21:36:40.673000","service_eb508f39-ce3d-4391-bb12-d4211c02ede9","false"
"7.6256","[""ST-000165""]","","[]","16.7763","event","1","1","","RL-AUDIENCE","698dc6f781b400b640a229f6","RL-ORGANIZER","698c747aee05acfdd23ea578","RL-ORGANIZER","NC-0000000166","[""RL-ORGANIZER"",""ST-000165"",""NC-0000000166""]","3","user","69d81aa21ab8b30871cde3bf","5","[]","1","ST-000165","[""ST-000165""]","NC-0000000166","2.2","","69d81bdc73f7063a6561b961","2026-04-09T21:36:28.669000","2026-04-09T21:36:28.669000","service_eb508f39-ce3d-4391-bb12-d4211c02ede9","false"
"7.6256","[""ST-000165""]","","[]","16.7763","event","1","1","","RL-AUDIENCE","698dc6f781b400b640a229f6","RL-000025","698d204286a5af9808991620","RL-000025","NC-0000000166","[""RL-000025"",""ST-000165"",""NC-0000000166""]","3","user","69d81aa21ab8b30871cde3bf","5","[]","1","ST-000165","[""ST-000165""]","NC-0000000166","2.2","","69d81bdc053a0667bb587513","2026-04-09T21:36:28.487000","2026-04-09T21:36:28.487000","service_eb508f39-ce3d-4391-bb12-d4211c02ede9","false"
"10.3475","[""ST-000165""]","","[""ST-000165""]","35.1816","event","5","3","","RL-ORGANIZER","698c747aee05acfdd23ea578","RL-000025","698d204286a5af9808991620","RL-000025","NC-0000000166","[""RL-000025"",""ST-000165"",""NC-0000000166""]","3","user","69d81aa21ab8b30871cde3bf","2","[]","4","ST-000165","[""ST-000165""]","NC-0000000166","3.4","","69d81bd7fe42ff529c17b45d","2026-04-09T21:36:23.537000","2026-04-09T21:36:23.537000","service_eb508f39-ce3d-4391-bb12-d4211c02ede9","false"
"10.3775","[""ST-000165""]","","[""ST-000165""]","41.5102","event","5","4","","RL-ORGANIZER","698d204286a5af9808991620","RL-000025","698c747aee05acfdd23ea578","RL-000025","","[""RL-000025"",""ST-000165""]","4","user","69d818ddbc215e2c394a06d4","3","[]","4","ST-000165","[""ST-000165""]","","4","","69d81a509c9900ee908e9ff6","2026-04-09T21:29:52.627000","2026-04-09T21:29:52.627000","service_eb508f39-ce3d-4391-bb12-d4211c02ede9","false"
"10.3268","[""ST-000165""]","","[""ST-000165""]","45.4379","event","5","5","","RL-000025","698c747aee05acfdd23ea578","RL-ORGANIZER","698d204286a5af9808991620","RL-ORGANIZER","","[""RL-ORGANIZER"",""ST-000165""]","3","user","69d818ddbc215e2c394a06d4","4","[]","5","ST-000165","[""ST-000165""]","","4.4","","69d81a495476348e8583e5d5","2026-04-09T21:29:45.905000","2026-04-09T21:29:45.905000","service_eb508f39-ce3d-4391-bb12-d4211c02ede9","false"
"10.3268","[""ST-000165""]","","[""ST-000165""]","49.5686","event","5","5","","RL-000025","698c747aee05acfdd23ea578","RL-ORGANIZER","698d204286a5af9808991620","RL-ORGANIZER","NC-0000000160","[""RL-ORGANIZER"",""ST-000165"",""NC-0000000160""]","5","user","69d816491b678c9031c66ca2","4","[]","5","ST-000165","[""ST-000165""]","NC-0000000160","4.8","","69d818946a4b7525aee484e2","2026-04-09T21:22:28.300000","2026-04-09T21:22:28.300000","service_eb508f39-ce3d-4391-bb12-d4211c02ede9","false"
"7.6256","[""ST-000165""]","","[]","33.5526","event","3","5","","RL-AUDIENCE","698dc6f781b400b640a229f6","RL-ORGANIZER","698d204286a5af9808991620","RL-ORGANIZER","NC-0000000160","[""RL-ORGANIZER"",""ST-000165"",""NC-0000000160""]","5","user","69d816491b678c9031c66ca2","4","[]","5","ST-000165","[""ST-000165""]","NC-0000000160","4.4","","69d8189054c790171d685d5c","2026-04-09T21:22:24.021000","2026-04-09T21:22:24.021000","service_eb508f39-ce3d-4391-bb12-d4211c02ede9","false"
"7.6256","[""ST-000165""]","","[]","33.5526","event","3","5","","RL-AUDIENCE","698dc6f781b400b640a229f6","RL-000025","698c747aee05acfdd23ea578","RL-000025","NC-0000000160","[""RL-000025"",""ST-000165"",""NC-0000000160""]","5","user","69d816491b678c9031c66ca2","4","[]","5","ST-000165","[""ST-000165""]","NC-0000000160","4.4","","69d8188fd2a1689cb91ca7b4","2026-04-09T21:22:23.831000","2026-04-09T21:22:23.831000","service_eb508f39-ce3d-4391-bb12-d4211c02ede9","false"
"10.3675","[""ST-000165""]","","[""ST-000165""]","49.7642","event","5","5","","RL-ORGANIZER","698d204286a5af9808991620","RL-000025","698c747aee05acfdd23ea578","RL-000025","NC-0000000160","[""RL-000025"",""ST-000165"",""NC-0000000160""]","5","user","69d816491b678c9031c66ca2","4","[]","5","ST-000165","[""ST-000165""]","NC-0000000160","4.8","","69d8188b746182cedb5c0fbd","2026-04-09T21:22:19.862000","2026-04-09T21:22:19.862000","service_eb508f39-ce3d-4391-bb12-d4211c02ede9","false"
"10.3163","[""ST-000165""]","","[""ST-000165""]","47.4548","event","4","5","","RL-000025","698c747aee05acfdd23ea578","RL-ORGANIZER","698d204286a5af9808991620","RL-ORGANIZER","NC-0000000005","[""RL-ORGANIZER"",""ST-000165"",""NC-0000000005""]","5","user","69d80cad97096e5464408d0a","5","[]","4","ST-000165","[""ST-000165""]","NC-0000000005","4.6","","69d8157a852e04c7ad1bdb81","2026-04-09T21:09:14.773000","2026-04-09T21:09:14.773000","service_eb508f39-ce3d-4391-bb12-d4211c02ede9","false"
"10.3472","[""ST-000165""]","","[""ST-000165""]","49.6666","event","5","5","","RL-ORGANIZER","698d204286a5af9808991620","RL-000025","698c747aee05acfdd23ea578","RL-000025","NC-0000000005","[""RL-000025"",""ST-000165"",""NC-0000000005""]","5","user","69d80cad97096e5464408d0a","4","[]","5","ST-000165","[""ST-000165""]","NC-0000000005","4.8","","69d81571c704f6c5cc48a282","2026-04-09T21:09:05.233000","2026-04-09T21:09:05.233000","service_eb508f39-ce3d-4391-bb12-d4211c02ede9","false"
"10.3056","[""ST-000165""]","","[""ST-000165""]","45.3447","event","5","5","","RL-ORGANIZER","698c747aee05acfdd23ea578","RL-000025","698d204286a5af9808991620","RL-000025","NC-0000000023","[""RL-000025"",""ST-000165"",""NC-0000000023""]","5","user","69d7a2d6850be2995e7e1124","4","[]","3","ST-000165","[""ST-000165""]","NC-0000000023","4.4","","69d7b9dc269dbb4852538627","2026-04-09T14:38:20.062000","2026-04-09T14:38:20.062000","service_eb508f39-ce3d-4391-bb12-d4211c02ede9","false"
"9.475","[""ST-000165""]","","[""ST-000165""]","41.69","event","3","5","","RL-ORGANIZER","69b48a2b7d5c0db589c6bb1c","RL-000025","698d204286a5af9808991620","RL-000025","NC-0000000122","[""RL-000025"",""ST-000165"",""NC-0000000122""]","5","user","69d6e7db6cd91eed2b44c120","4","[]","5","ST-000165","[""ST-000165""]","NC-0000000122","4.4","","69d6e9b47a575196648f5d0a","2026-04-08T23:50:12.883000","2026-04-08T23:50:12.883000","service_eb508f39-ce3d-4391-bb12-d4211c02ede9","false"
"2.3026","[""ST-000038""]","","[""ST-000244"",""ST-000017""]","11.5129","quickplay","5","5","","RL-000008","69d6986bf4e0b9a5127f24c0","RL-000008","698c747aee05acfdd23ea578","RL-000008","NC-0000000101","[""RL-000008"",""ST-000038"",""NC-0000000101""]","5","user","69d69a09eb20fc6d7d1e695b","5","[]","5","ST-000038","[""ST-000038""]","NC-0000000101","5","Super","69d69b2ce31a2643dac6b978","2026-04-08T18:15:08.582000","2026-04-08T18:15:08.582000","service_eb508f39-ce3d-4391-bb12-d4211c02ede9","false"
"10.2619","[""ST-000244"",""ST-000017""]","","[""ST-000038""]","49.2569","quickplay","4","5","","RL-000008","698c747aee05acfdd23ea578","RL-000008","69d6986bf4e0b9a5127f24c0","RL-000008","NC-0000000101","[""RL-000008"",""ST-000244"",""ST-000017"",""NC-0000000101""]","5","user","69d69a09eb20fc6d7d1e695b","5","[]","5","ST-000244","[""ST-000244"",""ST-000017""]","NC-0000000101","4.8","","69d69acc50c658ecffe92709","2026-04-08T18:13:32.552000","2026-04-08T18:13:32.552000","service_eb508f39-ce3d-4391-bb12-d4211c02ede9","false"
"10.3369","[]","","[]","51.6845","event","5","5","","RL-AUDIENCE","698d204286a5af9808991620","RL-ORGANIZER","69b48a2b7d5c0db589c6bb1c","RL-ORGANIZER","NC-0000000165","[""RL-ORGANIZER"",""NC-0000000165""]","5","user","69d50af1f405399be1bae359","5","[]","5","","[]","NC-0000000165","5","","69d50cbb08ff5c4f9ad89901","2026-04-07T13:55:07.336000","2026-04-07T13:55:07.336000","service_eb508f39-ce3d-4391-bb12-d4211c02ede9","false"
"10.3369","[]","","[]","51.6845","event","5","5","","RL-AUDIENCE","698d204286a5af9808991620","RL-000025","698c747aee05acfdd23ea578","RL-000025","NC-0000000165","[""RL-000025"",""NC-0000000165""]","5","user","69d50af1f405399be1bae359","5","[]","5","","[]","NC-0000000165","5","","69d50cbb2cf08f0a4d1e06c2","2026-04-07T13:55:07.208000","2026-04-07T13:55:07.208000","service_eb508f39-ce3d-4391-bb12-d4211c02ede9","false"
"7.5337","[]","","[]","34.655","event","5","5","","RL-AUDIENCE","69cd302266f2193a99122757","RL-ORGANIZER","69b48a2b7d5c0db589c6bb1c","RL-ORGANIZER","NC-0000000165","[""RL-ORGANIZER"",""NC-0000000165""]","5","user","69d50af1f405399be1bae359","4","[]","4","","[]","NC-0000000165","4.6","","69d50ca7103b787a5077e8ed","2026-04-07T13:54:47.527000","2026-04-07T13:54:47.527000","service_eb508f39-ce3d-4391-bb12-d4211c02ede9","false"
"7.5337","[]","","[]","34.655","event","5","5","","RL-AUDIENCE","69cd302266f2193a99122757","RL-000025","698c747aee05acfdd23ea578","RL-000025","NC-0000000165","[""RL-000025"",""NC-0000000165""]","5","user","69d50af1f405399be1bae359","4","[]","4","","[]","NC-0000000165","4.6","","69d50ca7ad065e84a3a4f505","2026-04-07T13:54:47.388000","2026-04-07T13:54:47.388000","service_eb508f39-ce3d-4391-bb12-d4211c02ede9","false"
"9.3156","[]","","[]","44.7149","event","5","5","","RL-ORGANIZER","69b48a2b7d5c0db589c6bb1c","RL-000025","698c747aee05acfdd23ea578","RL-000025","NC-0000000165","[""RL-000025"",""NC-0000000165""]","5","user","69d50af1f405399be1bae359","4","[]","5","","[]","NC-0000000165","4.8","","69d50c867889c18ecf9ef814","2026-04-07T13:54:14.547000","2026-04-07T13:54:14.547000","service_eb508f39-ce3d-4391-bb12-d4211c02ede9","false"
"9.3156","[""ST-000012"",""ST-000042"",""ST-000008""]","","[""ST-000155"",""ST-000012"",""ST-000042"",""ST-000008""]","40.9886","event","3","5","","RL-ORGANIZER","69b48a2b7d5c0db589c6bb1c","RL-000008","698dc6f781b400b640a229f6","RL-000008","NC-0000000165","[""RL-000008"",""ST-000012"",""ST-000042"",""ST-000008"",""NC-0000000165""]","5","user","69d4226f05dbb2cfcceb67f0","5","[]","4","ST-000012","[""ST-000012"",""ST-000042"",""ST-000008""]","NC-0000000165","4.4","","69d427456644afd5ffd8a8a7","2026-04-06T21:36:05.930000","2026-04-06T21:36:05.930000","service_eb508f39-ce3d-4391-bb12-d4211c02ede9","false"
"9.3156","[""ST-000155""]","","[""ST-000155"",""ST-000012"",""ST-000042"",""ST-000008""]","40.9886","event","3","5","","RL-ORGANIZER","69b48a2b7d5c0db589c6bb1c","RL-000025","698dbbf753d545317578c200","RL-000025","NC-0000000165","[""RL-000025"",""ST-000155"",""NC-0000000165""]","5","user","69d4226f05dbb2cfcceb67f0","5","[]","4","ST-000155","[""ST-000155""]","NC-0000000165","4.4","","69d42745fe33e2f0b8e7013d","2026-04-06T21:36:05.758000","2026-04-06T21:36:05.758000","service_eb508f39-ce3d-4391-bb12-d4211c02ede9","false"
"9.3156","[""ST-000074""]","","[""ST-000075"",""ST-000192""]","42.8518","quickplay","5","5","","RL-000008","69b48a2b7d5c0db589c6bb1c","RL-000008","698dc6f781b400b640a229f6","RL-000008","NC-0000000095","[""RL-000008"",""ST-000074"",""NC-0000000095""]","5","user","69d417f500f114fa3831a525","4","[]","4","ST-000074","[""ST-000074""]","NC-0000000095","4.6","","69d41d680cd9c4e3a7b6dcd0","2026-04-06T20:54:00.821000","2026-04-06T20:54:00.821000","service_eb508f39-ce3d-4391-bb12-d4211c02ede9","false"
"10.241","[]","","[]","47.1087","event","5","5","","RL-ORGANIZER","698c747aee05acfdd23ea578","RL-000008","69b48a2b7d5c0db589c6bb1c","RL-000008","NC-0000000095","[""RL-000008"",""NC-0000000095""]","4","user","69ced3cbca2b8f761dd65f3a","5","[]","4","","[]","NC-0000000095","4.6","","69d0ed2858beb41d3f03d07f","2026-04-04T10:51:20.167000","2026-04-04T10:51:20.167000","service_eb508f39-ce3d-4391-bb12-d4211c02ede9","false"
"10.2392","[""ST-000165""]","","[""ST-000165""]","47.1005","event","5","5","","RL-ORGANIZER","698c747aee05acfdd23ea578","RL-000025","698d204286a5af9808991620","RL-000025","NC-0000000165","[""RL-000025"",""ST-000165"",""NC-0000000165""]","5","user","69cfedb06a5769d084ae9141","4","[]","4","ST-000165","[""ST-000165""]","NC-0000000165","4.6","","69cfef1cd2b51e6efb6e7b3c","2026-04-03T16:47:24.253000","2026-04-03T16:47:24.253000","service_eb508f39-ce3d-4391-bb12-d4211c02ede9","false"
"7.5337","[""ST-000077"",""ST-000103"",""ST-000225"",""ST-000224"",""ST-000228"",""ST-000227"",""ST-000165""]","","[""ST-000239""]","30.1348","quickplay","4","4","","RL-000008","69cd302266f2193a99122757","RL-000011","698dd1b2193c860027a3457a","RL-000011","NC-0000000169","[""RL-000011"",""ST-000077"",""ST-000103"",""ST-000225"",""ST-000224"",""ST-000228"",""ST-000227"",""ST-000165"",""NC-0000000169""]","3","user","69cfeb0f600e3b544709885e","4","[]","5","ST-000077","[""ST-000077"",""ST-000103"",""ST-000225"",""ST-000224"",""ST-000228"",""ST-000227"",""ST-000165""]","NC-0000000169","4","","69cfed67182b8efbfd6df8d2","2026-04-03T16:40:07.031000","2026-04-03T16:40:07.031000","service_eb508f39-ce3d-4391-bb12-d4211c02ede9","false"
"7.5337","[""ST-000100""]","","[""ST-000239""]","30.1348","quickplay","4","4","","RL-000008","69cd302266f2193a99122757","RL-000008","698c747aee05acfdd23ea578","RL-000008","NC-0000000169","[""RL-000008"",""ST-000100"",""NC-0000000169""]","3","user","69cfeb0f600e3b544709885e","4","[]","5","ST-000100","[""ST-000100""]","NC-0000000169","4","","69cfed66f0cd1675083868a2","2026-04-03T16:40:06.861000","2026-04-03T16:40:06.861000","service_eb508f39-ce3d-4391-bb12-d4211c02ede9","false"
"7.5337","[""ST-000074""]","","[""ST-000239""]","30.1348","quickplay","4","4","","RL-000008","69cd302266f2193a99122757","RL-000008","69b48a2b7d5c0db589c6bb1c","RL-000008","NC-0000000169","[""RL-000008"",""ST-000074"",""NC-0000000169""]","3","user","69cfeb0f600e3b544709885e","4","[]","5","ST-000074","[""ST-000074""]","NC-0000000169","4","","69cfed66e7b9c0769cf841ba","2026-04-03T16:40:06.681000","2026-04-03T16:40:06.681000","service_eb508f39-ce3d-4391-bb12-d4211c02ede9","false"
"7.5337","[""ST-000165"",""ST-000088"",""ST-000074""]","","[""ST-000239""]","30.1348","quickplay","4","4","","RL-000008","69cd302266f2193a99122757","RL-000008","698d204286a5af9808991620","RL-000008","NC-0000000169","[""RL-000008"",""ST-000165"",""ST-000088"",""ST-000074"",""NC-0000000169""]","3","user","69cfeb0f600e3b544709885e","4","[]","5","ST-000165","[""ST-000165"",""ST-000088"",""ST-000074""]","NC-0000000169","4","","69cfed66e5b6daf159ae8398","2026-04-03T16:40:06.524000","2026-04-03T16:40:06.524000","service_eb508f39-ce3d-4391-bb12-d4211c02ede9","false"
"9.2864","[""ST-000077"",""ST-000103"",""ST-000225"",""ST-000224"",""ST-000228"",""ST-000227"",""ST-000165""]","","[""ST-000074""]","39.0028","quickplay","4","4","","RL-000008","69b48a2b7d5c0db589c6bb1c","RL-000011","698dd1b2193c860027a3457a","RL-000011","NC-0000000169","[""RL-000011"",""ST-000077"",""ST-000103"",""ST-000225"",""ST-000224"",""ST-000228"",""ST-000227"",""ST-000165"",""NC-0000000169""]","4","user","69cfeb0f600e3b544709885e","4","[]","5","ST-000077","[""ST-000077"",""ST-000103"",""ST-000225"",""ST-000224"",""ST-000228"",""ST-000227"",""ST-000165""]","NC-0000000169","4.2","","69cfed57bba3f9be4b452b39","2026-04-03T16:39:51.657000","2026-04-03T16:39:51.657000","service_eb508f39-ce3d-4391-bb12-d4211c02ede9","false"
"9.2864","[""ST-000239""]","","[""ST-000074""]","39.0028","quickplay","4","4","","RL-000008","69b48a2b7d5c0db589c6bb1c","RL-000008","69cd302266f2193a99122757","RL-000008","NC-0000000169","[""RL-000008"",""ST-000239"",""NC-0000000169""]","4","user","69cfeb0f600e3b544709885e","4","[]","5","ST-000239","[""ST-000239""]","NC-0000000169","4.2","","69cfed57c38fba8e561a2db3","2026-04-03T16:39:51.469000","2026-04-03T16:39:51.469000","service_eb508f39-ce3d-4391-bb12-d4211c02ede9","false"
"9.2864","[""ST-000100""]","","[""ST-000074""]","39.0028","quickplay","4","4","","RL-000008","69b48a2b7d5c0db589c6bb1c","RL-000008","698c747aee05acfdd23ea578","RL-000008","NC-0000000169","[""RL-000008"",""ST-000100"",""NC-0000000169""]","4","user","69cfeb0f600e3b544709885e","4","[]","5","ST-000100","[""ST-000100""]","NC-0000000169","4.2","","69cfed57a12005bec94e94cd","2026-04-03T16:39:51.289000","2026-04-03T16:39:51.289000","service_eb508f39-ce3d-4391-bb12-d4211c02ede9","false"
"9.2864","[""ST-000165"",""ST-000088"",""ST-000074""]","","[""ST-000074""]","39.0028","quickplay","4","4","","RL-000008","69b48a2b7d5c0db589c6bb1c","RL-000008","698d204286a5af9808991620","RL-000008","NC-0000000169","[""RL-000008"",""ST-000165"",""ST-000088"",""ST-000074"",""NC-0000000169""]","4","user","69cfeb0f600e3b544709885e","4","[]","5","ST-000165","[""ST-000165"",""ST-000088"",""ST-000074""]","NC-0000000169","4.2","","69cfed57a7f813ec7e1a69b9","2026-04-03T16:39:51.165000","2026-04-03T16:39:51.165000","service_eb508f39-ce3d-4391-bb12-d4211c02ede9","false"
"10.3265","[""ST-000077"",""ST-000103"",""ST-000225"",""ST-000224"",""ST-000228"",""ST-000227"",""ST-000165""]","","[""ST-000165"",""ST-000088"",""ST-000074""]","45.4364","quickplay","4","4","","RL-000008","698d204286a5af9808991620","RL-000011","698dd1b2193c860027a3457a","RL-000011","NC-0000000169","[""RL-000011"",""ST-000077"",""ST-000103"",""ST-000225"",""ST-000224"",""ST-000228"",""ST-000227"",""ST-000165"",""NC-0000000169""]","4","user","69cfeb0f600e3b544709885e","5","[]","5","ST-000077","[""ST-000077"",""ST-000103"",""ST-000225"",""ST-000224"",""ST-000228"",""ST-000227"",""ST-000165""]","NC-0000000169","4.4","","69cfed421c35461b13327c40","2026-04-03T16:39:30.101000","2026-04-03T16:39:30.101000","service_eb508f39-ce3d-4391-bb12-d4211c02ede9","false"
"10.3265","[""ST-000239""]","","[""ST-000165"",""ST-000088"",""ST-000074""]","45.4364","quickplay","4","4","","RL-000008","698d204286a5af9808991620","RL-000008","69cd302266f2193a99122757","RL-000008","NC-0000000169","[""RL-000008"",""ST-000239"",""NC-0000000169""]","4","user","69cfeb0f600e3b544709885e","5","[]","5","ST-000239","[""ST-000239""]","NC-0000000169","4.4","","69cfed41600e3b5447098a6d","2026-04-03T16:39:29.856000","2026-04-03T16:39:29.856000","service_eb508f39-ce3d-4391-bb12-d4211c02ede9","false"
"10.3265","[""ST-000100""]","","[""ST-000165"",""ST-000088"",""ST-000074""]","45.4364","quickplay","4","4","","RL-000008","698d204286a5af9808991620","RL-000008","698c747aee05acfdd23ea578","RL-000008","NC-0000000169","[""RL-000008"",""ST-000100"",""NC-0000000169""]","4","user","69cfeb0f600e3b544709885e","5","[]","5","ST-000100","[""ST-000100""]","NC-0000000169","4.4","","69cfed41fe6795917ddd5cfa","2026-04-03T16:39:29.720000","2026-04-03T16:39:29.720000","service_eb508f39-ce3d-4391-bb12-d4211c02ede9","false"
"10.3265","[""ST-000074""]","","[""ST-000165"",""ST-000088"",""ST-000074""]","45.4364","quickplay","4","4","","RL-000008","698d204286a5af9808991620","RL-000008","69b48a2b7d5c0db589c6bb1c","RL-000008","NC-0000000169","[""RL-000008"",""ST-000074"",""NC-0000000169""]","4","user","69cfeb0f600e3b544709885e","5","[]","5","ST-000074","[""ST-000074""]","NC-0000000169","4.4","","69cfed41f7f75e74e4e39b96","2026-04-03T16:39:29.554000","2026-04-03T16:39:29.554000","service_eb508f39-ce3d-4391-bb12-d4211c02ede9","false"
"10.2392","[""ST-000077"",""ST-000103"",""ST-000225"",""ST-000224"",""ST-000228"",""ST-000227"",""ST-000165""]","","[""ST-000100""]","47.1005","quickplay","5","5","","RL-000008","698c747aee05acfdd23ea578","RL-000011","698dd1b2193c860027a3457a","RL-000011","NC-0000000169","[""RL-000011"",""ST-000077"",""ST-000103"",""ST-000225"",""ST-000224"",""ST-000228"",""ST-000227"",""ST-000165"",""NC-0000000169""]","5","user","69cfeb0f600e3b544709885e","4","[]","4","ST-000077","[""ST-000077"",""ST-000103"",""ST-000225"",""ST-000224"",""ST-000228"",""ST-000227"",""ST-000165""]","NC-0000000169","4.6","","69cfed3494181cac0ecbfced","2026-04-03T16:39:16.275000","2026-04-03T16:39:16.275000","service_eb508f39-ce3d-4391-bb12-d4211c02ede9","false"
"10.2392","[""ST-000239""]","","[""ST-000100""]","47.1005","quickplay","5","5","","RL-000008","698c747aee05acfdd23ea578","RL-000008","69cd302266f2193a99122757","RL-000008","NC-0000000169","[""RL-000008"",""ST-000239"",""NC-0000000169""]","5","user","69cfeb0f600e3b544709885e","4","[]","4","ST-000239","[""ST-000239""]","NC-0000000169","4.6","","69cfed34a8610d8a3eecc553","2026-04-03T16:39:16.023000","2026-04-03T16:39:16.023000","service_eb508f39-ce3d-4391-bb12-d4211c02ede9","false"
"10.2392","[""ST-000074""]","","[""ST-000100""]","47.1005","quickplay","5","5","","RL-000008","698c747aee05acfdd23ea578","RL-000008","69b48a2b7d5c0db589c6bb1c","RL-000008","NC-0000000169","[""RL-000008"",""ST-000074"",""NC-0000000169""]","5","user","69cfeb0f600e3b544709885e","4","[]","4","ST-000074","[""ST-000074""]","NC-0000000169","4.6","","69cfed3394181cac0ecbfcec","2026-04-03T16:39:15.793000","2026-04-03T16:39:15.793000","service_eb508f39-ce3d-4391-bb12-d4211c02ede9","false"
"10.2392","[""ST-000165"",""ST-000088"",""ST-000074""]","","[""ST-000100""]","47.1005","quickplay","5","5","","RL-000008","698c747aee05acfdd23ea578","RL-000008","698d204286a5af9808991620","RL-000008","NC-0000000169","[""RL-000008"",""ST-000165"",""ST-000088"",""ST-000074"",""NC-0000000169""]","5","user","69cfeb0f600e3b544709885e","4","[]","4","ST-000165","[""ST-000165"",""ST-000088"",""ST-000074""]","NC-0000000169","4.6","","69cfed3357a3496c67a7825f","2026-04-03T16:39:15.531000","2026-04-03T16:39:15.531000","service_eb508f39-ce3d-4391-bb12-d4211c02ede9","false"
"10.3265","[""ST-000239"",""ST-000088"",""ST-000074""]","","[""ST-000088"",""ST-000074""]","49.567","event","5","5","","RL-000008","698d204286a5af9808991620","RL-ORGANIZER","698c747aee05acfdd23ea578","RL-ORGANIZER","NC-0000000165","[""RL-ORGANIZER"",""ST-000239"",""ST-000088"",""ST-000074"",""NC-0000000165""]","5","user","69cfd8baff62b0192a649fdf","4","[]","5","ST-000239","[""ST-000239"",""ST-000088"",""ST-000074""]","NC-0000000165","4.8","","69cfead51161883dfcab80d6","2026-04-03T16:29:09.635000","2026-04-03T16:29:09.635000","service_eb508f39-ce3d-4391-bb12-d4211c02ede9","false"
"10.3265","[""ST-000239""]","","[""ST-000088"",""ST-000074""]","49.567","event","5","5","","RL-000008","698d204286a5af9808991620","RL-000008","69cd302266f2193a99122757","RL-000008","NC-0000000165","[""RL-000008"",""ST-000239"",""NC-0000000165""]","5","user","69cfd8baff62b0192a649fdf","4","[]","5","ST-000239","[""ST-000239""]","NC-0000000165","4.8","","69cfead57260711af5e19f4b","2026-04-03T16:29:09.436000","2026-04-03T16:29:09.436000","service_eb508f39-ce3d-4391-bb12-d4211c02ede9","false"
"10.2161","[""ST-000088"",""ST-000074""]","","[""ST-000239"",""ST-000088"",""ST-000074""]","46.9941","event","5","4","","RL-ORGANIZER","698c747aee05acfdd23ea578","RL-000008","698d204286a5af9808991620","RL-000008","NC-0000000165","[""RL-000008"",""ST-000088"",""ST-000074"",""NC-0000000165""]","4","user","69cfd8baff62b0192a649fdf","5","[]","5","ST-000088","[""ST-000088"",""ST-000074""]","NC-0000000165","4.6","","69cfeacfb94f6e2737ec19b1","2026-04-03T16:29:03.960000","2026-04-03T16:29:03.960000","service_eb508f39-ce3d-4391-bb12-d4211c02ede9","false"
"10.2161","[""ST-000239""]","","[""ST-000239"",""ST-000088"",""ST-000074""]","46.9941","event","5","4","","RL-ORGANIZER","698c747aee05acfdd23ea578","RL-000008","69cd302266f2193a99122757","RL-000008","NC-0000000165","[""RL-000008"",""ST-000239"",""NC-0000000165""]","4","user","69cfd8baff62b0192a649fdf","5","[]","5","ST-000239","[""ST-000239""]","NC-0000000165","4.6","","69cfeacf6901ba3522bae38e","2026-04-03T16:29:03.784000","2026-04-03T16:29:03.784000","service_eb508f39-ce3d-4391-bb12-d4211c02ede9","false"
"7.4206","[]","","[]","32.6505","event","5","5","","RL-ORGANIZER","69cd302266f2193a99122757","RL-000025","698d204286a5af9808991620","RL-000025","NC-0000000165","[""RL-000025"",""NC-0000000165""]","3","user","69cfbc119b1478e594b08393","5","[]","4","","[]","NC-0000000165","4.4","","69cfc8b6c9922285af3f0af6","2026-04-03T14:03:34.464000","2026-04-03T14:03:34.464000","service_eb508f39-ce3d-4391-bb12-d4211c02ede9","false"
"7.4206","[]","","[]","32.6505","event","5","5","","RL-ORGANIZER","69cd302266f2193a99122757","RL-000025","698c747aee05acfdd23ea578","RL-000025","NC-0000000165","[""RL-000025"",""NC-0000000165""]","3","user","69cfbc119b1478e594b08393","5","[]","4","","[]","NC-0000000165","4.4","","69cfc8b6ab0b2e0fdd29a622","2026-04-03T14:03:34.303000","2026-04-03T14:03:34.303000","service_eb508f39-ce3d-4391-bb12-d4211c02ede9","false"
"10.3053","[]","","[]","45.3432","event","4","4","","RL-000025","698d204286a5af9808991620","RL-ORGANIZER","69cd302266f2193a99122757","RL-ORGANIZER","NC-0000000165","[""RL-ORGANIZER"",""NC-0000000165""]","4","user","69cfbc119b1478e594b08393","5","[]","5","","[]","NC-0000000165","4.4","","69cfc8a69f77e051cb49cae5","2026-04-03T14:03:18.343000","2026-04-03T14:03:18.343000","service_eb508f39-ce3d-4391-bb12-d4211c02ede9","false"
"10.3053","[]","","[]","45.3432","event","4","4","","RL-000025","698d204286a5af9808991620","RL-000025","698c747aee05acfdd23ea578","RL-000025","NC-0000000165","[""RL-000025"",""NC-0000000165""]","4","user","69cfbc119b1478e594b08393","5","[]","5","","[]","NC-0000000165","4.4","","69cfc8a6d7eaddf796769d0f","2026-04-03T14:03:18.174000","2026-04-03T14:03:18.174000","service_eb508f39-ce3d-4391-bb12-d4211c02ede9","false"
"10.2043","[]","","[]","46.9399","event","5","4","","RL-000025","698c747aee05acfdd23ea578","RL-ORGANIZER","69cd302266f2193a99122757","RL-ORGANIZER","NC-0000000165","[""RL-ORGANIZER"",""NC-0000000165""]","4","user","69cfbc119b1478e594b08393","5","[]","5","","[]","NC-0000000165","4.6","","69cfc8a03d4fa0ce99f850bc","2026-04-03T14:03:12.373000","2026-04-03T14:03:12.373000","service_eb508f39-ce3d-4391-bb12-d4211c02ede9","false"
"10.2043","[]","","[]","46.9399","event","5","4","","RL-000025","698c747aee05acfdd23ea578","RL-000025","698d204286a5af9808991620","RL-000025","NC-0000000165","[""RL-000025"",""NC-0000000165""]","4","user","69cfbc119b1478e594b08393","5","[]","5","","[]","NC-0000000165","4.6","","69cfc8a0355ba94d76296538","2026-04-03T14:03:12.180000","2026-04-03T14:03:12.180000","service_eb508f39-ce3d-4391-bb12-d4211c02ede9","false"
"10.3053","[""ST-000165""]","","[""ST-000165""]","49.4653","event","5","5","","RL-000025","698d204286a5af9808991620","RL-ORGANIZER","69cd302266f2193a99122757","RL-ORGANIZER","NC-0000000165","[""RL-ORGANIZER"",""ST-000165"",""NC-0000000165""]","5","user","69cfbb653f7bcbe9a74beb9c","4","[]","5","ST-000165","[""ST-000165""]","NC-0000000165","4.8","","69cfbbdf79ee9dcf4f55c059","2026-04-03T13:08:47.144000","2026-04-03T13:08:47.144000","service_eb508f39-ce3d-4391-bb12-d4211c02ede9","false"
"10.3053","[""ST-000165""]","","[""ST-000165""]","49.4653","event","5","5","","RL-000025","698d204286a5af9808991620","RL-000025","698c747aee05acfdd23ea578","RL-000025","NC-0000000165","[""RL-000025"",""ST-000165"",""NC-0000000165""]","5","user","69cfbb653f7bcbe9a74beb9c","4","[]","5","ST-000165","[""ST-000165""]","NC-0000000165","4.8","","69cfbbdff3a093beaed82c59","2026-04-03T13:08:47.005000","2026-04-03T13:08:47.005000","service_eb508f39-ce3d-4391-bb12-d4211c02ede9","false"
"10.1558","[""ST-000165""]","","[""ST-000165""]","50.779","event","5","5","","RL-000025","698c747aee05acfdd23ea578","RL-ORGANIZER","69cd302266f2193a99122757","RL-ORGANIZER","NC-0000000165","[""RL-ORGANIZER"",""ST-000165"",""NC-0000000165""]","5","user","69cfbb653f7bcbe9a74beb9c","5","[]","5","ST-000165","[""ST-000165""]","NC-0000000165","5","","69cfbbd72194107ec77a02cc","2026-04-03T13:08:39.563000","2026-04-03T13:08:39.563000","service_eb508f39-ce3d-4391-bb12-d4211c02ede9","false"
"10.1558","[""ST-000165""]","","[""ST-000165""]","50.779","event","5","5","","RL-000025","698c747aee05acfdd23ea578","RL-000025","698d204286a5af9808991620","RL-000025","NC-0000000165","[""RL-000025"",""ST-000165"",""NC-0000000165""]","5","user","69cfbb653f7bcbe9a74beb9c","5","[]","5","ST-000165","[""ST-000165""]","NC-0000000165","5","","69cfbbd7d6d2f73022eef3b3","2026-04-03T13:08:39.394000","2026-04-03T13:08:39.394000","service_eb508f39-ce3d-4391-bb12-d4211c02ede9","false"
"2.3026","[""ST-000165""]","","[""ST-000165""]","11.0524","event","4","5","","RL-ORGANIZER","69cd302266f2193a99122757","RL-000025","698d204286a5af9808991620","RL-000025","NC-0000000165","[""RL-000025"",""ST-000165"",""NC-0000000165""]","5","user","69cfbb653f7bcbe9a74beb9c","5","[]","5","ST-000165","[""ST-000165""]","NC-0000000165","4.8","","69cfbbd0468003399929eb3d","2026-04-03T13:08:32.810000","2026-04-03T13:08:32.810000","service_eb508f39-ce3d-4391-bb12-d4211c02ede9","false"
"2.3026","[""ST-000165""]","","[""ST-000165""]","11.0524","event","4","5","","RL-ORGANIZER","69cd302266f2193a99122757","RL-000025","698c747aee05acfdd23ea578","RL-000025","NC-0000000165","[""RL-000025"",""ST-000165"",""NC-0000000165""]","5","user","69cfbb653f7bcbe9a74beb9c","5","[]","5","ST-000165","[""ST-000165""]","NC-0000000165","4.8","","69cfbbd0eede42f2abd96b97","2026-04-03T13:08:32.658000","2026-04-03T13:08:32.658000","service_eb508f39-ce3d-4391-bb12-d4211c02ede9","false"
"10.2945","[""ST-000165""]","","[""ST-000165""]","49.4137","event","5","5","","RL-000025","698d204286a5af9808991620","RL-ORGANIZER","69b48a2b7d5c0db589c6bb1c","RL-ORGANIZER","NC-0000000165","[""RL-ORGANIZER"",""ST-000165"",""NC-0000000165""]","5","user","69cfb833a719d6accf586afe","4","[]","5","ST-000165","[""ST-000165""]","NC-0000000165","4.8","","69cfbad858d0e91a3d7c6b3f","2026-04-03T13:04:24.651000","2026-04-03T13:04:24.651000","service_eb508f39-ce3d-4391-bb12-d4211c02ede9","false"
"10.2945","[""ST-000165""]","","[""ST-000165""]","49.4137","event","5","5","","RL-000025","698d204286a5af9808991620","RL-000025","698c747aee05acfdd23ea578","RL-000025","NC-0000000165","[""RL-000025"",""ST-000165"",""NC-0000000165""]","5","user","69cfb833a719d6accf586afe","4","[]","5","ST-000165","[""ST-000165""]","NC-0000000165","4.8","","69cfbad827b43cc37430bdf9","2026-04-03T13:04:24.490000","2026-04-03T13:04:24.490000","service_eb508f39-ce3d-4391-bb12-d4211c02ede9","false"
"9.2252","[""ST-000165""]","","[""ST-000165""]","42.4361","event","4","5","","RL-ORGANIZER","69b48a2b7d5c0db589c6bb1c","RL-000025","698d204286a5af9808991620","RL-000025","NC-0000000165","[""RL-000025"",""ST-000165"",""NC-0000000165""]","4","user","69cfb833a719d6accf586afe","5","[]","5","ST-000165","[""ST-000165""]","NC-0000000165","4.6","","69cfbad23d4fa0ce99f84d4c","2026-04-03T13:04:18.991000","2026-04-03T13:04:18.991000","service_eb508f39-ce3d-4391-bb12-d4211c02ede9","false"
"9.2252","[""ST-000165""]","","[""ST-000165""]","42.4361","event","4","5","","RL-ORGANIZER","69b48a2b7d5c0db589c6bb1c","RL-000025","698c747aee05acfdd23ea578","RL-000025","NC-0000000165","[""RL-000025"",""ST-000165"",""NC-0000000165""]","4","user","69cfb833a719d6accf586afe","5","[]","5","ST-000165","[""ST-000165""]","NC-0000000165","4.6","","69cfbad22deb0281fcf5a3a2","2026-04-03T13:04:18.871000","2026-04-03T13:04:18.871000","service_eb508f39-ce3d-4391-bb12-d4211c02ede9","false"
"10.1433","[""ST-000165""]","","[""ST-000165""]","48.6878","event","4","5","","RL-000025","698c747aee05acfdd23ea578","RL-ORGANIZER","69b48a2b7d5c0db589c6bb1c","RL-ORGANIZER","NC-0000000165","[""RL-ORGANIZER"",""ST-000165"",""NC-0000000165""]","5","user","69cfb833a719d6accf586afe","5","[]","5","ST-000165","[""ST-000165""]","NC-0000000165","4.8","","69cfbace20efacc963d412bf","2026-04-03T13:04:14.147000","2026-04-03T13:04:14.147000","service_eb508f39-ce3d-4391-bb12-d4211c02ede9","false"
"10.1433","[""ST-000165""]","","[""ST-000165""]","48.6878","event","4","5","","RL-000025","698c747aee05acfdd23ea578","RL-000025","698d204286a5af9808991620","RL-000025","NC-0000000165","[""RL-000025"",""ST-000165"",""NC-0000000165""]","5","user","69cfb833a719d6accf586afe","5","[]","5","ST-000165","[""ST-000165""]","NC-0000000165","4.8","","69cfbace27b43cc37430bdf6","2026-04-03T13:04:14.007000","2026-04-03T13:04:14.007000","service_eb508f39-ce3d-4391-bb12-d4211c02ede9","false"
"10.2945","[""ST-000165""]","","[""ST-000165""]","47.3548","event","5","5","","RL-000025","698d204286a5af9808991620","RL-ORGANIZER","69b48a2b7d5c0db589c6bb1c","RL-ORGANIZER","NC-0000000165","[""RL-ORGANIZER"",""ST-000165"",""NC-0000000165""]","4","user","69cfb14e902c50b9a327a3ad","5","[]","4","ST-000165","[""ST-000165""]","NC-0000000165","4.6","","69cfb6828f6504c44102ccc4","2026-04-03T12:45:54.303000","2026-04-03T12:45:54.303000","service_eb508f39-ce3d-4391-bb12-d4211c02ede9","false"
"10.2945","[""ST-000165""]","","[""ST-000165""]","47.3548","event","5","5","","RL-000025","698d204286a5af9808991620","RL-000025","698c747aee05acfdd23ea578","RL-000025","NC-0000000165","[""RL-000025"",""ST-000165"",""NC-0000000165""]","4","user","69cfb14e902c50b9a327a3ad","5","[]","4","ST-000165","[""ST-000165""]","NC-0000000165","4.6","","69cfb682a87569faef449c51","2026-04-03T12:45:54.176000","2026-04-03T12:45:54.176000","service_eb508f39-ce3d-4391-bb12-d4211c02ede9","false"
"9.1932","[""ST-000165""]","","[""ST-000165""]","44.1273","event","5","5","","RL-ORGANIZER","69b48a2b7d5c0db589c6bb1c","RL-000025","698c747aee05acfdd23ea578","RL-000025","NC-0000000165","[""RL-000025"",""ST-000165"",""NC-0000000165""]","5","user","69cfb14e902c50b9a327a3ad","4","[]","5","ST-000165","[""ST-000165""]","NC-0000000165","4.8","","69cfb673b6ddc974b9a20900","2026-04-03T12:45:39.507000","2026-04-03T12:45:39.507000","service_eb508f39-ce3d-4391-bb12-d4211c02ede9","false"
"9.1932","[""ST-000165""]","","[""ST-000165""]","44.1273","event","5","5","","RL-ORGANIZER","69b48a2b7d5c0db589c6bb1c","RL-000025","698d204286a5af9808991620","RL-000025","NC-0000000165","[""RL-000025"",""ST-000165"",""NC-0000000165""]","5","user","69cfb14e902c50b9a327a3ad","4","[]","5","ST-000165","[""ST-000165""]","NC-0000000165","4.8","","69cfb6738db877883aa23b7b","2026-04-03T12:45:39.362000","2026-04-03T12:45:39.362000","service_eb508f39-ce3d-4391-bb12-d4211c02ede9","false"
"10.1306","[""ST-000165""]","","[""ST-000165""]","50.6531","event","5","5","","RL-000025","698c747aee05acfdd23ea578","RL-ORGANIZER","69b48a2b7d5c0db589c6bb1c","RL-ORGANIZER","NC-0000000165","[""RL-ORGANIZER"",""ST-000165"",""NC-0000000165""]","5","user","69cfb14e902c50b9a327a3ad","5","[]","5","ST-000165","[""ST-000165""]","NC-0000000165","5","","69cfb66a14a178f8f9f236e9","2026-04-03T12:45:30.898000","2026-04-03T12:45:30.898000","service_eb508f39-ce3d-4391-bb12-d4211c02ede9","false"
"10.1306","[""ST-000165""]","","[""ST-000165""]","50.6531","event","5","5","","RL-000025","698c747aee05acfdd23ea578","RL-000025","698d204286a5af9808991620","RL-000025","NC-0000000165","[""RL-000025"",""ST-000165"",""NC-0000000165""]","5","user","69cfb14e902c50b9a327a3ad","5","[]","5","ST-000165","[""ST-000165""]","NC-0000000165","5","","69cfb66aab0b2e0fdd29910a","2026-04-03T12:45:30.776000","2026-04-03T12:45:30.776000","service_eb508f39-ce3d-4391-bb12-d4211c02ede9","false"
"10.2726","[""ST-000165""]","","[]","47.2541","event","5","5","","RL-000025","698d204286a5af9808991620","RL-ORGANIZER","69b48a2b7d5c0db589c6bb1c","RL-ORGANIZER","NC-0000000165","[""RL-ORGANIZER"",""ST-000165"",""NC-0000000165""]","4","user","69cfaaca455d13a6906d6ee9","5","[]","4","ST-000165","[""ST-000165""]","NC-0000000165","4.6","","69cfabc858429b3aad89f32d","2026-04-03T12:00:08.258000","2026-04-03T12:00:08.258000","service_eb508f39-ce3d-4391-bb12-d4211c02ede9","false"
"10.2726","[""ST-000165""]","","[]","47.2541","event","5","5","","RL-000025","698d204286a5af9808991620","RL-000025","698c747aee05acfdd23ea578","RL-000025","NC-0000000165","[""RL-000025"",""ST-000165"",""NC-0000000165""]","4","user","69cfaaca455d13a6906d6ee9","5","[]","4","ST-000165","[""ST-000165""]","NC-0000000165","4.6","","69cfabc8653bba3b949b5412","2026-04-03T12:00:08.121000","2026-04-03T12:00:08.121000","service_eb508f39-ce3d-4391-bb12-d4211c02ede9","false"
"9.1601","[""ST-000165""]","","[""ST-000165""]","43.9685","event","5","5","","RL-ORGANIZER","69b48a2b7d5c0db589c6bb1c","RL-000025","698c747aee05acfdd23ea578","RL-000025","NC-0000000165","[""RL-000025"",""ST-000165"",""NC-0000000165""]","4","user","69cfaaca455d13a6906d6ee9","5","[]","5","ST-000165","[""ST-000165""]","NC-0000000165","4.8","","69cfabc3804b3b8c821907c5","2026-04-03T12:00:03.597000","2026-04-03T12:00:03.597000","service_eb508f39-ce3d-4391-bb12-d4211c02ede9","false"
"9.1601","[]","","[""ST-000165""]","43.9685","event","5","5","","RL-ORGANIZER","69b48a2b7d5c0db589c6bb1c","RL-000025","698d204286a5af9808991620","RL-000025","NC-0000000165","[""RL-000025"",""NC-0000000165""]","4","user","69cfaaca455d13a6906d6ee9","5","[]","5","","[]","NC-0000000165","4.8","","69cfabc36611b214c233492a","2026-04-03T12:00:03.366000","2026-04-03T12:00:03.366000","service_eb508f39-ce3d-4391-bb12-d4211c02ede9","false"
"10.0371","[""ST-000165""]","","[""ST-000165""]","48.1783","event","5","5","","RL-000025","698c747aee05acfdd23ea578","RL-ORGANIZER","69b48a2b7d5c0db589c6bb1c","RL-ORGANIZER","NC-0000000165","[""RL-ORGANIZER"",""ST-000165"",""NC-0000000165""]","5","user","69cfaaca455d13a6906d6ee9","4","[]","5","ST-000165","[""ST-000165""]","NC-0000000165","4.8","","69cfabbff6f3a9812de4e856","2026-04-03T11:59:59.926000","2026-04-03T11:59:59.926000","service_eb508f39-ce3d-4391-bb12-d4211c02ede9","false"
"10.0371","[]","","[""ST-000165""]","48.1783","event","5","5","","RL-000025","698c747aee05acfdd23ea578","RL-000025","698d204286a5af9808991620","RL-000025","NC-0000000165","[""RL-000025"",""NC-0000000165""]","5","user","69cfaaca455d13a6906d6ee9","4","[]","5","","[]","NC-0000000165","4.8","","69cfabbfe17854218bbffc5f","2026-04-03T11:59:59.810000","2026-04-03T11:59:59.810000","service_eb508f39-ce3d-4391-bb12-d4211c02ede9","false"
"10.2622","[""ST-000165""]","","[""ST-000165""]","49.2586","event","5","5","","RL-000025","698d204286a5af9808991620","RL-ORGANIZER","69b48a2b7d5c0db589c6bb1c","RL-ORGANIZER","NC-0000000165","[""RL-ORGANIZER"",""ST-000165"",""NC-0000000165""]","5","user","69cfa4959f54038937b5fd08","4","[]","5","ST-000165","[""ST-000165""]","NC-0000000165","4.8","","69cfa52561329ba39da7ee4d","2026-04-03T11:31:49.717000","2026-04-03T11:31:49.717000","service_eb508f39-ce3d-4391-bb12-d4211c02ede9","false"
"9.1259","[""ST-000165""]","","[""ST-000165""]","43.8042","event","5","5","","RL-ORGANIZER","69b48a2b7d5c0db589c6bb1c","RL-000025","698d204286a5af9808991620","RL-000025","NC-0000000165","[""RL-000025"",""ST-000165"",""NC-0000000165""]","5","user","69cfa4959f54038937b5fd08","4","[]","5","ST-000165","[""ST-000165""]","NC-0000000165","4.8","","69cfa5221b64c6215a2471e3","2026-04-03T11:31:46.469000","2026-04-03T11:31:46.469000","service_eb508f39-ce3d-4391-bb12-d4211c02ede9","false"
"10.2425","[""ST-000165""]","","[""ST-000165""]","49.1638","event","5","5","","RL-000025","698d204286a5af9808991620","RL-ORGANIZER","69b48a2b7d5c0db589c6bb1c","RL-ORGANIZER","NC-0000000165","[""RL-ORGANIZER"",""ST-000165"",""NC-0000000165""]","5","user","69cfa2344ba14662398a40b2","4","[]","5","ST-000165","[""ST-000165""]","NC-0000000165","4.8","","69cfa461470f5b0371441dd1","2026-04-03T11:28:33.576000","2026-04-03T11:28:33.576000","service_eb508f39-ce3d-4391-bb12-d4211c02ede9","false"
"9.0904","[""ST-000165""]","","[""ST-000165""]","43.6341","event","5","5","","RL-ORGANIZER","69b48a2b7d5c0db589c6bb1c","RL-000025","698d204286a5af9808991620","RL-000025","NC-0000000165","[""RL-000025"",""ST-000165"",""NC-0000000165""]","4","user","69cfa2344ba14662398a40b2","5","[]","5","ST-000165","[""ST-000165""]","NC-0000000165","4.8","","69cfa45d6786b07a591a0aa0","2026-04-03T11:28:29.312000","2026-04-03T11:28:29.312000","service_eb508f39-ce3d-4391-bb12-d4211c02ede9","false"
"10.2324","[]","","[]","47.0692","event","5","4","","RL-000025","698d204286a5af9808991620","RL-ORGANIZER","69b48a2b7d5c0db589c6bb1c","RL-ORGANIZER","NC-0000000165","[""RL-ORGANIZER"",""NC-0000000165""]","4","user","69cfa1b36abece41f7e2985f","5","[]","5","","[]","NC-0000000165","4.6","","69cfa1fcff8192e1454aefd3","2026-04-03T11:18:20.906000","2026-04-03T11:18:20.906000","service_eb508f39-ce3d-4391-bb12-d4211c02ede9","false"
"9.0155","[]","","[]","45.0777","event","5","5","","RL-ORGANIZER","69b48a2b7d5c0db589c6bb1c","RL-000025","698d204286a5af9808991620","RL-000025","NC-0000000165","[""RL-000025"",""NC-0000000165""]","5","user","69cfa1b36abece41f7e2985f","5","[]","5","","[]","NC-0000000165","5","","69cfa1f838e563698b480dd7","2026-04-03T11:18:16.641000","2026-04-03T11:18:16.641000","service_eb508f39-ce3d-4391-bb12-d4211c02ede9","false"
"10.223","[""ST-000165""]","","[""ST-000165""]","51.1152","event","5","5","","RL-000025","698d204286a5af9808991620","RL-ORGANIZER","69b48a2b7d5c0db589c6bb1c","RL-ORGANIZER","NC-0000000165","[""RL-ORGANIZER"",""ST-000165"",""NC-0000000165""]","5","user","69cfa07bacd7dbd2d91e2a65","5","[]","5","ST-000165","[""ST-000165""]","NC-0000000165","5","","69cfa13ee142f9639234fa85","2026-04-03T11:15:10.396000","2026-04-03T11:15:10.396000","service_eb508f39-ce3d-4391-bb12-d4211c02ede9","false"
"8.9759","[""ST-000165""]","","[""ST-000165""]","43.0842","event","5","5","","RL-ORGANIZER","69b48a2b7d5c0db589c6bb1c","RL-000025","698d204286a5af9808991620","RL-000025","NC-0000000165","[""RL-000025"",""ST-000165"",""NC-0000000165""]","5","user","69cfa07bacd7dbd2d91e2a65","4","[]","5","ST-000165","[""ST-000165""]","NC-0000000165","4.8","","69cfa1394ba14662398a3f5f","2026-04-03T11:15:05.262000","2026-04-03T11:15:05.262000","service_eb508f39-ce3d-4391-bb12-d4211c02ede9","false"
"10.2113","[""ST-000074""]","","[""ST-000165"",""ST-000088""]","49.0144","quickplay","5","4","","RL-000008","698d204286a5af9808991620","RL-000008","69b48a2b7d5c0db589c6bb1c","RL-000008","NC-0000000165","[""RL-000008"",""ST-000074"",""NC-0000000165""]","5","user","69cf9fcd51d3bbfbca8603da","5","[]","5","ST-000074","[""ST-000074""]","NC-0000000165","4.8","","69cfa046333b4046b9ba7e75","2026-04-03T11:11:02.020000","2026-04-03T11:11:02.020000","service_eb508f39-ce3d-4391-bb12-d4211c02ede9","false"
"8.9346","[""ST-000165"",""ST-000088""]","","[""ST-000074""]","41.0991","quickplay","5","5","","RL-000008","69b48a2b7d5c0db589c6bb1c","RL-000008","698d204286a5af9808991620","RL-000008","NC-0000000165","[""RL-000008"",""ST-000165"",""ST-000088"",""NC-0000000165""]","5","user","69cf9fcd51d3bbfbca8603da","4","[]","4","ST-000165","[""ST-000165"",""ST-000088""]","NC-0000000165","4.6","","69cfa042cbd95339effa520a","2026-04-03T11:10:58.582000","2026-04-03T11:10:58.582000","service_eb508f39-ce3d-4391-bb12-d4211c02ede9","false"
"10.1875","[]","","[]","48.9002","event","5","5","","RL-000008","698d204286a5af9808991620","RL-ORGANIZER","69b48a2b7d5c0db589c6bb1c","RL-ORGANIZER","NC-0000000095","[""RL-ORGANIZER"",""NC-0000000095""]","4","user","69cf9d7f6ab71576489743e1","5","[]","5","","[]","NC-0000000095","4.8","","69cf9f3fc673171709e74740","2026-04-03T11:06:39.414000","2026-04-03T11:06:39.414000","service_eb508f39-ce3d-4391-bb12-d4211c02ede9","false"
"8.8465","[]","","[]","42.4632","event","5","4","","RL-ORGANIZER","69b48a2b7d5c0db589c6bb1c","RL-000008","698d204286a5af9808991620","RL-000008","NC-0000000095","[""RL-000008"",""NC-0000000095""]","5","user","69cf9d7f6ab71576489743e1","5","[]","5","","[]","NC-0000000095","4.8","","69cf9f3a1a0d211fa9716902","2026-04-03T11:06:34.216000","2026-04-03T11:06:34.216000","service_eb508f39-ce3d-4391-bb12-d4211c02ede9","false"
"10.1754","[""ST-000038"",""ST-000100"",""ST-000165"",""ST-000217""]","","[""ST-000165"",""ST-000088"",""ST-000074""]","40.7017","quickplay","5","4","","RL-000008","698d204286a5af9808991620","RL-000016","698c747aee05acfdd23ea578","RL-000016","","[""RL-000016"",""ST-000038"",""ST-000100"",""ST-000165"",""ST-000217""]","3","user","69cc692f9312bfe0fab9f823","4","[]","4","ST-000038","[""ST-000038"",""ST-000100"",""ST-000165"",""ST-000217""]","","4","","69cf9d56598d0d4f4f1a4e6c","2026-04-03T10:58:30.420000","2026-04-03T10:58:30.420000","service_eb508f39-ce3d-4391-bb12-d4211c02ede9","false"
"10.023","[]","","[]","40.0922","event","4","4","","RL-ORGANIZER","698c747aee05acfdd23ea578","RL-000008","698dd1b2193c860027a3457a","RL-000008","NC-0000000095","[""RL-000008"",""NC-0000000095""]","2","user","69cec731560f0b4e7b67c824","5","[]","5","","[]","NC-0000000095","4","","69cf9ac17ad636d4b8e6f7f4","2026-04-03T10:47:29.198000","2026-04-03T10:47:29.198000","service_eb508f39-ce3d-4391-bb12-d4211c02ede9","false"
"8.8465","[""ST-000038"",""ST-000100""]","","[""ST-000038"",""ST-000100""]","35.386","event","4","4","","RL-ORGANIZER","69b48a2b7d5c0db589c6bb1c","RL-000008","698c747aee05acfdd23ea578","RL-000008","NC-0000000165","[""RL-000008"",""ST-000038"",""ST-000100"",""NC-0000000165""]","4","user","69cf1ff7882df04b000886f0","3","[]","5","ST-000038","[""ST-000038"",""ST-000100""]","NC-0000000165","4","","69cf20bcdfc5f8fc7d6ec313","2026-04-03T02:06:52.731000","2026-04-03T02:06:52.731000","service_eb508f39-ce3d-4391-bb12-d4211c02ede9","false"
"10.0168","[]","","[]","42.0706","event","5","5","","RL-000009","698c747aee05acfdd23ea578","RL-ORGANIZER","698dbbf753d545317578c200","RL-ORGANIZER","NC-0000000130","[""RL-ORGANIZER"",""NC-0000000130""]","2","user","69cee1858b567052cb286df8","4","[]","5","","[]","NC-0000000130","4.2","","69cee327304bb8056d209d14","2026-04-02T21:44:07.523000","2026-04-02T21:44:07.523000","service_eb508f39-ce3d-4391-bb12-d4211c02ede9","false"
"9.8445","[]","","[]","35.4403","event","4","5","","RL-ORGANIZER","698dbbf753d545317578c200","RL-000009","698c747aee05acfdd23ea578","RL-000009","NC-0000000130","[""RL-000009"",""NC-0000000130""]","2","user","69cee1858b567052cb286df8","3","[]","4","","[]","NC-0000000130","3.6","","69cee3086fa7450278f0884b","2026-04-02T21:43:36.069000","2026-04-02T21:43:36.069000","service_eb508f39-ce3d-4391-bb12-d4211c02ede9","false"
"9.992","[""ST-000165"",""ST-000088"",""ST-000074""]","","[""ST-000038"",""ST-000100"",""ST-000165"",""ST-000217""]","39.9678","quickplay","4","5","","RL-000016","698c747aee05acfdd23ea578","RL-000008","698d204286a5af9808991620","RL-000008","","[""RL-000008"",""ST-000165"",""ST-000088"",""ST-000074""]","3","user","69cc692f9312bfe0fab9f823","3","[]","5","ST-000165","[""ST-000165"",""ST-000088"",""ST-000074""]","","4","","69ce606391697237133582da","2026-04-02T12:26:11.456000","2026-04-02T12:26:11.456000","service_eb508f39-ce3d-4391-bb12-d4211c02ede9","false"
"8.8465","[""ST-000239""]","","[""ST-000074""]","33.6167","quickplay","3","3","","RL-000008","69b48a2b7d5c0db589c6bb1c","RL-000008","69cd302266f2193a99122757","RL-000008","NC-0000000105","[""RL-000008"",""ST-000239"",""NC-0000000105""]","4","user","69cd62c7daee92338a6b06e6","5","[]","4","ST-000239","[""ST-000239""]","NC-0000000105","3.8","","69cd630a20092d421aa54388","2026-04-01T18:25:14.187000","2026-04-01T18:25:14.187000","service_eb508f39-ce3d-4391-bb12-d4211c02ede9","false"
"7.03","[""ST-000074""]","","[""ST-000239""]","22.4959","quickplay","4","3","","RL-000008","69cd302266f2193a99122757","RL-000008","69b48a2b7d5c0db589c6bb1c","RL-000008","NC-0000000105","[""RL-000008"",""ST-000074"",""NC-0000000105""]","3","user","69cd62c7daee92338a6b06e6","3","[]","3","ST-000074","[""ST-000074""]","NC-0000000105","3.2","","69cd630687e1bf6f48229403","2026-04-01T18:25:10.221000","2026-04-01T18:25:10.221000","service_eb508f39-ce3d-4391-bb12-d4211c02ede9","false"
"2.3026","[""ST-000239""]","","[""ST-000042""]","11.5129","quickplay","5","5","","RL-000008","69cc5fb8d599c99df1e75f81","RL-000008","69cd302266f2193a99122757","RL-000008","NC-0000000035","[""RL-000008"",""ST-000239"",""NC-0000000035""]","5","user","69cd38b16a350b03c1ad514d","5","[]","5","ST-000239","[""ST-000239""]","NC-0000000035","5","lit ","69cd39929e710c9f897c6acc","2026-04-01T15:28:18.755000","2026-04-01T15:28:18.755000","service_eb508f39-ce3d-4391-bb12-d4211c02ede9","false"
"2.3026","[""ST-000042""]","","[""ST-000239""]","11.5129","quickplay","5","5","","RL-000008","69cd302266f2193a99122757","RL-000008","69cc5fb8d599c99df1e75f81","RL-000008","NC-0000000035","[""RL-000008"",""ST-000042"",""NC-0000000035""]","5","user","69cd38b16a350b03c1ad514d","5","[]","5","ST-000042","[""ST-000042""]","NC-0000000035","5","","69cd398786b75866ac274503","2026-04-01T15:28:07.200000","2026-04-01T15:28:07.200000","service_eb508f39-ce3d-4391-bb12-d4211c02ede9","false"
"9.9897","[""ST-000022"",""ST-000183""]","","[""ST-000038"",""ST-000100"",""ST-000165"",""ST-000217""]","37.9607","quickplay","4","4","","RL-000016","698c747aee05acfdd23ea578","RL-000008","69cbff8d58eb0af5dc346df8","RL-000008","","[""RL-000008"",""ST-000022"",""ST-000183""]","4","user","69cc00be502beccc941d11c8","3","[]","4","ST-000022","[""ST-000022"",""ST-000183""]","","3.8","","69cc3a52a44bd71a8fdbff16","2026-03-31T21:19:14.597000","2026-03-31T21:19:14.597000","service_eb508f39-ce3d-4391-bb12-d4211c02ede9","false"
"10.1632","[""ST-000074""]","","[""ST-000165"",""ST-000088"",""ST-000074""]","32.5221","quickplay","3","5","","RL-000008","698d204286a5af9808991620","RL-000008","698dc6f781b400b640a229f6","RL-000008","NC-0000000050","[""RL-000008"",""ST-000074"",""NC-0000000050""]","2","user","69c7d40397c99229b5c73b3b","4","[]","2","ST-000074","[""ST-000074""]","NC-0000000050","3.2","","69cafb1911bc73328818a775","2026-03-30T22:37:13.625000","2026-03-30T22:37:13.625000","service_eb508f39-ce3d-4391-bb12-d4211c02ede9","false"
"9.9897","[""ST-000032"",""ST-000009"",""ST-000013"",""ST-000007"",""ST-000219"",""ST-000155""]","","[""ST-000038""]","29.969","quickplay","5","2","","RL-000008","698c747aee05acfdd23ea578","RL-000025","698dbbf753d545317578c200","RL-000025","NC-0000000123","[""RL-000025"",""ST-000032"",""ST-000009"",""ST-000013"",""ST-000007"",""ST-000219"",""ST-000155"",""NC-0000000123""]","1","user","69cafa28c26d25841b31a3dc","4","[]","3","ST-000032","[""ST-000032"",""ST-000009"",""ST-000013"",""ST-000007"",""ST-000219"",""ST-000155""]","NC-0000000123","3","","69cafa8b4b43398fa249148e","2026-03-30T22:34:51.993000","2026-03-30T22:34:51.993000","service_eb508f39-ce3d-4391-bb12-d4211c02ede9","false"
"9.8445","[""ST-000038""]","","[""ST-000032"",""ST-000009"",""ST-000013"",""ST-000007"",""ST-000219"",""ST-000155""]","45.2849","quickplay","4","5","","RL-000025","698dbbf753d545317578c200","RL-000008","698c747aee05acfdd23ea578","RL-000008","NC-0000000123","[""RL-000008"",""ST-000038"",""NC-0000000123""]","4","user","69cafa28c26d25841b31a3dc","5","[]","5","ST-000038","[""ST-000038""]","NC-0000000123","4.6","","69cafa82868004082c82efb4","2026-03-30T22:34:42.437000","2026-03-30T22:34:42.437000","service_eb508f39-ce3d-4391-bb12-d4211c02ede9","false"
"9.9897","[""ST-000092""]","","[""ST-000100""]","43.9545","quickplay","5","4","","RL-000008","698c747aee05acfdd23ea578","RL-000008","69a0f98dc601eab3812fc043","RL-000008","NC-0000000156","[""RL-000008"",""ST-000092"",""NC-0000000156""]","5","user","69c8852e6fe4622d26529e6d","4","[]","4","ST-000092","[""ST-000092""]","NC-0000000156","4.4","","69c885a1b63b8a27c633adc0","2026-03-29T01:51:29.056000","2026-03-29T01:51:29.056000","service_eb508f39-ce3d-4391-bb12-d4211c02ede9","false"
"2.3026","[""ST-000100""]","","[""ST-000092""]","11.0524","quickplay","5","5","","RL-000008","69a0f98dc601eab3812fc043","RL-000008","698c747aee05acfdd23ea578","RL-000008","NC-0000000156","[""RL-000008"",""ST-000100"",""NC-0000000156""]","4","user","69c8852e6fe4622d26529e6d","5","[]","5","ST-000100","[""ST-000100""]","NC-0000000156","4.8","Cool!","69c885996eba3a305a5f20d2","2026-03-29T01:51:21.708000","2026-03-29T01:51:21.708000","service_eb508f39-ce3d-4391-bb12-d4211c02ede9","false"
"7.6256","[""ST-000165"",""ST-000088"",""ST-000074""]","","[""ST-000074""]","33.5526","quickplay","5","5","","RL-000008","698dc6f781b400b640a229f6","RL-000008","698d204286a5af9808991620","RL-000008","NC-0000000050","[""RL-000008"",""ST-000165"",""ST-000088"",""ST-000074"",""NC-0000000050""]","4","user","69c7d40397c99229b5c73b3b","3","[]","5","ST-000165","[""ST-000165"",""ST-000088"",""ST-000074""]","NC-0000000050","4.4","","69c7daa482ea26a065c7ec9c","2026-03-28T13:41:56.383000","2026-03-28T13:41:56.383000","service_eb508f39-ce3d-4391-bb12-d4211c02ede9","false"
"9.2733","[""ST-000141""]","","[""ST-000103""]","35.2386","quickplay","4","5","","RL-000008","698dd1b2193c860027a3457a","RL-000008","698dbd987dbcc355eec0ff7c","RL-000008","NC-0000000049","[""RL-000008"",""ST-000141"",""NC-0000000049""]","3","user","69c7d4b59a435ebb107136a2","2","[]","5","ST-000141","[""ST-000141""]","NC-0000000049","3.8","","69c7da8ee3bae1e1596673bf","2026-03-28T13:41:34.092000","2026-03-28T13:41:34.092000","service_eb508f39-ce3d-4391-bb12-d4211c02ede9","false"
"6.3456","[""ST-000103""]","","[""ST-000141""]","29.1899","quickplay","4","5","","RL-000008","698dbd987dbcc355eec0ff7c","RL-000008","698dd1b2193c860027a3457a","RL-000008","NC-0000000049","[""RL-000008"",""ST-000103"",""NC-0000000049""]","5","user","69c7d4b59a435ebb107136a2","4","[]","5","ST-000103","[""ST-000103""]","NC-0000000049","4.6","","69c7da8a330e0a869a765aa9","2026-03-28T13:41:30.994000","2026-03-28T13:41:30.994000","service_eb508f39-ce3d-4391-bb12-d4211c02ede9","false"
"6.3456","[""ST-000074""]","","[""ST-000076"",""ST-000141""]","30.4591","quickplay","5","5","","RL-000008","698dbd987dbcc355eec0ff7c","RL-000008","698dc6f781b400b640a229f6","RL-000008","NC-0000000302","[""RL-000008"",""ST-000074"",""NC-0000000302""]","5","user","69b98e075a5caf436f51cb34","4","[]","5","ST-000074","[""ST-000074""]","NC-0000000302","4.8","","69c7d463b69833e24d556ce8","2026-03-28T13:15:15.103000","2026-03-28T13:15:15.103000","service_eb508f39-ce3d-4391-bb12-d4211c02ede9","false"
"6.3456","[""ST-000129""]","","[""ST-000076"",""ST-000141""]","30.4591","quickplay","5","5","","RL-000008","698dbd987dbcc355eec0ff7c","RL-000008","69b48a2b7d5c0db589c6bb1c","RL-000008","NC-0000000302","[""RL-000008"",""ST-000129"",""NC-0000000302""]","5","user","69b98e075a5caf436f51cb34","4","[]","5","ST-000129","[""ST-000129""]","NC-0000000302","4.8","","69c7d4620d31c6bc98f64f74","2026-03-28T13:15:14.970000","2026-03-28T13:15:14.970000","service_eb508f39-ce3d-4391-bb12-d4211c02ede9","false"
"7.4325","[""ST-000165"",""ST-000074""]","","[""ST-000074""]","31.2164","quickplay","5","4","","RL-000008","698dc6f781b400b640a229f6","RL-000008","698d204286a5af9808991620","RL-000008","NC-0000000095","[""RL-000008"",""ST-000165"",""ST-000074"",""NC-0000000095""]","5","user","69c7d355e3531775420b8457","4","[]","3","ST-000165","[""ST-000165"",""ST-000074""]","NC-0000000095","4.2","","69c7d3a8f4b4562e8cc0758c","2026-03-28T13:12:08.738000","2026-03-28T13:12:08.738000","service_eb508f39-ce3d-4391-bb12-d4211c02ede9","false"
"10.1632","[""ST-000074""]","","[""ST-000165"",""ST-000074""]","44.7179","quickplay","3","5","","RL-000008","698d204286a5af9808991620","RL-000008","698dc6f781b400b640a229f6","RL-000008","NC-0000000095","[""RL-000008"",""ST-000074"",""NC-0000000095""]","5","user","69c7d355e3531775420b8457","4","[]","5","ST-000074","[""ST-000074""]","NC-0000000095","4.4","","69c7d3a3a89a28145c6c2823","2026-03-28T13:12:03.126000","2026-03-28T13:12:03.126000","service_eb508f39-ce3d-4391-bb12-d4211c02ede9","false"
"8.7994","[]","","[]","36.9573","event","3","4","","RL-000008","69b48a2b7d5c0db589c6bb1c","RL-ORGANIZER","698c747aee05acfdd23ea578","RL-ORGANIZER","NC-0000000095","[""RL-ORGANIZER"",""NC-0000000095""]","5","user","69c2855074c80d9476bfb4e5","4","[]","5","","[]","NC-0000000095","4.2","","69c3c770ddfb1b645d45c33f","2026-03-25T11:30:56.863000","2026-03-25T11:30:56.863000","service_eb508f39-ce3d-4391-bb12-d4211c02ede9","false"
"9.976","[]","","[]","37.909","event","5","3","","RL-ORGANIZER","698c747aee05acfdd23ea578","RL-000008","69b48a2b7d5c0db589c6bb1c","RL-000008","NC-0000000095","[""RL-000008"",""NC-0000000095""]","4","user","69c2855074c80d9476bfb4e5","3","[]","4","","[]","NC-0000000095","3.8","","69c3c76beb7694739e7b4b9a","2026-03-25T11:30:51.408000","2026-03-25T11:30:51.408000","service_eb508f39-ce3d-4391-bb12-d4211c02ede9","false"
"10.1632","[""ST-000074""]","","[""ST-000165"",""ST-000088"",""ST-000074""]","18.2937","quickplay","3","2","","RL-000008","698d204286a5af9808991620","RL-000008","698dc6f781b400b640a229f6","RL-000008","NC-0000000204","[""RL-000008"",""ST-000074"",""NC-0000000204""]","1","user","69c2b00f762fdb4a25edab86","2","[]","1","ST-000074","[""ST-000074""]","NC-0000000204","1.8","","69c2b04183ca6379e3db728c","2026-03-24T15:39:45.351000","2026-03-24T15:39:45.351000","service_eb508f39-ce3d-4391-bb12-d4211c02ede9","false"
"7.4325","[""ST-000165"",""ST-000088"",""ST-000074""]","","[""ST-000074""]","22.2975","quickplay","2","2","","RL-000008","698dc6f781b400b640a229f6","RL-000008","698d204286a5af9808991620","RL-000008","NC-0000000204","[""RL-000008"",""ST-000165"",""ST-000088"",""ST-000074"",""NC-0000000204""]","4","user","69c2b00f762fdb4a25edab86","3","[]","4","ST-000165","[""ST-000165"",""ST-000088"",""ST-000074""]","NC-0000000204","3","","69c2b03c492503d35c955dca","2026-03-24T15:39:40.373000","2026-03-24T15:39:40.373000","service_eb508f39-ce3d-4391-bb12-d4211c02ede9","false"
"10.1632","[""ST-000100"",""ST-000165"",""ST-000217""]","","[""ST-000165"",""ST-000088"",""ST-000074""]","32.5221","quickplay","4","3","","RL-000008","698d204286a5af9808991620","RL-000008","698c747aee05acfdd23ea578","RL-000008","NC-0000000204","[""RL-000008"",""ST-000100"",""ST-000165"",""ST-000217"",""NC-0000000204""]","2","user","69c2af914a025d339f805b70","3","[]","4","ST-000100","[""ST-000100"",""ST-000165"",""ST-000217""]","NC-0000000204","3.2","","69c2aff51020b3b2f1a9edb1","2026-03-24T15:38:29.769000","2026-03-24T15:38:29.769000","service_eb508f39-ce3d-4391-bb12-d4211c02ede9","false"
"9.9749","[""ST-000165"",""ST-000088"",""ST-000074""]","","[""ST-000100"",""ST-000165"",""ST-000217""]","41.8945","quickplay","5","5","","RL-000008","698c747aee05acfdd23ea578","RL-000008","698d204286a5af9808991620","RL-000008","NC-0000000204","[""RL-000008"",""ST-000165"",""ST-000088"",""ST-000074"",""NC-0000000204""]","4","user","69c2af914a025d339f805b70","3","[]","4","ST-000165","[""ST-000165"",""ST-000088"",""ST-000074""]","NC-0000000204","4.2","","69c2afead2c77377674e5bf1","2026-03-24T15:38:18.324000","2026-03-24T15:38:18.324000","service_eb508f39-ce3d-4391-bb12-d4211c02ede9","false"
"7.4325","[""ST-000165"",""ST-000074""]","","[""ST-000074""]","29.7299","quickplay","3","5","","RL-000008","698dc6f781b400b640a229f6","RL-000008","698d204286a5af9808991620","RL-000008","NC-0000000204","[""RL-000008"",""ST-000165"",""ST-000074"",""NC-0000000204""]","5","user","69c2af4adde41a087f7ad92b","3","[]","4","ST-000165","[""ST-000165"",""ST-000074""]","NC-0000000204","4","","69c2af7fd45936e67de0c234","2026-03-24T15:36:31.599000","2026-03-24T15:36:31.599000","service_eb508f39-ce3d-4391-bb12-d4211c02ede9","false"
"10.1632","[""ST-000074""]","","[""ST-000165"",""ST-000074""]","30.4895","quickplay","2","5","","RL-000008","698d204286a5af9808991620","RL-000008","698dc6f781b400b640a229f6","RL-000008","NC-0000000204","[""RL-000008"",""ST-000074"",""NC-0000000204""]","1","user","69c2af4adde41a087f7ad92b","3","[]","4","ST-000074","[""ST-000074""]","NC-0000000204","3","","69c2af796fb6ad1933d64d8a","2026-03-24T15:36:25.299000","2026-03-24T15:36:25.299000","service_eb508f39-ce3d-4391-bb12-d4211c02ede9","false"
"9.2733","[""ST-000074""]","","[""ST-000103""]","31.5293","quickplay","4","5","","RL-000008","698dd1b2193c860027a3457a","RL-000008","698dc6f781b400b640a229f6","RL-000008","NC-0000000204","[""RL-000008"",""ST-000074"",""NC-0000000204""]","2","user","69c2ae91dd762c1519f89452","3","[]","3","ST-000074","[""ST-000074""]","NC-0000000204","3.4","","69c2aedb8f6fbcdedf1ac105","2026-03-24T15:33:47.455000","2026-03-24T15:33:47.455000","service_eb508f39-ce3d-4391-bb12-d4211c02ede9","false"
"7.1929","[""ST-000103""]","","[""ST-000074""]","30.2103","quickplay","3","4","","RL-000008","698dc6f781b400b640a229f6","RL-000008","698dd1b2193c860027a3457a","RL-000008","NC-0000000204","[""RL-000008"",""ST-000103"",""NC-0000000204""]","4","user","69c2ae91dd762c1519f89452","5","[]","5","ST-000103","[""ST-000103""]","NC-0000000204","4.2","","69c2aed7555423194e9ece80","2026-03-24T15:33:43.647000","2026-03-24T15:33:43.647000","service_eb508f39-ce3d-4391-bb12-d4211c02ede9","false"
"7.1929","[""ST-000165"",""ST-000088""]","","[""ST-000074""]","23.0174","quickplay","5","1","","RL-000008","698dc6f781b400b640a229f6","RL-000008","698d204286a5af9808991620","RL-000008","NC-0000000177","[""RL-000008"",""ST-000165"",""ST-000088"",""NC-0000000177""]","3","user","69c2a45b16c5aa1c97714e5d","5","[]","2","ST-000165","[""ST-000165"",""ST-000088""]","NC-0000000177","3.2","","69c2a5696d827257fc5f4f6e","2026-03-24T14:53:29.698000","2026-03-24T14:53:29.698000","service_eb508f39-ce3d-4391-bb12-d4211c02ede9","false"
"7.1929","[""ST-000100""]","","[""ST-000074""]","23.0174","quickplay","5","1","","RL-000008","698dc6f781b400b640a229f6","RL-000008","698c747aee05acfdd23ea578","RL-000008","NC-0000000177","[""RL-000008"",""ST-000100"",""NC-0000000177""]","3","user","69c2a45b16c5aa1c97714e5d","5","[]","2","ST-000100","[""ST-000100""]","NC-0000000177","3.2","","69c2a569f8275bd2d108452f","2026-03-24T14:53:29.569000","2026-03-24T14:53:29.569000","service_eb508f39-ce3d-4391-bb12-d4211c02ede9","false"
"10.1507","[""ST-000074""]","","[""ST-000165"",""ST-000088""]","28.4221","quickplay","2","4","","RL-000008","698d204286a5af9808991620","RL-000008","698dc6f781b400b640a229f6","RL-000008","NC-0000000177","[""RL-000008"",""ST-000074"",""NC-0000000177""]","4","user","69c2a45b16c5aa1c97714e5d","3","[]","1","ST-000074","[""ST-000074""]","NC-0000000177","2.8","","69c2a566a6b36d0fcc3a05ff","2026-03-24T14:53:26.336000","2026-03-24T14:53:26.336000","service_eb508f39-ce3d-4391-bb12-d4211c02ede9","false"
"10.1507","[""ST-000100""]","","[""ST-000165"",""ST-000088""]","28.4221","quickplay","2","4","","RL-000008","698d204286a5af9808991620","RL-000008","698c747aee05acfdd23ea578","RL-000008","NC-0000000177","[""RL-000008"",""ST-000100"",""NC-0000000177""]","4","user","69c2a45b16c5aa1c97714e5d","3","[]","1","ST-000100","[""ST-000100""]","NC-0000000177","2.8","","69c2a566346d545586f45d89","2026-03-24T14:53:26.185000","2026-03-24T14:53:26.185000","service_eb508f39-ce3d-4391-bb12-d4211c02ede9","false"
"9.9599","[""ST-000165"",""ST-000088""]","","[""ST-000100""]","31.8716","quickplay","2","5","","RL-000008","698c747aee05acfdd23ea578","RL-000008","698d204286a5af9808991620","RL-000008","NC-0000000177","[""RL-000008"",""ST-000165"",""ST-000088"",""NC-0000000177""]","3","user","69c2a45b16c5aa1c97714e5d","2","[]","4","ST-000165","[""ST-000165"",""ST-000088""]","NC-0000000177","3.2","","69c2a55b5f56c9139b6b37c9","2026-03-24T14:53:15.858000","2026-03-24T14:53:15.858000","service_eb508f39-ce3d-4391-bb12-d4211c02ede9","false"
"9.9599","[""ST-000074""]","","[""ST-000100""]","31.8716","quickplay","2","5","","RL-000008","698c747aee05acfdd23ea578","RL-000008","698dc6f781b400b640a229f6","RL-000008","NC-0000000177","[""RL-000008"",""ST-000074"",""NC-0000000177""]","3","user","69c2a45b16c5aa1c97714e5d","2","[]","4","ST-000074","[""ST-000074""]","NC-0000000177","3.2","","69c2a55b7428abd5ec106e4b","2026-03-24T14:53:15.683000","2026-03-24T14:53:15.683000","service_eb508f39-ce3d-4391-bb12-d4211c02ede9","false"
"7.0648","[""ST-000165"",""ST-000088""]","","[""ST-000074""]","21.1943","quickplay","3","1","","RL-000008","698dc6f781b400b640a229f6","RL-000008","698d204286a5af9808991620","RL-000008","NC-0000000177","[""RL-000008"",""ST-000165"",""ST-000088"",""NC-0000000177""]","5","user","69c29f35b452f4fadb4feb06","4","[]","2","ST-000165","[""ST-000165"",""ST-000088""]","NC-0000000177","3","","69c29fa1992606feeca49c61","2026-03-24T14:28:49.649000","2026-03-24T14:28:49.649000","service_eb508f39-ce3d-4391-bb12-d4211c02ede9","false"
"10.1254","[""ST-000074""]","","[""ST-000165"",""ST-000088""]","42.5268","quickplay","5","5","","RL-000008","698d204286a5af9808991620","RL-000008","698dc6f781b400b640a229f6","RL-000008","NC-0000000177","[""RL-000008"",""ST-000074"",""NC-0000000177""]","4","user","69c29f35b452f4fadb4feb06","3","[]","4","ST-000074","[""ST-000074""]","NC-0000000177","4.2","","69c29f9ba4e5b76ee2a3da7e","2026-03-24T14:28:43.882000","2026-03-24T14:28:43.882000","service_eb508f39-ce3d-4391-bb12-d4211c02ede9","false"
"8.6978","[""ST-000038""]","","[""ST-000074""]","29.5727","quickplay","4","5","","RL-000008","69b48a2b7d5c0db589c6bb1c","RL-000008","698c747aee05acfdd23ea578","RL-000008","NC-0000000177","[""RL-000008"",""ST-000038"",""NC-0000000177""]","2","user","69c29ec2e582e905234e46db","3","[]","3","ST-000038","[""ST-000038""]","NC-0000000177","3.4","","69c29f0942ad62091af0281c","2026-03-24T14:26:17.664000","2026-03-24T14:26:17.664000","service_eb508f39-ce3d-4391-bb12-d4211c02ede9","false"
"9.9458","[""ST-000074""]","","[""ST-000038""]","41.7725","quickplay","4","4","","RL-000008","698c747aee05acfdd23ea578","RL-000008","69b48a2b7d5c0db589c6bb1c","RL-000008","NC-0000000177","[""RL-000008"",""ST-000074"",""NC-0000000177""]","5","user","69c29ec2e582e905234e46db","3","[]","5","ST-000074","[""ST-000074""]","NC-0000000177","4.2","","69c29f049d79ce5200c5441f","2026-03-24T14:26:12.114000","2026-03-24T14:26:12.114000","service_eb508f39-ce3d-4391-bb12-d4211c02ede9","false"
"10.1254","[""ST-000038""]","","[""ST-000165"",""ST-000088"",""ST-000074""]","20.2509","quickplay","2","2","","RL-000008","698d204286a5af9808991620","RL-000008","698c747aee05acfdd23ea578","RL-000008","NC-0000000129","[""RL-000008"",""ST-000038"",""NC-0000000129""]","2","user","69baab95c251be0f8bac0c24","2","[]","2","ST-000038","[""ST-000038""]","NC-0000000129","2","","69bab17f7c1d849f9cdba62e","2026-03-18T14:06:55.023000","2026-03-18T14:06:55.023000","service_eb508f39-ce3d-4391-bb12-d4211c02ede9","false"
"9.9134","[""ST-000165"",""ST-000088"",""ST-000074""]","","[""ST-000038""]","29.7403","quickplay","3","3","","RL-000008","698c747aee05acfdd23ea578","RL-000008","698d204286a5af9808991620","RL-000008","NC-0000000129","[""RL-000008"",""ST-000165"",""ST-000088"",""ST-000074"",""NC-0000000129""]","3","user","69baab95c251be0f8bac0c24","3","[]","3","ST-000165","[""ST-000165"",""ST-000088"",""ST-000074""]","NC-0000000129","3","","69baac975b5f68836d3a9eaa","2026-03-18T13:45:59.637000","2026-03-18T13:45:59.637000","service_eb508f39-ce3d-4391-bb12-d4211c02ede9","false"
"6.9177","[""ST-000077""]","","[""ST-000074""]","29.0544","quickplay","5","5","","RL-000008","698dc6f781b400b640a229f6","RL-000008","698dd1b2193c860027a3457a","RL-000008","NC-0000000053","[""RL-000008"",""ST-000077"",""NC-0000000053""]","4","user","69ba9ce293c5695709ccad13","3","[]","4","ST-000077","[""ST-000077""]","NC-0000000053","4.2","","69ba9eb50f50212942a185b7","2026-03-18T12:46:45.187000","2026-03-18T12:46:45.187000","service_eb508f39-ce3d-4391-bb12-d4211c02ede9","false"
"9.2428","[""ST-000074""]","","[""ST-000077""]","35.1227","quickplay","5","5","","RL-000008","698dd1b2193c860027a3457a","RL-000008","698dc6f781b400b640a229f6","RL-000008","NC-0000000053","[""RL-000008"",""ST-000074"",""NC-0000000053""]","3","user","69ba9ce293c5695709ccad13","2","[]","4","ST-000074","[""ST-000074""]","NC-0000000053","3.8","","69ba9eb0ebc2b42ecaaf15c1","2026-03-18T12:46:40.685000","2026-03-18T12:46:40.685000","service_eb508f39-ce3d-4391-bb12-d4211c02ede9","false"
"6.7452","[""ST-000129""]","","[""ST-000074""]","24.2829","quickplay","4","4","","RL-000008","698dc6f781b400b640a229f6","RL-000008","69b48a2b7d5c0db589c6bb1c","RL-000008","NC-0000000302","[""RL-000008"",""ST-000129"",""NC-0000000302""]","3","user","69b98e075a5caf436f51cb34","3","[]","4","ST-000129","[""ST-000129""]","NC-0000000302","3.6","","69ba9d1138348ccd21166d45","2026-03-18T12:39:45.947000","2026-03-18T12:39:45.947000","service_eb508f39-ce3d-4391-bb12-d4211c02ede9","false"
"6.7452","[""ST-000076"",""ST-000141""]","","[""ST-000074""]","24.2829","quickplay","4","4","","RL-000008","698dc6f781b400b640a229f6","RL-000008","698dbd987dbcc355eec0ff7c","RL-000008","NC-0000000302","[""RL-000008"",""ST-000076"",""ST-000141"",""NC-0000000302""]","3","user","69b98e075a5caf436f51cb34","3","[]","4","ST-000076","[""ST-000076"",""ST-000141""]","NC-0000000302","3.6","","69ba9d110c4af34f75c78342","2026-03-18T12:39:45.799000","2026-03-18T12:39:45.799000","service_eb508f39-ce3d-4391-bb12-d4211c02ede9","false"
"9.9134","[]","","[""ST-000077"",""ST-000103""]","49.5672","event","5","5","","RL-ORGANIZER","698c747aee05acfdd23ea578","RL-000025","69b48a2b7d5c0db589c6bb1c","RL-000025","NC-0000000302","[""RL-000025"",""NC-0000000302""]","5","user","69b9e3d4424e112dd99927c0","5","[]","5","","[]","NC-0000000302","5","","69b9e6e1809cab83465ce422","2026-03-17T23:42:25.344000","2026-03-17T23:42:25.344000","service_eb508f39-ce3d-4391-bb12-d4211c02ede9","false"
"9.9134","[""ST-000077"",""ST-000103""]","","[""ST-000077"",""ST-000103""]","49.5672","event","5","5","","RL-ORGANIZER","698c747aee05acfdd23ea578","RL-000008","698dd1b2193c860027a3457a","RL-000008","NC-0000000302","[""RL-000008"",""ST-000077"",""ST-000103"",""NC-0000000302""]","5","user","69b9e3d4424e112dd99927c0","5","[]","5","ST-000077","[""ST-000077"",""ST-000103""]","NC-0000000302","5","","69b9e6e14c125e8360b1609b","2026-03-17T23:42:25.062000","2026-03-17T23:42:25.062000","service_eb508f39-ce3d-4391-bb12-d4211c02ede9","false"
"9.2113","[""ST-000077"",""ST-000103""]","","[""ST-000077"",""ST-000103""]","29.4763","event","4","3","","RL-000008","698dd1b2193c860027a3457a","RL-ORGANIZER","698c747aee05acfdd23ea578","RL-ORGANIZER","NC-0000000302","[""RL-ORGANIZER"",""ST-000077"",""ST-000103"",""NC-0000000302""]","3","user","69b9e3d4424e112dd99927c0","3","[]","3","ST-000077","[""ST-000077"",""ST-000103""]","NC-0000000302","3.2","","69b9e6dcfb0f50102ecbcf17","2026-03-17T23:42:20.289000","2026-03-17T23:42:20.289000","service_eb508f39-ce3d-4391-bb12-d4211c02ede9","false"
"9.2113","[]","","[""ST-000077"",""ST-000103""]","29.4763","event","4","3","","RL-000008","698dd1b2193c860027a3457a","RL-000025","69b48a2b7d5c0db589c6bb1c","RL-000025","NC-0000000302","[""RL-000025"",""NC-0000000302""]","3","user","69b9e3d4424e112dd99927c0","3","[]","3","","[]","NC-0000000302","3.2","","69b9e6dcab4891a891f89fc5","2026-03-17T23:42:20.154000","2026-03-17T23:42:20.154000","service_eb508f39-ce3d-4391-bb12-d4211c02ede9","false"
"8.6179","[""ST-000077"",""ST-000103""]","","[]","25.8538","event","3","3","","RL-000025","69b48a2b7d5c0db589c6bb1c","RL-ORGANIZER","698c747aee05acfdd23ea578","RL-ORGANIZER","NC-0000000302","[""RL-ORGANIZER"",""ST-000077"",""ST-000103"",""NC-0000000302""]","3","user","69b9e3d4424e112dd99927c0","3","[]","3","ST-000077","[""ST-000077"",""ST-000103""]","NC-0000000302","3","","69b9e6d8b2939e0b49a0a248","2026-03-17T23:42:16.313000","2026-03-17T23:42:16.313000","service_eb508f39-ce3d-4391-bb12-d4211c02ede9","false"
"8.6179","[""ST-000077"",""ST-000103""]","","[]","25.8538","event","3","3","","RL-000025","69b48a2b7d5c0db589c6bb1c","RL-000008","698dd1b2193c860027a3457a","RL-000008","NC-0000000302","[""RL-000008"",""ST-000077"",""ST-000103"",""NC-0000000302""]","3","user","69b9e3d4424e112dd99927c0","3","[]","3","ST-000077","[""ST-000077"",""ST-000103""]","NC-0000000302","3","","69b9e6d818f04ac58183267f","2026-03-17T23:42:16.094000","2026-03-17T23:42:16.094000","service_eb508f39-ce3d-4391-bb12-d4211c02ede9","false"
"8.6179","[""ST-000074""]","","[""ST-000129""]","27.5774","quickplay","4","4","","RL-000008","69b48a2b7d5c0db589c6bb1c","RL-000008","698dc6f781b400b640a229f6","RL-000008","NC-0000000302","[""RL-000008"",""ST-000074"",""NC-0000000302""]","2","user","69b98e075a5caf436f51cb34","3","[]","3","ST-000074","[""ST-000074""]","NC-0000000302","3.2","","69b9e405b63619fe37500df7","2026-03-17T23:30:13.247000","2026-03-17T23:30:13.247000","service_eb508f39-ce3d-4391-bb12-d4211c02ede9","false"
"8.6179","[""ST-000076"",""ST-000141""]","","[""ST-000129""]","27.5774","quickplay","4","4","","RL-000008","69b48a2b7d5c0db589c6bb1c","RL-000008","698dbd987dbcc355eec0ff7c","RL-000008","NC-0000000302","[""RL-000008"",""ST-000076"",""ST-000141"",""NC-0000000302""]","2","user","69b98e075a5caf436f51cb34","3","[]","3","ST-000076","[""ST-000076"",""ST-000141""]","NC-0000000302","3.2","","69b9e405a5517e728ef79c6d","2026-03-17T23:30:13.033000","2026-03-17T23:30:13.033000","service_eb508f39-ce3d-4391-bb12-d4211c02ede9","false"
"6.0638","[""ST-000074""]","","[""ST-000076"",""ST-000141""]","18.1914","quickplay","3","3","","RL-000008","698dbd987dbcc355eec0ff7c","RL-000008","698dc6f781b400b640a229f6","RL-000008","NC-0000000301","[""RL-000008"",""ST-000074"",""NC-0000000301""]","1","user","69b98b5b58b3e84c667ccbbb","4","[]","4","ST-000074","[""ST-000074""]","NC-0000000301","3","","69b98d1825914b7dcc3b983d","2026-03-17T17:19:20.625000","2026-03-17T17:19:20.625000","service_eb508f39-ce3d-4391-bb12-d4211c02ede9","false"
"6.0638","[""ST-000129""]","","[""ST-000076"",""ST-000141""]","18.1914","quickplay","3","3","","RL-000008","698dbd987dbcc355eec0ff7c","RL-000008","69b48a2b7d5c0db589c6bb1c","RL-000008","NC-0000000301","[""RL-000008"",""ST-000129"",""NC-0000000301""]","1","user","69b98b5b58b3e84c667ccbbb","4","[]","4","ST-000129","[""ST-000129""]","NC-0000000301","3","","69b98d18e5c2e22b37b4627e","2026-03-17T17:19:20.482000","2026-03-17T17:19:20.482000","service_eb508f39-ce3d-4391-bb12-d4211c02ede9","false"
"8.5583","[""ST-000076"",""ST-000141""]","","[""ST-000129""]","34.2333","quickplay","4","4","","RL-000008","69b48a2b7d5c0db589c6bb1c","RL-000008","698dbd987dbcc355eec0ff7c","RL-000008","NC-0000000301","[""RL-000008"",""ST-000076"",""ST-000141"",""NC-0000000301""]","4","user","69b98b5b58b3e84c667ccbbb","3","[]","5","ST-000076","[""ST-000076"",""ST-000141""]","NC-0000000301","4","","69b98d123e75a5fc02746e1b","2026-03-17T17:19:14.796000","2026-03-17T17:19:14.796000","service_eb508f39-ce3d-4391-bb12-d4211c02ede9","false"
"8.5583","[""ST-000074""]","","[""ST-000129""]","34.2333","quickplay","4","4","","RL-000008","69b48a2b7d5c0db589c6bb1c","RL-000008","698dc6f781b400b640a229f6","RL-000008","NC-0000000301","[""RL-000008"",""ST-000074"",""NC-0000000301""]","4","user","69b98b5b58b3e84c667ccbbb","3","[]","5","ST-000074","[""ST-000074""]","NC-0000000301","4","","69b98d12b2655de72d85969b","2026-03-17T17:19:14.643000","2026-03-17T17:19:14.643000","service_eb508f39-ce3d-4391-bb12-d4211c02ede9","false"
"6.5653","[""ST-000076"",""ST-000141""]","","[""ST-000074""]","24.948","quickplay","3","5","","RL-000008","698dc6f781b400b640a229f6","RL-000008","698dbd987dbcc355eec0ff7c","RL-000008","NC-0000000301","[""RL-000008"",""ST-000076"",""ST-000141"",""NC-0000000301""]","3","user","69b98b5b58b3e84c667ccbbb","4","[]","4","ST-000076","[""ST-000076"",""ST-000141""]","NC-0000000301","3.8","","69b98d0e0f5a539051a2c5b9","2026-03-17T17:19:10.130000","2026-03-17T17:19:10.130000","service_eb508f39-ce3d-4391-bb12-d4211c02ede9","false"
"6.5653","[""ST-000129""]","","[""ST-000074""]","24.948","quickplay","3","5","","RL-000008","698dc6f781b400b640a229f6","RL-000008","69b48a2b7d5c0db589c6bb1c","RL-000008","NC-0000000301","[""RL-000008"",""ST-000129"",""NC-0000000301""]","3","user","69b98b5b58b3e84c667ccbbb","4","[]","4","ST-000129","[""ST-000129""]","NC-0000000301","3.8","","69b98d0ddab1f9abaca0bbb2","2026-03-17T17:19:09.862000","2026-03-17T17:19:09.862000","service_eb508f39-ce3d-4391-bb12-d4211c02ede9","false"
"8.4949","[""ST-000141""]","","[""ST-000129""]","35.6788","quickplay","3","4","","RL-000008","69b48a2b7d5c0db589c6bb1c","RL-000008","698dbd987dbcc355eec0ff7c","RL-000008","NC-0000000196","[""RL-000008"",""ST-000141"",""NC-0000000196""]","5","user","69b981e3ddf7c2cb569bbeb5","4","[]","5","ST-000141","[""ST-000141""]","NC-0000000196","4.2","","69b98b2f7c779a6c8acda8d5","2026-03-17T17:11:11.743000","2026-03-17T17:11:11.743000","service_eb508f39-ce3d-4391-bb12-d4211c02ede9","false"
"8.4949","[""ST-000074""]","","[""ST-000129""]","35.6788","quickplay","3","4","","RL-000008","69b48a2b7d5c0db589c6bb1c","RL-000008","698dc6f781b400b640a229f6","RL-000008","NC-0000000196","[""RL-000008"",""ST-000074"",""NC-0000000196""]","5","user","69b981e3ddf7c2cb569bbeb5","4","[]","5","ST-000074","[""ST-000074""]","NC-0000000196","4.2","","69b98b2f9e9bfb6b0a387b9c","2026-03-17T17:11:11.564000","2026-03-17T17:11:11.564000","service_eb508f39-ce3d-4391-bb12-d4211c02ede9","false"
"5.6699","[""ST-000074""]","","[""ST-000141""]","24.9475","quickplay","5","5","","RL-000008","698dbd987dbcc355eec0ff7c","RL-000008","698dc6f781b400b640a229f6","RL-000008","NC-0000000196","[""RL-000008"",""ST-000074"",""NC-0000000196""]","4","user","69b981e3ddf7c2cb569bbeb5","3","[]","5","ST-000074","[""ST-000074""]","NC-0000000196","4.4","","69b98b2a0e920bcf697f8261","2026-03-17T17:11:06.507000","2026-03-17T17:11:06.507000","service_eb508f39-ce3d-4391-bb12-d4211c02ede9","false"
"5.6699","[""ST-000129""]","","[""ST-000141""]","24.9475","quickplay","5","5","","RL-000008","698dbd987dbcc355eec0ff7c","RL-000008","69b48a2b7d5c0db589c6bb1c","RL-000008","NC-0000000196","[""RL-000008"",""ST-000129"",""NC-0000000196""]","4","user","69b981e3ddf7c2cb569bbeb5","3","[]","5","ST-000129","[""ST-000129""]","NC-0000000196","4.4","","69b98b2af4f361388e3de6c3","2026-03-17T17:11:06.300000","2026-03-17T17:11:06.300000","service_eb508f39-ce3d-4391-bb12-d4211c02ede9","false"
"6.3456","[""ST-000141""]","","[""ST-000074""]","25.3825","quickplay","5","5","","RL-000008","698dc6f781b400b640a229f6","RL-000008","698dbd987dbcc355eec0ff7c","RL-000008","NC-0000000196","[""RL-000008"",""ST-000141"",""NC-0000000196""]","3","user","69b981e3ddf7c2cb569bbeb5","4","[]","3","ST-000141","[""ST-000141""]","NC-0000000196","4","","69b98b0e5b5819a7d0ad6b2f","2026-03-17T17:10:38.261000","2026-03-17T17:10:38.261000","service_eb508f39-ce3d-4391-bb12-d4211c02ede9","false"
"6.3456","[""ST-000129""]","","[""ST-000074""]","25.3825","quickplay","5","5","","RL-000008","698dc6f781b400b640a229f6","RL-000008","69b48a2b7d5c0db589c6bb1c","RL-000008","NC-0000000196","[""RL-000008"",""ST-000129"",""NC-0000000196""]","3","user","69b981e3ddf7c2cb569bbeb5","4","[]","3","ST-000129","[""ST-000129""]","NC-0000000196","4","","69b98b0d1f62f07f74b2d123","2026-03-17T17:10:37.662000","2026-03-17T17:10:37.662000","service_eb508f39-ce3d-4391-bb12-d4211c02ede9","false"
"8.4316","[""ST-000165"",""ST-000088""]","","[""ST-000129""]","32.0402","quickplay","3","5","","RL-000008","69b48a2b7d5c0db589c6bb1c","RL-000008","698d204286a5af9808991620","RL-000008","","[""RL-000008"",""ST-000165"",""ST-000088""]","3","user","69b97629f8741fae7c7f3483","4","[]","4","ST-000165","[""ST-000165"",""ST-000088""]","","3.8","","69b9769e6dd9f43441d1bc76","2026-03-17T15:43:26.373000","2026-03-17T15:43:26.373000","service_eb508f39-ce3d-4391-bb12-d4211c02ede9","false"
"10.0454","[""ST-000129""]","","[""ST-000165"",""ST-000088""]","32.1453","quickplay","3","4","","RL-000008","698d204286a5af9808991620","RL-000008","69b48a2b7d5c0db589c6bb1c","RL-000008","","[""RL-000008"",""ST-000129""]","3","user","69b97629f8741fae7c7f3483","2","[]","4","ST-000129","[""ST-000129""]","","3.2","","69b97698950f10dd59fc993e","2026-03-17T15:43:20.735000","2026-03-17T15:43:20.735000","service_eb508f39-ce3d-4391-bb12-d4211c02ede9","false"
"10.0454","[""ST-000145"",""ST-000144"",""ST-000112"",""ST-000110"",""ST-000092"",""ST-000091""]","","[""ST-000018"",""ST-000171"",""ST-000170"",""ST-000169"",""ST-000168"",""ST-000182"",""ST-000183"",""ST-000184"",""ST-000204"",""ST-000207"",""ST-000158"",""ST-000174""]","32.1453","quickplay","5","3","","RL-000008","698d204286a5af9808991620","RL-000008","69b48a2b7d5c0db589c6bb1c","RL-000008","NC-0000000165","[""RL-000008"",""ST-000145"",""ST-000144"",""ST-000112"",""ST-000110"",""ST-000092"",""ST-000091"",""NC-0000000165""]","2","user","69b95d0ec8cf02cb56328474","4","[]","2","ST-000145","[""ST-000145"",""ST-000144"",""ST-000112"",""ST-000110"",""ST-000092"",""ST-000091""]","NC-0000000165","3.2","","69b95dabb031ef1a46b3848c","2026-03-17T13:56:59.946000","2026-03-17T13:56:59.946000","service_eb508f39-ce3d-4391-bb12-d4211c02ede9","false"
"8.3699","[""ST-000018"",""ST-000171"",""ST-000170"",""ST-000169"",""ST-000168"",""ST-000182"",""ST-000183"",""ST-000184"",""ST-000204"",""ST-000207"",""ST-000158"",""ST-000174""]","","[""ST-000145"",""ST-000144"",""ST-000112"",""ST-000110"",""ST-000092"",""ST-000091""]","35.1534","quickplay","5","5","","RL-000008","69b48a2b7d5c0db589c6bb1c","RL-000008","698d204286a5af9808991620","RL-000008","NC-0000000165","[""RL-000008"",""ST-000018"",""ST-000171"",""ST-000170"",""ST-000169"",""ST-000168"",""ST-000182"",""ST-000183"",""ST-000184"",""ST-000204"",""ST-000207"",""ST-000158"",""ST-000174"",""NC-0000000165""]","3","user","69b95d0ec8cf02cb56328474","4","[]","4","ST-000018","[""ST-000018"",""ST-000171"",""ST-000170"",""ST-000169"",""ST-000168"",""ST-000182"",""ST-000183"",""ST-000184"",""ST-000204"",""ST-000207"",""ST-000158"",""ST-000174""]","NC-0000000165","4.2","","69b95da7835d43e9521db0d2","2026-03-17T13:56:55.034000","2026-03-17T13:56:55.034000","service_eb508f39-ce3d-4391-bb12-d4211c02ede9","false"
"9.8995","[""ST-000144"",""ST-000091""]","","[""ST-000080"",""ST-000134"",""ST-000133"",""ST-000200"",""ST-000209"",""ST-000210"",""ST-000211"",""ST-000204"",""ST-000205"",""ST-000206"",""ST-000207"",""ST-000202"",""ST-000171"",""ST-000018"",""ST-000019""]","31.6783","quickplay","2","4","","RL-000025","698c747aee05acfdd23ea578","RL-000008","69b48a2b7d5c0db589c6bb1c","RL-000008","NC-0000000004","[""RL-000008"",""ST-000144"",""ST-000091"",""NC-0000000004""]","4","user","69b94da26dbd95c406cb5dd0","3","[]","3","ST-000144","[""ST-000144"",""ST-000091""]","NC-0000000004","3.2","","69b94e08f96787e28cb69299","2026-03-17T12:50:16.609000","2026-03-17T12:50:16.609000","service_eb508f39-ce3d-4391-bb12-d4211c02ede9","false"
"8.2965","[""ST-000080"",""ST-000134"",""ST-000133"",""ST-000200"",""ST-000209"",""ST-000210"",""ST-000211"",""ST-000204"",""ST-000205"",""ST-000206"",""ST-000207"",""ST-000202"",""ST-000171"",""ST-000018"",""ST-000019""]","","[""ST-000144"",""ST-000091""]","26.5489","quickplay","4","2","","RL-000008","69b48a2b7d5c0db589c6bb1c","RL-000025","698c747aee05acfdd23ea578","RL-000025","NC-0000000004","[""RL-000025"",""ST-000080"",""ST-000134"",""ST-000133"",""ST-000200"",""ST-000209"",""ST-000210"",""ST-000211"",""ST-000204"",""ST-000205"",""ST-000206"",""ST-000207"",""ST-000202"",""ST-000171"",""ST-000018"",""ST-000019"",""NC-0000000004""]","2","user","69b94da26dbd95c406cb5dd0","3","[]","5","ST-000080","[""ST-000080"",""ST-000134"",""ST-000133"",""ST-000200"",""ST-000209"",""ST-000210"",""ST-000211"",""ST-000204"",""ST-000205"",""ST-000206"",""ST-000207"",""ST-000202"",""ST-000171"",""ST-000018"",""ST-000019""]","NC-0000000004","3.2","","69b94e044419e30d9483c962","2026-03-17T12:50:12.546000","2026-03-17T12:50:12.546000","service_eb508f39-ce3d-4391-bb12-d4211c02ede9","false"
"9.8833","[""ST-000145"",""ST-000144"",""ST-000112"",""ST-000110"",""ST-000092"",""ST-000091""]","","[""ST-000080"",""ST-000134"",""ST-000133"",""ST-000200"",""ST-000209"",""ST-000210"",""ST-000211"",""ST-000204"",""ST-000205"",""ST-000206"",""ST-000207"",""ST-000202"",""ST-000171"",""ST-000018"",""ST-000019""]","37.5565","quickplay","4","4","","RL-000008","698c747aee05acfdd23ea578","RL-000008","69b48a2b7d5c0db589c6bb1c","RL-000008","NC-0000000004","[""RL-000008"",""ST-000145"",""ST-000144"",""ST-000112"",""ST-000110"",""ST-000092"",""ST-000091"",""NC-0000000004""]","3","user","69b949679e1d9494a075b4d8","5","[]","3","ST-000145","[""ST-000145"",""ST-000144"",""ST-000112"",""ST-000110"",""ST-000092"",""ST-000091""]","NC-0000000004","3.8","","69b949b3609c5c280c97e93a","2026-03-17T12:31:47.582000","2026-03-17T12:31:47.582000","service_eb508f39-ce3d-4391-bb12-d4211c02ede9","false"
"8.2242","[""ST-000080"",""ST-000134"",""ST-000133"",""ST-000200"",""ST-000209"",""ST-000210"",""ST-000211"",""ST-000204"",""ST-000205"",""ST-000206"",""ST-000207"",""ST-000202"",""ST-000171"",""ST-000018"",""ST-000019""]","","[""ST-000145"",""ST-000144"",""ST-000112"",""ST-000110"",""ST-000092"",""ST-000091""]","29.607","quickplay","2","4","","RL-000008","69b48a2b7d5c0db589c6bb1c","RL-000008","698c747aee05acfdd23ea578","RL-000008","NC-0000000004","[""RL-000008"",""ST-000080"",""ST-000134"",""ST-000133"",""ST-000200"",""ST-000209"",""ST-000210"",""ST-000211"",""ST-000204"",""ST-000205"",""ST-000206"",""ST-000207"",""ST-000202"",""ST-000171"",""ST-000018"",""ST-000019"",""NC-0000000004""]","4","user","69b949679e1d9494a075b4d8","3","[]","5","ST-000080","[""ST-000080"",""ST-000134"",""ST-000133"",""ST-000200"",""ST-000209"",""ST-000210"",""ST-000211"",""ST-000204"",""ST-000205"",""ST-000206"",""ST-000207"",""ST-000202"",""ST-000171"",""ST-000018"",""ST-000019""]","NC-0000000004","3.6","","69b949af777795add6809a8c","2026-03-17T12:31:43.182000","2026-03-17T12:31:43.182000","service_eb508f39-ce3d-4391-bb12-d4211c02ede9","false"
"10.0341","[""ST-000080"",""ST-000134"",""ST-000133"",""ST-000018"",""ST-000019"",""ST-000171"",""ST-000170"",""ST-000169"",""ST-000168"",""ST-000182"",""ST-000183"",""ST-000184"",""ST-000158"",""ST-000174""]","","[""ST-000171"",""ST-000170"",""ST-000169"",""ST-000168"",""ST-000182"",""ST-000183"",""ST-000184"",""ST-000158"",""ST-000174""]","34.1159","event","4","5","","RL-000025","698d204286a5af9808991620","RL-ORGANIZER","69b48a2b7d5c0db589c6bb1c","RL-ORGANIZER","NC-0000000073","[""RL-ORGANIZER"",""ST-000080"",""ST-000134"",""ST-000133"",""ST-000018"",""ST-000019"",""ST-000171"",""ST-000170"",""ST-000169"",""ST-000168"",""ST-000182"",""ST-000183"",""ST-000184"",""ST-000158"",""ST-000174"",""NC-0000000073""]","2","user","69b9485456130ce7293295f9","3","[]","3","ST-000080","[""ST-000080"",""ST-000134"",""ST-000133"",""ST-000018"",""ST-000019"",""ST-000171"",""ST-000170"",""ST-000169"",""ST-000168"",""ST-000182"",""ST-000183"",""ST-000184"",""ST-000158"",""ST-000174""]","NC-0000000073","3.4","","69b9490b632b9fc1737db873","2026-03-17T12:28:59.733000","2026-03-17T12:28:59.733000","service_eb508f39-ce3d-4391-bb12-d4211c02ede9","false"
"10.0341","[""ST-000080"",""ST-000134"",""ST-000133"",""ST-000018"",""ST-000019""]","","[""ST-000171"",""ST-000170"",""ST-000169"",""ST-000168"",""ST-000182"",""ST-000183"",""ST-000184"",""ST-000158"",""ST-000174""]","34.1159","event","4","5","","RL-000025","698d204286a5af9808991620","RL-000008","698c747aee05acfdd23ea578","RL-000008","NC-0000000073","[""RL-000008"",""ST-000080"",""ST-000134"",""ST-000133"",""ST-000018"",""ST-000019"",""NC-0000000073""]","2","user","69b9485456130ce7293295f9","3","[]","3","ST-000080","[""ST-000080"",""ST-000134"",""ST-000133"",""ST-000018"",""ST-000019""]","NC-0000000073","3.4","","69b9490bf08ec34456571e30","2026-03-17T12:28:59.591000","2026-03-17T12:28:59.591000","service_eb508f39-ce3d-4391-bb12-d4211c02ede9","false"
"7.6639","[""ST-000171"",""ST-000170"",""ST-000169"",""ST-000168"",""ST-000182"",""ST-000183"",""ST-000184"",""ST-000158"",""ST-000174""]","","[""ST-000080"",""ST-000134"",""ST-000133"",""ST-000018"",""ST-000019"",""ST-000171"",""ST-000170"",""ST-000169"",""ST-000168"",""ST-000182"",""ST-000183"",""ST-000184"",""ST-000158"",""ST-000174""]","30.6555","event","4","4","","RL-ORGANIZER","69b48a2b7d5c0db589c6bb1c","RL-000025","698d204286a5af9808991620","RL-000025","NC-0000000073","[""RL-000025"",""ST-000171"",""ST-000170"",""ST-000169"",""ST-000168"",""ST-000182"",""ST-000183"",""ST-000184"",""ST-000158"",""ST-000174"",""NC-0000000073""]","2","user","69b9485456130ce7293295f9","5","[]","5","ST-000171","[""ST-000171"",""ST-000170"",""ST-000169"",""ST-000168"",""ST-000182"",""ST-000183"",""ST-000184"",""ST-000158"",""ST-000174""]","NC-0000000073","4","","69b949021d330eb6d0d9bbe5","2026-03-17T12:28:50.495000","2026-03-17T12:28:50.495000","service_eb508f39-ce3d-4391-bb12-d4211c02ede9","false"
"7.6639","[""ST-000080"",""ST-000134"",""ST-000133"",""ST-000018"",""ST-000019""]","","[""ST-000080"",""ST-000134"",""ST-000133"",""ST-000018"",""ST-000019"",""ST-000171"",""ST-000170"",""ST-000169"",""ST-000168"",""ST-000182"",""ST-000183"",""ST-000184"",""ST-000158"",""ST-000174""]","30.6555","event","4","4","","RL-ORGANIZER","69b48a2b7d5c0db589c6bb1c","RL-000008","698c747aee05acfdd23ea578","RL-000008","NC-0000000073","[""RL-000008"",""ST-000080"",""ST-000134"",""ST-000133"",""ST-000018"",""ST-000019"",""NC-0000000073""]","2","user","69b9485456130ce7293295f9","5","[]","5","ST-000080","[""ST-000080"",""ST-000134"",""ST-000133"",""ST-000018"",""ST-000019""]","NC-0000000073","4","","69b949023c8dcc830d91f8cb","2026-03-17T12:28:50.360000","2026-03-17T12:28:50.360000","service_eb508f39-ce3d-4391-bb12-d4211c02ede9","false"
"9.8501","[""ST-000080"",""ST-000134"",""ST-000133"",""ST-000018"",""ST-000019"",""ST-000171"",""ST-000170"",""ST-000169"",""ST-000168"",""ST-000182"",""ST-000183"",""ST-000184"",""ST-000158"",""ST-000174""]","","[""ST-000080"",""ST-000134"",""ST-000133"",""ST-000018"",""ST-000019""]","37.4303","event","5","5","","RL-000008","698c747aee05acfdd23ea578","RL-ORGANIZER","69b48a2b7d5c0db589c6bb1c","RL-ORGANIZER","NC-0000000073","[""RL-ORGANIZER"",""ST-000080"",""ST-000134"",""ST-000133"",""ST-000018"",""ST-000019"",""ST-000171"",""ST-000170"",""ST-000169"",""ST-000168"",""ST-000182"",""ST-000183"",""ST-000184"",""ST-000158"",""ST-000174"",""NC-0000000073""]","1","user","69b9485456130ce7293295f9","4","[]","4","ST-000080","[""ST-000080"",""ST-000134"",""ST-000133"",""ST-000018"",""ST-000019"",""ST-000171"",""ST-000170"",""ST-000169"",""ST-000168"",""ST-000182"",""ST-000183"",""ST-000184"",""ST-000158"",""ST-000174""]","NC-0000000073","3.8","","69b948ffa45bf161335dfa83","2026-03-17T12:28:47.631000","2026-03-17T12:28:47.631000","service_eb508f39-ce3d-4391-bb12-d4211c02ede9","false"
"9.8501","[""ST-000171"",""ST-000170"",""ST-000169"",""ST-000168"",""ST-000182"",""ST-000183"",""ST-000184"",""ST-000158"",""ST-000174""]","","[""ST-000080"",""ST-000134"",""ST-000133"",""ST-000018"",""ST-000019""]","37.4303","event","5","5","","RL-000008","698c747aee05acfdd23ea578","RL-000025","698d204286a5af9808991620","RL-000025","NC-0000000073","[""RL-000025"",""ST-000171"",""ST-000170"",""ST-000169"",""ST-000168"",""ST-000182"",""ST-000183"",""ST-000184"",""ST-000158"",""ST-000174"",""NC-0000000073""]","1","user","69b9485456130ce7293295f9","4","[]","4","ST-000171","[""ST-000171"",""ST-000170"",""ST-000169"",""ST-000168"",""ST-000182"",""ST-000183"",""ST-000184"",""ST-000158"",""ST-000174""]","NC-0000000073","3.8","","69b948ffe1855baa5bfc599d","2026-03-17T12:28:47.430000","2026-03-17T12:28:47.430000","service_eb508f39-ce3d-4391-bb12-d4211c02ede9","false"
"9.8501","[""ST-000144"",""ST-000091""]","","[""ST-000134"",""ST-000133"",""ST-000200"",""ST-000209"",""ST-000210"",""ST-000211"",""ST-000204"",""ST-000205"",""ST-000206"",""ST-000207"",""ST-000202"",""ST-000171"",""ST-000018""]","37.4303","quickplay","3","3","","RL-000008","698c747aee05acfdd23ea578","RL-000008","69b48a2b7d5c0db589c6bb1c","RL-000008","NC-0000000013","[""RL-000008"",""ST-000144"",""ST-000091"",""NC-0000000013""]","5","user","69b94719dd2c2d8fbfd68090","4","[]","4","ST-000144","[""ST-000144"",""ST-000091""]","NC-0000000013","3.8","","69b9477ae80e37b60b54766a","2026-03-17T12:22:18.715000","2026-03-17T12:22:18.715000","service_eb508f39-ce3d-4391-bb12-d4211c02ede9","false"
"7.4559","[""ST-000134"",""ST-000133"",""ST-000200"",""ST-000209"",""ST-000210"",""ST-000211"",""ST-000204"",""ST-000205"",""ST-000206"",""ST-000207"",""ST-000202"",""ST-000171"",""ST-000018""]","","[""ST-000144"",""ST-000091""]","31.3147","quickplay","5","5","","RL-000008","69b48a2b7d5c0db589c6bb1c","RL-000008","698c747aee05acfdd23ea578","RL-000008","NC-0000000013","[""RL-000008"",""ST-000134"",""ST-000133"",""ST-000200"",""ST-000209"",""ST-000210"",""ST-000211"",""ST-000204"",""ST-000205"",""ST-000206"",""ST-000207"",""ST-000202"",""ST-000171"",""ST-000018"",""NC-0000000013""]","4","user","69b94719dd2c2d8fbfd68090","3","[]","4","ST-000134","[""ST-000134"",""ST-000133"",""ST-000200"",""ST-000209"",""ST-000210"",""ST-000211"",""ST-000204"",""ST-000205"",""ST-000206"",""ST-000207"",""ST-000202"",""ST-000171"",""ST-000018""]","NC-0000000013","4.2","","69b947752004cab3ffe53831","2026-03-17T12:22:13.535000","2026-03-17T12:22:13.535000","service_eb508f39-ce3d-4391-bb12-d4211c02ede9","false"
"9.1932","[""ST-000240""]","","[""ST-000165""]","44.1273","quickplay","5","5","","RL-000025","698dd1b2193c860027a3457a","RL-000008","69b8923e5da3bfb51a6a8594","RL-000008","NC-0000000068","[""RL-000008"",""ST-000240"",""NC-0000000068""]","4","user","69b8963e6173cbfd3c21b50f","5","[]","5","ST-000240","[""ST-000240""]","NC-0000000068","4.8","","69b8983cc56fdf35f065a303","2026-03-16T23:54:36.237000","2026-03-16T23:54:36.237000","service_eb508f39-ce3d-4391-bb12-d4211c02ede9","false"
"2.3026","[""ST-000165""]","","[""ST-000240""]","11.5129","quickplay","5","5","","RL-000008","69b8923e5da3bfb51a6a8594","RL-000025","698dd1b2193c860027a3457a","RL-000025","NC-0000000068","[""RL-000025"",""ST-000165"",""NC-0000000068""]","5","user","69b8963e6173cbfd3c21b50f","5","[]","5","ST-000165","[""ST-000165""]","NC-0000000068","5","<3","69b896d987b9e326970e2505","2026-03-16T23:48:41.828000","2026-03-16T23:48:41.828000","service_eb508f39-ce3d-4391-bb12-d4211c02ede9","false"
"7.346","[""ST-000018"",""ST-000171"",""ST-000170"",""ST-000169"",""ST-000168"",""ST-000182"",""ST-000183"",""ST-000184"",""ST-000204"",""ST-000207"",""ST-000158"",""ST-000174""]","","[""ST-000144"",""ST-000091""]","17.6304","quickplay","2","3","","RL-000008","69b48a2b7d5c0db589c6bb1c","RL-000008","698d204286a5af9808991620","RL-000008","NC-0000000002","[""RL-000008"",""ST-000018"",""ST-000171"",""ST-000170"",""ST-000169"",""ST-000168"",""ST-000182"",""ST-000183"",""ST-000184"",""ST-000204"",""ST-000207"",""ST-000158"",""ST-000174"",""NC-0000000002""]","1","user","69b856e2bbf27331a8c7f672","2","[]","4","ST-000018","[""ST-000018"",""ST-000171"",""ST-000170"",""ST-000169"",""ST-000168"",""ST-000182"",""ST-000183"",""ST-000184"",""ST-000204"",""ST-000207"",""ST-000158"",""ST-000174""]","NC-0000000002","2.4","","69b8572a648007edf8a5b634","2026-03-16T19:16:58.719000","2026-03-16T19:16:58.719000","service_eb508f39-ce3d-4391-bb12-d4211c02ede9","false"
"10.0056","[""ST-000144"",""ST-000091""]","","[""ST-000018"",""ST-000171"",""ST-000170"",""ST-000169"",""ST-000168"",""ST-000182"",""ST-000183"",""ST-000184"",""ST-000204"",""ST-000207"",""ST-000158"",""ST-000174""]","38.0213","quickplay","5","3","","RL-000008","698d204286a5af9808991620","RL-000008","69b48a2b7d5c0db589c6bb1c","RL-000008","NC-0000000002","[""RL-000008"",""ST-000144"",""ST-000091"",""NC-0000000002""]","4","user","69b856e2bbf27331a8c7f672","3","[]","4","ST-000144","[""ST-000144"",""ST-000091""]","NC-0000000002","3.8","","69b85726bec73f52fc277fc3","2026-03-16T19:16:54.674000","2026-03-16T19:16:54.674000","service_eb508f39-ce3d-4391-bb12-d4211c02ede9","false"
"7.346","[""ST-000018"",""ST-000171"",""ST-000170"",""ST-000169"",""ST-000168"",""ST-000182"",""ST-000183"",""ST-000184"",""ST-000204"",""ST-000207"",""ST-000158"",""ST-000174""]","","[""ST-000145"",""ST-000144"",""ST-000112"",""ST-000110"",""ST-000092"",""ST-000091""]","19.0996","quickplay","2","4","","RL-000008","69b48a2b7d5c0db589c6bb1c","RL-000008","698d204286a5af9808991620","RL-000008","NC-0000000196","[""RL-000008"",""ST-000018"",""ST-000171"",""ST-000170"",""ST-000169"",""ST-000168"",""ST-000182"",""ST-000183"",""ST-000184"",""ST-000204"",""ST-000207"",""ST-000158"",""ST-000174"",""NC-0000000196""]","2","user","69b8565fdc6fec4b5ec08e8f","2","[]","3","ST-000018","[""ST-000018"",""ST-000171"",""ST-000170"",""ST-000169"",""ST-000168"",""ST-000182"",""ST-000183"",""ST-000184"",""ST-000204"",""ST-000207"",""ST-000158"",""ST-000174""]","NC-0000000196","2.6","","69b856dce1e9df575e592e08","2026-03-16T19:15:40.784000","2026-03-16T19:15:40.784000","service_eb508f39-ce3d-4391-bb12-d4211c02ede9","false"
"9.9763","[""ST-000145"",""ST-000144"",""ST-000112"",""ST-000110"",""ST-000092"",""ST-000091""]","","[""ST-000018"",""ST-000171"",""ST-000170"",""ST-000169"",""ST-000168"",""ST-000182"",""ST-000183"",""ST-000184"",""ST-000204"",""ST-000207"",""ST-000158"",""ST-000174""]","41.9003","quickplay","5","5","","RL-000008","698d204286a5af9808991620","RL-000008","69b48a2b7d5c0db589c6bb1c","RL-000008","NC-0000000196","[""RL-000008"",""ST-000145"",""ST-000144"",""ST-000112"",""ST-000110"",""ST-000092"",""ST-000091"",""NC-0000000196""]","4","user","69b8565fdc6fec4b5ec08e8f","3","[]","4","ST-000145","[""ST-000145"",""ST-000144"",""ST-000112"",""ST-000110"",""ST-000092"",""ST-000091""]","NC-0000000196","4.2","","69b856d0c902116e82dcdacd","2026-03-16T19:15:28.552000","2026-03-16T19:15:28.552000","service_eb508f39-ce3d-4391-bb12-d4211c02ede9","false"
"9.9613","[""ST-000144"",""ST-000092"",""ST-000091""]","","[""ST-000018"",""ST-000171"",""ST-000170"",""ST-000169"",""ST-000168"",""ST-000182"",""ST-000183"",""ST-000184"",""ST-000204"",""ST-000207"",""ST-000158"",""ST-000174""]","47.8142","quickplay","5","5","","RL-000008","698d204286a5af9808991620","RL-000008","69b48a2b7d5c0db589c6bb1c","RL-000008","NC-0000000002","[""RL-000008"",""ST-000144"",""ST-000092"",""ST-000091"",""NC-0000000002""]","5","user","69b855a0b9704ab9c75e0909","4","[]","5","ST-000144","[""ST-000144"",""ST-000092"",""ST-000091""]","NC-0000000002","4.8","","69b8563b4962282d0217e952","2026-03-16T19:12:59.794000","2026-03-16T19:12:59.794000","service_eb508f39-ce3d-4391-bb12-d4211c02ede9","false"
"7.2226","[""ST-000018"",""ST-000171"",""ST-000170"",""ST-000169"",""ST-000168"",""ST-000182"",""ST-000183"",""ST-000184"",""ST-000204"",""ST-000207"",""ST-000158"",""ST-000174""]","","[""ST-000144"",""ST-000092"",""ST-000091""]","27.4458","quickplay","5","3","","RL-000008","69b48a2b7d5c0db589c6bb1c","RL-000008","698d204286a5af9808991620","RL-000008","NC-0000000002","[""RL-000008"",""ST-000018"",""ST-000171"",""ST-000170"",""ST-000169"",""ST-000168"",""ST-000182"",""ST-000183"",""ST-000184"",""ST-000204"",""ST-000207"",""ST-000158"",""ST-000174"",""NC-0000000002""]","4","user","69b855a0b9704ab9c75e0909","3","[]","4","ST-000018","[""ST-000018"",""ST-000171"",""ST-000170"",""ST-000169"",""ST-000168"",""ST-000182"",""ST-000183"",""ST-000184"",""ST-000204"",""ST-000207"",""ST-000158"",""ST-000174""]","NC-0000000002","3.8","","69b85639d1f88366462cdcee","2026-03-16T19:12:57.403000","2026-03-16T19:12:57.403000","service_eb508f39-ce3d-4391-bb12-d4211c02ede9","false"
"9.9613","[""ST-000091""]","","[""ST-000018"",""ST-000171"",""ST-000170"",""ST-000169"",""ST-000168"",""ST-000182"",""ST-000183"",""ST-000184"",""ST-000204"",""ST-000207"",""ST-000158"",""ST-000174""]","33.8684","quickplay","4","4","","RL-000008","698d204286a5af9808991620","RL-000008","69b48a2b7d5c0db589c6bb1c","RL-000008","NC-0000000038","[""RL-000008"",""ST-000091"",""NC-0000000038""]","3","user","69b8428cf7f8d36b4cd9fe4e","4","[]","2","ST-000091","[""ST-000091""]","NC-0000000038","3.4","","69b8559c344a1a0fb4f45822","2026-03-16T19:10:20.191000","2026-03-16T19:10:20.191000","service_eb508f39-ce3d-4391-bb12-d4211c02ede9","false"
"6.9373","[""ST-000018"",""ST-000171"",""ST-000170"",""ST-000169"",""ST-000168"",""ST-000182"",""ST-000183"",""ST-000184"",""ST-000204"",""ST-000207"",""ST-000158"",""ST-000174""]","","[""ST-000091""]","22.1994","quickplay","4","3","","RL-000008","69b48a2b7d5c0db589c6bb1c","RL-000008","698d204286a5af9808991620","RL-000008","NC-0000000038","[""RL-000008"",""ST-000018"",""ST-000171"",""ST-000170"",""ST-000169"",""ST-000168"",""ST-000182"",""ST-000183"",""ST-000184"",""ST-000204"",""ST-000207"",""ST-000158"",""ST-000174"",""NC-0000000038""]","3","user","69b8428cf7f8d36b4cd9fe4e","3","[]","3","ST-000018","[""ST-000018"",""ST-000171"",""ST-000170"",""ST-000169"",""ST-000168"",""ST-000182"",""ST-000183"",""ST-000184"",""ST-000204"",""ST-000207"",""ST-000158"",""ST-000174""]","NC-0000000038","3.2","","69b85591067bfa50be34b1d4","2026-03-16T19:10:09.433000","2026-03-16T19:10:09.433000","service_eb508f39-ce3d-4391-bb12-d4211c02ede9","false"
"6.9373","[""ST-000018"",""ST-000171"",""ST-000170"",""ST-000169"",""ST-000168"",""ST-000182"",""ST-000183"",""ST-000184"",""ST-000204"",""ST-000207"",""ST-000158"",""ST-000174""]","","[""ST-000092"",""ST-000091""]","23.5869","quickplay","2","4","","RL-000008","69b48a2b7d5c0db589c6bb1c","RL-000008","698d204286a5af9808991620","RL-000008","NC-0000000003","[""RL-000008"",""ST-000018"",""ST-000171"",""ST-000170"",""ST-000169"",""ST-000168"",""ST-000182"",""ST-000183"",""ST-000184"",""ST-000204"",""ST-000207"",""ST-000158"",""ST-000174"",""NC-0000000003""]","3","user","69b841fa0ab5aa1cddb5eb2b","4","[]","4","ST-000018","[""ST-000018"",""ST-000171"",""ST-000170"",""ST-000169"",""ST-000168"",""ST-000182"",""ST-000183"",""ST-000184"",""ST-000204"",""ST-000207"",""ST-000158"",""ST-000174""]","NC-0000000003","3.4","","69b84252ef6cc9205d367104","2026-03-16T17:48:02.084000","2026-03-16T17:48:02.084000","service_eb508f39-ce3d-4391-bb12-d4211c02ede9","false"
"9.9461","[""ST-000092"",""ST-000091""]","","[""ST-000018"",""ST-000171"",""ST-000170"",""ST-000169"",""ST-000168"",""ST-000182"",""ST-000183"",""ST-000184"",""ST-000204"",""ST-000207"",""ST-000158"",""ST-000174""]","33.8166","quickplay","5","3","","RL-000008","698d204286a5af9808991620","RL-000008","69b48a2b7d5c0db589c6bb1c","RL-000008","NC-0000000003","[""RL-000008"",""ST-000092"",""ST-000091"",""NC-0000000003""]","3","user","69b841fa0ab5aa1cddb5eb2b","2","[]","4","ST-000092","[""ST-000092"",""ST-000091""]","NC-0000000003","3.4","","69b8424af0cb93da559db692","2026-03-16T17:47:54.237000","2026-03-16T17:47:54.237000","service_eb508f39-ce3d-4391-bb12-d4211c02ede9","false"
"6.5653","[""ST-000018"",""ST-000171"",""ST-000170"",""ST-000169"",""ST-000168"",""ST-000182"",""ST-000183"",""ST-000184"",""ST-000204"",""ST-000207"",""ST-000158"",""ST-000174""]","","[""ST-000145"",""ST-000144"",""ST-000112"",""ST-000110"",""ST-000092"",""ST-000091""]","22.3219","quickplay","4","4","","RL-000008","69b48a2b7d5c0db589c6bb1c","RL-000008","698d204286a5af9808991620","RL-000008","NC-0000000213","[""RL-000008"",""ST-000018"",""ST-000171"",""ST-000170"",""ST-000169"",""ST-000168"",""ST-000182"",""ST-000183"",""ST-000184"",""ST-000204"",""ST-000207"",""ST-000158"",""ST-000174"",""NC-0000000213""]","1","user","69b81fe9c3094bd883c6b213","3","[]","5","ST-000018","[""ST-000018"",""ST-000171"",""ST-000170"",""ST-000169"",""ST-000168"",""ST-000182"",""ST-000183"",""ST-000184"",""ST-000204"",""ST-000207"",""ST-000158"",""ST-000174""]","NC-0000000213","3.4","","69b83fc183e37bbc25bd003f","2026-03-16T17:37:05.644000","2026-03-16T17:37:05.644000","service_eb508f39-ce3d-4391-bb12-d4211c02ede9","false"
"6.5653","[""ST-000080"",""ST-000134"",""ST-000133"",""ST-000200"",""ST-000209"",""ST-000210"",""ST-000211"",""ST-000204"",""ST-000205"",""ST-000206"",""ST-000207"",""ST-000202"",""ST-000171"",""ST-000018"",""ST-000019""]","","[""ST-000145"",""ST-000144"",""ST-000112"",""ST-000110"",""ST-000092"",""ST-000091""]","22.3219","quickplay","4","4","","RL-000008","69b48a2b7d5c0db589c6bb1c","RL-000008","698c747aee05acfdd23ea578","RL-000008","NC-0000000213","[""RL-000008"",""ST-000080"",""ST-000134"",""ST-000133"",""ST-000200"",""ST-000209"",""ST-000210"",""ST-000211"",""ST-000204"",""ST-000205"",""ST-000206"",""ST-000207"",""ST-000202"",""ST-000171"",""ST-000018"",""ST-000019"",""NC-0000000213""]","1","user","69b81fe9c3094bd883c6b213","3","[]","5","ST-000080","[""ST-000080"",""ST-000134"",""ST-000133"",""ST-000200"",""ST-000209"",""ST-000210"",""ST-000211"",""ST-000204"",""ST-000205"",""ST-000206"",""ST-000207"",""ST-000202"",""ST-000171"",""ST-000018"",""ST-000019""]","NC-0000000213","3.4","","69b83fc122e997a130d49539","2026-03-16T17:37:05.527000","2026-03-16T17:37:05.527000","service_eb508f39-ce3d-4391-bb12-d4211c02ede9","false"
"9.9306","[""ST-000080"",""ST-000134"",""ST-000133"",""ST-000200"",""ST-000209"",""ST-000210"",""ST-000211"",""ST-000204"",""ST-000205"",""ST-000206"",""ST-000207"",""ST-000202"",""ST-000171"",""ST-000018"",""ST-000019""]","","[""ST-000018"",""ST-000171"",""ST-000170"",""ST-000169"",""ST-000168"",""ST-000182"",""ST-000183"",""ST-000184"",""ST-000204"",""ST-000207"",""ST-000158"",""ST-000174""]","37.7363","quickplay","3","4","","RL-000008","698d204286a5af9808991620","RL-000008","698c747aee05acfdd23ea578","RL-000008","NC-0000000213","[""RL-000008"",""ST-000080"",""ST-000134"",""ST-000133"",""ST-000200"",""ST-000209"",""ST-000210"",""ST-000211"",""ST-000204"",""ST-000205"",""ST-000206"",""ST-000207"",""ST-000202"",""ST-000171"",""ST-000018"",""ST-000019"",""NC-0000000213""]","3","user","69b81fe9c3094bd883c6b213","4","[]","5","ST-000080","[""ST-000080"",""ST-000134"",""ST-000133"",""ST-000200"",""ST-000209"",""ST-000210"",""ST-000211"",""ST-000204"",""ST-000205"",""ST-000206"",""ST-000207"",""ST-000202"",""ST-000171"",""ST-000018"",""ST-000019""]","NC-0000000213","3.8","","69b83fbcfbc03c366f5964cd","2026-03-16T17:37:00.169000","2026-03-16T17:37:00.169000","service_eb508f39-ce3d-4391-bb12-d4211c02ede9","false"
"9.9306","[""ST-000145"",""ST-000144"",""ST-000112"",""ST-000110"",""ST-000092"",""ST-000091""]","","[""ST-000018"",""ST-000171"",""ST-000170"",""ST-000169"",""ST-000168"",""ST-000182"",""ST-000183"",""ST-000184"",""ST-000204"",""ST-000207"",""ST-000158"",""ST-000174""]","37.7363","quickplay","3","4","","RL-000008","698d204286a5af9808991620","RL-000008","69b48a2b7d5c0db589c6bb1c","RL-000008","NC-0000000213","[""RL-000008"",""ST-000145"",""ST-000144"",""ST-000112"",""ST-000110"",""ST-000092"",""ST-000091"",""NC-0000000213""]","3","user","69b81fe9c3094bd883c6b213","4","[]","5","ST-000145","[""ST-000145"",""ST-000144"",""ST-000112"",""ST-000110"",""ST-000092"",""ST-000091""]","NC-0000000213","3.8","","69b83fbc92cac88f79493e75","2026-03-16T17:37:00.018000","2026-03-16T17:37:00.018000","service_eb508f39-ce3d-4391-bb12-d4211c02ede9","false"
"9.8157","[""ST-000018"",""ST-000171"",""ST-000170"",""ST-000169"",""ST-000168"",""ST-000182"",""ST-000183"",""ST-000184"",""ST-000204"",""ST-000207"",""ST-000158"",""ST-000174""]","","[""ST-000080"",""ST-000134"",""ST-000133"",""ST-000200"",""ST-000209"",""ST-000210"",""ST-000211"",""ST-000204"",""ST-000205"",""ST-000206"",""ST-000207"",""ST-000202"",""ST-000171"",""ST-000018"",""ST-000019""]","33.3735","quickplay","4","5","","RL-000008","698c747aee05acfdd23ea578","RL-000008","698d204286a5af9808991620","RL-000008","NC-0000000213","[""RL-000008"",""ST-000018"",""ST-000171"",""ST-000170"",""ST-000169"",""ST-000168"",""ST-000182"",""ST-000183"",""ST-000184"",""ST-000204"",""ST-000207"",""ST-000158"",""ST-000174"",""NC-0000000213""]","3","user","69b81fe9c3094bd883c6b213","2","[]","3","ST-000018","[""ST-000018"",""ST-000171"",""ST-000170"",""ST-000169"",""ST-000168"",""ST-000182"",""ST-000183"",""ST-000184"",""ST-000204"",""ST-000207"",""ST-000158"",""ST-000174""]","NC-0000000213","3.4","","69b83fb86fd082f2c14414e7","2026-03-16T17:36:56.756000","2026-03-16T17:36:56.756000","service_eb508f39-ce3d-4391-bb12-d4211c02ede9","false"
"9.8157","[""ST-000145"",""ST-000144"",""ST-000112"",""ST-000110"",""ST-000092"",""ST-000091""]","","[""ST-000080"",""ST-000134"",""ST-000133"",""ST-000200"",""ST-000209"",""ST-000210"",""ST-000211"",""ST-000204"",""ST-000205"",""ST-000206"",""ST-000207"",""ST-000202"",""ST-000171"",""ST-000018"",""ST-000019""]","33.3735","quickplay","4","5","","RL-000008","698c747aee05acfdd23ea578","RL-000008","69b48a2b7d5c0db589c6bb1c","RL-000008","NC-0000000213","[""RL-000008"",""ST-000145"",""ST-000144"",""ST-000112"",""ST-000110"",""ST-000092"",""ST-000091"",""NC-0000000213""]","3","user","69b81fe9c3094bd883c6b213","2","[]","3","ST-000145","[""ST-000145"",""ST-000144"",""ST-000112"",""ST-000110"",""ST-000092"",""ST-000091""]","NC-0000000213","3.4","","69b83fb88f0939b9bf3e125a","2026-03-16T17:36:56.553000","2026-03-16T17:36:56.553000","service_eb508f39-ce3d-4391-bb12-d4211c02ede9","false"
"6.3456","[""ST-000200"",""ST-000209"",""ST-000210"",""ST-000211"",""ST-000204"",""ST-000205"",""ST-000206"",""ST-000207"",""ST-000202"",""ST-000171"",""ST-000080""]","","[""ST-000145"",""ST-000092""]","21.5752","quickplay","2","5","","RL-000008","69b48a2b7d5c0db589c6bb1c","RL-000008","698c747aee05acfdd23ea578","RL-000008","NC-0000000155","[""RL-000008"",""ST-000200"",""ST-000209"",""ST-000210"",""ST-000211"",""ST-000204"",""ST-000205"",""ST-000206"",""ST-000207"",""ST-000202"",""ST-000171"",""ST-000080"",""NC-0000000155""]","5","user","69b815e0e3e5b8463a5a034b","3","[]","2","ST-000200","[""ST-000200"",""ST-000209"",""ST-000210"",""ST-000211"",""ST-000204"",""ST-000205"",""ST-000206"",""ST-000207"",""ST-000202"",""ST-000171"",""ST-000080""]","NC-0000000155","3.4","","69b81d03c5a6cafa93d8d9fe","2026-03-16T15:08:51.803000","2026-03-16T15:08:51.803000","service_eb508f39-ce3d-4391-bb12-d4211c02ede9","false"
"6.3456","[""ST-000018"",""ST-000171"",""ST-000170"",""ST-000169"",""ST-000168"",""ST-000182"",""ST-000183"",""ST-000184"",""ST-000204"",""ST-000207"",""ST-000158"",""ST-000174""]","","[""ST-000145"",""ST-000092""]","21.5752","quickplay","2","5","","RL-000008","69b48a2b7d5c0db589c6bb1c","RL-000008","698d204286a5af9808991620","RL-000008","NC-0000000155","[""RL-000008"",""ST-000018"",""ST-000171"",""ST-000170"",""ST-000169"",""ST-000168"",""ST-000182"",""ST-000183"",""ST-000184"",""ST-000204"",""ST-000207"",""ST-000158"",""ST-000174"",""NC-0000000155""]","5","user","69b815e0e3e5b8463a5a034b","3","[]","2","ST-000018","[""ST-000018"",""ST-000171"",""ST-000170"",""ST-000169"",""ST-000168"",""ST-000182"",""ST-000183"",""ST-000184"",""ST-000204"",""ST-000207"",""ST-000158"",""ST-000174""]","NC-0000000155","3.4","","69b81d038ed101f7f92b5a91","2026-03-16T15:08:51.638000","2026-03-16T15:08:51.638000","service_eb508f39-ce3d-4391-bb12-d4211c02ede9","false"
"9.8171","[""ST-000018"",""ST-000171"",""ST-000170"",""ST-000169"",""ST-000168"",""ST-000182"",""ST-000183"",""ST-000184"",""ST-000204"",""ST-000207"",""ST-000158"",""ST-000174""]","","[""ST-000200"",""ST-000209"",""ST-000210"",""ST-000211"",""ST-000204"",""ST-000205"",""ST-000206"",""ST-000207"",""ST-000202"",""ST-000171"",""ST-000080""]","35.3416","quickplay","2","4","","RL-000008","698c747aee05acfdd23ea578","RL-000008","698d204286a5af9808991620","RL-000008","NC-0000000155","[""RL-000008"",""ST-000018"",""ST-000171"",""ST-000170"",""ST-000169"",""ST-000168"",""ST-000182"",""ST-000183"",""ST-000184"",""ST-000204"",""ST-000207"",""ST-000158"",""ST-000174"",""NC-0000000155""]","4","user","69b815e0e3e5b8463a5a034b","3","[]","5","ST-000018","[""ST-000018"",""ST-000171"",""ST-000170"",""ST-000169"",""ST-000168"",""ST-000182"",""ST-000183"",""ST-000184"",""ST-000204"",""ST-000207"",""ST-000158"",""ST-000174""]","NC-0000000155","3.6","","69b81d03d8d32678b4fef47a","2026-03-16T15:08:51.597000","2026-03-16T15:08:51.597000","service_eb508f39-ce3d-4391-bb12-d4211c02ede9","false"
"9.8171","[""ST-000145"",""ST-000092""]","","[""ST-000200"",""ST-000209"",""ST-000210"",""ST-000211"",""ST-000204"",""ST-000205"",""ST-000206"",""ST-000207"",""ST-000202"",""ST-000171"",""ST-000080""]","35.3416","quickplay","2","4","","RL-000008","698c747aee05acfdd23ea578","RL-000008","69b48a2b7d5c0db589c6bb1c","RL-000008","NC-0000000155","[""RL-000008"",""ST-000145"",""ST-000092"",""NC-0000000155""]","4","user","69b815e0e3e5b8463a5a034b","3","[]","5","ST-000145","[""ST-000145"",""ST-000092""]","NC-0000000155","3.6","","69b81d03cf8e05c81be60263","2026-03-16T15:08:51.427000","2026-03-16T15:08:51.427000","service_eb508f39-ce3d-4391-bb12-d4211c02ede9","false"
"9.9162","[""ST-000200"",""ST-000209"",""ST-000210"",""ST-000211"",""ST-000204"",""ST-000205"",""ST-000206"",""ST-000207"",""ST-000202"",""ST-000171"",""ST-000080""]","","[""ST-000018"",""ST-000171"",""ST-000170"",""ST-000169"",""ST-000168"",""ST-000182"",""ST-000183"",""ST-000184"",""ST-000204"",""ST-000207"",""ST-000158"",""ST-000174""]","41.6479","quickplay","4","4","","RL-000008","698d204286a5af9808991620","RL-000008","698c747aee05acfdd23ea578","RL-000008","NC-0000000155","[""RL-000008"",""ST-000200"",""ST-000209"",""ST-000210"",""ST-000211"",""ST-000204"",""ST-000205"",""ST-000206"",""ST-000207"",""ST-000202"",""ST-000171"",""ST-000080"",""NC-0000000155""]","3","user","69b815e0e3e5b8463a5a034b","5","[]","5","ST-000200","[""ST-000200"",""ST-000209"",""ST-000210"",""ST-000211"",""ST-000204"",""ST-000205"",""ST-000206"",""ST-000207"",""ST-000202"",""ST-000171"",""ST-000080""]","NC-0000000155","4.2","","69b81d013186550fd575158e","2026-03-16T15:08:49.522000","2026-03-16T15:08:49.522000","service_eb508f39-ce3d-4391-bb12-d4211c02ede9","false"
"9.9162","[""ST-000145"",""ST-000092""]","","[""ST-000018"",""ST-000171"",""ST-000170"",""ST-000169"",""ST-000168"",""ST-000182"",""ST-000183"",""ST-000184"",""ST-000204"",""ST-000207"",""ST-000158"",""ST-000174""]","41.6479","quickplay","4","4","","RL-000008","698d204286a5af9808991620","RL-000008","69b48a2b7d5c0db589c6bb1c","RL-000008","NC-0000000155","[""RL-000008"",""ST-000145"",""ST-000092"",""NC-0000000155""]","3","user","69b815e0e3e5b8463a5a034b","5","[]","5","ST-000145","[""ST-000145"",""ST-000092""]","NC-0000000155","4.2","","69b81d01743e30145dc17cfc","2026-03-16T15:08:49.300000","2026-03-16T15:08:49.301000","service_eb508f39-ce3d-4391-bb12-d4211c02ede9","false"
"2.3026","[""ST-000134"",""ST-000200"",""ST-000209"",""ST-000210"",""ST-000211"",""ST-000204"",""ST-000205"",""ST-000206"",""ST-000207"",""ST-000202"",""ST-000171""]","","[""ST-000201""]","10.1314","quickplay","5","3","","RL-000010","69b5fabdcdff0f2e42039d46","RL-000008","698c747aee05acfdd23ea578","RL-000008","NC-0000000148","[""RL-000008"",""ST-000134"",""ST-000200"",""ST-000209"",""ST-000210"",""ST-000211"",""ST-000204"",""ST-000205"",""ST-000206"",""ST-000207"",""ST-000202"",""ST-000171"",""NC-0000000148""]","5","user","69b61b0fbc9710c388942611","5","[]","4","ST-000134","[""ST-000134"",""ST-000200"",""ST-000209"",""ST-000210"",""ST-000211"",""ST-000204"",""ST-000205"",""ST-000206"",""ST-000207"",""ST-000202"",""ST-000171""]","NC-0000000148","4.4","","69b61ba7471c7bc578593c43","2026-03-15T02:38:31.319000","2026-03-15T02:38:31.319000","service_eb508f39-ce3d-4391-bb12-d4211c02ede9","false"
"9.7802","[""ST-000201""]","","[""ST-000134"",""ST-000200"",""ST-000209"",""ST-000210"",""ST-000211"",""ST-000204"",""ST-000205"",""ST-000206"",""ST-000207"",""ST-000202"",""ST-000171""]","43.0328","quickplay","5","3","","RL-000008","698c747aee05acfdd23ea578","RL-000010","69b5fabdcdff0f2e42039d46","RL-000010","NC-0000000148","[""RL-000010"",""ST-000201"",""NC-0000000148""]","5","user","69b61b0fbc9710c388942611","5","[]","4","ST-000201","[""ST-000201""]","NC-0000000148","4.4","","69b61b9ab9055bd2e049bbeb","2026-03-15T02:38:18.584000","2026-03-15T02:38:18.584000","service_eb508f39-ce3d-4391-bb12-d4211c02ede9","false"
"9.7802","[""ST-000080"",""ST-000134"",""ST-000133"",""ST-000018"",""ST-000019"",""ST-000145"",""ST-000139"",""ST-000091""]","","[""ST-000080"",""ST-000134"",""ST-000133"",""ST-000018"",""ST-000019""]","39.1208","event","5","4","","RL-000008","698c747aee05acfdd23ea578","RL-ORGANIZER","698dd1b2193c860027a3457a","RL-ORGANIZER","NC-0000000080","[""RL-ORGANIZER"",""ST-000080"",""ST-000134"",""ST-000133"",""ST-000018"",""ST-000019"",""ST-000145"",""ST-000139"",""ST-000091"",""NC-0000000080""]","4","user","69b58310eeb437ff19eee014","3","[]","4","ST-000080","[""ST-000080"",""ST-000134"",""ST-000133"",""ST-000018"",""ST-000019"",""ST-000145"",""ST-000139"",""ST-000091""]","NC-0000000080","4","","69b583ef10f45c76d9f02169","2026-03-14T15:51:11.160000","2026-03-14T15:51:11.160000","service_eb508f39-ce3d-4391-bb12-d4211c02ede9","false"
"9.7802","[""ST-000145"",""ST-000139"",""ST-000091""]","","[""ST-000080"",""ST-000134"",""ST-000133"",""ST-000018"",""ST-000019""]","39.1208","event","5","4","","RL-000008","698c747aee05acfdd23ea578","RL-000008","698dbbf753d545317578c200","RL-000008","NC-0000000080","[""RL-000008"",""ST-000145"",""ST-000139"",""ST-000091"",""NC-0000000080""]","4","user","69b58310eeb437ff19eee014","3","[]","4","ST-000145","[""ST-000145"",""ST-000139"",""ST-000091""]","NC-0000000080","4","","69b583efde4a30c03d57da5c","2026-03-14T15:51:11.014000","2026-03-14T15:51:11.014000","service_eb508f39-ce3d-4391-bb12-d4211c02ede9","false"
"9.1259","[""ST-000145"",""ST-000139"",""ST-000091""]","","[""ST-000080"",""ST-000134"",""ST-000133"",""ST-000018"",""ST-000019"",""ST-000145"",""ST-000139"",""ST-000091""]","38.3287","event","3","5","","RL-ORGANIZER","698dd1b2193c860027a3457a","RL-000008","698dbbf753d545317578c200","RL-000008","NC-0000000080","[""RL-000008"",""ST-000145"",""ST-000139"",""ST-000091"",""NC-0000000080""]","5","user","69b58310eeb437ff19eee014","4","[]","4","ST-000145","[""ST-000145"",""ST-000139"",""ST-000091""]","NC-0000000080","4.2","","69b583ebad3613710bc62ec4","2026-03-14T15:51:07.959000","2026-03-14T15:51:07.959000","service_eb508f39-ce3d-4391-bb12-d4211c02ede9","false"
"9.1259","[""ST-000080"",""ST-000134"",""ST-000133"",""ST-000018"",""ST-000019""]","","[""ST-000080"",""ST-000134"",""ST-000133"",""ST-000018"",""ST-000019"",""ST-000145"",""ST-000139"",""ST-000091""]","38.3287","event","3","5","","RL-ORGANIZER","698dd1b2193c860027a3457a","RL-000008","698c747aee05acfdd23ea578","RL-000008","NC-0000000080","[""RL-000008"",""ST-000080"",""ST-000134"",""ST-000133"",""ST-000018"",""ST-000019"",""NC-0000000080""]","5","user","69b58310eeb437ff19eee014","4","[]","4","ST-000080","[""ST-000080"",""ST-000134"",""ST-000133"",""ST-000018"",""ST-000019""]","NC-0000000080","4.2","","69b583eb5e6a03c0d1ab0ea2","2026-03-14T15:51:07.706000","2026-03-14T15:51:07.706000","service_eb508f39-ce3d-4391-bb12-d4211c02ede9","false"
"9.8357","[""ST-000080"",""ST-000134"",""ST-000133"",""ST-000018"",""ST-000019""]","","[]","31.4744","event","3","3","","RL-000010","698dbbf753d545317578c200","RL-ORGANIZER","698d204286a5af9808991620","RL-ORGANIZER","NC-0000000300","[""RL-ORGANIZER"",""ST-000080"",""ST-000134"",""ST-000133"",""ST-000018"",""ST-000019"",""NC-0000000300""]","3","user","69b5764bfd3061fcedb6bbba","4","[]","3","ST-000080","[""ST-000080"",""ST-000134"",""ST-000133"",""ST-000018"",""ST-000019""]","NC-0000000300","3.2","","69b57ff7201216ec9f68b2f2","2026-03-14T15:34:15.305000","2026-03-14T15:34:15.305000","service_eb508f39-ce3d-4391-bb12-d4211c02ede9","false"
"9.8357","[]","","[]","31.4744","event","3","3","","RL-000010","698dbbf753d545317578c200","RL-000055","698dc6f781b400b640a229f6","RL-000055","NC-0000000300","[""RL-000055"",""NC-0000000300""]","3","user","69b5764bfd3061fcedb6bbba","4","[]","3","","[]","NC-0000000300","3.2","","69b57ff7a0f33d92c3acb93d","2026-03-14T15:34:15.138000","2026-03-14T15:34:15.138000","service_eb508f39-ce3d-4391-bb12-d4211c02ede9","false"
"9.8357","[]","","[]","31.4744","event","3","3","","RL-000010","698dbbf753d545317578c200","RL-001001","698dd1b2193c860027a3457a","RL-001001","NC-0000000300","[""RL-001001"",""NC-0000000300""]","3","user","69b5764bfd3061fcedb6bbba","4","[]","3","","[]","NC-0000000300","3.2","","69b57ff697ffc2384e5a5453","2026-03-14T15:34:14.981000","2026-03-14T15:34:14.981000","service_eb508f39-ce3d-4391-bb12-d4211c02ede9","false"
"9.8357","[]","","[]","31.4744","event","3","3","","RL-000010","698dbbf753d545317578c200","RL-000025","69b48a2b7d5c0db589c6bb1c","RL-000025","NC-0000000300","[""RL-000025"",""NC-0000000300""]","3","user","69b5764bfd3061fcedb6bbba","4","[]","3","","[]","NC-0000000300","3.2","","69b57ff6e7805bc9e9e22eb8","2026-03-14T15:34:14.753000","2026-03-14T15:34:14.753000","service_eb508f39-ce3d-4391-bb12-d4211c02ede9","false"
"9.8357","[""ST-000080"",""ST-000134"",""ST-000133"",""ST-000018"",""ST-000019""]","","[]","31.4744","event","3","3","","RL-000010","698dbbf753d545317578c200","RL-000008","698c747aee05acfdd23ea578","RL-000008","NC-0000000300","[""RL-000008"",""ST-000080"",""ST-000134"",""ST-000133"",""ST-000018"",""ST-000019"",""NC-0000000300""]","3","user","69b5764bfd3061fcedb6bbba","4","[]","3","ST-000080","[""ST-000080"",""ST-000134"",""ST-000133"",""ST-000018"",""ST-000019""]","NC-0000000300","3.2","","69b57ff60d917cd9aefe90a9","2026-03-14T15:34:14.593000","2026-03-14T15:34:14.593000","service_eb508f39-ce3d-4391-bb12-d4211c02ede9","false"
"9.1105","[""ST-000080"",""ST-000134"",""ST-000133"",""ST-000018"",""ST-000019""]","","[]","27.3316","event","3","3","","RL-001001","698dd1b2193c860027a3457a","RL-ORGANIZER","698d204286a5af9808991620","RL-ORGANIZER","NC-0000000300","[""RL-ORGANIZER"",""ST-000080"",""ST-000134"",""ST-000133"",""ST-000018"",""ST-000019"",""NC-0000000300""]","3","user","69b5764bfd3061fcedb6bbba","3","[]","3","ST-000080","[""ST-000080"",""ST-000134"",""ST-000133"",""ST-000018"",""ST-000019""]","NC-0000000300","3","","69b57fea4eefb7434d1625da","2026-03-14T15:34:02.768000","2026-03-14T15:34:02.768000","service_eb508f39-ce3d-4391-bb12-d4211c02ede9","false"
"9.1105","[]","","[]","27.3316","event","3","3","","RL-001001","698dd1b2193c860027a3457a","RL-000055","698dc6f781b400b640a229f6","RL-000055","NC-0000000300","[""RL-000055"",""NC-0000000300""]","3","user","69b5764bfd3061fcedb6bbba","3","[]","3","","[]","NC-0000000300","3","","69b57feabe236601ff2c8a54","2026-03-14T15:34:02.579000","2026-03-14T15:34:02.579000","service_eb508f39-ce3d-4391-bb12-d4211c02ede9","false"
"9.1105","[]","","[]","27.3316","event","3","3","","RL-001001","698dd1b2193c860027a3457a","RL-000025","69b48a2b7d5c0db589c6bb1c","RL-000025","NC-0000000300","[""RL-000025"",""NC-0000000300""]","3","user","69b5764bfd3061fcedb6bbba","3","[]","3","","[]","NC-0000000300","3","","69b57fea0fd671710dc85749","2026-03-14T15:34:02.409000","2026-03-14T15:34:02.409000","service_eb508f39-ce3d-4391-bb12-d4211c02ede9","false"
"9.1105","[]","","[]","27.3316","event","3","3","","RL-001001","698dd1b2193c860027a3457a","RL-000010","698dbbf753d545317578c200","RL-000010","NC-0000000300","[""RL-000010"",""NC-0000000300""]","3","user","69b5764bfd3061fcedb6bbba","3","[]","3","","[]","NC-0000000300","3","","69b57feaca741609dfed187b","2026-03-14T15:34:02.248000","2026-03-14T15:34:02.248000","service_eb508f39-ce3d-4391-bb12-d4211c02ede9","false"
"9.1105","[""ST-000080"",""ST-000134"",""ST-000133"",""ST-000018"",""ST-000019""]","","[]","27.3316","event","3","3","","RL-001001","698dd1b2193c860027a3457a","RL-000008","698c747aee05acfdd23ea578","RL-000008","NC-0000000300","[""RL-000008"",""ST-000080"",""ST-000134"",""ST-000133"",""ST-000018"",""ST-000019"",""NC-0000000300""]","3","user","69b5764bfd3061fcedb6bbba","3","[]","3","ST-000080","[""ST-000080"",""ST-000134"",""ST-000133"",""ST-000018"",""ST-000019""]","NC-0000000300","3","","69b57fea6ea955dc1c09e120","2026-03-14T15:34:02.058000","2026-03-14T15:34:02.058000","service_eb508f39-ce3d-4391-bb12-d4211c02ede9","false"
"9.7433","[""ST-000080"",""ST-000134"",""ST-000133"",""ST-000018"",""ST-000019""]","","[""ST-000080"",""ST-000134"",""ST-000133"",""ST-000018"",""ST-000019""]","35.0759","event","2","4","","RL-000008","698c747aee05acfdd23ea578","RL-ORGANIZER","698d204286a5af9808991620","RL-ORGANIZER","NC-0000000300","[""RL-ORGANIZER"",""ST-000080"",""ST-000134"",""ST-000133"",""ST-000018"",""ST-000019"",""NC-0000000300""]","4","user","69b5764bfd3061fcedb6bbba","5","[]","3","ST-000080","[""ST-000080"",""ST-000134"",""ST-000133"",""ST-000018"",""ST-000019""]","NC-0000000300","3.6","","69b579be0799e0a2214cf1a5","2026-03-14T15:07:42.569000","2026-03-14T15:07:42.569000","service_eb508f39-ce3d-4391-bb12-d4211c02ede9","false"
"9.7433","[]","","[""ST-000080"",""ST-000134"",""ST-000133"",""ST-000018"",""ST-000019""]","35.0759","event","2","4","","RL-000008","698c747aee05acfdd23ea578","RL-000055","698dc6f781b400b640a229f6","RL-000055","NC-0000000300","[""RL-000055"",""NC-0000000300""]","4","user","69b5764bfd3061fcedb6bbba","5","[]","3","","[]","NC-0000000300","3.6","","69b579be3ff4a594183768bd","2026-03-14T15:07:42.437000","2026-03-14T15:07:42.437000","service_eb508f39-ce3d-4391-bb12-d4211c02ede9","false"
"9.7433","[]","","[""ST-000080"",""ST-000134"",""ST-000133"",""ST-000018"",""ST-000019""]","35.0759","event","2","4","","RL-000008","698c747aee05acfdd23ea578","RL-001001","698dd1b2193c860027a3457a","RL-001001","NC-0000000300","[""RL-001001"",""NC-0000000300""]","4","user","69b5764bfd3061fcedb6bbba","5","[]","3","","[]","NC-0000000300","3.6","","69b579beda9c4fc89a3f2fd6","2026-03-14T15:07:42.264000","2026-03-14T15:07:42.264000","service_eb508f39-ce3d-4391-bb12-d4211c02ede9","false"
"9.7433","[]","","[""ST-000080"",""ST-000134"",""ST-000133"",""ST-000018"",""ST-000019""]","35.0759","event","2","4","","RL-000008","698c747aee05acfdd23ea578","RL-000025","69b48a2b7d5c0db589c6bb1c","RL-000025","NC-0000000300","[""RL-000025"",""NC-0000000300""]","4","user","69b5764bfd3061fcedb6bbba","5","[]","3","","[]","NC-0000000300","3.6","","69b579bde5b9c3658fbc3b76","2026-03-14T15:07:41.977000","2026-03-14T15:07:41.977000","service_eb508f39-ce3d-4391-bb12-d4211c02ede9","false"
"9.7433","[]","","[""ST-000080"",""ST-000134"",""ST-000133"",""ST-000018"",""ST-000019""]","35.0759","event","2","4","","RL-000008","698c747aee05acfdd23ea578","RL-000010","698dbbf753d545317578c200","RL-000010","NC-0000000300","[""RL-000010"",""NC-0000000300""]","4","user","69b5764bfd3061fcedb6bbba","5","[]","3","","[]","NC-0000000300","3.6","","69b579bd3ff4a594183768bc","2026-03-14T15:07:41.714000","2026-03-14T15:07:41.714000","service_eb508f39-ce3d-4391-bb12-d4211c02ede9","false"
"5.6699","[""ST-000080"",""ST-000134"",""ST-000133"",""ST-000018"",""ST-000019""]","","[]","23.8135","event","3","5","","RL-000055","698dc6f781b400b640a229f6","RL-ORGANIZER","698d204286a5af9808991620","RL-ORGANIZER","NC-0000000300","[""RL-ORGANIZER"",""ST-000080"",""ST-000134"",""ST-000133"",""ST-000018"",""ST-000019"",""NC-0000000300""]","5","user","69b5764bfd3061fcedb6bbba","4","[]","4","ST-000080","[""ST-000080"",""ST-000134"",""ST-000133"",""ST-000018"",""ST-000019""]","NC-0000000300","4.2","","69b579b7050ac713c94947e3","2026-03-14T15:07:35.522000","2026-03-14T15:07:35.522000","service_eb508f39-ce3d-4391-bb12-d4211c02ede9","false"
"5.6699","[]","","[]","23.8135","event","3","5","","RL-000055","698dc6f781b400b640a229f6","RL-001001","698dd1b2193c860027a3457a","RL-001001","NC-0000000300","[""RL-001001"",""NC-0000000300""]","5","user","69b5764bfd3061fcedb6bbba","4","[]","4","","[]","NC-0000000300","4.2","","69b579b71a45b746a52c2f82","2026-03-14T15:07:35.400000","2026-03-14T15:07:35.400000","service_eb508f39-ce3d-4391-bb12-d4211c02ede9","false"
"5.6699","[]","","[]","23.8135","event","3","5","","RL-000055","698dc6f781b400b640a229f6","RL-000025","69b48a2b7d5c0db589c6bb1c","RL-000025","NC-0000000300","[""RL-000025"",""NC-0000000300""]","5","user","69b5764bfd3061fcedb6bbba","4","[]","4","","[]","NC-0000000300","4.2","","69b579b73ff4a594183768b9","2026-03-14T15:07:35.220000","2026-03-14T15:07:35.220000","service_eb508f39-ce3d-4391-bb12-d4211c02ede9","false"
"5.6699","[]","","[]","23.8135","event","3","5","","RL-000055","698dc6f781b400b640a229f6","RL-000010","698dbbf753d545317578c200","RL-000010","NC-0000000300","[""RL-000010"",""NC-0000000300""]","5","user","69b5764bfd3061fcedb6bbba","4","[]","4","","[]","NC-0000000300","4.2","","69b579b7daf17b947a70430b","2026-03-14T15:07:35.004000","2026-03-14T15:07:35.004000","service_eb508f39-ce3d-4391-bb12-d4211c02ede9","false"
"5.6699","[""ST-000080"",""ST-000134"",""ST-000133"",""ST-000018"",""ST-000019""]","","[]","23.8135","event","3","5","","RL-000055","698dc6f781b400b640a229f6","RL-000008","698c747aee05acfdd23ea578","RL-000008","NC-0000000300","[""RL-000008"",""ST-000080"",""ST-000134"",""ST-000133"",""ST-000018"",""ST-000019"",""NC-0000000300""]","5","user","69b5764bfd3061fcedb6bbba","4","[]","4","ST-000080","[""ST-000080"",""ST-000134"",""ST-000133"",""ST-000018"",""ST-000019""]","NC-0000000300","4.2","","69b579b632c88fbb89546b79","2026-03-14T15:07:34.858000","2026-03-14T15:07:34.858000","service_eb508f39-ce3d-4391-bb12-d4211c02ede9","false"
"5.6699","[""ST-000080"",""ST-000134"",""ST-000133"",""ST-000018"",""ST-000019""]","","[]","11.3398","event","2","3","","RL-000025","69b48a2b7d5c0db589c6bb1c","RL-ORGANIZER","698d204286a5af9808991620","RL-ORGANIZER","NC-0000000300","[""RL-ORGANIZER"",""ST-000080"",""ST-000134"",""ST-000133"",""ST-000018"",""ST-000019"",""NC-0000000300""]","2","user","69b5764bfd3061fcedb6bbba","1","[]","2","ST-000080","[""ST-000080"",""ST-000134"",""ST-000133"",""ST-000018"",""ST-000019""]","NC-0000000300","2","","69b579b30bcdd2dd317b457a","2026-03-14T15:07:31.176000","2026-03-14T15:07:31.176000","service_eb508f39-ce3d-4391-bb12-d4211c02ede9","false"
"5.6699","[]","","[]","11.3398","event","2","3","","RL-000025","69b48a2b7d5c0db589c6bb1c","RL-000055","698dc6f781b400b640a229f6","RL-000055","NC-0000000300","[""RL-000055"",""NC-0000000300""]","2","user","69b5764bfd3061fcedb6bbba","1","[]","2","","[]","NC-0000000300","2","","69b579b38b2a844aa07295ee","2026-03-14T15:07:31.042000","2026-03-14T15:07:31.042000","service_eb508f39-ce3d-4391-bb12-d4211c02ede9","false"
"5.6699","[]","","[]","11.3398","event","2","3","","RL-000025","69b48a2b7d5c0db589c6bb1c","RL-001001","698dd1b2193c860027a3457a","RL-001001","NC-0000000300","[""RL-001001"",""NC-0000000300""]","2","user","69b5764bfd3061fcedb6bbba","1","[]","2","","[]","NC-0000000300","2","","69b579b215336cabb2e791ab","2026-03-14T15:07:30.851000","2026-03-14T15:07:30.851000","service_eb508f39-ce3d-4391-bb12-d4211c02ede9","false"
"5.6699","[]","","[]","11.3398","event","2","3","","RL-000025","69b48a2b7d5c0db589c6bb1c","RL-000010","698dbbf753d545317578c200","RL-000010","NC-0000000300","[""RL-000010"",""NC-0000000300""]","2","user","69b5764bfd3061fcedb6bbba","1","[]","2","","[]","NC-0000000300","2","","69b579b2daf17b947a704308","2026-03-14T15:07:30.600000","2026-03-14T15:07:30.600000","service_eb508f39-ce3d-4391-bb12-d4211c02ede9","false"
"5.6699","[""ST-000080"",""ST-000134"",""ST-000133"",""ST-000018"",""ST-000019""]","","[]","11.3398","event","2","3","","RL-000025","69b48a2b7d5c0db589c6bb1c","RL-000008","698c747aee05acfdd23ea578","RL-000008","NC-0000000300","[""RL-000008"",""ST-000080"",""ST-000134"",""ST-000133"",""ST-000018"",""ST-000019"",""NC-0000000300""]","2","user","69b5764bfd3061fcedb6bbba","1","[]","2","ST-000080","[""ST-000080"",""ST-000134"",""ST-000133"",""ST-000018"",""ST-000019""]","NC-0000000300","2","","69b579b21d80f86f38f88bfb","2026-03-14T15:07:30.374000","2026-03-14T15:07:30.374000","service_eb508f39-ce3d-4391-bb12-d4211c02ede9","false"
"9.899","[]","","[""ST-000080"",""ST-000134"",""ST-000133"",""ST-000018"",""ST-000019""]","31.6767","event","3","5","","RL-ORGANIZER","698d204286a5af9808991620","RL-000055","698dc6f781b400b640a229f6","RL-000055","NC-0000000300","[""RL-000055"",""NC-0000000300""]","2","user","69b5764bfd3061fcedb6bbba","2","[]","4","","[]","NC-0000000300","3.2","","69b579af3a71f9e51ccbc69a","2026-03-14T15:07:27.507000","2026-03-14T15:07:27.507000","service_eb508f39-ce3d-4391-bb12-d4211c02ede9","false"
"9.899","[]","","[""ST-000080"",""ST-000134"",""ST-000133"",""ST-000018"",""ST-000019""]","31.6767","event","3","5","","RL-ORGANIZER","698d204286a5af9808991620","RL-001001","698dd1b2193c860027a3457a","RL-001001","NC-0000000300","[""RL-001001"",""NC-0000000300""]","2","user","69b5764bfd3061fcedb6bbba","2","[]","4","","[]","NC-0000000300","3.2","","69b579af1a45b746a52c2f7f","2026-03-14T15:07:27.271000","2026-03-14T15:07:27.271000","service_eb508f39-ce3d-4391-bb12-d4211c02ede9","false"
"9.899","[]","","[""ST-000080"",""ST-000134"",""ST-000133"",""ST-000018"",""ST-000019""]","31.6767","event","3","5","","RL-ORGANIZER","698d204286a5af9808991620","RL-000025","69b48a2b7d5c0db589c6bb1c","RL-000025","NC-0000000300","[""RL-000025"",""NC-0000000300""]","2","user","69b5764bfd3061fcedb6bbba","2","[]","4","","[]","NC-0000000300","3.2","","69b579afc7c6374fb5cfb7a4","2026-03-14T15:07:27.143000","2026-03-14T15:07:27.143000","service_eb508f39-ce3d-4391-bb12-d4211c02ede9","false"
"9.899","[]","","[""ST-000080"",""ST-000134"",""ST-000133"",""ST-000018"",""ST-000019""]","31.6767","event","3","5","","RL-ORGANIZER","698d204286a5af9808991620","RL-000010","698dbbf753d545317578c200","RL-000010","NC-0000000300","[""RL-000010"",""NC-0000000300""]","2","user","69b5764bfd3061fcedb6bbba","2","[]","4","","[]","NC-0000000300","3.2","","69b579ae050ac713c94947e0","2026-03-14T15:07:26.948000","2026-03-14T15:07:26.948000","service_eb508f39-ce3d-4391-bb12-d4211c02ede9","false"
"9.899","[""ST-000080"",""ST-000134"",""ST-000133"",""ST-000018"",""ST-000019""]","","[""ST-000080"",""ST-000134"",""ST-000133"",""ST-000018"",""ST-000019""]","31.6767","event","3","5","","RL-ORGANIZER","698d204286a5af9808991620","RL-000008","698c747aee05acfdd23ea578","RL-000008","NC-0000000300","[""RL-000008"",""ST-000080"",""ST-000134"",""ST-000133"",""ST-000018"",""ST-000019"",""NC-0000000300""]","2","user","69b5764bfd3061fcedb6bbba","2","[]","4","ST-000080","[""ST-000080"",""ST-000134"",""ST-000133"",""ST-000018"",""ST-000019""]","NC-0000000300","3.2","","69b579aeb626e52ae714e37b","2026-03-14T15:07:26.802000","2026-03-14T15:07:26.802000","service_eb508f39-ce3d-4391-bb12-d4211c02ede9","false"
"5.6699","[""ST-000144""]","","[""ST-000144""]","23.8135","event","5","5","","RL-000008","69b48a2b7d5c0db589c6bb1c","RL-ORGANIZER","69b4a8115562898f235bf638","RL-ORGANIZER","","[""RL-ORGANIZER"",""ST-000144""]","3","user","69b4ad3b727dad5388e331ee","4","[]","4","ST-000144","[""ST-000144""]","","4.2","","69b4af99131c8e4b3dbbf6d1","2026-03-14T00:45:13.911000","2026-03-14T00:45:13.911000","service_eb508f39-ce3d-4391-bb12-d4211c02ede9","false"
"5.6699","[]","","[""ST-000144""]","23.8135","event","5","5","","RL-000008","69b48a2b7d5c0db589c6bb1c","RL-000008","698d204286a5af9808991620","RL-000008","","[""RL-000008""]","3","user","69b4ad3b727dad5388e331ee","4","[]","4","","[]","","4.2","","69b4af99b0d313ab3519703f","2026-03-14T00:45:13.769000","2026-03-14T00:45:13.769000","service_eb508f39-ce3d-4391-bb12-d4211c02ede9","false"
"9.8828","[""ST-000029"",""ST-000019"",""ST-000025""]","","[""ST-000018"",""ST-000171"",""ST-000170"",""ST-000169"",""ST-000168"",""ST-000182"",""ST-000183"",""ST-000184"",""ST-000204"",""ST-000207"",""ST-000158"",""ST-000174""]","43.4842","quickplay","4","4","","RL-000008","698d204286a5af9808991620","RL-000008","69b4a88ad33793adbf168b20","RL-000008","NC-0000000071","[""RL-000008"",""ST-000029"",""ST-000019"",""ST-000025"",""NC-0000000071""]","4","user","69b4aa83944cf0e03a69ea50","5","[]","5","ST-000029","[""ST-000029"",""ST-000019"",""ST-000025""]","NC-0000000071","4.4","","69b4abb0635c38147c8d25ed","2026-03-14T00:28:32.092000","2026-03-14T00:28:32.092000","service_eb508f39-ce3d-4391-bb12-d4211c02ede9","false"
"9.8828","[""ST-000191"",""ST-000068"",""ST-000071"",""ST-000052""]","","[""ST-000018"",""ST-000171"",""ST-000170"",""ST-000169"",""ST-000168"",""ST-000182"",""ST-000183"",""ST-000184"",""ST-000204"",""ST-000207"",""ST-000158"",""ST-000174""]","43.4842","quickplay","4","4","","RL-000008","698d204286a5af9808991620","RL-000008","69b4a8115562898f235bf638","RL-000008","NC-0000000071","[""RL-000008"",""ST-000191"",""ST-000068"",""ST-000071"",""ST-000052"",""NC-0000000071""]","4","user","69b4aa83944cf0e03a69ea50","5","[]","5","ST-000191","[""ST-000191"",""ST-000068"",""ST-000071"",""ST-000052""]","NC-0000000071","4.4","","69b4abaf9af72c65cac50086","2026-03-14T00:28:31.968000","2026-03-14T00:28:31.968000","service_eb508f39-ce3d-4391-bb12-d4211c02ede9","false"
"9.8828","[""ST-000092"",""ST-000091"",""ST-000145""]","","[""ST-000018"",""ST-000171"",""ST-000170"",""ST-000169"",""ST-000168"",""ST-000182"",""ST-000183"",""ST-000184"",""ST-000204"",""ST-000207"",""ST-000158"",""ST-000174""]","43.4842","quickplay","4","4","","RL-000008","698d204286a5af9808991620","RL-000008","69b48a2b7d5c0db589c6bb1c","RL-000008","NC-0000000071","[""RL-000008"",""ST-000092"",""ST-000091"",""ST-000145"",""NC-0000000071""]","4","user","69b4aa83944cf0e03a69ea50","5","[]","5","ST-000092","[""ST-000092"",""ST-000091"",""ST-000145""]","NC-0000000071","4.4","","69b4abaf1428f6686deb303d","2026-03-14T00:28:31.798000","2026-03-14T00:28:31.798000","service_eb508f39-ce3d-4391-bb12-d4211c02ede9","false"
"5.0106","[""ST-000029"",""ST-000019"",""ST-000025""]","","[""ST-000092"",""ST-000091"",""ST-000145""]","25.0532","quickplay","5","5","","RL-000008","69b48a2b7d5c0db589c6bb1c","RL-000008","69b4a88ad33793adbf168b20","RL-000008","NC-0000000071","[""RL-000008"",""ST-000029"",""ST-000019"",""ST-000025"",""NC-0000000071""]","5","user","69b4aa83944cf0e03a69ea50","5","[]","5","ST-000029","[""ST-000029"",""ST-000019"",""ST-000025""]","NC-0000000071","5","","69b4abaaebe3b791aeccd729","2026-03-14T00:28:26.850000","2026-03-14T00:28:26.850000","service_eb508f39-ce3d-4391-bb12-d4211c02ede9","false"
"5.0106","[""ST-000018"",""ST-000171"",""ST-000170"",""ST-000169"",""ST-000168"",""ST-000182"",""ST-000183"",""ST-000184"",""ST-000204"",""ST-000207"",""ST-000158"",""ST-000174""]","","[""ST-000092"",""ST-000091"",""ST-000145""]","25.0532","quickplay","5","5","","RL-000008","69b48a2b7d5c0db589c6bb1c","RL-000008","698d204286a5af9808991620","RL-000008","NC-0000000071","[""RL-000008"",""ST-000018"",""ST-000171"",""ST-000170"",""ST-000169"",""ST-000168"",""ST-000182"",""ST-000183"",""ST-000184"",""ST-000204"",""ST-000207"",""ST-000158"",""ST-000174"",""NC-0000000071""]","5","user","69b4aa83944cf0e03a69ea50","5","[]","5","ST-000018","[""ST-000018"",""ST-000171"",""ST-000170"",""ST-000169"",""ST-000168"",""ST-000182"",""ST-000183"",""ST-000184"",""ST-000204"",""ST-000207"",""ST-000158"",""ST-000174""]","NC-0000000071","5","","69b4abaa6cf91ea1d19ed85a","2026-03-14T00:28:26.727000","2026-03-14T00:28:26.727000","service_eb508f39-ce3d-4391-bb12-d4211c02ede9","false"
"5.0106","[""ST-000191"",""ST-000068"",""ST-000071"",""ST-000052""]","","[""ST-000092"",""ST-000091"",""ST-000145""]","25.0532","quickplay","5","5","","RL-000008","69b48a2b7d5c0db589c6bb1c","RL-000008","69b4a8115562898f235bf638","RL-000008","NC-0000000071","[""RL-000008"",""ST-000191"",""ST-000068"",""ST-000071"",""ST-000052"",""NC-0000000071""]","5","user","69b4aa83944cf0e03a69ea50","5","[]","5","ST-000191","[""ST-000191"",""ST-000068"",""ST-000071"",""ST-000052""]","NC-0000000071","5","","69b4abaa1b998e4546a53667","2026-03-14T00:28:26.524000","2026-03-14T00:28:26.524000","service_eb508f39-ce3d-4391-bb12-d4211c02ede9","false"
"2.3026","[""ST-000029"",""ST-000019"",""ST-000025""]","","[""ST-000191"",""ST-000068"",""ST-000071"",""ST-000052""]","6.9078","quickplay","3","1","","RL-000008","69b4a8115562898f235bf638","RL-000008","69b4a88ad33793adbf168b20","RL-000008","NC-0000000071","[""RL-000008"",""ST-000029"",""ST-000019"",""ST-000025"",""NC-0000000071""]","5","user","69b4aa83944cf0e03a69ea50","1","[]","5","ST-000029","[""ST-000029"",""ST-000019"",""ST-000025""]","NC-0000000071","3","oeuf","69b4ab992ee3bb595d24ba0b","2026-03-14T00:28:09.997000","2026-03-14T00:28:09.997000","service_eb508f39-ce3d-4391-bb12-d4211c02ede9","false"
"2.3026","[""ST-000018"",""ST-000171"",""ST-000170"",""ST-000169"",""ST-000168"",""ST-000182"",""ST-000183"",""ST-000184"",""ST-000204"",""ST-000207"",""ST-000158"",""ST-000174""]","","[""ST-000191"",""ST-000068"",""ST-000071"",""ST-000052""]","6.9078","quickplay","3","1","","RL-000008","69b4a8115562898f235bf638","RL-000008","698d204286a5af9808991620","RL-000008","NC-0000000071","[""RL-000008"",""ST-000018"",""ST-000171"",""ST-000170"",""ST-000169"",""ST-000168"",""ST-000182"",""ST-000183"",""ST-000184"",""ST-000204"",""ST-000207"",""ST-000158"",""ST-000174"",""NC-0000000071""]","5","user","69b4aa83944cf0e03a69ea50","1","[]","5","ST-000018","[""ST-000018"",""ST-000171"",""ST-000170"",""ST-000169"",""ST-000168"",""ST-000182"",""ST-000183"",""ST-000184"",""ST-000204"",""ST-000207"",""ST-000158"",""ST-000174""]","NC-0000000071","3","oeuf","69b4ab99e57a258c79d43721","2026-03-14T00:28:09.854000","2026-03-14T00:28:09.854000","service_eb508f39-ce3d-4391-bb12-d4211c02ede9","false"
"2.3026","[""ST-000092"",""ST-000091"",""ST-000145""]","","[""ST-000191"",""ST-000068"",""ST-000071"",""ST-000052""]","6.9078","quickplay","3","1","","RL-000008","69b4a8115562898f235bf638","RL-000008","69b48a2b7d5c0db589c6bb1c","RL-000008","NC-0000000071","[""RL-000008"",""ST-000092"",""ST-000091"",""ST-000145"",""NC-0000000071""]","5","user","69b4aa83944cf0e03a69ea50","1","[]","5","ST-000092","[""ST-000092"",""ST-000091"",""ST-000145""]","NC-0000000071","3","oeuf","69b4ab99d59e577529afa46d","2026-03-14T00:28:09.729000","2026-03-14T00:28:09.729000","service_eb508f39-ce3d-4391-bb12-d4211c02ede9","false"
"2.3026","[""ST-000018"",""ST-000171"",""ST-000170"",""ST-000169"",""ST-000168"",""ST-000182"",""ST-000183"",""ST-000184"",""ST-000204"",""ST-000207"",""ST-000158"",""ST-000174""]","","[""ST-000029"",""ST-000019"",""ST-000025""]","11.5129","quickplay","5","5","","RL-000008","69b4a88ad33793adbf168b20","RL-000008","698d204286a5af9808991620","RL-000008","NC-0000000071","[""RL-000008"",""ST-000018"",""ST-000171"",""ST-000170"",""ST-000169"",""ST-000168"",""ST-000182"",""ST-000183"",""ST-000184"",""ST-000204"",""ST-000207"",""ST-000158"",""ST-000174"",""NC-0000000071""]","5","user","69b4aa83944cf0e03a69ea50","5","[]","5","ST-000018","[""ST-000018"",""ST-000171"",""ST-000170"",""ST-000169"",""ST-000168"",""ST-000182"",""ST-000183"",""ST-000184"",""ST-000204"",""ST-000207"",""ST-000158"",""ST-000174""]","NC-0000000071","5","","69b4ab84b195673267b892f1","2026-03-14T00:27:48.154000","2026-03-14T00:27:48.154000","service_eb508f39-ce3d-4391-bb12-d4211c02ede9","false"
"2.3026","[""ST-000191"",""ST-000068"",""ST-000071"",""ST-000052""]","","[""ST-000029"",""ST-000019"",""ST-000025""]","11.5129","quickplay","5","5","","RL-000008","69b4a88ad33793adbf168b20","RL-000008","69b4a8115562898f235bf638","RL-000008","NC-0000000071","[""RL-000008"",""ST-000191"",""ST-000068"",""ST-000071"",""ST-000052"",""NC-0000000071""]","5","user","69b4aa83944cf0e03a69ea50","5","[]","5","ST-000191","[""ST-000191"",""ST-000068"",""ST-000071"",""ST-000052""]","NC-0000000071","5","","69b4ab84ce220ba275ee21f2","2026-03-14T00:27:48.022000","2026-03-14T00:27:48.022000","service_eb508f39-ce3d-4391-bb12-d4211c02ede9","false"
"2.3026","[""ST-000092"",""ST-000091"",""ST-000145""]","","[""ST-000029"",""ST-000019"",""ST-000025""]","11.5129","quickplay","5","5","","RL-000008","69b4a88ad33793adbf168b20","RL-000008","69b48a2b7d5c0db589c6bb1c","RL-000008","NC-0000000071","[""RL-000008"",""ST-000092"",""ST-000091"",""ST-000145"",""NC-0000000071""]","5","user","69b4aa83944cf0e03a69ea50","5","[]","5","ST-000092","[""ST-000092"",""ST-000091"",""ST-000145""]","NC-0000000071","5","","69b4ab830f2501f564b281fa","2026-03-14T00:27:47.827000","2026-03-14T00:27:47.827000","service_eb508f39-ce3d-4391-bb12-d4211c02ede9","false"
"2.3026","[""ST-000135""]","","[""ST-000145"",""ST-000144"",""ST-000091""]","10.1314","quickplay","4","4","","RL-000008","69b48a2b7d5c0db589c6bb1c","RL-000008","698dd1b2193c860027a3457a","RL-000008","NC-0000000059","[""RL-000008"",""ST-000135"",""NC-0000000059""]","5","user","69b43b9c3de8510420cecea8","4","[]","5","ST-000135","[""ST-000135""]","NC-0000000059","4.4","","69b48b6e255a48bef070d525","2026-03-13T22:10:54.741000","2026-03-13T22:10:54.741000","service_eb508f39-ce3d-4391-bb12-d4211c02ede9","false"
"9.0372","[""ST-000145"",""ST-000144"",""ST-000091""]","","[""ST-000135""]","36.1487","quickplay","5","4","","RL-000008","698dd1b2193c860027a3457a","RL-000008","69b48a2b7d5c0db589c6bb1c","RL-000008","NC-0000000059","[""RL-000008"",""ST-000145"",""ST-000144"",""ST-000091"",""NC-0000000059""]","4","user","69b43b9c3de8510420cecea8","3","[]","4","ST-000145","[""ST-000145"",""ST-000144"",""ST-000091""]","NC-0000000059","4","","69b48b696c1cd7d443eb9e04","2026-03-13T22:10:49.894000","2026-03-13T22:10:49.894000","service_eb508f39-ce3d-4391-bb12-d4211c02ede9","false"
"9.0372","[""ST-000219"",""ST-000171""]","","[""ST-000219""]","36.1487","event","5","4","","RL-000008","698dd1b2193c860027a3457a","RL-ORGANIZER","698d204286a5af9808991620","RL-ORGANIZER","NC-0000000010","[""RL-ORGANIZER"",""ST-000219"",""ST-000171"",""NC-0000000010""]","3","user","69b417d193cfc1540addbd06","4","[]","4","ST-000219","[""ST-000219"",""ST-000171""]","NC-0000000010","4","","69b429a577410532e4401bbd","2026-03-13T15:13:41.643000","2026-03-13T15:13:41.643000","service_eb508f39-ce3d-4391-bb12-d4211c02ede9","false"
"9.0372","[]","","[""ST-000219""]","36.1487","event","5","4","","RL-000008","698dd1b2193c860027a3457a","RL-000010","698dbbf753d545317578c200","RL-000010","NC-0000000010","[""RL-000010"",""NC-0000000010""]","3","user","69b417d193cfc1540addbd06","4","[]","4","","[]","NC-0000000010","4","","69b429a5cb087e95e985bec0","2026-03-13T15:13:41.514000","2026-03-13T15:13:41.514000","service_eb508f39-ce3d-4391-bb12-d4211c02ede9","false"
"9.0372","[""ST-000171""]","","[""ST-000219""]","36.1487","event","5","4","","RL-000008","698dd1b2193c860027a3457a","RL-000025","698c747aee05acfdd23ea578","RL-000025","NC-0000000010","[""RL-000025"",""ST-000171"",""NC-0000000010""]","3","user","69b417d193cfc1540addbd06","4","[]","4","ST-000171","[""ST-000171""]","NC-0000000010","4","","69b429a5d0bb0f3aabff42be","2026-03-13T15:13:41.358000","2026-03-13T15:13:41.358000","service_eb508f39-ce3d-4391-bb12-d4211c02ede9","false"
"9.7279","[""ST-000219"",""ST-000171""]","","[""ST-000171""]","36.9662","event","3","5","","RL-000025","698c747aee05acfdd23ea578","RL-ORGANIZER","698d204286a5af9808991620","RL-ORGANIZER","NC-0000000010","[""RL-ORGANIZER"",""ST-000219"",""ST-000171"",""NC-0000000010""]","2","user","69b417d193cfc1540addbd06","5","[]","4","ST-000219","[""ST-000219"",""ST-000171""]","NC-0000000010","3.8","","69b429976549c2611da31a61","2026-03-13T15:13:27.744000","2026-03-13T15:13:27.744000","service_eb508f39-ce3d-4391-bb12-d4211c02ede9","false"
"9.7279","[]","","[""ST-000171""]","36.9662","event","3","5","","RL-000025","698c747aee05acfdd23ea578","RL-000010","698dbbf753d545317578c200","RL-000010","NC-0000000010","[""RL-000010"",""NC-0000000010""]","2","user","69b417d193cfc1540addbd06","5","[]","4","","[]","NC-0000000010","3.8","","69b42997e86de7d3ea2a7781","2026-03-13T15:13:27.612000","2026-03-13T15:13:27.612000","service_eb508f39-ce3d-4391-bb12-d4211c02ede9","false"
"9.7279","[""ST-000219""]","","[""ST-000171""]","36.9662","event","3","5","","RL-000025","698c747aee05acfdd23ea578","RL-000008","698dd1b2193c860027a3457a","RL-000008","NC-0000000010","[""RL-000008"",""ST-000219"",""NC-0000000010""]","2","user","69b417d193cfc1540addbd06","5","[]","4","ST-000219","[""ST-000219""]","NC-0000000010","3.8","","69b42997f3f8e2844746b558","2026-03-13T15:13:27.477000","2026-03-13T15:13:27.477000","service_eb508f39-ce3d-4391-bb12-d4211c02ede9","false"
"9.8282","[""ST-000219"",""ST-000171""]","","[]","35.3816","event","3","3","","RL-000010","698dbbf753d545317578c200","RL-ORGANIZER","698d204286a5af9808991620","RL-ORGANIZER","NC-0000000010","[""RL-ORGANIZER"",""ST-000219"",""ST-000171"",""NC-0000000010""]","3","user","69b417d193cfc1540addbd06","5","[]","4","ST-000219","[""ST-000219"",""ST-000171""]","NC-0000000010","3.6","","69b4298d1c846cd49b72414a","2026-03-13T15:13:17.097000","2026-03-13T15:13:17.097000","service_eb508f39-ce3d-4391-bb12-d4211c02ede9","false"
"9.8282","[""ST-000171""]","","[]","35.3816","event","3","3","","RL-000010","698dbbf753d545317578c200","RL-000025","698c747aee05acfdd23ea578","RL-000025","NC-0000000010","[""RL-000025"",""ST-000171"",""NC-0000000010""]","3","user","69b417d193cfc1540addbd06","5","[]","4","ST-000171","[""ST-000171""]","NC-0000000010","3.6","","69b4298c61dd57badcd88334","2026-03-13T15:13:16.915000","2026-03-13T15:13:16.915000","service_eb508f39-ce3d-4391-bb12-d4211c02ede9","false"
"9.8282","[""ST-000219""]","","[]","35.3816","event","3","3","","RL-000010","698dbbf753d545317578c200","RL-000008","698dd1b2193c860027a3457a","RL-000008","NC-0000000010","[""RL-000008"",""ST-000219"",""NC-0000000010""]","3","user","69b417d193cfc1540addbd06","5","[]","4","ST-000219","[""ST-000219""]","NC-0000000010","3.6","","69b4298c0278e1375cf5188e","2026-03-13T15:13:16.693000","2026-03-13T15:13:16.693000","service_eb508f39-ce3d-4391-bb12-d4211c02ede9","false"
"9.8663","[]","","[""ST-000219"",""ST-000171""]","35.5187","event","4","3","","RL-ORGANIZER","698d204286a5af9808991620","RL-000010","698dbbf753d545317578c200","RL-000010","NC-0000000010","[""RL-000010"",""NC-0000000010""]","3","user","69b417d193cfc1540addbd06","4","[]","4","","[]","NC-0000000010","3.6","","69b4298afbceab4c40f844b9","2026-03-13T15:13:14.148000","2026-03-13T15:13:14.148000","service_eb508f39-ce3d-4391-bb12-d4211c02ede9","false"
"9.8663","[""ST-000171""]","","[""ST-000219"",""ST-000171""]","35.5187","event","4","3","","RL-ORGANIZER","698d204286a5af9808991620","RL-000025","698c747aee05acfdd23ea578","RL-000025","NC-0000000010","[""RL-000025"",""ST-000171"",""NC-0000000010""]","3","user","69b417d193cfc1540addbd06","4","[]","4","ST-000171","[""ST-000171""]","NC-0000000010","3.6","","69b42989487b1148098042db","2026-03-13T15:13:13.999000","2026-03-13T15:13:13.999000","service_eb508f39-ce3d-4391-bb12-d4211c02ede9","false"
"9.8663","[""ST-000219""]","","[""ST-000219"",""ST-000171""]","35.5187","event","4","3","","RL-ORGANIZER","698d204286a5af9808991620","RL-000008","698dd1b2193c860027a3457a","RL-000008","NC-0000000010","[""RL-000008"",""ST-000219"",""NC-0000000010""]","3","user","69b417d193cfc1540addbd06","4","[]","4","ST-000219","[""ST-000219""]","NC-0000000010","3.6","","69b42989cfff5a9bc4fbb564","2026-03-13T15:13:13.877000","2026-03-13T15:13:13.877000","service_eb508f39-ce3d-4391-bb12-d4211c02ede9","false"
"9.0204","[""ST-000219"",""ST-000171""]","","[""ST-000219""]","32.4734","event","3","5","","RL-000010","698dd1b2193c860027a3457a","RL-ORGANIZER","698d204286a5af9808991620","RL-ORGANIZER","NC-0000000075","[""RL-ORGANIZER"",""ST-000219"",""ST-000171"",""NC-0000000075""]","2","user","69b412a662e57fc521a97c14","4","[]","4","ST-000219","[""ST-000219"",""ST-000171""]","NC-0000000075","3.6","","69b416c805182ce747b73af3","2026-03-13T13:53:12.720000","2026-03-13T13:53:12.720000","service_eb508f39-ce3d-4391-bb12-d4211c02ede9","false"
"9.0204","[""ST-000171""]","","[""ST-000219""]","32.4734","event","3","5","","RL-000010","698dd1b2193c860027a3457a","RL-000025","698c747aee05acfdd23ea578","RL-000025","NC-0000000075","[""RL-000025"",""ST-000171"",""NC-0000000075""]","2","user","69b412a662e57fc521a97c14","4","[]","4","ST-000171","[""ST-000171""]","NC-0000000075","3.6","","69b416c81735c5eaf6b2268a","2026-03-13T13:53:12.614000","2026-03-13T13:53:12.614000","service_eb508f39-ce3d-4391-bb12-d4211c02ede9","false"
"9.8496","[""ST-000171""]","","[""ST-000219"",""ST-000171""]","33.4885","event","2","4","","RL-ORGANIZER","698d204286a5af9808991620","RL-000025","698c747aee05acfdd23ea578","RL-000025","NC-0000000075","[""RL-000025"",""ST-000171"",""NC-0000000075""]","4","user","69b412a662e57fc521a97c14","3","[]","4","ST-000171","[""ST-000171""]","NC-0000000075","3.4","","69b416c39da041c9eb61c5f6","2026-03-13T13:53:07.854000","2026-03-13T13:53:07.854000","service_eb508f39-ce3d-4391-bb12-d4211c02ede9","false"
"9.8496","[""ST-000219""]","","[""ST-000219"",""ST-000171""]","33.4885","event","2","4","","RL-ORGANIZER","698d204286a5af9808991620","RL-000010","698dd1b2193c860027a3457a","RL-000010","NC-0000000075","[""RL-000010"",""ST-000219"",""NC-0000000075""]","4","user","69b412a662e57fc521a97c14","3","[]","4","ST-000219","[""ST-000219""]","NC-0000000075","3.4","","69b416c3b5eb366fe981645f","2026-03-13T13:53:07.736000","2026-03-13T13:53:07.736000","service_eb508f39-ce3d-4391-bb12-d4211c02ede9","false"
"9.7123","[""ST-000219"",""ST-000171""]","","[""ST-000171""]","38.8493","event","4","4","","RL-000025","698c747aee05acfdd23ea578","RL-ORGANIZER","698d204286a5af9808991620","RL-ORGANIZER","NC-0000000075","[""RL-ORGANIZER"",""ST-000219"",""ST-000171"",""NC-0000000075""]","4","user","69b412a662e57fc521a97c14","3","[]","5","ST-000219","[""ST-000219"",""ST-000171""]","NC-0000000075","4","","69b416bd8b62b71b2278bf0e","2026-03-13T13:53:01.515000","2026-03-13T13:53:01.515000","service_eb508f39-ce3d-4391-bb12-d4211c02ede9","false"
"9.7123","[""ST-000219""]","","[""ST-000171""]","38.8493","event","4","4","","RL-000025","698c747aee05acfdd23ea578","RL-000010","698dd1b2193c860027a3457a","RL-000010","NC-0000000075","[""RL-000010"",""ST-000219"",""NC-0000000075""]","4","user","69b412a662e57fc521a97c14","3","[]","5","ST-000219","[""ST-000219""]","NC-0000000075","4","","69b416bd9b1988abb46a3599","2026-03-13T13:53:01.290000","2026-03-13T13:53:01.290000","service_eb508f39-ce3d-4391-bb12-d4211c02ede9","false"
"8.958","[""ST-000171"",""ST-000135"",""ST-000219""]","","[""ST-000135"",""ST-000219""]","28.6657","event","2","5","","RL-000008","698dd1b2193c860027a3457a","RL-ORGANIZER","698d204286a5af9808991620","RL-ORGANIZER","NC-0000000122","[""RL-ORGANIZER"",""ST-000171"",""ST-000135"",""ST-000219"",""NC-0000000122""]","2","user","69b32fc7e0ae4f0e34e67040","3","[]","4","ST-000171","[""ST-000171"",""ST-000135"",""ST-000219""]","NC-0000000122","3.2","","69b40fdcefd0f81bbd736624","2026-03-13T13:23:40.743000","2026-03-13T13:23:40.743000","service_eb508f39-ce3d-4391-bb12-d4211c02ede9","false"
"8.958","[""ST-000171""]","","[""ST-000135"",""ST-000219""]","28.6657","event","2","5","","RL-000008","698dd1b2193c860027a3457a","RL-000025","698c747aee05acfdd23ea578","RL-000025","NC-0000000122","[""RL-000025"",""ST-000171"",""NC-0000000122""]","2","user","69b32fc7e0ae4f0e34e67040","3","[]","4","ST-000171","[""ST-000171""]","NC-0000000122","3.2","","69b40fdc5cfa9a6782c0374e","2026-03-13T13:23:40.626000","2026-03-13T13:23:40.626000","service_eb508f39-ce3d-4391-bb12-d4211c02ede9","false"
"9.8339","[""ST-000135"",""ST-000219""]","","[""ST-000171"",""ST-000135"",""ST-000219""]","41.3023","event","4","5","","RL-ORGANIZER","698d204286a5af9808991620","RL-000008","698dd1b2193c860027a3457a","RL-000008","NC-0000000122","[""RL-000008"",""ST-000135"",""ST-000219"",""NC-0000000122""]","4","user","69b32fc7e0ae4f0e34e67040","5","[]","3","ST-000135","[""ST-000135"",""ST-000219""]","NC-0000000122","4.2","","69b40fd82e558e005f59b5c4","2026-03-13T13:23:36.945000","2026-03-13T13:23:36.945000","service_eb508f39-ce3d-4391-bb12-d4211c02ede9","false"
"9.8339","[""ST-000171""]","","[""ST-000171"",""ST-000135"",""ST-000219""]","41.3023","event","4","5","","RL-ORGANIZER","698d204286a5af9808991620","RL-000025","698c747aee05acfdd23ea578","RL-000025","NC-0000000122","[""RL-000025"",""ST-000171"",""NC-0000000122""]","4","user","69b32fc7e0ae4f0e34e67040","5","[]","3","ST-000171","[""ST-000171""]","NC-0000000122","4.2","","69b40fd83c9632ebad1a054d","2026-03-13T13:23:36.769000","2026-03-13T13:23:36.769000","service_eb508f39-ce3d-4391-bb12-d4211c02ede9","false"
"8.958","[""ST-000182""]","","[""ST-000146""]","34.0405","quickplay","3","5","","RL-000025","698dd1b2193c860027a3457a","RL-000025","698d204286a5af9808991620","RL-000025","NC-0000000249","[""RL-000025"",""ST-000182"",""NC-0000000249""]","4","user","69b33dd9763e66098e126438","3","[]","4","ST-000182","[""ST-000182""]","NC-0000000249","3.8","","69b33e31a7d73e349cfd8459","2026-03-12T22:29:05.835000","2026-03-12T22:29:05.835000","service_eb508f39-ce3d-4391-bb12-d4211c02ede9","false"
"9.8196","[""ST-000146""]","","[""ST-000182""]","35.3504","quickplay","4","3","","RL-000025","698d204286a5af9808991620","RL-000025","698dd1b2193c860027a3457a","RL-000025","NC-0000000249","[""RL-000025"",""ST-000146"",""NC-0000000249""]","1","user","69b33dd9763e66098e126438","5","[]","5","ST-000146","[""ST-000146""]","NC-0000000249","3.6","","69b33e2d977497e22fa9d6ed","2026-03-12T22:29:01.850000","2026-03-12T22:29:01.850000","service_eb508f39-ce3d-4391-bb12-d4211c02ede9","false"
"9.6977","[""ST-000182""]","","[""ST-000080"",""ST-000134"",""ST-000133"",""ST-000200"",""ST-000209"",""ST-000210"",""ST-000211"",""ST-000204"",""ST-000205"",""ST-000206"",""ST-000207"",""ST-000202"",""ST-000171"",""ST-000018"",""ST-000019""]","34.9117","quickplay","3","4","","RL-000025","698c747aee05acfdd23ea578","RL-000025","698d204286a5af9808991620","RL-000025","NC-0000000249","[""RL-000025"",""ST-000182"",""NC-0000000249""]","2","user","69b33c9688b9dc057df595d8","4","[]","5","ST-000182","[""ST-000182""]","NC-0000000249","3.6","","69b33d1cafdd859ad21301ce","2026-03-12T22:24:28.271000","2026-03-12T22:24:28.271000","service_eb508f39-ce3d-4391-bb12-d4211c02ede9","false"
"9.7942","[""ST-000080"",""ST-000134"",""ST-000133"",""ST-000200"",""ST-000209"",""ST-000210"",""ST-000211"",""ST-000204"",""ST-000205"",""ST-000206"",""ST-000207"",""ST-000202"",""ST-000171"",""ST-000018"",""ST-000019""]","","[""ST-000182""]","35.2592","quickplay","3","3","","RL-000025","698d204286a5af9808991620","RL-000025","698c747aee05acfdd23ea578","RL-000025","NC-0000000249","[""RL-000025"",""ST-000080"",""ST-000134"",""ST-000133"",""ST-000200"",""ST-000209"",""ST-000210"",""ST-000211"",""ST-000204"",""ST-000205"",""ST-000206"",""ST-000207"",""ST-000202"",""ST-000171"",""ST-000018"",""ST-000019"",""NC-0000000249""]","4","user","69b33c9688b9dc057df595d8","3","[]","5","ST-000080","[""ST-000080"",""ST-000134"",""ST-000133"",""ST-000200"",""ST-000209"",""ST-000210"",""ST-000211"",""ST-000204"",""ST-000205"",""ST-000206"",""ST-000207"",""ST-000202"",""ST-000171"",""ST-000018"",""ST-000019""]","NC-0000000249","3.6","","69b33d1a6157e07e52f429fa","2026-03-12T22:24:26.232000","2026-03-12T22:24:26.232000","service_eb508f39-ce3d-4391-bb12-d4211c02ede9","false"
"9.7731","[""ST-000135"",""ST-000219"",""ST-000187"",""ST-000180""]","","[""ST-000018"",""ST-000182"",""ST-000204"",""ST-000207"",""ST-000158"",""ST-000174""]","37.1378","quickplay","3","4","","RL-000025","698d204286a5af9808991620","RL-000025","698dd1b2193c860027a3457a","RL-000025","NC-0000000249","[""RL-000025"",""ST-000135"",""ST-000219"",""ST-000187"",""ST-000180"",""NC-0000000249""]","3","user","69b33b787d2c98c50e12e43f","4","[]","5","ST-000135","[""ST-000135"",""ST-000219"",""ST-000187"",""ST-000180""]","NC-0000000249","3.8","","69b33c32977497e22fa9d679","2026-03-12T22:20:34.135000","2026-03-12T22:20:34.135000","service_eb508f39-ce3d-4391-bb12-d4211c02ede9","false"
"8.9372","[""ST-000018"",""ST-000182"",""ST-000204"",""ST-000207"",""ST-000158"",""ST-000174""]","","[""ST-000135"",""ST-000219"",""ST-000187"",""ST-000180""]","41.1112","quickplay","4","5","","RL-000025","698dd1b2193c860027a3457a","RL-000025","698d204286a5af9808991620","RL-000025","NC-0000000249","[""RL-000025"",""ST-000018"",""ST-000182"",""ST-000204"",""ST-000207"",""ST-000158"",""ST-000174"",""NC-0000000249""]","4","user","69b33b787d2c98c50e12e43f","5","[]","5","ST-000018","[""ST-000018"",""ST-000182"",""ST-000204"",""ST-000207"",""ST-000158"",""ST-000174""]","NC-0000000249","4.6","","69b33c2f3121359d9af39e45","2026-03-12T22:20:31.770000","2026-03-12T22:20:31.770000","service_eb508f39-ce3d-4391-bb12-d4211c02ede9","false"
"9.7717","[""ST-000180""]","","[""ST-000182""]","37.1323","quickplay","3","5","","RL-000025","698d204286a5af9808991620","RL-000025","698dd1b2193c860027a3457a","RL-000025","NC-0000000122","[""RL-000025"",""ST-000180"",""NC-0000000122""]","2","user","69b3365b3c45bc17edd37d58","4","[]","5","ST-000180","[""ST-000180""]","NC-0000000122","3.8","","69b336a242245a5876e4ea7e","2026-03-12T21:56:50.787000","2026-03-12T21:56:50.787000","service_eb508f39-ce3d-4391-bb12-d4211c02ede9","false"
"8.916","[""ST-000182""]","","[""ST-000180""]","39.2303","quickplay","5","5","","RL-000025","698dd1b2193c860027a3457a","RL-000025","698d204286a5af9808991620","RL-000025","NC-0000000122","[""RL-000025"",""ST-000182"",""NC-0000000122""]","4","user","69b3365b3c45bc17edd37d58","4","[]","4","ST-000182","[""ST-000182""]","NC-0000000122","4.4","","69b3369d2285a49a584b1f3f","2026-03-12T21:56:45.135000","2026-03-12T21:56:45.135000","service_eb508f39-ce3d-4391-bb12-d4211c02ede9","false"
"9.7602","[""ST-000180""]","","[""ST-000170""]","33.1847","quickplay","3","5","","RL-000025","698d204286a5af9808991620","RL-000025","698dd1b2193c860027a3457a","RL-000025","NC-0000000067","[""RL-000025"",""ST-000180"",""NC-0000000067""]","2","user","69b3341ab253a9c1e1a6e0a1","4","[]","3","ST-000180","[""ST-000180""]","NC-0000000067","3.4","","69b334ed29368ca70df27293","2026-03-12T21:49:33.529000","2026-03-12T21:49:33.529000","service_eb508f39-ce3d-4391-bb12-d4211c02ede9","false"
"8.8693","[""ST-000170""]","","[""ST-000180""]","33.7032","quickplay","4","4","","RL-000025","698dd1b2193c860027a3457a","RL-000025","698d204286a5af9808991620","RL-000025","NC-0000000067","[""RL-000025"",""ST-000170"",""NC-0000000067""]","3","user","69b3341ab253a9c1e1a6e0a1","5","[]","3","ST-000170","[""ST-000170""]","NC-0000000067","3.8","","69b334e7dc70f7d8cc693f96","2026-03-12T21:49:27.358000","2026-03-12T21:49:27.358000","service_eb508f39-ce3d-4391-bb12-d4211c02ede9","false"
"8.8693","[""ST-000145"",""ST-000139"",""ST-000091""]","","[""ST-000135"",""ST-000219""]","31.9293","quickplay","3","5","","RL-000026","698dd1b2193c860027a3457a","RL-000025","698dbbf753d545317578c200","RL-000025","","[""RL-000025"",""ST-000145"",""ST-000139"",""ST-000091""]","3","user","69b30c3954cdffd8995fec03","3","[]","4","ST-000145","[""ST-000145"",""ST-000139"",""ST-000091""]","","3.6","","69b333aaa2cf79c058ff3af9","2026-03-12T21:44:10.313000","2026-03-12T21:44:10.313000","service_eb508f39-ce3d-4391-bb12-d4211c02ede9","false"
"9.7285","[""ST-000145"",""ST-000139"",""ST-000091"",""ST-000180""]","","[""ST-000018"",""ST-000182"",""ST-000204"",""ST-000207"",""ST-000174""]","35.0227","quickplay","4","4","","RL-000025","698d204286a5af9808991620","RL-000025","698dbbf753d545317578c200","RL-000025","NC-0000000122","[""RL-000025"",""ST-000145"",""ST-000139"",""ST-000091"",""ST-000180"",""NC-0000000122""]","2","user","69b331f3faf57d89a68c8c4e","5","[]","3","ST-000145","[""ST-000145"",""ST-000139"",""ST-000091"",""ST-000180""]","NC-0000000122","3.6","","69b332badcd405b244f02b8a","2026-03-12T21:40:10.520000","2026-03-12T21:40:10.520000","service_eb508f39-ce3d-4391-bb12-d4211c02ede9","false"
"9.7751","[""ST-000018"",""ST-000182"",""ST-000204"",""ST-000207"",""ST-000174""]","","[""ST-000145"",""ST-000139"",""ST-000091"",""ST-000180""]","43.0104","quickplay","5","5","","RL-000025","698dbbf753d545317578c200","RL-000025","698d204286a5af9808991620","RL-000025","NC-0000000122","[""RL-000025"",""ST-000018"",""ST-000182"",""ST-000204"",""ST-000207"",""ST-000174"",""NC-0000000122""]","5","user","69b331f3faf57d89a68c8c4e","4","[]","3","ST-000018","[""ST-000018"",""ST-000182"",""ST-000204"",""ST-000207"",""ST-000174""]","NC-0000000122","4.4","","69b332b4279f69e452451b82","2026-03-12T21:40:04.229000","2026-03-12T21:40:04.229000","service_eb508f39-ce3d-4391-bb12-d4211c02ede9","false"
"9.7751","[""ST-000080"",""ST-000134"",""ST-000133"",""ST-000200"",""ST-000209"",""ST-000210"",""ST-000211"",""ST-000204"",""ST-000205"",""ST-000206"",""ST-000207"",""ST-000202"",""ST-000171"",""ST-000018"",""ST-000019""]","","[""ST-000145"",""ST-000139"",""ST-000091""]","33.2353","quickplay","3","3","","RL-000025","698dbbf753d545317578c200","RL-000008","698c747aee05acfdd23ea578","RL-000008","","[""RL-000008"",""ST-000080"",""ST-000134"",""ST-000133"",""ST-000200"",""ST-000209"",""ST-000210"",""ST-000211"",""ST-000204"",""ST-000205"",""ST-000206"",""ST-000207"",""ST-000202"",""ST-000171"",""ST-000018"",""ST-000019""]","3","user","69b30b8b8d7d1d50a0e5bf22","4","[]","4","ST-000080","[""ST-000080"",""ST-000134"",""ST-000133"",""ST-000200"",""ST-000209"",""ST-000210"",""ST-000211"",""ST-000204"",""ST-000205"",""ST-000206"",""ST-000207"",""ST-000202"",""ST-000171"",""ST-000018"",""ST-000019""]","","3.4","","69b332015a53392fa7bcbb69","2026-03-12T21:37:05.624000","2026-03-12T21:37:05.624000","service_eb508f39-ce3d-4391-bb12-d4211c02ede9","false"
"9.7285","[""ST-000176""]","","[""ST-000182""]","40.8599","quickplay","5","5","","RL-000025","698d204286a5af9808991620","RL-000025","698dbbf753d545317578c200","RL-000025","NC-0000000122","[""RL-000025"",""ST-000176"",""NC-0000000122""]","4","user","69b33067582eccc814ebfc63","3","[]","4","ST-000176","[""ST-000176""]","NC-0000000122","4.2","","69b330e3374a69049fa70db2","2026-03-12T21:32:19.064000","2026-03-12T21:32:19.064000","service_eb508f39-ce3d-4391-bb12-d4211c02ede9","false"
"9.738","[""ST-000182""]","","[""ST-000176""]","35.0569","quickplay","4","4","","RL-000025","698dbbf753d545317578c200","RL-000025","698d204286a5af9808991620","RL-000025","NC-0000000122","[""RL-000025"",""ST-000182"",""NC-0000000122""]","4","user","69b33067582eccc814ebfc63","3","[]","3","ST-000182","[""ST-000182""]","NC-0000000122","3.6","","69b330da40c63b094fd7b5bc","2026-03-12T21:32:10.241000","2026-03-12T21:32:10.241000","service_eb508f39-ce3d-4391-bb12-d4211c02ede9","false"
"9.738","[""ST-000135"",""ST-000219""]","","[""ST-000145"",""ST-000139"",""ST-000091""]","27.2665","quickplay","2","4","","RL-000025","698dbbf753d545317578c200","RL-000026","698dd1b2193c860027a3457a","RL-000026","","[""RL-000026"",""ST-000135"",""ST-000219""]","2","user","69b30c3954cdffd8995fec03","3","[]","3","ST-000135","[""ST-000135"",""ST-000219""]","","2.8","","69b330648619f428470eee19","2026-03-12T21:30:12.016000","2026-03-12T21:30:12.016000","service_eb508f39-ce3d-4391-bb12-d4211c02ede9","false"
"9.6778","[""ST-000018"",""ST-000171"",""ST-000170"",""ST-000169"",""ST-000168"",""ST-000182"",""ST-000183"",""ST-000184"",""ST-000204"",""ST-000207"",""ST-000158"",""ST-000174""]","","[""ST-000134"",""ST-000200"",""ST-000209"",""ST-000210"",""ST-000211"",""ST-000204"",""ST-000205"",""ST-000206"",""ST-000207"",""ST-000202"",""ST-000171""]","40.6469","quickplay","5","4","","RL-000008","698c747aee05acfdd23ea578","RL-000008","698d204286a5af9808991620","RL-000008","NC-0000000122","[""RL-000008"",""ST-000018"",""ST-000171"",""ST-000170"",""ST-000169"",""ST-000168"",""ST-000182"",""ST-000183"",""ST-000184"",""ST-000204"",""ST-000207"",""ST-000158"",""ST-000174"",""NC-0000000122""]","5","user","69b32da504fbf9e10e6268f6","4","[]","3","ST-000018","[""ST-000018"",""ST-000171"",""ST-000170"",""ST-000169"",""ST-000168"",""ST-000182"",""ST-000183"",""ST-000184"",""ST-000204"",""ST-000207"",""ST-000158"",""ST-000174""]","NC-0000000122","4.2","","69b32e7f8c5189e4f15d27c2","2026-03-12T21:22:07.995000","2026-03-12T21:22:07.995000","service_eb508f39-ce3d-4391-bb12-d4211c02ede9","false"
"9.6392","[""ST-000134"",""ST-000200"",""ST-000209"",""ST-000210"",""ST-000211"",""ST-000204"",""ST-000205"",""ST-000206"",""ST-000207"",""ST-000202"",""ST-000171""]","","[""ST-000018"",""ST-000171"",""ST-000170"",""ST-000169"",""ST-000168"",""ST-000182"",""ST-000183"",""ST-000184"",""ST-000204"",""ST-000207"",""ST-000158"",""ST-000174""]","34.7011","quickplay","4","4","","RL-000008","698d204286a5af9808991620","RL-000008","698c747aee05acfdd23ea578","RL-000008","NC-0000000122","[""RL-000008"",""ST-000134"",""ST-000200"",""ST-000209"",""ST-000210"",""ST-000211"",""ST-000204"",""ST-000205"",""ST-000206"",""ST-000207"",""ST-000202"",""ST-000171"",""NC-0000000122""]","2","user","69b32da504fbf9e10e6268f6","3","[]","5","ST-000134","[""ST-000134"",""ST-000200"",""ST-000209"",""ST-000210"",""ST-000211"",""ST-000204"",""ST-000205"",""ST-000206"",""ST-000207"",""ST-000202"",""ST-000171""]","NC-0000000122","3.6","","69b32e771621e0d9052c991f","2026-03-12T21:21:59.492000","2026-03-12T21:21:59.492000","service_eb508f39-ce3d-4391-bb12-d4211c02ede9","false"
"9.6191","[""ST-000145"",""ST-000139"",""ST-000091""]","","[""ST-000080"",""ST-000134"",""ST-000133"",""ST-000200"",""ST-000209"",""ST-000210"",""ST-000211"",""ST-000204"",""ST-000205"",""ST-000206"",""ST-000207"",""ST-000202"",""ST-000171"",""ST-000018"",""ST-000019""]","28.8574","quickplay","3","3","","RL-000008","698c747aee05acfdd23ea578","RL-000025","698dbbf753d545317578c200","RL-000025","","[""RL-000025"",""ST-000145"",""ST-000139"",""ST-000091""]","3","user","69b30b8b8d7d1d50a0e5bf22","3","[]","3","ST-000145","[""ST-000145"",""ST-000139"",""ST-000091""]","","3","","69b32067e65184a7e644f772","2026-03-12T20:21:59.215000","2026-03-12T20:21:59.215000","service_eb508f39-ce3d-4391-bb12-d4211c02ede9","false"
"9.6995","[""ST-000135"",""ST-000219""]","","[""ST-000145"",""ST-000139"",""ST-000091""]","31.0385","quickplay","2","4","","RL-000025","698dbbf753d545317578c200","RL-000026","698dd1b2193c860027a3457a","RL-000026","","[""RL-000026"",""ST-000135"",""ST-000219""]","4","user","69b0c0653ee1deea6a7cf249","3","[]","3","ST-000135","[""ST-000135"",""ST-000219""]","","3.2","","69b2fc63bde3809920c2702b","2026-03-12T17:48:19.265000","2026-03-12T17:48:19.265000","service_eb508f39-ce3d-4391-bb12-d4211c02ede9","false"
"9.6995","[""ST-000080"",""ST-000134"",""ST-000133"",""ST-000200"",""ST-000209"",""ST-000210"",""ST-000211"",""ST-000204"",""ST-000205"",""ST-000206"",""ST-000207"",""ST-000202"",""ST-000171"",""ST-000018"",""ST-000019""]","","[""ST-000145"",""ST-000139"",""ST-000091""]","31.0385","quickplay","2","4","","RL-000025","698dbbf753d545317578c200","RL-000008","698c747aee05acfdd23ea578","RL-000008","","[""RL-000008"",""ST-000080"",""ST-000134"",""ST-000133"",""ST-000200"",""ST-000209"",""ST-000210"",""ST-000211"",""ST-000204"",""ST-000205"",""ST-000206"",""ST-000207"",""ST-000202"",""ST-000171"",""ST-000018"",""ST-000019""]","4","user","69b0c0653ee1deea6a7cf249","3","[]","3","ST-000080","[""ST-000080"",""ST-000134"",""ST-000133"",""ST-000200"",""ST-000209"",""ST-000210"",""ST-000211"",""ST-000204"",""ST-000205"",""ST-000206"",""ST-000207"",""ST-000202"",""ST-000171"",""ST-000018"",""ST-000019""]","","3.2","","69b2fc63919da4e868895e45","2026-03-12T17:48:19.074000","2026-03-12T17:48:19.074000","service_eb508f39-ce3d-4391-bb12-d4211c02ede9","false"
"9.6191","[""ST-000135"",""ST-000219""]","","[""ST-000080"",""ST-000134"",""ST-000133"",""ST-000200"",""ST-000209"",""ST-000210"",""ST-000211"",""ST-000204"",""ST-000205"",""ST-000206"",""ST-000207"",""ST-000202"",""ST-000171"",""ST-000018"",""ST-000019""]","28.8574","quickplay","3","3","","RL-000008","698c747aee05acfdd23ea578","RL-000026","698dd1b2193c860027a3457a","RL-000026","","[""RL-000026"",""ST-000135"",""ST-000219""]","3","user","69b0c0653ee1deea6a7cf249","3","[]","3","ST-000135","[""ST-000135"",""ST-000219""]","","3","","69b2fc5cbfd4cc467a25bb39","2026-03-12T17:48:12.112000","2026-03-12T17:48:12.112000","service_eb508f39-ce3d-4391-bb12-d4211c02ede9","false"
"9.6191","[""ST-000145"",""ST-000139"",""ST-000091""]","","[""ST-000080"",""ST-000134"",""ST-000133"",""ST-000200"",""ST-000209"",""ST-000210"",""ST-000211"",""ST-000204"",""ST-000205"",""ST-000206"",""ST-000207"",""ST-000202"",""ST-000171"",""ST-000018"",""ST-000019""]","28.8574","quickplay","3","3","","RL-000008","698c747aee05acfdd23ea578","RL-000025","698dbbf753d545317578c200","RL-000025","","[""RL-000025"",""ST-000145"",""ST-000139"",""ST-000091""]","3","user","69b0c0653ee1deea6a7cf249","3","[]","3","ST-000145","[""ST-000145"",""ST-000139"",""ST-000091""]","","3","","69b2fc5bca55bee392ab4f8b","2026-03-12T17:48:11.945000","2026-03-12T17:48:11.945000","service_eb508f39-ce3d-4391-bb12-d4211c02ede9","false"
"9.6191","[""ST-000018"",""ST-000171"",""ST-000170"",""ST-000169"",""ST-000168"",""ST-000182"",""ST-000183"",""ST-000184"",""ST-000204"",""ST-000207"",""ST-000158"",""ST-000174""]","","[""ST-000080"",""ST-000134"",""ST-000133"",""ST-000200"",""ST-000209"",""ST-000210"",""ST-000211"",""ST-000204"",""ST-000205"",""ST-000206"",""ST-000207"",""ST-000202"",""ST-000171"",""ST-000018"",""ST-000019""]","28.8574","quickplay","3","3","","RL-000008","698c747aee05acfdd23ea578","RL-000008","698d204286a5af9808991620","RL-000008","","[""RL-000008"",""ST-000018"",""ST-000171"",""ST-000170"",""ST-000169"",""ST-000168"",""ST-000182"",""ST-000183"",""ST-000184"",""ST-000204"",""ST-000207"",""ST-000158"",""ST-000174""]","3","user","69b0c067e054635580ed363f","3","[]","3","ST-000018","[""ST-000018"",""ST-000171"",""ST-000170"",""ST-000169"",""ST-000168"",""ST-000182"",""ST-000183"",""ST-000184"",""ST-000204"",""ST-000207"",""ST-000158"",""ST-000174""]","","3","","69b2fb9362c28e3781b9e709","2026-03-12T17:44:51.315000","2026-03-12T17:44:51.315000","service_eb508f39-ce3d-4391-bb12-d4211c02ede9","false"
"9.6376","[""ST-000171""]","","[]","30.8402","event","2","3","","RL-000025","698d204286a5af9808991620","RL-ORGANIZER","698dbbf753d545317578c200","RL-ORGANIZER","NC-0000000261","[""RL-ORGANIZER"",""ST-000171"",""NC-0000000261""]","3","user","69b0cc066bc27a55c337ab62","4","[]","4","ST-000171","[""ST-000171""]","NC-0000000261","3.2","","69b0cc7a7eb2fe02b4c9e2a9","2026-03-11T01:59:22.229000","2026-03-11T01:59:22.229000","service_eb508f39-ce3d-4391-bb12-d4211c02ede9","false"
"9.6376","[""ST-000171""]","","[]","30.8402","event","2","3","","RL-000025","698d204286a5af9808991620","RL-000025","698c747aee05acfdd23ea578","RL-000025","NC-0000000261","[""RL-000025"",""ST-000171"",""NC-0000000261""]","3","user","69b0cc066bc27a55c337ab62","4","[]","4","ST-000171","[""ST-000171""]","NC-0000000261","3.2","","69b0cc7a7994db3756f218e5","2026-03-11T01:59:22.114000","2026-03-11T01:59:22.114000","service_eb508f39-ce3d-4391-bb12-d4211c02ede9","false"
"9.6797","[""ST-000171""]","","[""ST-000171""]","38.7189","event","4","5","","RL-ORGANIZER","698dbbf753d545317578c200","RL-000025","698c747aee05acfdd23ea578","RL-000025","NC-0000000261","[""RL-000025"",""ST-000171"",""NC-0000000261""]","4","user","69b0cc066bc27a55c337ab62","3","[]","4","ST-000171","[""ST-000171""]","NC-0000000261","4","","69b0cc7672b4bde0dc070734","2026-03-11T01:59:18.302000","2026-03-11T01:59:18.302000","service_eb508f39-ce3d-4391-bb12-d4211c02ede9","false"
"9.6797","[]","","[""ST-000171""]","38.7189","event","4","5","","RL-ORGANIZER","698dbbf753d545317578c200","RL-000025","698d204286a5af9808991620","RL-000025","NC-0000000261","[""RL-000025"",""NC-0000000261""]","4","user","69b0cc066bc27a55c337ab62","3","[]","4","","[]","NC-0000000261","4","","69b0cc762f0144bc5d3db729","2026-03-11T01:59:18.067000","2026-03-11T01:59:18.067000","service_eb508f39-ce3d-4391-bb12-d4211c02ede9","false"
"9.5949","[]","","[]","32.6227","event","2","5","","RL-ORGANIZER","698d204286a5af9808991620","RL-000025","698dbbf753d545317578c200","RL-000025","NC-0000000272","[""RL-000025"",""NC-0000000272""]","2","user","69b0c5d4d5557e4899dd8c98","5","[]","3","","[]","NC-0000000272","3.4","","69b0c620b5a1c2a9c533f99e","2026-03-11T01:32:16.568000","2026-03-11T01:32:16.568000","service_eb508f39-ce3d-4391-bb12-d4211c02ede9","false"
"9.6389","[]","","[]","40.4833","event","4","3","","RL-000025","698dbbf753d545317578c200","RL-ORGANIZER","698d204286a5af9808991620","RL-ORGANIZER","NC-0000000272","[""RL-ORGANIZER"",""NC-0000000272""]","4","user","69b0c5d4d5557e4899dd8c98","5","[]","5","","[]","NC-0000000272","4.2","","69b0c61c8730410ac02f2f02","2026-03-11T01:32:12.181000","2026-03-11T01:32:12.181000","service_eb508f39-ce3d-4391-bb12-d4211c02ede9","false"
"9.584","[]","","[]","40.2527","event","4","4","","RL-000025","698d204286a5af9808991620","RL-ORGANIZER","698dbbf753d545317578c200","RL-ORGANIZER","NC-0000000264","[""RL-ORGANIZER"",""NC-0000000264""]","3","user","69b0c457976a8b8af0debfb8","5","[]","5","","[]","NC-0000000264","4.2","","69b0c51641f9d6eefb81ba01","2026-03-11T01:27:50.485000","2026-03-11T01:27:50.485000","service_eb508f39-ce3d-4391-bb12-d4211c02ede9","false"
"9.584","[]","","[]","40.2527","event","4","4","","RL-000025","698d204286a5af9808991620","RL-000025","698c747aee05acfdd23ea578","RL-000025","NC-0000000264","[""RL-000025"",""NC-0000000264""]","3","user","69b0c457976a8b8af0debfb8","5","[]","5","","[]","NC-0000000264","4.2","","69b0c516474355e3692a11fa","2026-03-11T01:27:50.241000","2026-03-11T01:27:50.241000","service_eb508f39-ce3d-4391-bb12-d4211c02ede9","false"
"9.6178","[]","","[]","34.6241","event","3","5","","RL-ORGANIZER","698dbbf753d545317578c200","RL-000025","698c747aee05acfdd23ea578","RL-000025","NC-0000000264","[""RL-000025"",""NC-0000000264""]","4","user","69b0c457976a8b8af0debfb8","3","[]","3","","[]","NC-0000000264","3.6","","69b0c512c6758ccedd40f647","2026-03-11T01:27:46.642000","2026-03-11T01:27:46.642000","service_eb508f39-ce3d-4391-bb12-d4211c02ede9","false"
"9.6178","[]","","[]","34.6241","event","3","5","","RL-ORGANIZER","698dbbf753d545317578c200","RL-000025","698d204286a5af9808991620","RL-000025","NC-0000000264","[""RL-000025"",""NC-0000000264""]","4","user","69b0c457976a8b8af0debfb8","3","[]","3","","[]","NC-0000000264","3.6","","69b0c51263a6361418f82fd8","2026-03-11T01:27:46.392000","2026-03-11T01:27:46.392000","service_eb508f39-ce3d-4391-bb12-d4211c02ede9","false"
"9.5847","[]","","[]","38.3386","event","4","5","","RL-000025","698c747aee05acfdd23ea578","RL-ORGANIZER","698dbbf753d545317578c200","RL-ORGANIZER","NC-0000000264","[""RL-ORGANIZER"",""NC-0000000264""]","3","user","69b0c457976a8b8af0debfb8","3","[]","5","","[]","NC-0000000264","4","","69b0c50d3ef5796e44ed5ca0","2026-03-11T01:27:41.455000","2026-03-11T01:27:41.455000","service_eb508f39-ce3d-4391-bb12-d4211c02ede9","false"
"9.5847","[]","","[]","38.3386","event","4","5","","RL-000025","698c747aee05acfdd23ea578","RL-000025","698d204286a5af9808991620","RL-000025","NC-0000000264","[""RL-000025"",""NC-0000000264""]","3","user","69b0c457976a8b8af0debfb8","3","[]","5","","[]","NC-0000000264","4","","69b0c50d34e72cc40d5e08aa","2026-03-11T01:27:41.346000","2026-03-11T01:27:41.346000","service_eb508f39-ce3d-4391-bb12-d4211c02ede9","false"
"9.5729","[""ST-000145"",""ST-000139"",""ST-000091"",""ST-000180""]","","[""ST-000171""]","36.377","quickplay","5","5","","RL-000025","698d204286a5af9808991620","RL-000025","698dbbf753d545317578c200","RL-000025","NC-0000000225","[""RL-000025"",""ST-000145"",""ST-000139"",""ST-000091"",""ST-000180"",""NC-0000000225""]","2","user","69b0c0682f40f9f6036f7be8","4","[]","3","ST-000145","[""ST-000145"",""ST-000139"",""ST-000091"",""ST-000180""]","NC-0000000225","3.8","","69b0c0a76e0d71deff02b5ac","2026-03-11T01:08:55.028000","2026-03-11T01:08:55.028000","service_eb508f39-ce3d-4391-bb12-d4211c02ede9","false"
"9.5743","[""ST-000171""]","","[""ST-000145"",""ST-000139"",""ST-000091"",""ST-000180""]","36.3823","quickplay","3","5","","RL-000025","698dbbf753d545317578c200","RL-000025","698d204286a5af9808991620","RL-000025","NC-0000000225","[""RL-000025"",""ST-000171"",""NC-0000000225""]","3","user","69b0c0682f40f9f6036f7be8","4","[]","4","ST-000171","[""ST-000171""]","NC-0000000225","3.8","","69b0c0a2ed3a075449964fd0","2026-03-11T01:08:50.105000","2026-03-11T01:08:50.105000","service_eb508f39-ce3d-4391-bb12-d4211c02ede9","false"
"9.5743","[""ST-000171"",""ST-000170"",""ST-000169"",""ST-000168"",""ST-000182"",""ST-000183"",""ST-000184"",""ST-000158"",""ST-000174""]","","[""ST-000171"",""ST-000170"",""ST-000169"",""ST-000168"",""ST-000182"",""ST-000183"",""ST-000184"",""ST-000158"",""ST-000174""]","28.7229","event","3","3","","RL-ORGANIZER","698dbbf753d545317578c200","RL-000025","698d204286a5af9808991620","RL-000025","","[""RL-000025"",""ST-000171"",""ST-000170"",""ST-000169"",""ST-000168"",""ST-000182"",""ST-000183"",""ST-000184"",""ST-000158"",""ST-000174""]","2","user","69b0bfdd92ecb101e96ef1df","3","[]","4","ST-000171","[""ST-000171"",""ST-000170"",""ST-000169"",""ST-000168"",""ST-000182"",""ST-000183"",""ST-000184"",""ST-000158"",""ST-000174""]","","3","","69b0c027282a332215785a21","2026-03-11T01:06:47.601000","2026-03-11T01:06:47.601000","service_eb508f39-ce3d-4391-bb12-d4211c02ede9","false"
"9.5617","[]","","[]","26.7728","event","2","3","","RL-000025","698d204286a5af9808991620","RL-ORGANIZER","698dbbf753d545317578c200","RL-ORGANIZER","","[""RL-ORGANIZER""]","2","user","69b0beda40ce3336ed0d2723","3","[]","4","","[]","","2.8","","69b0bf2aec31c245671af8cb","2026-03-11T01:02:34.088000","2026-03-11T01:02:34.088000","service_eb508f39-ce3d-4391-bb12-d4211c02ede9","false"
"9.3784","[]","","[]","30.0109","event","3","3","","RL-ORGANIZER","698dbbf753d545317578c200","RL-000025","698d204286a5af9808991620","RL-000025","","[""RL-000025""]","2","user","69b0beda40ce3336ed0d2723","4","[]","4","","[]","","3.2","","69b0bf24a8d81890bce795f7","2026-03-11T01:02:28.877000","2026-03-11T01:02:28.877000","service_eb508f39-ce3d-4391-bb12-d4211c02ede9","false"
"9.5847","[]","","[]","36.4217","event","5","2","","RL-000025","698c747aee05acfdd23ea578","RL-ORGANIZER","698dbbf753d545317578c200","RL-ORGANIZER","","[""RL-ORGANIZER""]","5","user","69b09c99d22120db6702f14e","4","[]","3","","[]","","3.8","","69b09d27f4c19429e71bb870","2026-03-10T22:37:27.294000","2026-03-10T22:37:27.294000","service_eb508f39-ce3d-4391-bb12-d4211c02ede9","false"
"9.5847","[]","","[]","36.4217","event","5","2","","RL-000025","698c747aee05acfdd23ea578","RL-000025","698d204286a5af9808991620","RL-000025","","[""RL-000025""]","5","user","69b09c99d22120db6702f14e","4","[]","3","","[]","","3.8","","69b09d269f2b8b86278ec9c8","2026-03-10T22:37:26.626000","2026-03-10T22:37:26.626000","service_eb508f39-ce3d-4391-bb12-d4211c02ede9","false"
"9.2956","[]","","[]","35.3233","event","5","3","","RL-ORGANIZER","698dbbf753d545317578c200","RL-000025","698c747aee05acfdd23ea578","RL-000025","","[""RL-000025""]","4","user","69b09c99d22120db6702f14e","3","[]","4","","[]","","3.8","","69b09d21f80906927aab0057","2026-03-10T22:37:21.719000","2026-03-10T22:37:21.719000","service_eb508f39-ce3d-4391-bb12-d4211c02ede9","false"
"9.2956","[]","","[]","35.3233","event","5","3","","RL-ORGANIZER","698dbbf753d545317578c200","RL-000025","698d204286a5af9808991620","RL-000025","","[""RL-000025""]","4","user","69b09c99d22120db6702f14e","3","[]","4","","[]","","3.8","","69b09d21566a3df5b4c4a08e","2026-03-10T22:37:21.543000","2026-03-10T22:37:21.543000","service_eb508f39-ce3d-4391-bb12-d4211c02ede9","false"
"9.5518","[]","","[]","32.4761","event","3","3","","RL-000025","698d204286a5af9808991620","RL-ORGANIZER","698dbbf753d545317578c200","RL-ORGANIZER","","[""RL-ORGANIZER""]","3","user","69b09c99d22120db6702f14e","4","[]","4","","[]","","3.4","","69b09d21ad87685bd3b7df7d","2026-03-10T22:37:21.139000","2026-03-10T22:37:21.139000","service_eb508f39-ce3d-4391-bb12-d4211c02ede9","false"
"9.5518","[]","","[]","32.4761","event","3","3","","RL-000025","698d204286a5af9808991620","RL-000025","698c747aee05acfdd23ea578","RL-000025","","[""RL-000025""]","3","user","69b09c99d22120db6702f14e","4","[]","4","","[]","","3.4","","69b09d20f9ccd71c95e3e778","2026-03-10T22:37:20.889000","2026-03-10T22:37:20.889000","service_eb508f39-ce3d-4391-bb12-d4211c02ede9","false"
"9.2956","[]","","[]","24.1686","event","4","2","","RL-000025","698dbbf753d545317578c200","RL-ORGANIZER","698c747aee05acfdd23ea578","RL-ORGANIZER","","[""RL-ORGANIZER""]","3","user","69b09acd8d10131cc7bc8fdd","2","[]","2","","[]","","2.6","","69b09c5baa2ba60f8602591a","2026-03-10T22:34:03.136000","2026-03-10T22:34:03.136000","service_eb508f39-ce3d-4391-bb12-d4211c02ede9","false"
"9.2956","[]","","[]","24.1686","event","4","2","","RL-000025","698dbbf753d545317578c200","RL-000025","698d204286a5af9808991620","RL-000025","","[""RL-000025""]","3","user","69b09acd8d10131cc7bc8fdd","2","[]","2","","[]","","2.6","","69b09c5ab313d0880a7038c9","2026-03-10T22:34:02.938000","2026-03-10T22:34:02.938000","service_eb508f39-ce3d-4391-bb12-d4211c02ede9","false"
"9.5317","[]","","[]","32.4078","event","3","2","","RL-000025","698d204286a5af9808991620","RL-ORGANIZER","698c747aee05acfdd23ea578","RL-ORGANIZER","","[""RL-ORGANIZER""]","3","user","69b09acd8d10131cc7bc8fdd","4","[]","5","","[]","","3.4","","69b09c4e359b27fbbee61548","2026-03-10T22:33:50.498000","2026-03-10T22:33:50.498000","service_eb508f39-ce3d-4391-bb12-d4211c02ede9","false"
"9.5317","[]","","[]","32.4078","event","3","2","","RL-000025","698d204286a5af9808991620","RL-000025","698dbbf753d545317578c200","RL-000025","","[""RL-000025""]","3","user","69b09acd8d10131cc7bc8fdd","4","[]","5","","[]","","3.4","","69b09c4ed22120db6702f133","2026-03-10T22:33:50.304000","2026-03-10T22:33:50.304000","service_eb508f39-ce3d-4391-bb12-d4211c02ede9","false"
"9.5624","[]","","[]","34.4247","event","3","4","","RL-ORGANIZER","698c747aee05acfdd23ea578","RL-000025","698d204286a5af9808991620","RL-000025","","[""RL-000025""]","2","user","69b09acd8d10131cc7bc8fdd","4","[]","5","","[]","","3.6","","69b09c4bdaead8ee265391f4","2026-03-10T22:33:47.525000","2026-03-10T22:33:47.525000","service_eb508f39-ce3d-4391-bb12-d4211c02ede9","false"
"9.5624","[]","","[]","34.4247","event","3","4","","RL-ORGANIZER","698c747aee05acfdd23ea578","RL-000025","698dbbf753d545317578c200","RL-000025","","[""RL-000025""]","2","user","69b09acd8d10131cc7bc8fdd","4","[]","5","","[]","","3.6","","69b09c4a74413b9f4022d87f","2026-03-10T22:33:46.231000","2026-03-10T22:33:46.231000","service_eb508f39-ce3d-4391-bb12-d4211c02ede9","false"
"9.5317","[""ST-000204"",""ST-000207""]","","[""ST-000204"",""ST-000207""]","34.3141","event","3","5","","RL-000010","698d204286a5af9808991620","RL-ORGANIZER","698c747aee05acfdd23ea578","RL-ORGANIZER","","[""RL-ORGANIZER"",""ST-000204"",""ST-000207""]","2","user","69ab9c49992e80486935d70a","4","[]","4","ST-000204","[""ST-000204"",""ST-000207""]","","3.6","","69ab9ce45b0bb33b42056cc1","2026-03-07T03:35:00.289000","2026-03-07T03:35:00.289000","service_eb508f39-ce3d-4391-bb12-d4211c02ede9","false"
"9.5317","[]","","[""ST-000204"",""ST-000207""]","34.3141","event","3","5","","RL-000010","698d204286a5af9808991620","RL-001001","698dbbf753d545317578c200","RL-001001","","[""RL-001001""]","2","user","69ab9c49992e80486935d70a","4","[]","4","","[]","","3.6","","69ab9ce4c00926911636e360","2026-03-07T03:35:00.153000","2026-03-07T03:35:00.153000","service_eb508f39-ce3d-4391-bb12-d4211c02ede9","false"
"9.2827","[""ST-000204"",""ST-000207""]","","[]","37.1306","event","3","4","","RL-001001","698dbbf753d545317578c200","RL-ORGANIZER","698c747aee05acfdd23ea578","RL-ORGANIZER","","[""RL-ORGANIZER"",""ST-000204"",""ST-000207""]","5","user","69ab9c49992e80486935d70a","4","[]","4","ST-000204","[""ST-000204"",""ST-000207""]","","4","","69ab9cdf0f844a1985311647","2026-03-07T03:34:55.962000","2026-03-07T03:34:55.962000","service_eb508f39-ce3d-4391-bb12-d4211c02ede9","false"
"9.2827","[""ST-000204"",""ST-000207""]","","[]","37.1306","event","3","4","","RL-001001","698dbbf753d545317578c200","RL-000010","698d204286a5af9808991620","RL-000010","","[""RL-000010"",""ST-000204"",""ST-000207""]","5","user","69ab9c49992e80486935d70a","4","[]","4","ST-000204","[""ST-000204"",""ST-000207""]","","4","","69ab9cdf3b5478c96527a69a","2026-03-07T03:34:55.764000","2026-03-07T03:34:55.764000","service_eb508f39-ce3d-4391-bb12-d4211c02ede9","false"
"9.5396","[""ST-000204"",""ST-000207""]","","[""ST-000204"",""ST-000207""]","38.1586","event","4","3","","RL-ORGANIZER","698c747aee05acfdd23ea578","RL-000010","698d204286a5af9808991620","RL-000010","","[""RL-000010"",""ST-000204"",""ST-000207""]","5","user","69ab9c49992e80486935d70a","5","[]","3","ST-000204","[""ST-000204"",""ST-000207""]","","4","","69ab9cd87cfb8f8c2bd483ce","2026-03-07T03:34:48.863000","2026-03-07T03:34:48.863000","service_eb508f39-ce3d-4391-bb12-d4211c02ede9","false"
"9.5396","[]","","[""ST-000204"",""ST-000207""]","38.1586","event","4","3","","RL-ORGANIZER","698c747aee05acfdd23ea578","RL-001001","698dbbf753d545317578c200","RL-001001","","[""RL-001001""]","5","user","69ab9c49992e80486935d70a","5","[]","3","","[]","","4","","69ab9cd846930c12be3597bb","2026-03-07T03:34:48.730000","2026-03-07T03:34:48.730000","service_eb508f39-ce3d-4391-bb12-d4211c02ede9","false"
"9.5082","[""ST-000219"",""ST-000018"",""ST-000145"",""ST-000139"",""ST-000091""]","","[""ST-000018""]","41.8362","event","5","4","","RL-000008","698d204286a5af9808991620","RL-ORGANIZER","698c747aee05acfdd23ea578","RL-ORGANIZER","","[""RL-ORGANIZER"",""ST-000219"",""ST-000018"",""ST-000145"",""ST-000139"",""ST-000091""]","5","user","69ab8cbc3e713de2f2eb24cf","4","[]","4","ST-000219","[""ST-000219"",""ST-000018"",""ST-000145"",""ST-000139"",""ST-000091""]","","4.4","","69ab8d7f496b373ef32c0425","2026-03-07T02:29:19.590000","2026-03-07T02:29:19.590000","service_eb508f39-ce3d-4391-bb12-d4211c02ede9","false"
"9.5082","[""ST-000145"",""ST-000139"",""ST-000091""]","","[""ST-000018""]","41.8362","event","5","4","","RL-000008","698d204286a5af9808991620","RL-000008","698dbbf753d545317578c200","RL-000008","","[""RL-000008"",""ST-000145"",""ST-000139"",""ST-000091""]","5","user","69ab8cbc3e713de2f2eb24cf","4","[]","4","ST-000145","[""ST-000145"",""ST-000139"",""ST-000091""]","","4.4","","69ab8d7fd1c4445585a9c546","2026-03-07T02:29:19.463000","2026-03-07T02:29:19.463000","service_eb508f39-ce3d-4391-bb12-d4211c02ede9","false"
"9.5082","[""ST-000219""]","","[""ST-000018""]","41.8362","event","5","4","","RL-000008","698d204286a5af9808991620","RL-000010","698dd1b2193c860027a3457a","RL-000010","","[""RL-000010"",""ST-000219""]","5","user","69ab8cbc3e713de2f2eb24cf","4","[]","4","ST-000219","[""ST-000219""]","","4.4","","69ab8d7f33b4f5b8c57baf4d","2026-03-07T02:29:19.353000","2026-03-07T02:29:19.353000","service_eb508f39-ce3d-4391-bb12-d4211c02ede9","false"
"9.2544","[""ST-000219"",""ST-000018"",""ST-000145"",""ST-000139"",""ST-000091""]","","[""ST-000145"",""ST-000139"",""ST-000091""]","37.0174","event","5","4","","RL-000008","698dbbf753d545317578c200","RL-ORGANIZER","698c747aee05acfdd23ea578","RL-ORGANIZER","","[""RL-ORGANIZER"",""ST-000219"",""ST-000018"",""ST-000145"",""ST-000139"",""ST-000091""]","4","user","69ab8cbc3e713de2f2eb24cf","3","[]","4","ST-000219","[""ST-000219"",""ST-000018"",""ST-000145"",""ST-000139"",""ST-000091""]","","4","","69ab8d74777aa715ac7f5acc","2026-03-07T02:29:08.874000","2026-03-07T02:29:08.874000","service_eb508f39-ce3d-4391-bb12-d4211c02ede9","false"
"9.2544","[""ST-000018""]","","[""ST-000145"",""ST-000139"",""ST-000091""]","37.0174","event","5","4","","RL-000008","698dbbf753d545317578c200","RL-000008","698d204286a5af9808991620","RL-000008","","[""RL-000008"",""ST-000018""]","4","user","69ab8cbc3e713de2f2eb24cf","3","[]","4","ST-000018","[""ST-000018""]","","4","","69ab8d74e5bba51568ec6775","2026-03-07T02:29:08.713000","2026-03-07T02:29:08.713000","service_eb508f39-ce3d-4391-bb12-d4211c02ede9","false"
"9.2544","[""ST-000219""]","","[""ST-000145"",""ST-000139"",""ST-000091""]","37.0174","event","5","4","","RL-000008","698dbbf753d545317578c200","RL-000010","698dd1b2193c860027a3457a","RL-000010","","[""RL-000010"",""ST-000219""]","4","user","69ab8cbc3e713de2f2eb24cf","3","[]","4","ST-000219","[""ST-000219""]","","4","","69ab8d73932e52422d85bad3","2026-03-07T02:29:07.768000","2026-03-07T02:29:07.768000","service_eb508f39-ce3d-4391-bb12-d4211c02ede9","false"
"9.5164","[""ST-000145"",""ST-000139"",""ST-000091""]","","[""ST-000219"",""ST-000018"",""ST-000145"",""ST-000139"",""ST-000091""]","36.1621","event","5","5","","RL-ORGANIZER","698c747aee05acfdd23ea578","RL-000008","698dbbf753d545317578c200","RL-000008","","[""RL-000008"",""ST-000145"",""ST-000139"",""ST-000091""]","3","user","69ab8cbc3e713de2f2eb24cf","2","[]","4","ST-000145","[""ST-000145"",""ST-000139"",""ST-000091""]","","3.8","","69ab8d69014a2a6460844557","2026-03-07T02:28:57.508000","2026-03-07T02:28:57.508000","service_eb508f39-ce3d-4391-bb12-d4211c02ede9","false"
"9.5164","[""ST-000018""]","","[""ST-000219"",""ST-000018"",""ST-000145"",""ST-000139"",""ST-000091""]","36.1621","event","5","5","","RL-ORGANIZER","698c747aee05acfdd23ea578","RL-000008","698d204286a5af9808991620","RL-000008","","[""RL-000008"",""ST-000018""]","3","user","69ab8cbc3e713de2f2eb24cf","2","[]","4","ST-000018","[""ST-000018""]","","3.8","","69ab8d69665ebe8fbc1c2214","2026-03-07T02:28:57.323000","2026-03-07T02:28:57.323000","service_eb508f39-ce3d-4391-bb12-d4211c02ede9","false"
"9.5164","[""ST-000219""]","","[""ST-000219"",""ST-000018"",""ST-000145"",""ST-000139"",""ST-000091""]","36.1621","event","5","5","","RL-ORGANIZER","698c747aee05acfdd23ea578","RL-000010","698dd1b2193c860027a3457a","RL-000010","","[""RL-000010"",""ST-000219""]","3","user","69ab8cbc3e713de2f2eb24cf","2","[]","4","ST-000219","[""ST-000219""]","","3.8","","69ab8d6900e8ae7d5e8fe233","2026-03-07T02:28:57.197000","2026-03-07T02:28:57.197000","service_eb508f39-ce3d-4391-bb12-d4211c02ede9","false"
"9.4978","[]","","[]","43.6898","event","4","5","","RL-001002","698d204286a5af9808991620","RL-ORGANIZER","698c747aee05acfdd23ea578","RL-ORGANIZER","","[""RL-ORGANIZER""]","4","user","69ab86ad5d1950862e03665a","5","[]","5","","[]","","4.6","","69ab8958efb866a03e175384","2026-03-07T02:11:36.740000","2026-03-07T02:11:36.740000","service_eb508f39-ce3d-4391-bb12-d4211c02ede9","false"
"9.4978","[]","","[]","43.6898","event","4","5","","RL-001002","698d204286a5af9808991620","RL-001002","698dd1b2193c860027a3457a","RL-001002","","[""RL-001002""]","4","user","69ab86ad5d1950862e03665a","5","[]","5","","[]","","4.6","","69ab8958ac4b388fb8075550","2026-03-07T02:11:36.521000","2026-03-07T02:11:36.521000","service_eb508f39-ce3d-4391-bb12-d4211c02ede9","false"
"9.4925","[]","","[]","45.564","event","5","4","","RL-ORGANIZER","698c747aee05acfdd23ea578","RL-001002","698d204286a5af9808991620","RL-001002","","[""RL-001002""]","5","user","69ab86ad5d1950862e03665a","5","[]","5","","[]","","4.8","","69ab895393b8509aaadb0455","2026-03-07T02:11:31.366000","2026-03-07T02:11:31.366000","service_eb508f39-ce3d-4391-bb12-d4211c02ede9","false"
"9.4925","[]","","[]","45.564","event","5","4","","RL-ORGANIZER","698c747aee05acfdd23ea578","RL-001002","698dd1b2193c860027a3457a","RL-001002","","[""RL-001002""]","5","user","69ab86ad5d1950862e03665a","5","[]","5","","[]","","4.8","","69ab895344db04c95f772837","2026-03-07T02:11:31.141000","2026-03-07T02:11:31.141000","service_eb508f39-ce3d-4391-bb12-d4211c02ede9","false"
"8.6429","[]","","[]","27.6574","event","2","5","","RL-001002","698dd1b2193c860027a3457a","RL-ORGANIZER","698c747aee05acfdd23ea578","RL-ORGANIZER","","[""RL-ORGANIZER""]","2","user","69ab86ad5d1950862e03665a","3","[]","4","","[]","","3.2","","69ab894e3ecdc76f62214234","2026-03-07T02:11:26.390000","2026-03-07T02:11:26.390000","service_eb508f39-ce3d-4391-bb12-d4211c02ede9","false"
"8.6429","[]","","[]","27.6574","event","2","5","","RL-001002","698dd1b2193c860027a3457a","RL-001002","698d204286a5af9808991620","RL-001002","","[""RL-001002""]","2","user","69ab86ad5d1950862e03665a","3","[]","4","","[]","","3.2","","69ab894e88df756c34bc3c23","2026-03-07T02:11:26.148000","2026-03-07T02:11:26.148000","service_eb508f39-ce3d-4391-bb12-d4211c02ede9","false"
"9.1993","[""ST-000135""]","","[""ST-000171"",""ST-000170"",""ST-000169"",""ST-000168"",""ST-000182"",""ST-000183"",""ST-000184"",""ST-000158"",""ST-000135""]","36.7971","event","4","4","","RL-ORGANIZER","698dbbf753d545317578c200","RL-000008","698dd1b2193c860027a3457a","RL-000008","","[""RL-000008"",""ST-000135""]","3","user","69ab7e17caf594a21d25ba88","4","[]","5","ST-000135","[""ST-000135""]","","4","","69ab7f036a8136028aa9050b","2026-03-07T01:27:31.635000","2026-03-07T01:27:31.635000","service_eb508f39-ce3d-4391-bb12-d4211c02ede9","false"
"9.1993","[""ST-000171"",""ST-000170"",""ST-000169"",""ST-000168"",""ST-000182"",""ST-000183"",""ST-000184"",""ST-000158""]","","[""ST-000171"",""ST-000170"",""ST-000169"",""ST-000168"",""ST-000182"",""ST-000183"",""ST-000184"",""ST-000158"",""ST-000135""]","36.7971","event","4","4","","RL-ORGANIZER","698dbbf753d545317578c200","RL-000025","698d204286a5af9808991620","RL-000025","","[""RL-000025"",""ST-000171"",""ST-000170"",""ST-000169"",""ST-000168"",""ST-000182"",""ST-000183"",""ST-000184"",""ST-000158""]","3","user","69ab7e17caf594a21d25ba88","4","[]","5","ST-000171","[""ST-000171"",""ST-000170"",""ST-000169"",""ST-000168"",""ST-000182"",""ST-000183"",""ST-000184"",""ST-000158""]","","4","","69ab7f021f6ebf1b31eea68e","2026-03-07T01:27:30.372000","2026-03-07T01:27:30.372000","service_eb508f39-ce3d-4391-bb12-d4211c02ede9","false"
"9.4116","[""ST-000135""]","","[""ST-000018""]","28.2349","quickplay","5","3","","RL-000008","698d204286a5af9808991620","RL-000008","698dd1b2193c860027a3457a","RL-000008","NC-0000000012","[""RL-000008"",""ST-000135"",""NC-0000000012""]","1","user","69ab2df4edbe3bbf5ce89ed8","4","[]","2","ST-000135","[""ST-000135""]","NC-0000000012","3","","69ab2e44f799cfa65d5a35bd","2026-03-06T19:43:00.932000","2026-03-06T19:43:00.932000","service_eb508f39-ce3d-4391-bb12-d4211c02ede9","false"
"8.5311","[""ST-000018""]","","[""ST-000135""]","34.1244","quickplay","4","3","","RL-000008","698dd1b2193c860027a3457a","RL-000008","698d204286a5af9808991620","RL-000008","NC-0000000012","[""RL-000008"",""ST-000018"",""NC-0000000012""]","3","user","69ab2df4edbe3bbf5ce89ed8","5","[]","5","ST-000018","[""ST-000018""]","NC-0000000012","4","","69ab2e2f36bdd8d3ee86d933","2026-03-06T19:42:39.121000","2026-03-06T19:42:39.121000","service_eb508f39-ce3d-4391-bb12-d4211c02ede9","false"
"9.1993","[""ST-000200"",""ST-000209"",""ST-000210"",""ST-000211"",""ST-000204"",""ST-000205"",""ST-000206"",""ST-000207"",""ST-000202"",""ST-000145"",""ST-000139"",""ST-000091""]","","[""ST-000145"",""ST-000139"",""ST-000091""]","31.2776","event","3","5","","RL-000008","698dbbf753d545317578c200","RL-ORGANIZER","698dd1b2193c860027a3457a","RL-ORGANIZER","","[""RL-ORGANIZER"",""ST-000200"",""ST-000209"",""ST-000210"",""ST-000211"",""ST-000204"",""ST-000205"",""ST-000206"",""ST-000207"",""ST-000202"",""ST-000145"",""ST-000139"",""ST-000091""]","2","user","69aad9c0e39bb79dcfe4c14d","3","[]","4","ST-000200","[""ST-000200"",""ST-000209"",""ST-000210"",""ST-000211"",""ST-000204"",""ST-000205"",""ST-000206"",""ST-000207"",""ST-000202"",""ST-000145"",""ST-000139"",""ST-000091""]","","3.4","","69aae18928b7ce490c19df03","2026-03-06T14:15:37.263000","2026-03-06T14:15:37.263000","service_eb508f39-ce3d-4391-bb12-d4211c02ede9","false"
"9.1993","[""ST-000200"",""ST-000209"",""ST-000210"",""ST-000211"",""ST-000204"",""ST-000205"",""ST-000206"",""ST-000207"",""ST-000202""]","","[""ST-000145"",""ST-000139"",""ST-000091""]","31.2776","event","3","5","","RL-000008","698dbbf753d545317578c200","RL-000010","698c747aee05acfdd23ea578","RL-000010","","[""RL-000010"",""ST-000200"",""ST-000209"",""ST-000210"",""ST-000211"",""ST-000204"",""ST-000205"",""ST-000206"",""ST-000207"",""ST-000202""]","2","user","69aad9c0e39bb79dcfe4c14d","3","[]","4","ST-000200","[""ST-000200"",""ST-000209"",""ST-000210"",""ST-000211"",""ST-000204"",""ST-000205"",""ST-000206"",""ST-000207"",""ST-000202""]","","3.4","","69aae1895335be99932a88bb","2026-03-06T14:15:37.149000","2026-03-06T14:15:37.149000","service_eb508f39-ce3d-4391-bb12-d4211c02ede9","false"
"8.4785","[""ST-000145"",""ST-000139"",""ST-000091""]","","[""ST-000200"",""ST-000209"",""ST-000210"",""ST-000211"",""ST-000204"",""ST-000205"",""ST-000206"",""ST-000207"",""ST-000202"",""ST-000145"",""ST-000139"",""ST-000091""]","27.131","event","4","5","","RL-ORGANIZER","698dd1b2193c860027a3457a","RL-000008","698dbbf753d545317578c200","RL-000008","","[""RL-000008"",""ST-000145"",""ST-000139"",""ST-000091""]","1","user","69aad9c0e39bb79dcfe4c14d","3","[]","3","ST-000145","[""ST-000145"",""ST-000139"",""ST-000091""]","","3.2","","69aae1357cdc721efaa238ad","2026-03-06T14:14:13.808000","2026-03-06T14:14:13.808000","service_eb508f39-ce3d-4391-bb12-d4211c02ede9","false"
"8.4785","[""ST-000200"",""ST-000209"",""ST-000210"",""ST-000211"",""ST-000204"",""ST-000205"",""ST-000206"",""ST-000207"",""ST-000202""]","","[""ST-000200"",""ST-000209"",""ST-000210"",""ST-000211"",""ST-000204"",""ST-000205"",""ST-000206"",""ST-000207"",""ST-000202"",""ST-000145"",""ST-000139"",""ST-000091""]","27.131","event","4","5","","RL-ORGANIZER","698dd1b2193c860027a3457a","RL-000010","698c747aee05acfdd23ea578","RL-000010","","[""RL-000010"",""ST-000200"",""ST-000209"",""ST-000210"",""ST-000211"",""ST-000204"",""ST-000205"",""ST-000206"",""ST-000207"",""ST-000202""]","1","user","69aad9c0e39bb79dcfe4c14d","3","[]","3","ST-000200","[""ST-000200"",""ST-000209"",""ST-000210"",""ST-000211"",""ST-000204"",""ST-000205"",""ST-000206"",""ST-000207"",""ST-000202""]","","3.2","","69aae13550fcca4742b16403","2026-03-06T14:14:13.686000","2026-03-06T14:14:13.686000","service_eb508f39-ce3d-4391-bb12-d4211c02ede9","false"
"9.4819","[""ST-000200"",""ST-000209"",""ST-000210"",""ST-000211"",""ST-000204"",""ST-000205"",""ST-000206"",""ST-000207"",""ST-000202"",""ST-000145"",""ST-000139"",""ST-000091""]","","[""ST-000200"",""ST-000209"",""ST-000210"",""ST-000211"",""ST-000204"",""ST-000205"",""ST-000206"",""ST-000207"",""ST-000202""]","30.3421","event","4","4","","RL-000010","698c747aee05acfdd23ea578","RL-ORGANIZER","698dd1b2193c860027a3457a","RL-ORGANIZER","","[""RL-ORGANIZER"",""ST-000200"",""ST-000209"",""ST-000210"",""ST-000211"",""ST-000204"",""ST-000205"",""ST-000206"",""ST-000207"",""ST-000202"",""ST-000145"",""ST-000139"",""ST-000091""]","2","user","69aad9c0e39bb79dcfe4c14d","3","[]","3","ST-000200","[""ST-000200"",""ST-000209"",""ST-000210"",""ST-000211"",""ST-000204"",""ST-000205"",""ST-000206"",""ST-000207"",""ST-000202"",""ST-000145"",""ST-000139"",""ST-000091""]","","3.2","","69aae123ba502d204333d5ed","2026-03-06T14:13:55.615000","2026-03-06T14:13:55.615000","service_eb508f39-ce3d-4391-bb12-d4211c02ede9","false"
"9.4819","[""ST-000145"",""ST-000139"",""ST-000091""]","","[""ST-000200"",""ST-000209"",""ST-000210"",""ST-000211"",""ST-000204"",""ST-000205"",""ST-000206"",""ST-000207"",""ST-000202""]","30.3421","event","4","4","","RL-000010","698c747aee05acfdd23ea578","RL-000008","698dbbf753d545317578c200","RL-000008","","[""RL-000008"",""ST-000145"",""ST-000139"",""ST-000091""]","2","user","69aad9c0e39bb79dcfe4c14d","3","[]","3","ST-000145","[""ST-000145"",""ST-000139"",""ST-000091""]","","3.2","","69aae1238d605a4f41e92eb5","2026-03-06T14:13:55.463000","2026-03-06T14:13:55.463000","service_eb508f39-ce3d-4391-bb12-d4211c02ede9","false"
"9.4001","[""ST-000080"",""ST-000134"",""ST-000133"",""ST-000018"",""ST-000019"",""ST-000204"",""ST-000207""]","","[""ST-000204"",""ST-000207""]","39.4806","event","4","3","","RL-000010","698d204286a5af9808991620","RL-ORGANIZER","698dd1b2193c860027a3457a","RL-ORGANIZER","","[""RL-ORGANIZER"",""ST-000080"",""ST-000134"",""ST-000133"",""ST-000018"",""ST-000019"",""ST-000204"",""ST-000207""]","4","user","69aa19977a5e34adf68fc8a3","5","[]","5","ST-000080","[""ST-000080"",""ST-000134"",""ST-000133"",""ST-000018"",""ST-000019"",""ST-000204"",""ST-000207""]","","4.2","","69aa20777b4feddf46d55e49","2026-03-06T00:31:51.813000","2026-03-06T00:31:51.813000","service_eb508f39-ce3d-4391-bb12-d4211c02ede9","false"
"9.4001","[""ST-000080"",""ST-000134"",""ST-000133"",""ST-000018"",""ST-000019""]","","[""ST-000204"",""ST-000207""]","39.4806","event","4","3","","RL-000010","698d204286a5af9808991620","RL-000008","698c747aee05acfdd23ea578","RL-000008","","[""RL-000008"",""ST-000080"",""ST-000134"",""ST-000133"",""ST-000018"",""ST-000019""]","4","user","69aa19977a5e34adf68fc8a3","5","[]","5","ST-000080","[""ST-000080"",""ST-000134"",""ST-000133"",""ST-000018"",""ST-000019""]","","4.2","","69aa207753863d281639393b","2026-03-06T00:31:51.678000","2026-03-06T00:31:51.678000","service_eb508f39-ce3d-4391-bb12-d4211c02ede9","false"
"9.4572","[""ST-000080"",""ST-000134"",""ST-000133"",""ST-000018"",""ST-000019"",""ST-000204"",""ST-000207""]","","[""ST-000080"",""ST-000134"",""ST-000133"",""ST-000018"",""ST-000019""]","39.7202","event","5","5","","RL-000008","698c747aee05acfdd23ea578","RL-ORGANIZER","698dd1b2193c860027a3457a","RL-ORGANIZER","","[""RL-ORGANIZER"",""ST-000080"",""ST-000134"",""ST-000133"",""ST-000018"",""ST-000019"",""ST-000204"",""ST-000207""]","3","user","69aa19977a5e34adf68fc8a3","4","[]","4","ST-000080","[""ST-000080"",""ST-000134"",""ST-000133"",""ST-000018"",""ST-000019"",""ST-000204"",""ST-000207""]","","4.2","","69aa2073f77498f28ffd0457","2026-03-06T00:31:47.094000","2026-03-06T00:31:47.094000","service_eb508f39-ce3d-4391-bb12-d4211c02ede9","false"
"9.4572","[""ST-000204"",""ST-000207""]","","[""ST-000080"",""ST-000134"",""ST-000133"",""ST-000018"",""ST-000019""]","39.7202","event","5","5","","RL-000008","698c747aee05acfdd23ea578","RL-000010","698d204286a5af9808991620","RL-000010","","[""RL-000010"",""ST-000204"",""ST-000207""]","3","user","69aa19977a5e34adf68fc8a3","4","[]","4","ST-000204","[""ST-000204"",""ST-000207""]","","4.2","","69aa2072967c90f22505f9d0","2026-03-06T00:31:46.968000","2026-03-06T00:31:46.968000","service_eb508f39-ce3d-4391-bb12-d4211c02ede9","false"
"8.3114","[""ST-000204"",""ST-000207""]","","[""ST-000080"",""ST-000134"",""ST-000133"",""ST-000018"",""ST-000019"",""ST-000204"",""ST-000207""]","33.2456","event","3","4","","RL-ORGANIZER","698dd1b2193c860027a3457a","RL-000010","698d204286a5af9808991620","RL-000010","","[""RL-000010"",""ST-000204"",""ST-000207""]","4","user","69aa19977a5e34adf68fc8a3","4","[]","5","ST-000204","[""ST-000204"",""ST-000207""]","","4","","69aa1bbac1515155ff2b00e5","2026-03-06T00:11:38.316000","2026-03-06T00:11:38.316000","service_eb508f39-ce3d-4391-bb12-d4211c02ede9","false"
"8.3114","[""ST-000080"",""ST-000134"",""ST-000133"",""ST-000018"",""ST-000019""]","","[""ST-000080"",""ST-000134"",""ST-000133"",""ST-000018"",""ST-000019"",""ST-000204"",""ST-000207""]","33.2456","event","3","4","","RL-ORGANIZER","698dd1b2193c860027a3457a","RL-000008","698c747aee05acfdd23ea578","RL-000008","","[""RL-000008"",""ST-000080"",""ST-000134"",""ST-000133"",""ST-000018"",""ST-000019""]","4","user","69aa19977a5e34adf68fc8a3","4","[]","5","ST-000080","[""ST-000080"",""ST-000134"",""ST-000133"",""ST-000018"",""ST-000019""]","","4","","69aa1bba790990c4e729403e","2026-03-06T00:11:38.188000","2026-03-06T00:11:38.188000","service_eb508f39-ce3d-4391-bb12-d4211c02ede9","false"
"9.3767","[""ST-000080"",""ST-000134"",""ST-000133"",""ST-000018"",""ST-000019"",""ST-000204"",""ST-000207""]","","[""ST-000204"",""ST-000207""]","41.2575","event","4","4","","RL-000010","698d204286a5af9808991620","RL-ORGANIZER","698dd1b2193c860027a3457a","RL-ORGANIZER","","[""RL-ORGANIZER"",""ST-000080"",""ST-000134"",""ST-000133"",""ST-000018"",""ST-000019"",""ST-000204"",""ST-000207""]","5","user","69aa19977a5e34adf68fc8a3","4","[]","5","ST-000080","[""ST-000080"",""ST-000134"",""ST-000133"",""ST-000018"",""ST-000019"",""ST-000204"",""ST-000207""]","","4.4","","69aa1bb99a2b40f2c269299a","2026-03-06T00:11:37.797000","2026-03-06T00:11:37.797000","service_eb508f39-ce3d-4391-bb12-d4211c02ede9","false"
"9.3767","[""ST-000080"",""ST-000134"",""ST-000133"",""ST-000018"",""ST-000019""]","","[""ST-000204"",""ST-000207""]","41.2575","event","4","4","","RL-000010","698d204286a5af9808991620","RL-000008","698c747aee05acfdd23ea578","RL-000008","","[""RL-000008"",""ST-000080"",""ST-000134"",""ST-000133"",""ST-000018"",""ST-000019""]","5","user","69aa19977a5e34adf68fc8a3","4","[]","5","ST-000080","[""ST-000080"",""ST-000134"",""ST-000133"",""ST-000018"",""ST-000019""]","","4.4","","69aa1bb95d226ca6e682d155","2026-03-06T00:11:37.640000","2026-03-06T00:11:37.640000","service_eb508f39-ce3d-4391-bb12-d4211c02ede9","false"
"9.3767","[""ST-000169"",""ST-000168"",""ST-000182"",""ST-000183"",""ST-000171""]","","[""ST-000169"",""ST-000168"",""ST-000182"",""ST-000183""]","33.7561","event","3","4","","RL-000025","698d204286a5af9808991620","RL-ORGANIZER","698dd1b2193c860027a3457a","RL-ORGANIZER","","[""RL-ORGANIZER"",""ST-000169"",""ST-000168"",""ST-000182"",""ST-000183"",""ST-000171""]","3","user","69aa07032f6352e114684ef2","4","[]","4","ST-000169","[""ST-000169"",""ST-000168"",""ST-000182"",""ST-000183"",""ST-000171""]","","3.6","","69aa0a1c86e0f13f22eb44c8","2026-03-05T22:56:28.012000","2026-03-05T22:56:28.012000","service_eb508f39-ce3d-4391-bb12-d4211c02ede9","false"
"8.3114","[""ST-000171""]","","[""ST-000169"",""ST-000168"",""ST-000182"",""ST-000183"",""ST-000171""]","29.921","event","4","3","","RL-ORGANIZER","698dd1b2193c860027a3457a","RL-000025","698c747aee05acfdd23ea578","RL-000025","","[""RL-000025"",""ST-000171""]","2","user","69aa07032f6352e114684ef2","4","[]","5","ST-000171","[""ST-000171""]","","3.6","","69aa0a1be82731a0012b5d4e","2026-03-05T22:56:27.983000","2026-03-05T22:56:27.983000","service_eb508f39-ce3d-4391-bb12-d4211c02ede9","false"
"9.3767","[""ST-000171""]","","[""ST-000169"",""ST-000168"",""ST-000182"",""ST-000183""]","33.7561","event","3","4","","RL-000025","698d204286a5af9808991620","RL-000025","698c747aee05acfdd23ea578","RL-000025","","[""RL-000025"",""ST-000171""]","3","user","69aa07032f6352e114684ef2","4","[]","4","ST-000171","[""ST-000171""]","","3.6","","69aa0a1bd9e118004b1d9d99","2026-03-05T22:56:27.875000","2026-03-05T22:56:27.875000","service_eb508f39-ce3d-4391-bb12-d4211c02ede9","false"
"8.3114","[""ST-000169"",""ST-000168"",""ST-000182"",""ST-000183""]","","[""ST-000169"",""ST-000168"",""ST-000182"",""ST-000183"",""ST-000171""]","29.921","event","4","3","","RL-ORGANIZER","698dd1b2193c860027a3457a","RL-000025","698d204286a5af9808991620","RL-000025","","[""RL-000025"",""ST-000169"",""ST-000168"",""ST-000182"",""ST-000183""]","2","user","69aa07032f6352e114684ef2","4","[]","5","ST-000169","[""ST-000169"",""ST-000168"",""ST-000182"",""ST-000183""]","","3.6","","69aa0a1bdf1d9c7030f50ce2","2026-03-05T22:56:27.838000","2026-03-05T22:56:27.838000","service_eb508f39-ce3d-4391-bb12-d4211c02ede9","false"
"9.2919","[""ST-000080"",""ST-000134"",""ST-000133"",""ST-000200"",""ST-000209"",""ST-000210"",""ST-000211"",""ST-000204"",""ST-000205"",""ST-000206"",""ST-000207"",""ST-000202"",""ST-000171"",""ST-000018"",""ST-000019""]","","[""ST-000018"",""ST-000171"",""ST-000170"",""ST-000169"",""ST-000168"",""ST-000182"",""ST-000183"",""ST-000184"",""ST-000204"",""ST-000207""]","37.1677","quickplay","4","4","","RL-000008","698d204286a5af9808991620","RL-000008","698c747aee05acfdd23ea578","RL-000008","NC-0000000090","[""RL-000008"",""ST-000080"",""ST-000134"",""ST-000133"",""ST-000200"",""ST-000209"",""ST-000210"",""ST-000211"",""ST-000204"",""ST-000205"",""ST-000206"",""ST-000207"",""ST-000202"",""ST-000171"",""ST-000018"",""ST-000019"",""NC-0000000090""]","3","user","69a9db7272bcbc47f4cf6ba2","4","[]","5","ST-000080","[""ST-000080"",""ST-000134"",""ST-000133"",""ST-000200"",""ST-000209"",""ST-000210"",""ST-000211"",""ST-000204"",""ST-000205"",""ST-000206"",""ST-000207"",""ST-000202"",""ST-000171"",""ST-000018"",""ST-000019""]","NC-0000000090","4","","69aa071288baeac030cd6ea0","2026-03-05T22:43:30.954000","2026-03-05T22:43:30.954000","service_eb508f39-ce3d-4391-bb12-d4211c02ede9","false"
"9.4059","[""ST-000018"",""ST-000171"",""ST-000170"",""ST-000169"",""ST-000168"",""ST-000182"",""ST-000183"",""ST-000184"",""ST-000204"",""ST-000207""]","","[""ST-000080"",""ST-000134"",""ST-000133"",""ST-000200"",""ST-000209"",""ST-000210"",""ST-000211"",""ST-000204"",""ST-000205"",""ST-000206"",""ST-000207"",""ST-000202"",""ST-000171"",""ST-000018"",""ST-000019""]","39.5048","quickplay","5","5","","RL-000008","698c747aee05acfdd23ea578","RL-000008","698d204286a5af9808991620","RL-000008","NC-0000000090","[""RL-000008"",""ST-000018"",""ST-000171"",""ST-000170"",""ST-000169"",""ST-000168"",""ST-000182"",""ST-000183"",""ST-000184"",""ST-000204"",""ST-000207"",""NC-0000000090""]","4","user","69a9db7272bcbc47f4cf6ba2","3","[]","4","ST-000018","[""ST-000018"",""ST-000171"",""ST-000170"",""ST-000169"",""ST-000168"",""ST-000182"",""ST-000183"",""ST-000184"",""ST-000204"",""ST-000207""]","NC-0000000090","4.2","","69aa070c13110c3e4b2fbc30","2026-03-05T22:43:24.781000","2026-03-05T22:43:24.781000","service_eb508f39-ce3d-4391-bb12-d4211c02ede9","false"
"9.4059","[""ST-000154""]","","[""ST-000080"",""ST-000134"",""ST-000133"",""ST-000200"",""ST-000209"",""ST-000210"",""ST-000211"",""ST-000204"",""ST-000205"",""ST-000206"",""ST-000207"",""ST-000202""]","13.1683","quickplay","1","2","","RL-000008","698c747aee05acfdd23ea578","RL-000025","698dd1b2193c860027a3457a","RL-000025","","[""RL-000025"",""ST-000154""]","1","user","69a9daf4d8322a46bbd5d9fa","1","[]","2","ST-000154","[""ST-000154""]","","1.4","","69a9e9b38cbb154e8d127b82","2026-03-05T20:38:11.661000","2026-03-05T20:38:11.661000","service_eb508f39-ce3d-4391-bb12-d4211c02ede9","false"
"8.2188","[""ST-000080"",""ST-000134"",""ST-000133"",""ST-000200"",""ST-000209"",""ST-000210"",""ST-000211"",""ST-000204"",""ST-000205"",""ST-000206"",""ST-000207"",""ST-000202""]","","[""ST-000154""]","32.8751","quickplay","4","4","","RL-000025","698dd1b2193c860027a3457a","RL-000008","698c747aee05acfdd23ea578","RL-000008","","[""RL-000008"",""ST-000080"",""ST-000134"",""ST-000133"",""ST-000200"",""ST-000209"",""ST-000210"",""ST-000211"",""ST-000204"",""ST-000205"",""ST-000206"",""ST-000207"",""ST-000202""]","3","user","69a9daf4d8322a46bbd5d9fa","4","[]","5","ST-000080","[""ST-000080"",""ST-000134"",""ST-000133"",""ST-000200"",""ST-000209"",""ST-000210"",""ST-000211"",""ST-000204"",""ST-000205"",""ST-000206"",""ST-000207"",""ST-000202""]","","4","","69a9db8116e9781f4bc0d770","2026-03-05T19:37:37.773000","2026-03-05T19:37:37.773000","service_eb508f39-ce3d-4391-bb12-d4211c02ede9","false"
"9.2919","[""ST-000134"",""ST-000133"",""ST-000200"",""ST-000209"",""ST-000210"",""ST-000211"",""ST-000204"",""ST-000205"",""ST-000206"",""ST-000207"",""ST-000202"",""ST-000171""]","","[""ST-000018"",""ST-000171"",""ST-000170"",""ST-000169"",""ST-000168"",""ST-000182"",""ST-000183"",""ST-000184""]","39.0261","quickplay","4","3","","RL-000008","698d204286a5af9808991620","RL-000008","698c747aee05acfdd23ea578","RL-000008","NC-0000000047","[""RL-000008"",""ST-000134"",""ST-000133"",""ST-000200"",""ST-000209"",""ST-000210"",""ST-000211"",""ST-000204"",""ST-000205"",""ST-000206"",""ST-000207"",""ST-000202"",""ST-000171"",""NC-0000000047""]","4","user","69a9bef183d7a8b15b34dffc","5","[]","5","ST-000134","[""ST-000134"",""ST-000133"",""ST-000200"",""ST-000209"",""ST-000210"",""ST-000211"",""ST-000204"",""ST-000205"",""ST-000206"",""ST-000207"",""ST-000202"",""ST-000171""]","NC-0000000047","4.2","","69a9db544ca072ab56358517","2026-03-05T19:36:52.379000","2026-03-05T19:36:52.379000","service_eb508f39-ce3d-4391-bb12-d4211c02ede9","false"
"9.3792","[""ST-000018"",""ST-000171"",""ST-000170"",""ST-000169"",""ST-000168"",""ST-000182"",""ST-000183"",""ST-000184""]","","[""ST-000134"",""ST-000133"",""ST-000200"",""ST-000209"",""ST-000210"",""ST-000211"",""ST-000204"",""ST-000205"",""ST-000206"",""ST-000207"",""ST-000202"",""ST-000171""]","45.0203","quickplay","5","5","","RL-000008","698c747aee05acfdd23ea578","RL-000008","698d204286a5af9808991620","RL-000008","NC-0000000047","[""RL-000008"",""ST-000018"",""ST-000171"",""ST-000170"",""ST-000169"",""ST-000168"",""ST-000182"",""ST-000183"",""ST-000184"",""NC-0000000047""]","4","user","69a9bef183d7a8b15b34dffc","5","[]","5","ST-000018","[""ST-000018"",""ST-000171"",""ST-000170"",""ST-000169"",""ST-000168"",""ST-000182"",""ST-000183"",""ST-000184""]","NC-0000000047","4.8","","69a9db5047397e26edd99fc0","2026-03-05T19:36:48.605000","2026-03-05T19:36:48.605000","service_eb508f39-ce3d-4391-bb12-d4211c02ede9","false"
"8.2188","[""ST-000200"",""ST-000209"",""ST-000210"",""ST-000211"",""ST-000204"",""ST-000205"",""ST-000206"",""ST-000207"",""ST-000202"",""ST-000135""]","","[""ST-000135""]","34.5189","event","5","5","","RL-000008","698dd1b2193c860027a3457a","RL-ORGANIZER","698d204286a5af9808991620","RL-ORGANIZER","","[""RL-ORGANIZER"",""ST-000200"",""ST-000209"",""ST-000210"",""ST-000211"",""ST-000204"",""ST-000205"",""ST-000206"",""ST-000207"",""ST-000202"",""ST-000135""]","4","user","69a9d757effd2fdee4ff42e5","3","[]","4","ST-000200","[""ST-000200"",""ST-000209"",""ST-000210"",""ST-000211"",""ST-000204"",""ST-000205"",""ST-000206"",""ST-000207"",""ST-000202"",""ST-000135""]","","4.2","","69a9d7d9693b1bb457665f8f","2026-03-05T19:22:01.614000","2026-03-05T19:22:01.614000","service_eb508f39-ce3d-4391-bb12-d4211c02ede9","false"
"8.2188","[""ST-000200"",""ST-000209"",""ST-000210"",""ST-000211"",""ST-000204"",""ST-000205"",""ST-000206"",""ST-000207"",""ST-000202""]","","[""ST-000135""]","34.5189","event","5","5","","RL-000008","698dd1b2193c860027a3457a","RL-000010","698c747aee05acfdd23ea578","RL-000010","","[""RL-000010"",""ST-000200"",""ST-000209"",""ST-000210"",""ST-000211"",""ST-000204"",""ST-000205"",""ST-000206"",""ST-000207"",""ST-000202""]","4","user","69a9d757effd2fdee4ff42e5","3","[]","4","ST-000200","[""ST-000200"",""ST-000209"",""ST-000210"",""ST-000211"",""ST-000204"",""ST-000205"",""ST-000206"",""ST-000207"",""ST-000202""]","","4.2","","69a9d7d92d345d3c1b00349f","2026-03-05T19:22:01.454000","2026-03-05T19:22:01.454000","service_eb508f39-ce3d-4391-bb12-d4211c02ede9","false"
"9.262","[""ST-000135""]","","[""ST-000200"",""ST-000209"",""ST-000210"",""ST-000211"",""ST-000204"",""ST-000205"",""ST-000206"",""ST-000207"",""ST-000202"",""ST-000135""]","35.1955","event","4","3","","RL-ORGANIZER","698d204286a5af9808991620","RL-000008","698dd1b2193c860027a3457a","RL-000008","","[""RL-000008"",""ST-000135""]","2","user","69a9d757effd2fdee4ff42e5","5","[]","5","ST-000135","[""ST-000135""]","","3.8","","69a9d7d488174e1a34ff7a29","2026-03-05T19:21:56.924000","2026-03-05T19:21:56.924000","service_eb508f39-ce3d-4391-bb12-d4211c02ede9","false"
"9.262","[""ST-000200"",""ST-000209"",""ST-000210"",""ST-000211"",""ST-000204"",""ST-000205"",""ST-000206"",""ST-000207"",""ST-000202""]","","[""ST-000200"",""ST-000209"",""ST-000210"",""ST-000211"",""ST-000204"",""ST-000205"",""ST-000206"",""ST-000207"",""ST-000202"",""ST-000135""]","35.1955","event","4","3","","RL-ORGANIZER","698d204286a5af9808991620","RL-000010","698c747aee05acfdd23ea578","RL-000010","","[""RL-000010"",""ST-000200"",""ST-000209"",""ST-000210"",""ST-000211"",""ST-000204"",""ST-000205"",""ST-000206"",""ST-000207"",""ST-000202""]","2","user","69a9d757effd2fdee4ff42e5","5","[]","5","ST-000200","[""ST-000200"",""ST-000209"",""ST-000210"",""ST-000211"",""ST-000204"",""ST-000205"",""ST-000206"",""ST-000207"",""ST-000202""]","","3.8","","69a9d7d4eda7c1f3f5f59345","2026-03-05T19:21:56.793000","2026-03-05T19:21:56.793000","service_eb508f39-ce3d-4391-bb12-d4211c02ede9","false"
"9.3673","[""ST-000200"",""ST-000209"",""ST-000210"",""ST-000211"",""ST-000204"",""ST-000205"",""ST-000206"",""ST-000207"",""ST-000202"",""ST-000135""]","","[""ST-000200"",""ST-000209"",""ST-000210"",""ST-000211"",""ST-000204"",""ST-000205"",""ST-000206"",""ST-000207"",""ST-000202""]","35.5959","event","3","4","","RL-000010","698c747aee05acfdd23ea578","RL-ORGANIZER","698d204286a5af9808991620","RL-ORGANIZER","","[""RL-ORGANIZER"",""ST-000200"",""ST-000209"",""ST-000210"",""ST-000211"",""ST-000204"",""ST-000205"",""ST-000206"",""ST-000207"",""ST-000202"",""ST-000135""]","3","user","69a9d757effd2fdee4ff42e5","4","[]","5","ST-000200","[""ST-000200"",""ST-000209"",""ST-000210"",""ST-000211"",""ST-000204"",""ST-000205"",""ST-000206"",""ST-000207"",""ST-000202"",""ST-000135""]","","3.8","","69a9d7cef58917a0ab8c4658","2026-03-05T19:21:50.353000","2026-03-05T19:21:50.353000","service_eb508f39-ce3d-4391-bb12-d4211c02ede9","false"
"9.3673","[""ST-000135""]","","[""ST-000200"",""ST-000209"",""ST-000210"",""ST-000211"",""ST-000204"",""ST-000205"",""ST-000206"",""ST-000207"",""ST-000202""]","35.5959","event","3","4","","RL-000010","698c747aee05acfdd23ea578","RL-000008","698dd1b2193c860027a3457a","RL-000008","","[""RL-000008"",""ST-000135""]","3","user","69a9d757effd2fdee4ff42e5","4","[]","5","ST-000135","[""ST-000135""]","","3.8","","69a9d7cea49c0d575b895384","2026-03-05T19:21:50.127000","2026-03-05T19:21:50.127000","service_eb508f39-ce3d-4391-bb12-d4211c02ede9","false"
"5.0106","[""ST-000076"",""ST-000087"",""ST-000171""]","","[""ST-000076"",""ST-000087""]","21.0447","event","3","5","","RL-000008","698dbd987dbcc355eec0ff7c","RL-ORGANIZER","698d204286a5af9808991620","RL-ORGANIZER","","[""RL-ORGANIZER"",""ST-000076"",""ST-000087"",""ST-000171""]","4","user","69a9c6f8ab7e5818880fe33b","4","[]","5","ST-000076","[""ST-000076"",""ST-000087"",""ST-000171""]","","4.2","","69a9d652d706e7de1d0822b0","2026-03-05T19:15:30.968000","2026-03-05T19:15:30.968000","service_eb508f39-ce3d-4391-bb12-d4211c02ede9","false"
"5.0106","[""ST-000171""]","","[""ST-000076"",""ST-000087""]","21.0447","event","3","5","","RL-000008","698dbd987dbcc355eec0ff7c","RL-000025","698c747aee05acfdd23ea578","RL-000025","","[""RL-000025"",""ST-000171""]","4","user","69a9c6f8ab7e5818880fe33b","4","[]","5","ST-000171","[""ST-000171""]","","4.2","","69a9d6524144e610ee1f5cd9","2026-03-05T19:15:30.852000","2026-03-05T19:15:30.852000","service_eb508f39-ce3d-4391-bb12-d4211c02ede9","false"
"9.2311","[""ST-000171""]","","[""ST-000076"",""ST-000087"",""ST-000171""]","35.0783","event","4","4","","RL-ORGANIZER","698d204286a5af9808991620","RL-000025","698c747aee05acfdd23ea578","RL-000025","","[""RL-000025"",""ST-000171""]","5","user","69a9c6f8ab7e5818880fe33b","3","[]","3","ST-000171","[""ST-000171""]","","3.8","","69a9d64bf7319904745fbf83","2026-03-05T19:15:23.380000","2026-03-05T19:15:23.380000","service_eb508f39-ce3d-4391-bb12-d4211c02ede9","false"
"9.2311","[""ST-000076"",""ST-000087""]","","[""ST-000076"",""ST-000087"",""ST-000171""]","35.0783","event","4","4","","RL-ORGANIZER","698d204286a5af9808991620","RL-000008","698dbd987dbcc355eec0ff7c","RL-000008","","[""RL-000008"",""ST-000076"",""ST-000087""]","5","user","69a9c6f8ab7e5818880fe33b","3","[]","3","ST-000076","[""ST-000076"",""ST-000087""]","","3.8","","69a9d64b5241f8005c66485d","2026-03-05T19:15:23.256000","2026-03-05T19:15:23.256000","service_eb508f39-ce3d-4391-bb12-d4211c02ede9","false"
"9.0961","[""ST-000076"",""ST-000087"",""ST-000171""]","","[""ST-000171""]","27.2882","event","3","4","","RL-000025","698c747aee05acfdd23ea578","RL-ORGANIZER","698d204286a5af9808991620","RL-ORGANIZER","","[""RL-ORGANIZER"",""ST-000076"",""ST-000087"",""ST-000171""]","2","user","69a9c6f8ab7e5818880fe33b","3","[]","3","ST-000076","[""ST-000076"",""ST-000087"",""ST-000171""]","","3","","69a9d6438463a537d96f832e","2026-03-05T19:15:15.711000","2026-03-05T19:15:15.711000","service_eb508f39-ce3d-4391-bb12-d4211c02ede9","false"
"9.0961","[""ST-000076"",""ST-000087""]","","[""ST-000171""]","27.2882","event","3","4","","RL-000025","698c747aee05acfdd23ea578","RL-000008","698dbd987dbcc355eec0ff7c","RL-000008","","[""RL-000008"",""ST-000076"",""ST-000087""]","2","user","69a9c6f8ab7e5818880fe33b","3","[]","3","ST-000076","[""ST-000076"",""ST-000087""]","","3","","69a9d64391a5a24b7a7e30a3","2026-03-05T19:15:15.577000","2026-03-05T19:15:15.577000","service_eb508f39-ce3d-4391-bb12-d4211c02ede9","false"
"9.1993","[""ST-000076"",""ST-000087""]","","[""ST-000018""]","27.5978","quickplay","3","4","","RL-000008","698d204286a5af9808991620","RL-000008","698dbd987dbcc355eec0ff7c","RL-000008","NC-0000000105","[""RL-000008"",""ST-000076"",""ST-000087"",""NC-0000000105""]","2","user","69a9bef420dd0caf22e8fc9a","4","[]","2","ST-000076","[""ST-000076"",""ST-000087""]","NC-0000000105","3","","69a9bf2b36aac4724b820438","2026-03-05T17:36:43.944000","2026-03-05T17:36:43.944000","service_eb508f39-ce3d-4391-bb12-d4211c02ede9","false"
"2.3026","[""ST-000018""]","","[""ST-000076"",""ST-000087""]","7.3683","quickplay","5","1","","RL-000008","698dbd987dbcc355eec0ff7c","RL-000008","698d204286a5af9808991620","RL-000008","NC-0000000105","[""RL-000008"",""ST-000018"",""NC-0000000105""]","4","user","69a9bef420dd0caf22e8fc9a","3","[]","3","ST-000018","[""ST-000018""]","NC-0000000105","3.2","","69a9bf27617c3274434c438c","2026-03-05T17:36:39.349000","2026-03-05T17:36:39.349000","service_eb508f39-ce3d-4391-bb12-d4211c02ede9","false"
"9.0961","[""ST-000135""]","","[""ST-000080"",""ST-000134"",""ST-000133"",""ST-000200"",""ST-000209"",""ST-000210"",""ST-000211"",""ST-000204"",""ST-000205"",""ST-000206"",""ST-000207"",""ST-000202""]","36.3842","quickplay","4","4","","RL-000008","698c747aee05acfdd23ea578","RL-000008","698dd1b2193c860027a3457a","RL-000008","NC-0000000059","[""RL-000008"",""ST-000135"",""NC-0000000059""]","4","user","69a8b6babbcc687cecd4098d","3","[]","5","ST-000135","[""ST-000135""]","NC-0000000059","4","","69a8b7894812d727cf4a98b7","2026-03-04T22:51:53.661000","2026-03-04T22:51:53.661000","service_eb508f39-ce3d-4391-bb12-d4211c02ede9","false"
"9.0961","[""ST-000200""]","","[""ST-000080"",""ST-000134"",""ST-000133"",""ST-000200"",""ST-000209"",""ST-000210"",""ST-000211"",""ST-000204"",""ST-000205"",""ST-000206"",""ST-000207"",""ST-000202""]","34.565","quickplay","3","5","","RL-000008","698c747aee05acfdd23ea578","RL-000010","69a7d3cc06fc3b4f58109b29","RL-000010","","[""RL-000010"",""ST-000200""]","3","user","69a795e4a26d7da982c0978a","4","[]","4","ST-000200","[""ST-000200""]","","3.8","","69a8b68daa5055a928eb4cba","2026-03-04T22:47:41.327000","2026-03-04T22:47:41.327000","service_eb508f39-ce3d-4391-bb12-d4211c02ede9","false"
"8.5811","[""ST-000135""]","","[""ST-000145"",""ST-000139"",""ST-000091"",""ST-000179""]","27.4595","quickplay","3","3","","RL-000025","698dbbf753d545317578c200","RL-000008","698dd1b2193c860027a3457a","RL-000008","NC-0000000019","[""RL-000008"",""ST-000135"",""NC-0000000019""]","2","user","69a848e838bf84261b1cfef7","4","[]","4","ST-000135","[""ST-000135""]","NC-0000000019","3.2","","69a8491e438804e28a88c73f","2026-03-04T15:00:46.690000","2026-03-04T15:00:46.690000","service_eb508f39-ce3d-4391-bb12-d4211c02ede9","false"
"8.0163","[""ST-000145"",""ST-000139"",""ST-000091"",""ST-000179""]","","[""ST-000135""]","32.0653","quickplay","4","3","","RL-000008","698dd1b2193c860027a3457a","RL-000025","698dbbf753d545317578c200","RL-000025","NC-0000000019","[""RL-000025"",""ST-000145"",""ST-000139"",""ST-000091"",""ST-000179"",""NC-0000000019""]","4","user","69a848e838bf84261b1cfef7","5","[]","4","ST-000145","[""ST-000145"",""ST-000139"",""ST-000091"",""ST-000179""]","NC-0000000019","4","","69a849199ac9200952f86e60","2026-03-04T15:00:41.127000","2026-03-04T15:00:41.127000","service_eb508f39-ce3d-4391-bb12-d4211c02ede9","false"
"8.3357","[""ST-000080"",""ST-000134"",""ST-000133"",""ST-000200"",""ST-000209"",""ST-000210"",""ST-000211"",""ST-000204"",""ST-000205"",""ST-000206"",""ST-000207"",""ST-000202""]","","[""ST-000018""]","38.3441","quickplay","5","5","","RL-000008","698d204286a5af9808991620","RL-000008","698c747aee05acfdd23ea578","RL-000008","","[""RL-000008"",""ST-000080"",""ST-000134"",""ST-000133"",""ST-000200"",""ST-000209"",""ST-000210"",""ST-000211"",""ST-000204"",""ST-000205"",""ST-000206"",""ST-000207"",""ST-000202""]","5","user","69a8443a923ff2f08dc9d6dd","4","[]","4","ST-000080","[""ST-000080"",""ST-000134"",""ST-000133"",""ST-000200"",""ST-000209"",""ST-000210"",""ST-000211"",""ST-000204"",""ST-000205"",""ST-000206"",""ST-000207"",""ST-000202""]","","4.6","","69a845b4242d250ba78b10dc","2026-03-04T14:46:12.729000","2026-03-04T14:46:12.729000","service_eb508f39-ce3d-4391-bb12-d4211c02ede9","false"
"8.3357","[""ST-000135"",""ST-000219""]","","[""ST-000018""]","38.3441","quickplay","5","5","","RL-000008","698d204286a5af9808991620","RL-000026","698dd1b2193c860027a3457a","RL-000026","NC-0000000059","[""RL-000026"",""ST-000135"",""ST-000219"",""NC-0000000059""]","5","user","69a76ebf2ea785cb39b8bdfe","4","[]","4","ST-000135","[""ST-000135"",""ST-000219""]","NC-0000000059","4.6","","69a84109ab8809ab30dc9c22","2026-03-04T14:26:17.027000","2026-03-04T14:26:17.027000","service_eb508f39-ce3d-4391-bb12-d4211c02ede9","false"
"8.9847","[""ST-000017""]","","[""ST-000080"",""ST-000134"",""ST-000133"",""ST-000200"",""ST-000209"",""ST-000210"",""ST-000211"",""ST-000204"",""ST-000205"",""ST-000206"",""ST-000207"",""ST-000202""]","35.9388","quickplay","4","4","","RL-000008","698c747aee05acfdd23ea578","RL-000008","698dc6f781b400b640a229f6","RL-000008","","[""RL-000008"",""ST-000017""]","4","user","69a795e71e81ed0938db01c1","4","[]","4","ST-000017","[""ST-000017""]","","4","","69a7980877dafb3219a83620","2026-03-04T02:25:12.307000","2026-03-04T02:25:12.307000","service_eb508f39-ce3d-4391-bb12-d4211c02ede9","false"
"2.3026","[""ST-000080"",""ST-000134"",""ST-000133"",""ST-000200"",""ST-000209"",""ST-000210"",""ST-000211"",""ST-000204"",""ST-000205"",""ST-000206"",""ST-000207"",""ST-000202""]","","[""ST-000017""]","6.9078","quickplay","3","3","","RL-000008","698dc6f781b400b640a229f6","RL-000008","698c747aee05acfdd23ea578","RL-000008","","[""RL-000008"",""ST-000080"",""ST-000134"",""ST-000133"",""ST-000200"",""ST-000209"",""ST-000210"",""ST-000211"",""ST-000204"",""ST-000205"",""ST-000206"",""ST-000207"",""ST-000202""]","3","user","69a795e71e81ed0938db01c1","3","[]","3","ST-000080","[""ST-000080"",""ST-000134"",""ST-000133"",""ST-000200"",""ST-000209"",""ST-000210"",""ST-000211"",""ST-000204"",""ST-000205"",""ST-000206"",""ST-000207"",""ST-000202""]","","3","","69a79792f392fe6134cdd74c","2026-03-04T02:23:14.522000","2026-03-04T02:23:14.522000","service_eb508f39-ce3d-4391-bb12-d4211c02ede9","false"
"8.5811","[""ST-000080"",""ST-000134"",""ST-000133"",""ST-000200"",""ST-000209"",""ST-000210"",""ST-000211"",""ST-000204"",""ST-000205"",""ST-000206"",""ST-000207"",""ST-000202""]","","[""ST-000145"",""ST-000139"",""ST-000091"",""ST-000178""]","25.7433","quickplay","3","3","","RL-000025","698dbbf753d545317578c200","RL-000008","698c747aee05acfdd23ea578","RL-000008","","[""RL-000008"",""ST-000080"",""ST-000134"",""ST-000133"",""ST-000200"",""ST-000209"",""ST-000210"",""ST-000211"",""ST-000204"",""ST-000205"",""ST-000206"",""ST-000207"",""ST-000202""]","3","user","69a791eb6484cb1a9a0f9a93","3","[]","3","ST-000080","[""ST-000080"",""ST-000134"",""ST-000133"",""ST-000200"",""ST-000209"",""ST-000210"",""ST-000211"",""ST-000204"",""ST-000205"",""ST-000206"",""ST-000207"",""ST-000202""]","","3","","69a797863613ce3ddae89d5a","2026-03-04T02:23:02.868000","2026-03-04T02:23:02.868000","service_eb508f39-ce3d-4391-bb12-d4211c02ede9","false"
"8.8791","[""ST-000145"",""ST-000139"",""ST-000091"",""ST-000178""]","","[""ST-000080"",""ST-000134"",""ST-000133"",""ST-000200"",""ST-000209"",""ST-000210"",""ST-000211"",""ST-000204"",""ST-000205"",""ST-000206"",""ST-000207"",""ST-000202""]","40.8437","quickplay","5","5","","RL-000008","698c747aee05acfdd23ea578","RL-000025","698dbbf753d545317578c200","RL-000025","","[""RL-000025"",""ST-000145"",""ST-000139"",""ST-000091"",""ST-000178""]","5","user","69a791eb6484cb1a9a0f9a93","4","[]","4","ST-000145","[""ST-000145"",""ST-000139"",""ST-000091"",""ST-000178""]","","4.6","","69a792ce6162cf15e2c2e01d","2026-03-04T02:02:54.115000","2026-03-04T02:02:54.115000","service_eb508f39-ce3d-4391-bb12-d4211c02ede9","false"
"7.8438","[""ST-000018""]","","[""ST-000135"",""ST-000219""]","29.8066","quickplay","3","5","","RL-000026","698dd1b2193c860027a3457a","RL-000008","698d204286a5af9808991620","RL-000008","NC-0000000059","[""RL-000008"",""ST-000018"",""NC-0000000059""]","3","user","69a76ebf2ea785cb39b8bdfe","4","[]","4","ST-000018","[""ST-000018""]","NC-0000000059","3.8","","69a787b83f5f2c64e62f1693","2026-03-04T01:15:36.551000","2026-03-04T01:15:36.551000","service_eb508f39-ce3d-4391-bb12-d4211c02ede9","false"
"8.1915","[""ST-000135""]","","[""ST-000018""]","37.6807","quickplay","5","5","","RL-000008","698d204286a5af9808991620","RL-000008","698dd1b2193c860027a3457a","RL-000008","NC-0000000102","[""RL-000008"",""ST-000135"",""NC-0000000102""]","5","user","69a7675cd8cd6b5fc5b3bc67","4","[]","4","ST-000135","[""ST-000135""]","NC-0000000102","4.6","","69a767c9ec92d5da04c7f18a","2026-03-03T22:59:21.893000","2026-03-03T22:59:21.893000","service_eb508f39-ce3d-4391-bb12-d4211c02ede9","false"
"7.8438","[""ST-000018""]","","[""ST-000135""]","28.2379","quickplay","5","5","","RL-000008","698dd1b2193c860027a3457a","RL-000008","698d204286a5af9808991620","RL-000008","NC-0000000102","[""RL-000008"",""ST-000018"",""NC-0000000102""]","2","user","69a7675cd8cd6b5fc5b3bc67","3","[]","3","ST-000018","[""ST-000018""]","NC-0000000102","3.6","","69a767c5a8fa22be9db70df8","2026-03-03T22:59:17.502000","2026-03-03T22:59:17.503000","service_eb508f39-ce3d-4391-bb12-d4211c02ede9","false"
"8.1915","[""ST-000135"",""ST-000219""]","","[""ST-000018""]","37.6807","quickplay","5","5","","RL-000008","698d204286a5af9808991620","RL-000026","698dd1b2193c860027a3457a","RL-000026","NC-0000000090","[""RL-000026"",""ST-000135"",""ST-000219"",""NC-0000000090""]","5","user","69a7662207c4148f97b7203c","4","[]","4","ST-000135","[""ST-000135"",""ST-000219""]","NC-0000000090","4.6","","69a7674bab71af94ed96700a","2026-03-03T22:57:15.462000","2026-03-03T22:57:15.462000","service_eb508f39-ce3d-4391-bb12-d4211c02ede9","false"
"2.3026","[""ST-000018""]","","[""ST-000135"",""ST-000219""]","8.2893","quickplay","4","4","","RL-000026","698dd1b2193c860027a3457a","RL-000008","698d204286a5af9808991620","RL-000008","NC-0000000090","[""RL-000008"",""ST-000018"",""NC-0000000090""]","2","user","69a7662207c4148f97b7203c","3","[]","5","ST-000018","[""ST-000018""]","NC-0000000090","3.6","","69a766ad718a937c47a60570","2026-03-03T22:54:37.092000","2026-03-03T22:54:37.092000","service_eb508f39-ce3d-4391-bb12-d4211c02ede9","false"
"2.3026","[""ST-000145"",""ST-000139"",""ST-000091"",""ST-000158""]","","[""ST-000219"",""ST-000218"",""ST-000217"",""ST-000215"",""ST-000216"",""ST-000214"",""ST-000213"",""ST-000209"",""ST-000210"",""ST-000211"",""ST-000212"",""ST-000204"",""ST-000205"",""ST-000206"",""ST-000207"",""ST-000208"",""ST-000202"",""ST-000203"",""ST-000200"",""ST-000201""]","11.5129","quickplay","5","5","","RL-000010","69a61f43b0417a586eff8791","RL-000025","698dbbf753d545317578c200","RL-000025","NC-0000000068","[""RL-000025"",""ST-000145"",""ST-000139"",""ST-000091"",""ST-000158"",""NC-0000000068""]","5","user","69a621135d008bde97166b4b","5","[]","5","ST-000145","[""ST-000145"",""ST-000139"",""ST-000091"",""ST-000158""]","NC-0000000068","5","","69a62216bf48997802a2bae9","2026-03-02T23:49:42.211000","2026-03-02T23:49:42.211000","service_eb508f39-ce3d-4391-bb12-d4211c02ede9","false"
"2.3026","[""ST-000080"",""ST-000134"",""ST-000133"",""ST-000200"",""ST-000209"",""ST-000210"",""ST-000211"",""ST-000204"",""ST-000205"",""ST-000206"",""ST-000207"",""ST-000202""]","","[""ST-000219"",""ST-000218"",""ST-000217"",""ST-000215"",""ST-000216"",""ST-000214"",""ST-000213"",""ST-000209"",""ST-000210"",""ST-000211"",""ST-000212"",""ST-000204"",""ST-000205"",""ST-000206"",""ST-000207"",""ST-000208"",""ST-000202"",""ST-000203"",""ST-000200"",""ST-000201""]","11.5129","quickplay","5","5","","RL-000010","69a61f43b0417a586eff8791","RL-000008","698c747aee05acfdd23ea578","RL-000008","NC-0000000068","[""RL-000008"",""ST-000080"",""ST-000134"",""ST-000133"",""ST-000200"",""ST-000209"",""ST-000210"",""ST-000211"",""ST-000204"",""ST-000205"",""ST-000206"",""ST-000207"",""ST-000202"",""NC-0000000068""]","5","user","69a621135d008bde97166b4b","5","[]","5","ST-000080","[""ST-000080"",""ST-000134"",""ST-000133"",""ST-000200"",""ST-000209"",""ST-000210"",""ST-000211"",""ST-000204"",""ST-000205"",""ST-000206"",""ST-000207"",""ST-000202""]","NC-0000000068","5","","69a622159762a081a6317b4f","2026-03-02T23:49:41.996000","2026-03-02T23:49:41.996000","service_eb508f39-ce3d-4391-bb12-d4211c02ede9","false"
"8.4867","[""ST-000080"",""ST-000134"",""ST-000133"",""ST-000200"",""ST-000209"",""ST-000210"",""ST-000211"",""ST-000204"",""ST-000205"",""ST-000206"",""ST-000207"",""ST-000202""]","","[""ST-000145"",""ST-000139"",""ST-000091"",""ST-000158""]","40.7363","quickplay","5","5","","RL-000025","698dbbf753d545317578c200","RL-000008","698c747aee05acfdd23ea578","RL-000008","NC-0000000068","[""RL-000008"",""ST-000080"",""ST-000134"",""ST-000133"",""ST-000200"",""ST-000209"",""ST-000210"",""ST-000211"",""ST-000204"",""ST-000205"",""ST-000206"",""ST-000207"",""ST-000202"",""NC-0000000068""]","5","user","69a621135d008bde97166b4b","5","[]","4","ST-000080","[""ST-000080"",""ST-000134"",""ST-000133"",""ST-000200"",""ST-000209"",""ST-000210"",""ST-000211"",""ST-000204"",""ST-000205"",""ST-000206"",""ST-000207"",""ST-000202""]","NC-0000000068","4.8","","69a621fe5807f4234c2e0906","2026-03-02T23:49:18.476000","2026-03-02T23:49:18.476000","service_eb508f39-ce3d-4391-bb12-d4211c02ede9","false"
"8.4867","[""ST-000219"",""ST-000218"",""ST-000217"",""ST-000215"",""ST-000216"",""ST-000214"",""ST-000213"",""ST-000209"",""ST-000210"",""ST-000211"",""ST-000212"",""ST-000204"",""ST-000205"",""ST-000206"",""ST-000207"",""ST-000208"",""ST-000202"",""ST-000203"",""ST-000200"",""ST-000201""]","","[""ST-000145"",""ST-000139"",""ST-000091"",""ST-000158""]","40.7363","quickplay","5","5","","RL-000025","698dbbf753d545317578c200","RL-000010","69a61f43b0417a586eff8791","RL-000010","NC-0000000068","[""RL-000010"",""ST-000219"",""ST-000218"",""ST-000217"",""ST-000215"",""ST-000216"",""ST-000214"",""ST-000213"",""ST-000209"",""ST-000210"",""ST-000211"",""ST-000212"",""ST-000204"",""ST-000205"",""ST-000206"",""ST-000207"",""ST-000208"",""ST-000202"",""ST-000203"",""ST-000200"",""ST-000201"",""NC-0000000068""]","5","user","69a621135d008bde97166b4b","5","[]","4","ST-000219","[""ST-000219"",""ST-000218"",""ST-000217"",""ST-000215"",""ST-000216"",""ST-000214"",""ST-000213"",""ST-000209"",""ST-000210"",""ST-000211"",""ST-000212"",""ST-000204"",""ST-000205"",""ST-000206"",""ST-000207"",""ST-000208"",""ST-000202"",""ST-000203"",""ST-000200"",""ST-000201""]","NC-0000000068","4.8","","69a621feee61aaf52e391d98","2026-03-02T23:49:18.359000","2026-03-02T23:49:18.359000","service_eb508f39-ce3d-4391-bb12-d4211c02ede9","false"
"8.8422","[""ST-000145"",""ST-000139"",""ST-000091"",""ST-000158""]","","[""ST-000080"",""ST-000134"",""ST-000133"",""ST-000200"",""ST-000209"",""ST-000210"",""ST-000211"",""ST-000204"",""ST-000205"",""ST-000206"",""ST-000207"",""ST-000202""]","44.2109","quickplay","5","5","","RL-000008","698c747aee05acfdd23ea578","RL-000025","698dbbf753d545317578c200","RL-000025","NC-0000000068","[""RL-000025"",""ST-000145"",""ST-000139"",""ST-000091"",""ST-000158"",""NC-0000000068""]","5","user","69a621135d008bde97166b4b","5","[]","5","ST-000145","[""ST-000145"",""ST-000139"",""ST-000091"",""ST-000158""]","NC-0000000068","5","trop nice ! ","69a621f7315ae13a7ede18e5","2026-03-02T23:49:11.424000","2026-03-02T23:49:11.424000","service_eb508f39-ce3d-4391-bb12-d4211c02ede9","false"
"8.8422","[""ST-000219"",""ST-000218"",""ST-000217"",""ST-000215"",""ST-000216"",""ST-000214"",""ST-000213"",""ST-000209"",""ST-000210"",""ST-000211"",""ST-000212"",""ST-000204"",""ST-000205"",""ST-000206"",""ST-000207"",""ST-000208"",""ST-000202"",""ST-000203"",""ST-000200"",""ST-000201""]","","[""ST-000080"",""ST-000134"",""ST-000133"",""ST-000200"",""ST-000209"",""ST-000210"",""ST-000211"",""ST-000204"",""ST-000205"",""ST-000206"",""ST-000207"",""ST-000202""]","44.2109","quickplay","5","5","","RL-000008","698c747aee05acfdd23ea578","RL-000010","69a61f43b0417a586eff8791","RL-000010","NC-0000000068","[""RL-000010"",""ST-000219"",""ST-000218"",""ST-000217"",""ST-000215"",""ST-000216"",""ST-000214"",""ST-000213"",""ST-000209"",""ST-000210"",""ST-000211"",""ST-000212"",""ST-000204"",""ST-000205"",""ST-000206"",""ST-000207"",""ST-000208"",""ST-000202"",""ST-000203"",""ST-000200"",""ST-000201"",""NC-0000000068""]","5","user","69a621135d008bde97166b4b","5","[]","5","ST-000219","[""ST-000219"",""ST-000218"",""ST-000217"",""ST-000215"",""ST-000216"",""ST-000214"",""ST-000213"",""ST-000209"",""ST-000210"",""ST-000211"",""ST-000212"",""ST-000204"",""ST-000205"",""ST-000206"",""ST-000207"",""ST-000208"",""ST-000202"",""ST-000203"",""ST-000200"",""ST-000201""]","NC-0000000068","5","trop nice ! ","69a621f7d98baed059219035","2026-03-02T23:49:11.307000","2026-03-02T23:49:11.307000","service_eb508f39-ce3d-4391-bb12-d4211c02ede9","false"
"8.4574","[""ST-000080"",""ST-000134"",""ST-000133"",""ST-000200"",""ST-000209"",""ST-000210"",""ST-000211"",""ST-000204"",""ST-000205"",""ST-000206"",""ST-000207"",""ST-000202""]","","[""ST-000145"",""ST-000139"",""ST-000091"",""ST-000178""]","33.8298","quickplay","4","4","","RL-000025","698dbbf753d545317578c200","RL-000008","698c747aee05acfdd23ea578","RL-000008","NC-0000000159","[""RL-000008"",""ST-000080"",""ST-000134"",""ST-000133"",""ST-000200"",""ST-000209"",""ST-000210"",""ST-000211"",""ST-000204"",""ST-000205"",""ST-000206"",""ST-000207"",""ST-000202"",""NC-0000000159""]","2","user","69a61cddc09285f4d4250780","5","[]","5","ST-000080","[""ST-000080"",""ST-000134"",""ST-000133"",""ST-000200"",""ST-000209"",""ST-000210"",""ST-000211"",""ST-000204"",""ST-000205"",""ST-000206"",""ST-000207"",""ST-000202""]","NC-0000000159","4","","69a61d12f1597225ddc16bfb","2026-03-02T23:28:18.658000","2026-03-02T23:28:18.658000","service_eb508f39-ce3d-4391-bb12-d4211c02ede9","false"
"2.3026","[""ST-000145"",""ST-000139"",""ST-000091"",""ST-000178""]","","[""ST-000080"",""ST-000134"",""ST-000133"",""ST-000200"",""ST-000209"",""ST-000210"",""ST-000211"",""ST-000204"",""ST-000205"",""ST-000206"",""ST-000207"",""ST-000202""]","10.5919","quickplay","5","5","","RL-000008","698c747aee05acfdd23ea578","RL-000025","698dbbf753d545317578c200","RL-000025","NC-0000000159","[""RL-000025"",""ST-000145"",""ST-000139"",""ST-000091"",""ST-000178"",""NC-0000000159""]","5","user","69a61cddc09285f4d4250780","4","[]","4","ST-000145","[""ST-000145"",""ST-000139"",""ST-000091"",""ST-000178""]","NC-0000000159","4.6","","69a61d0db5728cfd553e9351","2026-03-02T23:28:13.407000","2026-03-02T23:28:13.407000","service_eb508f39-ce3d-4391-bb12-d4211c02ede9","false"
"8.0359","[""ST-000145"",""ST-000139"",""ST-000091"",""ST-000151""]","","[""ST-000018""]","38.5724","quickplay","4","5","","RL-000008","698d204286a5af9808991620","RL-000025","698dbbf753d545317578c200","RL-000025","NC-0000000019","[""RL-000025"",""ST-000145"",""ST-000139"",""ST-000091"",""ST-000151"",""NC-0000000019""]","5","user","69a6191bc1c57e81237ae5a4","5","[]","5","ST-000145","[""ST-000145"",""ST-000139"",""ST-000091"",""ST-000151""]","NC-0000000019","4.8","","69a6195d085abc3a8b0dabc1","2026-03-02T23:12:29.606000","2026-03-02T23:12:29.606000","service_eb508f39-ce3d-4391-bb12-d4211c02ede9","false"
"2.3026","[""ST-000018""]","","[""ST-000145"",""ST-000139"",""ST-000091"",""ST-000151""]","9.2103","quickplay","5","4","","RL-000025","698dbbf753d545317578c200","RL-000008","698d204286a5af9808991620","RL-000008","NC-0000000019","[""RL-000008"",""ST-000018"",""NC-0000000019""]","3","user","69a6191bc1c57e81237ae5a4","4","[]","4","ST-000018","[""ST-000018""]","NC-0000000019","4","","69a619589822e8b27244012d","2026-03-02T23:12:24.760000","2026-03-02T23:12:24.760000","service_eb508f39-ce3d-4391-bb12-d4211c02ede9","false"
"2.3026","[""ST-000080"",""ST-000134"",""ST-000133"",""ST-000200"",""ST-000209"",""ST-000210"",""ST-000211"",""ST-000204"",""ST-000205"",""ST-000206"",""ST-000207"",""ST-000202""]","","[""ST-000018""]","9.2103","quickplay","4","5","","RL-000008","698d204286a5af9808991620","RL-000008","698c747aee05acfdd23ea578","RL-000008","NC-0000000019","[""RL-000008"",""ST-000080"",""ST-000134"",""ST-000133"",""ST-000200"",""ST-000209"",""ST-000210"",""ST-000211"",""ST-000204"",""ST-000205"",""ST-000206"",""ST-000207"",""ST-000202"",""NC-0000000019""]","4","user","69a31a4d268624f51b0ebf5e","3","[]","4","ST-000080","[""ST-000080"",""ST-000134"",""ST-000133"",""ST-000200"",""ST-000209"",""ST-000210"",""ST-000211"",""ST-000204"",""ST-000205"",""ST-000206"",""ST-000207"",""ST-000202""]","NC-0000000019","4","","69a31a7fb060bfc5e450afab","2026-02-28T16:40:31.303000","2026-02-28T16:40:31.303000","service_eb508f39-ce3d-4391-bb12-d4211c02ede9","false"
"2.3026","[""ST-000018""]","","[""ST-000080"",""ST-000134"",""ST-000133"",""ST-000200"",""ST-000209"",""ST-000210"",""ST-000211"",""ST-000204"",""ST-000205"",""ST-000206"",""ST-000207"",""ST-000202""]","9.6709","quickplay","4","4","","RL-000008","698c747aee05acfdd23ea578","RL-000008","698d204286a5af9808991620","RL-000008","NC-0000000019","[""RL-000008"",""ST-000018"",""NC-0000000019""]","5","user","69a31a4d268624f51b0ebf5e","4","[]","4","ST-000018","[""ST-000018""]","NC-0000000019","4.2","","69a31a7990e3e779dd8e1e8a","2026-02-28T16:40:25.129000","2026-02-28T16:40:25.129000","service_eb508f39-ce3d-4391-bb12-d4211c02ede9","false"
"2.3026","[""ST-000158""]","","[""ST-000018""]","9.6709","quickplay","5","3","","RL-000008","698d204286a5af9808991620","RL-000025","698c747aee05acfdd23ea578","RL-000025","NC-0000000148","[""RL-000025"",""ST-000158"",""NC-0000000148""]","3","user","69a31942235bf4948b9e2035","4","[]","4","ST-000158","[""ST-000158""]","NC-0000000148","4.2","","69a319849264b64cc694ee2d","2026-02-28T16:36:20.385000","2026-03-02T11:19:12.113000","service_eb508f39-ce3d-4391-bb12-d4211c02ede9","false"
"2.3026","[""ST-000018""]","","[""ST-000158""]","8.7498","quickplay","5","4","","RL-000025","698c747aee05acfdd23ea578","RL-000008","698d204286a5af9808991620","RL-000008","NC-0000000148","[""RL-000008"",""ST-000018"",""NC-0000000148""]","3","user","69a31942235bf4948b9e2035","4","[]","3","ST-000018","[""ST-000018""]","NC-0000000148","3.8","","69a3197f6fcfd212609730ed","2026-02-28T16:36:15.370000","2026-03-02T11:19:16.688000","service_eb508f39-ce3d-4391-bb12-d4211c02ede9","false"
"2.3026","[""ST-000202""]","","[""ST-000018""]","8.2893","quickplay","5","4","","RL-000008","698d204286a5af9808991620","RL-000010","69a3105457642cd985a208eb","RL-000010","NC-0000000019","[""RL-000010"",""ST-000202"",""NC-0000000019""]","5","user","69a311605bf620814eae397b","5","[]","4","ST-000202","[""ST-000202""]","NC-0000000019","4.6","","69a311b928707fa3d4d9b3d2","2026-02-28T16:03:05.744000","2026-03-02T13:02:11.523000","service_eb508f39-ce3d-4391-bb12-d4211c02ede9","false"
"2.3026","[""ST-000018""]","","[""ST-000202""]","11.5129","quickplay","5","5","","RL-000010","69a3105457642cd985a208eb","RL-000008","698d204286a5af9808991620","RL-000008","NC-0000000019","[""RL-000008"",""ST-000018"",""NC-0000000019""]","5","user","69a311605bf620814eae397b","5","[]","5","ST-000018","[""ST-000018""]","NC-0000000019","5","Insane work","69a311b843f285eb4f05ad5b","2026-02-28T16:03:04.321000","2026-03-02T11:19:25.196000","service_eb508f39-ce3d-4391-bb12-d4211c02ede9","false"
"2.3026","[""ST-000018""]","","[""ST-000080"",""ST-000134"",""ST-000133"",""ST-000200"",""ST-000209"",""ST-000210"",""ST-000211"",""ST-000204"",""ST-000205"",""ST-000206"",""ST-000207"",""ST-000202""]","9.2103","quickplay","4","4","","RL-000010","698c747aee05acfdd23ea578","RL-000008","698d204286a5af9808991620","RL-000008","NC-0000000019","[""RL-000008"",""ST-000018"",""NC-0000000019""]","4","user","69a2ff83399b448ddad960e7","4","[]","5","ST-000018","[""ST-000018""]","NC-0000000019","4","","69a3068d42b5128c5b385e71","2026-02-28T15:15:25.305000","2026-03-02T11:19:28.945000","service_eb508f39-ce3d-4391-bb12-d4211c02ede9","false"
"2.3026","[""ST-000080"",""ST-000134"",""ST-000133"",""ST-000200"",""ST-000209"",""ST-000210"",""ST-000211"",""ST-000204"",""ST-000205"",""ST-000206"",""ST-000207"",""ST-000202""]","","[""ST-000018""]","9.6709","quickplay","5","3","","RL-000008","698d204286a5af9808991620","RL-000010","698c747aee05acfdd23ea578","RL-000010","NC-0000000019","[""RL-000010"",""ST-000080"",""ST-000134"",""ST-000133"",""ST-000200"",""ST-000209"",""ST-000210"",""ST-000211"",""ST-000204"",""ST-000205"",""ST-000206"",""ST-000207"",""ST-000202"",""NC-0000000019""]","4","user","69a2ff83399b448ddad960e7","4","[]","4","ST-000080","[""ST-000080"",""ST-000134"",""ST-000133"",""ST-000200"",""ST-000209"",""ST-000210"",""ST-000211"",""ST-000204"",""ST-000205"",""ST-000206"",""ST-000207"",""ST-000202""]","NC-0000000019","4.2","","69a306836831513e1ddec14e","2026-02-28T15:15:15.042000","2026-03-02T11:19:36.359000","service_eb508f39-ce3d-4391-bb12-d4211c02ede9","false"
"2.3026","[""ST-000146""]","","[""ST-000148""]","10.5919","quickplay","5","4","","RL-000025","698dd1b2193c860027a3457a","RL-000025","698c747aee05acfdd23ea578","RL-000025","NC-0000000155","[""RL-000025"",""ST-000146"",""NC-0000000155""]","4","user","699d092bfb8c4e61db47d576","4","[]","5","ST-000146","[""ST-000146""]","NC-0000000155","4.6","","69a2fe9e0047d34fd292b3bd","2026-02-28T14:41:34.087000","2026-03-02T11:19:32.734000","service_eb508f39-ce3d-4391-bb12-d4211c02ede9","false"
"2.3026","[""ST-000018""]","","[""ST-000148""]","10.5919","quickplay","5","4","","RL-000025","698dd1b2193c860027a3457a","RL-000008","698d204286a5af9808991620","RL-000008","NC-0000000155","[""RL-000008"",""ST-000018"",""NC-0000000155""]","2","user","699d092bfb8c4e61db47d576","4","[]","5","ST-000018","[""ST-000018""]","NC-0000000155","4.6","","69a2fe9d69693f5b6e8f1f7c","2026-02-28T14:41:33.941000","2026-03-02T11:20:14.010000","service_eb508f39-ce3d-4391-bb12-d4211c02ede9","false"
"2.3026","[""ST-000148""]","","[""ST-000146""]","8.7498","quickplay","5","5","","RL-000025","698c747aee05acfdd23ea578","RL-000025","698dd1b2193c860027a3457a","RL-000025","NC-0000000155","[""RL-000025"",""ST-000148"",""NC-0000000155""]","4","user","699d092bfb8c4e61db47d576","3","[]","4","ST-000148","[""ST-000148""]","NC-0000000155","3.8","","69a2fe95ce5ff68adadd2d69","2026-02-28T14:41:25.296000","2026-03-02T11:19:40.187000","service_eb508f39-ce3d-4391-bb12-d4211c02ede9","false"
"2.3026","[""ST-000018""]","","[""ST-000146""]","8.7498","quickplay","5","5","","RL-000025","698c747aee05acfdd23ea578","RL-000008","698d204286a5af9808991620","RL-000008","NC-0000000155","[""RL-000008"",""ST-000018"",""NC-0000000155""]","4","user","699d092bfb8c4e61db47d576","3","[]","4","ST-000018","[""ST-000018""]","NC-0000000155","3.8","","69a2fe955d4de51782d3084e","2026-02-28T14:41:25.184000","2026-03-02T11:19:42.933000","service_eb508f39-ce3d-4391-bb12-d4211c02ede9","false"
"2.3026","[""ST-000146""]","","[""ST-000018""]","9.6709","quickplay","5","5","","RL-000008","698d204286a5af9808991620","RL-000025","698c747aee05acfdd23ea578","RL-000025","NC-0000000155","[""RL-000025"",""ST-000146"",""NC-0000000155""]","4","user","699d092bfb8c4e61db47d576","4","[]","4","ST-000146","[""ST-000146""]","NC-0000000155","4.2","","69a2fe8d0924a815a7595c7d","2026-02-28T14:41:17.953000","2026-03-02T11:19:45.657000","service_eb508f39-ce3d-4391-bb12-d4211c02ede9","false"
"2.3026","[""ST-000148""]","","[""ST-000018""]","9.6709","quickplay","5","5","","RL-000008","698d204286a5af9808991620","RL-000025","698dd1b2193c860027a3457a","RL-000025","NC-0000000155","[""RL-000025"",""ST-000148"",""NC-0000000155""]","4","user","699d092bfb8c4e61db47d576","4","[]","4","ST-000148","[""ST-000148""]","NC-0000000155","4.2","","69a2fe8d5c8e361c3c7b3484","2026-02-28T14:41:17.772000","2026-03-02T11:19:48.684000","service_eb508f39-ce3d-4391-bb12-d4211c02ede9","false"
"2.3026","[""ST-000080"",""ST-000134"",""ST-000133""]","","[""ST-000031""]","7.8288","quickplay","3","3","","RL-000008","6992452c5bcc41af3a3296fa","RL-000008","698c747aee05acfdd23ea578","RL-000008","NC-0000000152","[""RL-000008"",""ST-000080"",""ST-000134"",""ST-000133"",""NC-0000000152""]","4","user","699cf3239409e511fad6f883","5","[]","3","ST-000080","[""ST-000080"",""ST-000134"",""ST-000133""]","NC-0000000152","3.4","","699cf5feb920460e4aea397a","2026-02-24T00:51:10.910000","2026-03-02T11:19:51.691000","service_eb508f39-ce3d-4391-bb12-d4211c02ede9","false"
"2.3026","[""ST-000031""]","","[""ST-000080"",""ST-000134"",""ST-000133""]","10.1314","quickplay","4","4","","RL-000008","698c747aee05acfdd23ea578","RL-000008","6992452c5bcc41af3a3296fa","RL-000008","NC-0000000152","[""RL-000008"",""ST-000031"",""NC-0000000152""]","","user","699cf3239409e511fad6f883","5","[]","5","ST-000031","[""ST-000031""]","NC-0000000152","4.4","","699cf5243b920b51fcb5fbeb","2026-02-24T00:47:32.384000","2026-02-24T00:47:32.384000","service_eb508f39-ce3d-4391-bb12-d4211c02ede9","false"
"2.3026","[""ST-000135""]","","[""ST-000080"",""ST-000134"",""ST-000133""]","10.1314","quickplay","4","5","","RL-000008","698c747aee05acfdd23ea578","RL-000008","698dd1b2193c860027a3457a","RL-000008","NC-0000000155","[""RL-000008"",""ST-000135"",""NC-0000000155""]","4","user","699cecb8259c71fca890fba4","3","[]","5","ST-000135","[""ST-000135""]","NC-0000000155","4.4","","699cefb834b8b2c680b1f205","2026-02-24T00:24:24.575000","2026-03-02T11:19:55.123000","service_eb508f39-ce3d-4391-bb12-d4211c02ede9","false"
"2.3026","[""ST-000145""]","","[""ST-000080"",""ST-000134"",""ST-000133""]","10.1314","quickplay","4","5","","RL-000008","698c747aee05acfdd23ea578","RL-000008","698dbbf753d545317578c200","RL-000008","NC-0000000155","[""RL-000008"",""ST-000145"",""NC-0000000155""]","4","user","699cecb8259c71fca890fba4","3","[]","5","ST-000145","[""ST-000145""]","NC-0000000155","4.4","","699cefb892097ade3967360d","2026-02-24T00:24:24.458000","2026-03-02T11:19:59.517000","service_eb508f39-ce3d-4391-bb12-d4211c02ede9","false"
"2.3026","[""ST-000018""]","","[""ST-000080"",""ST-000134"",""ST-000133""]","10.1314","quickplay","4","5","","RL-000008","698c747aee05acfdd23ea578","RL-000008","698d204286a5af9808991620","RL-000008","NC-0000000155","[""RL-000008"",""ST-000018"",""NC-0000000155""]","2","user","699cecb8259c71fca890fba4","3","[]","5","ST-000018","[""ST-000018""]","NC-0000000155","4.4","","699cefb84a2db47e407b3ec7","2026-02-24T00:24:24.357000","2026-03-02T11:20:10.183000","service_eb508f39-ce3d-4391-bb12-d4211c02ede9","false"
"2.3026","[""ST-000080"",""ST-000134"",""ST-000133""]","","[""ST-000018""]","10.5919","quickplay","4","5","","RL-000008","698d204286a5af9808991620","RL-000008","698c747aee05acfdd23ea578","RL-000008","NC-0000000155","[""RL-000008"",""ST-000080"",""ST-000134"",""ST-000133"",""NC-0000000155""]","4","user","699cecb8259c71fca890fba4","5","[]","5","ST-000080","[""ST-000080"",""ST-000134"",""ST-000133""]","NC-0000000155","4.6","","699cefb0b920460e4aea362b","2026-02-24T00:24:16.330000","2026-03-02T11:20:21.894000","service_eb508f39-ce3d-4391-bb12-d4211c02ede9","false"
"2.3026","[""ST-000135""]","","[""ST-000018""]","10.5919","quickplay","4","5","","RL-000008","698d204286a5af9808991620","RL-000008","698dd1b2193c860027a3457a","RL-000008","NC-0000000155","[""RL-000008"",""ST-000135"",""NC-0000000155""]","5","user","699cecb8259c71fca890fba4","5","[]","5","ST-000135","[""ST-000135""]","NC-0000000155","4.6","","699cefb0379fac5195641635","2026-02-24T00:24:16.238000","2026-03-02T11:20:26.147000","service_eb508f39-ce3d-4391-bb12-d4211c02ede9","false"
"2.3026","[""ST-000145""]","","[""ST-000018""]","10.5919","quickplay","4","5","","RL-000008","698d204286a5af9808991620","RL-000008","698dbbf753d545317578c200","RL-000008","NC-0000000155","[""RL-000008"",""ST-000145"",""NC-0000000155""]","5","user","699cecb8259c71fca890fba4","5","[]","5","ST-000145","[""ST-000145""]","NC-0000000155","4.6","","699cefb0f3b3798ebf8dbea1","2026-02-24T00:24:16.116000","2026-03-02T11:20:30.142000","service_eb508f39-ce3d-4391-bb12-d4211c02ede9","false"
"2.3026","[""ST-000080"",""ST-000134"",""ST-000133""]","","[""ST-000145""]","10.5919","quickplay","5","5","","RL-000008","698dbbf753d545317578c200","RL-000008","698c747aee05acfdd23ea578","RL-000008","NC-0000000155","[""RL-000008"",""ST-000080"",""ST-000134"",""ST-000133"",""NC-0000000155""]","2","user","699cecb8259c71fca890fba4","5","[]","4","ST-000080","[""ST-000080"",""ST-000134"",""ST-000133""]","NC-0000000155","4.6","","699cefa8e9555ecb7658a58e","2026-02-24T00:24:08.386000","2026-03-02T11:20:33.995000","service_eb508f39-ce3d-4391-bb12-d4211c02ede9","false"
"2.3026","[""ST-000135""]","","[""ST-000145""]","10.5919","quickplay","5","5","","RL-000008","698dbbf753d545317578c200","RL-000008","698dd1b2193c860027a3457a","RL-000008","NC-0000000155","[""RL-000008"",""ST-000135"",""NC-0000000155""]","3","user","699cecb8259c71fca890fba4","5","[]","4","ST-000135","[""ST-000135""]","NC-0000000155","4.6","","699cefa808e5db63ff18f4c9","2026-02-24T00:24:08.266000","2026-03-02T11:20:41.610000","service_eb508f39-ce3d-4391-bb12-d4211c02ede9","false"
"2.3026","[""ST-000018""]","","[""ST-000145""]","10.5919","quickplay","5","5","","RL-000008","698dbbf753d545317578c200","RL-000008","698d204286a5af9808991620","RL-000008","NC-0000000155","[""RL-000008"",""ST-000018"",""NC-0000000155""]","1","user","699cecb8259c71fca890fba4","5","[]","4","ST-000018","[""ST-000018""]","NC-0000000155","4.6","","699cefa89ab61c4e70ee67fc","2026-02-24T00:24:08.145000","2026-03-02T11:20:37.883000","service_eb508f39-ce3d-4391-bb12-d4211c02ede9","false"
"2.3026","[""ST-000080"",""ST-000134"",""ST-000133""]","","[""ST-000135""]","9.2103","quickplay","4","5","","RL-000008","698dd1b2193c860027a3457a","RL-000008","698c747aee05acfdd23ea578","RL-000008","NC-0000000155","[""RL-000008"",""ST-000080"",""ST-000134"",""ST-000133"",""NC-0000000155""]","","user","699cecb8259c71fca890fba4","5","[]","4","ST-000080","[""ST-000080"",""ST-000134"",""ST-000133""]","NC-0000000155","4","","699cefa059454efb052fa2e6","2026-02-24T00:24:00.507000","2026-02-24T00:24:00.507000","service_eb508f39-ce3d-4391-bb12-d4211c02ede9","false"
"2.3026","[""ST-000145""]","","[""ST-000135""]","9.2103","quickplay","4","5","","RL-000008","698dd1b2193c860027a3457a","RL-000008","698dbbf753d545317578c200","RL-000008","NC-0000000155","[""RL-000008"",""ST-000145"",""NC-0000000155""]","","user","699cecb8259c71fca890fba4","5","[]","4","ST-000145","[""ST-000145""]","NC-0000000155","4","","699cefa0a59f602cb7761552","2026-02-24T00:24:00.414000","2026-02-24T00:24:00.414000","service_eb508f39-ce3d-4391-bb12-d4211c02ede9","false"
"2.3026","[""ST-000018""]","","[""ST-000135""]","9.2103","quickplay","4","5","","RL-000008","698dd1b2193c860027a3457a","RL-000008","698d204286a5af9808991620","RL-000008","NC-0000000155","[""RL-000008"",""ST-000018"",""NC-0000000155""]","","user","699cecb8259c71fca890fba4","5","[]","4","ST-000018","[""ST-000018""]","NC-0000000155","4","","699cefa06bb8e7ef7461412d","2026-02-24T00:24:00.293000","2026-02-24T00:24:00.293000","service_eb508f39-ce3d-4391-bb12-d4211c02ede9","false"
"2.3026","[""ST-000135""]","","[""ST-000018""]","8.7498","quickplay","3","4","","RL-000008","698d204286a5af9808991620","RL-000008","698dd1b2193c860027a3457a","RL-000008","NC-0000000161","[""RL-000008"",""ST-000135"",""NC-0000000161""]","","user","699ce6d93099d242645b97c6","4","[]","4","ST-000135","[""ST-000135""]","NC-0000000161","3.8","","699ce8839c544c54ec8bfbb2","2026-02-23T23:53:39.186000","2026-02-23T23:53:39.186000","service_eb508f39-ce3d-4391-bb12-d4211c02ede9","false"
"2.3026","[""ST-000018""]","","[""ST-000135""]","10.5919","quickplay","5","5","","RL-000008","698dd1b2193c860027a3457a","RL-000008","698d204286a5af9808991620","RL-000008","NC-0000000161","[""RL-000008"",""ST-000018"",""NC-0000000161""]","","user","699ce6d93099d242645b97c6","4","[]","4","ST-000018","[""ST-000018""]","NC-0000000161","4.6","","699ce87c62d12fd8fc406691","2026-02-23T23:53:32.750000","2026-02-23T23:53:32.750000","service_eb508f39-ce3d-4391-bb12-d4211c02ede9","false"
"2.3026","[""ST-000135""]","","[""ST-000018""]","9.2103","quickplay","4","4","","RL-000008","698d204286a5af9808991620","RL-000008","698dd1b2193c860027a3457a","RL-000008","NC-0000000161","[""RL-000008"",""ST-000135"",""NC-0000000161""]","","user","699cdf7d4e8b95565eaebd18","3","[]","5","ST-000135","[""ST-000135""]","NC-0000000161","4","","699ce03ccf0e994222153d0f","2026-02-23T23:18:20.978000","2026-02-23T23:18:20.978000","service_eb508f39-ce3d-4391-bb12-d4211c02ede9","false"
"2.3026","[""ST-000018""]","","[""ST-000135""]","8.2893","quickplay","4","3","","RL-000008","698dd1b2193c860027a3457a","RL-000008","698d204286a5af9808991620","RL-000008","NC-0000000161","[""RL-000008"",""ST-000018"",""NC-0000000161""]","","user","699cdf7d4e8b95565eaebd18","4","[]","5","ST-000018","[""ST-000018""]","NC-0000000161","3.6","","699ce03674c8d09a5999d8db","2026-02-23T23:18:14.844000","2026-02-23T23:18:14.844000","service_eb508f39-ce3d-4391-bb12-d4211c02ede9","false"
"2.3026","[""ST-000135""]","","[""ST-000091""]","9.6709","quickplay","5","3","","RL-000008","698dbbf753d545317578c200","RL-000008","698dd1b2193c860027a3457a","RL-000008","NC-0000000149","[""RL-000008"",""ST-000135"",""NC-0000000149""]","","user","699cdf0359af9a3451d1ae65","4","[]","4","ST-000135","[""ST-000135""]","NC-0000000149","4.2","test : la cuisine était lente","699cdf7715983a8a4821083e","2026-02-23T23:15:03.378000","2026-02-23T23:15:03.378000","service_eb508f39-ce3d-4391-bb12-d4211c02ede9","false"
"2.3026","[""ST-000091""]","","[""ST-000135""]","8.7498","quickplay","5","4","","RL-000008","698dd1b2193c860027a3457a","RL-000008","698dbbf753d545317578c200","RL-000008","NC-0000000149","[""RL-000008"",""ST-000091"",""NC-0000000149""]","","user","699cdf0359af9a3451d1ae65","5","[]","3","ST-000091","[""ST-000091""]","NC-0000000149","3.8","test commentaire","699cdf6362048cc14cd402ad","2026-02-23T23:14:43.569000","2026-02-23T23:14:43.569000","service_eb508f39-ce3d-4391-bb12-d4211c02ede9","false"
"2.3026","[""ST-000091""]","","[""ST-000018""]","9.2103","quickplay","4","5","","RL-000008","698d204286a5af9808991620","RL-000008","698dbbf753d545317578c200","RL-000008","NC-0000000152","[""RL-000008"",""ST-000091"",""NC-0000000152""]","","user","699cde9768d8b74b2a7b816e","3","[]","3","ST-000091","[""ST-000091""]","NC-0000000152","4","","699cdeef5207a1131e4b60c9","2026-02-23T23:12:47.674000","2026-02-23T23:12:47.674000","service_eb508f39-ce3d-4391-bb12-d4211c02ede9","false"
"2.3026","[""ST-000018""]","","[""ST-000091""]","8.7498","quickplay","4","5","","RL-000008","698dbbf753d545317578c200","RL-000008","698d204286a5af9808991620","RL-000008","NC-0000000152","[""RL-000008"",""ST-000018"",""NC-0000000152""]","","user","699cde9768d8b74b2a7b816e","3","[]","5","ST-000018","[""ST-000018""]","NC-0000000152","3.8","","699cdeea62048cc14cd40264","2026-02-23T23:12:42.628000","2026-02-23T23:12:42.628000","service_eb508f39-ce3d-4391-bb12-d4211c02ede9","false"
"2.3026","[""ST-000018""]","","[""ST-000145""]","8.2893","quickplay","4","4","","RL-000003","698dbbf753d545317578c200","RL-000008","698d204286a5af9808991620","RL-000008","NC-0000000021","[""RL-000008"",""ST-000018"",""NC-0000000021""]","4","user","699cde345d1a3dcee8bd113e","3","[]","5","ST-000018","[""ST-000018""]","NC-0000000021","3.6","","699cde7f42f2737913d8a45f","2026-02-23T23:10:55.551000","2026-03-02T11:21:03.442000","service_eb508f39-ce3d-4391-bb12-d4211c02ede9","false"
"2.3026","[""ST-000145""]","","[""ST-000018""]","8.7498","quickplay","3","3","","RL-000008","698d204286a5af9808991620","RL-000003","698dbbf753d545317578c200","RL-000003","NC-0000000021","[""RL-000003"",""ST-000145"",""NC-0000000021""]","3","user","699cde345d1a3dcee8bd113e","5","[]","4","ST-000145","[""ST-000145""]","NC-0000000021","3.8","","699cde7a4305b06b0bf0801b","2026-02-23T23:10:50.310000","2026-03-02T11:20:59.926000","service_eb508f39-ce3d-4391-bb12-d4211c02ede9","false"
"2.3026","[""ST-000161""]","","[""ST-000091""]","9.6709","quickplay","3","5","","RL-000008","698dbbf753d545317578c200","RL-000025","698dd1b2193c860027a3457a","RL-000025","NC-0000000021","[""RL-000025"",""ST-000161"",""NC-0000000021""]","4","user","699c4a86a45cc679c23bc38a","4","[]","5","ST-000161","[""ST-000161""]","NC-0000000021","4.2","","699c4aeaceb1f2872f27105e","2026-02-23T12:41:14.361000","2026-03-02T11:20:50.681000","service_eb508f39-ce3d-4391-bb12-d4211c02ede9","false"
"2.3026","[""ST-000091""]","","[""ST-000161""]","11.5129","quickplay","5","5","","RL-000025","698dd1b2193c860027a3457a","RL-000008","698dbbf753d545317578c200","RL-000008","NC-0000000021","[""RL-000008"",""ST-000091"",""NC-0000000021""]","4","user","699c4a86a45cc679c23bc38a","5","[]","5","ST-000091","[""ST-000091""]","NC-0000000021","5","","699c4ae535fe6ad11f7a3d7c","2026-02-23T12:41:09.783000","2026-03-02T11:20:53.953000","service_eb508f39-ce3d-4391-bb12-d4211c02ede9","false"
"2.3026","[""ST-000162""]","","[""ST-000161""]","8.7498","quickplay","4","2","","RL-000025","698dbbf753d545317578c200","RL-000025","698c747aee05acfdd23ea578","RL-000025","NC-0000000152","[""RL-000025"",""ST-000162"",""NC-0000000152""]","4","user","699b3225c881a41f7475bc79","5","[]","5","ST-000162","[""ST-000162""]","NC-0000000152","3.8","","699b32d474bbd1ebdd1544ba","2026-02-22T16:46:12.653000","2026-03-02T11:20:47.621000","service_eb508f39-ce3d-4391-bb12-d4211c02ede9","false"
"2.3026","[""ST-000161""]","","[""ST-000162""]","9.6709","quickplay","4","4","","RL-000025","698c747aee05acfdd23ea578","RL-000025","698dbbf753d545317578c200","RL-000025","NC-0000000152","[""RL-000025"",""ST-000161"",""NC-0000000152""]","2","user","699b3225c881a41f7475bc79","3","[]","5","ST-000161","[""ST-000161""]","NC-0000000152","4.2","","699b32ceca8fa549080ccd5c","2026-02-22T16:46:06.603000","2026-03-02T11:21:32.577000","service_eb508f39-ce3d-4391-bb12-d4211c02ede9","false"
"2.3026","[""ST-000161""]","","[""ST-000145""]","8.2893","quickplay","5","4","","RL-000008","698dbbf753d545317578c200","RL-000025","698dd1b2193c860027a3457a","RL-000025","NC-0000000149","[""RL-000025"",""ST-000161"",""NC-0000000149""]","4","user","699b2fceb10293721938e416","4","[]","4","ST-000161","[""ST-000161""]","NC-0000000149","3.6","","699b3165f0f24ba9950e4c2a","2026-02-22T16:40:05.728000","2026-03-02T11:21:07.083000","service_eb508f39-ce3d-4391-bb12-d4211c02ede9","false"
"2.3026","[""ST-000088""]","","[""ST-000145""]","8.2893","quickplay","5","4","","RL-000008","698dbbf753d545317578c200","RL-000008","698c747aee05acfdd23ea578","RL-000008","NC-0000000149","[""RL-000008"",""ST-000088"",""NC-0000000149""]","3","user","699b2fceb10293721938e416","4","[]","4","ST-000088","[""ST-000088""]","NC-0000000149","3.6","","699b316525ea74aed278662d","2026-02-22T16:40:05.593000","2026-03-02T11:21:13.093000","service_eb508f39-ce3d-4391-bb12-d4211c02ede9","false"
"2.3026","[""ST-000145""]","","[""ST-000161""]","8.7498","quickplay","3","5","","RL-000025","698dd1b2193c860027a3457a","RL-000008","698dbbf753d545317578c200","RL-000008","NC-0000000149","[""RL-000008"",""ST-000145"",""NC-0000000149""]","4","user","699b2fceb10293721938e416","4","[]","2","ST-000145","[""ST-000145""]","NC-0000000149","3.8","","699b3161a01630ba8ab53b42","2026-02-22T16:40:01.078000","2026-03-02T11:21:09.706000","service_eb508f39-ce3d-4391-bb12-d4211c02ede9","false"
"2.3026","[""ST-000088""]","","[""ST-000161""]","8.7498","quickplay","3","5","","RL-000025","698dd1b2193c860027a3457a","RL-000008","698c747aee05acfdd23ea578","RL-000008","NC-0000000149","[""RL-000008"",""ST-000088"",""NC-0000000149""]","3","user","699b2fceb10293721938e416","4","[]","2","ST-000088","[""ST-000088""]","NC-0000000149","3.8","","699b3160a69e832b82877d2c","2026-02-22T16:40:00.988000","2026-03-02T11:21:15.825000","service_eb508f39-ce3d-4391-bb12-d4211c02ede9","false"
"2.3026","[""ST-000145""]","","[""ST-000088""]","11.0524","quickplay","4","5","","RL-000008","698c747aee05acfdd23ea578","RL-000008","698dbbf753d545317578c200","RL-000008","NC-0000000149","[""RL-000008"",""ST-000145"",""NC-0000000149""]","2","user","699b2fceb10293721938e416","5","[]","5","ST-000145","[""ST-000145""]","NC-0000000149","4.8","","699b30cc15cc18fa192dff7c","2026-02-22T16:37:32.460000","2026-03-02T11:21:18.648000","service_eb508f39-ce3d-4391-bb12-d4211c02ede9","false"
"2.3026","[""ST-000161""]","","[""ST-000088""]","11.0524","quickplay","4","5","","RL-000008","698c747aee05acfdd23ea578","RL-000025","698dd1b2193c860027a3457a","RL-000025","NC-0000000149","[""RL-000025"",""ST-000161"",""NC-0000000149""]","5","user","699b2fceb10293721938e416","5","[]","5","ST-000161","[""ST-000161""]","NC-0000000149","4.8","","699b30cc801395bb90d6655b","2026-02-22T16:37:32.309000","2026-03-02T11:21:24.553000","service_eb508f39-ce3d-4391-bb12-d4211c02ede9","false"
"2.3026","[""ST-000144""]","","[""ST-000145""]","9.2103","quickplay","4","4","","RL-000008","698dbbf753d545317578c200","RL-000008","698dd1b2193c860027a3457a","RL-000008","NC-0000000152","[""RL-000008"",""ST-000144"",""NC-0000000152""]","4","user","699b2b1e81a64ae481a46660","5","[]","5","ST-000144","[""ST-000144""]","NC-0000000152","4","","699b2e5440cd48a045109322","2026-02-22T16:27:00.299000","2026-03-02T11:21:21.721000","service_eb508f39-ce3d-4391-bb12-d4211c02ede9","false"
"2.3026","[""ST-000088""]","","[""ST-000145""]","9.2103","quickplay","4","4","","RL-000008","698dbbf753d545317578c200","RL-000008","698c747aee05acfdd23ea578","RL-000008","NC-0000000152","[""RL-000008"",""ST-000088"",""NC-0000000152""]","3","user","699b2b1e81a64ae481a46660","5","[]","5","ST-000088","[""ST-000088""]","NC-0000000152","4","","699b2e549fccbd0bba7da346","2026-02-22T16:27:00.201000","2026-03-02T11:21:28.537000","service_eb508f39-ce3d-4391-bb12-d4211c02ede9","false"
"2.3026","[""ST-000145""]","","[""ST-000144""]","10.1314","quickplay","4","4","","RL-000008","698dd1b2193c860027a3457a","RL-000008","698dbbf753d545317578c200","RL-000008","NC-0000000152","[""RL-000008"",""ST-000145"",""NC-0000000152""]","","user","699b2b1e81a64ae481a46660","5","[]","5","ST-000145","[""ST-000145""]","NC-0000000152","4.4","","699b2e4ef3bdeb2b59db41ca","2026-02-22T16:26:54.570000","2026-02-22T16:26:54.570000","service_eb508f39-ce3d-4391-bb12-d4211c02ede9","false"
"2.3026","[""ST-000088""]","","[""ST-000144""]","10.1314","quickplay","4","4","","RL-000008","698dd1b2193c860027a3457a","RL-000008","698c747aee05acfdd23ea578","RL-000008","NC-0000000152","[""RL-000008"",""ST-000088"",""NC-0000000152""]","","user","699b2b1e81a64ae481a46660","5","[]","5","ST-000088","[""ST-000088""]","NC-0000000152","4.4","","699b2e4e419dfd94457c0558","2026-02-22T16:26:54.466000","2026-02-22T16:26:54.466000","service_eb508f39-ce3d-4391-bb12-d4211c02ede9","false"
"2.3026","[""ST-000144""]","","[""ST-000088""]","8.2893","quickplay","4","3","","RL-000008","698c747aee05acfdd23ea578","RL-000008","698dd1b2193c860027a3457a","RL-000008","NC-0000000152","[""RL-000008"",""ST-000144"",""NC-0000000152""]","","user","699b2b1e81a64ae481a46660","1","[]","5","ST-000144","[""ST-000144""]","NC-0000000152","3.6","","699b2e49b0f3e592dd956e05","2026-02-22T16:26:49.654000","2026-02-22T16:26:49.654000","service_eb508f39-ce3d-4391-bb12-d4211c02ede9","false"
"2.3026","[""ST-000145""]","","[""ST-000088""]","8.2893","quickplay","4","3","","RL-000008","698c747aee05acfdd23ea578","RL-000008","698dbbf753d545317578c200","RL-000008","NC-0000000152","[""RL-000008"",""ST-000145"",""NC-0000000152""]","","user","699b2b1e81a64ae481a46660","1","[]","5","ST-000145","[""ST-000145""]","NC-0000000152","3.6","","699b2e49d35455584709b39c","2026-02-22T16:26:49.537000","2026-02-22T16:26:49.537000","service_eb508f39-ce3d-4391-bb12-d4211c02ede9","false"
"2.3026","[""ST-000135""]","","[""ST-000018""]","10.5919","quickplay","5","5","","RL-000008","698d204286a5af9808991620","RL-000008","698dd1b2193c860027a3457a","RL-000008","NC-0000000149","[""RL-000008"",""ST-000135"",""NC-0000000149""]","","user","699b051a8ffa146d45d88a7f","4","[]","4","ST-000135","[""ST-000135""]","NC-0000000149","4.6","","699b064e232f6cc86479372b","2026-02-22T13:36:14.319000","2026-02-22T13:36:14.319000","service_eb508f39-ce3d-4391-bb12-d4211c02ede9","false"
"2.3026","[""ST-000018""]","","[""ST-000135""]","11.5129","quickplay","5","5","","RL-000008","698dd1b2193c860027a3457a","RL-000008","698d204286a5af9808991620","RL-000008","NC-0000000149","[""RL-000008"",""ST-000018"",""NC-0000000149""]","","user","699b051a8ffa146d45d88a7f","5","[]","5","ST-000018","[""ST-000018""]","NC-0000000149","5","","699b0648757ffaea9f80c432","2026-02-22T13:36:08.266000","2026-02-22T13:36:08.266000","service_eb508f39-ce3d-4391-bb12-d4211c02ede9","false"
"2.3026","[""ST-000008""]","","[""ST-000088""]","9.6709","quickplay","5","5","","RL-000008","698c747aee05acfdd23ea578","RL-000008","698dd1b2193c860027a3457a","RL-000008","NC-0000000149","[""RL-000008"",""ST-000008"",""NC-0000000149""]","3","user","699b0519530ba143265a8601","3","[]","3","ST-000008","[""ST-000008""]","NC-0000000149","4.2","","699b059ecbd28f73c9c7d4df","2026-02-22T13:33:18.885000","2026-03-02T11:21:45.808000","service_eb508f39-ce3d-4391-bb12-d4211c02ede9","false"
"2.3026","[""ST-000088""]","","[""ST-000008""]","8.2893","quickplay","4","4","","RL-000008","698dd1b2193c860027a3457a","RL-000008","698c747aee05acfdd23ea578","RL-000008","NC-0000000149","[""RL-000008"",""ST-000088"",""NC-0000000149""]","5","user","699b0519530ba143265a8601","3","[]","3","ST-000088","[""ST-000088""]","NC-0000000149","3.6","","699b059880d222391e38664d","2026-02-22T13:33:12.349000","2026-03-02T11:21:42.494000","service_eb508f39-ce3d-4391-bb12-d4211c02ede9","false"
"2.3026","[""ST-000018""]","","[""ST-000018""]","9.6709","quickplay","3","4","","RL-000008","698dd1b2193c860027a3457a","RL-000008","698d204286a5af9808991620","RL-000008","NC-0000000149","[""RL-000008"",""ST-000018"",""NC-0000000149""]","4","user","699afffee2b84d985603225f","5","[]","5","ST-000018","[""ST-000018""]","NC-0000000149","4.2","","699b003c84e14d44cf283370","2026-02-22T13:10:20.716000","2026-03-02T11:21:38.785000","service_eb508f39-ce3d-4391-bb12-d4211c02ede9","false"
"2.3026","[""ST-000018""]","","[""ST-000018""]","8.7498","quickplay","5","4","","RL-000008","698d204286a5af9808991620","RL-000008","698dd1b2193c860027a3457a","RL-000008","NC-0000000149","[""RL-000008"",""ST-000018"",""NC-0000000149""]","2","user","699afffee2b84d985603225f","2","[]","5","ST-000018","[""ST-000018""]","NC-0000000149","3.8","","699b00361ae35b8e11e67653","2026-02-22T13:10:14.152000","2026-03-02T11:21:48.619000","service_eb508f39-ce3d-4391-bb12-d4211c02ede9","false"
"2.3026","[""ST-000082""]","","[""ST-000111""]","9.6709","quickplay","5","5","","RL-000025","698c747aee05acfdd23ea578","RL-000008","698d204286a5af9808991620","RL-000008","NC-0000000021","[""RL-000008"",""ST-000082"",""NC-0000000021""]","","user","699503331eadfa89f00179fe","2","[]","4","ST-000082","[""ST-000082""]","NC-0000000021","4.2","","699503c561b3401124f2b3af","2026-02-18T00:11:49.599000","2026-02-18T00:11:49.599000","service_eb508f39-ce3d-4391-bb12-d4211c02ede9","false"
"2.3026","[""ST-000080""]","","[""ST-000111""]","9.6709","quickplay","5","5","","RL-000025","698c747aee05acfdd23ea578","RL-000008","698dd1b2193c860027a3457a","RL-000008","NC-0000000021","[""RL-000008"",""ST-000080"",""NC-0000000021""]","2","user","699503331eadfa89f00179fe","2","[]","4","ST-000080","[""ST-000080""]","NC-0000000021","4.2","","699503c529c4387f78b59047","2026-02-18T00:11:49.480000","2026-03-02T11:21:55.204000","service_eb508f39-ce3d-4391-bb12-d4211c02ede9","false"
"2.3026","[""ST-000080""]","","[""ST-000082""]","7.8288","quickplay","5","4","","RL-000008","698d204286a5af9808991620","RL-000008","698dd1b2193c860027a3457a","RL-000008","NC-0000000021","[""RL-000008"",""ST-000080"",""NC-0000000021""]","1","user","699503331eadfa89f00179fe","2","[]","5","ST-000080","[""ST-000080""]","NC-0000000021","3.4","","699503bab080926bedb13ad5","2026-02-18T00:11:38.159000","2026-03-02T11:21:52.090000","service_eb508f39-ce3d-4391-bb12-d4211c02ede9","false"
"2.3026","[""ST-000111""]","","[""ST-000082""]","7.8288","quickplay","5","4","","RL-000008","698d204286a5af9808991620","RL-000025","698c747aee05acfdd23ea578","RL-000025","NC-0000000021","[""RL-000025"",""ST-000111"",""NC-0000000021""]","","user","699503331eadfa89f00179fe","2","[]","5","ST-000111","[""ST-000111""]","NC-0000000021","3.4","","699503b9b456958953e1a359","2026-02-18T00:11:37.967000","2026-02-18T00:11:37.967000","service_eb508f39-ce3d-4391-bb12-d4211c02ede9","false"
"2.3026","[""ST-000082""]","","[""ST-000080""]","10.1314","quickplay","3","5","","RL-000008","698dd1b2193c860027a3457a","RL-000008","698d204286a5af9808991620","RL-000008","NC-0000000021","[""RL-000008"",""ST-000082"",""NC-0000000021""]","","user","699503331eadfa89f00179fe","5","[]","5","ST-000082","[""ST-000082""]","NC-0000000021","4.4","","699503b537f2085eb2ee44c6","2026-02-18T00:11:33.141000","2026-02-18T00:11:33.141000","service_eb508f39-ce3d-4391-bb12-d4211c02ede9","false"
"2.3026","[""ST-000111""]","","[""ST-000080""]","10.1314","quickplay","3","5","","RL-000008","698dd1b2193c860027a3457a","RL-000025","698c747aee05acfdd23ea578","RL-000025","NC-0000000021","[""RL-000025"",""ST-000111"",""NC-0000000021""]","","user","699503331eadfa89f00179fe","5","[]","5","ST-000111","[""ST-000111""]","NC-0000000021","4.4","","699503b5c6ff5e3ed6e0601f","2026-02-18T00:11:33.022000","2026-02-18T00:11:33.022000","service_eb508f39-ce3d-4391-bb12-d4211c02ede9","false"
"2.3026","[""ST-000082""]","","[""ST-000072"",""ST-000082""]","9.6709","quickplay","4","5","","RL-000008","698d204286a5af9808991620","RL-000008","698dd1b2193c860027a3457a","RL-000008","NC-0000000161","[""RL-000008"",""ST-000082"",""NC-0000000161""]","4","user","6995026309e09f58ecef5923","5","[]","4","ST-000082","[""ST-000082""]","NC-0000000161","4.2","","6995037c09e09f58ecef5bbd","2026-02-18T00:10:36.319000","2026-03-02T11:22:09.534000","service_eb508f39-ce3d-4391-bb12-d4211c02ede9","false"
"2.3026","[""ST-000072"",""ST-000082""]","","[""ST-000082""]","9.6709","quickplay","3","3","","RL-000008","698dd1b2193c860027a3457a","RL-000008","698d204286a5af9808991620","RL-000008","NC-0000000161","[""RL-000008"",""ST-000072"",""ST-000082"",""NC-0000000161""]","3","user","6995026309e09f58ecef5923","5","[]","5","ST-000072","[""ST-000072"",""ST-000082""]","NC-0000000161","4.2","","69950370fd023acf83d227da","2026-02-18T00:10:24.317000","2026-03-02T11:22:13.370000","service_eb508f39-ce3d-4391-bb12-d4211c02ede9","false"
"2.3026","[""ST-000080"",""ST-000081""]","","[""ST-000080""]","8.2893","quickplay","5","2","","RL-000008","698dd1b2193c860027a3457a","RL-000008","698c747aee05acfdd23ea578","RL-000008","NC-0000000161","[""RL-000008"",""ST-000080"",""ST-000081"",""NC-0000000161""]","3","user","699501b81c6a0b8d66585773","5","[]","4","ST-000080","[""ST-000080"",""ST-000081""]","NC-0000000161","3.6","","6995027614c9fcc3234a0345","2026-02-18T00:06:14.661000","2026-03-02T11:22:06.176000","service_eb508f39-ce3d-4391-bb12-d4211c02ede9","false"
"2.3026","[""ST-000080""]","","[""ST-000080"",""ST-000081""]","10.1314","quickplay","4","5","","RL-000008","698c747aee05acfdd23ea578","RL-000008","698dd1b2193c860027a3457a","RL-000008","NC-0000000161","[""RL-000008"",""ST-000080"",""NC-0000000161""]","4","user","699501b81c6a0b8d66585773","4","[]","4","ST-000080","[""ST-000080""]","NC-0000000161","4.4","","6995024ec70c851b912ff1a3","2026-02-18T00:05:34.463000","2026-03-02T11:22:02.811000","service_eb508f39-ce3d-4391-bb12-d4211c02ede9","false"
"2.3026","[""ST-000038""]","","[""ST-000072""]","10.5919","quickplay","4","4","","RL-000008","698d204286a5af9808991620","RL-000016","698c747aee05acfdd23ea578","RL-000016","NC-0000000152","[""RL-000016"",""ST-000038"",""NC-0000000152""]","","user","6993c7671af29190ccb48da3","5","[]","5","ST-000038","[""ST-000038""]","NC-0000000152","4.6","","69944f4dd75a40687916b08f","2026-02-17T11:21:49.515000","2026-02-17T11:21:49.515000","service_eb508f39-ce3d-4391-bb12-d4211c02ede9","false"
"2.3026","[""ST-000072""]","","[""ST-000038""]","10.5919","quickplay","5","4","","RL-000016","698c747aee05acfdd23ea578","RL-000008","698d204286a5af9808991620","RL-000008","NC-0000000152","[""RL-000008"",""ST-000072"",""NC-0000000152""]","","user","6993c7671af29190ccb48da3","4","[]","5","ST-000072","[""ST-000072""]","NC-0000000152","4.6","","69944f470f25139f9043387e","2026-02-17T11:21:43.120000","2026-02-17T11:21:43.120000","service_eb508f39-ce3d-4391-bb12-d4211c02ede9","false"
"2.3026","[""ST-000009""]","","[""ST-000032""]","10.5919","quickplay","5","5","","RL-000008","69910cb8413dc98603cf72df","RL-000028","6992452c5bcc41af3a3296fa","RL-000028","NC-0000000148","[""RL-000028"",""ST-000009"",""NC-0000000148""]","","user","699245b97a5dae1ca6af0f34","4","[]","4","ST-000009","[""ST-000009""]","NC-0000000148","4.6","","69924674173debb4b039450a","2026-02-15T22:19:32.519000","2026-02-15T22:19:32.519000","service_eb508f39-ce3d-4391-bb12-d4211c02ede9","false"
"2.3026","[""ST-000032""]","","[""ST-000009""]","9.6709","quickplay","5","5","","RL-000028","6992452c5bcc41af3a3296fa","RL-000008","69910cb8413dc98603cf72df","RL-000008","NC-0000000148","[""RL-000008"",""ST-000032"",""NC-0000000148""]","","user","699245b97a5dae1ca6af0f34","5","[]","5","ST-000032","[""ST-000032""]","NC-0000000148","4.2","","69924672038910768b887cf3","2026-02-15T22:19:30.761000","2026-02-15T22:19:30.761000","service_eb508f39-ce3d-4391-bb12-d4211c02ede9","false"
"2.3026","[""ST-000032"",""ST-000038""]","","[""ST-000035"",""ST-000012"",""ST-000007""]","9.6709","quickplay","4","5","","RL-000026","699202024efb1897f4db4963","RL-000008","69910cb8413dc98603cf72df","RL-000008","NC-0000000152","[""RL-000008"",""ST-000032"",""ST-000038"",""NC-0000000152""]","","user","699202db848273a63fc2a7ff","4","[]","4","ST-000032","[""ST-000032"",""ST-000038""]","NC-0000000152","4.2","","699203913937953d768fd046","2026-02-15T17:34:09.801000","2026-02-15T17:34:09.801000","service_eb508f39-ce3d-4391-bb12-d4211c02ede9","false"
"2.3026","[""ST-000035"",""ST-000012"",""ST-000007""]","","[""ST-000032"",""ST-000038""]","10.1314","quickplay","5","5","","RL-000008","69910cb8413dc98603cf72df","RL-000026","699202024efb1897f4db4963","RL-000026","NC-0000000152","[""RL-000026"",""ST-000035"",""ST-000012"",""ST-000007"",""NC-0000000152""]","","user","699202db848273a63fc2a7ff","4","[]","5","ST-000035","[""ST-000035"",""ST-000012"",""ST-000007""]","NC-0000000152","4.4","","6992038e9688e7dd1260fb43","2026-02-15T17:34:06.130000","2026-02-15T17:34:06.130000","service_eb508f39-ce3d-4391-bb12-d4211c02ede9","false"
"2.3026","[""ST-000038""]","","[""ST-000000"",""ST-000038""]","10.1314","quickplay","4","4","","RL-000028","698dbd987dbcc355eec0ff7c","RL-000008","69910cb8413dc98603cf72df","RL-000008","NC-0000000155","[""RL-000008"",""ST-000038"",""NC-0000000155""]","","user","6991e837ad9230866bbe8652","5","[]","5","ST-000038","[""ST-000038""]","NC-0000000155","4.4","","6991e892633cacee3aa9d537","2026-02-15T15:38:58.652000","2026-02-15T15:38:58.652000","service_eb508f39-ce3d-4391-bb12-d4211c02ede9","false"
"2.3026","[""ST-000000"",""ST-000038""]","","[""ST-000038""]","8.7498","quickplay","4","3","","RL-000008","69910cb8413dc98603cf72df","RL-000028","698dbd987dbcc355eec0ff7c","RL-000028","NC-0000000155","[""RL-000028"",""ST-000000"",""ST-000038"",""NC-0000000155""]","","user","6991e837ad9230866bbe8652","3","[]","4","ST-000000","[""ST-000000"",""ST-000038""]","NC-0000000155","3.8","","6991e88bc262c2fc6d68284f","2026-02-15T15:38:51.654000","2026-02-15T15:38:51.654000","service_eb508f39-ce3d-4391-bb12-d4211c02ede9","false"
"2.3026","[""ST-000032"",""ST-000009""]","","[""ST-000032"",""ST-000038""]","5.9867","quickplay","2","4","","RL-000025","698dbd987dbcc355eec0ff7c","RL-000025","698dbbf753d545317578c200","RL-000025","NC-0000000154","[""RL-000025"",""ST-000032"",""ST-000009"",""NC-0000000154""]","","user","6991e4c0dabb2861ee749918","3","[]","2","ST-000032","[""ST-000032"",""ST-000009""]","NC-0000000154","2.6","","6991e79e78e40d2d3ea22d60","2026-02-15T15:34:54.549000","2026-02-15T15:34:54.549000","service_eb508f39-ce3d-4391-bb12-d4211c02ede9","false"
"2.3026","[""ST-000038""]","","[""ST-000032"",""ST-000038""]","5.9867","quickplay","2","4","","RL-000025","698dbd987dbcc355eec0ff7c","RL-000016","698c747aee05acfdd23ea578","RL-000016","NC-0000000154","[""RL-000016"",""ST-000038"",""NC-0000000154""]","","user","6991e4c0dabb2861ee749918","3","[]","2","ST-000038","[""ST-000038""]","NC-0000000154","2.6","","6991e79e4ebc117d76629975","2026-02-15T15:34:54.419000","2026-02-15T15:34:54.419000","service_eb508f39-ce3d-4391-bb12-d4211c02ede9","false"
"2.3026","[""ST-000032"",""ST-000038""]","","[""ST-000032"",""ST-000009""]","9.6709","quickplay","4","4","","RL-000025","698dbbf753d545317578c200","RL-000025","698dbd987dbcc355eec0ff7c","RL-000025","NC-0000000154","[""RL-000025"",""ST-000032"",""ST-000038"",""NC-0000000154""]","","user","6991e4c0dabb2861ee749918","3","[]","5","ST-000032","[""ST-000032"",""ST-000038""]","NC-0000000154","4.2","","6991e79a94e4793fd3e28bc2","2026-02-15T15:34:50.233000","2026-02-15T15:34:50.233000","service_eb508f39-ce3d-4391-bb12-d4211c02ede9","false"
"2.3026","[""ST-000038""]","","[""ST-000032"",""ST-000009""]","9.6709","quickplay","4","4","","RL-000025","698dbbf753d545317578c200","RL-000016","698c747aee05acfdd23ea578","RL-000016","NC-0000000154","[""RL-000016"",""ST-000038"",""NC-0000000154""]","","user","6991e4c0dabb2861ee749918","3","[]","5","ST-000038","[""ST-000038""]","NC-0000000154","4.2","","6991e79abfa9f916b40fdf39","2026-02-15T15:34:50.034000","2026-02-15T15:34:50.034000","service_eb508f39-ce3d-4391-bb12-d4211c02ede9","false"
"2.3026","[""ST-000032"",""ST-000009""]","","[""ST-000038""]","8.7498","quickplay","3","5","","RL-000016","698c747aee05acfdd23ea578","RL-000025","698dbbf753d545317578c200","RL-000025","NC-0000000154","[""RL-000025"",""ST-000032"",""ST-000009"",""NC-0000000154""]","","user","6991e4c0dabb2861ee749918","4","[]","4","ST-000032","[""ST-000032"",""ST-000009""]","NC-0000000154","3.8","","6991e792df2d4d6c2965d0b4","2026-02-15T15:34:42.873000","2026-02-15T15:34:42.873000","service_eb508f39-ce3d-4391-bb12-d4211c02ede9","false"
"2.3026","[""ST-000032"",""ST-000038""]","","[""ST-000038""]","8.7498","quickplay","3","5","","RL-000016","698c747aee05acfdd23ea578","RL-000025","698dbd987dbcc355eec0ff7c","RL-000025","NC-0000000154","[""RL-000025"",""ST-000032"",""ST-000038"",""NC-0000000154""]","","user","6991e4c0dabb2861ee749918","4","[]","4","ST-000032","[""ST-000032"",""ST-000038""]","NC-0000000154","3.8","","6991e792281f2c3b0a9c1a2a","2026-02-15T15:34:42.768000","2026-02-15T15:34:42.768000","service_eb508f39-ce3d-4391-bb12-d4211c02ede9","false"
"2.3026","[""ST-000038""]","","[""ST-000032"",""ST-000000""]","8.2893","quickplay","3","4","","RL-000008","698dbbf753d545317578c200","RL-000016","698c747aee05acfdd23ea578","RL-000016","","[""RL-000016"",""ST-000038""]","","user","6991cf019f57296bcce82dfe","3","[]","4","ST-000038","[""ST-000038""]","","3.6","","6991e4dddad78f510108fa56","2026-02-15T15:23:09.429000","2026-02-15T15:23:09.429000","service_eb508f39-ce3d-4391-bb12-d4211c02ede9","false"
"2.3026","[""ST-000007"",""ST-000013""]","","[""ST-000032"",""ST-000000""]","8.2893","quickplay","3","4","","RL-000008","698dbbf753d545317578c200","RL-000026","698dd1b2193c860027a3457a","RL-000026","","[""RL-000026"",""ST-000007"",""ST-000013""]","","user","6991cf019f57296bcce82dfe","3","[]","4","ST-000007","[""ST-000007"",""ST-000013""]","","3.6","","6991e4ddfb7ab1eee57d8d7f","2026-02-15T15:23:09.283000","2026-02-15T15:23:09.283000","service_eb508f39-ce3d-4391-bb12-d4211c02ede9","false"
"2.3026","[""ST-000038"",""ST-000000""]","","[""ST-000032"",""ST-000038""]","7.3683","quickplay","2","4","","RL-000025","698dbd987dbcc355eec0ff7c","RL-000008","698c747aee05acfdd23ea578","RL-000008","","[""RL-000008"",""ST-000038"",""ST-000000""]","","user","6991d3983dce421d3e2f1753","2","[]","5","ST-000038","[""ST-000038"",""ST-000000""]","","3.2","","6991d400ab2d674fdca47e51","2026-02-15T14:11:12.843000","2026-02-15T14:11:12.843000","service_eb508f39-ce3d-4391-bb12-d4211c02ede9","false"
"2.3026","[""ST-000007"",""ST-000013""]","","[""ST-000032"",""ST-000038""]","7.3683","quickplay","2","4","","RL-000025","698dbd987dbcc355eec0ff7c","RL-000026","698dd1b2193c860027a3457a","RL-000026","","[""RL-000026"",""ST-000007"",""ST-000013""]","","user","6991d3983dce421d3e2f1753","2","[]","5","ST-000007","[""ST-000007"",""ST-000013""]","","3.2","","6991d4004d50e35c83123aa1","2026-02-15T14:11:12.693000","2026-02-15T14:11:12.693000","service_eb508f39-ce3d-4391-bb12-d4211c02ede9","false"
"2.3026","[""ST-000038"",""ST-000000""]","","[""ST-000007"",""ST-000013""]","5.5262","quickplay","2","2","","RL-000026","698dd1b2193c860027a3457a","RL-000008","698c747aee05acfdd23ea578","RL-000008","","[""RL-000008"",""ST-000038"",""ST-000000""]","","user","6991d3983dce421d3e2f1753","3","[]","1","ST-000038","[""ST-000038"",""ST-000000""]","","2.4","","6991d3ea489289d5f5da9950","2026-02-15T14:10:50.475000","2026-02-15T14:10:50.475000","service_eb508f39-ce3d-4391-bb12-d4211c02ede9","false"
"2.3026","[""ST-000032"",""ST-000038""]","","[""ST-000007"",""ST-000013""]","5.5262","quickplay","2","2","","RL-000026","698dd1b2193c860027a3457a","RL-000025","698dbd987dbcc355eec0ff7c","RL-000025","","[""RL-000025"",""ST-000032"",""ST-000038""]","","user","6991d3983dce421d3e2f1753","3","[]","1","ST-000032","[""ST-000032"",""ST-000038""]","","2.4","","6991d3ea205918eaafa0c149","2026-02-15T14:10:50.386000","2026-02-15T14:10:50.386000","service_eb508f39-ce3d-4391-bb12-d4211c02ede9","false"
"2.3026","[""ST-000032"",""ST-000038""]","","[""ST-000038"",""ST-000000""]","9.6709","quickplay","5","3","","RL-000008","698c747aee05acfdd23ea578","RL-000025","698dbd987dbcc355eec0ff7c","RL-000025","","[""RL-000025"",""ST-000032"",""ST-000038""]","","user","6991d3983dce421d3e2f1753","4","[]","4","ST-000032","[""ST-000032"",""ST-000038""]","","4.2","","6991d3d78d076106ba5eacdc","2026-02-15T14:10:31.318000","2026-02-15T14:10:31.318000","service_eb508f39-ce3d-4391-bb12-d4211c02ede9","false"
"2.3026","[""ST-000007"",""ST-000013""]","","[""ST-000038"",""ST-000000""]","9.6709","quickplay","5","3","","RL-000008","698c747aee05acfdd23ea578","RL-000026","698dd1b2193c860027a3457a","RL-000026","","[""RL-000026"",""ST-000007"",""ST-000013""]","","user","6991d3983dce421d3e2f1753","4","[]","4","ST-000007","[""ST-000007"",""ST-000013""]","","4.2","","6991d3d7978a5048059b0615","2026-02-15T14:10:31.187000","2026-02-15T14:10:31.187000","service_eb508f39-ce3d-4391-bb12-d4211c02ede9","false"
"2.3026","[""ST-000032"",""ST-000000""]","","[""ST-000038""]","8.7498","quickplay","4","3","","RL-000016","698c747aee05acfdd23ea578","RL-000008","698dbbf753d545317578c200","RL-000008","","[""RL-000008"",""ST-000032"",""ST-000000""]","","user","6991cf019f57296bcce82dfe","3","[]","5","ST-000032","[""ST-000032"",""ST-000000""]","","3.8","","6991d392008d3f089fe8c468","2026-02-15T14:09:22.873000","2026-02-15T14:09:22.873000","service_eb508f39-ce3d-4391-bb12-d4211c02ede9","false"
"2.3026","[""ST-000007"",""ST-000013""]","","[""ST-000038""]","8.7498","quickplay","4","3","","RL-000016","698c747aee05acfdd23ea578","RL-000026","698dd1b2193c860027a3457a","RL-000026","","[""RL-000026"",""ST-000007"",""ST-000013""]","","user","6991cf019f57296bcce82dfe","3","[]","5","ST-000007","[""ST-000007"",""ST-000013""]","","3.8","","6991d3921b3d994fb2a45c67","2026-02-15T14:09:22.772000","2026-02-15T14:09:22.772000","service_eb508f39-ce3d-4391-bb12-d4211c02ede9","false"
"2.3026","[""ST-000038""]","","[""ST-000007"",""ST-000013""]","9.2103","quickplay","4","4","","RL-000026","698dd1b2193c860027a3457a","RL-000016","698c747aee05acfdd23ea578","RL-000016","","[""RL-000016"",""ST-000038""]","","user","6991cf019f57296bcce82dfe","3","[]","5","ST-000038","[""ST-000038""]","","4","","6991d1e88306852c3ed7027b","2026-02-15T14:02:16.050000","2026-02-15T14:02:16.050000","service_eb508f39-ce3d-4391-bb12-d4211c02ede9","false"
"2.3026","[""ST-000032"",""ST-000000""]","","[""ST-000007"",""ST-000013""]","9.6709","quickplay","4","5","","RL-000026","698dd1b2193c860027a3457a","RL-000008","698dbbf753d545317578c200","RL-000008","","[""RL-000008"",""ST-000032"",""ST-000000""]","","user","6991cf019f57296bcce82dfe","3","[]","5","ST-000032","[""ST-000032"",""ST-000000""]","","4.2","","6991d1e7c0847607ea97902d","2026-02-15T14:02:15.934000","2026-02-15T14:02:15.934000","service_eb508f39-ce3d-4391-bb12-d4211c02ede9","false"
"2.3026","[""ST-000038""]","","[""ST-000038""]","6.9078","quickplay","5","1","{""q1"":3,""q2"":4,""q3"":5,""q4"":2,""q5"":1}","RL-000025","698dbd987dbcc355eec0ff7c","RL-000026","698dd1b2193c860027a3457a","RL-000025","","[""RL-000025"",""ST-000038""]","","user","6991c897b1067227b07ff933","4","[]","2","ST-000038","[""ST-000013""]","","3","","6991c8cea081304e9b659e89","2026-02-15T13:23:26.534000","2026-02-15T13:23:26.534000","service_eb508f39-ce3d-4391-bb12-d4211c02ede9","false"
"2.3026","[""ST-000013""]","","[""ST-000013""]","6.9078","quickplay","5","2","{""q1"":2,""q2"":4,""q3"":5,""q4"":2,""q5"":2}","RL-000026","698dd1b2193c860027a3457a","RL-000025","698dbd987dbcc355eec0ff7c","RL-000026","","[""RL-000026"",""ST-000013""]","","user","6991c897b1067227b07ff933","4","[]","2","ST-000013","[""ST-000038""]","","3","","6991c8c75399a78dd1ab556b","2026-02-15T13:23:19.339000","2026-02-15T13:23:19.339000","service_eb508f39-ce3d-4391-bb12-d4211c02ede9","false"
"2.3026","[""ST-000007""]","","[""ST-000007""]","6.9078","quickplay","5","2","{""q1"":4,""q2"":1,""q3"":5,""q4"":3,""q5"":2}","RL-000026","698dbbf753d545317578c200","RL-000025","698dbd987dbcc355eec0ff7c","RL-000026","","[""RL-000026"",""ST-000007""]","","user","6991c8354b45d34192920117","1","[]","3","ST-000007","[""ST-000000""]","","3","","6991c872d9377b32ef9949b2","2026-02-15T13:21:54.657000","2026-02-15T13:21:54.657000","service_eb508f39-ce3d-4391-bb12-d4211c02ede9","false"
"2.3026","[""ST-000000""]","","[""ST-000000""]","5.9867","quickplay","4","3","{""q1"":1,""q2"":2,""q4"":3,""q3"":4,""q5"":3}","RL-000025","698dbd987dbcc355eec0ff7c","RL-000026","698dbbf753d545317578c200","RL-000025","","[""RL-000025"",""ST-000000""]","","user","6991c8354b45d34192920117","2","[]","3","ST-000000","[""ST-000007""]","","2.6","","6991c8694b45d3419292012e","2026-02-15T13:21:45.180000","2026-02-15T13:21:45.180000","service_eb508f39-ce3d-4391-bb12-d4211c02ede9","false"
"2.3026","[""ST-000032"",""ST-000009""]","","[""ST-000032"",""ST-000009""]","9.2103","quickplay","5","4","{""q1"":4,""q2"":3,""q3"":5,""q5"":4,""q4"":4}","RL-000024","698dbbf753d545317578c200","RL-000028","698dbd987dbcc355eec0ff7c","RL-000024","","[""RL-000024"",""ST-000032"",""ST-000009""]","","user","6991c7bae68bf4ce444b3203","3","[]","4","ST-000032","[""ST-000032"",""ST-000000"",""ST-000038""]","","4","","6991c7df710fff4c1ddbc33c","2026-02-15T13:19:27.855000","2026-02-15T13:19:27.855000","service_eb508f39-ce3d-4391-bb12-d4211c02ede9","false"
"2.3026","[""ST-000032"",""ST-000000"",""ST-000038""]","","[""ST-000032"",""ST-000000"",""ST-000038""]","9.6709","quickplay","3","5","{""q1"":5,""q2"":4,""q3"":3,""q4"":4,""q5"":5}","RL-000028","698dbd987dbcc355eec0ff7c","RL-000024","698dbbf753d545317578c200","RL-000028","","[""RL-000028"",""ST-000032"",""ST-000000"",""ST-000038""]","","user","6991c7bae68bf4ce444b3203","4","[]","4","ST-000032","[""ST-000032"",""ST-000009""]","","4.2","","6991c7d9f5fe5881276f7b05","2026-02-15T13:19:21.613000","2026-02-15T13:19:21.613000","service_eb508f39-ce3d-4391-bb12-d4211c02ede9","false"
"2.3026","[""ST-000032"",""ST-000038""]","","[""ST-000032"",""ST-000038""]","9.2103","quickplay","2","4","{""q1"":4,""q2"":5,""q3"":2,""q4"":5,""q5"":4}","RL-000028","698dbd987dbcc355eec0ff7c","RL-000026","698dd1b2193c860027a3457a","RL-000028","","[""RL-000028"",""ST-000032"",""ST-000038""]","","user","6991c4f35e97991c23fa1d4c","5","[]","5","ST-000032","[""ST-000007"",""ST-000013""]","","4","","6991c58e925ce60bcec1249a","2026-02-15T13:09:34.528000","2026-02-15T13:09:34.528000","service_eb508f39-ce3d-4391-bb12-d4211c02ede9","false"
"2.3026","[""ST-000007"",""ST-000013""]","","[""ST-000007"",""ST-000013""]","10.1314","quickplay","4","5","{""q1"":5,""q2"":5,""q3"":4,""q4"":3,""q5"":5}","RL-000026","698dd1b2193c860027a3457a","RL-000028","698dbd987dbcc355eec0ff7c","RL-000026","","[""RL-000026"",""ST-000007"",""ST-000013""]","","user","6991c4f35e97991c23fa1d4c","5","[]","3","ST-000007","[""ST-000032"",""ST-000038""]","","4.4","","6991c5865e97991c23fa1d97","2026-02-15T13:09:26.187000","2026-02-15T13:09:26.187000","service_eb508f39-ce3d-4391-bb12-d4211c02ede9","false"