value,key,updatedAt,id,created_date,updated_date,created_by_id,is_sample
"1777402802554","matchmaker_lastTickAt","2026-04-28T19:00:02.554Z","69f103af5d77c1b40103066f","2026-04-28T18:59:59.069000","2026-04-28T19:00:03.746000","service_eb508f39-ce3d-4391-bb12-d4211c02ede9","false"
"1777402805054","matchmaker_lock","2026-04-28T19:00:02.554Z","69f103ae8dbf453fdf67b97b","2026-04-28T18:59:58.866000","2026-04-28T19:00:03.452000","service_eb508f39-ce3d-4391-bb12-d4211c02ede9","false"
"1777402795294","matchmaker_lastTickAt","2026-04-28T18:59:55.294Z","69f103a05592801513b27feb","2026-04-28T18:59:44.416000","2026-04-28T18:59:56.319000","service_eb508f39-ce3d-4391-bb12-d4211c02ede9","false"
"1777402797794","matchmaker_lock","2026-04-28T18:59:55.294Z","69f103a0017e37d5e573e9f0","2026-04-28T18:59:44.214000","2026-04-28T18:59:56.095000","service_eb508f39-ce3d-4391-bb12-d4211c02ede9","false"
"1777402781433","matchmaker_lastTickAt","2026-04-28T18:59:41.433Z","69f1039e47008546f8db072f","2026-04-28T18:59:42.186000","2026-04-28T18:59:42.186000","service_eb508f39-ce3d-4391-bb12-d4211c02ede9","false"
"1777402783933","matchmaker_lock","2026-04-28T18:59:41.433Z","69f1039ed3c2232e3ab567d9","2026-04-28T18:59:42.018000","2026-04-28T18:59:42.018000","service_eb508f39-ce3d-4391-bb12-d4211c02ede9","false"
"1777402776823","matchmaker_lock","2026-04-28T18:59:34.323Z","69f1033ce4b9116877902a7d","2026-04-28T18:58:04.105000","2026-04-28T18:59:35.128000","service_eb508f39-ce3d-4391-bb12-d4211c02ede9","false"
"1777402774323","matchmaker_lastTickAt","2026-04-28T18:59:34.323Z","69f10337b5eaeb296090dcbe","2026-04-28T18:57:59.168000","2026-04-28T18:59:35.330000","service_eb508f39-ce3d-4391-bb12-d4211c02ede9","false"
"1777402680866","matchmaker_lock","2026-04-28T18:57:58.366Z","69f10336a71a0ce0d47f9e45","2026-04-28T18:57:58.954000","2026-04-28T18:57:58.954000","service_eb508f39-ce3d-4391-bb12-d4211c02ede9","false"
"1777402676333","matchmaker_lastTickAt","2026-04-28T18:57:56.333Z","69f10335162475de29c7e79b","2026-04-28T18:57:57.101000","2026-04-28T18:57:57.101000","service_eb508f39-ce3d-4391-bb12-d4211c02ede9","false"
"1777402678833","matchmaker_lock","2026-04-28T18:57:56.333Z","69f10334d8887c888c341f15","2026-04-28T18:57:56.931000","2026-04-28T18:57:56.931000","service_eb508f39-ce3d-4391-bb12-d4211c02ede9","false"
"1777402669628","matchmaker_lastTickAt","2026-04-28T18:57:49.628Z","69f10320883eb1e0acd690b1","2026-04-28T18:57:36.060000","2026-04-28T18:57:50.623000","service_eb508f39-ce3d-4391-bb12-d4211c02ede9","false"
"1777402650438","matchmaker_lastTickAt","2026-04-28T18:57:30.438Z","69f1031bfdc02763f1e6c3c3","2026-04-28T18:57:31.285000","2026-04-28T18:57:31.285000","service_eb508f39-ce3d-4391-bb12-d4211c02ede9","false"
"1777402672128","matchmaker_lock","2026-04-28T18:57:49.628Z","69f1031b6167a309dc4ddd20","2026-04-28T18:57:31.036000","2026-04-28T18:57:50.338000","service_eb508f39-ce3d-4391-bb12-d4211c02ede9","false"
"1777402648288","matchmaker_lastTickAt","2026-04-28T18:57:28.288Z","69f103191d012461fd0c11e7","2026-04-28T18:57:29.040000","2026-04-28T18:57:29.040000","service_eb508f39-ce3d-4391-bb12-d4211c02ede9","false"
"1777402650788","matchmaker_lock","2026-04-28T18:57:28.288Z","69f10318b532fd66557a147a","2026-04-28T18:57:28.846000","2026-04-28T18:57:28.846000","service_eb508f39-ce3d-4391-bb12-d4211c02ede9","false"
"1777402641342","matchmaker_lastTickAt","2026-04-28T18:57:21.342Z","69f0c6c15bd5417d5159b3a3","2026-04-28T14:40:01.702000","2026-04-28T18:57:22.257000","service_eb508f39-ce3d-4391-bb12-d4211c02ede9","false"
"1777402643842","matchmaker_lock","2026-04-28T18:57:21.342Z","69f0c6c170426f571bc63c14","2026-04-28T14:40:01.506000","2026-04-28T18:57:22.049000","service_eb508f39-ce3d-4391-bb12-d4211c02ede9","false"
"1777387198901","matchmaker_lastTickAt","2026-04-28T14:39:58.901Z","69f0c6bf7b34a34fe62cbd14","2026-04-28T14:39:59.700000","2026-04-28T14:39:59.700000","service_eb508f39-ce3d-4391-bb12-d4211c02ede9","false"
"1777387201401","matchmaker_lock","2026-04-28T14:39:58.901Z","69f0c6bfd73808c55bf4e6c7","2026-04-28T14:39:59.509000","2026-04-28T14:39:59.509000","service_eb508f39-ce3d-4391-bb12-d4211c02ede9","false"
"1777387193865","matchmaker_lastTickAt","2026-04-28T14:39:53.865Z","69f0c6ba45230fc8d3cab74d","2026-04-28T14:39:54.562000","2026-04-28T14:39:54.562000","service_eb508f39-ce3d-4391-bb12-d4211c02ede9","false"
"1777387196365","matchmaker_lock","2026-04-28T14:39:53.865Z","69f0c6ba562f92acdafed75b","2026-04-28T14:39:54.371000","2026-04-28T14:39:54.371000","service_eb508f39-ce3d-4391-bb12-d4211c02ede9","false"
"1777387191944","matchmaker_lastTickAt","2026-04-28T14:39:51.944Z","69f0c6b97c1e4da6e171aea1","2026-04-28T14:39:53.071000","2026-04-28T14:39:53.071000","service_eb508f39-ce3d-4391-bb12-d4211c02ede9","false"
"1777387194444","matchmaker_lock","2026-04-28T14:39:51.944Z","69f0c6b8d2465ce451614e28","2026-04-28T14:39:52.811000","2026-04-28T14:39:52.811000","service_eb508f39-ce3d-4391-bb12-d4211c02ede9","false"
"1777387185049","matchmaker_lastTickAt","2026-04-28T14:39:45.049Z","69f0c682c1753c6354a1fbd2","2026-04-28T14:38:58.845000","2026-04-28T14:39:46.911000","service_eb508f39-ce3d-4391-bb12-d4211c02ede9","false"
"1777387187549","matchmaker_lock","2026-04-28T14:39:45.049Z","69f0c68246385bc08438f6e4","2026-04-28T14:38:58.576000","2026-04-28T14:39:46.025000","service_eb508f39-ce3d-4391-bb12-d4211c02ede9","false"
"1777387135899","matchmaker_lastTickAt","2026-04-28T14:38:55.899Z","69f0c680193e63a97d2da521","2026-04-28T14:38:56.912000","2026-04-28T14:38:56.912000","service_eb508f39-ce3d-4391-bb12-d4211c02ede9","false"
"1777387138399","matchmaker_lock","2026-04-28T14:38:55.899Z","69f0c680396ab10132de4a38","2026-04-28T14:38:56.596000","2026-04-28T14:38:56.596000","service_eb508f39-ce3d-4391-bb12-d4211c02ede9","false"
"1777387130968","matchmaker_lastTickAt","2026-04-28T14:38:50.968Z","69f0c67bf2eab437109f64a0","2026-04-28T14:38:51.961000","2026-04-28T14:38:51.961000","service_eb508f39-ce3d-4391-bb12-d4211c02ede9","false"
"1777387133468","matchmaker_lock","2026-04-28T14:38:50.968Z","69f0c67b78657d25d8c47e4b","2026-04-28T14:38:51.784000","2026-04-28T14:38:51.784000","service_eb508f39-ce3d-4391-bb12-d4211c02ede9","false"
"1777387129293","matchmaker_lastTickAt","2026-04-28T14:38:49.293Z","69f0c67a6991530291451ce1","2026-04-28T14:38:50.450000","2026-04-28T14:38:50.450000","service_eb508f39-ce3d-4391-bb12-d4211c02ede9","false"
"1777387131793","matchmaker_lock","2026-04-28T14:38:49.293Z","69f0c67ab788a09e3b3f2ad6","2026-04-28T14:38:50.243000","2026-04-28T14:38:50.243000","service_eb508f39-ce3d-4391-bb12-d4211c02ede9","false"
"1777387123951","matchmaker_lastTickAt","2026-04-28T14:38:43.951Z","69f0c67478657d25d8c47e47","2026-04-28T14:38:44.722000","2026-04-28T14:38:44.722000","service_eb508f39-ce3d-4391-bb12-d4211c02ede9","false"
"1777387126451","matchmaker_lock","2026-04-28T14:38:43.951Z","69f0c674854bf18bc4433c11","2026-04-28T14:38:44.492000","2026-04-28T14:38:44.492000","service_eb508f39-ce3d-4391-bb12-d4211c02ede9","false"
"1777387121940","matchmaker_lastTickAt","2026-04-28T14:38:41.940Z","69f0c6738d0f9b853c687e38","2026-04-28T14:38:43.007000","2026-04-28T14:38:43.007000","service_eb508f39-ce3d-4391-bb12-d4211c02ede9","false"
"1777387124440","matchmaker_lock","2026-04-28T14:38:41.940Z","69f0c672ac86b20de83a3035","2026-04-28T14:38:42.700000","2026-04-28T14:38:42.700000","service_eb508f39-ce3d-4391-bb12-d4211c02ede9","false"
"1777387117084","matchmaker_lastTickAt","2026-04-28T14:38:37.084Z","69f0c66e89fd66a2b7303dbe","2026-04-28T14:38:38.110000","2026-04-28T14:38:38.110000","service_eb508f39-ce3d-4391-bb12-d4211c02ede9","false"
"1777387119584","matchmaker_lock","2026-04-28T14:38:37.084Z","69f0c66d913fcda585550a53","2026-04-28T14:38:37.761000","2026-04-28T14:38:37.761000","service_eb508f39-ce3d-4391-bb12-d4211c02ede9","false"
"1777387115304","matchmaker_lastTickAt","2026-04-28T14:38:35.304Z","69f0c66dbe1ac90dd8ae1348","2026-04-28T14:38:37.136000","2026-04-28T14:38:37.136000","service_eb508f39-ce3d-4391-bb12-d4211c02ede9","false"
"1777387117804","matchmaker_lock","2026-04-28T14:38:35.304Z","69f0c66cd235c207ae938b33","2026-04-28T14:38:36.559000","2026-04-28T14:38:36.559000","service_eb508f39-ce3d-4391-bb12-d4211c02ede9","false"
"1777387108040","matchmaker_lastTickAt","2026-04-28T14:38:28.040Z","69e8b9f410fd6533e60602e3","2026-04-22T12:07:16.392000","2026-04-28T14:38:29.225000","service_eb508f39-ce3d-4391-bb12-d4211c02ede9","false"
"1777387110540","matchmaker_lock","2026-04-28T14:38:28.040Z","69e8b9f46fab8c880efd2e92","2026-04-22T12:07:16.210000","2026-04-28T14:38:28.938000","service_eb508f39-ce3d-4391-bb12-d4211c02ede9","false"
"1776859635139","matchmaker_lastTickAt","2026-04-22T12:07:15.139Z","69e8b9f358fe280c8f21f236","2026-04-22T12:07:15.808000","2026-04-22T12:07:15.808000","service_eb508f39-ce3d-4391-bb12-d4211c02ede9","false"
"1776859637639","matchmaker_lock","2026-04-22T12:07:15.139Z","69e8b9f343465a400a5aef98","2026-04-22T12:07:15.651000","2026-04-22T12:07:15.651000","service_eb508f39-ce3d-4391-bb12-d4211c02ede9","false"
"1776859628161","matchmaker_lastTickAt","2026-04-22T12:07:08.161Z","69e8b9e6a86407e832178c7a","2026-04-22T12:07:02.015000","2026-04-22T12:07:09.081000","service_eb508f39-ce3d-4391-bb12-d4211c02ede9","false"
"1776859630661","matchmaker_lock","2026-04-22T12:07:08.161Z","69e8b9e5aa28608864067ccf","2026-04-22T12:07:01.858000","2026-04-22T12:07:08.911000","service_eb508f39-ce3d-4391-bb12-d4211c02ede9","false"
"1776859620986","matchmaker_lastTickAt","2026-04-22T12:07:00.986Z","69e8b9e532c9cb50e17bbe83","2026-04-22T12:07:01.782000","2026-04-22T12:07:01.782000","service_eb508f39-ce3d-4391-bb12-d4211c02ede9","false"
"1776859623486","matchmaker_lock","2026-04-22T12:07:00.986Z","69e8b9e549caaad2362f1dc5","2026-04-22T12:07:01.557000","2026-04-22T12:07:01.557000","service_eb508f39-ce3d-4391-bb12-d4211c02ede9","false"
"1776859614414","matchmaker_lastTickAt","2026-04-22T12:06:54.414Z","69e8b9df3986d1b85e8e5f9a","2026-04-22T12:06:55.133000","2026-04-22T12:06:55.133000","service_eb508f39-ce3d-4391-bb12-d4211c02ede9","false"
"1776859616914","matchmaker_lock","2026-04-22T12:06:54.414Z","69e8b9de04cf01fe1dcc14c3","2026-04-22T12:06:54.943000","2026-04-22T12:06:54.943000","service_eb508f39-ce3d-4391-bb12-d4211c02ede9","false"
"1776859614065","matchmaker_lastTickAt","2026-04-22T12:06:54.065Z","69e8b9deceff6afdd937e407","2026-04-22T12:06:54.746000","2026-04-22T12:06:54.746000","service_eb508f39-ce3d-4391-bb12-d4211c02ede9","false"
"1776859616565","matchmaker_lock","2026-04-22T12:06:54.065Z","69e8b9de788dc52ac50cf50f","2026-04-22T12:06:54.580000","2026-04-22T12:06:54.580000","service_eb508f39-ce3d-4391-bb12-d4211c02ede9","false"
"1776859609995","matchmaker_lock","2026-04-22T12:06:47.495Z","69e61a476d9acfbaa83425fc","2026-04-20T12:21:27.401000","2026-04-22T12:06:48.173000","service_eb508f39-ce3d-4391-bb12-d4211c02ede9","false"
"1776859607495","matchmaker_lastTickAt","2026-04-22T12:06:47.495Z","69e61a37b10d73b5829864bb","2026-04-20T12:21:11.453000","2026-04-22T12:06:48.389000","service_eb508f39-ce3d-4391-bb12-d4211c02ede9","false"
"1776687687426","matchmaker_lock","2026-04-20T12:21:24.926Z","69e61a3795765e7098b37349","2026-04-20T12:21:11.284000","2026-04-20T12:21:25.815000","service_eb508f39-ce3d-4391-bb12-d4211c02ede9","false"
"1776687667950","matchmaker_lastTickAt","2026-04-20T12:21:07.950Z","69e61a349b0ecec1aeae2dc0","2026-04-20T12:21:08.556000","2026-04-20T12:21:08.556000","service_eb508f39-ce3d-4391-bb12-d4211c02ede9","false"
"1776687670450","matchmaker_lock","2026-04-20T12:21:07.950Z","69e61a3475fad8e49e353203","2026-04-20T12:21:08.386000","2026-04-20T12:21:08.386000","service_eb508f39-ce3d-4391-bb12-d4211c02ede9","false"
"1776687666170","matchmaker_lastTickAt","2026-04-20T12:21:06.170Z","69e61a325a0a299778a71aa2","2026-04-20T12:21:06.931000","2026-04-20T12:21:06.931000","service_eb508f39-ce3d-4391-bb12-d4211c02ede9","false"
"1776687668670","matchmaker_lock","2026-04-20T12:21:06.170Z","69e61a32d5adc7bb1527d61b","2026-04-20T12:21:06.733000","2026-04-20T12:21:06.733000","service_eb508f39-ce3d-4391-bb12-d4211c02ede9","false"
"1776687663826","matchmaker_lastTickAt","2026-04-20T12:21:03.826Z","69e61a3049f790b202d6d53a","2026-04-20T12:21:04.427000","2026-04-20T12:21:04.427000","service_eb508f39-ce3d-4391-bb12-d4211c02ede9","false"
"1776687666326","matchmaker_lock","2026-04-20T12:21:03.826Z","69e61a309c66e8683404355e","2026-04-20T12:21:04.275000","2026-04-20T12:21:04.275000","service_eb508f39-ce3d-4391-bb12-d4211c02ede9","false"
"1776687660880","matchmaker_lastTickAt","2026-04-20T12:21:00.880Z","69e61a2d208a4cc5fe54246f","2026-04-20T12:21:01.665000","2026-04-20T12:21:01.665000","service_eb508f39-ce3d-4391-bb12-d4211c02ede9","false"
"1776687663380","matchmaker_lock","2026-04-20T12:21:00.880Z","69e61a2dea341d85e70d9898","2026-04-20T12:21:01.354000","2026-04-20T12:21:01.354000","service_eb508f39-ce3d-4391-bb12-d4211c02ede9","false"
"1776687658622","matchmaker_lastTickAt","2026-04-20T12:20:58.622Z","69e61a2b9cddd0d7c3b9b2e6","2026-04-20T12:20:59.342000","2026-04-20T12:20:59.342000","service_eb508f39-ce3d-4391-bb12-d4211c02ede9","false"
"1776687661122","matchmaker_lock","2026-04-20T12:20:58.622Z","69e61a2b49f79dabf6fe6d8a","2026-04-20T12:20:59.114000","2026-04-20T12:20:59.114000","service_eb508f39-ce3d-4391-bb12-d4211c02ede9","false"
"1776687656776","matchmaker_lastTickAt","2026-04-20T12:20:56.776Z","69e61a2978ca0210d3d3a0e4","2026-04-20T12:20:57.367000","2026-04-20T12:20:57.367000","service_eb508f39-ce3d-4391-bb12-d4211c02ede9","false"
"1776687659276","matchmaker_lock","2026-04-20T12:20:56.776Z","69e61a294f308834dfceb99f","2026-04-20T12:20:57.213000","2026-04-20T12:20:57.213000","service_eb508f39-ce3d-4391-bb12-d4211c02ede9","false"
"1776687653945","matchmaker_lastTickAt","2026-04-20T12:20:53.945Z","69e61a26cc8f759757609198","2026-04-20T12:20:54.596000","2026-04-20T12:20:54.596000","service_eb508f39-ce3d-4391-bb12-d4211c02ede9","false"
"1776687656445","matchmaker_lock","2026-04-20T12:20:53.945Z","69e61a26ef23bd9b182e9eb4","2026-04-20T12:20:54.424000","2026-04-20T12:20:54.424000","service_eb508f39-ce3d-4391-bb12-d4211c02ede9","false"
"1776687651602","matchmaker_lastTickAt","2026-04-20T12:20:51.602Z","69e61a24ccd669689ff30fae","2026-04-20T12:20:52.395000","2026-04-20T12:20:52.395000","service_eb508f39-ce3d-4391-bb12-d4211c02ede9","false"
"1776687654102","matchmaker_lock","2026-04-20T12:20:51.602Z","69e61a248767eb6b178be001","2026-04-20T12:20:52.117000","2026-04-20T12:20:52.117000","service_eb508f39-ce3d-4391-bb12-d4211c02ede9","false"
"1776687649943","matchmaker_lastTickAt","2026-04-20T12:20:49.943Z","69e61a22748eb2ac5d5fed87","2026-04-20T12:20:50.573000","2026-04-20T12:20:50.573000","service_eb508f39-ce3d-4391-bb12-d4211c02ede9","false"
"1776687652443","matchmaker_lock","2026-04-20T12:20:49.943Z","69e61a2233657e0779c1faaa","2026-04-20T12:20:50.419000","2026-04-20T12:20:50.419000","service_eb508f39-ce3d-4391-bb12-d4211c02ede9","false"
"1776687649405","matchmaker_lock","2026-04-20T12:20:46.905Z","69e61a1fcc8f759757609192","2026-04-20T12:20:47.419000","2026-04-20T12:20:47.419000","service_eb508f39-ce3d-4391-bb12-d4211c02ede9","false"
"1776687646905","matchmaker_lastTickAt","2026-04-20T12:20:46.905Z","69e61a1d190f872c55f7f0f5","2026-04-20T12:20:45.430000","2026-04-20T12:20:47.577000","service_eb508f39-ce3d-4391-bb12-d4211c02ede9","false"
"1776687647172","matchmaker_lock","2026-04-20T12:20:44.672Z","69e61a1d4e89c366263193c4","2026-04-20T12:20:45.234000","2026-04-20T12:20:45.234000","service_eb508f39-ce3d-4391-bb12-d4211c02ede9","false"
"1776687645344","matchmaker_lock","2026-04-20T12:20:42.844Z","69e61a1b25d298368947dd63","2026-04-20T12:20:43.430000","2026-04-20T12:20:43.430000","service_eb508f39-ce3d-4391-bb12-d4211c02ede9","false"
"1776687642427","matchmaker_lock","2026-04-20T12:20:39.927Z","69e61a18d0af878f38762aa7","2026-04-20T12:20:40.537000","2026-04-20T12:20:40.537000","service_eb508f39-ce3d-4391-bb12-d4211c02ede9","false"
"1776687642844","matchmaker_lastTickAt","2026-04-20T12:20:42.844Z","69e61a144e92db006bdae13f","2026-04-20T12:20:36.826000","2026-04-20T12:20:43.592000","service_eb508f39-ce3d-4391-bb12-d4211c02ede9","false"
"1776687638639","matchmaker_lock","2026-04-20T12:20:36.139Z","69e61a14a6f9714bcf045681","2026-04-20T12:20:36.670000","2026-04-20T12:20:36.670000","service_eb508f39-ce3d-4391-bb12-d4211c02ede9","false"
"1776687633414","matchmaker_lock","2026-04-20T12:20:30.914Z","69e61a0fa8be9ba4344a666b","2026-04-20T12:20:31.606000","2026-04-20T12:20:31.606000","service_eb508f39-ce3d-4391-bb12-d4211c02ede9","false"
"1776687630914","matchmaker_lastTickAt","2026-04-20T12:20:30.914Z","69e618b81f04372fe8ff4c15","2026-04-20T12:14:48.957000","2026-04-20T12:20:31.850000","service_eb508f39-ce3d-4391-bb12-d4211c02ede9","false"
"1776687631420","matchmaker_lock","2026-04-20T12:20:28.920Z","69e618b86418e847f3de0a15","2026-04-20T12:14:48.783000","2026-04-20T12:20:29.529000","service_eb508f39-ce3d-4391-bb12-d4211c02ede9","false"
"1776687287799","matchmaker_lastTickAt","2026-04-20T12:14:47.799Z","69e618b8dc2ca43a10bf5f59","2026-04-20T12:14:48.625000","2026-04-20T12:14:48.625000","service_eb508f39-ce3d-4391-bb12-d4211c02ede9","false"
"1776687280818","matchmaker_lastTickAt","2026-04-20T12:14:40.818Z","69e61879e4ea131cbd256c83","2026-04-20T12:13:45.841000","2026-04-20T12:14:43.671000","service_eb508f39-ce3d-4391-bb12-d4211c02ede9","false"
"1776687283318","matchmaker_lock","2026-04-20T12:14:40.818Z","69e618791e3db03f65156f99","2026-04-20T12:13:45.607000","2026-04-20T12:14:43.383000","service_eb508f39-ce3d-4391-bb12-d4211c02ede9","false"
"1776687224783","matchmaker_lastTickAt","2026-04-20T12:13:44.783Z","69e61879ece287bcb76cd036","2026-04-20T12:13:45.523000","2026-04-20T12:13:45.523000","service_eb508f39-ce3d-4391-bb12-d4211c02ede9","false"
"1776687227283","matchmaker_lock","2026-04-20T12:13:44.783Z","69e61879a43bbb4f7cc2796b","2026-04-20T12:13:45.317000","2026-04-20T12:13:45.317000","service_eb508f39-ce3d-4391-bb12-d4211c02ede9","false"
"1776687217765","matchmaker_lastTickAt","2026-04-20T12:13:37.765Z","69e6185d6f199544e6155a6c","2026-04-20T12:13:17.840000","2026-04-20T12:13:38.641000","service_eb508f39-ce3d-4391-bb12-d4211c02ede9","false"
"1776687220265","matchmaker_lock","2026-04-20T12:13:37.765Z","69e6185d84f0af54e1f76c5b","2026-04-20T12:13:17.608000","2026-04-20T12:13:38.456000","service_eb508f39-ce3d-4391-bb12-d4211c02ede9","false"
"1776687194719","matchmaker_lastTickAt","2026-04-20T12:13:14.719Z","69e6185bd1b8befb25858608","2026-04-20T12:13:15.795000","2026-04-20T12:13:15.795000","service_eb508f39-ce3d-4391-bb12-d4211c02ede9","false"
"1776687197219","matchmaker_lock","2026-04-20T12:13:14.719Z","69e6185ba9da765f3906eec8","2026-04-20T12:13:15.553000","2026-04-20T12:13:15.553000","service_eb508f39-ce3d-4391-bb12-d4211c02ede9","false"
"1776687187750","matchmaker_lastTickAt","2026-04-20T12:13:07.750Z","69e61856c56eb0e96ce6a237","2026-04-20T12:13:10.705000","2026-04-20T12:13:10.705000","service_eb508f39-ce3d-4391-bb12-d4211c02ede9","false"
"1776687182916","matchmaker_lastTickAt","2026-04-20T12:13:02.916Z","69e618502975c5a7e15c47cd","2026-04-20T12:13:04.003000","2026-04-20T12:13:04.003000","service_eb508f39-ce3d-4391-bb12-d4211c02ede9","false"
"1776687190250","matchmaker_lock","2026-04-20T12:13:07.750Z","69e6184f683da68f504827df","2026-04-20T12:13:03.725000","2026-04-20T12:13:10.398000","service_eb508f39-ce3d-4391-bb12-d4211c02ede9","false"
"1776687180806","matchmaker_lastTickAt","2026-04-20T12:13:00.806Z","69e59ce377d1ca4754390d82","2026-04-20T03:26:27.200000","2026-04-20T12:13:02.790000","service_eb508f39-ce3d-4391-bb12-d4211c02ede9","false"
"1776687183306","matchmaker_lock","2026-04-20T12:13:00.806Z","69e59ce22cda5b7d9d27c606","2026-04-20T03:26:26.977000","2026-04-20T12:13:02.423000","service_eb508f39-ce3d-4391-bb12-d4211c02ede9","false"
"1776655587481","matchmaker_lock","2026-04-20T03:26:24.981Z","69e59ce1b756f333380d30b0","2026-04-20T03:26:25.615000","2026-04-20T03:26:25.615000","service_eb508f39-ce3d-4391-bb12-d4211c02ede9","false"
"1776655585149","matchmaker_lock","2026-04-20T03:26:22.649Z","69e59cdc4d25b06460265a65","2026-04-20T03:26:20.092000","2026-04-20T03:26:23.575000","service_eb508f39-ce3d-4391-bb12-d4211c02ede9","false"
"1776655580284","matchmaker_lock","2026-04-20T03:26:17.784Z","69e59cda20f8c4f80161ad60","2026-04-20T03:26:18.436000","2026-04-20T03:26:18.436000","service_eb508f39-ce3d-4391-bb12-d4211c02ede9","false"
"1776655584981","matchmaker_lastTickAt","2026-04-20T03:26:24.981Z","69e59cd5676c39d9ae6e494b","2026-04-20T03:26:13.197000","2026-04-20T03:26:25.822000","service_eb508f39-ce3d-4391-bb12-d4211c02ede9","false"
"1776655578244","matchmaker_lock","2026-04-20T03:26:15.744Z","69e59cd4880bbefd71457dd2","2026-04-20T03:26:12.956000","2026-04-20T03:26:16.516000","service_eb508f39-ce3d-4391-bb12-d4211c02ede9","false"
"1776655573198","matchmaker_lock","2026-04-20T03:26:10.698Z","69e59cd305e3ee4a526b3f56","2026-04-20T03:26:11.456000","2026-04-20T03:26:11.456000","service_eb508f39-ce3d-4391-bb12-d4211c02ede9","false"
"1776655571346","matchmaker_lock","2026-04-20T03:26:08.846Z","69e59cd18ca380e0d87446e2","2026-04-20T03:26:09.780000","2026-04-20T03:26:09.780000","service_eb508f39-ce3d-4391-bb12-d4211c02ede9","false"
"1776655567984","matchmaker_lock","2026-04-20T03:26:05.484Z","69e59cce828aaac753e622d2","2026-04-20T03:26:06.228000","2026-04-20T03:26:06.228000","service_eb508f39-ce3d-4391-bb12-d4211c02ede9","false"
"1776655564218","matchmaker_lock","2026-04-20T03:26:01.718Z","69e59c96fa56f463ad02b816","2026-04-20T03:25:10.007000","2026-04-20T03:26:02.794000","service_eb508f39-ce3d-4391-bb12-d4211c02ede9","false"
"1776655570698","matchmaker_lastTickAt","2026-04-20T03:26:10.698Z","69e59c9402786b84f59093fc","2026-04-20T03:25:08.627000","2026-04-20T03:26:11.745000","service_eb508f39-ce3d-4391-bb12-d4211c02ede9","false"
"1776655510246","matchmaker_lock","2026-04-20T03:25:07.746Z","69e59c9492228761cd9d3bb8","2026-04-20T03:25:08.412000","2026-04-20T03:25:08.412000","service_eb508f39-ce3d-4391-bb12-d4211c02ede9","false"
"1776655505654","matchmaker_lastTickAt","2026-04-20T03:25:05.654Z","69e59c92e4ef1de784a36321","2026-04-20T03:25:06.505000","2026-04-20T03:25:06.505000","service_eb508f39-ce3d-4391-bb12-d4211c02ede9","false"
"1776655508154","matchmaker_lock","2026-04-20T03:25:05.654Z","69e59c92ec8e5c2b3aaeb0cf","2026-04-20T03:25:06.276000","2026-04-20T03:25:06.276000","service_eb508f39-ce3d-4391-bb12-d4211c02ede9","false"
"1776655502475","matchmaker_lastTickAt","2026-04-20T03:25:02.475Z","69e59c8f4950ea325f198fb3","2026-04-20T03:25:03.414000","2026-04-20T03:25:03.414000","service_eb508f39-ce3d-4391-bb12-d4211c02ede9","false"
"1776655504975","matchmaker_lock","2026-04-20T03:25:02.475Z","69e59c8f1357e3ecdb002df1","2026-04-20T03:25:03.220000","2026-04-20T03:25:03.220000","service_eb508f39-ce3d-4391-bb12-d4211c02ede9","false"
"1776655501149","matchmaker_lock","2026-04-20T03:24:58.649Z","69e59c84a5c251d28ae2abff","2026-04-20T03:24:52.377000","2026-04-20T03:24:59.598000","service_eb508f39-ce3d-4391-bb12-d4211c02ede9","false"
"1776655498649","matchmaker_lastTickAt","2026-04-20T03:24:58.649Z","69e59c7dfa56f463ad02b80b","2026-04-20T03:24:45.562000","2026-04-20T03:24:59.815000","service_eb508f39-ce3d-4391-bb12-d4211c02ede9","false"
"1776655490903","matchmaker_lock","2026-04-20T03:24:48.403Z","69e59c7db9fdcbe00cbfc603","2026-04-20T03:24:45.311000","2026-04-20T03:24:49.042000","service_eb508f39-ce3d-4391-bb12-d4211c02ede9","false"
"1776655483287","matchmaker_lock","2026-04-20T03:24:40.787Z","69e59c76432657420f9c4d05","2026-04-20T03:24:38.430000","2026-04-20T03:24:41.503000","service_eb508f39-ce3d-4391-bb12-d4211c02ede9","false"
"1776655477045","matchmaker_lock","2026-04-20T03:24:34.545Z","69e59c735061303a37543f60","2026-04-20T03:24:35.177000","2026-04-20T03:24:35.177000","service_eb508f39-ce3d-4391-bb12-d4211c02ede9","false"
"1776655480787","matchmaker_lastTickAt","2026-04-20T03:24:40.787Z","69e59c6c7ce88e80ff4338b1","2026-04-20T03:24:28.188000","2026-04-20T03:24:41.713000","service_eb508f39-ce3d-4391-bb12-d4211c02ede9","false"
"1776655473172","matchmaker_lock","2026-04-20T03:24:30.672Z","69e59c6c68ed4a02ea9d44e0","2026-04-20T03:24:28.021000","2026-04-20T03:24:31.771000","service_eb508f39-ce3d-4391-bb12-d4211c02ede9","false"
"1776655466258","matchmaker_lock","2026-04-20T03:24:23.758Z","69e59c681341121cafc18b77","2026-04-20T03:24:24.561000","2026-04-20T03:24:24.561000","service_eb508f39-ce3d-4391-bb12-d4211c02ede9","false"
"1776655462899","matchmaker_lock","2026-04-20T03:24:20.399Z","69e59c659712cad1bfa42f0a","2026-04-20T03:24:21.002000","2026-04-20T03:24:21.002000","service_eb508f39-ce3d-4391-bb12-d4211c02ede9","false"
"1776655459140","matchmaker_lock","2026-04-20T03:24:16.640Z","69e59c6105ccb7b1f9af9cb4","2026-04-20T03:24:17.329000","2026-04-20T03:24:17.329000","service_eb508f39-ce3d-4391-bb12-d4211c02ede9","false"
"1776655455904","matchmaker_lock","2026-04-20T03:24:13.404Z","69e59c5a9d2e5e9c058a15a1","2026-04-20T03:24:10.428000","2026-04-20T03:24:14.100000","service_eb508f39-ce3d-4391-bb12-d4211c02ede9","false"
"1776655463758","matchmaker_lastTickAt","2026-04-20T03:24:23.758Z","69e59c578bbf5ec4131799c1","2026-04-20T03:24:07.238000","2026-04-20T03:24:24.781000","service_eb508f39-ce3d-4391-bb12-d4211c02ede9","false"
"1776655449009","matchmaker_lock","2026-04-20T03:24:06.509Z","69e59c575f27e32f06980b4e","2026-04-20T03:24:07.019000","2026-04-20T03:24:07.019000","service_eb508f39-ce3d-4391-bb12-d4211c02ede9","false"
"1776655444683","matchmaker_lastTickAt","2026-04-20T03:24:04.683Z","69e59c554f7db9778eb844cb","2026-04-20T03:24:05.443000","2026-04-20T03:24:05.443000","service_eb508f39-ce3d-4391-bb12-d4211c02ede9","false"
"1776655447183","matchmaker_lock","2026-04-20T03:24:04.683Z","69e59c557aeff85e2aa2c230","2026-04-20T03:24:05.246000","2026-04-20T03:24:05.246000","service_eb508f39-ce3d-4391-bb12-d4211c02ede9","false"
"1776655441987","matchmaker_lock","2026-04-20T03:23:59.487Z","69e59c50cf5e009aa61798ea","2026-04-20T03:24:00.083000","2026-04-20T03:24:00.083000","service_eb508f39-ce3d-4391-bb12-d4211c02ede9","false"
"1776655439487","matchmaker_lastTickAt","2026-04-20T03:23:59.487Z","69e59c349dc5d5a6f742243e","2026-04-20T03:23:32.312000","2026-04-20T03:24:00.383000","service_eb508f39-ce3d-4391-bb12-d4211c02ede9","false"
"1776655404517","matchmaker_lastTickAt","2026-04-20T03:23:24.517Z","69e59c2678337f1898cd5c6b","2026-04-20T03:23:18.358000","2026-04-20T03:23:25.430000","service_eb508f39-ce3d-4391-bb12-d4211c02ede9","false"
"1776655440216","matchmaker_lock","2026-04-20T03:23:57.716Z","69e59c14b3c2cca4b701a4bb","2026-04-20T03:23:00.947000","2026-04-20T03:23:58.436000","service_eb508f39-ce3d-4391-bb12-d4211c02ede9","false"
"1776655380312","matchmaker_lastTickAt","2026-04-20T03:23:00.312Z","69e59c0e3fae9e29cb2bb011","2026-04-20T03:22:54.038000","2026-04-20T03:23:01.142000","service_eb508f39-ce3d-4391-bb12-d4211c02ede9","false"
"1776655366868","matchmaker_lastTickAt","2026-04-20T03:22:46.868Z","69e59c0710d8e002ccf32fb6","2026-04-20T03:22:47.650000","2026-04-20T03:22:47.650000","service_eb508f39-ce3d-4391-bb12-d4211c02ede9","false"
"1776655375586","matchmaker_lock","2026-04-20T03:22:53.086Z","69e59c07adb9b748d7c66e27","2026-04-20T03:22:47.433000","2026-04-20T03:22:53.801000","service_eb508f39-ce3d-4391-bb12-d4211c02ede9","false"
"1776655366109","matchmaker_lastTickAt","2026-04-20T03:22:46.109Z","69e59c0631d0994382b1998f","2026-04-20T03:22:46.876000","2026-04-20T03:22:46.876000","service_eb508f39-ce3d-4391-bb12-d4211c02ede9","false"
"1776655368609","matchmaker_lock","2026-04-20T03:22:46.109Z","69e59c06aed106f73d09262f","2026-04-20T03:22:46.658000","2026-04-20T03:22:46.658000","service_eb508f39-ce3d-4391-bb12-d4211c02ede9","false"
"1776655362436","matchmaker_lock","2026-04-20T03:22:39.936Z","69e59c008be21f16d9a864a3","2026-04-20T03:22:40.500000","2026-04-20T03:22:40.500000","service_eb508f39-ce3d-4391-bb12-d4211c02ede9","false"
"1776655359936","matchmaker_lastTickAt","2026-04-20T03:22:39.936Z","69e59bdcc2f8362139efee3d","2026-04-20T03:22:04.975000","2026-04-20T03:22:40.696000","service_eb508f39-ce3d-4391-bb12-d4211c02ede9","false"
"1776655317988","matchmaker_lastTickAt","2026-04-20T03:21:57.988Z","69e59bd67ca384aa96a0e182","2026-04-20T03:21:58.838000","2026-04-20T03:21:58.838000","service_eb508f39-ce3d-4391-bb12-d4211c02ede9","false"
"1776655361641","matchmaker_lock","2026-04-20T03:22:39.141Z","69e59bd6f5ad622227b9cdbe","2026-04-20T03:21:58.600000","2026-04-20T03:22:39.754000","service_eb508f39-ce3d-4391-bb12-d4211c02ede9","false"
"1776655317097","matchmaker_lastTickAt","2026-04-20T03:21:57.097Z","69e59bd514135769c7559dd8","2026-04-20T03:21:57.749000","2026-04-20T03:21:57.749000","service_eb508f39-ce3d-4391-bb12-d4211c02ede9","false"
"1776655319597","matchmaker_lock","2026-04-20T03:21:57.097Z","69e59bd5ce7f4b47e0016e48","2026-04-20T03:21:57.593000","2026-04-20T03:21:57.593000","service_eb508f39-ce3d-4391-bb12-d4211c02ede9","false"
"1776655311014","matchmaker_lastTickAt","2026-04-20T03:21:51.014Z","69e59bcf2c7e4a11247e7dbc","2026-04-20T03:21:51.721000","2026-04-20T03:21:51.721000","service_eb508f39-ce3d-4391-bb12-d4211c02ede9","false"
"1776655313514","matchmaker_lock","2026-04-20T03:21:51.014Z","69e59bcfaf21ebbd5ca8d295","2026-04-20T03:21:51.540000","2026-04-20T03:21:51.540000","service_eb508f39-ce3d-4391-bb12-d4211c02ede9","false"
"1776655312594","matchmaker_lock","2026-04-20T03:21:50.094Z","69e59bceec8e5c2b3aaeb07b","2026-04-20T03:21:50.664000","2026-04-20T03:21:50.664000","service_eb508f39-ce3d-4391-bb12-d4211c02ede9","false"
"1776655310094","matchmaker_lastTickAt","2026-04-20T03:21:50.094Z","69e59bc892228761cd9d387b","2026-04-20T03:21:44.572000","2026-04-20T03:21:50.935000","service_eb508f39-ce3d-4391-bb12-d4211c02ede9","false"
"1776655306420","matchmaker_lock","2026-04-20T03:21:43.920Z","69e59bc8c2f8362139efee33","2026-04-20T03:21:44.397000","2026-04-20T03:21:44.397000","service_eb508f39-ce3d-4391-bb12-d4211c02ede9","false"
"1776655303094","matchmaker_lastTickAt","2026-04-20T03:21:43.094Z","69e59bc7f2dc2f4b98bf8468","2026-04-20T03:21:43.787000","2026-04-20T03:21:43.787000","service_eb508f39-ce3d-4391-bb12-d4211c02ede9","false"
"1776655305594","matchmaker_lock","2026-04-20T03:21:43.094Z","69e59bc768552646346b82a6","2026-04-20T03:21:43.623000","2026-04-20T03:21:43.623000","service_eb508f39-ce3d-4391-bb12-d4211c02ede9","false"
"1776655296988","matchmaker_lastTickAt","2026-04-20T03:21:36.988Z","69e59bc1a5fc2c5421528a3d","2026-04-20T03:21:37.720000","2026-04-20T03:21:37.720000","service_eb508f39-ce3d-4391-bb12-d4211c02ede9","false"
"1776655299488","matchmaker_lock","2026-04-20T03:21:36.988Z","69e59bc108b059845f8f7eef","2026-04-20T03:21:37.529000","2026-04-20T03:21:37.529000","service_eb508f39-ce3d-4391-bb12-d4211c02ede9","false"
"1776655296280","matchmaker_lastTickAt","2026-04-20T03:21:36.280Z","69e59bc17090c7a0ce01733f","2026-04-20T03:21:37.096000","2026-04-20T03:21:37.096000","service_eb508f39-ce3d-4391-bb12-d4211c02ede9","false"
"1776655298780","matchmaker_lock","2026-04-20T03:21:36.280Z","69e59bc02f796ef1f348fd69","2026-04-20T03:21:36.906000","2026-04-20T03:21:36.906000","service_eb508f39-ce3d-4391-bb12-d4211c02ede9","false"
"1776655289970","matchmaker_lastTickAt","2026-04-20T03:21:29.970Z","69e59bbaa86c492d9d540db1","2026-04-20T03:21:30.669000","2026-04-20T03:21:30.669000","service_eb508f39-ce3d-4391-bb12-d4211c02ede9","false"
"1776655292470","matchmaker_lock","2026-04-20T03:21:29.970Z","69e59bbaa2422d9ca0fbe09f","2026-04-20T03:21:30.469000","2026-04-20T03:21:30.469000","service_eb508f39-ce3d-4391-bb12-d4211c02ede9","false"
"1776655289135","matchmaker_lastTickAt","2026-04-20T03:21:29.135Z","69e59bb9ea2c297644a9b9d4","2026-04-20T03:21:29.861000","2026-04-20T03:21:29.861000","service_eb508f39-ce3d-4391-bb12-d4211c02ede9","false"
"1776655291635","matchmaker_lock","2026-04-20T03:21:29.135Z","69e59bb9cd34601cd3a8b54d","2026-04-20T03:21:29.644000","2026-04-20T03:21:29.644000","service_eb508f39-ce3d-4391-bb12-d4211c02ede9","false"
"1776655284724","matchmaker_lock","2026-04-20T03:21:22.224Z","69e58b5bc222c1e5f7197212","2026-04-20T02:11:39.165000","2026-04-20T03:21:22.929000","service_eb508f39-ce3d-4391-bb12-d4211c02ede9","false"
"1776655282224","matchmaker_lastTickAt","2026-04-20T03:21:22.224Z","69e58b542382ea9d8952edd0","2026-04-20T02:11:32.179000","2026-04-20T03:21:23.133000","service_eb508f39-ce3d-4391-bb12-d4211c02ede9","false"
"1776651098115","matchmaker_lock","2026-04-20T02:11:35.615Z","69e58b539e2382fe57a966ca","2026-04-20T02:11:31.991000","2026-04-20T02:11:36.470000","service_eb508f39-ce3d-4391-bb12-d4211c02ede9","false"
"1776651088652","matchmaker_lastTickAt","2026-04-20T02:11:28.652Z","69e58b51198556c0a153a76b","2026-04-20T02:11:29.557000","2026-04-20T02:11:29.557000","service_eb508f39-ce3d-4391-bb12-d4211c02ede9","false"
"1776651091152","matchmaker_lock","2026-04-20T02:11:28.652Z","69e58b5168ed4a02ea9d3c1c","2026-04-20T02:11:29.335000","2026-04-20T02:11:29.335000","service_eb508f39-ce3d-4391-bb12-d4211c02ede9","false"
"1776651089363","matchmaker_lock","2026-04-20T02:11:26.863Z","69e58b4f636edc96b031e280","2026-04-20T02:11:27.812000","2026-04-20T02:11:27.812000","service_eb508f39-ce3d-4391-bb12-d4211c02ede9","false"
"1776651086957","matchmaker_lock","2026-04-20T02:11:24.457Z","69e58b4ca09b2e6a70eaab84","2026-04-20T02:11:24.997000","2026-04-20T02:11:24.997000","service_eb508f39-ce3d-4391-bb12-d4211c02ede9","false"
"1776651084030","matchmaker_lock","2026-04-20T02:11:21.530Z","69e58b4a14ebe9b5694f477d","2026-04-20T02:11:22.633000","2026-04-20T02:11:22.633000","service_eb508f39-ce3d-4391-bb12-d4211c02ede9","false"
"1776651086863","matchmaker_lastTickAt","2026-04-20T02:11:26.863Z","69e58b48f724901be033a812","2026-04-20T02:11:20.648000","2026-04-20T02:11:28.001000","service_eb508f39-ce3d-4391-bb12-d4211c02ede9","false"
"1776651082475","matchmaker_lock","2026-04-20T02:11:19.975Z","69e58b48b33b5160ee7655af","2026-04-20T02:11:20.464000","2026-04-20T02:11:20.464000","service_eb508f39-ce3d-4391-bb12-d4211c02ede9","false"
"1776651077468","matchmaker_lastTickAt","2026-04-20T02:11:17.468Z","69e58b46d081e1d25ec0cee0","2026-04-20T02:11:18.147000","2026-04-20T02:11:18.147000","service_eb508f39-ce3d-4391-bb12-d4211c02ede9","false"
"1776651079968","matchmaker_lock","2026-04-20T02:11:17.468Z","69e58b45de20d9e63d70b994","2026-04-20T02:11:17.974000","2026-04-20T02:11:17.974000","service_eb508f39-ce3d-4391-bb12-d4211c02ede9","false"
"1776651074567","matchmaker_lastTickAt","2026-04-20T02:11:14.567Z","69e58b1edf061d6593b94765","2026-04-20T02:10:38.642000","2026-04-20T02:11:15.808000","service_eb508f39-ce3d-4391-bb12-d4211c02ede9","false"
"1776651077067","matchmaker_lock","2026-04-20T02:11:14.567Z","69e58b1e5f27e32f0697e556","2026-04-20T02:10:38.475000","2026-04-20T02:11:15.519000","service_eb508f39-ce3d-4391-bb12-d4211c02ede9","false"
"1776651035544","matchmaker_lastTickAt","2026-04-20T02:10:35.544Z","69e58b1cfc9e43fd8df08c51","2026-04-20T02:10:36.251000","2026-04-20T02:10:36.251000","service_eb508f39-ce3d-4391-bb12-d4211c02ede9","false"
"1776651038044","matchmaker_lock","2026-04-20T02:10:35.544Z","69e58b1c48140b827365b771","2026-04-20T02:10:36.044000","2026-04-20T02:10:36.044000","service_eb508f39-ce3d-4391-bb12-d4211c02ede9","false"
"1776651035131","matchmaker_lock","2026-04-20T02:10:32.631Z","69e58b192a7b14b7d32e574e","2026-04-20T02:10:33.418000","2026-04-20T02:10:33.418000","service_eb508f39-ce3d-4391-bb12-d4211c02ede9","false"
"1776651032631","matchmaker_lastTickAt","2026-04-20T02:10:32.631Z","69e58b17870ae244191da0cd","2026-04-20T02:10:31.697000","2026-04-20T02:10:33.618000","service_eb508f39-ce3d-4391-bb12-d4211c02ede9","false"
"1776651033419","matchmaker_lock","2026-04-20T02:10:30.919Z","69e58b179bf67aa615a87eef","2026-04-20T02:10:31.486000","2026-04-20T02:10:31.486000","service_eb508f39-ce3d-4391-bb12-d4211c02ede9","false"
"1776651028535","matchmaker_lastTickAt","2026-04-20T02:10:28.535Z","69e58b15149bf69632c85931","2026-04-20T02:10:29.357000","2026-04-20T02:10:29.357000","service_eb508f39-ce3d-4391-bb12-d4211c02ede9","false"
"1776651031035","matchmaker_lock","2026-04-20T02:10:28.535Z","69e58b15894cea9a34f8d5fd","2026-04-20T02:10:29.135000","2026-04-20T02:10:29.135000","service_eb508f39-ce3d-4391-bb12-d4211c02ede9","false"
"1776651025568","matchmaker_lastTickAt","2026-04-20T02:10:25.568Z","69e58b122f796ef1f348daf3","2026-04-20T02:10:26.514000","2026-04-20T02:10:26.514000","service_eb508f39-ce3d-4391-bb12-d4211c02ede9","false"
"1776651028068","matchmaker_lock","2026-04-20T02:10:25.568Z","69e58b0ebc1a1978d62cca68","2026-04-20T02:10:22.174000","2026-04-20T02:10:26.276000","service_eb508f39-ce3d-4391-bb12-d4211c02ede9","false"
"1776651021528","matchmaker_lastTickAt","2026-04-20T02:10:21.528Z","69e58b0b3c399ac82b5f8cf1","2026-04-20T02:10:19.347000","2026-04-20T02:10:22.380000","service_eb508f39-ce3d-4391-bb12-d4211c02ede9","false"
"1776651021123","matchmaker_lock","2026-04-20T02:10:18.623Z","69e58b0b55a9b693286af39b","2026-04-20T02:10:19.159000","2026-04-20T02:10:19.159000","service_eb508f39-ce3d-4391-bb12-d4211c02ede9","false"
"1776651014597","matchmaker_lastTickAt","2026-04-20T02:10:14.597Z","69e58b0795ffd8e2490502a9","2026-04-20T02:10:15.829000","2026-04-20T02:10:15.829000","service_eb508f39-ce3d-4391-bb12-d4211c02ede9","false"
"1776651017097","matchmaker_lock","2026-04-20T02:10:14.597Z","69e58b077a72c2fa0e2753cb","2026-04-20T02:10:15.641000","2026-04-20T02:10:15.641000","service_eb508f39-ce3d-4391-bb12-d4211c02ede9","false"
"1776651011574","matchmaker_lastTickAt","2026-04-20T02:10:11.574Z","69e58b007c0eded86480d8bf","2026-04-20T02:10:08.266000","2026-04-20T02:10:12.740000","service_eb508f39-ce3d-4391-bb12-d4211c02ede9","false"
"1776651014074","matchmaker_lock","2026-04-20T02:10:11.574Z","69e58b00c33979a1dfa597ab","2026-04-20T02:10:08.082000","2026-04-20T02:10:12.502000","service_eb508f39-ce3d-4391-bb12-d4211c02ede9","false"
"1776651007025","matchmaker_lock","2026-04-20T02:10:04.525Z","69e58ab2880bbefd71456634","2026-04-20T02:08:50.987000","2026-04-20T02:10:06.825000","service_eb508f39-ce3d-4391-bb12-d4211c02ede9","false"
"1776651004525","matchmaker_lastTickAt","2026-04-20T02:10:04.525Z","69e58a83c757650eb000fb1d","2026-04-20T02:08:03.176000","2026-04-20T02:10:06.993000","service_eb508f39-ce3d-4391-bb12-d4211c02ede9","false"
"1776650926049","matchmaker_lock","2026-04-20T02:08:43.549Z","69e58a8214bc007e4ae575e4","2026-04-20T02:08:02.962000","2026-04-20T02:08:44.237000","service_eb508f39-ce3d-4391-bb12-d4211c02ede9","false"
"1776650881070","matchmaker_lastTickAt","2026-04-20T02:08:01.070Z","69e58a75b3c2cca4b7018d63","2026-04-20T02:07:49.084000","2026-04-20T02:08:02.062000","service_eb508f39-ce3d-4391-bb12-d4211c02ede9","false"
"1776650883570","matchmaker_lock","2026-04-20T02:08:01.070Z","69e58a74490efa655c954d92","2026-04-20T02:07:48.848000","2026-04-20T02:08:01.835000","service_eb508f39-ce3d-4391-bb12-d4211c02ede9","false"
"1776650867499","matchmaker_lastTickAt","2026-04-20T02:07:47.499Z","69e58a74353fef1747d91358","2026-04-20T02:07:48.146000","2026-04-20T02:07:48.146000","service_eb508f39-ce3d-4391-bb12-d4211c02ede9","false"
"1776650869999","matchmaker_lock","2026-04-20T02:07:47.499Z","69e58a73d7d5ebd74dd54657","2026-04-20T02:07:47.978000","2026-04-20T02:07:47.978000","service_eb508f39-ce3d-4391-bb12-d4211c02ede9","false"
"1776650867056","matchmaker_lastTickAt","2026-04-20T02:07:47.056Z","69e58a734644f99bbc292eb2","2026-04-20T02:07:47.909000","2026-04-20T02:07:47.909000","service_eb508f39-ce3d-4391-bb12-d4211c02ede9","false"
"1776650869556","matchmaker_lock","2026-04-20T02:07:47.056Z","69e58a738a998e96b17bc22d","2026-04-20T02:07:47.689000","2026-04-20T02:07:47.689000","service_eb508f39-ce3d-4391-bb12-d4211c02ede9","false"
"1776650861339","matchmaker_lastTickAt","2026-04-20T02:07:41.339Z","69e58a6efc9e43fd8df08bcc","2026-04-20T02:07:42.120000","2026-04-20T02:07:42.120000","service_eb508f39-ce3d-4391-bb12-d4211c02ede9","false"
"1776650863839","matchmaker_lock","2026-04-20T02:07:41.339Z","69e58a6de614bdd87719fdcf","2026-04-20T02:07:41.910000","2026-04-20T02:07:41.910000","service_eb508f39-ce3d-4391-bb12-d4211c02ede9","false"
"1776650860534","matchmaker_lastTickAt","2026-04-20T02:07:40.534Z","69e58a6d880bbefd71456625","2026-04-20T02:07:41.244000","2026-04-20T02:07:41.244000","service_eb508f39-ce3d-4391-bb12-d4211c02ede9","false"
"1776650863034","matchmaker_lock","2026-04-20T02:07:40.534Z","69e58a6dfc86945b869f8ec1","2026-04-20T02:07:41.064000","2026-04-20T02:07:41.064000","service_eb508f39-ce3d-4391-bb12-d4211c02ede9","false"
"1776650862623","matchmaker_lock","2026-04-20T02:07:40.123Z","69e58a6c84bb2466b089327e","2026-04-20T02:07:40.755000","2026-04-20T02:07:40.755000","service_eb508f39-ce3d-4391-bb12-d4211c02ede9","false"
"1776650860123","matchmaker_lastTickAt","2026-04-20T02:07:40.123Z","69e58a66b33b5160ee765483","2026-04-20T02:07:34.989000","2026-04-20T02:07:40.997000","service_eb508f39-ce3d-4391-bb12-d4211c02ede9","false"
"1776650856753","matchmaker_lock","2026-04-20T02:07:34.253Z","69e58a66c71823595dfb4615","2026-04-20T02:07:34.811000","2026-04-20T02:07:34.811000","service_eb508f39-ce3d-4391-bb12-d4211c02ede9","false"
"1776650853548","matchmaker_lastTickAt","2026-04-20T02:07:33.548Z","69e58a6601acd0ed78be5cbd","2026-04-20T02:07:34.162000","2026-04-20T02:07:34.162000","service_eb508f39-ce3d-4391-bb12-d4211c02ede9","false"
"1776650856048","matchmaker_lock","2026-04-20T02:07:33.548Z","69e58a6555a9b693286af304","2026-04-20T02:07:33.978000","2026-04-20T02:07:33.978000","service_eb508f39-ce3d-4391-bb12-d4211c02ede9","false"
"1776650855490","matchmaker_lock","2026-04-20T02:07:32.990Z","69e58a5f9e2382fe57a96675","2026-04-20T02:07:27.956000","2026-04-20T02:07:33.686000","service_eb508f39-ce3d-4391-bb12-d4211c02ede9","false"
"1776650849069","matchmaker_lock","2026-04-20T02:07:26.569Z","69e58a5f3cd932f9cd766319","2026-04-20T02:07:27.238000","2026-04-20T02:07:27.238000","service_eb508f39-ce3d-4391-bb12-d4211c02ede9","false"
"1776650848519","matchmaker_lock","2026-04-20T02:07:26.019Z","69e58a3c7409f6c6d0c25a6b","2026-04-20T02:06:52.896000","2026-04-20T02:07:26.676000","service_eb508f39-ce3d-4391-bb12-d4211c02ede9","false"
"1776650852990","matchmaker_lastTickAt","2026-04-20T02:07:32.990Z","69e58a36dd7167af60a0c266","2026-04-20T02:06:46.149000","2026-04-20T02:07:33.860000","service_eb508f39-ce3d-4391-bb12-d4211c02ede9","false"
"1776650813477","matchmaker_lock","2026-04-20T02:06:50.977Z","69e58a358698a8b70a056ef2","2026-04-20T02:06:45.970000","2026-04-20T02:06:51.686000","service_eb508f39-ce3d-4391-bb12-d4211c02ede9","false"
"1776650804475","matchmaker_lastTickAt","2026-04-20T02:06:44.475Z","69e58a357c0eded86480d820","2026-04-20T02:06:45.117000","2026-04-20T02:06:45.117000","service_eb508f39-ce3d-4391-bb12-d4211c02ede9","false"
"1776650806975","matchmaker_lock","2026-04-20T02:06:44.475Z","69e58a349b2d7afea3f7be6f","2026-04-20T02:06:44.962000","2026-04-20T02:06:44.962000","service_eb508f39-ce3d-4391-bb12-d4211c02ede9","false"
"1776650804038","matchmaker_lastTickAt","2026-04-20T02:06:44.038Z","69e58a34221b3ecdd75cb2de","2026-04-20T02:06:44.679000","2026-04-20T02:06:44.679000","service_eb508f39-ce3d-4391-bb12-d4211c02ede9","false"
"1776650806538","matchmaker_lock","2026-04-20T02:06:44.038Z","69e58a34b6b3de87ba5c8140","2026-04-20T02:06:44.499000","2026-04-20T02:06:44.499000","service_eb508f39-ce3d-4391-bb12-d4211c02ede9","false"
"1776650798358","matchmaker_lastTickAt","2026-04-20T02:06:38.358Z","69e58a2f370f0ad70424a8f5","2026-04-20T02:06:39.091000","2026-04-20T02:06:39.091000","service_eb508f39-ce3d-4391-bb12-d4211c02ede9","false"
"1776650800858","matchmaker_lock","2026-04-20T02:06:38.358Z","69e58a2ea35ac84b68ed1f00","2026-04-20T02:06:38.868000","2026-04-20T02:06:38.868000","service_eb508f39-ce3d-4391-bb12-d4211c02ede9","false"
"1776650797525","matchmaker_lastTickAt","2026-04-20T02:06:37.525Z","69e58a2e6980c2e7aeeca6ed","2026-04-20T02:06:38.411000","2026-04-20T02:06:38.411000","service_eb508f39-ce3d-4391-bb12-d4211c02ede9","false"
"1776650800025","matchmaker_lock","2026-04-20T02:06:37.525Z","69e58a2eaa80f03bf3dc3792","2026-04-20T02:06:38.187000","2026-04-20T02:06:38.187000","service_eb508f39-ce3d-4391-bb12-d4211c02ede9","false"
"1776650797004","matchmaker_lastTickAt","2026-04-20T02:06:37.004Z","69e58a2d68552646346b7625","2026-04-20T02:06:37.918000","2026-04-20T02:06:37.918000","service_eb508f39-ce3d-4391-bb12-d4211c02ede9","false"
"1776650799504","matchmaker_lock","2026-04-20T02:06:37.004Z","69e58a2d234681e21d5c1780","2026-04-20T02:06:37.511000","2026-04-20T02:06:37.511000","service_eb508f39-ce3d-4391-bb12-d4211c02ede9","false"
"1776650792506","matchmaker_lock","2026-04-20T02:06:30.006Z","69e58a21e03756becbea0b3c","2026-04-20T02:06:25.063000","2026-04-20T02:06:30.748000","service_eb508f39-ce3d-4391-bb12-d4211c02ede9","false"
"1776650790006","matchmaker_lastTickAt","2026-04-20T02:06:30.006Z","69e589f71a7e8167073e4836","2026-04-20T02:05:43.154000","2026-04-20T02:06:30.949000","service_eb508f39-ce3d-4391-bb12-d4211c02ede9","false"
"1776650785515","matchmaker_lock","2026-04-20T02:06:23.015Z","69e589f68e7bfe6606918159","2026-04-20T02:05:42.917000","2026-04-20T02:06:23.649000","service_eb508f39-ce3d-4391-bb12-d4211c02ede9","false"
"1776650741478","matchmaker_lastTickAt","2026-04-20T02:05:41.478Z","69e589f65908f5ae172f1340","2026-04-20T02:05:42.301000","2026-04-20T02:05:42.301000","service_eb508f39-ce3d-4391-bb12-d4211c02ede9","false"
"1776650743978","matchmaker_lock","2026-04-20T02:05:41.478Z","69e589f642c245be621a2485","2026-04-20T02:05:42.131000","2026-04-20T02:05:42.131000","service_eb508f39-ce3d-4391-bb12-d4211c02ede9","false"
"1776650735267","matchmaker_lastTickAt","2026-04-20T02:05:35.267Z","69e589f0d2a987589c33b22a","2026-04-20T02:05:36.324000","2026-04-20T02:05:36.324000","service_eb508f39-ce3d-4391-bb12-d4211c02ede9","false"
"1776650737767","matchmaker_lock","2026-04-20T02:05:35.267Z","69e589efb756f333380d0718","2026-04-20T02:05:35.963000","2026-04-20T02:05:35.963000","service_eb508f39-ce3d-4391-bb12-d4211c02ede9","false"
"1776650737215","matchmaker_lock","2026-04-20T02:05:34.715Z","69e589efe304a154a513f3e7","2026-04-20T02:05:35.337000","2026-04-20T02:05:35.337000","service_eb508f39-ce3d-4391-bb12-d4211c02ede9","false"
"1776650734715","matchmaker_lastTickAt","2026-04-20T02:05:34.715Z","69e589e277d1ca475438dcc7","2026-04-20T02:05:22.074000","2026-04-20T02:05:35.537000","service_eb508f39-ce3d-4391-bb12-d4211c02ede9","false"
"1776650730009","matchmaker_lock","2026-04-20T02:05:27.509Z","69e589e11c10eb00c579d56c","2026-04-20T02:05:21.870000","2026-04-20T02:05:28.279000","service_eb508f39-ce3d-4391-bb12-d4211c02ede9","false"
"1776650720468","matchmaker_lastTickAt","2026-04-20T02:05:20.468Z","69e589e105e3ee4a526b0be5","2026-04-20T02:05:21.155000","2026-04-20T02:05:21.155000","service_eb508f39-ce3d-4391-bb12-d4211c02ede9","false"
"1776650722968","matchmaker_lock","2026-04-20T02:05:20.468Z","69e589e08e48bf1e7e0c12c1","2026-04-20T02:05:20.959000","2026-04-20T02:05:20.959000","service_eb508f39-ce3d-4391-bb12-d4211c02ede9","false"
"1776650714535","matchmaker_lastTickAt","2026-04-20T02:05:14.535Z","69e589db3b70d72b80a76b83","2026-04-20T02:05:15.591000","2026-04-20T02:05:15.591000","service_eb508f39-ce3d-4391-bb12-d4211c02ede9","false"
"1776650717035","matchmaker_lock","2026-04-20T02:05:14.535Z","69e589dba94ba2846b34c825","2026-04-20T02:05:15.344000","2026-04-20T02:05:15.344000","service_eb508f39-ce3d-4391-bb12-d4211c02ede9","false"
"1776650713617","matchmaker_lastTickAt","2026-04-20T02:05:13.617Z","69e589dac2f8362139efc9b4","2026-04-20T02:05:14.341000","2026-04-20T02:05:14.341000","service_eb508f39-ce3d-4391-bb12-d4211c02ede9","false"
"1776650716117","matchmaker_lock","2026-04-20T02:05:13.617Z","69e589dade20d9e63d70b93d","2026-04-20T02:05:14.162000","2026-04-20T02:05:14.162000","service_eb508f39-ce3d-4391-bb12-d4211c02ede9","false"
"1776650707653","matchmaker_lastTickAt","2026-04-20T02:05:07.653Z","69e589d4ca90f6a9f99cba6f","2026-04-20T02:05:08.725000","2026-04-20T02:05:08.725000","service_eb508f39-ce3d-4391-bb12-d4211c02ede9","false"
"1776650710153","matchmaker_lock","2026-04-20T02:05:07.653Z","69e589d46e51b067050e4cc7","2026-04-20T02:05:08.464000","2026-04-20T02:05:08.464000","service_eb508f39-ce3d-4391-bb12-d4211c02ede9","false"
"1776650700579","matchmaker_lastTickAt","2026-04-20T02:05:00.579Z","69e588a7d19bbddce41706f0","2026-04-20T02:00:07.368000","2026-04-20T02:05:01.601000","service_eb508f39-ce3d-4391-bb12-d4211c02ede9","false"
"1776650703079","matchmaker_lock","2026-04-20T02:05:00.579Z","69e588a7a5c251d28ae29cc9","2026-04-20T02:00:07.139000","2026-04-20T02:05:01.317000","service_eb508f39-ce3d-4391-bb12-d4211c02ede9","false"
"1776650404775","matchmaker_lastTickAt","2026-04-20T02:00:04.775Z","69e588a56e7b061e6a83c7ce","2026-04-20T02:00:05.650000","2026-04-20T02:00:05.650000","service_eb508f39-ce3d-4391-bb12-d4211c02ede9","false"
"1776650407275","matchmaker_lock","2026-04-20T02:00:04.775Z","69e588a5c58a808496f9b6ca","2026-04-20T02:00:05.459000","2026-04-20T02:00:05.459000","service_eb508f39-ce3d-4391-bb12-d4211c02ede9","false"
"1776650403614","matchmaker_lastTickAt","2026-04-20T02:00:03.614Z","69e588a0be7113ae1c3b9f25","2026-04-20T02:00:00.260000","2026-04-20T02:00:04.495000","service_eb508f39-ce3d-4391-bb12-d4211c02ede9","false"
"1776650406114","matchmaker_lock","2026-04-20T02:00:03.614Z","69e588a006ddbc1097a31167","2026-04-20T02:00:00.066000","2026-04-20T02:00:04.277000","service_eb508f39-ce3d-4391-bb12-d4211c02ede9","false"
"1776650396680","matchmaker_lastTickAt","2026-04-20T01:59:56.680Z","69e58899bc1a1978d62cc756","2026-04-20T01:59:53.327000","2026-04-20T01:59:57.909000","service_eb508f39-ce3d-4391-bb12-d4211c02ede9","false"
"1776650399180","matchmaker_lock","2026-04-20T01:59:56.680Z","69e58899297efcf15edb0e30","2026-04-20T01:59:53.144000","2026-04-20T01:59:57.422000","service_eb508f39-ce3d-4391-bb12-d4211c02ede9","false"
"1776650391710","matchmaker_lastTickAt","2026-04-20T01:59:51.710Z","69e588987843e566912e80eb","2026-04-20T01:59:52.419000","2026-04-20T01:59:52.419000","service_eb508f39-ce3d-4391-bb12-d4211c02ede9","false"
"1776650394210","matchmaker_lock","2026-04-20T01:59:51.710Z","69e58898ba06f670cd37bd93","2026-04-20T01:59:52.237000","2026-04-20T01:59:52.237000","service_eb508f39-ce3d-4391-bb12-d4211c02ede9","false"
"1776650389617","matchmaker_lastTickAt","2026-04-20T01:59:49.617Z","69e58896e1e3e038cb9085fd","2026-04-20T01:59:50.324000","2026-04-20T01:59:50.324000","service_eb508f39-ce3d-4391-bb12-d4211c02ede9","false"
"1776650392117","matchmaker_lock","2026-04-20T01:59:49.617Z","69e58896663f96c0d750e5be","2026-04-20T01:59:50.131000","2026-04-20T01:59:50.131000","service_eb508f39-ce3d-4391-bb12-d4211c02ede9","false"
"1776650383691","matchmaker_lastTickAt","2026-04-20T01:59:43.691Z","69e588906e51b067050e4c03","2026-04-20T01:59:44.417000","2026-04-20T01:59:44.417000","service_eb508f39-ce3d-4391-bb12-d4211c02ede9","false"
"1776650386191","matchmaker_lock","2026-04-20T01:59:43.691Z","69e58890ec8e5c2b3aae9276","2026-04-20T01:59:44.251000","2026-04-20T01:59:44.251000","service_eb508f39-ce3d-4391-bb12-d4211c02ede9","false"
"1776650383464","matchmaker_lastTickAt","2026-04-20T01:59:43.464Z","69e58890de20d9e63d70b7a0","2026-04-20T01:59:44.172000","2026-04-20T01:59:44.172000","service_eb508f39-ce3d-4391-bb12-d4211c02ede9","false"
"1776650385964","matchmaker_lock","2026-04-20T01:59:43.464Z","69e5888ff724901be033a194","2026-04-20T01:59:43.974000","2026-04-20T01:59:43.974000","service_eb508f39-ce3d-4391-bb12-d4211c02ede9","false"
"1776650385152","matchmaker_lock","2026-04-20T01:59:42.652Z","69e5888fd305b6bb959feea3","2026-04-20T01:59:43.321000","2026-04-20T01:59:43.321000","service_eb508f39-ce3d-4391-bb12-d4211c02ede9","false"
"1776650382652","matchmaker_lastTickAt","2026-04-20T01:59:42.652Z","69e5886ff5424cc51cd0d7f5","2026-04-20T01:59:11.310000","2026-04-20T01:59:43.609000","service_eb508f39-ce3d-4391-bb12-d4211c02ede9","false"
"1776650379963","matchmaker_lock","2026-04-20T01:59:37.463Z","69e5886fb33b5160ee764dec","2026-04-20T01:59:11.102000","2026-04-20T01:59:39.638000","service_eb508f39-ce3d-4391-bb12-d4211c02ede9","false"
"1776650347586","matchmaker_lastTickAt","2026-04-20T01:59:07.586Z","69e58868d305b6bb959fee68","2026-04-20T01:59:04.262000","2026-04-20T01:59:08.551000","service_eb508f39-ce3d-4391-bb12-d4211c02ede9","false"
"1776650350086","matchmaker_lock","2026-04-20T01:59:07.586Z","69e5886827c661889587b69d","2026-04-20T01:59:04.051000","2026-04-20T01:59:08.370000","service_eb508f39-ce3d-4391-bb12-d4211c02ede9","false"
"1776650344169","matchmaker_lock","2026-04-20T01:59:01.669Z","69e588667a72c2fa0e274d9c","2026-04-20T01:59:02.308000","2026-04-20T01:59:02.308000","service_eb508f39-ce3d-4391-bb12-d4211c02ede9","false"
"1776650344073","matchmaker_lock","2026-04-20T01:59:01.573Z","69e58866b750b84a8a511709","2026-04-20T01:59:02.127000","2026-04-20T01:59:02.127000","service_eb508f39-ce3d-4391-bb12-d4211c02ede9","false"
"1776650341669","matchmaker_lastTickAt","2026-04-20T01:59:01.669Z","69e588610605074521558923","2026-04-20T01:58:57.200000","2026-04-20T01:59:02.491000","service_eb508f39-ce3d-4391-bb12-d4211c02ede9","false"
"1776650343047","matchmaker_lock","2026-04-20T01:59:00.547Z","69e58861a10c10d66f9eddd6","2026-04-20T01:58:57.022000","2026-04-20T01:59:01.370000","service_eb508f39-ce3d-4391-bb12-d4211c02ede9","false"
"1776650334668","matchmaker_lastTickAt","2026-04-20T01:58:54.668Z","69e5885f221b3ecdd75caff9","2026-04-20T01:58:55.436000","2026-04-20T01:58:55.436000","service_eb508f39-ce3d-4391-bb12-d4211c02ede9","false"
"1776650334402","matchmaker_lastTickAt","2026-04-20T01:58:54.402Z","69e5885f47ec9004b1163b7a","2026-04-20T01:58:55.191000","2026-04-20T01:58:55.191000","service_eb508f39-ce3d-4391-bb12-d4211c02ede9","false"
"1776650337168","matchmaker_lock","2026-04-20T01:58:54.668Z","69e5885fc61b30fb08a81ba3","2026-04-20T01:58:55.160000","2026-04-20T01:58:55.160000","service_eb508f39-ce3d-4391-bb12-d4211c02ede9","false"
"1776650336902","matchmaker_lock","2026-04-20T01:58:54.402Z","69e5885ff5bd967f1bd1eb50","2026-04-20T01:58:55.024000","2026-04-20T01:58:55.024000","service_eb508f39-ce3d-4391-bb12-d4211c02ede9","false"
"1776650333663","matchmaker_lastTickAt","2026-04-20T01:58:53.663Z","69e58858dac2f70783df3957","2026-04-20T01:58:48.305000","2026-04-20T01:58:54.589000","service_eb508f39-ce3d-4391-bb12-d4211c02ede9","false"
"1776650327557","matchmaker_lastTickAt","2026-04-20T01:58:47.557Z","69e58858828aaac753e6043d","2026-04-20T01:58:48.184000","2026-04-20T01:58:48.184000","service_eb508f39-ce3d-4391-bb12-d4211c02ede9","false"
"1776650336163","matchmaker_lock","2026-04-20T01:58:53.663Z","69e58858440c420acc1d4e1f","2026-04-20T01:58:48.114000","2026-04-20T01:58:54.323000","service_eb508f39-ce3d-4391-bb12-d4211c02ede9","false"
"1776650330057","matchmaker_lock","2026-04-20T01:58:47.557Z","69e588571a925f636cc304c4","2026-04-20T01:58:47.997000","2026-04-20T01:58:47.997000","service_eb508f39-ce3d-4391-bb12-d4211c02ede9","false"
"1776650329203","matchmaker_lock","2026-04-20T01:58:46.703Z","69e5885705e3ee4a526b0568","2026-04-20T01:58:47.289000","2026-04-20T01:58:47.289000","service_eb508f39-ce3d-4391-bb12-d4211c02ede9","false"
"1776650325117","matchmaker_lock","2026-04-20T01:58:42.617Z","69e58853842fd3befb164207","2026-04-20T01:58:43.219000","2026-04-20T01:58:43.219000","service_eb508f39-ce3d-4391-bb12-d4211c02ede9","false"
"1776650326703","matchmaker_lastTickAt","2026-04-20T01:58:46.703Z","69e588514644f99bbc292795","2026-04-20T01:58:41.564000","2026-04-20T01:58:47.499000","service_eb508f39-ce3d-4391-bb12-d4211c02ede9","false"
"1776650323208","matchmaker_lock","2026-04-20T01:58:40.708Z","69e58851a10c10d66f9edda0","2026-04-20T01:58:41.244000","2026-04-20T01:58:41.244000","service_eb508f39-ce3d-4391-bb12-d4211c02ede9","false"
"1776650320455","matchmaker_lastTickAt","2026-04-20T01:58:40.455Z","69e5885131d0994382b180df","2026-04-20T01:58:41.206000","2026-04-20T01:58:41.206000","service_eb508f39-ce3d-4391-bb12-d4211c02ede9","false"
"1776650322955","matchmaker_lock","2026-04-20T01:58:40.455Z","69e58850e0874bcbbf48e580","2026-04-20T01:58:40.986000","2026-04-20T01:58:40.986000","service_eb508f39-ce3d-4391-bb12-d4211c02ede9","false"
"1776650319590","matchmaker_lastTickAt","2026-04-20T01:58:39.590Z","69e5884cd0982d19104f8af0","2026-04-20T01:58:36.433000","2026-04-20T01:58:40.949000","service_eb508f39-ce3d-4391-bb12-d4211c02ede9","false"
"1776650322090","matchmaker_lock","2026-04-20T01:58:39.590Z","69e5884c2745dd4d3021b3b4","2026-04-20T01:58:36.227000","2026-04-20T01:58:40.348000","service_eb508f39-ce3d-4391-bb12-d4211c02ede9","false"
"1776650313738","matchmaker_lastTickAt","2026-04-20T01:58:33.738Z","69e5884a1ba4f49ed4509900","2026-04-20T01:58:34.362000","2026-04-20T01:58:34.362000","service_eb508f39-ce3d-4391-bb12-d4211c02ede9","false"
"1776650316238","matchmaker_lock","2026-04-20T01:58:33.738Z","69e5884ae29f319b6b2599ab","2026-04-20T01:58:34.194000","2026-04-20T01:58:34.194000","service_eb508f39-ce3d-4391-bb12-d4211c02ede9","false"
"1776650313425","matchmaker_lastTickAt","2026-04-20T01:58:33.425Z","69e5884acf5e009aa6176c28","2026-04-20T01:58:34.155000","2026-04-20T01:58:34.155000","service_eb508f39-ce3d-4391-bb12-d4211c02ede9","false"
"1776650315925","matchmaker_lock","2026-04-20T01:58:33.425Z","69e58849e03756becbea09db","2026-04-20T01:58:33.949000","2026-04-20T01:58:33.949000","service_eb508f39-ce3d-4391-bb12-d4211c02ede9","false"
"1776650315205","matchmaker_lock","2026-04-20T01:58:32.705Z","69e588497c0eded86480d3a9","2026-04-20T01:58:33.266000","2026-04-20T01:58:33.266000","service_eb508f39-ce3d-4391-bb12-d4211c02ede9","false"
"1776650312705","matchmaker_lastTickAt","2026-04-20T01:58:32.705Z","69e58845bc678149728bb4b5","2026-04-20T01:58:29.363000","2026-04-20T01:58:33.461000","service_eb508f39-ce3d-4391-bb12-d4211c02ede9","false"
"1776650311107","matchmaker_lock","2026-04-20T01:58:28.607Z","69e5884518d9b9d188a8cd77","2026-04-20T01:58:29.171000","2026-04-20T01:58:29.171000","service_eb508f39-ce3d-4391-bb12-d4211c02ede9","false"
"1776650306669","matchmaker_lastTickAt","2026-04-20T01:58:26.669Z","69e588437a72c2fa0e274d8b","2026-04-20T01:58:27.382000","2026-04-20T01:58:27.382000","service_eb508f39-ce3d-4391-bb12-d4211c02ede9","false"
"1776650306528","matchmaker_lastTickAt","2026-04-20T01:58:26.528Z","69e58843c58a808496f9b66c","2026-04-20T01:58:27.211000","2026-04-20T01:58:27.211000","service_eb508f39-ce3d-4391-bb12-d4211c02ede9","false"
"1776650309169","matchmaker_lock","2026-04-20T01:58:26.669Z","69e5884320f8c4f80161840e","2026-04-20T01:58:27.175000","2026-04-20T01:58:27.175000","service_eb508f39-ce3d-4391-bb12-d4211c02ede9","false"
"1776650309028","matchmaker_lock","2026-04-20T01:58:26.528Z","69e58843e1e3e038cb90857f","2026-04-20T01:58:27.030000","2026-04-20T01:58:27.030000","service_eb508f39-ce3d-4391-bb12-d4211c02ede9","false"
"1776650305814","matchmaker_lastTickAt","2026-04-20T01:58:25.814Z","69e5878d3c399ac82b5f84c7","2026-04-20T01:55:25.130000","2026-04-20T01:58:26.817000","service_eb508f39-ce3d-4391-bb12-d4211c02ede9","false"
"1776650308314","matchmaker_lock","2026-04-20T01:58:25.814Z","69e5878cca90f6a9f99cb6ca","2026-04-20T01:55:24.954000","2026-04-20T01:58:26.629000","service_eb508f39-ce3d-4391-bb12-d4211c02ede9","false"
"1776650126139","matchmaker_lock","2026-04-20T01:55:23.639Z","69e5878cce7f4b47e00149dc","2026-04-20T01:55:24.287000","2026-04-20T01:55:24.287000","service_eb508f39-ce3d-4391-bb12-d4211c02ede9","false"
"1776650123639","matchmaker_lastTickAt","2026-04-20T01:55:23.639Z","69e587863f158a08113c514d","2026-04-20T01:55:18.212000","2026-04-20T01:55:24.533000","service_eb508f39-ce3d-4391-bb12-d4211c02ede9","false"
"1776650119933","matchmaker_lock","2026-04-20T01:55:17.433Z","69e58786b95e2ffd3e4a1a5d","2026-04-20T01:55:18.040000","2026-04-20T01:55:18.040000","service_eb508f39-ce3d-4391-bb12-d4211c02ede9","false"
"1776650116608","matchmaker_lastTickAt","2026-04-20T01:55:16.608Z","69e5876a36f05fc649b0a96b","2026-04-20T01:54:50.207000","2026-04-20T01:55:17.515000","service_eb508f39-ce3d-4391-bb12-d4211c02ede9","false"
"1776650119108","matchmaker_lock","2026-04-20T01:55:16.608Z","69e5876948add065a2192856","2026-04-20T01:54:49.916000","2026-04-20T01:55:17.298000","service_eb508f39-ce3d-4391-bb12-d4211c02ede9","false"
"1776650088667","matchmaker_lastTickAt","2026-04-20T01:54:48.667Z","69e587698d56c48185744bd3","2026-04-20T01:54:49.718000","2026-04-20T01:54:49.718000","service_eb508f39-ce3d-4391-bb12-d4211c02ede9","false"
"1776650091167","matchmaker_lock","2026-04-20T01:54:48.667Z","69e5876999895a6a9ae3efa7","2026-04-20T01:54:49.523000","2026-04-20T01:54:49.523000","service_eb508f39-ce3d-4391-bb12-d4211c02ede9","false"
"1776650082427","matchmaker_lastTickAt","2026-04-20T01:54:42.427Z","69e58763ca90f6a9f99cb66a","2026-04-20T01:54:43.102000","2026-04-20T01:54:43.102000","service_eb508f39-ce3d-4391-bb12-d4211c02ede9","false"
"1776650084927","matchmaker_lock","2026-04-20T01:54:42.427Z","69e587627aeff85e2aa2a3e8","2026-04-20T01:54:42.906000","2026-04-20T01:54:42.906000","service_eb508f39-ce3d-4391-bb12-d4211c02ede9","false"
"1776650081612","matchmaker_lastTickAt","2026-04-20T01:54:41.612Z","69e58762904029fd92798f9d","2026-04-20T01:54:42.222000","2026-04-20T01:54:42.222000","service_eb508f39-ce3d-4391-bb12-d4211c02ede9","false"
"1776650084112","matchmaker_lock","2026-04-20T01:54:41.612Z","69e58762377e791e452b8445","2026-04-20T01:54:42.045000","2026-04-20T01:54:42.045000","service_eb508f39-ce3d-4391-bb12-d4211c02ede9","false"
"1776650010983","matchmaker_lastTickAt","2026-04-20T01:53:30.983Z","69e586f2234681e21d5c1414","2026-04-20T01:52:50.302000","2026-04-20T01:53:31.820000","service_eb508f39-ce3d-4391-bb12-d4211c02ede9","false"
"1776650013483","matchmaker_lock","2026-04-20T01:53:30.983Z","69e586f2544736d7516e3580","2026-04-20T01:52:50.096000","2026-04-20T01:53:31.645000","service_eb508f39-ce3d-4391-bb12-d4211c02ede9","false"
"1776649969040","matchmaker_lastTickAt","2026-04-20T01:52:49.040Z","69e586f107c07ac8ec6c1127","2026-04-20T01:52:49.750000","2026-04-20T01:52:49.750000","service_eb508f39-ce3d-4391-bb12-d4211c02ede9","false"
"1776649971540","matchmaker_lock","2026-04-20T01:52:49.040Z","69e586f134d5373286ac729e","2026-04-20T01:52:49.532000","2026-04-20T01:52:49.532000","service_eb508f39-ce3d-4391-bb12-d4211c02ede9","false"
"1776649962186","matchmaker_lastTickAt","2026-04-20T01:52:42.186Z","69e586ebfc9e43fd8df086ca","2026-04-20T01:52:43.795000","2026-04-20T01:52:43.795000","service_eb508f39-ce3d-4391-bb12-d4211c02ede9","false"
"1776649964686","matchmaker_lock","2026-04-20T01:52:42.186Z","69e586eb18c4cfe6cc251f4d","2026-04-20T01:52:43.611000","2026-04-20T01:52:43.611000","service_eb508f39-ce3d-4391-bb12-d4211c02ede9","false"
"1776649965222","matchmaker_lock","2026-04-20T01:52:42.722Z","69e586eb42c245be621a21e9","2026-04-20T01:52:43.303000","2026-04-20T01:52:43.303000","service_eb508f39-ce3d-4391-bb12-d4211c02ede9","false"
"1776649962722","matchmaker_lastTickAt","2026-04-20T01:52:42.722Z","69e586e498a0a7c67cb2b7a6","2026-04-20T01:52:36.170000","2026-04-20T01:52:43.516000","service_eb508f39-ce3d-4391-bb12-d4211c02ede9","false"
"1776649958068","matchmaker_lock","2026-04-20T01:52:35.568Z","69e586e499fb1c0e44be3362","2026-04-20T01:52:36.011000","2026-04-20T01:52:36.011000","service_eb508f39-ce3d-4391-bb12-d4211c02ede9","false"
"1776649955055","matchmaker_lastTickAt","2026-04-20T01:52:35.055Z","69e586e3b692618b5a4d5e2c","2026-04-20T01:52:35.867000","2026-04-20T01:52:35.867000","service_eb508f39-ce3d-4391-bb12-d4211c02ede9","false"
"1776649957555","matchmaker_lock","2026-04-20T01:52:35.055Z","69e586e3a5fc2c5421527f18","2026-04-20T01:52:35.686000","2026-04-20T01:52:35.686000","service_eb508f39-ce3d-4391-bb12-d4211c02ede9","false"
"1776649948602","matchmaker_lastTickAt","2026-04-20T01:52:28.602Z","69e586dd4d310fa72947dbfb","2026-04-20T01:52:29.288000","2026-04-20T01:52:29.288000","service_eb508f39-ce3d-4391-bb12-d4211c02ede9","false"
"1776649951102","matchmaker_lock","2026-04-20T01:52:28.602Z","69e586dd59d6850bd2a37370","2026-04-20T01:52:29.095000","2026-04-20T01:52:29.095000","service_eb508f39-ce3d-4391-bb12-d4211c02ede9","false"
"1776649948075","matchmaker_lastTickAt","2026-04-20T01:52:28.075Z","69e586dc7409f6c6d0c25909","2026-04-20T01:52:28.775000","2026-04-20T01:52:28.775000","service_eb508f39-ce3d-4391-bb12-d4211c02ede9","false"
"1776649950575","matchmaker_lock","2026-04-20T01:52:28.075Z","69e586dc98e3ab240afba560","2026-04-20T01:52:28.549000","2026-04-20T01:52:28.549000","service_eb508f39-ce3d-4391-bb12-d4211c02ede9","false"
"1776649942872","matchmaker_lastTickAt","2026-04-20T01:52:22.872Z","69e57eb5bc1a1978d62cb7e2","2026-04-20T01:17:41.228000","2026-04-20T01:52:23.825000","service_eb508f39-ce3d-4391-bb12-d4211c02ede9","false"
"1776649945372","matchmaker_lock","2026-04-20T01:52:22.872Z","69e57eb464c3609186afc2d3","2026-04-20T01:17:40.985000","2026-04-20T01:52:23.628000","service_eb508f39-ce3d-4391-bb12-d4211c02ede9","false"
"1776647862427","matchmaker_lock","2026-04-20T01:17:39.927Z","69e57eb4490efa655c95458e","2026-04-20T01:17:40.560000","2026-04-20T01:17:40.560000","service_eb508f39-ce3d-4391-bb12-d4211c02ede9","false"
"1776647859927","matchmaker_lastTickAt","2026-04-20T01:17:39.927Z","69e57eae353fef1747d90c20","2026-04-20T01:17:34.357000","2026-04-20T01:17:40.787000","service_eb508f39-ce3d-4391-bb12-d4211c02ede9","false"
"1776647855932","matchmaker_lock","2026-04-20T01:17:33.432Z","69e57eae77d1ca475438ce9b","2026-04-20T01:17:34.107000","2026-04-20T01:17:34.107000","service_eb508f39-ce3d-4391-bb12-d4211c02ede9","false"
"1776647852857","matchmaker_lastTickAt","2026-04-20T01:17:32.857Z","69e57ead9add213f968474db","2026-04-20T01:17:33.670000","2026-04-20T01:17:33.670000","service_eb508f39-ce3d-4391-bb12-d4211c02ede9","false"
"1776647855357","matchmaker_lock","2026-04-20T01:17:32.857Z","69e57ead4f7db9778eb802b1","2026-04-20T01:17:33.497000","2026-04-20T01:17:33.497000","service_eb508f39-ce3d-4391-bb12-d4211c02ede9","false"
"1776647845873","matchmaker_lastTickAt","2026-04-20T01:17:25.873Z","69e57e7623b7ee072239d2fd","2026-04-20T01:16:38.129000","2026-04-20T01:17:26.778000","service_eb508f39-ce3d-4391-bb12-d4211c02ede9","false"
"1776647848373","matchmaker_lock","2026-04-20T01:17:25.873Z","69e57e758e48bf1e7e0c0554","2026-04-20T01:16:37.921000","2026-04-20T01:17:26.614000","service_eb508f39-ce3d-4391-bb12-d4211c02ede9","false"
"1776647796710","matchmaker_lastTickAt","2026-04-20T01:16:36.710Z","69e57e75ca90f6a9f99cab55","2026-04-20T01:16:37.712000","2026-04-20T01:16:37.712000","service_eb508f39-ce3d-4391-bb12-d4211c02ede9","false"
"1776647799210","matchmaker_lock","2026-04-20T01:16:36.710Z","69e57e75725a5c0d902344b6","2026-04-20T01:16:37.451000","2026-04-20T01:16:37.451000","service_eb508f39-ce3d-4391-bb12-d4211c02ede9","false"
"1776647790357","matchmaker_lastTickAt","2026-04-20T01:16:30.357Z","69e57e6faf2f62a9446e264a","2026-04-20T01:16:31.288000","2026-04-20T01:16:31.288000","service_eb508f39-ce3d-4391-bb12-d4211c02ede9","false"
"1776647792857","matchmaker_lock","2026-04-20T01:16:30.357Z","69e57e6fdb73cad27191c520","2026-04-20T01:16:31.039000","2026-04-20T01:16:31.039000","service_eb508f39-ce3d-4391-bb12-d4211c02ede9","false"
"1776647789795","matchmaker_lastTickAt","2026-04-20T01:16:29.795Z","69e57e6eee2fde3af3291977","2026-04-20T01:16:30.637000","2026-04-20T01:16:30.637000","service_eb508f39-ce3d-4391-bb12-d4211c02ede9","false"
"1776647792295","matchmaker_lock","2026-04-20T01:16:29.795Z","69e57e6e92228761cd9d10ad","2026-04-20T01:16:30.407000","2026-04-20T01:16:30.407000","service_eb508f39-ce3d-4391-bb12-d4211c02ede9","false"
"1776647783465","matchmaker_lastTickAt","2026-04-20T01:16:23.465Z","69e57e68e304a154a513e326","2026-04-20T01:16:24.341000","2026-04-20T01:16:24.341000","service_eb508f39-ce3d-4391-bb12-d4211c02ede9","false"
"1776647785965","matchmaker_lock","2026-04-20T01:16:23.465Z","69e57e680cef19cc821f76ca","2026-04-20T01:16:24.115000","2026-04-20T01:16:24.115000","service_eb508f39-ce3d-4391-bb12-d4211c02ede9","false"
"1776647782892","matchmaker_lastTickAt","2026-04-20T01:16:22.892Z","69e57e6799cc707398a5dff8","2026-04-20T01:16:23.658000","2026-04-20T01:16:23.658000","service_eb508f39-ce3d-4391-bb12-d4211c02ede9","false"
"1776647785392","matchmaker_lock","2026-04-20T01:16:22.892Z","69e57e675ec5daf93815a903","2026-04-20T01:16:23.486000","2026-04-20T01:16:23.486000","service_eb508f39-ce3d-4391-bb12-d4211c02ede9","false"
"1776647778912","matchmaker_lock","2026-04-20T01:16:16.412Z","69e26b4145a0a17c35630cc7","2026-04-17T17:17:53.743000","2026-04-20T01:16:17.251000","service_eb508f39-ce3d-4391-bb12-d4211c02ede9","false"
"1776647776412","matchmaker_lastTickAt","2026-04-20T01:16:16.412Z","69e26b3f64d8c6e06a26dfef","2026-04-17T17:17:51.205000","2026-04-20T01:16:17.490000","service_eb508f39-ce3d-4391-bb12-d4211c02ede9","false"
"1776446272977","matchmaker_lock","2026-04-17T17:17:50.477Z","69e26b3e667267dc4002470f","2026-04-17T17:17:50.996000","2026-04-17T17:17:50.996000","service_eb508f39-ce3d-4391-bb12-d4211c02ede9","false"
"1776446270063","matchmaker_lastTickAt","2026-04-17T17:17:50.063Z","69e26b3e65508815695ae71f","2026-04-17T17:17:50.761000","2026-04-17T17:17:50.761000","service_eb508f39-ce3d-4391-bb12-d4211c02ede9","false"
"1776446272563","matchmaker_lock","2026-04-17T17:17:50.063Z","69e26b3e1b70d69f27034937","2026-04-17T17:17:50.591000","2026-04-17T17:17:50.591000","service_eb508f39-ce3d-4391-bb12-d4211c02ede9","false"
"1776446266107","matchmaker_lastTickAt","2026-04-17T17:17:46.107Z","69e26b3a1a36f3f57012d068","2026-04-17T17:17:46.936000","2026-04-17T17:17:46.936000","service_eb508f39-ce3d-4391-bb12-d4211c02ede9","false"
"1776446268607","matchmaker_lock","2026-04-17T17:17:46.107Z","69e26b3a39d90a05a7b54ce8","2026-04-17T17:17:46.754000","2026-04-17T17:17:46.754000","service_eb508f39-ce3d-4391-bb12-d4211c02ede9","false"
"1776446263573","matchmaker_lastTickAt","2026-04-17T17:17:43.573Z","69e26b38b661d22b7d4d0772","2026-04-17T17:17:44.314000","2026-04-17T17:17:44.314000","service_eb508f39-ce3d-4391-bb12-d4211c02ede9","false"
"1776446266073","matchmaker_lock","2026-04-17T17:17:43.573Z","69e26b38750fa26db7f42791","2026-04-17T17:17:44.069000","2026-04-17T17:17:44.069000","service_eb508f39-ce3d-4391-bb12-d4211c02ede9","false"
"1776446263347","matchmaker_lastTickAt","2026-04-17T17:17:43.347Z","69e26b38c4418dddb1b4b74f","2026-04-17T17:17:44.059000","2026-04-17T17:17:44.059000","service_eb508f39-ce3d-4391-bb12-d4211c02ede9","false"
"1776446265847","matchmaker_lock","2026-04-17T17:17:43.347Z","69e26b377872a54e15368947","2026-04-17T17:17:43.876000","2026-04-17T17:17:43.876000","service_eb508f39-ce3d-4391-bb12-d4211c02ede9","false"
"1776446259252","matchmaker_lastTickAt","2026-04-17T17:17:39.252Z","69e26b36e3562db287f56931","2026-04-17T17:17:42.182000","2026-04-17T17:17:42.182000","service_eb508f39-ce3d-4391-bb12-d4211c02ede9","false"
"1776446261752","matchmaker_lock","2026-04-17T17:17:39.252Z","69e26b353ce604abbd37b63c","2026-04-17T17:17:41.919000","2026-04-17T17:17:41.919000","service_eb508f39-ce3d-4391-bb12-d4211c02ede9","false"
"1776446259078","matchmaker_lastTickAt","2026-04-17T17:17:39.078Z","69e26b346b2bf25ae5a38a27","2026-04-17T17:17:40.560000","2026-04-17T17:17:40.560000","service_eb508f39-ce3d-4391-bb12-d4211c02ede9","false"
"1776446259114","matchmaker_lastTickAt","2026-04-17T17:17:39.114Z","69e26b34b5ed49f15b391b44","2026-04-17T17:17:40.319000","2026-04-17T17:17:40.319000","service_eb508f39-ce3d-4391-bb12-d4211c02ede9","false"
"1776446261578","matchmaker_lock","2026-04-17T17:17:39.078Z","69e26b34985ec6398a767dca","2026-04-17T17:17:40.290000","2026-04-17T17:17:40.290000","service_eb508f39-ce3d-4391-bb12-d4211c02ede9","false"
"1776446261614","matchmaker_lock","2026-04-17T17:17:39.114Z","69e26b339dcfc63ad5a46c11","2026-04-17T17:17:39.967000","2026-04-17T17:17:39.967000","service_eb508f39-ce3d-4391-bb12-d4211c02ede9","false"
"1776446252002","matchmaker_lastTickAt","2026-04-17T17:17:32.002Z","69e26b2c65508815695ae717","2026-04-17T17:17:32.702000","2026-04-17T17:17:32.702000","service_eb508f39-ce3d-4391-bb12-d4211c02ede9","false"
"1776446254502","matchmaker_lock","2026-04-17T17:17:32.002Z","69e26b2ccc6adc69903b4d79","2026-04-17T17:17:32.529000","2026-04-17T17:17:32.529000","service_eb508f39-ce3d-4391-bb12-d4211c02ede9","false"
"1776446249489","matchmaker_lastTickAt","2026-04-17T17:17:29.489Z","69e26b2a3ef03e309c50143d","2026-04-17T17:17:30.225000","2026-04-17T17:17:30.225000","service_eb508f39-ce3d-4391-bb12-d4211c02ede9","false"
"1776446251989","matchmaker_lock","2026-04-17T17:17:29.489Z","69e26b2a657ca7195fbab3e6","2026-04-17T17:17:30.027000","2026-04-17T17:17:30.027000","service_eb508f39-ce3d-4391-bb12-d4211c02ede9","false"
"1776446249080","matchmaker_lastTickAt","2026-04-17T17:17:29.080Z","69e26b26cd1c7f38f1285d0b","2026-04-17T17:17:26.047000","2026-04-17T17:17:30.051000","service_eb508f39-ce3d-4391-bb12-d4211c02ede9","false"
"1776446251580","matchmaker_lock","2026-04-17T17:17:29.080Z","69e26b25c01aae86aafcf059","2026-04-17T17:17:25.858000","2026-04-17T17:17:29.794000","service_eb508f39-ce3d-4391-bb12-d4211c02ede9","false"
"1776446242464","matchmaker_lastTickAt","2026-04-17T17:17:22.464Z","69e26b234c5f639638a2d2c3","2026-04-17T17:17:23.152000","2026-04-17T17:17:23.152000","service_eb508f39-ce3d-4391-bb12-d4211c02ede9","false"
"1776446244964","matchmaker_lock","2026-04-17T17:17:22.464Z","69e26b2236f1fcf3ec26e749","2026-04-17T17:17:22.966000","2026-04-17T17:17:22.966000","service_eb508f39-ce3d-4391-bb12-d4211c02ede9","false"
"1776446242108","matchmaker_lastTickAt","2026-04-17T17:17:22.108Z","69e26b224a8cfa1f9ff47a34","2026-04-17T17:17:22.905000","2026-04-17T17:17:22.905000","service_eb508f39-ce3d-4391-bb12-d4211c02ede9","false"
"1776446244608","matchmaker_lock","2026-04-17T17:17:22.108Z","69e26b2249b6ff9ffb6d001a","2026-04-17T17:17:22.614000","2026-04-17T17:17:22.614000","service_eb508f39-ce3d-4391-bb12-d4211c02ede9","false"
"1776446238179","matchmaker_lastTickAt","2026-04-17T17:17:18.179Z","69e26b1f377b6b72cd8b5931","2026-04-17T17:17:19.246000","2026-04-17T17:17:19.246000","service_eb508f39-ce3d-4391-bb12-d4211c02ede9","false"
"1776446240679","matchmaker_lock","2026-04-17T17:17:18.179Z","69e26b1f589b5c965d9b6274","2026-04-17T17:17:19.041000","2026-04-17T17:17:19.041000","service_eb508f39-ce3d-4391-bb12-d4211c02ede9","false"
"1776446237989","matchmaker_lock","2026-04-17T17:17:15.489Z","69e26b1ccee5bccfa584d949","2026-04-17T17:17:16.128000","2026-04-17T17:17:16.128000","service_eb508f39-ce3d-4391-bb12-d4211c02ede9","false"
"1776446235489","matchmaker_lastTickAt","2026-04-17T17:17:15.489Z","69dfacfbfbc37532c03b9dbc","2026-04-15T15:21:31.665000","2026-04-17T17:17:16.351000","service_eb508f39-ce3d-4391-bb12-d4211c02ede9","false"
"1776446237667","matchmaker_lock","2026-04-17T17:17:15.167Z","69dfacfbf809e7b666962559","2026-04-15T15:21:31.442000","2026-04-17T17:17:15.935000","service_eb508f39-ce3d-4391-bb12-d4211c02ede9","false"
"1776266490184","matchmaker_lastTickAt","2026-04-15T15:21:30.184Z","69dfacf57a98b12b4c48524f","2026-04-15T15:21:25.718000","2026-04-15T15:21:31.100000","service_eb508f39-ce3d-4391-bb12-d4211c02ede9","false"
"1776266492684","matchmaker_lock","2026-04-15T15:21:30.184Z","69dfacf5faa2e053316f52d9","2026-04-15T15:21:25.417000","2026-04-15T15:21:30.900000","service_eb508f39-ce3d-4391-bb12-d4211c02ede9","false"
"1776266484043","matchmaker_lastTickAt","2026-04-15T15:21:24.043Z","69dfacf45eeb8bd38ea0ffa7","2026-04-15T15:21:24.745000","2026-04-15T15:21:24.745000","service_eb508f39-ce3d-4391-bb12-d4211c02ede9","false"
"1776266486543","matchmaker_lock","2026-04-15T15:21:24.043Z","69dfacf409f5a391af2b14cf","2026-04-15T15:21:24.528000","2026-04-15T15:21:24.528000","service_eb508f39-ce3d-4391-bb12-d4211c02ede9","false"
"1776266485734","matchmaker_lock","2026-04-15T15:21:23.234Z","69dfaceee070251801a6a879","2026-04-15T15:21:18.790000","2026-04-15T15:21:23.974000","service_eb508f39-ce3d-4391-bb12-d4211c02ede9","false"
"1776266478901","matchmaker_lock","2026-04-15T15:21:16.401Z","69dface7efff9519a3fcd5cf","2026-04-15T15:21:11.579000","2026-04-15T15:21:17.096000","service_eb508f39-ce3d-4391-bb12-d4211c02ede9","false"
"1776266483234","matchmaker_lastTickAt","2026-04-15T15:21:23.234Z","69dfac62d87f63125b9176c2","2026-04-15T15:18:58.605000","2026-04-15T15:21:24.161000","service_eb508f39-ce3d-4391-bb12-d4211c02ede9","false"
"1776266471716","matchmaker_lock","2026-04-15T15:21:09.216Z","69dfac6276c77c9857f9f933","2026-04-15T15:18:58.438000","2026-04-15T15:21:09.785000","service_eb508f39-ce3d-4391-bb12-d4211c02ede9","false"
"1776266337019","matchmaker_lastTickAt","2026-04-15T15:18:57.019Z","69dfac61a09987f5457d860b","2026-04-15T15:18:57.741000","2026-04-15T15:18:57.741000","service_eb508f39-ce3d-4391-bb12-d4211c02ede9","false"
"1776266336769","matchmaker_lastTickAt","2026-04-15T15:18:56.769Z","69dfac61066e8f5a6b0d20eb","2026-04-15T15:18:57.601000","2026-04-15T15:18:57.601000","service_eb508f39-ce3d-4391-bb12-d4211c02ede9","false"
"1776266339519","matchmaker_lock","2026-04-15T15:18:57.019Z","69dfac6109f5a391af2b1442","2026-04-15T15:18:57.547000","2026-04-15T15:18:57.547000","service_eb508f39-ce3d-4391-bb12-d4211c02ede9","false"
"1776266339269","matchmaker_lock","2026-04-15T15:18:56.769Z","69dfac61fda9838fabce0c51","2026-04-15T15:18:57.399000","2026-04-15T15:18:57.399000","service_eb508f39-ce3d-4391-bb12-d4211c02ede9","false"
"1776266329867","matchmaker_lastTickAt","2026-04-15T15:18:49.867Z","69dfac5a23bcbf61cec2a1b8","2026-04-15T15:18:50.532000","2026-04-15T15:18:50.532000","service_eb508f39-ce3d-4391-bb12-d4211c02ede9","false"
"1776266329654","matchmaker_lastTickAt","2026-04-15T15:18:49.654Z","69dfac5af5f46da4343d70ed","2026-04-15T15:18:50.442000","2026-04-15T15:18:50.442000","service_eb508f39-ce3d-4391-bb12-d4211c02ede9","false"
"1776266332367","matchmaker_lock","2026-04-15T15:18:49.867Z","69dfac5a0b1fcb18beeb46a9","2026-04-15T15:18:50.341000","2026-04-15T15:18:50.341000","service_eb508f39-ce3d-4391-bb12-d4211c02ede9","false"
"1776266332154","matchmaker_lock","2026-04-15T15:18:49.654Z","69dfac5a6b69e106b4f952c0","2026-04-15T15:18:50.256000","2026-04-15T15:18:50.256000","service_eb508f39-ce3d-4391-bb12-d4211c02ede9","false"
"1776266322958","matchmaker_lastTickAt","2026-04-15T15:18:42.958Z","69dfac539a809c89e0a29f05","2026-04-15T15:18:43.698000","2026-04-15T15:18:43.698000","service_eb508f39-ce3d-4391-bb12-d4211c02ede9","false"
"1776266325458","matchmaker_lock","2026-04-15T15:18:42.958Z","69dfac53a914382051b5492f","2026-04-15T15:18:43.513000","2026-04-15T15:18:43.513000","service_eb508f39-ce3d-4391-bb12-d4211c02ede9","false"
"1776266324804","matchmaker_lock","2026-04-15T15:18:42.304Z","69dfac5207b9b244d96fe54a","2026-04-15T15:18:42.925000","2026-04-15T15:18:42.925000","service_eb508f39-ce3d-4391-bb12-d4211c02ede9","false"
"1776266322304","matchmaker_lastTickAt","2026-04-15T15:18:42.304Z","69dfac4e6245ad659d30fb4d","2026-04-15T15:18:38.486000","2026-04-15T15:18:43.140000","service_eb508f39-ce3d-4391-bb12-d4211c02ede9","false"
"1776266320306","matchmaker_lock","2026-04-15T15:18:37.806Z","69dfac4e094447f0df2ad2c2","2026-04-15T15:18:38.293000","2026-04-15T15:18:38.293000","service_eb508f39-ce3d-4391-bb12-d4211c02ede9","false"
"1776266315945","matchmaker_lastTickAt","2026-04-15T15:18:35.945Z","69dfac4c79e092f8a7c8022e","2026-04-15T15:18:36.566000","2026-04-15T15:18:36.566000","service_eb508f39-ce3d-4391-bb12-d4211c02ede9","false"
"1776266318445","matchmaker_lock","2026-04-15T15:18:35.945Z","69dfac4c082bd52cf1337313","2026-04-15T15:18:36.403000","2026-04-15T15:18:36.403000","service_eb508f39-ce3d-4391-bb12-d4211c02ede9","false"
"1776266317794","matchmaker_lock","2026-04-15T15:18:35.294Z","69dfac4b014e660ea2a650de","2026-04-15T15:18:35.842000","2026-04-15T15:18:35.842000","service_eb508f39-ce3d-4391-bb12-d4211c02ede9","false"
"1776266310793","matchmaker_lock","2026-04-15T15:18:28.293Z","69d7ec5b810210acca0693ac","2026-04-09T18:13:47.234000","2026-04-15T15:18:28.936000","service_eb508f39-ce3d-4391-bb12-d4211c02ede9","false"
"1776266315294","matchmaker_lastTickAt","2026-04-15T15:18:35.294Z","69d69a04ed89d9d00cf87aaa","2026-04-08T18:10:12.747000","2026-04-15T15:18:36.108000","service_eb508f39-ce3d-4391-bb12-d4211c02ede9","false"
"1775671808731","matchmaker_lastTickAt","2026-04-08T18:10:08.731Z","69d69a03b2e322f64045293f","2026-04-08T18:10:11.140000","2026-04-08T18:10:11.140000","service_eb508f39-ce3d-4391-bb12-d4211c02ede9","false"
"1775758422101","matchmaker_lock","2026-04-09T18:13:39.601Z","69d69a02d11db0546120b66e","2026-04-08T18:10:10.906000","2026-04-09T18:13:40.271000","service_eb508f39-ce3d-4391-bb12-d4211c02ede9","false"
"1775671804906","matchmaker_lastTickAt","2026-04-08T18:10:04.906Z","69d699fd3eb9abc023f85ba1","2026-04-08T18:10:05.647000","2026-04-08T18:10:05.647000","service_eb508f39-ce3d-4391-bb12-d4211c02ede9","false"
"1775671807406","matchmaker_lock","2026-04-08T18:10:04.906Z","69d699fdf93ec56912943bdb","2026-04-08T18:10:05.427000","2026-04-08T18:10:05.427000","service_eb508f39-ce3d-4391-bb12-d4211c02ede9","false"
"1775671802090","matchmaker_lastTickAt","2026-04-08T18:10:02.090Z","69d699fa9db65709b0770c6a","2026-04-08T18:10:02.831000","2026-04-08T18:10:02.831000","service_eb508f39-ce3d-4391-bb12-d4211c02ede9","false"
"1775671804590","matchmaker_lock","2026-04-08T18:10:02.090Z","69d699fa4f86b9fab9e7929a","2026-04-08T18:10:02.625000","2026-04-08T18:10:02.625000","service_eb508f39-ce3d-4391-bb12-d4211c02ede9","false"
"1775671797784","matchmaker_lastTickAt","2026-04-08T18:09:57.784Z","69d699f648b4a2b731a77677","2026-04-08T18:09:58.693000","2026-04-08T18:09:58.693000","service_eb508f39-ce3d-4391-bb12-d4211c02ede9","false"
"1775671800284","matchmaker_lock","2026-04-08T18:09:57.784Z","69d699f6e23335407f8878dc","2026-04-08T18:09:58.490000","2026-04-08T18:09:58.490000","service_eb508f39-ce3d-4391-bb12-d4211c02ede9","false"
"1775671794634","matchmaker_lastTickAt","2026-04-08T18:09:54.634Z","69d699f36f874ccc150d339c","2026-04-08T18:09:55.518000","2026-04-08T18:09:55.518000","service_eb508f39-ce3d-4391-bb12-d4211c02ede9","false"
"1775671797134","matchmaker_lock","2026-04-08T18:09:54.634Z","69d699f33505831527178885","2026-04-08T18:09:55.213000","2026-04-08T18:09:55.213000","service_eb508f39-ce3d-4391-bb12-d4211c02ede9","false"
"1775671790774","matchmaker_lastTickAt","2026-04-08T18:09:50.774Z","69d417f57c173f6867e18537","2026-04-06T20:30:45.965000","2026-04-08T18:09:51.519000","service_eb508f39-ce3d-4391-bb12-d4211c02ede9","false"
"1775671793274","matchmaker_lock","2026-04-08T18:09:50.774Z","69d417f5861a440d87ec67d9","2026-04-06T20:30:45.807000","2026-04-08T18:09:51.334000","service_eb508f39-ce3d-4391-bb12-d4211c02ede9","false"
"1775507444209","matchmaker_lastTickAt","2026-04-06T20:30:44.209Z","69d417ee080f57a8403673cb","2026-04-06T20:30:38.895000","2026-04-06T20:30:45.057000","service_eb508f39-ce3d-4391-bb12-d4211c02ede9","false"
"1775507446709","matchmaker_lock","2026-04-06T20:30:44.209Z","69d417eea3296e6bd1d412fa","2026-04-06T20:30:38.717000","2026-04-06T20:30:44.843000","service_eb508f39-ce3d-4391-bb12-d4211c02ede9","false"
"1775507437208","matchmaker_lastTickAt","2026-04-06T20:30:37.208Z","69d417ed333b6516a22bd05b","2026-04-06T20:30:37.856000","2026-04-06T20:30:37.856000","service_eb508f39-ce3d-4391-bb12-d4211c02ede9","false"
"1775507439708","matchmaker_lock","2026-04-06T20:30:37.208Z","69d417ed2548139cc1cfd8d6","2026-04-06T20:30:37.675000","2026-04-06T20:30:37.675000","service_eb508f39-ce3d-4391-bb12-d4211c02ede9","false"
"1775507431344","matchmaker_lastTickAt","2026-04-06T20:30:31.344Z","69d417e80d2c79770d9aacd5","2026-04-06T20:30:32.192000","2026-04-06T20:30:32.192000","service_eb508f39-ce3d-4391-bb12-d4211c02ede9","false"
"1775507433844","matchmaker_lock","2026-04-06T20:30:31.344Z","69d417e74c2eed427f4e2600","2026-04-06T20:30:31.837000","2026-04-06T20:30:31.837000","service_eb508f39-ce3d-4391-bb12-d4211c02ede9","false"
"1775507430267","matchmaker_lastTickAt","2026-04-06T20:30:30.267Z","69d417e66cd9534b9e91877d","2026-04-06T20:30:30.984000","2026-04-06T20:30:30.984000","service_eb508f39-ce3d-4391-bb12-d4211c02ede9","false"
"1775507432767","matchmaker_lock","2026-04-06T20:30:30.267Z","69d417e61e6bdda418dfbf60","2026-04-06T20:30:30.777000","2026-04-06T20:30:30.777000","service_eb508f39-ce3d-4391-bb12-d4211c02ede9","false"
"1775507423365","matchmaker_lastTickAt","2026-04-06T20:30:23.365Z","69cfeddc5222bd9047629d72","2026-04-03T16:42:04.935000","2026-04-06T20:30:24.128000","service_eb508f39-ce3d-4391-bb12-d4211c02ede9","false"
"1775507425865","matchmaker_lock","2026-04-06T20:30:23.365Z","69cfeddc0d04ef72f0876fe2","2026-04-03T16:42:04.751000","2026-04-06T20:30:23.936000","service_eb508f39-ce3d-4391-bb12-d4211c02ede9","false"
"1775234517171","matchmaker_lastTickAt","2026-04-03T16:41:57.171Z","69cfedd6bce017a78c74ef57","2026-04-03T16:41:58.017000","2026-04-03T16:41:58.017000","service_eb508f39-ce3d-4391-bb12-d4211c02ede9","false"
"1775234519671","matchmaker_lock","2026-04-03T16:41:57.171Z","69cfedd5be2f1c708a226125","2026-04-03T16:41:57.809000","2026-04-03T16:41:57.809000","service_eb508f39-ce3d-4391-bb12-d4211c02ede9","false"
"1775234510279","matchmaker_lastTickAt","2026-04-03T16:41:50.279Z","69cfed5ead14641eb155678f","2026-04-03T16:39:58.846000","2026-04-03T16:41:51.237000","service_eb508f39-ce3d-4391-bb12-d4211c02ede9","false"
"1775234512779","matchmaker_lock","2026-04-03T16:41:50.279Z","69cfed5e0b9e56e9da471a6a","2026-04-03T16:39:58.651000","2026-04-03T16:41:51.006000","service_eb508f39-ce3d-4391-bb12-d4211c02ede9","false"
"1775234393701","matchmaker_lock","2026-04-03T16:39:51.201Z","69cfed57ef9bc9aa4560810d","2026-04-03T16:39:51.775000","2026-04-03T16:39:51.775000","service_eb508f39-ce3d-4391-bb12-d4211c02ede9","false"
"1775234391201","matchmaker_lastTickAt","2026-04-03T16:39:51.201Z","69cfed3c877e734b5ebd6c9b","2026-04-03T16:39:24.565000","2026-04-03T16:39:51.963000","service_eb508f39-ce3d-4391-bb12-d4211c02ede9","false"
"1775234386668","matchmaker_lock","2026-04-03T16:39:44.168Z","69cfed3c42028d771740c1bd","2026-04-03T16:39:24.392000","2026-04-03T16:39:44.711000","service_eb508f39-ce3d-4391-bb12-d4211c02ede9","false"
"1775234358729","matchmaker_lock","2026-04-03T16:39:16.229Z","69cfed345f7f4fc7ffe63ff2","2026-04-03T16:39:16.736000","2026-04-03T16:39:16.736000","service_eb508f39-ce3d-4391-bb12-d4211c02ede9","false"
"1775234356229","matchmaker_lastTickAt","2026-04-03T16:39:16.229Z","69cfecd9b4a2d1b8ee6b263c","2026-04-03T16:37:45.776000","2026-04-03T16:39:16.940000","service_eb508f39-ce3d-4391-bb12-d4211c02ede9","false"
"1775234351737","matchmaker_lock","2026-04-03T16:39:09.237Z","69cfecd9b29c94fe0d720247","2026-04-03T16:37:45.626000","2026-04-03T16:39:09.987000","service_eb508f39-ce3d-4391-bb12-d4211c02ede9","false"
"1775234264989","matchmaker_lock","2026-04-03T16:37:42.489Z","69cfecd324f953985f4da03f","2026-04-03T16:37:39.484000","2026-04-03T16:37:43.059000","service_eb508f39-ce3d-4391-bb12-d4211c02ede9","false"
"1775234258244","matchmaker_lastTickAt","2026-04-03T16:37:38.244Z","69cfeccc8100057213a0be4d","2026-04-03T16:37:32.595000","2026-04-03T16:37:44.874000","service_eb508f39-ce3d-4391-bb12-d4211c02ede9","false"
"1775234260744","matchmaker_lock","2026-04-03T16:37:38.244Z","69cfecccff23c7fd07094568","2026-04-03T16:37:32.413000","2026-04-03T16:37:38.824000","service_eb508f39-ce3d-4391-bb12-d4211c02ede9","false"
"1775234251175","matchmaker_lastTickAt","2026-04-03T16:37:31.175Z","69cfeccb0996906ea1966754","2026-04-03T16:37:31.856000","2026-04-03T16:37:31.856000","service_eb508f39-ce3d-4391-bb12-d4211c02ede9","false"
"1775234253675","matchmaker_lock","2026-04-03T16:37:31.175Z","69cfeccbab68530ed54c050d","2026-04-03T16:37:31.689000","2026-04-03T16:37:31.689000","service_eb508f39-ce3d-4391-bb12-d4211c02ede9","false"
"1775234248477","matchmaker_lastTickAt","2026-04-03T16:37:28.477Z","69cfecc5099049d81f0a4c81","2026-04-03T16:37:25.555000","2026-04-03T16:37:29.270000","service_eb508f39-ce3d-4391-bb12-d4211c02ede9","false"
"1775234250977","matchmaker_lock","2026-04-03T16:37:28.477Z","69cfecc510f67d7f651c943b","2026-04-03T16:37:25.370000","2026-04-03T16:37:29.070000","service_eb508f39-ce3d-4391-bb12-d4211c02ede9","false"
"1775234244196","matchmaker_lastTickAt","2026-04-03T16:37:24.196Z","69cfecc4f1ddd7005710d99b","2026-04-03T16:37:24.879000","2026-04-03T16:37:24.879000","service_eb508f39-ce3d-4391-bb12-d4211c02ede9","false"
"1775234246696","matchmaker_lock","2026-04-03T16:37:24.196Z","69cfecb7723101a31aad6e47","2026-04-03T16:37:11.447000","2026-04-03T16:37:24.695000","service_eb508f39-ce3d-4391-bb12-d4211c02ede9","false"
"1775234232784","matchmaker_lock","2026-04-03T16:37:10.284Z","69cfecb4c30ff2bda0cb31b7","2026-04-03T16:37:08.064000","2026-04-03T16:37:10.918000","service_eb508f39-ce3d-4391-bb12-d4211c02ede9","false"
"1775234241442","matchmaker_lastTickAt","2026-04-03T16:37:21.442Z","69cfecb1965befcac911983e","2026-04-03T16:37:05.426000","2026-04-03T16:37:22.216000","service_eb508f39-ce3d-4391-bb12-d4211c02ede9","false"
"1775234227252","matchmaker_lock","2026-04-03T16:37:04.752Z","69cfecb198ddd88eda435e31","2026-04-03T16:37:05.224000","2026-04-03T16:37:05.224000","service_eb508f39-ce3d-4391-bb12-d4211c02ede9","false"
"1775234223809","matchmaker_lastTickAt","2026-04-03T16:37:03.809Z","69cfeca68912a0949fb671e8","2026-04-03T16:36:54.158000","2026-04-03T16:37:04.615000","service_eb508f39-ce3d-4391-bb12-d4211c02ede9","false"
"1775234226309","matchmaker_lock","2026-04-03T16:37:03.809Z","69cfeca5a02c979626439ad7","2026-04-03T16:36:53.974000","2026-04-03T16:37:04.404000","service_eb508f39-ce3d-4391-bb12-d4211c02ede9","false"
"1775234212306","matchmaker_lock","2026-04-03T16:36:49.806Z","69cfeca2337420b785208665","2026-04-03T16:36:50.329000","2026-04-03T16:36:50.329000","service_eb508f39-ce3d-4391-bb12-d4211c02ede9","false"
"1775234211745","matchmaker_lock","2026-04-03T16:36:49.245Z","69cfec9f0d04ef72f0876de3","2026-04-03T16:36:47.007000","2026-04-03T16:36:49.863000","service_eb508f39-ce3d-4391-bb12-d4211c02ede9","false"
"1775234209806","matchmaker_lastTickAt","2026-04-03T16:36:49.806Z","69cfec8f173bbd63e22fca84","2026-04-03T16:36:31.498000","2026-04-03T16:36:50.580000","service_eb508f39-ce3d-4391-bb12-d4211c02ede9","false"
"1775234190736","matchmaker_lastTickAt","2026-04-03T16:36:30.736Z","69cfec8f36479b7cb272a7f2","2026-04-03T16:36:31.384000","2026-04-03T16:36:31.384000","service_eb508f39-ce3d-4391-bb12-d4211c02ede9","false"
"1775234204680","matchmaker_lock","2026-04-03T16:36:42.180Z","69cfec8f154541ddda902886","2026-04-03T16:36:31.305000","2026-04-03T16:36:42.709000","service_eb508f39-ce3d-4391-bb12-d4211c02ede9","false"
"1775234193236","matchmaker_lock","2026-04-03T16:36:30.736Z","69cfec8fe66d0e76b5e6d25d","2026-04-03T16:36:31.202000","2026-04-03T16:36:31.202000","service_eb508f39-ce3d-4391-bb12-d4211c02ede9","false"
"1775234189822","matchmaker_lastTickAt","2026-04-03T16:36:29.822Z","69cfec8efa03c3c215828a8d","2026-04-03T16:36:30.494000","2026-04-03T16:36:30.494000","service_eb508f39-ce3d-4391-bb12-d4211c02ede9","false"
"1775234192322","matchmaker_lock","2026-04-03T16:36:29.822Z","69cfec8e91e06b49359167c5","2026-04-03T16:36:30.300000","2026-04-03T16:36:30.300000","service_eb508f39-ce3d-4391-bb12-d4211c02ede9","false"
"1775234187206","matchmaker_lastTickAt","2026-04-03T16:36:27.206Z","69cfec8842abab62eae6a075","2026-04-03T16:36:24.649000","2026-04-03T16:36:28.023000","service_eb508f39-ce3d-4391-bb12-d4211c02ede9","false"
"1775234189706","matchmaker_lock","2026-04-03T16:36:27.206Z","69cfec885ba87237fba90c28","2026-04-03T16:36:24.421000","2026-04-03T16:36:27.794000","service_eb508f39-ce3d-4391-bb12-d4211c02ede9","false"
"1775234182885","matchmaker_lastTickAt","2026-04-03T16:36:22.885Z","69cfec87573dd2826c3eda53","2026-04-03T16:36:23.712000","2026-04-03T16:36:23.712000","service_eb508f39-ce3d-4391-bb12-d4211c02ede9","false"
"1775234185385","matchmaker_lock","2026-04-03T16:36:22.885Z","69cfec87e128a8a1425721e5","2026-04-03T16:36:23.446000","2026-04-03T16:36:23.446000","service_eb508f39-ce3d-4391-bb12-d4211c02ede9","false"
"1775234180200","matchmaker_lastTickAt","2026-04-03T16:36:20.200Z","69cfec8185989514262696e2","2026-04-03T16:36:17.651000","2026-04-03T16:36:20.950000","service_eb508f39-ce3d-4391-bb12-d4211c02ede9","false"
"1775234176870","matchmaker_lastTickAt","2026-04-03T16:36:16.870Z","69cfec81099538253c1924ae","2026-04-03T16:36:17.565000","2026-04-03T16:36:17.565000","service_eb508f39-ce3d-4391-bb12-d4211c02ede9","false"
"1775234182700","matchmaker_lock","2026-04-03T16:36:20.200Z","69cfec817d8d9c8cdc0aefec","2026-04-03T16:36:17.438000","2026-04-03T16:36:20.765000","service_eb508f39-ce3d-4391-bb12-d4211c02ede9","false"
"1775234179370","matchmaker_lock","2026-04-03T16:36:16.870Z","69cfec819cd2386c64b8254e","2026-04-03T16:36:17.334000","2026-04-03T16:36:17.334000","service_eb508f39-ce3d-4391-bb12-d4211c02ede9","false"
"1775234178441","matchmaker_lock","2026-04-03T16:36:15.941Z","69cfec061f804ef540c741dc","2026-04-03T16:34:14.673000","2026-04-03T16:36:16.551000","service_eb508f39-ce3d-4391-bb12-d4211c02ede9","false"
"1775234175941","matchmaker_lastTickAt","2026-04-03T16:36:15.941Z","69cfec0396e60bf1bcc1b4d4","2026-04-03T16:34:11.576000","2026-04-03T16:36:16.723000","service_eb508f39-ce3d-4391-bb12-d4211c02ede9","false"
"1775234053398","matchmaker_lock","2026-04-03T16:34:10.898Z","69cfec0341f29ebf47442f1a","2026-04-03T16:34:11.376000","2026-04-03T16:34:11.376000","service_eb508f39-ce3d-4391-bb12-d4211c02ede9","false"
"1775234053171","matchmaker_lock","2026-04-03T16:34:10.671Z","69cfec03816a1f5fff3fc147","2026-04-03T16:34:11.361000","2026-04-03T16:34:11.361000","service_eb508f39-ce3d-4391-bb12-d4211c02ede9","false"
"1775234052365","matchmaker_lock","2026-04-03T16:34:09.865Z","69cfec0071e17130da518b4d","2026-04-03T16:34:08.004000","2026-04-03T16:34:10.377000","service_eb508f39-ce3d-4391-bb12-d4211c02ede9","false"
"1775234050671","matchmaker_lastTickAt","2026-04-03T16:34:10.671Z","69cfebfc154541ddda9026bc","2026-04-03T16:34:04.779000","2026-04-03T16:34:11.709000","service_eb508f39-ce3d-4391-bb12-d4211c02ede9","false"
"1775234043984","matchmaker_lastTickAt","2026-04-03T16:34:03.984Z","69cfebfcba29a07139026708","2026-04-03T16:34:04.684000","2026-04-03T16:34:04.684000","service_eb508f39-ce3d-4391-bb12-d4211c02ede9","false"
"1775234046484","matchmaker_lock","2026-04-03T16:34:03.984Z","69cfebfc96918d4ab849419b","2026-04-03T16:34:04.510000","2026-04-03T16:34:04.510000","service_eb508f39-ce3d-4391-bb12-d4211c02ede9","false"
"1775234046171","matchmaker_lock","2026-04-03T16:34:03.671Z","69cfebfcf11f9a7846757106","2026-04-03T16:34:04.096000","2026-04-03T16:34:04.096000","service_eb508f39-ce3d-4391-bb12-d4211c02ede9","false"
"1775234045420","matchmaker_lock","2026-04-03T16:34:02.920Z","69cfebf87b43bbc29ab6d2a5","2026-04-03T16:34:00.770000","2026-04-03T16:34:03.525000","service_eb508f39-ce3d-4391-bb12-d4211c02ede9","false"
"1775234042920","matchmaker_lastTickAt","2026-04-03T16:34:02.920Z","69cfebf5f6229680ba3db43a","2026-04-03T16:33:57.964000","2026-04-03T16:34:03.726000","service_eb508f39-ce3d-4391-bb12-d4211c02ede9","false"
"1775234039404","matchmaker_lock","2026-04-03T16:33:56.904Z","69cfebf5e1d59f0c918fd14f","2026-04-03T16:33:57.395000","2026-04-03T16:33:57.395000","service_eb508f39-ce3d-4391-bb12-d4211c02ede9","false"
"1775234036737","matchmaker_lastTickAt","2026-04-03T16:33:56.737Z","69cfebf588e5be243a7849e2","2026-04-03T16:33:57.371000","2026-04-03T16:33:57.371000","service_eb508f39-ce3d-4391-bb12-d4211c02ede9","false"
"1775234039237","matchmaker_lock","2026-04-03T16:33:56.737Z","69cfebf56c4b74fb6d50b00e","2026-04-03T16:33:57.179000","2026-04-03T16:33:57.179000","service_eb508f39-ce3d-4391-bb12-d4211c02ede9","false"
"1775234038437","matchmaker_lock","2026-04-03T16:33:55.937Z","69cfebf4b9424f3d31a17c6a","2026-04-03T16:33:56.419000","2026-04-03T16:33:56.419000","service_eb508f39-ce3d-4391-bb12-d4211c02ede9","false"
"1775234035729","matchmaker_lock","2026-04-03T16:33:53.229Z","69cfebee649e92483413d40f","2026-04-03T16:33:50.657000","2026-04-03T16:33:53.772000","service_eb508f39-ce3d-4391-bb12-d4211c02ede9","false"
"1775234031377","matchmaker_lock","2026-04-03T16:33:48.877Z","69cfebeacd8efd900de5302f","2026-04-03T16:33:46.640000","2026-04-03T16:33:49.489000","service_eb508f39-ce3d-4391-bb12-d4211c02ede9","false"
"1775234035937","matchmaker_lastTickAt","2026-04-03T16:33:55.937Z","69cfebe737ff920c95472aa3","2026-04-03T16:33:43.640000","2026-04-03T16:33:56.649000","service_eb508f39-ce3d-4391-bb12-d4211c02ede9","false"
"1775234025370","matchmaker_lock","2026-04-03T16:33:42.870Z","69cfebe73ab49d5b2f3d2665","2026-04-03T16:33:43.441000","2026-04-03T16:33:43.441000","service_eb508f39-ce3d-4391-bb12-d4211c02ede9","false"
"1775234022722","matchmaker_lastTickAt","2026-04-03T16:33:42.722Z","69cfebe76a5769d084ae8f05","2026-04-03T16:33:43.402000","2026-04-03T16:33:43.402000","service_eb508f39-ce3d-4391-bb12-d4211c02ede9","false"
"1775234025222","matchmaker_lock","2026-04-03T16:33:42.722Z","69cfebe73ab49d5b2f3d2664","2026-04-03T16:33:43.193000","2026-04-03T16:33:43.193000","service_eb508f39-ce3d-4391-bb12-d4211c02ede9","false"
"1775234024308","matchmaker_lock","2026-04-03T16:33:41.808Z","69cfebe6f6519edccaedfa99","2026-04-03T16:33:42.323000","2026-04-03T16:33:42.323000","service_eb508f39-ce3d-4391-bb12-d4211c02ede9","false"
"1775234021808","matchmaker_lastTickAt","2026-04-03T16:33:41.808Z","69cfebe03b272abc7c6334c5","2026-04-03T16:33:36.653000","2026-04-03T16:33:42.880000","service_eb508f39-ce3d-4391-bb12-d4211c02ede9","false"
"1775234015789","matchmaker_lastTickAt","2026-04-03T16:33:35.789Z","69cfebe0ace6c5cced14e81b","2026-04-03T16:33:36.548000","2026-04-03T16:33:36.548000","service_eb508f39-ce3d-4391-bb12-d4211c02ede9","false"
"1775234021632","matchmaker_lock","2026-04-03T16:33:39.132Z","69cfebe06f0d8282b107224d","2026-04-03T16:33:36.445000","2026-04-03T16:33:39.670000","service_eb508f39-ce3d-4391-bb12-d4211c02ede9","false"
"1775234018289","matchmaker_lock","2026-04-03T16:33:35.789Z","69cfebe052c107c5601b2d57","2026-04-03T16:33:36.234000","2026-04-03T16:33:36.234000","service_eb508f39-ce3d-4391-bb12-d4211c02ede9","false"
"1775234017429","matchmaker_lock","2026-04-03T16:33:34.929Z","69cfebdf14eaf129452d6ea9","2026-04-03T16:33:35.478000","2026-04-03T16:33:35.478000","service_eb508f39-ce3d-4391-bb12-d4211c02ede9","false"
"1775234014674","matchmaker_lock","2026-04-03T16:33:32.174Z","69cfebd9a23e2bcab6c4f357","2026-04-03T16:33:29.781000","2026-04-03T16:33:32.750000","service_eb508f39-ce3d-4391-bb12-d4211c02ede9","false"
"1775234011474","matchmaker_lock","2026-04-03T16:33:28.974Z","69cfebd98516b67c86fedcb8","2026-04-03T16:33:29.520000","2026-04-03T16:33:29.520000","service_eb508f39-ce3d-4391-bb12-d4211c02ede9","false"
"1775234014929","matchmaker_lastTickAt","2026-04-03T16:33:34.929Z","69cfeb2ad3cc4214215420a6","2026-04-03T16:30:34.594000","2026-04-03T16:33:36.111000","service_eb508f39-ce3d-4391-bb12-d4211c02ede9","false"
"1775233833807","matchmaker_lastTickAt","2026-04-03T16:30:33.807Z","69cfeb2a47dcafc2a07378b4","2026-04-03T16:30:34.501000","2026-04-03T16:30:34.501000","service_eb508f39-ce3d-4391-bb12-d4211c02ede9","false"
"1775234010390","matchmaker_lock","2026-04-03T16:33:27.890Z","69cfeb2a573ef569c68018dd","2026-04-03T16:30:34.381000","2026-04-03T16:33:28.593000","service_eb508f39-ce3d-4391-bb12-d4211c02ede9","false"
"1775233836307","matchmaker_lock","2026-04-03T16:30:33.807Z","69cfeb2ab038e1fb44cf1049","2026-04-03T16:30:34.320000","2026-04-03T16:30:34.320000","service_eb508f39-ce3d-4391-bb12-d4211c02ede9","false"
"1775233832880","matchmaker_lastTickAt","2026-04-03T16:30:32.880Z","69cfeb29204978646440ce77","2026-04-03T16:30:33.475000","2026-04-03T16:30:33.475000","service_eb508f39-ce3d-4391-bb12-d4211c02ede9","false"
"1775233835380","matchmaker_lock","2026-04-03T16:30:32.880Z","69cfeb299cd2386c64b8227a","2026-04-03T16:30:33.308000","2026-04-03T16:30:33.308000","service_eb508f39-ce3d-4391-bb12-d4211c02ede9","false"
"1775233826860","matchmaker_lastTickAt","2026-04-03T16:30:26.860Z","69cfeb2311d0fdcf6a776792","2026-04-03T16:30:27.639000","2026-04-03T16:30:27.639000","service_eb508f39-ce3d-4391-bb12-d4211c02ede9","false"
"1775233826729","matchmaker_lastTickAt","2026-04-03T16:30:26.729Z","69cfeb23d7abe37161ad0e87","2026-04-03T16:30:27.448000","2026-04-03T16:30:27.448000","service_eb508f39-ce3d-4391-bb12-d4211c02ede9","false"
"1775233829360","matchmaker_lock","2026-04-03T16:30:26.860Z","69cfeb23b7a4245f1a7394cd","2026-04-03T16:30:27.409000","2026-04-03T16:30:27.409000","service_eb508f39-ce3d-4391-bb12-d4211c02ede9","false"
"1775233829229","matchmaker_lock","2026-04-03T16:30:26.729Z","69cfeb23bd9c1a36a19f9cd7","2026-04-03T16:30:27.274000","2026-04-03T16:30:27.274000","service_eb508f39-ce3d-4391-bb12-d4211c02ede9","false"
"1775233825882","matchmaker_lastTickAt","2026-04-03T16:30:25.882Z","69cfeb22cfb177debb420c3d","2026-04-03T16:30:26.670000","2026-04-03T16:30:26.670000","service_eb508f39-ce3d-4391-bb12-d4211c02ede9","false"
"1775233828382","matchmaker_lock","2026-04-03T16:30:25.882Z","69cfeb226d8831a11bf2daab","2026-04-03T16:30:26.452000","2026-04-03T16:30:26.452000","service_eb508f39-ce3d-4391-bb12-d4211c02ede9","false"
"1775233819953","matchmaker_lastTickAt","2026-04-03T16:30:19.953Z","69cfeb1c04347278b9a002b7","2026-04-03T16:30:20.689000","2026-04-03T16:30:20.689000","service_eb508f39-ce3d-4391-bb12-d4211c02ede9","false"
"1775233819867","matchmaker_lastTickAt","2026-04-03T16:30:19.867Z","69cfeb1c8578a8cb5fdc763c","2026-04-03T16:30:20.516000","2026-04-03T16:30:20.516000","service_eb508f39-ce3d-4391-bb12-d4211c02ede9","false"
"1775233822453","matchmaker_lock","2026-04-03T16:30:19.953Z","69cfeb1cb30176ea47d2739a","2026-04-03T16:30:20.500000","2026-04-03T16:30:20.500000","service_eb508f39-ce3d-4391-bb12-d4211c02ede9","false"
"1775233822367","matchmaker_lock","2026-04-03T16:30:19.867Z","69cfeb1c816a1f5fff3fbf4c","2026-04-03T16:30:20.304000","2026-04-03T16:30:20.304000","service_eb508f39-ce3d-4391-bb12-d4211c02ede9","false"
"1775233819028","matchmaker_lastTickAt","2026-04-03T16:30:19.028Z","69cfeb1ba23e2bcab6c4f297","2026-04-03T16:30:19.674000","2026-04-03T16:30:19.674000","service_eb508f39-ce3d-4391-bb12-d4211c02ede9","false"
"1775233821528","matchmaker_lock","2026-04-03T16:30:19.028Z","69cfeb1bb6368a3ab2030da4","2026-04-03T16:30:19.487000","2026-04-03T16:30:19.487000","service_eb508f39-ce3d-4391-bb12-d4211c02ede9","false"
"1775233811927","matchmaker_lastTickAt","2026-04-03T16:30:11.927Z","69cfeb0faada9918b87b31c4","2026-04-03T16:30:07.078000","2026-04-03T16:30:12.799000","service_eb508f39-ce3d-4391-bb12-d4211c02ede9","false"
"1775233814427","matchmaker_lock","2026-04-03T16:30:11.927Z","69cfeb0eff23c7fd070943c7","2026-04-03T16:30:06.848000","2026-04-03T16:30:12.601000","service_eb508f39-ce3d-4391-bb12-d4211c02ede9","false"
"1775233804909","matchmaker_lastTickAt","2026-04-03T16:30:04.909Z","69cfeb0d69dfa45662099e06","2026-04-03T16:30:05.714000","2026-04-03T16:30:05.714000","service_eb508f39-ce3d-4391-bb12-d4211c02ede9","false"
"1775233807409","matchmaker_lock","2026-04-03T16:30:04.909Z","69cfeb0dcdec0bb0b4c3644c","2026-04-03T16:30:05.540000","2026-04-03T16:30:05.540000","service_eb508f39-ce3d-4391-bb12-d4211c02ede9","false"
"1775233798857","matchmaker_lastTickAt","2026-04-03T16:29:58.857Z","69cfeb07f1db98774449be57","2026-04-03T16:29:59.490000","2026-04-03T16:29:59.490000","service_eb508f39-ce3d-4391-bb12-d4211c02ede9","false"
"1775233798739","matchmaker_lastTickAt","2026-04-03T16:29:58.739Z","69cfeb07037a8936c21d20b4","2026-04-03T16:29:59.458000","2026-04-03T16:29:59.458000","service_eb508f39-ce3d-4391-bb12-d4211c02ede9","false"
"1775233801357","matchmaker_lock","2026-04-03T16:29:58.857Z","69cfeb07e7833494c7befb9d","2026-04-03T16:29:59.319000","2026-04-03T16:29:59.319000","service_eb508f39-ce3d-4391-bb12-d4211c02ede9","false"
"1775233801239","matchmaker_lock","2026-04-03T16:29:58.739Z","69cfeb07a9ce2b2dcfd162fe","2026-04-03T16:29:59.264000","2026-04-03T16:29:59.264000","service_eb508f39-ce3d-4391-bb12-d4211c02ede9","false"
"1775233798219","matchmaker_lastTickAt","2026-04-03T16:29:58.219Z","69cfeb0645ac3ff7ab84507c","2026-04-03T16:29:58.931000","2026-04-03T16:29:58.931000","service_eb508f39-ce3d-4391-bb12-d4211c02ede9","false"
"1775233800719","matchmaker_lock","2026-04-03T16:29:58.219Z","69cfeb06e65bf9a0c4fd2629","2026-04-03T16:29:58.723000","2026-04-03T16:29:58.723000","service_eb508f39-ce3d-4391-bb12-d4211c02ede9","false"
"1775233792070","matchmaker_lastTickAt","2026-04-03T16:29:52.070Z","69cfeb0000679a37f51f96ea","2026-04-03T16:29:52.883000","2026-04-03T16:29:52.883000","service_eb508f39-ce3d-4391-bb12-d4211c02ede9","false"
"1775233794570","matchmaker_lock","2026-04-03T16:29:52.070Z","69cfeb008b6d72a978ac705c","2026-04-03T16:29:52.640000","2026-04-03T16:29:52.640000","service_eb508f39-ce3d-4391-bb12-d4211c02ede9","false"
"1775233791752","matchmaker_lastTickAt","2026-04-03T16:29:51.752Z","69cfeb00ce0c8e81d070c49b","2026-04-03T16:29:52.377000","2026-04-03T16:29:52.377000","service_eb508f39-ce3d-4391-bb12-d4211c02ede9","false"
"1775233794252","matchmaker_lock","2026-04-03T16:29:51.752Z","69cfeb002d3543bf4fe55cc8","2026-04-03T16:29:52.189000","2026-04-03T16:29:52.189000","service_eb508f39-ce3d-4391-bb12-d4211c02ede9","false"
"1775233791033","matchmaker_lastTickAt","2026-04-03T16:29:51.033Z","69cd62c6860e60844b4534d0","2026-04-01T18:24:06.803000","2026-04-03T16:29:51.795000","service_eb508f39-ce3d-4391-bb12-d4211c02ede9","false"
"1775233793533","matchmaker_lock","2026-04-03T16:29:51.033Z","69cd62c6585e8ee0c1ac9791","2026-04-01T18:24:06.590000","2026-04-03T16:29:51.617000","service_eb508f39-ce3d-4391-bb12-d4211c02ede9","false"
"1775067845780","matchmaker_lastTickAt","2026-04-01T18:24:05.780Z","69cd62c624f78dea74b99569","2026-04-01T18:24:06.440000","2026-04-01T18:24:06.440000","service_eb508f39-ce3d-4391-bb12-d4211c02ede9","false"
"1775067848280","matchmaker_lock","2026-04-01T18:24:05.780Z","69cd62c6b932b8de9b6a2e89","2026-04-01T18:24:06.276000","2026-04-01T18:24:06.276000","service_eb508f39-ce3d-4391-bb12-d4211c02ede9","false"
"1775067841221","matchmaker_lock","2026-04-01T18:23:58.721Z","69cd62bfbf32a63e96a6cd06","2026-04-01T18:23:59.174000","2026-04-01T18:23:59.174000","service_eb508f39-ce3d-4391-bb12-d4211c02ede9","false"
"1775067838721","matchmaker_lastTickAt","2026-04-01T18:23:58.721Z","69cd62b863135bcf17c0b399","2026-04-01T18:23:52.393000","2026-04-01T18:23:59.337000","service_eb508f39-ce3d-4391-bb12-d4211c02ede9","false"
"1775067831558","matchmaker_lastTickAt","2026-04-01T18:23:51.558Z","69cd62b8cd918ce31b28eb28","2026-04-01T18:23:52.221000","2026-04-01T18:23:52.221000","service_eb508f39-ce3d-4391-bb12-d4211c02ede9","false"
"1775067841135","matchmaker_lock","2026-04-01T18:23:58.635Z","69cd62b829c9e128f819bc70","2026-04-01T18:23:52.190000","2026-04-01T18:23:59.145000","service_eb508f39-ce3d-4391-bb12-d4211c02ede9","false"
"1775067834058","matchmaker_lock","2026-04-01T18:23:51.558Z","69cd62b8957333b00d5c3b45","2026-04-01T18:23:52.062000","2026-04-01T18:23:52.062000","service_eb508f39-ce3d-4391-bb12-d4211c02ede9","false"
"1775067824673","matchmaker_lastTickAt","2026-04-01T18:23:44.673Z","69cd62b1bc1e1f46d5845870","2026-04-01T18:23:45.398000","2026-04-01T18:23:45.398000","service_eb508f39-ce3d-4391-bb12-d4211c02ede9","false"
"1775067824594","matchmaker_lastTickAt","2026-04-01T18:23:44.594Z","69cd62b13e3d5890e8f15cc6","2026-04-01T18:23:45.286000","2026-04-01T18:23:45.286000","service_eb508f39-ce3d-4391-bb12-d4211c02ede9","false"
"1775067827173","matchmaker_lock","2026-04-01T18:23:44.673Z","69cd62b18c2f7d97fade5db3","2026-04-01T18:23:45.216000","2026-04-01T18:23:45.216000","service_eb508f39-ce3d-4391-bb12-d4211c02ede9","false"
"1775067827094","matchmaker_lock","2026-04-01T18:23:44.594Z","69cd62b1e6d5a0fcd5744c62","2026-04-01T18:23:45.122000","2026-04-01T18:23:45.122000","service_eb508f39-ce3d-4391-bb12-d4211c02ede9","false"
"1775067820212","matchmaker_lock","2026-04-01T18:23:37.712Z","69cd628b6f0e17139a1a3710","2026-04-01T18:23:07.392000","2026-04-01T18:23:38.260000","service_eb508f39-ce3d-4391-bb12-d4211c02ede9","false"
"1775067817712","matchmaker_lastTickAt","2026-04-01T18:23:37.712Z","69cd39994df956a429eef541","2026-04-01T15:28:25.826000","2026-04-01T18:23:38.455000","service_eb508f39-ce3d-4391-bb12-d4211c02ede9","false"
"1775067789308","matchmaker_lock","2026-04-01T18:23:06.808Z","69cd39992ab38848ec70a078","2026-04-01T15:28:25.636000","2026-04-01T18:23:07.333000","service_eb508f39-ce3d-4391-bb12-d4211c02ede9","false"
"1775057302910","matchmaker_lastTickAt","2026-04-01T15:28:22.910Z","69cd38a9018df0ce9ed63912","2026-04-01T15:24:25.376000","2026-04-01T15:28:23.600000","service_eb508f39-ce3d-4391-bb12-d4211c02ede9","false"
"1775057305410","matchmaker_lock","2026-04-01T15:28:22.910Z","69cd38a9cc546ea1aa39bde2","2026-04-01T15:24:25.216000","2026-04-01T15:28:23.428000","service_eb508f39-ce3d-4391-bb12-d4211c02ede9","false"
"1775057057933","matchmaker_lastTickAt","2026-04-01T15:24:17.933Z","69cd38a29369306c880edd81","2026-04-01T15:24:18.588000","2026-04-01T15:24:18.588000","service_eb508f39-ce3d-4391-bb12-d4211c02ede9","false"
"1775057060433","matchmaker_lock","2026-04-01T15:24:17.933Z","69cd38a29e710c9f897c69d6","2026-04-01T15:24:18.432000","2026-04-01T15:24:18.432000","service_eb508f39-ce3d-4391-bb12-d4211c02ede9","false"
"1775057053106","matchmaker_lastTickAt","2026-04-01T15:24:13.106Z","69cd389d30e1d81a9cad83be","2026-04-01T15:24:13.771000","2026-04-01T15:24:13.771000","service_eb508f39-ce3d-4391-bb12-d4211c02ede9","false"
"1775057055606","matchmaker_lock","2026-04-01T15:24:13.106Z","69cd389d7b1b6b0a4d4d7f32","2026-04-01T15:24:13.553000","2026-04-01T15:24:13.553000","service_eb508f39-ce3d-4391-bb12-d4211c02ede9","false"
"1775057054337","matchmaker_lock","2026-04-01T15:24:11.837Z","69cc6920994c74dcfaa7ecfa","2026-04-01T00:38:56.504000","2026-04-01T15:24:12.737000","service_eb508f39-ce3d-4391-bb12-d4211c02ede9","false"
"1775003938089","matchmaker_lock","2026-04-01T00:38:55.589Z","69cc69191987b410a4e731e7","2026-04-01T00:38:49.772000","2026-04-01T00:38:56.335000","service_eb508f39-ce3d-4391-bb12-d4211c02ede9","false"
"1775057051837","matchmaker_lastTickAt","2026-04-01T15:24:11.837Z","69cc691206a1e1a3b242a1cd","2026-04-01T00:38:42.761000","2026-04-01T15:24:12.932000","service_eb508f39-ce3d-4391-bb12-d4211c02ede9","false"
"1775003930937","matchmaker_lock","2026-04-01T00:38:48.437Z","69cc6912f1706f174015ed70","2026-04-01T00:38:42.577000","2026-04-01T00:38:49.049000","service_eb508f39-ce3d-4391-bb12-d4211c02ede9","false"
"1775003921392","matchmaker_lastTickAt","2026-04-01T00:38:41.392Z","69cc691256203ac53cb3725b","2026-04-01T00:38:42.277000","2026-04-01T00:38:42.277000","service_eb508f39-ce3d-4391-bb12-d4211c02ede9","false"
"1775003923892","matchmaker_lock","2026-04-01T00:38:41.392Z","69cc691225fdda2ac888b7f1","2026-04-01T00:38:42.039000","2026-04-01T00:38:42.039000","service_eb508f39-ce3d-4391-bb12-d4211c02ede9","false"
"1775003915047","matchmaker_lastTickAt","2026-04-01T00:38:35.047Z","69cc690b6dbccff2f886e55d","2026-04-01T00:38:35.819000","2026-04-01T00:38:35.819000","service_eb508f39-ce3d-4391-bb12-d4211c02ede9","false"
"1775003917547","matchmaker_lock","2026-04-01T00:38:35.047Z","69cc690b54e638359b84f566","2026-04-01T00:38:35.633000","2026-04-01T00:38:35.633000","service_eb508f39-ce3d-4391-bb12-d4211c02ede9","false"
"1775003914369","matchmaker_lastTickAt","2026-04-01T00:38:34.369Z","69cc00b48c7d5e7b66c19bc5","2026-03-31T17:13:24.338000","2026-04-01T00:38:35.327000","service_eb508f39-ce3d-4391-bb12-d4211c02ede9","false"
"1775003916869","matchmaker_lock","2026-04-01T00:38:34.369Z","69cc00b48bfdbf4b732bf127","2026-03-31T17:13:24.158000","2026-04-01T00:38:35.077000","service_eb508f39-ce3d-4391-bb12-d4211c02ede9","false"
"1774977200522","matchmaker_lastTickAt","2026-03-31T17:13:20.522Z","69cc00b1f9a7e3904b8f5ce8","2026-03-31T17:13:21.195000","2026-03-31T17:13:21.195000","service_eb508f39-ce3d-4391-bb12-d4211c02ede9","false"
"1774977203022","matchmaker_lock","2026-03-31T17:13:20.522Z","69cc00b10a2d843bf8e540f9","2026-03-31T17:13:21.007000","2026-03-31T17:13:21.007000","service_eb508f39-ce3d-4391-bb12-d4211c02ede9","false"
"1774977196740","matchmaker_lastTickAt","2026-03-31T17:13:16.740Z","69cc00aab9f05a5b8484eb90","2026-03-31T17:13:14.245000","2026-03-31T17:13:17.497000","service_eb508f39-ce3d-4391-bb12-d4211c02ede9","false"
"1774977199240","matchmaker_lock","2026-03-31T17:13:16.740Z","69cc00aa28f7dd831b143797","2026-03-31T17:13:14.035000","2026-03-31T17:13:17.320000","service_eb508f39-ce3d-4391-bb12-d4211c02ede9","false"
"1774977189731","matchmaker_lastTickAt","2026-03-31T17:13:09.731Z","69cc00a6cca166072eceeece","2026-03-31T17:13:10.431000","2026-03-31T17:13:10.431000","service_eb508f39-ce3d-4391-bb12-d4211c02ede9","false"
"1774977192231","matchmaker_lock","2026-03-31T17:13:09.731Z","69cc00a64e447da18c88c152","2026-03-31T17:13:10.259000","2026-03-31T17:13:10.259000","service_eb508f39-ce3d-4391-bb12-d4211c02ede9","false"
"1774977186588","matchmaker_lastTickAt","2026-03-31T17:13:06.588Z","69cc00a3fdc4a6e150bbdbd9","2026-03-31T17:13:07.313000","2026-03-31T17:13:07.313000","service_eb508f39-ce3d-4391-bb12-d4211c02ede9","false"
"1774977189088","matchmaker_lock","2026-03-31T17:13:06.588Z","69cc00a3500bb469ebf8a6da","2026-03-31T17:13:07.122000","2026-03-31T17:13:07.122000","service_eb508f39-ce3d-4391-bb12-d4211c02ede9","false"
"1774977182615","matchmaker_lastTickAt","2026-03-31T17:13:02.615Z","69cafa92a80dccaa36592d77","2026-03-30T22:34:58.378000","2026-03-31T17:13:03.317000","service_eb508f39-ce3d-4391-bb12-d4211c02ede9","false"
"1774977185115","matchmaker_lock","2026-03-31T17:13:02.615Z","69cafa928812411d5d649f40","2026-03-30T22:34:58.167000","2026-03-31T17:13:03.138000","service_eb508f39-ce3d-4391-bb12-d4211c02ede9","false"
"1774910096612","matchmaker_lastTickAt","2026-03-30T22:34:56.612Z","69cafa914f7612dae64d137d","2026-03-30T22:34:57.401000","2026-03-30T22:34:57.401000","service_eb508f39-ce3d-4391-bb12-d4211c02ede9","false"
"1774910099112","matchmaker_lock","2026-03-30T22:34:56.612Z","69cafa91d3aa18c70d3b773a","2026-03-30T22:34:57.174000","2026-03-30T22:34:57.174000","service_eb508f39-ce3d-4391-bb12-d4211c02ede9","false"
"1774910092128","matchmaker_lock","2026-03-30T22:34:49.628Z","69cafa1a84b9c15ea63a8e71","2026-03-30T22:32:58.161000","2026-03-30T22:34:50.333000","service_eb508f39-ce3d-4391-bb12-d4211c02ede9","false"
"1774910089628","matchmaker_lastTickAt","2026-03-30T22:34:49.628Z","69cafa0c19e599abc5e460b4","2026-03-30T22:32:44.486000","2026-03-30T22:34:50.564000","service_eb508f39-ce3d-4391-bb12-d4211c02ede9","false"
"1774909979985","matchmaker_lock","2026-03-30T22:32:57.485Z","69cafa0c7f6dcff3d666b2aa","2026-03-30T22:32:44.247000","2026-03-30T22:32:58.068000","service_eb508f39-ce3d-4391-bb12-d4211c02ede9","false"
"1774909963486","matchmaker_lastTickAt","2026-03-30T22:32:43.486Z","69cafa0c430fd23723dbbfe8","2026-03-30T22:32:44.224000","2026-03-30T22:32:44.224000","service_eb508f39-ce3d-4391-bb12-d4211c02ede9","false"
"1774909965986","matchmaker_lock","2026-03-30T22:32:43.486Z","69cafa0b76217572f089c1df","2026-03-30T22:32:43.984000","2026-03-30T22:32:43.984000","service_eb508f39-ce3d-4391-bb12-d4211c02ede9","false"
"1774909960643","matchmaker_lastTickAt","2026-03-30T22:32:40.643Z","69cafa09561904c17dc4eead","2026-03-30T22:32:41.328000","2026-03-30T22:32:41.328000","service_eb508f39-ce3d-4391-bb12-d4211c02ede9","false"
"1774909963143","matchmaker_lock","2026-03-30T22:32:40.643Z","69cafa09e6531151fca255ca","2026-03-30T22:32:41.135000","2026-03-30T22:32:41.135000","service_eb508f39-ce3d-4391-bb12-d4211c02ede9","false"
"1774909956614","matchmaker_lastTickAt","2026-03-30T22:32:36.614Z","69cafa05ff3042de4ef0f4c4","2026-03-30T22:32:37.456000","2026-03-30T22:32:37.456000","service_eb508f39-ce3d-4391-bb12-d4211c02ede9","false"
"1774909959114","matchmaker_lock","2026-03-30T22:32:36.614Z","69cafa05d2d1866c980a1b3e","2026-03-30T22:32:37.183000","2026-03-30T22:32:37.183000","service_eb508f39-ce3d-4391-bb12-d4211c02ede9","false"
"1774909949817","matchmaker_lastTickAt","2026-03-30T22:32:29.817Z","69c885a6550a9fd2951446ea","2026-03-29T01:51:34.935000","2026-03-30T22:32:30.582000","service_eb508f39-ce3d-4391-bb12-d4211c02ede9","false"
"1774909952317","matchmaker_lock","2026-03-30T22:32:29.817Z","69c885a658b3eb5e8a5e655c","2026-03-29T01:51:34.765000","2026-03-30T22:32:30.365000","service_eb508f39-ce3d-4391-bb12-d4211c02ede9","false"
"1774749092250","matchmaker_lastTickAt","2026-03-29T01:51:32.250Z","69c88528a3460494a18612dc","2026-03-29T01:49:28.750000","2026-03-29T01:51:33.208000","service_eb508f39-ce3d-4391-bb12-d4211c02ede9","false"
"1774749094750","matchmaker_lock","2026-03-29T01:51:32.250Z","69c88528f22e08eca64875ef","2026-03-29T01:49:28.593000","2026-03-29T01:51:33.002000","service_eb508f39-ce3d-4391-bb12-d4211c02ede9","false"
"1774748966267","matchmaker_lastTickAt","2026-03-29T01:49:26.267Z","69c88521fcacac0a579996aa","2026-03-29T01:49:21.846000","2026-03-29T01:49:26.953000","service_eb508f39-ce3d-4391-bb12-d4211c02ede9","false"
"1774748968767","matchmaker_lock","2026-03-29T01:49:26.267Z","69c88521039c2e9768f6c794","2026-03-29T01:49:21.640000","2026-03-29T01:49:26.779000","service_eb508f39-ce3d-4391-bb12-d4211c02ede9","false"
"1774748959241","matchmaker_lastTickAt","2026-03-29T01:49:19.241Z","69c8851f90006e7ef3425938","2026-03-29T01:49:19.873000","2026-03-29T01:49:19.873000","service_eb508f39-ce3d-4391-bb12-d4211c02ede9","false"
"1774748961741","matchmaker_lock","2026-03-29T01:49:19.241Z","69c8851fdfbf86dce74c6e6e","2026-03-29T01:49:19.704000","2026-03-29T01:49:19.704000","service_eb508f39-ce3d-4391-bb12-d4211c02ede9","false"
"1774748954195","matchmaker_lastTickAt","2026-03-29T01:49:14.195Z","69c8851acf1fcffe1c27885d","2026-03-29T01:49:14.814000","2026-03-29T01:49:14.814000","service_eb508f39-ce3d-4391-bb12-d4211c02ede9","false"
"1774748956695","matchmaker_lock","2026-03-29T01:49:14.195Z","69c8851a99b0e8d0b2dd66d7","2026-03-29T01:49:14.635000","2026-03-29T01:49:14.635000","service_eb508f39-ce3d-4391-bb12-d4211c02ede9","false"
"1774748952249","matchmaker_lastTickAt","2026-03-29T01:49:12.249Z","69c885180bff5e54b207cee8","2026-03-29T01:49:12.924000","2026-03-29T01:49:12.924000","service_eb508f39-ce3d-4391-bb12-d4211c02ede9","false"
"1774748954749","matchmaker_lock","2026-03-29T01:49:12.249Z","69c88518438df1d9c93356e6","2026-03-29T01:49:12.737000","2026-03-29T01:49:12.737000","service_eb508f39-ce3d-4391-bb12-d4211c02ede9","false"
"1774748949834","matchmaker_lock","2026-03-29T01:49:07.334Z","69c88513a0ed86f24c58aa6b","2026-03-29T01:49:07.827000","2026-03-29T01:49:07.827000","service_eb508f39-ce3d-4391-bb12-d4211c02ede9","false"
"1774748947334","matchmaker_lastTickAt","2026-03-29T01:49:07.334Z","69c7d6539af901713f717a74","2026-03-28T13:23:31.388000","2026-03-29T01:49:08.075000","service_eb508f39-ce3d-4391-bb12-d4211c02ede9","false"
"1774748947847","matchmaker_lock","2026-03-29T01:49:05.347Z","69c7d653b69833e24d556e6c","2026-03-28T13:23:31.228000","2026-03-29T01:49:05.861000","service_eb508f39-ce3d-4391-bb12-d4211c02ede9","false"
"1774704209052","matchmaker_lastTickAt","2026-03-28T13:23:29.052Z","69c7d6459d5d382eef9349a3","2026-03-28T13:23:17.262000","2026-03-28T13:23:29.744000","service_eb508f39-ce3d-4391-bb12-d4211c02ede9","false"
"1774704211552","matchmaker_lock","2026-03-28T13:23:29.052Z","69c7d645d469a552db52925b","2026-03-28T13:23:17.086000","2026-03-28T13:23:29.572000","service_eb508f39-ce3d-4391-bb12-d4211c02ede9","false"
"1774704195827","matchmaker_lastTickAt","2026-03-28T13:23:15.827Z","69c7d6445911191f37058f4c","2026-03-28T13:23:16.363000","2026-03-28T13:23:16.363000","service_eb508f39-ce3d-4391-bb12-d4211c02ede9","false"
"1774704198327","matchmaker_lock","2026-03-28T13:23:15.827Z","69c7d644a66bb4cddd063c03","2026-03-28T13:23:16.218000","2026-03-28T13:23:16.218000","service_eb508f39-ce3d-4391-bb12-d4211c02ede9","false"
"1774704195161","matchmaker_lastTickAt","2026-03-28T13:23:15.161Z","69c7d64359b361a92623cfe4","2026-03-28T13:23:15.915000","2026-03-28T13:23:15.915000","service_eb508f39-ce3d-4391-bb12-d4211c02ede9","false"
"1774704197661","matchmaker_lock","2026-03-28T13:23:15.161Z","69c7d64382a576b99e3baced","2026-03-28T13:23:15.635000","2026-03-28T13:23:15.635000","service_eb508f39-ce3d-4391-bb12-d4211c02ede9","false"
"1774704188136","matchmaker_lastTickAt","2026-03-28T13:23:08.136Z","69c7d4d999d2127669a09267","2026-03-28T13:17:13.219000","2026-03-28T13:23:08.841000","service_eb508f39-ce3d-4391-bb12-d4211c02ede9","false"
"1774704190636","matchmaker_lock","2026-03-28T13:23:08.136Z","69c7d4d905b9101f1005db26","2026-03-28T13:17:13.050000","2026-03-28T13:23:08.672000","service_eb508f39-ce3d-4391-bb12-d4211c02ede9","false"
"1774703834472","matchmaker_lock","2026-03-28T13:17:11.972Z","69c7d4d8d51bb8e49a0841e1","2026-03-28T13:17:12.749000","2026-03-28T13:17:12.749000","service_eb508f39-ce3d-4391-bb12-d4211c02ede9","false"
"1774703833567","matchmaker_lock","2026-03-28T13:17:11.067Z","69c7d4b625fa83a0121fa7af","2026-03-28T13:16:38.103000","2026-03-28T13:17:11.558000","service_eb508f39-ce3d-4391-bb12-d4211c02ede9","false"
"1774703831972","matchmaker_lastTickAt","2026-03-28T13:17:11.972Z","69c7d4afc0e23fcddff6ce64","2026-03-28T13:16:31.195000","2026-03-28T13:17:14.089000","service_eb508f39-ce3d-4391-bb12-d4211c02ede9","false"
"1774703798664","matchmaker_lock","2026-03-28T13:16:36.164Z","69c7d4ae392d0acfd647a60a","2026-03-28T13:16:30.944000","2026-03-28T13:16:36.709000","service_eb508f39-ce3d-4391-bb12-d4211c02ede9","false"
"1774703789260","matchmaker_lastTickAt","2026-03-28T13:16:29.260Z","69c7d4adc2cb5a34b5f46a4e","2026-03-28T13:16:29.875000","2026-03-28T13:16:29.875000","service_eb508f39-ce3d-4391-bb12-d4211c02ede9","false"
"1774703791760","matchmaker_lock","2026-03-28T13:16:29.260Z","69c7d4ad9af901713f7176c6","2026-03-28T13:16:29.714000","2026-03-28T13:16:29.714000","service_eb508f39-ce3d-4391-bb12-d4211c02ede9","false"
"1774703783046","matchmaker_lastTickAt","2026-03-28T13:16:23.046Z","69c7d4a7873d946f6244a88b","2026-03-28T13:16:23.677000","2026-03-28T13:16:23.677000","service_eb508f39-ce3d-4391-bb12-d4211c02ede9","false"
"1774703785546","matchmaker_lock","2026-03-28T13:16:23.046Z","69c7d4a73f7b96681e283ea3","2026-03-28T13:16:23.519000","2026-03-28T13:16:23.519000","service_eb508f39-ce3d-4391-bb12-d4211c02ede9","false"
"1774703784671","matchmaker_lock","2026-03-28T13:16:22.171Z","69c7d4a1664160c8020add2f","2026-03-28T13:16:17.041000","2026-03-28T13:16:22.677000","service_eb508f39-ce3d-4391-bb12-d4211c02ede9","false"
"1774703782171","matchmaker_lastTickAt","2026-03-28T13:16:22.171Z","69c7d4a0f87439a5b48cfe1c","2026-03-28T13:16:16.496000","2026-03-28T13:16:22.831000","service_eb508f39-ce3d-4391-bb12-d4211c02ede9","false"
"1774703778340","matchmaker_lock","2026-03-28T13:16:15.840Z","69c7d4a0171ea5865d8b4757","2026-03-28T13:16:16.343000","2026-03-28T13:16:16.343000","service_eb508f39-ce3d-4391-bb12-d4211c02ede9","false"
"1774703775125","matchmaker_lastTickAt","2026-03-28T13:16:15.125Z","69c7d49a8d390571d292ca17","2026-03-28T13:16:10.310000","2026-03-28T13:16:15.881000","service_eb508f39-ce3d-4391-bb12-d4211c02ede9","false"
"1774703777625","matchmaker_lock","2026-03-28T13:16:15.125Z","69c7d49a51c487d3c338a3cc","2026-03-28T13:16:10.127000","2026-03-28T13:16:15.672000","service_eb508f39-ce3d-4391-bb12-d4211c02ede9","false"
"1774703769523","matchmaker_lastTickAt","2026-03-28T13:16:09.523Z","69c7d49ac03a46bd706231f1","2026-03-28T13:16:10.124000","2026-03-28T13:16:10.124000","service_eb508f39-ce3d-4391-bb12-d4211c02ede9","false"
"1774703772023","matchmaker_lock","2026-03-28T13:16:09.523Z","69c7d499c569a6082a9e5c7f","2026-03-28T13:16:09.942000","2026-03-28T13:16:09.942000","service_eb508f39-ce3d-4391-bb12-d4211c02ede9","false"
"1774703768205","matchmaker_lastTickAt","2026-03-28T13:16:08.205Z","69c7d49842e59a2a37fd29b8","2026-03-28T13:16:08.765000","2026-03-28T13:16:08.765000","service_eb508f39-ce3d-4391-bb12-d4211c02ede9","false"
"1774703770705","matchmaker_lock","2026-03-28T13:16:08.205Z","69c7d498c3a7638ba9713504","2026-03-28T13:16:08.601000","2026-03-28T13:16:08.601000","service_eb508f39-ce3d-4391-bb12-d4211c02ede9","false"
"1774703762642","matchmaker_lastTickAt","2026-03-28T13:16:02.642Z","69c7d4933302957fbe493ac9","2026-03-28T13:16:03.211000","2026-03-28T13:16:03.211000","service_eb508f39-ce3d-4391-bb12-d4211c02ede9","false"
"1774703765142","matchmaker_lock","2026-03-28T13:16:02.642Z","69c7d493d3c5681d47ece8db","2026-03-28T13:16:03.027000","2026-03-28T13:16:03.027000","service_eb508f39-ce3d-4391-bb12-d4211c02ede9","false"
"1774703761753","matchmaker_lastTickAt","2026-03-28T13:16:01.753Z","69c7d492b03aa53d46a00fba","2026-03-28T13:16:02.326000","2026-03-28T13:16:02.326000","service_eb508f39-ce3d-4391-bb12-d4211c02ede9","false"
"1774703764253","matchmaker_lock","2026-03-28T13:16:01.753Z","69c7d492ac83b49d05582853","2026-03-28T13:16:02.155000","2026-03-28T13:16:02.155000","service_eb508f39-ce3d-4391-bb12-d4211c02ede9","false"
"1774703761043","matchmaker_lastTickAt","2026-03-28T13:16:01.043Z","69c7d491507a03739066b3e6","2026-03-28T13:16:01.646000","2026-03-28T13:16:01.646000","service_eb508f39-ce3d-4391-bb12-d4211c02ede9","false"
"1774703763543","matchmaker_lock","2026-03-28T13:16:01.043Z","69c7d4915163c89d40024257","2026-03-28T13:16:01.474000","2026-03-28T13:16:01.474000","service_eb508f39-ce3d-4391-bb12-d4211c02ede9","false"
"1774703755655","matchmaker_lastTickAt","2026-03-28T13:15:55.655Z","69c7d48ce2ca0d5f9cfb6066","2026-03-28T13:15:56.261000","2026-03-28T13:15:56.261000","service_eb508f39-ce3d-4391-bb12-d4211c02ede9","false"
"1774703758155","matchmaker_lock","2026-03-28T13:15:55.655Z","69c7d48c6be858560a7730af","2026-03-28T13:15:56.095000","2026-03-28T13:15:56.095000","service_eb508f39-ce3d-4391-bb12-d4211c02ede9","false"
"1774703754883","matchmaker_lastTickAt","2026-03-28T13:15:54.883Z","69c7d48b12016008090319d4","2026-03-28T13:15:55.501000","2026-03-28T13:15:55.501000","service_eb508f39-ce3d-4391-bb12-d4211c02ede9","false"
"1774703757383","matchmaker_lock","2026-03-28T13:15:54.883Z","69c7d48b46128630ed473aad","2026-03-28T13:15:55.348000","2026-03-28T13:15:55.348000","service_eb508f39-ce3d-4391-bb12-d4211c02ede9","false"
"1774703754145","matchmaker_lastTickAt","2026-03-28T13:15:54.145Z","69c7d48a1cb70fb70f89a402","2026-03-28T13:15:54.745000","2026-03-28T13:15:54.745000","service_eb508f39-ce3d-4391-bb12-d4211c02ede9","false"
"1774703756645","matchmaker_lock","2026-03-28T13:15:54.145Z","69c7d48a22ddd19bee53d682","2026-03-28T13:15:54.560000","2026-03-28T13:15:54.560000","service_eb508f39-ce3d-4391-bb12-d4211c02ede9","false"
"1774703748664","matchmaker_lastTickAt","2026-03-28T13:15:48.664Z","69c7d48573410656a8e7de62","2026-03-28T13:15:49.357000","2026-03-28T13:15:49.357000","service_eb508f39-ce3d-4391-bb12-d4211c02ede9","false"
"1774703751164","matchmaker_lock","2026-03-28T13:15:48.664Z","69c7d48525fa83a0121fa797","2026-03-28T13:15:49.181000","2026-03-28T13:15:49.181000","service_eb508f39-ce3d-4391-bb12-d4211c02ede9","false"
"1774703747150","matchmaker_lastTickAt","2026-03-28T13:15:47.150Z","69c7d40582a576b99e3bab94","2026-03-28T13:13:41.636000","2026-03-28T13:15:47.810000","service_eb508f39-ce3d-4391-bb12-d4211c02ede9","false"
"1774703749650","matchmaker_lock","2026-03-28T13:15:47.150Z","69c7d4053bb7e7ae1287d15b","2026-03-28T13:13:41.445000","2026-03-28T13:15:47.654000","service_eb508f39-ce3d-4391-bb12-d4211c02ede9","false"
"1774703618251","matchmaker_lastTickAt","2026-03-28T13:13:38.251Z","69c7d3fee1a7ee1bdf2e6d86","2026-03-28T13:13:34.821000","2026-03-28T13:13:39.300000","service_eb508f39-ce3d-4391-bb12-d4211c02ede9","false"
"1774703620751","matchmaker_lock","2026-03-28T13:13:38.251Z","69c7d3fe37b7f2082cd28a77","2026-03-28T13:13:34.637000","2026-03-28T13:13:39.123000","service_eb508f39-ce3d-4391-bb12-d4211c02ede9","false"
"1774703613770","matchmaker_lock","2026-03-28T13:13:31.270Z","69c7d3fb2210ad318c92681f","2026-03-28T13:13:31.898000","2026-03-28T13:13:31.898000","service_eb508f39-ce3d-4391-bb12-d4211c02ede9","false"
"1774703611270","matchmaker_lastTickAt","2026-03-28T13:13:31.270Z","69c7d3f78d84c491d70726d0","2026-03-28T13:13:27.819000","2026-03-28T13:13:32.051000","service_eb508f39-ce3d-4391-bb12-d4211c02ede9","false"
"1774703609689","matchmaker_lock","2026-03-28T13:13:27.189Z","69c7d3f77b8e3d9c17615a3d","2026-03-28T13:13:27.635000","2026-03-28T13:13:27.635000","service_eb508f39-ce3d-4391-bb12-d4211c02ede9","false"
"1774703606842","matchmaker_lock","2026-03-28T13:13:24.342Z","69c7d3f43f7b96681e283e4e","2026-03-28T13:13:24.808000","2026-03-28T13:13:24.808000","service_eb508f39-ce3d-4391-bb12-d4211c02ede9","false"
"1774703604342","matchmaker_lastTickAt","2026-03-28T13:13:24.342Z","69c7d3f0ac5b026ee716ceb4","2026-03-28T13:13:20.775000","2026-03-28T13:13:25.002000","service_eb508f39-ce3d-4391-bb12-d4211c02ede9","false"
"1774703602617","matchmaker_lock","2026-03-28T13:13:20.117Z","69c7d3f053590c7520e3ace0","2026-03-28T13:13:20.590000","2026-03-28T13:13:20.590000","service_eb508f39-ce3d-4391-bb12-d4211c02ede9","false"
"1774703597339","matchmaker_lastTickAt","2026-03-28T13:13:17.339Z","69c7d3e994f0c6cf9c92fb06","2026-03-28T13:13:13.884000","2026-03-28T13:13:17.973000","service_eb508f39-ce3d-4391-bb12-d4211c02ede9","false"
"1774703599839","matchmaker_lock","2026-03-28T13:13:17.339Z","69c7d3e9b56ad018cc895636","2026-03-28T13:13:13.560000","2026-03-28T13:13:17.824000","service_eb508f39-ce3d-4391-bb12-d4211c02ede9","false"
"1774703590273","matchmaker_lastTickAt","2026-03-28T13:13:10.273Z","69c7d3e29a435ebb10713542","2026-03-28T13:13:06.737000","2026-03-28T13:13:10.977000","service_eb508f39-ce3d-4391-bb12-d4211c02ede9","false"
"1774703592773","matchmaker_lock","2026-03-28T13:13:10.273Z","69c7d3e2a300b010320839da","2026-03-28T13:13:06.546000","2026-03-28T13:13:10.801000","service_eb508f39-ce3d-4391-bb12-d4211c02ede9","false"
"1774703583794","matchmaker_lastTickAt","2026-03-28T13:13:03.794Z","69c7d3aba69b130b01fbc85b","2026-03-28T13:12:11.311000","2026-03-28T13:13:05.425000","service_eb508f39-ce3d-4391-bb12-d4211c02ede9","false"
"1774703586294","matchmaker_lock","2026-03-28T13:13:03.794Z","69c7d3ab9b19f11c06d6af55","2026-03-28T13:12:11.142000","2026-03-28T13:13:04.320000","service_eb508f39-ce3d-4391-bb12-d4211c02ede9","false"
"1774703527740","matchmaker_lastTickAt","2026-03-28T13:12:07.740Z","69c7d35747d952efbfc98abf","2026-03-28T13:10:47.477000","2026-03-28T13:12:08.421000","service_eb508f39-ce3d-4391-bb12-d4211c02ede9","false"
"1774703530240","matchmaker_lock","2026-03-28T13:12:07.740Z","69c7d3508d390571d292c97e","2026-03-28T13:10:40.256000","2026-03-28T13:12:08.256000","service_eb508f39-ce3d-4391-bb12-d4211c02ede9","false"
"1774703443792","matchmaker_lastTickAt","2026-03-28T13:10:43.792Z","69c7d349282590900172eee5","2026-03-28T13:10:33.360000","2026-03-28T13:10:44.550000","service_eb508f39-ce3d-4391-bb12-d4211c02ede9","false"
"1774703439450","matchmaker_lock","2026-03-28T13:10:36.950Z","69c7d34939d087ff15d81879","2026-03-28T13:10:33.185000","2026-03-28T13:10:37.407000","service_eb508f39-ce3d-4391-bb12-d4211c02ede9","false"
"1774703429742","matchmaker_lastTickAt","2026-03-28T13:10:29.742Z","69c7d3468b5f877c0add76f0","2026-03-28T13:10:30.282000","2026-03-28T13:10:30.282000","service_eb508f39-ce3d-4391-bb12-d4211c02ede9","false"
"1774703432242","matchmaker_lock","2026-03-28T13:10:29.742Z","69c7d346f72114d3489ee767","2026-03-28T13:10:30.120000","2026-03-28T13:10:30.120000","service_eb508f39-ce3d-4391-bb12-d4211c02ede9","false"
"1774703425733","matchmaker_lastTickAt","2026-03-28T13:10:25.733Z","69c7d34233ba3faa8465d160","2026-03-28T13:10:26.355000","2026-03-28T13:10:26.355000","service_eb508f39-ce3d-4391-bb12-d4211c02ede9","false"
"1774703428233","matchmaker_lock","2026-03-28T13:10:25.733Z","69c7d3429829c86c20cb990e","2026-03-28T13:10:26.192000","2026-03-28T13:10:26.192000","service_eb508f39-ce3d-4391-bb12-d4211c02ede9","false"
"1774703422794","matchmaker_lastTickAt","2026-03-28T13:10:22.794Z","69c7d33fb1d2a712ac013561","2026-03-28T13:10:23.367000","2026-03-28T13:10:23.367000","service_eb508f39-ce3d-4391-bb12-d4211c02ede9","false"
"1774703425294","matchmaker_lock","2026-03-28T13:10:22.794Z","69c7d33fe6f92acef909de87","2026-03-28T13:10:23.208000","2026-03-28T13:10:23.208000","service_eb508f39-ce3d-4391-bb12-d4211c02ede9","false"
"1774703418687","matchmaker_lastTickAt","2026-03-28T13:10:18.687Z","69c7d33b26b11b6daaf58eec","2026-03-28T13:10:19.290000","2026-03-28T13:10:19.290000","service_eb508f39-ce3d-4391-bb12-d4211c02ede9","false"
"1774703421187","matchmaker_lock","2026-03-28T13:10:18.687Z","69c7d33ba300b010320838b0","2026-03-28T13:10:19.120000","2026-03-28T13:10:19.120000","service_eb508f39-ce3d-4391-bb12-d4211c02ede9","false"
"1774703418193","matchmaker_lock","2026-03-28T13:10:15.693Z","69c427e4b3343ae7f21920dc","2026-03-25T18:22:28.009000","2026-03-28T13:10:16.317000","service_eb508f39-ce3d-4391-bb12-d4211c02ede9","false"
"1774703415693","matchmaker_lastTickAt","2026-03-28T13:10:15.693Z","69c427daf4ef23bc8b7b160e","2026-03-25T18:22:18.783000","2026-03-28T13:10:16.540000","service_eb508f39-ce3d-4391-bb12-d4211c02ede9","false"
"1774462948578","matchmaker_lock","2026-03-25T18:22:26.078Z","69c427daf248c1a681468f8e","2026-03-25T18:22:18.581000","2026-03-25T18:22:26.665000","service_eb508f39-ce3d-4391-bb12-d4211c02ede9","false"
"1774462931053","matchmaker_lastTickAt","2026-03-25T18:22:11.053Z","69c427d3c1a27ba7fa3f5ec1","2026-03-25T18:22:11.710000","2026-03-25T18:22:11.710000","service_eb508f39-ce3d-4391-bb12-d4211c02ede9","false"
"1774462933553","matchmaker_lock","2026-03-25T18:22:11.053Z","69c427d3dba3f3471afbb15c","2026-03-25T18:22:11.515000","2026-03-25T18:22:11.515000","service_eb508f39-ce3d-4391-bb12-d4211c02ede9","false"
"1774462930817","matchmaker_lastTickAt","2026-03-25T18:22:10.817Z","69c427d3771090ed2f398166","2026-03-25T18:22:11.503000","2026-03-25T18:22:11.503000","service_eb508f39-ce3d-4391-bb12-d4211c02ede9","false"
"1774462933317","matchmaker_lock","2026-03-25T18:22:10.817Z","69c427d343cac8a2198c5b34","2026-03-25T18:22:11.319000","2026-03-25T18:22:11.319000","service_eb508f39-ce3d-4391-bb12-d4211c02ede9","false"
"1774462926491","matchmaker_lock","2026-03-25T18:22:03.991Z","69c2b58d9094f765e96fd225","2026-03-24T16:02:21.458000","2026-03-25T18:22:04.535000","service_eb508f39-ce3d-4391-bb12-d4211c02ede9","false"
"1774368141634","matchmaker_lock","2026-03-24T16:02:19.134Z","69c2b58642cc5ed4b6af5d1b","2026-03-24T16:02:14.418000","2026-03-24T16:02:19.652000","service_eb508f39-ce3d-4391-bb12-d4211c02ede9","false"
"1774368136436","matchmaker_lock","2026-03-24T16:02:13.936Z","69c2b5866f73f7d4dd234ddf","2026-03-24T16:02:14.366000","2026-03-24T16:02:14.366000","service_eb508f39-ce3d-4391-bb12-d4211c02ede9","false"
"1774462923991","matchmaker_lastTickAt","2026-03-25T18:22:03.991Z","69c2b57f69e1c24151d7d675","2026-03-24T16:02:07.537000","2026-03-25T18:22:04.844000","service_eb508f39-ce3d-4391-bb12-d4211c02ede9","false"
"1774368126634","matchmaker_lastTickAt","2026-03-24T16:02:06.634Z","69c2b57fe0aa1e2a6f2f40b0","2026-03-24T16:02:07.468000","2026-03-24T16:02:07.468000","service_eb508f39-ce3d-4391-bb12-d4211c02ede9","false"
"1774368134535","matchmaker_lock","2026-03-24T16:02:12.035Z","69c2b57fb6eaca5f70a59b6d","2026-03-24T16:02:07.355000","2026-03-24T16:02:12.568000","service_eb508f39-ce3d-4391-bb12-d4211c02ede9","false"
"1774368129134","matchmaker_lock","2026-03-24T16:02:06.634Z","69c2b57f9eecff3845d98d4d","2026-03-24T16:02:07.199000","2026-03-24T16:02:07.199000","service_eb508f39-ce3d-4391-bb12-d4211c02ede9","false"
"1774368125095","matchmaker_lastTickAt","2026-03-24T16:02:05.095Z","69c2b57d0069de3e25bffeb5","2026-03-24T16:02:05.747000","2026-03-24T16:02:05.747000","service_eb508f39-ce3d-4391-bb12-d4211c02ede9","false"
"1774368127595","matchmaker_lock","2026-03-24T16:02:05.095Z","69c2b57d47b55566526a1b2a","2026-03-24T16:02:05.548000","2026-03-24T16:02:05.548000","service_eb508f39-ce3d-4391-bb12-d4211c02ede9","false"
"1774368120498","matchmaker_lock","2026-03-24T16:01:57.998Z","69c2b55cd0fb1ede0b85d11e","2026-03-24T16:01:32.729000","2026-03-24T16:01:59.427000","service_eb508f39-ce3d-4391-bb12-d4211c02ede9","false"
"1774368117998","matchmaker_lastTickAt","2026-03-24T16:01:57.998Z","69c2b55c5023da07e5fae63a","2026-03-24T16:01:32.613000","2026-03-24T16:01:59.637000","service_eb508f39-ce3d-4391-bb12-d4211c02ede9","false"
"1774368091761","matchmaker_lastTickAt","2026-03-24T16:01:31.761Z","69c2b55cff261ffe8f8f8a60","2026-03-24T16:01:32.554000","2026-03-24T16:01:32.554000","service_eb508f39-ce3d-4391-bb12-d4211c02ede9","false"
"1774368094457","matchmaker_lock","2026-03-24T16:01:31.957Z","69c2b55c3d486cc31d1701ea","2026-03-24T16:01:32.453000","2026-03-24T16:01:32.453000","service_eb508f39-ce3d-4391-bb12-d4211c02ede9","false"
"1774368094261","matchmaker_lock","2026-03-24T16:01:31.761Z","69c2b55c0a7d27b9087bd893","2026-03-24T16:01:32.376000","2026-03-24T16:01:32.376000","service_eb508f39-ce3d-4391-bb12-d4211c02ede9","false"
"1774368092166","matchmaker_lock","2026-03-24T16:01:29.666Z","69c2b55af70c676080913e6b","2026-03-24T16:01:30.170000","2026-03-24T16:01:30.170000","service_eb508f39-ce3d-4391-bb12-d4211c02ede9","false"
"1774368092247","matchmaker_lastTickAt","2026-03-24T16:01:32.247Z","69c2b558016394e828218a6d","2026-03-24T16:01:28.398000","2026-03-24T16:01:32.929000","service_eb508f39-ce3d-4391-bb12-d4211c02ede9","false"
"1774368090241","matchmaker_lock","2026-03-24T16:01:27.741Z","69c2b558ff261ffe8f8f8a5f","2026-03-24T16:01:28.212000","2026-03-24T16:01:28.212000","service_eb508f39-ce3d-4391-bb12-d4211c02ede9","false"
"1774368087210","matchmaker_lock","2026-03-24T16:01:24.710Z","69c2b555cc973a659a7d8fa0","2026-03-24T16:01:25.409000","2026-03-24T16:01:25.409000","service_eb508f39-ce3d-4391-bb12-d4211c02ede9","false"
"1774368084710","matchmaker_lastTickAt","2026-03-24T16:01:24.710Z","69c2b5501054ed2007416b57","2026-03-24T16:01:20.991000","2026-03-24T16:01:25.588000","service_eb508f39-ce3d-4391-bb12-d4211c02ede9","false"
"1774368087056","matchmaker_lock","2026-03-24T16:01:24.556Z","69c2b550476bdbfae9245b0e","2026-03-24T16:01:20.793000","2026-03-24T16:01:25.119000","service_eb508f39-ce3d-4391-bb12-d4211c02ede9","false"
"1774368081638","matchmaker_lock","2026-03-24T16:01:19.138Z","69c2b550aaf654c77ac81a0e","2026-03-24T16:01:20.092000","2026-03-24T16:01:20.092000","service_eb508f39-ce3d-4391-bb12-d4211c02ede9","false"
"1774368079138","matchmaker_lastTickAt","2026-03-24T16:01:19.138Z","69c2b54ee529aad4223bccbc","2026-03-24T16:01:18.787000","2026-03-24T16:01:20.273000","service_eb508f39-ce3d-4391-bb12-d4211c02ede9","false"
"1774368080305","matchmaker_lock","2026-03-24T16:01:17.805Z","69c2b54ed41718626967f3c3","2026-03-24T16:01:18.351000","2026-03-24T16:01:18.351000","service_eb508f39-ce3d-4391-bb12-d4211c02ede9","false"
"1774368077498","matchmaker_lastTickAt","2026-03-24T16:01:17.498Z","69c2b54eb90c707a7941011a","2026-03-24T16:01:18.191000","2026-03-24T16:01:18.191000","service_eb508f39-ce3d-4391-bb12-d4211c02ede9","false"
"1774368079998","matchmaker_lock","2026-03-24T16:01:17.498Z","69c2b54e495b3d3d96806aa1","2026-03-24T16:01:18.015000","2026-03-24T16:01:18.015000","service_eb508f39-ce3d-4391-bb12-d4211c02ede9","false"
"1774368074635","matchmaker_lock","2026-03-24T16:01:12.135Z","69c2b5491bf1241601a33b02","2026-03-24T16:01:13.201000","2026-03-24T16:01:13.201000","service_eb508f39-ce3d-4391-bb12-d4211c02ede9","false"
"1774368072052","matchmaker_lastTickAt","2026-03-24T16:01:12.052Z","69c2b548667bab5f99ad19f5","2026-03-24T16:01:12.757000","2026-03-24T16:01:12.757000","service_eb508f39-ce3d-4391-bb12-d4211c02ede9","false"
"1774368074552","matchmaker_lock","2026-03-24T16:01:12.052Z","69c2b548a1189338e210cc55","2026-03-24T16:01:12.529000","2026-03-24T16:01:12.529000","service_eb508f39-ce3d-4391-bb12-d4211c02ede9","false"
"1774368072135","matchmaker_lastTickAt","2026-03-24T16:01:12.135Z","69c2b53ccf90000893f6ef9c","2026-03-24T16:01:00.963000","2026-03-24T16:01:13.411000","service_eb508f39-ce3d-4391-bb12-d4211c02ede9","false"
"1774368066865","matchmaker_lock","2026-03-24T16:01:04.365Z","69c2b53cc2a6cec94616a0dd","2026-03-24T16:01:00.781000","2026-03-24T16:01:05.102000","service_eb508f39-ce3d-4391-bb12-d4211c02ede9","false"
"1774368059228","matchmaker_lock","2026-03-24T16:00:56.728Z","69c2b539325e76f998507942","2026-03-24T16:00:57.366000","2026-03-24T16:00:57.366000","service_eb508f39-ce3d-4391-bb12-d4211c02ede9","false"
"1774368056728","matchmaker_lastTickAt","2026-03-24T16:00:56.728Z","69c2b04642997f2ce22d4d19","2026-03-24T15:39:50.259000","2026-03-24T16:00:57.594000","service_eb508f39-ce3d-4391-bb12-d4211c02ede9","false"
"1774366786213","matchmaker_lastTickAt","2026-03-24T15:39:46.213Z","69c2b04291b0ab6ce23e6d0c","2026-03-24T15:39:46.901000","2026-03-24T15:39:46.901000","service_eb508f39-ce3d-4391-bb12-d4211c02ede9","false"
"1774368055735","matchmaker_lock","2026-03-24T16:00:53.235Z","69c2b042e07fc6389aae46d7","2026-03-24T15:39:46.692000","2026-03-24T16:00:53.706000","service_eb508f39-ce3d-4391-bb12-d4211c02ede9","false"
"1774366783100","matchmaker_lastTickAt","2026-03-24T15:39:43.100Z","69c2b03f0d6ff056db6ace1f","2026-03-24T15:39:43.798000","2026-03-24T15:39:43.798000","service_eb508f39-ce3d-4391-bb12-d4211c02ede9","false"
"1774366782536","matchmaker_lastTickAt","2026-03-24T15:39:42.536Z","69c2b03f7164c28ec408a602","2026-03-24T15:39:43.746000","2026-03-24T15:39:43.746000","service_eb508f39-ce3d-4391-bb12-d4211c02ede9","false"
"1774366785036","matchmaker_lock","2026-03-24T15:39:42.536Z","69c2b03f74240d67052a5bf7","2026-03-24T15:39:43.496000","2026-03-24T15:39:43.496000","service_eb508f39-ce3d-4391-bb12-d4211c02ede9","false"
"1774366785600","matchmaker_lock","2026-03-24T15:39:43.100Z","69c2b038ee777ab683283ab4","2026-03-24T15:39:36.976000","2026-03-24T15:39:43.614000","service_eb508f39-ce3d-4391-bb12-d4211c02ede9","false"
"1774366779220","matchmaker_lastTickAt","2026-03-24T15:39:39.220Z","69c2b03849bcf493cff309ef","2026-03-24T15:39:36.357000","2026-03-24T15:39:39.843000","service_eb508f39-ce3d-4391-bb12-d4211c02ede9","false"
"1774366778124","matchmaker_lock","2026-03-24T15:39:35.624Z","69c2b038f82f2189a89900f1","2026-03-24T15:39:36.176000","2026-03-24T15:39:36.176000","service_eb508f39-ce3d-4391-bb12-d4211c02ede9","false"
"1774366773627","matchmaker_lastTickAt","2026-03-24T15:39:33.627Z","69c2b036d4c6de2b6664e612","2026-03-24T15:39:34.545000","2026-03-24T15:39:34.545000","service_eb508f39-ce3d-4391-bb12-d4211c02ede9","false"
"1774366776127","matchmaker_lock","2026-03-24T15:39:33.627Z","69c2b0367ffb61995b10f06b","2026-03-24T15:39:34.232000","2026-03-24T15:39:34.232000","service_eb508f39-ce3d-4391-bb12-d4211c02ede9","false"
"1774366772207","matchmaker_lastTickAt","2026-03-24T15:39:32.207Z","69c2b034d2e8485beab0196a","2026-03-24T15:39:32.819000","2026-03-24T15:39:32.819000","service_eb508f39-ce3d-4391-bb12-d4211c02ede9","false"
"1774366774707","matchmaker_lock","2026-03-24T15:39:32.207Z","69c2b0345536d1ff8d0aa5e6","2026-03-24T15:39:32.660000","2026-03-24T15:39:32.660000","service_eb508f39-ce3d-4391-bb12-d4211c02ede9","false"
"1774366771001","matchmaker_lock","2026-03-24T15:39:28.501Z","69c2b01c86457434630966bf","2026-03-24T15:39:08.465000","2026-03-24T15:39:28.983000","service_eb508f39-ce3d-4391-bb12-d4211c02ede9","false"
"1774366768501","matchmaker_lastTickAt","2026-03-24T15:39:28.501Z","69c2b01a88ad64ee87d6a6f7","2026-03-24T15:39:06.381000","2026-03-24T15:39:29.203000","service_eb508f39-ce3d-4391-bb12-d4211c02ede9","false"
"1774366748117","matchmaker_lock","2026-03-24T15:39:05.617Z","69c2b01af82f2189a89900e6","2026-03-24T15:39:06.204000","2026-03-24T15:39:06.204000","service_eb508f39-ce3d-4391-bb12-d4211c02ede9","false"
"1774366746636","matchmaker_lock","2026-03-24T15:39:04.136Z","69c2b018b8dd4bcb1005317b","2026-03-24T15:39:04.559000","2026-03-24T15:39:04.559000","service_eb508f39-ce3d-4391-bb12-d4211c02ede9","false"
"1774366743424","matchmaker_lock","2026-03-24T15:39:00.924Z","69c2b01537223484652c6c79","2026-03-24T15:39:01.379000","2026-03-24T15:39:01.379000","service_eb508f39-ce3d-4391-bb12-d4211c02ede9","false"
"1774366741095","matchmaker_lock","2026-03-24T15:38:58.595Z","69c2b0134722e6fbd62dab0d","2026-03-24T15:38:59.400000","2026-03-24T15:38:59.400000","service_eb508f39-ce3d-4391-bb12-d4211c02ede9","false"
"1774366738141","matchmaker_lock","2026-03-24T15:38:55.641Z","69c2b0104055494518efd483","2026-03-24T15:38:56.127000","2026-03-24T15:38:56.127000","service_eb508f39-ce3d-4391-bb12-d4211c02ede9","false"
"1774366744136","matchmaker_lastTickAt","2026-03-24T15:39:04.136Z","69c2b00e5da215eb700bee87","2026-03-24T15:38:54.760000","2026-03-24T15:39:04.761000","service_eb508f39-ce3d-4391-bb12-d4211c02ede9","false"
"1774366736506","matchmaker_lock","2026-03-24T15:38:54.006Z","69c2b00e77c2633822ac526d","2026-03-24T15:38:54.561000","2026-03-24T15:38:54.561000","service_eb508f39-ce3d-4391-bb12-d4211c02ede9","false"
"1774366735946","matchmaker_lock","2026-03-24T15:38:53.446Z","69c2b00ef39213573d64c633","2026-03-24T15:38:54.011000","2026-03-24T15:38:54.011000","service_eb508f39-ce3d-4391-bb12-d4211c02ede9","false"
"1774366733446","matchmaker_lastTickAt","2026-03-24T15:38:53.446Z","69c2aff9997b46f5ba29f934","2026-03-24T15:38:33.875000","2026-03-24T15:38:54.185000","service_eb508f39-ce3d-4391-bb12-d4211c02ede9","false"
"1774366732699","matchmaker_lock","2026-03-24T15:38:50.199Z","69c2aff8bc3b2f57ddcf244f","2026-03-24T15:38:32.867000","2026-03-24T15:38:50.694000","service_eb508f39-ce3d-4391-bb12-d4211c02ede9","false"
"1774366713095","matchmaker_lock","2026-03-24T15:38:30.595Z","69c2aff7c13a650e7323453c","2026-03-24T15:38:31.110000","2026-03-24T15:38:31.110000","service_eb508f39-ce3d-4391-bb12-d4211c02ede9","false"
"1774366711623","matchmaker_lock","2026-03-24T15:38:29.123Z","69c2aff1ed064033f413e17b","2026-03-24T15:38:25.925000","2026-03-24T15:38:29.644000","service_eb508f39-ce3d-4391-bb12-d4211c02ede9","false"
"1774366710595","matchmaker_lastTickAt","2026-03-24T15:38:30.595Z","69c2afe4954893bdd4111a38","2026-03-24T15:38:12.136000","2026-03-24T15:38:31.348000","service_eb508f39-ce3d-4391-bb12-d4211c02ede9","false"
"1774366704620","matchmaker_lock","2026-03-24T15:38:22.120Z","69c2afe35fbc72dd89965aca","2026-03-24T15:38:11.945000","2026-03-24T15:38:22.597000","service_eb508f39-ce3d-4391-bb12-d4211c02ede9","false"
"1774366690729","matchmaker_lock","2026-03-24T15:38:08.229Z","69c2afa5ba1093d3c1a64120","2026-03-24T15:37:09.043000","2026-03-24T15:38:08.703000","service_eb508f39-ce3d-4391-bb12-d4211c02ede9","false"
"1774366627644","matchmaker_lock","2026-03-24T15:37:05.144Z","69c2afa101ec07d91c10c534","2026-03-24T15:37:05.572000","2026-03-24T15:37:05.572000","service_eb508f39-ce3d-4391-bb12-d4211c02ede9","false"
"1774366624032","matchmaker_lock","2026-03-24T15:37:01.532Z","69c2af9e74147bf9d41e5141","2026-03-24T15:37:02.026000","2026-03-24T15:37:02.026000","service_eb508f39-ce3d-4391-bb12-d4211c02ede9","false"
"1774366688229","matchmaker_lastTickAt","2026-03-24T15:38:08.229Z","69c2af9a954893bdd4111a18","2026-03-24T15:36:58.752000","2026-03-24T15:38:08.892000","service_eb508f39-ce3d-4391-bb12-d4211c02ede9","false"
"1774366620615","matchmaker_lock","2026-03-24T15:36:58.115Z","69c2af9a484823ec4bc7274c","2026-03-24T15:36:58.569000","2026-03-24T15:36:58.569000","service_eb508f39-ce3d-4391-bb12-d4211c02ede9","false"
"1774366619243","matchmaker_lock","2026-03-24T15:36:56.743Z","69c2af99f8647a6b7a02079c","2026-03-24T15:36:57.330000","2026-03-24T15:36:57.330000","service_eb508f39-ce3d-4391-bb12-d4211c02ede9","false"
"1774366616743","matchmaker_lastTickAt","2026-03-24T15:36:56.743Z","69c2af974d042c303a03736f","2026-03-24T15:36:55.029000","2026-03-24T15:36:57.494000","service_eb508f39-ce3d-4391-bb12-d4211c02ede9","false"
"1774366616932","matchmaker_lock","2026-03-24T15:36:54.432Z","69c2af96428f7894cfb23ed3","2026-03-24T15:36:54.878000","2026-03-24T15:36:54.878000","service_eb508f39-ce3d-4391-bb12-d4211c02ede9","false"
"1774366611848","matchmaker_lastTickAt","2026-03-24T15:36:51.848Z","69c2af94e67b75a7820b3015","2026-03-24T15:36:52.554000","2026-03-24T15:36:52.554000","service_eb508f39-ce3d-4391-bb12-d4211c02ede9","false"
"1774366614348","matchmaker_lock","2026-03-24T15:36:51.848Z","69c2af94a0b5e44b02b9f01a","2026-03-24T15:36:52.326000","2026-03-24T15:36:52.326000","service_eb508f39-ce3d-4391-bb12-d4211c02ede9","false"
"1774366611235","matchmaker_lastTickAt","2026-03-24T15:36:51.235Z","69c2af93f39213573d64c5e5","2026-03-24T15:36:51.818000","2026-03-24T15:36:51.818000","service_eb508f39-ce3d-4391-bb12-d4211c02ede9","false"
"1774366613735","matchmaker_lock","2026-03-24T15:36:51.235Z","69c2af93827f21ad2b9d5fbb","2026-03-24T15:36:51.653000","2026-03-24T15:36:51.653000","service_eb508f39-ce3d-4391-bb12-d4211c02ede9","false"
"1774366609733","matchmaker_lastTickAt","2026-03-24T15:36:49.733Z","69c2af92d90d05503cc17dfb","2026-03-24T15:36:50.565000","2026-03-24T15:36:50.565000","service_eb508f39-ce3d-4391-bb12-d4211c02ede9","false"
"1774366612233","matchmaker_lock","2026-03-24T15:36:49.733Z","69c2af922e81a0780ea44343","2026-03-24T15:36:50.398000","2026-03-24T15:36:50.398000","service_eb508f39-ce3d-4391-bb12-d4211c02ede9","false"
"1774366610040","matchmaker_lock","2026-03-24T15:36:47.540Z","69c2af81c14fb646bcdbcdb6","2026-03-24T15:36:33.911000","2026-03-24T15:36:48.015000","service_eb508f39-ce3d-4391-bb12-d4211c02ede9","false"
"1774366592749","matchmaker_lock","2026-03-24T15:36:30.249Z","69c2af7a59212d4ae1f0aaa6","2026-03-24T15:36:26.921000","2026-03-24T15:36:30.770000","service_eb508f39-ce3d-4391-bb12-d4211c02ede9","false"
"1774366607540","matchmaker_lastTickAt","2026-03-24T15:36:47.540Z","69c2af740bf43beca86dcca9","2026-03-24T15:36:20.012000","2026-03-24T15:36:48.869000","service_eb508f39-ce3d-4391-bb12-d4211c02ede9","false"
"1774366585696","matchmaker_lock","2026-03-24T15:36:23.196Z","69c2af734efcc00647c095f9","2026-03-24T15:36:19.854000","2026-03-24T15:36:23.673000","service_eb508f39-ce3d-4391-bb12-d4211c02ede9","false"
"1774366578876","matchmaker_lastTickAt","2026-03-24T15:36:18.876Z","69c2af731214ea16b65bd6ad","2026-03-24T15:36:19.503000","2026-03-24T15:36:19.503000","service_eb508f39-ce3d-4391-bb12-d4211c02ede9","false"
"1774366581376","matchmaker_lock","2026-03-24T15:36:18.876Z","69c2af73bcc0b87053be13b5","2026-03-24T15:36:19.313000","2026-03-24T15:36:19.313000","service_eb508f39-ce3d-4391-bb12-d4211c02ede9","false"
"1774366575072","matchmaker_lock","2026-03-24T15:36:12.572Z","69c2af6dbcc0b87053be13b1","2026-03-24T15:36:13.008000","2026-03-24T15:36:13.008000","service_eb508f39-ce3d-4391-bb12-d4211c02ede9","false"
"1774366572572","matchmaker_lastTickAt","2026-03-24T15:36:12.572Z","69c2af5f8dd7a4975272d4b7","2026-03-24T15:35:59.832000","2026-03-24T15:36:13.196000","service_eb508f39-ce3d-4391-bb12-d4211c02ede9","false"
"1774366571686","matchmaker_lock","2026-03-24T15:36:09.186Z","69c2af5fa08714e6c040e778","2026-03-24T15:35:59.634000","2026-03-24T15:36:09.693000","service_eb508f39-ce3d-4391-bb12-d4211c02ede9","false"
"1774366561025","matchmaker_lock","2026-03-24T15:35:58.525Z","69c2af5e3662eb28ffc69cec","2026-03-24T15:35:58.989000","2026-03-24T15:35:58.989000","service_eb508f39-ce3d-4391-bb12-d4211c02ede9","false"
"1774366557661","matchmaker_lock","2026-03-24T15:35:55.161Z","69c2af581214ea16b65bd669","2026-03-24T15:35:52.794000","2026-03-24T15:35:55.597000","service_eb508f39-ce3d-4391-bb12-d4211c02ede9","false"
"1774366558525","matchmaker_lastTickAt","2026-03-24T15:35:58.525Z","69c2af5861edb7dda468d414","2026-03-24T15:35:52.204000","2026-03-24T15:35:59.199000","service_eb508f39-ce3d-4391-bb12-d4211c02ede9","false"
"1774366553953","matchmaker_lock","2026-03-24T15:35:51.453Z","69c2af57b673a601d5e36ed7","2026-03-24T15:35:51.957000","2026-03-24T15:35:51.957000","service_eb508f39-ce3d-4391-bb12-d4211c02ede9","false"
"1774366550588","matchmaker_lock","2026-03-24T15:35:48.088Z","69c2ab85dc2f20cc78f728ca","2026-03-24T15:19:33.052000","2026-03-24T15:35:48.663000","service_eb508f39-ce3d-4391-bb12-d4211c02ede9","false"
"1774365573281","matchmaker_lock","2026-03-24T15:19:30.781Z","69c2ab8313cd311aed427617","2026-03-24T15:19:31.259000","2026-03-24T15:19:31.259000","service_eb508f39-ce3d-4391-bb12-d4211c02ede9","false"
"1774366548088","matchmaker_lastTickAt","2026-03-24T15:35:48.088Z","69c2ab7e530311a7e7fe2642","2026-03-24T15:19:26.019000","2026-03-24T15:35:48.883000","service_eb508f39-ce3d-4391-bb12-d4211c02ede9","false"
"1774365567884","matchmaker_lock","2026-03-24T15:19:25.384Z","69c2ab7df4b1504975b0a75b","2026-03-24T15:19:25.851000","2026-03-24T15:19:25.851000","service_eb508f39-ce3d-4391-bb12-d4211c02ede9","false"
"1774365563875","matchmaker_lastTickAt","2026-03-24T15:19:23.875Z","69c2ab7c56ccf0b43fa10492","2026-03-24T15:19:24.470000","2026-03-24T15:19:24.470000","service_eb508f39-ce3d-4391-bb12-d4211c02ede9","false"
"1774365566375","matchmaker_lock","2026-03-24T15:19:23.875Z","69c2ab7cb73c0777583fd8b6","2026-03-24T15:19:24.291000","2026-03-24T15:19:24.291000","service_eb508f39-ce3d-4391-bb12-d4211c02ede9","false"
"1774365557382","matchmaker_lastTickAt","2026-03-24T15:19:17.382Z","69c2ab754c0cbe4ef85aaf95","2026-03-24T15:19:17.988000","2026-03-24T15:19:17.988000","service_eb508f39-ce3d-4391-bb12-d4211c02ede9","false"
"1774365559882","matchmaker_lock","2026-03-24T15:19:17.382Z","69c2ab75b33adf829d38f00f","2026-03-24T15:19:17.837000","2026-03-24T15:19:17.837000","service_eb508f39-ce3d-4391-bb12-d4211c02ede9","false"
"1774365556808","matchmaker_lastTickAt","2026-03-24T15:19:16.808Z","69c2ab75646ed2aa648996fd","2026-03-24T15:19:17.402000","2026-03-24T15:19:17.402000","service_eb508f39-ce3d-4391-bb12-d4211c02ede9","false"
"1774365559308","matchmaker_lock","2026-03-24T15:19:16.808Z","69c2ab7586092b501f3e952d","2026-03-24T15:19:17.240000","2026-03-24T15:19:17.240000","service_eb508f39-ce3d-4391-bb12-d4211c02ede9","false"
"1774365551909","matchmaker_lock","2026-03-24T15:19:09.409Z","69c2a4846f58bbaf6ea21718","2026-03-24T14:49:40.261000","2026-03-24T15:19:10.004000","service_eb508f39-ce3d-4391-bb12-d4211c02ede9","false"
"1774363781816","matchmaker_lock","2026-03-24T14:49:39.316Z","69c2a0382d6895f5ecfdff79","2026-03-24T14:31:20.872000","2026-03-24T14:49:39.785000","service_eb508f39-ce3d-4391-bb12-d4211c02ede9","false"
"1774365549409","matchmaker_lastTickAt","2026-03-24T15:19:09.409Z","69c2a038ec2c8e494c344b5e","2026-03-24T14:31:20.523000","2026-03-24T15:19:10.162000","service_eb508f39-ce3d-4391-bb12-d4211c02ede9","false"
"1774362676003","matchmaker_lastTickAt","2026-03-24T14:31:16.003Z","69c2a0348d84009deb9267e4","2026-03-24T14:31:16.562000","2026-03-24T14:31:16.562000","service_eb508f39-ce3d-4391-bb12-d4211c02ede9","false"
"1774362682438","matchmaker_lock","2026-03-24T14:31:19.938Z","69c2a0346c11d4c411ea0b65","2026-03-24T14:31:16.400000","2026-03-24T14:31:20.368000","service_eb508f39-ce3d-4391-bb12-d4211c02ede9","false"
"1774362674940","matchmaker_lastTickAt","2026-03-24T14:31:14.940Z","69c2a033c0aaa2e02a762b8d","2026-03-24T14:31:15.763000","2026-03-24T14:31:15.763000","service_eb508f39-ce3d-4391-bb12-d4211c02ede9","false"
"1774362677440","matchmaker_lock","2026-03-24T14:31:14.940Z","69c2a033cf823f23edd62a9c","2026-03-24T14:31:15.614000","2026-03-24T14:31:15.614000","service_eb508f39-ce3d-4391-bb12-d4211c02ede9","false"
"1774362669056","matchmaker_lastTickAt","2026-03-24T14:31:09.056Z","69c2a02d6e210845a7066c28","2026-03-24T14:31:09.875000","2026-03-24T14:31:09.875000","service_eb508f39-ce3d-4391-bb12-d4211c02ede9","false"
"1774362671556","matchmaker_lock","2026-03-24T14:31:09.056Z","69c2a02de1192dbf6a2ab334","2026-03-24T14:31:09.697000","2026-03-24T14:31:09.697000","service_eb508f39-ce3d-4391-bb12-d4211c02ede9","false"
"1774362667910","matchmaker_lastTickAt","2026-03-24T14:31:07.910Z","69c29f69d5d15ae2272bb157","2026-03-24T14:27:53.259000","2026-03-24T14:31:08.539000","service_eb508f39-ce3d-4391-bb12-d4211c02ede9","false"
"1774362670410","matchmaker_lock","2026-03-24T14:31:07.910Z","69c29f69d98adfac25295430","2026-03-24T14:27:53.113000","2026-03-24T14:31:08.356000","service_eb508f39-ce3d-4391-bb12-d4211c02ede9","false"
"1774362471806","matchmaker_lastTickAt","2026-03-24T14:27:51.806Z","69c29e3332aeedb2bb2a1699","2026-03-24T14:22:43.670000","2026-03-24T14:27:52.564000","service_eb508f39-ce3d-4391-bb12-d4211c02ede9","false"
"1774362474306","matchmaker_lock","2026-03-24T14:27:51.806Z","69c29e33f74a3acb7f0b2d72","2026-03-24T14:22:43.515000","2026-03-24T14:27:52.320000","service_eb508f39-ce3d-4391-bb12-d4211c02ede9","false"
"1774362162019","matchmaker_lastTickAt","2026-03-24T14:22:42.019Z","69c29e2d8937faf9a8e797d3","2026-03-24T14:22:37.162000","2026-03-24T14:22:42.695000","service_eb508f39-ce3d-4391-bb12-d4211c02ede9","false"
"1774362164519","matchmaker_lock","2026-03-24T14:22:42.019Z","69c29e2c15009c6992530a0d","2026-03-24T14:22:36.982000","2026-03-24T14:22:42.491000","service_eb508f39-ce3d-4391-bb12-d4211c02ede9","false"
"1774362155011","matchmaker_lastTickAt","2026-03-24T14:22:35.011Z","69c29e2b5c4af30930507e9d","2026-03-24T14:22:35.636000","2026-03-24T14:22:35.636000","service_eb508f39-ce3d-4391-bb12-d4211c02ede9","false"
"1774362157511","matchmaker_lock","2026-03-24T14:22:35.011Z","69c29e2b0d9658169833a1af","2026-03-24T14:22:35.480000","2026-03-24T14:22:35.480000","service_eb508f39-ce3d-4391-bb12-d4211c02ede9","false"
"1774362147936","matchmaker_lastTickAt","2026-03-24T14:22:27.936Z","699c3ca4acb3024f69de59ba","2026-02-23T11:40:20.005000","2026-03-24T14:22:28.631000","service_eb508f39-ce3d-4391-bb12-d4211c02ede9","false"
"1774362150436","matchmaker_lock","2026-03-24T14:22:27.936Z","699ba99d3f6e313f69407ae1","2026-02-23T01:13:01.567000","2026-03-24T14:22:28.467000","service_eb508f39-ce3d-4391-bb12-d4211c02ede9","false"
"1771843399844","matchmaker_lock_until","","699b87b18aa2074b29ee82fb","2026-02-22T22:48:17.646000","2026-02-23T10:43:17.694000","service_20f63310-1e7c-45d0-b0d5-32d80f7be796","false"